5.014096e+002,3.167935e-001
5.052666e+002,2.610676e-001
5.091236e+002,6.044195e-001
5.129806e+002,1.273018e+000
5.168376e+002,2.132248e+000
5.206946e+002,3.004927e+000
5.245516e+002,3.702912e+000
5.284086e+002,4.052661e+000
5.322656e+002,4.013738e+000
5.361226e+002,3.593800e+000
5.399796e+002,2.879288e+000
5.438365e+002,2.002710e+000
5.476936e+002,1.097840e+000
5.515505e+002,2.637043e-001
5.554076e+002,-4.461966e-001
5.592646e+002,-9.873540e-001
5.631216e+002,-1.373838e+000
5.669786e+002,-1.564894e+000
5.708356e+002,-1.502719e+000
5.746926e+002,-1.145757e+000
5.785496e+002,-5.144039e-001
5.824066e+002,2.773908e-001
5.862635e+002,1.028740e+000
5.901205e+002,1.479250e+000
5.939775e+002,1.487375e+000
5.978345e+002,9.953314e-001
6.016915e+002,1.007703e-001
6.055485e+002,-9.623743e-001
6.094055e+002,-1.898245e+000
6.132625e+002,-2.452584e+000
6.171195e+002,-2.505189e+000
6.209765e+002,-2.115724e+000
6.248335e+002,-1.494378e+000
6.286905e+002,-9.250314e-001
6.325475e+002,-6.574228e-001
6.364045e+002,-8.157347e-001
6.402615e+002,-1.356704e+000
6.441185e+002,-2.090231e+000
6.479755e+002,-2.750538e+000
6.518325e+002,-3.093216e+000
6.556895e+002,-2.938296e+000
6.595465e+002,-2.261140e+000
6.634035e+002,-1.169232e+000
6.672605e+002,1.434739e-001
6.711175e+002,1.456992e+000
6.749745e+002,2.578074e+000
6.788315e+002,3.372455e+000
6.826885e+002,3.788462e+000
6.865455e+002,3.803422e+000
6.904025e+002,3.481060e+000
6.942595e+002,2.934841e+000
6.981165e+002,2.311409e+000
7.019734e+002,1.766663e+000
7.058304e+002,1.434632e+000
7.096874e+002,1.395864e+000
7.135444e+002,1.669000e+000
7.174014e+002,2.178431e+000
7.212584e+002,2.803042e+000
7.251154e+002,3.413618e+000
7.289724e+002,3.914826e+000
7.328294e+002,4.268622e+000
7.366864e+002,4.489858e+000
7.405435e+002,4.618575e+000
7.444004e+002,4.680863e+000
7.482574e+002,4.673460e+000
7.521144e+002,4.562189e+000
7.559714e+002,4.306161e+000
7.598284e+002,3.891914e+000
7.636854e+002,3.357131e+000
7.675424e+002,2.789728e+000
7.713994e+002,2.301266e+000
7.752564e+002,1.982897e+000
7.791134e+002,1.887273e+000
7.829704e+002,1.997928e+000
7.868274e+002,2.249073e+000
7.906844e+002,2.555903e+000
7.945414e+002,2.845180e+000
7.983984e+002,3.071879e+000
8.022554e+002,3.217542e+000
8.061124e+002,3.277673e+000
8.099694e+002,3.248219e+000
8.138264e+002,3.125774e+000
8.176833e+002,2.916954e+000
8.215403e+002,2.649794e+000
8.253973e+002,2.374239e+000
8.292544e+002,2.145092e+000
8.331113e+002,1.992846e+000
8.369684e+002,1.897990e+000
8.408253e+002,1.790361e+000
8.446824e+002,1.573805e+000
8.485393e+002,1.177484e+000
8.523964e+002,6.055866e-001
8.562533e+002,-4.131316e-002
8.601104e+002,-5.908766e-001
8.639673e+002,-8.657117e-001
8.678243e+002,-7.647890e-001
8.716813e+002,-3.284555e-001
8.755383e+002,2.656116e-001
8.793953e+002,7.551972e-001
8.832523e+002,8.932573e-001
8.871093e+002,5.506514e-001
8.909663e+002,-2.218921e-001
8.948233e+002,-1.200055e+000
8.986803e+002,-2.055715e+000
9.025373e+002,-2.488369e+000
9.063943e+002,-2.297333e+000
9.102513e+002,-1.443624e+000
9.141083e+002,-4.266775e-002
9.179653e+002,1.693486e+000
9.218223e+002,3.533657e+000
9.256793e+002,5.289486e+000
9.295363e+002,6.805608e+000
9.333933e+002,8.052292e+000
9.372502e+002,8.970844e+000
9.411073e+002,9.478428e+000
9.449642e+002,9.462818e+000
9.488213e+002,8.811068e+000
9.526782e+002,7.460814e+000
9.565353e+002,5.451102e+000
9.603922e+002,2.999355e+000
9.642493e+002,3.414567e-001
9.681062e+002,-2.193062e+000
9.719633e+002,-4.277804e+000
9.758203e+002,-5.656722e+000
9.796772e+002,-6.193512e+000
9.835342e+002,-5.891955e+000
9.873912e+002,-4.885432e+000
9.912482e+002,-3.470600e+000
9.951052e+002,-1.867504e+000
9.989622e+002,-3.053954e-001
1.002819e+003,1.029311e+000
1.006676e+003,2.020637e+000
1.010533e+003,2.637347e+000
1.014390e+003,2.931345e+000
1.018247e+003,3.019725e+000
1.022104e+003,2.707745e+000
1.025961e+003,2.177971e+000
1.029818e+003,1.476568e+000
1.033675e+003,6.731554e-001
1.037532e+003,-1.617209e-001
1.041389e+003,-9.739193e-001
1.045246e+003,-1.732608e+000
1.049103e+003,-2.426124e+000
1.052960e+003,-1.381891e+000
1.056817e+003,-1.109641e-001
1.060674e+003,1.257418e+000
1.064531e+003,2.583196e+000
1.068388e+003,3.734063e+000
1.072245e+003,4.600636e+000
1.076102e+003,5.108821e+000
1.079959e+003,5.229786e+000
1.083816e+003,5.021286e+000
1.087673e+003,4.416391e+000
1.091530e+003,3.565418e+000
1.095387e+003,2.638064e+000
1.099244e+003,1.775494e+000
1.103101e+003,1.047534e+000
1.106958e+003,4.326187e-001
1.110815e+003,-1.675106e-001
1.114672e+003,-9.036839e-001
1.118529e+003,-1.836186e+000
1.122386e+003,-2.946981e+000
1.126243e+003,-4.091413e+000
1.130100e+003,-5.027763e+000
1.133957e+003,-5.493805e+000
1.137814e+003,-5.302859e+000
1.141671e+003,-4.421319e+000
1.145528e+003,-2.963802e+000
1.149385e+003,-1.244735e+000
1.153242e+003,3.855034e-001
1.157099e+003,1.632806e+000
1.160956e+003,2.345072e+000
1.164813e+003,2.542371e+000
1.168670e+003,2.384149e+000
1.172527e+003,2.091541e+000
1.176384e+003,1.864968e+000
1.180241e+003,1.801279e+000
1.184098e+003,1.894197e+000
1.187955e+003,2.052458e+000
1.191812e+003,2.153962e+000
1.195669e+003,2.101303e+000
1.199526e+003,1.857209e+000
1.203383e+003,1.451443e+000
1.207240e+003,9.633653e-001
1.211097e+003,4.993742e-001
1.214954e+003,1.663957e-001
1.218811e+003,5.678804e-002
1.222668e+003,2.404124e-001
1.226525e+003,7.589304e-001
1.230382e+003,1.618860e+000
1.234239e+003,2.784901e+000
1.238096e+003,4.182693e+000
1.241953e+003,5.697543e+000
1.245810e+003,7.205349e+000
1.249667e+003,8.594916e+000
1.253524e+003,9.786716e+000
1.257381e+003,1.073701e+001
1.261238e+003,1.142697e+001
1.265095e+003,1.184563e+001
1.268952e+003,1.197866e+001
1.272809e+003,1.182122e+001
1.276666e+003,1.140238e+001
1.280523e+003,1.081776e+001
1.284380e+003,1.024634e+001
1.288237e+003,9.933278e+000
1.292094e+003,1.013405e+001
1.295951e+003,1.103391e+001
1.299808e+003,1.267424e+001
1.303665e+003,1.491011e+001
1.307522e+003,1.743435e+001
1.311379e+003,1.985762e+001
1.315236e+003,2.182144e+001
1.319093e+003,2.310311e+001
1.322950e+003,2.367314e+001
1.326807e+003,2.368389e+001
1.330664e+003,2.339628e+001
1.334521e+003,2.307178e+001
1.338378e+003,2.287977e+001
1.342235e+003,2.284906e+001
1.346092e+003,2.288332e+001
1.349949e+003,2.282825e+001
1.353806e+003,2.255829e+001
1.357663e+003,2.204461e+001
1.361520e+003,2.137655e+001
1.365377e+003,2.072915e+001
1.369234e+003,2.029531e+001
1.373091e+003,2.021090e+001
1.376948e+003,2.050583e+001
1.380805e+003,2.109885e+001
1.384662e+003,2.183473e+001
1.388519e+003,2.254495e+001
1.392376e+003,2.310496e+001
1.396233e+003,2.346544e+001
1.400090e+003,2.364917e+001
1.403947e+003,2.371978e+001
1.407804e+003,2.374104e+001
1.411661e+003,2.374633e+001
1.415518e+003,2.373016e+001
1.419375e+003,2.366174e+001
1.423232e+003,2.350939e+001
1.427089e+003,2.326160e+001
1.430946e+003,2.293327e+001
1.434803e+003,2.255682e+001
1.438660e+003,2.216573e+001
1.442517e+003,2.178243e+001
1.446374e+003,2.141877e+001
1.450231e+003,2.108871e+001
1.454088e+003,2.082346e+001
1.457945e+003,2.067611e+001
1.461802e+003,2.070669e+001
1.465659e+003,2.094974e+001
1.469516e+003,2.137815e+001
1.473373e+003,2.188327e+001
1.477230e+003,2.228782e+001
1.481087e+003,2.239480e+001
1.484944e+003,2.205865e+001
1.488801e+003,2.125228e+001
1.492658e+003,2.010052e+001
1.496515e+003,1.886201e+001
1.500372e+003,1.786139e+001
1.504229e+003,1.739371e+001
1.508086e+003,1.763490e+001
1.511943e+003,1.859034e+001
1.515800e+003,2.009884e+001
1.519657e+003,2.188422e+001
1.523514e+003,2.363769e+001
1.527371e+003,2.509550e+001
1.531228e+003,2.608878e+001
1.535085e+003,2.655557e+001
1.538942e+003,2.652160e+001
1.542799e+003,2.606727e+001
1.546656e+003,2.529813e+001
1.550513e+003,2.433177e+001
1.554370e+003,2.329422e+001
1.558227e+003,2.232033e+001
1.562084e+003,2.154601e+001
1.565941e+003,2.108830e+001
1.569798e+003,2.101787e+001
1.573655e+003,2.133519e+001
1.577512e+003,2.196126e+001
1.581369e+003,2.275061e+001
1.585226e+003,2.351834e+001
1.589083e+003,2.407759e+001
1.592940e+003,2.427313e+001
1.596797e+003,2.400470e+001
1.600654e+003,2.323918e+001
1.604511e+003,2.201455e+001
1.608368e+003,2.043606e+001
1.612225e+003,1.867600e+001
1.616082e+003,1.694952e+001
1.619939e+003,1.548462e+001
1.623796e+003,1.447678e+001
1.627653e+003,1.403957e+001
1.631510e+003,1.416701e+001
1.635367e+003,1.472441e+001
1.639224e+003,1.547639e+001
1.643081e+003,1.614420e+001
1.646938e+003,1.648044e+001
1.650795e+003,1.633116e+001
1.654652e+003,1.566612e+001
1.658509e+003,1.456960e+001
1.662366e+003,1.320012e+001
1.666223e+003,1.173871e+001
1.670080e+003,1.034546e+001
1.673937e+003,9.145602e+000
1.677794e+003,8.225369e+000
1.681651e+003,7.644921e+000
1.685508e+003,7.444094e+000
1.689365e+003,7.634600e+000
1.693222e+003,8.182446e+000
1.697079e+003,8.994028e+000
1.700936e+003,9.923196e+000
1.704793e+003,1.079360e+001
1.708650e+003,1.145390e+001
1.712507e+003,1.182327e+001
1.716364e+003,1.191613e+001
1.720221e+003,1.183044e+001
1.724078e+003,1.170247e+001
1.727935e+003,1.164627e+001
1.731792e+003,1.170406e+001
1.735649e+003,1.182773e+001
1.739506e+003,1.190155e+001
1.743363e+003,1.179093e+001
1.747220e+003,1.139661e+001
1.751077e+003,1.069046e+001
1.754934e+003,9.719915e+000
1.758791e+003,8.584031e+000
1.762648e+003,7.394023e+000
1.766505e+003,6.251277e+000
1.770362e+003,5.227985e+000
1.774219e+003,4.376825e+000
1.778076e+003,3.745750e+000
1.781933e+003,3.385179e+000
1.785790e+003,3.338259e+000
1.789647e+003,3.616338e+000
1.793504e+003,4.172692e+000
1.797361e+003,4.891779e+000
1.801218e+003,5.603813e+000
1.805075e+003,6.126250e+000
1.808932e+003,6.316418e+000
1.812789e+003,6.114772e+000
1.816646e+003,5.560546e+000
1.820503e+003,4.772791e+000
1.824360e+003,3.904365e+000
1.828217e+003,3.087709e+000
1.832073e+003,2.394153e+000
1.835931e+003,1.821803e+000
1.839788e+003,1.314832e+000
1.843645e+003,8.039836e-001
1.847501e+003,2.502874e-001
1.851359e+003,-3.261656e-001
1.855216e+003,-8.445410e-001
1.859073e+003,-1.183512e+000
1.862929e+003,-1.223533e+000
1.866787e+003,-8.868229e-001
1.870644e+003,-1.655242e-001
1.874500e+003,8.714471e-001
1.878357e+003,2.093426e+000
1.882215e+003,3.338483e+000
1.886072e+003,4.444592e+000
1.889928e+003,5.294867e+000
1.893786e+003,5.821064e+000
1.897643e+003,6.014395e+000
1.901500e+003,5.920675e+000
1.905356e+003,5.629117e+000
1.909214e+003,5.258295e+000
1.913071e+003,4.940347e+000
1.916927e+003,4.800965e+000
1.920784e+003,4.940866e+000
1.924642e+003,5.408204e+000
1.928499e+003,6.178720e+000
1.932355e+003,7.146870e+000
1.936212e+003,8.137644e+000
1.940070e+003,8.942307e+000
1.943927e+003,9.372005e+000
1.947783e+003,9.316774e+000
1.951640e+003,8.777657e+000
1.955498e+003,7.872697e+000
1.959354e+003,6.800132e+000
1.963211e+003,5.771699e+000
1.967068e+003,4.939692e+000
1.970926e+003,4.346299e+000
1.974782e+003,3.916627e+000
1.978639e+003,3.503157e+000
1.982497e+003,2.948525e+000
1.986354e+003,2.171360e+000
1.990210e+003,1.207623e+000
1.994067e+003,2.065772e-001
1.997925e+003,-6.214522e-001
2.001781e+003,-1.084061e+000
2.005638e+003,-1.079974e+000
2.009495e+003,-6.377189e-001
2.013353e+003,9.666471e-002
2.017209e+003,9.134264e-001
2.021066e+003,1.610064e+000
2.024923e+003,2.053427e+000
2.028781e+003,2.210610e+000
2.032637e+003,2.142131e+000
2.036494e+003,1.966347e+000
2.040351e+003,1.813234e+000
2.044208e+003,1.784223e+000
2.048065e+003,1.931729e+000
2.051922e+003,2.255496e+000
2.055779e+003,2.711452e+000
2.059636e+003,3.226254e+000
2.063493e+003,3.714005e+000
2.067350e+003,4.095007e+000
2.071207e+003,4.314723e+000
2.075064e+003,4.370974e+000
2.078921e+003,4.318127e+000
2.082778e+003,4.264077e+000
2.086635e+003,4.342212e+000
2.090492e+003,4.665173e+000
2.094349e+003,5.275236e+000
2.098206e+003,6.111726e+000
2.102063e+003,7.008661e+000
2.105920e+003,7.750440e+000
2.109777e+003,8.121640e+000
2.113634e+003,7.980240e+000
2.117491e+003,7.301825e+000
2.121348e+003,6.182576e+000
2.125205e+003,4.801159e+000
2.129062e+003,3.356829e+000
2.132919e+003,2.020541e+000
2.136776e+003,8.658167e-001
2.140633e+003,-8.830681e-002
2.144490e+003,-8.592526e-001
2.148347e+003,-1.462310e+000
2.152204e+003,-1.885365e+000
2.156061e+003,-2.089481e+000
2.159918e+003,-2.033366e+000
2.163775e+003,-1.723619e+000
2.167632e+003,-1.191630e+000
2.171489e+003,-5.330009e-001
2.175346e+003,1.276776e-001
2.179203e+003,6.761190e-001
2.183060e+003,1.045355e+000
2.186917e+003,1.235291e+000
2.190774e+003,1.307900e+000
2.194631e+003,1.359459e+000
2.198488e+003,1.494189e+000
2.202345e+003,1.779773e+000
2.206202e+003,2.233506e+000
2.210059e+003,2.816605e+000
2.213916e+003,3.440791e+000
2.217773e+003,3.983888e+000
2.221630e+003,4.312157e+000
2.225487e+003,4.308496e+000
2.229344e+003,3.903161e+000
2.233201e+003,3.102887e+000
2.237058e+003,2.006841e+000
2.240915e+003,7.993017e-001
2.244772e+003,-2.868234e-001
2.248629e+003,-1.030801e+000
2.252486e+003,-1.292331e+000
2.256343e+003,-1.065873e+000
2.260200e+003,-4.777780e-001
2.264057e+003,2.277952e-001
2.267914e+003,7.821462e-001
2.271771e+003,9.882320e-001
2.275628e+003,7.942966e-001
2.279485e+003,3.147009e-001
2.283342e+003,-2.125972e-001
2.287199e+003,-5.208475e-001
2.291056e+003,-3.998921e-001
2.294913e+003,1.958978e-001
2.298770e+003,1.135055e+000
2.302627e+003,2.156561e+000
2.306484e+003,2.966074e+000
2.310341e+003,3.342867e+000
2.314198e+003,3.216952e+000
2.318055e+003,2.684479e+000
2.321912e+003,1.985239e+000
2.325769e+003,1.409706e+000
2.329626e+003,1.203417e+000
2.333483e+003,1.494088e+000
2.337340e+003,2.262274e+000
2.341197e+003,3.358448e+000
2.345054e+003,4.553833e+000
2.348911e+003,5.617405e+000
2.352768e+003,6.326804e+000
2.356625e+003,6.555460e+000
2.360482e+003,6.271627e+000
2.364339e+003,5.529412e+000
2.368196e+003,4.444306e+000
2.372053e+003,3.161653e+000
2.375910e+003,1.826161e+000
2.379767e+003,5.507995e-001
2.383624e+003,-5.685761e-001
2.387481e+003,-1.475370e+000
2.391338e+003,-2.134315e+000
2.395195e+003,-2.518691e+000
2.399052e+003,-2.604054e+000
2.402909e+003,-2.373447e+000
2.406766e+003,-1.832600e+000
2.410623e+003,-1.026729e+000
2.414480e+003,-4.768625e-002
2.418337e+003,9.754738e-001
2.422194e+003,1.908082e+000
2.426051e+003,2.650049e+000
2.429908e+003,3.169201e+000
2.433765e+003,3.511742e+000
2.437622e+003,3.782363e+000
2.441479e+003,4.099907e+000
2.445336e+003,4.545118e+000
2.449193e+003,5.123718e+000
2.453050e+003,5.759649e+000
2.456907e+003,6.322316e+000
2.460764e+003,6.676227e+000
2.464621e+003,6.732131e+000
2.468478e+003,6.478723e+000
2.472335e+003,5.984173e+000
2.476192e+003,5.365142e+000
2.480049e+003,4.744764e+000
2.483906e+003,4.212700e+000
2.487763e+003,3.804467e+000
2.491620e+003,3.505408e+000
2.495477e+003,3.274020e+000
2.499334e+003,3.072260e+000
2.503191e+003,2.890957e+000
2.507048e+003,2.753041e+000
2.510905e+003,2.710988e+000
2.514762e+003,2.824252e+000
2.518619e+003,3.134834e+000
2.522476e+003,3.647446e+000
2.526333e+003,4.320562e+000
2.530190e+003,5.071327e+000
2.534047e+003,5.791508e+000
2.537904e+003,6.380774e+000
2.541761e+003,6.769509e+000
2.545618e+003,6.941677e+000
2.549475e+003,6.940474e+000
2.553332e+003,6.854124e+000
2.557189e+003,6.784481e+000
2.561046e+003,6.808621e+000
2.564903e+003,6.946752e+000
2.568760e+003,7.158113e+000
2.572617e+003,7.354882e+000
2.576474e+003,7.443823e+000
2.580331e+003,7.371655e+000
2.584188e+003,7.155152e+000
2.588045e+003,6.880694e+000
2.591902e+003,6.671156e+000
2.595759e+003,6.632837e+000
2.599616e+003,6.807631e+000
2.603473e+003,7.150107e+000
2.607330e+003,7.544524e+000
2.611187e+003,7.854155e+000
2.615044e+003,7.981799e+000
2.618901e+003,7.913767e+000
2.622758e+003,7.726373e+000
2.626615e+003,7.550893e+000
2.630472e+003,7.512114e+000
2.634329e+003,7.667988e+000
2.638186e+003,7.978101e+000
2.642043e+003,8.315619e+000
2.645900e+003,8.517817e+000
2.649757e+003,8.452953e+000
2.653614e+003,8.074152e+000
2.657471e+003,7.436491e+000
2.661328e+003,6.673271e+000
2.665185e+003,5.938590e+000
2.669042e+003,5.345378e+000
2.672899e+003,4.924376e+000
2.676756e+003,4.620890e+000
2.680613e+003,4.329029e+000
2.684470e+003,3.947071e+000
2.688327e+003,3.427166e+000
2.692184e+003,2.806879e+000
2.696041e+003,2.193813e+000
2.699898e+003,1.724143e+000
2.703755e+003,1.505749e+000
2.707612e+003,1.570570e+000
2.711469e+003,1.855300e+000
2.715326e+003,2.218083e+000
2.719183e+003,2.481249e+000
2.723040e+003,2.498566e+000
2.726897e+003,2.199035e+000
2.730754e+003,1.612462e+000
2.734611e+003,8.581834e-001
2.738468e+003,1.048356e-001
2.742325e+003,-4.829983e-001
2.746182e+003,-7.917905e-001
2.750039e+003,-7.911186e-001
2.753896e+003,-5.065596e-001
2.757753e+003,-2.569193e-002
2.761610e+003,5.466089e-001
2.765467e+003,1.114768e+000
2.769324e+003,1.602893e+000
2.773181e+003,1.949814e+000
2.777038e+003,2.098667e+000
2.780895e+003,1.981467e+000
2.784752e+003,1.566138e+000
2.788609e+003,8.570408e-001
2.792466e+003,-6.850791e-002
2.796323e+003,-1.049232e+000
2.800180e+003,-1.860246e+000
2.804037e+003,-2.265423e+000
2.807894e+003,-2.086993e+000
2.811751e+003,-1.235514e+000
2.815608e+003,1.840451e-001
2.819465e+003,1.931416e+000
2.823322e+003,3.686567e+000
2.827179e+003,5.131998e+000
2.831036e+003,6.026928e+000
2.834893e+003,6.250478e+000
2.838750e+003,5.806305e+000
2.842607e+003,4.786202e+000
2.846464e+003,3.351589e+000
2.850321e+003,1.712198e+000
2.854178e+003,8.778846e-002
2.858035e+003,-1.308371e+000
2.861892e+003,-2.288275e+000
2.865749e+003,-2.716066e+000
2.869606e+003,-2.538829e+000
2.873463e+003,-1.789840e+000
2.877320e+003,-6.325510e-001
2.881177e+003,7.041848e-001
2.885034e+003,1.978305e+000
2.888891e+003,2.994255e+000
2.892748e+003,3.641991e+000
2.896605e+003,3.902566e+000
2.900462e+003,3.824097e+000
2.904319e+003,3.485054e+000
2.908176e+003,2.972755e+000
2.912033e+003,2.363950e+000
2.915890e+003,1.741071e+000
2.919747e+003,1.202292e+000
2.923604e+003,8.552507e-001
2.927461e+003,7.883475e-001
2.931318e+003,1.029795e+000
2.935175e+003,1.499378e+000
2.939032e+003,2.059359e+000
2.942889e+003,2.515991e+000
2.946746e+003,2.690973e+000
2.950603e+003,2.486011e+000
2.954460e+003,1.920102e+000
2.958317e+003,1.122170e+000
2.962174e+003,2.812751e-001
2.966031e+003,-4.242764e-001
2.969888e+003,-8.974051e-001
2.973745e+003,-1.135059e+000
2.977602e+003,-1.219878e+000
2.981459e+003,-1.278111e+000
2.985316e+003,-1.425807e+000
2.989173e+003,-1.724346e+000
2.993030e+003,-2.159724e+000
2.996887e+003,-2.638886e+000
3.000744e+003,-3.051907e+000
3.004601e+003,-3.280312e+000
3.008458e+003,-3.234386e+000
3.012315e+003,-2.877486e+000
3.016172e+003,-2.238417e+000
3.020029e+003,-1.409746e+000
3.023886e+003,-5.312725e-001
3.027743e+003,2.202256e-001
3.031600e+003,7.461700e-001
3.035457e+003,9.703712e-001
3.039314e+003,8.863668e-001
3.043171e+003,5.599848e-001
3.047028e+003,1.105049e-001
3.050885e+003,-3.248067e-001
3.054742e+003,-6.309866e-001
3.058599e+003,-7.668162e-001
3.062456e+003,-7.368865e-001
3.066313e+003,-5.821075e-001
3.070170e+003,-3.588148e-001
3.074027e+003,-1.118878e-001
3.077884e+003,1.419325e-001
3.081741e+003,4.133714e-001
3.085598e+003,7.235871e-001
3.089455e+003,1.085070e+000
3.093312e+003,1.464085e+000
3.097169e+003,1.797270e+000
3.101026e+003,2.002712e+000
3.104883e+003,2.011992e+000
3.108740e+003,1.803467e+000
3.112597e+003,1.421887e+000
3.116454e+003,9.742378e-001
3.120311e+003,5.647279e-001
3.124168e+003,3.812714e-001
3.128025e+003,5.069279e-001
3.131882e+003,9.246879e-001
3.135739e+003,1.517305e+000
3.139596e+003,2.099512e+000
3.143453e+003,2.470723e+000
3.147310e+003,2.470409e+000
3.151167e+003,1.980809e+000
3.155024e+003,1.038832e+000
3.158881e+003,-2.254363e-001
3.162738e+003,-1.607175e+000
3.166594e+003,-2.869637e+000
3.170452e+003,-3.789549e+000
3.174309e+003,-4.197854e+000
3.178166e+003,-4.010762e+000
3.182023e+003,-3.229474e+000
3.185880e+003,-1.979227e+000
3.189737e+003,-4.704778e-001
3.193594e+003,1.047090e+000
3.197451e+003,2.341371e+000
3.201308e+003,3.252298e+000
3.205165e+003,3.727443e+000
3.209021e+003,3.826520e+000
3.212879e+003,3.690496e+000
3.216736e+003,3.492165e+000
3.220593e+003,3.375813e+000
3.224449e+003,3.408613e+000
3.228307e+003,3.563364e+000
3.232164e+003,3.734621e+000
3.236021e+003,3.780425e+000
3.239877e+003,3.573960e+000
3.243735e+003,3.045987e+000
3.247592e+003,2.214455e+000
3.251448e+003,1.179409e+000
3.255305e+003,1.007015e-001
3.259163e+003,-8.401303e-001
3.263020e+003,-1.482475e+000
3.266876e+003,-1.724049e+000
3.270734e+003,-1.545325e+000
3.274591e+003,-1.016117e+000
3.278448e+003,-2.813007e-001
3.282304e+003,4.701958e-001
3.286162e+003,1.048108e+000
3.290019e+003,1.305063e+000
3.293875e+003,1.171257e+000
3.297732e+003,6.705491e-001
3.301590e+003,-8.609524e-002
3.305447e+003,-9.271476e-001
3.309303e+003,-1.661801e+000
3.313160e+003,-2.120697e+000
3.317018e+003,-2.191118e+000
3.320875e+003,-1.838880e+000
3.324731e+003,-1.114429e+000
3.328588e+003,-1.433793e-001
3.332446e+003,8.965890e-001
3.336302e+003,1.807194e+000
3.340159e+003,2.418258e+000
3.344016e+003,2.615433e+000
3.347874e+003,2.371713e+000
3.351730e+003,1.756949e+000
3.355587e+003,9.233710e-001
3.359444e+003,6.854297e-002
3.363302e+003,-6.148503e-001
3.367158e+003,-9.854310e-001
3.371015e+003,-9.936467e-001
3.374873e+003,-6.731535e-001
3.378729e+003,-1.232037e-001
3.382586e+003,5.300803e-001
3.386443e+003,1.174102e+000
3.390301e+003,1.737666e+000
3.394157e+003,2.198569e+000
3.398014e+003,2.568857e+000
3.401871e+003,2.882323e+000
3.405729e+003,3.160774e+000
3.409585e+003,3.403452e+000
3.413442e+003,3.584130e+000
3.417299e+003,3.658379e+000
3.421156e+003,3.577172e+000
3.425013e+003,3.302948e+000
3.428870e+003,2.826905e+000
3.432727e+003,2.176794e+000
3.436584e+003,1.425822e+000
3.440441e+003,6.882414e-001
3.444298e+003,1.012827e-001
3.448155e+003,-2.065228e-001
3.452012e+003,-1.538668e-001
3.455869e+003,2.607754e-001
3.459726e+003,9.411771e-001
3.463583e+003,1.729706e+000
3.467440e+003,2.437610e+000
3.471297e+003,2.908650e+000
3.475154e+003,3.069410e+000
3.479011e+003,2.948630e+000
3.482868e+003,2.655135e+000
3.486725e+003,2.321656e+000
3.490582e+003,2.038698e+000
3.494439e+003,1.805681e+000
3.498296e+003,1.527943e+000
3.502153e+003,1.060050e+000
3.506010e+003,2.804331e-001
3.509867e+003,-8.351817e-001
3.513724e+003,-2.175386e+000
3.517581e+003,-3.509801e+000
3.521438e+003,-4.562971e+000
3.525295e+003,-5.090314e+000
3.529152e+003,-4.983109e+000
3.533009e+003,-4.300758e+000
3.536866e+003,-3.249894e+000
3.540723e+003,-2.112790e+000
3.544580e+003,-1.154036e+000
3.548437e+003,-5.411000e-001
3.552294e+003,-3.042995e-001
3.556151e+003,-3.544705e-001
3.560008e+003,-5.275914e-001
3.563865e+003,-6.534825e-001
3.567722e+003,-6.107427e-001
3.571579e+003,-3.529839e-001
3.575436e+003,9.611873e-002
3.579293e+003,6.687243e-001
3.583150e+003,1.292691e+000
3.587007e+003,1.887006e+000
3.590864e+003,2.397019e+000
3.594721e+003,2.784779e+000
3.598578e+003,3.024142e+000
3.602435e+003,3.099545e+000
3.606292e+003,3.010381e+000
3.610149e+003,2.777510e+000
3.614006e+003,2.447507e+000
3.617863e+003,2.079380e+000
3.621720e+003,1.738644e+000
3.625577e+003,1.475395e+000
3.629434e+003,1.311930e+000
3.633291e+003,1.242949e+000
3.637148e+003,1.249643e+000
3.641005e+003,1.321832e+000
3.644862e+003,1.478290e+000
3.648719e+003,1.769485e+000
3.652576e+003,2.264037e+000
3.656433e+003,3.014784e+000
3.660290e+003,4.020009e+000
3.664147e+003,5.196591e+000
3.668004e+003,6.380527e+000
3.671861e+003,7.360849e+000
3.675718e+003,7.937340e+000
3.679575e+003,7.988635e+000
3.683432e+003,7.519310e+000
3.687289e+003,6.663859e+000
3.691146e+003,5.644196e+000
3.695003e+003,4.692865e+000
3.698860e+003,3.970580e+000
3.702717e+003,3.511344e+000
3.706574e+003,3.216725e+000
3.710431e+003,2.912311e+000
3.714288e+003,2.425601e+000
3.718145e+003,1.670356e+000
3.722002e+003,6.903592e-001
3.725859e+003,-3.550303e-001
3.729716e+003,-1.257444e+000
3.733573e+003,-1.848391e+000
3.737430e+003,-2.068013e+000
3.741287e+003,-1.993618e+000
3.745144e+003,-1.791212e+000
3.749001e+003,-1.640640e+000
3.752858e+003,-1.653306e+000
3.756715e+003,-1.824286e+000
3.760572e+003,-2.039996e+000
3.764429e+003,-2.135988e+000
3.768286e+003,-1.979686e+000
3.772143e+003,-1.526947e+000
3.776000e+003,-8.401673e-001
3.779857e+003,-5.779219e-002
3.783714e+003,6.678474e-001
3.787571e+003,1.231997e+000
3.791428e+003,1.609241e+000
3.795285e+003,1.843235e+000
3.799142e+003,1.987555e+000
3.802999e+003,2.104359e+000
3.806856e+003,2.186422e+000
3.810713e+003,2.179096e+000
3.814570e+003,2.015593e+000
3.818427e+003,1.663706e+000
3.822284e+003,1.159709e+000
3.826141e+003,6.118182e-001
3.829998e+003,1.138140e-001
3.833855e+003,-1.611043e-001
3.837712e+003,-1.291794e-001
3.841569e+003,2.143661e-001
3.845426e+003,7.924857e-001
3.849283e+003,1.466881e+000
3.853140e+003,2.072570e+000
3.856997e+003,2.455002e+000
3.860854e+003,2.375206e+000
3.864711e+003,1.978698e+000
3.868568e+003,1.286130e+000
3.872425e+003,3.753343e-001
3.876282e+003,-6.248633e-001
3.880139e+003,-1.550922e+000
3.883996e+003,-2.232389e+000
3.887853e+003,-2.528586e+000
3.891710e+003,-2.377493e+000
3.895567e+003,-1.805232e+000
3.899424e+003,-9.136583e-001
3.903281e+003,1.335379e-001
3.907138e+003,1.147385e+000
3.910995e+003,1.960142e+000
3.914852e+003,2.468338e+000
3.918709e+003,2.658795e+000
3.922566e+003,2.596933e+000
3.926423e+003,2.443061e+000
3.930280e+003,2.372319e+000
3.934137e+003,2.527743e+000
3.937994e+003,2.979743e+000
3.941851e+003,3.710055e+000
3.945708e+003,4.622880e+000
3.949565e+003,5.576693e+000
3.953422e+003,6.463262e+000
3.957279e+003,7.086157e+000
3.961136e+003,7.366107e+000
3.964993e+003,7.290001e+000
3.968850e+003,6.896945e+000
3.972707e+003,6.255832e+000
3.976564e+003,5.444147e+000
3.980421e+003,4.533963e+000
3.984278e+003,3.546258e+000
3.988135e+003,2.580630e+000
3.991992e+003,1.685168e+000
3.995849e+003,8.990571e-001
3.999706e+003,2.540379e-001
4.003563e+003,-2.249347e-001
4.007420e+003,-5.205532e-001
4.011277e+003,-6.269782e-001
4.015134e+003,-5.443345e-001
4.018991e+003,-3.235053e-001
4.022848e+003,-4.535913e-002
4.026705e+003,1.786174e-001
4.030562e+003,2.278772e-001
4.034419e+003,9.279504e-003
4.038276e+003,-5.016652e-001
4.042133e+003,-1.231400e+000
4.045990e+003,-2.005380e+000
4.049847e+003,-2.586890e+000
4.053704e+003,-2.740442e+000
4.057561e+003,-2.311731e+000
4.061418e+003,-1.287621e+000
4.065275e+003,1.861262e-001
4.069132e+003,1.838983e+000
4.072989e+003,3.351372e+000
4.076846e+003,4.446273e+000
4.080703e+003,4.957462e+000
4.084560e+003,4.866870e+000
4.088417e+003,4.284009e+000
4.092274e+003,3.391034e+000
4.096131e+003,2.377141e+000
4.099988e+003,1.389119e+000
4.103845e+003,5.141188e-001
4.107702e+003,-2.045400e-001
4.111559e+003,-7.416589e-001
4.115416e+003,-1.059006e+000
4.119273e+003,-1.101471e+000
4.123130e+003,-8.154432e-001
4.126987e+003,-1.813028e-001
4.130844e+003,7.573759e-001
4.134701e+003,1.884140e+000
4.138558e+003,3.026442e+000
4.142415e+003,3.997663e+000
4.146271e+003,4.643559e+000
4.150129e+003,4.883933e+000
4.153986e+003,4.733974e+000
4.157843e+003,4.300309e+000
4.161700e+003,3.754125e+000
4.165557e+003,3.289029e+000
4.169414e+003,3.074476e+000
4.173271e+003,3.206895e+000
4.177128e+003,3.686374e+000
4.180985e+003,4.403288e+000
4.184842e+003,5.152833e+000
4.188699e+003,5.676275e+000
4.192556e+003,5.723407e+000
4.196413e+003,5.122666e+000
4.200270e+003,3.843853e+000
4.204126e+003,2.011803e+000
4.207984e+003,-1.046963e-001
4.211841e+003,-2.157321e+000
4.215698e+003,-3.807973e+000
4.219555e+003,-4.817960e+000
4.223412e+003,-5.107321e+000
4.227269e+003,-4.764591e+000
4.231125e+003,-4.005170e+000
4.234982e+003,-3.093333e+000
4.238840e+003,-2.258537e+000
4.242697e+003,-1.635058e+000
4.246554e+003,-1.243375e+000
4.250411e+003,-1.015181e+000
4.254268e+003,-8.468378e-001
4.258125e+003,-6.566266e-001
4.261981e+003,-4.175446e-001
4.265839e+003,-1.769599e-001
4.269696e+003,-1.773548e-002
4.273553e+003,-1.985168e-002
4.277410e+003,-2.204542e-001
4.281267e+003,-5.925828e-001
4.285124e+003,-1.049270e+000
4.288980e+003,-1.468887e+000
4.292837e+003,-1.722160e+000
4.296695e+003,-1.726082e+000
4.300552e+003,-1.438505e+000
4.304409e+003,-8.671465e-001
4.308266e+003,-5.745220e-002
4.312123e+003,9.244701e-001
4.315979e+003,2.005961e+000
4.319836e+003,3.114446e+000
4.323693e+003,4.179327e+000
4.327551e+003,5.110949e+000
4.331408e+003,5.823837e+000
4.335265e+003,6.233523e+000
4.339122e+003,6.271758e+000
4.342979e+003,5.907267e+000
4.346835e+003,5.164851e+000
4.350692e+003,4.134134e+000
4.354550e+003,2.920003e+000
4.358407e+003,1.743972e+000
4.362264e+003,7.760755e-001
4.366121e+003,1.280416e-001
4.369978e+003,-1.769421e-001
4.373834e+003,-2.073628e-001
4.377691e+003,-9.583014e-002
4.381548e+003,1.082408e-002
4.385406e+003,-1.848906e-003
4.389263e+003,-1.539478e-001
4.393120e+003,-3.941566e-001
4.396977e+003,-6.204171e-001
4.400833e+003,-7.357302e-001
4.404690e+003,-7.010837e-001
4.408547e+003,-5.599848e-001
4.412404e+003,-4.212146e-001
4.416262e+003,-4.030640e-001
4.420119e+003,-5.804327e-001
4.423976e+003,-9.179259e-001
4.427833e+003,-1.272434e+000
4.431689e+003,-1.442440e+000
4.435546e+003,-1.250746e+000
4.439403e+003,-6.256157e-001
4.443260e+003,3.556433e-001
4.447118e+003,1.488209e+000
4.450975e+003,2.476444e+000
4.454832e+003,3.063956e+000
4.458688e+003,3.112384e+000
4.462545e+003,2.642224e+000
4.466402e+003,1.814427e+000
4.470259e+003,8.649458e-001
4.474117e+003,2.232742e-002
4.477974e+003,-5.622233e-001
4.481831e+003,-8.264496e-001
4.485688e+003,-8.017861e-001
4.489544e+003,-5.657978e-001
4.493401e+003,-1.978450e-001
4.497258e+003,2.479947e-001
4.501115e+003,7.445211e-001
4.504973e+003,1.273306e+000
4.508830e+003,1.793123e+000
4.512687e+003,2.253231e+000
4.516543e+003,2.573349e+000
4.520400e+003,2.672363e+000
4.524257e+003,2.496790e+000
4.528114e+003,2.044575e+000
4.531971e+003,1.374922e+000
4.535829e+003,6.006314e-001
4.539686e+003,-1.364629e-001
4.543542e+003,-6.976374e-001
4.547399e+003,-9.762678e-001
4.551256e+003,-9.225650e-001
4.555113e+003,-5.579803e-001
4.558970e+003,2.498972e-002
4.562828e+003,6.792977e-001
4.566685e+003,1.234921e+000
4.570542e+003,1.530016e+000
4.574398e+003,1.491394e+000
4.578255e+003,1.117791e+000
4.582112e+003,5.034720e-001
4.585969e+003,-1.809965e-001
4.589826e+003,-7.332608e-001
4.593684e+003,-9.779555e-001
4.597541e+003,-8.220394e-001
4.601397e+003,-2.890496e-001
4.605254e+003,4.864393e-001
4.609111e+003,1.295611e+000
4.612968e+003,1.920527e+000
4.616826e+003,2.202811e+000
4.620683e+003,2.092540e+000
4.624540e+003,1.659863e+000
4.628396e+003,1.065484e+000
4.632253e+003,1.191668e-001
4.636110e+003,-2.630408e-001
4.639967e+003,9.794160e-003
4.643824e+003,4.787024e-001
4.647682e+003,5.913126e-001
4.651539e+003,1.410317e-001
4.655396e+003,-6.450467e-001
4.659252e+003,-1.334529e+000
4.663109e+003,-1.599710e+000
4.666966e+003,-1.826907e+000
4.670823e+003,-2.001674e+000
4.674681e+003,-2.067789e+000
4.678538e+003,-1.934882e+000
4.682395e+003,-1.515190e+000
4.686251e+003,-7.742261e-001
4.690108e+003,2.292892e-001
4.693965e+003,1.304343e+000
4.697822e+003,2.267489e+000
4.701679e+003,2.907074e+000
4.705537e+003,3.083498e+000
4.709394e+003,2.778464e+000
4.713250e+003,2.102549e+000
4.717107e+003,1.257475e+000
4.720964e+003,4.676993e-001
4.724821e+003,-9.010901e-002
4.728678e+003,-3.447435e-001
4.732535e+003,-3.314068e-001
4.736393e+003,-1.660255e-001
4.740250e+003,6.078768e-003
4.744106e+003,6.422340e-002
4.747963e+003,-4.951961e-002
4.751820e+003,-3.177179e-001
4.755677e+003,-6.584586e-001
4.759534e+003,-9.577470e-001
4.763392e+003,-1.094539e+000
4.767249e+003,-9.693395e-001
4.771105e+003,-5.244867e-001
4.774962e+003,2.428610e-001
4.778819e+003,1.275438e+000
4.782676e+003,2.460164e+000
4.786533e+003,3.631824e+000
4.790390e+003,4.646953e+000
4.794248e+003,5.371913e+000
4.798104e+003,5.730968e+000
4.801961e+003,5.726179e+000
4.805818e+003,5.434909e+000
4.809675e+003,4.983706e+000
4.813532e+003,4.506830e+000
4.817389e+003,4.119393e+000
4.821246e+003,3.844144e+000
4.825104e+003,3.658436e+000
4.828960e+003,3.500823e+000
4.832817e+003,3.303350e+000
4.836674e+003,3.020757e+000
4.840531e+003,2.644830e+000
4.844388e+003,2.200348e+000
4.848245e+003,1.735897e+000
4.852103e+003,1.277689e+000
4.855959e+003,8.522263e-001
4.859816e+003,4.774683e-001
4.863673e+003,1.731383e-001
4.867530e+003,-3.086016e-002
4.871387e+003,-9.679204e-002
4.875244e+003,4.974723e-003
4.879101e+003,2.557747e-001
4.882958e+003,6.200719e-001
4.886815e+003,9.997971e-001
4.890672e+003,1.264089e+000
4.894529e+003,1.285066e+000
4.898386e+003,9.794840e-001
4.902243e+003,3.406284e-001
4.906100e+003,-5.522848e-001
4.909957e+003,-1.530021e+000
4.913814e+003,-2.439775e+000
4.917671e+003,-3.124790e+000
4.921528e+003,-3.473668e+000
4.925385e+003,-3.436625e+000
4.929242e+003,-3.023347e+000
4.933099e+003,-2.288329e+000
4.936956e+003,-1.313195e+000
4.940813e+003,-1.928976e-001
4.944670e+003,9.666264e-001
4.948527e+003,2.053141e+000
4.952384e+003,2.952457e+000
4.956241e+003,3.562177e+000
4.960098e+003,3.813929e+000
4.963955e+003,3.697163e+000
4.967812e+003,3.273409e+000
4.971669e+003,2.646355e+000
4.975526e+003,2.010694e+000
4.979383e+003,1.536027e+000
4.983240e+003,1.332884e+000
4.987097e+003,1.417826e+000
4.990954e+003,1.708801e+000
4.994811e+003,2.053682e+000
4.998668e+003,2.282189e+000
5.002525e+003,2.259294e+000
5.006382e+003,1.931577e+000
5.010239e+003,1.341859e+000
5.014096e+003,6.081980e-001
5.017953e+003,-1.216095e-001
5.021810e+003,-7.205937e-001
5.025667e+003,-1.119667e+000
5.029524e+003,-1.319795e+000
5.033381e+003,-1.366137e+000
5.037238e+003,-1.352492e+000
5.041095e+003,-1.355029e+000
5.044952e+003,-1.408774e+000
5.048809e+003,-1.493034e+000
5.052666e+003,-1.534401e+000
5.056523e+003,-1.424790e+000
5.060380e+003,-1.049861e+000
5.064237e+003,-3.089941e-001
5.068094e+003,8.149030e-001
5.071951e+003,2.260885e+000
5.075808e+003,3.873041e+000
5.079665e+003,5.418067e+000
5.083522e+003,6.629566e+000
5.087379e+003,7.271732e+000
5.091236e+003,7.205608e+000
5.095093e+003,6.414346e+000
5.098950e+003,5.067133e+000
5.102807e+003,3.443892e+000
5.106664e+003,1.862947e+000
5.110521e+003,5.895066e-001
5.114378e+003,-2.358395e-001
5.118235e+003,-6.221964e-001
5.122092e+003,-6.984315e-001
5.125949e+003,-6.435120e-001
5.129806e+003,-5.918989e-001
5.133663e+003,-5.975791e-001
5.137520e+003,-6.093685e-001
5.141377e+003,-5.132445e-001
5.145234e+003,-2.058534e-001
5.149091e+003,3.364035e-001
5.152948e+003,1.025756e+000
5.156805e+003,1.714821e+000
5.160662e+003,2.145927e+000
5.164519e+003,2.165945e+000
5.168376e+003,1.754800e+000
5.172233e+003,1.038430e+000
5.176090e+003,2.423027e-001
5.179947e+003,-3.939068e-001
5.183804e+003,-7.042362e-001
5.187661e+003,-6.621338e-001
5.191518e+003,-3.360006e-001
5.195375e+003,6.380238e-002
5.199232e+003,3.141450e-001
5.203089e+003,2.645127e-001
5.206946e+003,-1.144419e-001
5.210803e+003,-7.313005e-001
5.214660e+003,-1.414868e+000
5.218517e+003,-1.980226e+000
5.222374e+003,-2.255664e+000
5.226231e+003,-2.172161e+000
5.230088e+003,-1.767975e+000
5.233945e+003,-1.179008e+000
5.237802e+003,-6.040817e-001
5.241659e+003,-2.510295e-001
5.245516e+003,-2.740612e-001
5.249373e+003,-7.101094e-001
5.253230e+003,-1.449862e+000
5.257087e+003,-2.315535e+000
5.260944e+003,-3.073414e+000
5.264801e+003,-3.505217e+000
5.268658e+003,-3.482681e+000
5.272515e+003,-3.017698e+000
5.276372e+003,-2.266429e+000
5.280229e+003,-1.499654e+000
5.284086e+003,-9.412550e-001
5.287943e+003,-7.707206e-001
5.291800e+003,-1.046080e+000
5.295657e+003,-1.687307e+000
5.299514e+003,-2.503668e+000
5.303371e+003,-3.252859e+000
5.307228e+003,-3.709351e+000
5.311085e+003,-3.730851e+000
5.314942e+003,-3.266545e+000
5.318799e+003,-2.346585e+000
5.322656e+003,-1.062845e+000
5.326513e+003,4.593176e-001
5.330370e+003,2.081808e+000
5.334227e+003,3.663295e+000
5.338084e+003,5.062214e+000
5.341941e+003,6.137073e+000
5.345798e+003,6.781733e+000
5.349655e+003,6.926836e+000
5.353512e+003,6.573431e+000
5.357369e+003,5.806568e+000
5.361226e+003,4.785913e+000
5.365083e+003,3.710961e+000
5.368940e+003,2.769731e+000
5.372797e+003,2.087263e+000
5.376654e+003,1.699748e+000
5.380511e+003,1.552235e+000
5.384368e+003,1.534220e+000
5.388225e+003,1.531698e+000
5.392082e+003,1.475635e+000
5.395939e+003,1.367052e+000
5.399796e+003,1.269243e+000
5.403653e+003,1.269895e+000
5.407510e+003,1.440775e+000
5.411367e+003,1.793115e+000
5.415224e+003,2.268017e+000
5.419081e+003,2.754139e+000
5.422938e+003,3.125791e+000
5.426795e+003,3.284262e+000
5.430652e+003,3.185659e+000
5.434509e+003,2.843718e+000
5.438366e+003,2.323701e+000
5.442223e+003,1.710557e+000
5.446080e+003,1.089882e+000
5.449937e+003,5.369446e-001
5.453794e+003,1.151462e-001
5.457651e+003,-1.235121e-001
5.461508e+003,-1.441190e-001
5.465365e+003,5.923036e-002
5.469222e+003,4.398626e-001
5.473079e+003,8.958910e-001
5.476936e+003,1.283089e+000
5.480793e+003,1.452805e+000
5.484650e+003,1.304310e+000
5.488507e+003,8.317418e-001
5.492364e+003,1.439606e-001
5.496221e+003,-5.561483e-001
5.500078e+003,-1.027715e+000
5.503935e+003,-1.069944e+000
5.507792e+003,-5.891469e-001
5.511649e+003,3.693374e-001
5.515506e+003,1.635685e+000
5.519363e+003,2.969306e+000
5.523220e+003,4.129561e+000
5.527077e+003,4.937519e+000
5.530934e+003,5.303551e+000
5.534791e+003,5.230758e+000
5.538648e+003,4.786310e+000
5.542505e+003,4.068515e+000
5.546362e+003,3.183276e+000
5.550219e+003,2.235666e+000
5.554076e+003,1.330970e+000
5.557933e+003,5.721220e-001
5.561790e+003,5.154115e-002
5.565647e+003,-1.784573e-001
5.569504e+003,-1.288612e-001
5.573361e+003,1.163976e-001
5.577218e+003,4.177795e-001
5.581075e+003,6.239810e-001
5.584932e+003,6.276745e-001
5.588789e+003,4.097957e-001
5.592646e+003,5.212875e-002
5.596503e+003,-2.915941e-001
5.600360e+003,-4.555918e-001
5.604217e+003,-3.293103e-001
5.608074e+003,9.616670e-002
5.611931e+003,7.222629e-001
5.615788e+003,1.379884e+000
5.619645e+003,1.891979e+000
5.623501e+003,2.140927e+000
5.627359e+003,2.099669e+000
5.631216e+003,1.829749e+000
5.635073e+003,1.442939e+000
5.638930e+003,1.047146e+000
5.642787e+003,7.014992e-001
5.646644e+003,3.996399e-001
5.650500e+003,8.844584e-002
5.654358e+003,-2.967081e-001
5.658215e+003,-7.860147e-001
5.662072e+003,-1.353825e+000
5.665929e+003,-1.920174e+000
5.669786e+003,-2.377174e+000
5.673643e+003,-2.628740e+000
5.677500e+003,-2.627023e+000
5.681356e+003,-2.674552e+000
5.685214e+003,-2.498219e+000
5.689071e+003,-2.125350e+000
5.692928e+003,-1.609125e+000
5.696785e+003,-1.014751e+000
5.700642e+003,-4.053178e-001
5.704499e+003,1.692016e-001
5.708355e+003,6.776404e-001
5.712212e+003,8.526167e-001
5.716070e+003,9.368730e-001
5.719927e+003,9.443181e-001
5.723784e+003,8.883350e-001
5.727641e+003,7.699604e-001
5.731498e+003,5.761498e-001
5.735354e+003,2.891380e-001
5.739211e+003,-9.752488e-002
5.743069e+003,-7.160941e-001
5.746926e+003,-1.330983e+000
5.750783e+003,-1.828393e+000
5.754640e+003,-2.104959e+000
5.758497e+003,-2.107298e+000
5.762354e+003,-1.854857e+000
5.766210e+003,-1.432698e+000
5.770067e+003,-9.546924e-001
5.773925e+003,-3.928562e-001
5.777782e+003,1.207946e-001
5.781639e+003,6.249664e-001
5.785496e+003,1.200804e+000
5.789353e+003,1.888707e+000
5.793209e+003,2.621664e+000
5.797066e+003,3.220661e+000
5.800923e+003,3.464666e+000
5.804781e+003,3.154510e+000
5.808638e+003,2.299957e+000
5.812495e+003,1.151717e+000
5.816352e+003,8.212936e-002
5.820208e+003,-5.868704e-001
5.824065e+003,-7.378600e-001
5.827922e+003,-5.081110e-001
5.831779e+003,-2.057727e-001
5.835637e+003,-1.338637e-002
5.839494e+003,-1.382819e-001
5.843351e+003,-5.299864e-001
5.847208e+003,-1.005671e+000
5.851064e+003,-1.339263e+000
5.854921e+003,-1.367277e+000
5.858778e+003,-1.062674e+000
5.862636e+003,-5.449526e-001
5.866493e+003,-1.584045e-002
5.870350e+003,3.208526e-001
5.874207e+003,3.481086e-001
5.878063e+003,5.918661e-002
5.881920e+003,-4.464816e-001
5.885777e+003,-1.003242e+000
5.889634e+003,-1.435041e+000
5.893492e+003,-1.604885e+000
5.897349e+003,-1.455606e+000
5.901206e+003,-9.913829e-001
5.905063e+003,-2.667350e-001
5.908919e+003,6.272097e-001
5.912776e+003,1.578132e+000
5.916633e+003,2.465106e+000
5.920490e+003,3.171963e+000
5.924348e+003,3.605218e+000
5.928205e+003,3.715599e+000
5.932062e+003,3.525829e+000
5.935918e+003,3.116695e+000
5.939775e+003,2.621874e+000
5.943632e+003,2.192706e+000
5.947489e+003,1.950868e+000
5.951347e+003,1.945723e+000
5.955204e+003,2.134382e+000
5.959061e+003,2.395078e+000
5.962917e+003,2.574666e+000
5.966774e+003,2.551328e+000
5.970631e+003,2.286498e+000
5.974488e+003,1.848838e+000
5.978345e+003,1.396322e+000
5.982203e+003,1.120438e+000
5.986060e+003,1.172166e+000
5.989917e+003,1.587481e+000
5.993773e+003,2.288872e+000
5.997630e+003,3.081975e+000
6.001487e+003,3.720610e+000
6.005344e+003,3.985865e+000
6.009201e+003,3.756259e+000
6.013059e+003,3.044110e+000
6.016916e+003,1.986665e+000
6.020772e+003,8.142998e-001
6.024629e+003,-2.670519e-001
6.028486e+003,-1.092011e+000
6.032343e+003,-1.580393e+000
6.036200e+003,-1.738632e+000
6.040058e+003,-1.634987e+000
6.043915e+003,-1.363888e+000
6.047771e+003,-1.015890e+000
6.051628e+003,-6.672925e-001
6.055485e+003,-3.720946e-001
6.059342e+003,-1.742427e-001
6.063199e+003,-1.126367e-001
6.067056e+003,-2.147088e-001
6.070914e+003,-4.809018e-001
6.074771e+003,-8.690178e-001
6.078627e+003,-1.290092e+000
6.082484e+003,-1.634115e+000
6.086341e+003,-1.775771e+000
6.090198e+003,-1.638125e+000
6.094055e+003,-1.215983e+000
6.097912e+003,-5.850360e-001
6.101770e+003,1.167702e-001
6.105626e+003,7.304099e-001
6.109483e+003,1.124875e+000
6.113340e+003,1.231009e+000
6.117197e+003,1.077263e+000
6.121054e+003,7.487773e-001
6.124911e+003,3.642586e-001
6.128768e+003,3.496378e-002
6.132625e+003,-1.682306e-001
6.136482e+003,-2.288747e-001
6.140339e+003,-1.776586e-001
6.144196e+003,-7.009348e-002
6.148053e+003,4.339989e-002
6.151910e+003,1.359195e-001
6.155767e+003,2.128460e-001
6.159625e+003,3.064452e-001
6.163481e+003,4.611863e-001
6.167338e+003,7.164316e-001
6.171195e+003,1.092492e+000
6.175052e+003,1.585570e+000
6.178909e+003,2.162071e+000
6.182766e+003,2.769382e+000
6.186623e+003,3.342524e+000
6.190480e+003,3.813744e+000
6.194337e+003,4.122396e+000
6.198194e+003,4.224506e+000
6.202051e+003,4.101037e+000
6.205908e+003,3.772780e+000
6.209765e+003,3.273147e+000
6.213622e+003,2.668938e+000
6.217479e+003,2.041406e+000
6.221336e+003,1.471100e+000
6.225193e+003,1.021824e+000
6.229050e+003,7.276282e-001
6.232907e+003,5.862013e-001
6.236764e+003,5.612057e-001
6.240621e+003,5.852365e-001
6.244478e+003,5.890830e-001
6.248335e+003,5.112251e-001
6.252192e+003,3.123133e-001
6.256049e+003,-1.613903e-002
6.259906e+003,-4.508702e-001
6.263763e+003,-9.436177e-001
6.267620e+003,-1.446049e+000
6.271477e+003,-1.887411e+000
6.275334e+003,-2.217953e+000
6.279191e+003,-2.402972e+000
6.283048e+003,-2.422303e+000
6.286905e+003,-2.266869e+000
6.290762e+003,-1.936104e+000
6.294619e+003,-1.439642e+000
6.298476e+003,-8.247734e-001
6.302333e+003,-1.153178e-001
6.306190e+003,6.086327e-001
6.310047e+003,1.237645e+000
6.313904e+003,1.647755e+000
6.317761e+003,1.726934e+000
6.321618e+003,1.406849e+000
6.325475e+003,6.895479e-001
6.329332e+003,-3.212608e-001
6.333189e+003,-1.494537e+000
6.337046e+003,-2.648584e+000
6.340903e+003,-3.609775e+000
6.344760e+003,-4.255308e+000
6.348617e+003,-4.540889e+000
6.352474e+003,-4.504157e+000
6.356331e+003,-4.243171e+000
6.360188e+003,-3.866458e+000
6.364045e+003,-3.485199e+000
6.367902e+003,-3.156288e+000
6.371759e+003,-2.880012e+000
6.375616e+003,-2.614591e+000
6.379473e+003,-2.304391e+000
6.383330e+003,-1.908195e+000
6.387187e+003,-1.415198e+000
6.391044e+003,-7.975552e-001
6.394901e+003,-1.236498e-001
6.398758e+003,5.843232e-001
6.402615e+003,1.325870e+000
6.406472e+003,2.118788e+000
6.410329e+003,2.979731e+000
6.414186e+003,3.898510e+000
6.418043e+003,4.820203e+000
6.421900e+003,5.681651e+000
6.425757e+003,6.311613e+000
6.429614e+003,6.604864e+000
6.433471e+003,6.515903e+000
6.437328e+003,6.079098e+000
6.441185e+003,5.400040e+000
6.445042e+003,4.620870e+000
6.448899e+003,3.873885e+000
6.452756e+003,3.231521e+000
6.456613e+003,2.729024e+000
6.460470e+003,2.341141e+000
6.464327e+003,2.029017e+000
6.468184e+003,1.779025e+000
6.472041e+003,1.624314e+000
6.475898e+003,1.637297e+000
6.479755e+003,1.895075e+000
6.483612e+003,2.439934e+000
6.487469e+003,3.223123e+000
6.491326e+003,4.107525e+000
6.495183e+003,4.890683e+000
6.499040e+003,5.358301e+000
6.502897e+003,5.346861e+000
6.506754e+003,4.793213e+000
6.510611e+003,3.754502e+000
6.514468e+003,2.389768e+000
6.518325e+003,9.277015e-001
6.522182e+003,-3.963085e-001
6.526039e+003,-1.390156e+000
6.529896e+003,-1.939412e+000
6.533753e+003,-2.020086e+000
6.537610e+003,-1.691954e+000
6.541467e+003,-1.078444e+000
6.545324e+003,-3.385420e-001
6.549181e+003,3.607824e-001
6.553038e+003,8.769192e-001
6.556895e+003,1.117837e+000
6.560752e+003,1.061059e+000
6.564609e+003,7.593058e-001
6.568466e+003,3.285185e-001
6.572323e+003,-8.182347e-002
6.576180e+003,-3.295828e-001
6.580037e+003,-3.223707e-001
6.583894e+003,-4.365638e-002
6.587751e+003,4.430916e-001
6.591608e+003,1.016668e+000
6.595465e+003,1.539094e+000
6.599322e+003,1.900701e+000
6.603179e+003,2.053055e+000
6.607036e+003,2.019195e+000
6.610893e+003,1.873944e+000
6.614750e+003,1.711948e+000
6.618607e+003,1.609707e+000
6.622464e+003,1.600304e+000
6.626321e+003,1.669615e+000
6.630178e+003,1.774042e+000
6.634035e+003,1.870771e+000
6.637892e+003,1.946254e+000
6.641749e+003,2.031046e+000
6.645606e+003,2.193746e+000
6.649463e+003,2.515840e+000
6.653320e+003,3.057573e+000
6.657177e+003,3.827268e+000
6.661034e+003,4.765218e+000
6.664891e+003,5.747600e+000
6.668748e+003,6.606765e+000
6.672605e+003,7.175062e+000
6.676462e+003,7.308895e+000
6.680319e+003,6.921264e+000
6.684176e+003,5.998807e+000
6.688033e+003,4.605532e+000
6.691890e+003,2.874494e+000
6.695747e+003,9.899330e-001
6.699604e+003,-8.317990e-001
6.703461e+003,-2.390144e+000
6.707318e+003,-3.510288e+000
6.711175e+003,-4.075523e+000
6.715032e+003,-4.045506e+000
6.718889e+003,-3.461888e+000
6.722746e+003,-2.439006e+000
6.726603e+003,-1.141175e+000
6.730460e+003,2.483170e-001
6.734317e+003,1.555533e+000
6.738174e+003,2.639218e+000
6.742031e+003,3.399606e+000
6.745888e+003,3.776158e+000
6.749745e+003,3.739780e+000
6.753602e+003,3.287287e+000
6.757459e+003,2.443757e+000
6.761316e+003,1.266357e+000
6.765173e+003,-1.261828e-001
6.769030e+003,-1.562429e+000
6.772887e+003,-2.830670e+000
6.776744e+003,-3.714232e+000
6.780601e+003,-4.040940e+000
6.784458e+003,-3.731914e+000
6.788315e+003,-2.831930e+000
6.792172e+003,-1.494196e+000
6.796029e+003,1.748484e-002
6.799886e+003,1.421050e+000
6.803743e+003,2.482570e+000
6.807600e+003,3.070620e+000
6.811457e+003,3.176848e+000
6.815314e+003,2.898507e+000
6.819171e+003,2.392573e+000
6.823028e+003,1.806615e+000
6.826885e+003,1.271955e+000
6.830742e+003,8.483647e-001
6.834599e+003,5.352068e-001
6.838456e+003,2.941916e-001
6.842313e+003,7.691753e-002
6.846170e+003,-1.545654e-001
6.850027e+003,-4.189660e-001
6.853884e+003,-7.422572e-001
6.857741e+003,-1.082217e+000
6.861598e+003,-1.403143e+000
6.865455e+003,-1.651232e+000
6.869312e+003,-1.757080e+000
6.873169e+003,-1.648106e+000
6.877026e+003,-1.272361e+000
6.880883e+003,-6.270719e-001
6.884740e+003,2.249337e-001
6.888597e+003,1.150660e+000
6.892454e+003,1.971798e+000
6.896311e+003,2.523563e+000
6.900167e+003,2.710114e+000
6.904025e+003,2.538845e+000
6.907882e+003,2.117170e+000
6.911739e+003,1.611256e+000
6.915596e+003,1.185597e+000
6.919453e+003,9.417278e-001
6.923310e+003,8.919303e-001
6.927167e+003,9.724016e-001
6.931024e+003,1.089592e+000
6.934881e+003,1.174625e+000
6.938738e+003,1.218306e+000
6.942595e+003,1.269981e+000
6.946452e+003,1.401611e+000
6.950309e+003,1.660830e+000
6.954166e+003,2.031014e+000
6.958022e+003,2.427921e+000
6.961880e+003,2.730399e+000
6.965737e+003,2.831790e+000
6.969594e+003,2.687003e+000
6.973451e+003,2.332684e+000
6.977308e+003,1.883267e+000
6.981165e+003,1.444453e+000
6.985021e+003,1.110189e+000
6.988878e+003,9.191012e-001
6.992736e+003,8.503165e-001
6.996593e+003,8.447994e-001
7.000450e+003,8.388720e-001
7.004307e+003,7.924207e-001
7.008164e+003,6.678827e-001
7.012021e+003,5.186140e-001
7.015877e+003,3.684450e-001
7.019735e+003,2.235706e-001
7.023592e+003,6.522761e-002
7.027449e+003,-1.434069e-001
7.031306e+003,-4.403297e-001
7.035163e+003,-8.466248e-001
7.039020e+003,-1.335698e+000
7.042876e+003,-1.889094e+000
7.046733e+003,-2.469832e+000
7.050591e+003,-3.037179e+000
7.054448e+003,-3.555409e+000
7.058305e+003,-3.997951e+000
7.062162e+003,-4.347131e+000
7.066019e+003,-4.591965e+000
7.069875e+003,-4.726487e+000
7.073732e+003,-4.751346e+000
7.077589e+003,-4.674682e+000
7.081447e+003,-4.511598e+000
7.085304e+003,-4.279159e+000
7.089161e+003,-3.987204e+000
7.093018e+003,-3.628524e+000
7.096875e+003,-3.174004e+000
7.100731e+003,-2.544483e+000
7.104588e+003,-1.709531e+000
7.108445e+003,-6.468377e-001
7.112303e+003,6.094465e-001
7.116160e+003,1.957685e+000
7.120017e+003,3.241335e+000
7.123874e+003,4.284392e+000
7.127730e+003,4.939292e+000
7.131587e+003,5.118917e+000
7.135444e+003,4.828707e+000
7.139302e+003,4.193049e+000
7.143159e+003,3.397108e+000
7.147016e+003,2.630680e+000
7.150873e+003,2.036210e+000
7.154729e+003,1.679242e+000
7.158586e+003,1.549269e+000
7.162443e+003,1.589262e+000
7.166300e+003,1.730469e+000
7.170158e+003,1.915545e+000
7.174015e+003,2.117097e+000
7.177872e+003,2.328525e+000
7.181729e+003,2.542155e+000
7.185585e+003,2.729236e+000
7.189442e+003,2.834547e+000
7.193299e+003,2.793389e+000
7.197156e+003,2.548460e+000
7.201014e+003,2.092996e+000
7.204871e+003,1.482805e+000
7.208728e+003,8.298781e-001
7.212584e+003,2.728350e-001
7.216441e+003,-6.641456e-002
7.220298e+003,-1.244074e-001
7.224155e+003,7.917245e-002
7.228013e+003,4.441078e-001
7.231870e+003,8.193328e-001
7.235727e+003,1.051135e+000
7.239583e+003,1.034041e+000
7.243440e+003,7.472166e-001
7.247297e+003,2.635418e-001
7.251154e+003,-2.726273e-001
7.255011e+003,-6.893237e-001
7.258869e+003,-8.544235e-001
7.262726e+003,-7.081919e-001
7.266583e+003,-2.862868e-001
7.270439e+003,2.944779e-001
7.274296e+003,8.788862e-001
7.278153e+003,1.329053e+000
7.282010e+003,1.572355e+000
7.285867e+003,1.621948e+000
7.289725e+003,1.569523e+000
7.293582e+003,1.540014e+000
7.297438e+003,1.642539e+000
7.301295e+003,1.927835e+000
7.305152e+003,2.370366e+000
7.309009e+003,2.880479e+000
7.312866e+003,3.339387e+000
7.316724e+003,3.636087e+000
7.320581e+003,3.715417e+000
7.324438e+003,3.568895e+000
7.328294e+003,3.229127e+000
7.332151e+003,2.746549e+000
7.336008e+003,2.168067e+000
7.339865e+003,1.528142e+000
7.343722e+003,8.545950e-001
7.347580e+003,1.832794e-001
7.351437e+003,-4.336700e-001
7.355293e+003,-9.278724e-001
7.359150e+003,-1.232327e+000
7.363007e+003,-1.306946e+000
7.366864e+003,-1.159953e+000
7.370721e+003,-8.531883e-001
7.374578e+003,-4.861896e-001
7.378436e+003,-1.637790e-001
7.382292e+003,3.964671e-002
7.386149e+003,1.032131e-001
7.390006e+003,6.137648e-002
7.393863e+003,-1.705536e-002
7.397720e+003,-6.298479e-002
7.401577e+003,-3.902739e-002
7.405434e+003,4.431736e-002
7.409292e+003,1.334212e-001
7.413148e+003,1.600451e-001
7.417005e+003,6.913927e-002
7.420862e+003,-1.542594e-001
7.424719e+003,-4.761289e-001
7.428576e+003,-8.233377e-001
7.432433e+003,-1.106725e+000
7.436291e+003,-1.247437e+000
7.440147e+003,-1.194777e+000
7.444004e+003,-9.393512e-001
7.447861e+003,-5.088640e-001
7.451718e+003,4.243061e-002
7.455575e+003,6.469011e-001
7.459432e+003,1.236401e+000
7.463289e+003,1.754056e+000
7.467146e+003,2.165144e+000
7.471003e+003,2.469022e+000
7.474860e+003,2.693805e+000
7.478717e+003,2.904089e+000
7.482574e+003,3.179908e+000
7.486431e+003,3.590323e+000
7.490288e+003,4.164362e+000
7.494145e+003,4.870392e+000
7.498002e+003,5.614203e+000
7.501859e+003,6.260566e+000
7.505716e+003,6.668857e+000
7.509573e+003,6.744659e+000
7.513430e+003,6.471686e+000
7.517287e+003,5.919920e+000
7.521144e+003,5.223651e+000
7.525001e+003,4.537146e+000
7.528858e+003,3.984736e+000
7.532715e+003,3.623596e+000
7.536572e+003,3.439348e+000
7.540429e+003,3.356797e+000
7.544286e+003,3.282584e+000
7.548143e+003,3.146444e+000
7.552000e+003,2.927407e+000
7.555857e+003,2.655481e+000
7.559714e+003,2.390620e+000
7.563571e+003,2.192770e+000
7.567428e+003,2.086969e+000
7.571285e+003,2.058276e+000
7.575142e+003,2.058483e+000
7.578999e+003,2.029464e+000
7.582856e+003,1.928920e+000
7.586713e+003,1.746375e+000
7.590570e+003,1.502864e+000
7.594427e+003,1.234301e+000
7.598284e+003,9.753268e-001
7.602141e+003,7.397867e-001
7.605998e+003,5.180702e-001
7.609855e+003,2.870238e-001
7.613712e+003,2.722616e-002
7.617569e+003,-2.618386e-001
7.621426e+003,-5.567691e-001
7.625283e+003,-8.178477e-001
7.629140e+003,-1.005965e+000
7.632997e+003,-1.099141e+000
7.636854e+003,-1.101665e+000
7.640711e+003,-1.040899e+000
7.644568e+003,-9.538449e-001
7.648425e+003,-8.704430e-001
7.652282e+003,-8.019928e-001
7.656139e+003,-7.418774e-001
7.659996e+003,-6.707869e-001
7.663853e+003,-5.738548e-001
7.667710e+003,-4.510534e-001
7.671567e+003,-3.188002e-001
7.675424e+003,-2.011232e-001
7.679281e+003,-1.150510e-001
7.683138e+003,-5.835655e-002
7.686995e+003,-1.334134e-002
7.690852e+003,6.293982e-002
7.694709e+003,1.990881e-001
7.698566e+003,3.980930e-001
7.702423e+003,6.280966e-001
7.706280e+003,8.284628e-001
7.710137e+003,9.305363e-001
7.713994e+003,8.856521e-001
7.717851e+003,6.954406e-001
7.721708e+003,4.050109e-001
7.725565e+003,1.005433e-001
7.729422e+003,-1.160407e-001
7.733279e+003,-1.601273e-001
7.737136e+003,6.463174e-003
7.740993e+003,3.605386e-001
7.744850e+003,8.220761e-001
7.748707e+003,1.270874e+000
7.752564e+003,1.606635e+000
7.756421e+003,1.751466e+000
7.760278e+003,1.675690e+000
7.764135e+003,1.404606e+000
7.767992e+003,1.010110e+000
7.771849e+003,5.899363e-001
7.775706e+003,2.404793e-001
7.779563e+003,1.239307e-002
7.783420e+003,-9.074426e-002
7.787277e+003,-8.803433e-002
7.791134e+003,-2.982235e-002
7.794991e+003,1.754880e-002
7.798848e+003,-7.815123e-003
7.802705e+003,-1.428642e-001
7.806562e+003,-3.846794e-001
7.810419e+003,-7.192650e-001
7.814276e+003,-1.031016e+000
7.818133e+003,-1.224111e+000
7.821990e+003,-1.209645e+000
7.825847e+003,-9.286976e-001
7.829704e+003,-3.697574e-001
7.833561e+003,4.243773e-001
7.837418e+003,1.362429e+000
7.841275e+003,2.401122e+000
7.845132e+003,3.292043e+000
7.848989e+003,3.909890e+000
7.852846e+003,4.182666e+000
7.856703e+003,4.103625e+000
7.860560e+003,3.726843e+000
7.864417e+003,3.149179e+000
7.868274e+003,2.484952e+000
7.872131e+003,1.782902e+000
7.875988e+003,1.194253e+000
7.879845e+003,7.715213e-001
7.883702e+003,5.228562e-001
7.887559e+003,4.218502e-001
7.891416e+003,4.218950e-001
7.895273e+003,4.704393e-001
7.899130e+003,5.203363e-001
7.902987e+003,5.231149e-001
7.906844e+003,4.694389e-001
7.910701e+003,3.600672e-001
7.914558e+003,2.150767e-001
7.918415e+003,6.838006e-002
7.922272e+003,-4.131997e-002
7.926129e+003,-8.182627e-002
7.929986e+003,-3.814059e-002
7.933843e+003,5.638665e-002
7.937700e+003,1.964705e-001
7.941557e+003,3.374608e-001
7.945414e+003,4.399614e-001
7.949271e+003,4.891428e-001
7.953128e+003,5.071797e-001
7.956985e+003,5.522096e-001
7.960842e+003,7.015655e-001
7.964699e+003,1.036957e+000
7.968556e+003,1.599045e+000
7.972413e+003,2.338005e+000
7.976270e+003,3.128320e+000
7.980127e+003,3.798280e+000
7.983984e+003,4.181109e+000
7.987841e+003,4.169818e+000
7.991698e+003,3.754421e+000
7.995555e+003,2.989472e+000
7.999412e+003,2.057607e+000
8.003269e+003,1.149613e+000
8.007126e+003,4.016943e-001
8.010983e+003,-1.409202e-001
8.014840e+003,-5.135803e-001
8.018697e+003,-7.824140e-001
8.022554e+003,-9.830894e-001
8.026411e+003,-1.086601e+000
8.030268e+003,-1.006363e+000
8.034125e+003,-6.466049e-001
8.037982e+003,2.396399e-002
8.041839e+003,9.201857e-001
8.045696e+003,1.837837e+000
8.049553e+003,2.508643e+000
8.053410e+003,2.693047e+000
8.057267e+003,2.304809e+000
8.061124e+003,1.395774e+000
8.064981e+003,1.373826e-001
8.068838e+003,-1.220487e+000
8.072695e+003,-2.427191e+000
8.076552e+003,-3.298860e+000
8.080409e+003,-3.751867e+000
8.084266e+003,-3.796145e+000
8.088123e+003,-3.545304e+000
8.091980e+003,-3.066190e+000
8.095837e+003,-2.429119e+000
8.099694e+003,-1.691252e+000
8.103551e+003,-9.066850e-001
8.107408e+003,-1.369226e-001
8.111265e+003,5.496982e-001
8.115122e+003,1.092206e+000
8.118979e+003,1.433329e+000
8.122836e+003,1.611132e+000
8.126693e+003,1.669791e+000
8.130550e+003,1.670318e+000
8.134407e+003,1.664045e+000
8.138264e+003,1.672814e+000
8.142121e+003,1.686605e+000
8.145978e+003,1.679767e+000
8.149835e+003,1.634190e+000
8.153692e+003,1.567152e+000
8.157549e+003,1.522134e+000
8.161406e+003,1.554442e+000
8.165263e+003,1.702018e+000
8.169120e+003,1.961452e+000
8.172977e+003,2.283181e+000
8.176833e+003,2.589929e+000
8.180691e+003,2.812863e+000
8.184548e+003,2.915043e+000
8.188405e+003,2.908716e+000
8.192262e+003,2.839927e+000
8.196118e+003,2.755395e+000
8.199976e+003,2.667492e+000
8.203832e+003,2.536750e+000
8.207689e+003,2.283378e+000
8.211547e+003,1.830841e+000
8.215403e+003,1.136566e+000
8.219261e+003,2.440501e-001
8.223117e+003,-7.162507e-001
8.226975e+003,-1.555309e+000
8.230831e+003,-2.079059e+000
8.234688e+003,-2.147505e+000
8.238546e+003,-1.718371e+000
8.242402e+003,-8.639600e-001
8.246260e+003,2.533129e-001
8.250116e+003,1.419763e+000
8.253974e+003,2.418648e+000
8.257830e+003,3.075913e+000
8.261688e+003,3.293291e+000
8.265544e+003,3.064947e+000
8.269401e+003,2.477075e+000
8.273259e+003,1.707133e+000
8.277115e+003,9.401140e-001
8.280973e+003,3.730237e-001
8.284829e+003,1.556689e-001
8.288687e+003,3.498424e-001
8.292543e+003,9.071879e-001
8.296400e+003,1.675712e+000
8.300258e+003,2.436963e+000
8.304114e+003,2.946887e+000
8.307972e+003,3.061420e+000
8.311828e+003,2.717461e+000
8.315686e+003,1.963902e+000
8.319542e+003,9.427542e-001
8.323399e+003,-1.555971e-001
8.327257e+003,-1.146785e+000
8.331113e+003,-1.898233e+000
8.334971e+003,-2.384102e+000
8.338827e+003,-2.602867e+000
8.342685e+003,-2.615387e+000
8.346541e+003,-2.501438e+000
8.350398e+003,-2.335097e+000
8.354255e+003,-2.169590e+000
8.358112e+003,-2.032867e+000
8.361970e+003,-1.930902e+000
8.365826e+003,-1.884609e+000
8.369684e+003,-1.840739e+000
8.373540e+003,-1.777992e+000
8.377397e+003,-1.674375e+000
8.381254e+003,-1.510985e+000
8.385111e+003,-1.276323e+000
8.388969e+003,-9.697483e-001
8.392825e+003,-6.021537e-001
8.396683e+003,-1.879166e-001
8.400539e+003,2.453667e-001
8.404396e+003,6.797425e-001
8.408253e+003,1.104304e+000
8.412110e+003,1.512728e+000
8.415968e+003,1.896153e+000
8.419824e+003,2.235133e+000
8.423682e+003,2.495743e+000
8.427538e+003,2.623696e+000
8.431396e+003,2.573270e+000
8.435252e+003,2.321520e+000
8.439109e+003,1.881029e+000
8.442966e+003,1.303739e+000
8.446823e+003,6.708064e-001
8.450681e+003,7.151321e-002
8.454537e+003,-4.205215e-001
8.458395e+003,-7.724618e-001
8.462251e+003,-9.581307e-001
8.466108e+003,-9.985417e-001
8.469965e+003,-9.218423e-001
8.473822e+003,-7.451881e-001
8.477680e+003,-4.682325e-001
8.481536e+003,-8.121490e-002
8.485394e+003,4.173079e-001
8.489250e+003,1.014277e+000
8.493107e+003,1.639544e+000
8.496964e+003,2.212375e+000
8.500821e+003,2.654962e+000
8.504679e+003,2.919421e+000
8.508535e+003,3.004451e+000
8.512393e+003,2.953194e+000
8.516249e+003,2.832712e+000
8.520106e+003,2.695041e+000
8.523963e+003,2.579730e+000
8.527820e+003,2.478977e+000
8.531677e+003,2.357364e+000
8.535534e+003,2.179822e+000
8.539392e+003,1.941622e+000
8.543248e+003,1.685630e+000
8.547105e+003,1.497486e+000
8.550962e+003,1.479051e+000
8.554819e+003,1.714504e+000
8.558676e+003,2.223475e+000
8.562533e+003,2.947284e+000
8.566391e+003,3.757074e+000
8.570247e+003,4.486310e+000
8.574104e+003,4.976690e+000
8.577961e+003,5.121809e+000
8.581818e+003,4.886259e+000
8.585675e+003,4.323201e+000
8.589532e+003,3.545548e+000
8.593389e+003,2.685277e+000
8.597246e+003,1.851599e+000
8.601104e+003,1.102129e+000
8.604960e+003,4.364163e-001
8.608817e+003,-1.872782e-001
8.612674e+003,-8.394215e-001
8.616531e+003,-1.521398e+000
8.620388e+003,-2.208700e+000
8.624245e+003,-2.827352e+000
8.628103e+003,-3.275130e+000
8.631959e+003,-3.456136e+000
8.635816e+003,-3.314661e+000
8.639673e+003,-2.855054e+000
8.643530e+003,-2.096448e+000
8.647387e+003,-1.172850e+000
8.651244e+003,-2.073174e-001
8.655102e+003,6.962371e-001
8.658958e+003,1.469903e+000
8.662815e+003,2.082564e+000
8.666672e+003,2.529119e+000
8.670529e+003,2.816639e+000
8.674386e+003,3.008767e+000
8.678243e+003,3.031332e+000
8.682100e+003,2.903317e+000
8.685957e+003,2.653729e+000
8.689814e+003,2.321314e+000
8.693671e+003,1.951114e+000
8.697528e+003,1.590643e+000
8.701385e+003,1.287804e+000
8.705242e+003,1.106214e+000
8.709099e+003,1.091916e+000
8.712956e+003,1.261858e+000
8.716813e+003,1.580933e+000
8.720670e+003,1.951229e+000
8.724526e+003,2.225785e+000
8.728384e+003,2.252180e+000
8.732241e+003,1.933641e+000
8.736098e+003,1.300674e+000
8.739955e+003,4.663929e-001
8.743812e+003,-3.816246e-001
8.747669e+003,-1.053169e+000
8.751525e+003,-1.427617e+000
8.755383e+003,-1.493447e+000
8.759240e+003,-1.334810e+000
8.763097e+003,-1.072761e+000
8.766954e+003,-8.663435e-001
8.770811e+003,-6.688917e-001
8.774668e+003,-4.180437e-001
8.778524e+003,-3.009385e-002
8.782382e+003,5.417857e-001
8.786238e+003,1.263043e+000
8.790096e+003,2.009700e+000
8.793953e+003,2.601595e+000
8.797810e+003,2.850170e+000
8.801667e+003,2.695953e+000
8.805523e+003,2.123191e+000
8.809381e+003,1.207252e+000
8.813237e+003,9.229077e-002
8.817095e+003,-1.044483e+000
8.820952e+003,-2.028583e+000
8.824809e+003,-2.715822e+000
8.828666e+003,-3.012835e+000
8.832522e+003,-2.900432e+000
8.836380e+003,-2.404316e+000
8.840236e+003,-1.609233e+000
8.844094e+003,-6.475421e-001
8.847951e+003,3.257325e-001
8.851808e+003,1.168176e+000
8.855665e+003,1.785011e+000
8.859521e+003,2.137541e+000
8.863379e+003,2.281926e+000
8.867235e+003,2.291286e+000
8.871093e+003,2.233478e+000
8.874949e+003,2.137320e+000
8.878807e+003,1.981942e+000
8.882664e+003,1.715866e+000
8.886521e+003,1.297611e+000
8.890378e+003,7.426508e-001
8.894234e+003,1.320688e-001
8.898092e+003,-3.909411e-001
8.901948e+003,-6.652318e-001
8.905806e+003,-5.688161e-001
8.909663e+003,-6.665888e-002
8.913520e+003,7.706943e-001
8.917377e+003,1.784697e+000
8.921233e+003,2.774121e+000
8.925091e+003,3.555822e+000
8.928947e+003,3.997338e+000
8.932805e+003,4.038660e+000
8.936662e+003,3.689264e+000
8.940519e+003,3.012197e+000
8.944376e+003,2.106958e+000
8.948232e+003,1.098095e+000
8.952090e+003,1.405798e-001
8.955946e+003,-6.377931e-001
8.959804e+003,-1.102787e+000
8.963660e+003,-1.161644e+000
8.967518e+003,-7.961020e-001
8.971375e+003,-8.310506e-002
8.975231e+003,8.108388e-001
8.979089e+003,1.666841e+000
8.982945e+003,2.255961e+000
8.986803e+003,2.471400e+000
8.990659e+003,2.292258e+000
8.994517e+003,1.814412e+000
8.998374e+003,1.217937e+000
9.002230e+003,7.062730e-001
9.006088e+003,4.385985e-001
9.009944e+003,4.788984e-001
9.013802e+003,7.851533e-001
9.017658e+003,1.213794e+000
9.021516e+003,1.589290e+000
9.025373e+003,1.748114e+000
9.029229e+003,1.585288e+000
9.033087e+003,1.081877e+000
9.036943e+003,3.082362e-001
9.040801e+003,-5.949571e-001
9.044657e+003,-1.404783e+000
9.048515e+003,-2.059539e+000
9.052371e+003,-2.444778e+000
9.056229e+003,-2.492663e+000
9.060086e+003,-2.193104e+000
9.063942e+003,-1.594354e+000
9.067800e+003,-7.929384e-001
9.071656e+003,8.544254e-002
9.075514e+003,7.646568e-001
9.079370e+003,1.316820e+000
9.083228e+003,1.689229e+000
9.087085e+003,1.862974e+000
9.090941e+003,1.852438e+000
9.094799e+003,1.697752e+000
9.098655e+003,1.452687e+000
9.102513e+003,1.171521e+000
9.106369e+003,8.916009e-001
9.110227e+003,6.326567e-001
9.114084e+003,4.106896e-001
9.117940e+003,2.257321e-001
9.121798e+003,6.819778e-002
9.125654e+003,-7.550490e-002
9.129512e+003,-2.194081e-001
9.133368e+003,-3.758968e-001
9.137226e+003,-5.917673e-001
9.141082e+003,-8.186003e-001
9.144939e+003,-1.032225e+000
9.148797e+003,-1.191124e+000
9.152653e+003,-1.241233e+000
9.156511e+003,-1.129587e+000
9.160367e+003,-8.245945e-001
9.164225e+003,-3.360012e-001
9.168081e+003,3.067048e-001
9.171938e+003,9.653918e-001
9.175796e+003,1.506580e+000
9.179652e+003,1.824605e+000
9.183510e+003,1.884480e+000
9.187366e+003,1.744779e+000
9.191224e+003,1.548365e+000
9.195080e+003,1.480485e+000
9.198938e+003,1.717485e+000
9.202795e+003,2.342017e+000
9.206651e+003,3.319576e+000
9.210509e+003,4.495113e+000
9.214365e+003,5.634771e+000
9.218223e+003,6.493216e+000
9.222079e+003,6.883326e+000
9.225937e+003,6.725535e+000
9.229793e+003,6.057614e+000
9.233650e+003,5.027558e+000
9.237508e+003,3.844953e+000
9.241364e+003,2.726262e+000
9.245222e+003,1.848784e+000
9.249078e+003,1.321333e+000
9.252936e+003,1.173268e+000
9.256792e+003,1.358305e+000
9.260649e+003,1.768934e+000
9.264507e+003,2.254188e+000
9.268363e+003,2.647917e+000
9.272221e+003,2.801600e+000
9.276077e+003,2.618166e+000
9.279935e+003,2.079838e+000
9.283791e+003,1.260270e+000
9.287648e+003,3.131654e-001
9.291506e+003,-5.681223e-001
9.295362e+003,-1.189572e+000
9.299220e+003,-1.427087e+000
9.303076e+003,-1.260364e+000
9.306934e+003,-7.797267e-001
9.310790e+003,-1.572701e-001
9.314647e+003,4.091780e-001
9.318504e+003,7.606523e-001
9.322361e+003,8.286340e-001
9.326219e+003,6.534000e-001
9.330075e+003,3.690990e-001
9.333933e+003,1.534681e-001
9.337789e+003,1.641413e-001
9.341646e+003,4.824287e-001
9.345503e+003,1.083225e+000
9.349360e+003,1.840444e+000
9.353218e+003,2.566622e+000
9.357074e+003,3.065669e+000
9.360932e+003,3.197716e+000
9.364788e+003,2.918270e+000
9.368646e+003,2.288847e+000
9.372502e+003,1.455328e+000
9.376359e+003,6.023785e-001
9.380216e+003,-1.005774e-001
9.384073e+003,-5.455095e-001
9.387931e+003,-7.048371e-001
9.391787e+003,-6.328140e-001
9.395645e+003,-4.356628e-001
9.399501e+003,-2.314490e-001
9.403358e+003,-1.119451e-001
9.407215e+003,-1.183486e-001
9.411072e+003,-2.365032e-001
9.414930e+003,-4.092713e-001
9.418786e+003,-5.614010e-001
9.422644e+003,-6.219803e-001
9.426500e+003,-5.425998e-001
9.430357e+003,-3.048364e-001
9.434214e+003,8.092707e-002
9.438071e+003,5.814314e-001
9.441929e+003,1.147343e+000
9.445785e+003,1.720113e+000
9.449643e+003,2.234603e+000
9.453499e+003,2.630199e+000
9.457356e+003,2.859890e+000
9.461213e+003,2.901425e+000
9.465070e+003,2.765429e+000
9.468927e+003,2.496029e+000
9.472784e+003,2.161550e+000
9.476642e+003,1.836349e+000
9.480498e+003,1.581363e+000
9.484355e+003,1.426474e+000
9.488212e+003,1.365539e+000
9.492069e+003,1.364287e+000
9.495926e+003,1.378597e+000
9.499783e+003,1.375953e+000
9.503641e+003,1.351604e+000
9.507497e+003,1.332898e+000
9.511354e+003,1.369958e+000
9.515211e+003,1.516328e+000
9.519068e+003,1.806293e+000
9.522925e+003,2.237180e+000
9.526782e+003,2.762711e+000
9.530640e+003,3.299654e+000
9.534496e+003,3.745702e+000
9.538354e+003,4.004367e+000
9.542210e+003,4.005980e+000
9.546067e+003,3.722867e+000
9.549924e+003,3.174587e+000
9.553781e+003,2.421892e+000
9.557638e+003,1.552426e+000
9.561495e+003,6.628383e-001
9.565353e+003,-1.576269e-001
9.569209e+003,-8.320273e-001
9.573066e+003,-1.322998e+000
9.576923e+003,-1.605558e+000
9.580780e+003,-1.673211e+000
9.584637e+003,-1.535923e+000
9.588494e+003,-1.220333e+000
9.592352e+003,-7.709209e-001
9.596208e+003,-2.487603e-001
9.600065e+003,2.624307e-001
9.603922e+003,7.091984e-001
9.607779e+003,1.048984e+000
9.611636e+003,1.275593e+000
9.615493e+003,1.424358e+000
9.619351e+003,1.562345e+000
9.623207e+003,1.764045e+000
9.627064e+003,2.079653e+000
9.630921e+003,2.484739e+000
9.634778e+003,2.942399e+000
9.638635e+003,3.345586e+000
9.642492e+003,3.571380e+000
9.646349e+003,3.523332e+000
9.650206e+003,3.169261e+000
9.654063e+003,2.559984e+000
9.657920e+003,1.820731e+000
9.661777e+003,1.128426e+000
9.665634e+003,6.224752e-001
9.669491e+003,3.979380e-001
9.673348e+003,4.698232e-001
9.677205e+003,7.696228e-001
9.681063e+003,1.166543e+000
9.684919e+003,1.505962e+000
9.688776e+003,1.652814e+000
9.692633e+003,1.532470e+000
9.696490e+003,1.138385e+000
9.700347e+003,5.314251e-001
9.704204e+003,-1.776987e-001
9.708062e+003,-8.570622e-001
9.711918e+003,-1.384932e+000
9.715775e+003,-1.676606e+000
9.719632e+003,-1.701060e+000
9.723489e+003,-1.483202e+000
9.727346e+003,-1.096996e+000
9.731203e+003,-6.422410e-001
9.735060e+003,-2.184031e-001
9.738917e+003,1.006615e-001
9.742774e+003,2.837566e-001
9.746631e+003,3.463507e-001
9.750488e+003,3.405190e-001
9.754345e+003,3.251792e-001
9.758202e+003,3.677607e-001
9.762059e+003,5.045445e-001
9.765916e+003,7.357978e-001
9.769773e+003,1.031644e+000
9.773630e+003,1.348113e+000
9.777487e+003,1.645422e+000
9.781344e+003,1.900158e+000
9.785201e+003,2.099357e+000
9.789058e+003,2.254740e+000
9.792915e+003,2.364474e+000
9.796772e+003,2.412543e+000
9.800629e+003,2.370155e+000
9.804486e+003,2.208248e+000
9.808343e+003,1.915177e+000
9.812200e+003,1.510348e+000
9.816057e+003,1.041185e+000
9.819914e+003,5.871742e-001
9.823771e+003,2.217967e-001
9.827628e+003,-4.174944e-003
9.831485e+003,-7.371715e-002
9.835342e+003,3.330857e-004
9.839199e+003,1.904885e-001
9.843056e+003,4.714351e-001
9.846913e+003,8.296699e-001
9.850770e+003,1.251828e+000
9.854627e+003,1.713852e+000
9.858484e+003,2.163084e+000
9.862341e+003,2.515291e+000
9.866198e+003,2.672249e+000
9.870055e+003,2.556620e+000
9.873912e+003,2.150567e+000
9.877769e+003,1.515709e+000
9.881626e+003,8.034307e-001
9.885483e+003,2.063299e-001
9.889340e+003,-9.460608e-002
9.893197e+003,1.370800e-002
9.897054e+003,5.415048e-001
9.900911e+003,1.395216e+000
9.904768e+003,2.409354e+000
9.908625e+003,3.400545e+000
9.912481e+003,4.207811e+000
9.916339e+003,4.735004e+000
9.920196e+003,4.956062e+000
9.924053e+003,4.901952e+000
9.927910e+003,4.637771e+000
9.931767e+003,4.241800e+000
9.935624e+003,3.792960e+000
9.939480e+003,3.365883e+000
9.943338e+003,3.027786e+000
9.947195e+003,2.832065e+000
9.951052e+003,2.807134e+000
9.954909e+003,2.945412e+000
9.958766e+003,3.199604e+000
9.962623e+003,3.491590e+000
9.966479e+003,3.733129e+000
9.970337e+003,3.851051e+000
9.974193e+003,3.807436e+000
9.978051e+003,3.604264e+000
9.981908e+003,3.274256e+000
9.985765e+003,2.862306e+000
9.989622e+003,2.408160e+000
9.993479e+003,1.939174e+000
9.997336e+003,1.475507e+000
1.000119e+004,1.043383e+000
1.000505e+004,6.810988e-001
1.000891e+004,4.399983e-001
1.001276e+004,3.670675e-001
1.001662e+004,4.812270e-001
1.002048e+004,7.543710e-001
1.002433e+004,1.108840e+000
1.002819e+004,1.436093e+000
1.003205e+004,1.632561e+000
1.003591e+004,1.634263e+000
1.003976e+004,1.441268e+000
1.004362e+004,1.117460e+000
1.004748e+004,7.665402e-001
1.005133e+004,4.937244e-001
1.005519e+004,3.685021e-001
1.005905e+004,4.026492e-001
1.006290e+004,5.536600e-001
1.006676e+004,7.356845e-001
1.007062e+004,8.614934e-001
1.007448e+004,8.675058e-001
1.007833e+004,7.324137e-001
1.008219e+004,4.816007e-001
1.008605e+004,1.790849e-001
1.008990e+004,-8.837929e-002
1.009376e+004,-2.319035e-001
1.009762e+004,-1.816054e-001
1.010147e+004,1.053492e-001
1.010533e+004,6.281750e-001
1.010919e+004,1.335905e+000
1.011305e+004,2.130821e+000
1.011690e+004,2.884391e+000
1.012076e+004,3.464724e+000
1.012462e+004,3.740646e+000
1.012847e+004,3.716457e+000
1.013233e+004,3.416885e+000
1.013619e+004,2.927418e+000
1.014004e+004,2.372674e+000
1.014390e+004,1.883243e+000
1.014776e+004,1.561105e+000
1.015162e+004,1.454101e+000
1.015547e+004,1.327064e+000
1.015933e+004,1.285951e+000
1.016319e+004,1.301569e+000
1.016704e+004,1.340009e+000
1.017090e+004,1.368731e+000
1.017476e+004,1.360981e+000
1.017861e+004,1.298443e+000
1.018247e+004,1.172553e+000
1.018633e+004,9.891276e-001
1.019019e+004,7.683250e-001
1.019404e+004,5.252143e-001
1.019790e+004,2.813821e-001
1.020176e+004,6.336850e-002
1.020561e+004,-1.005159e-001
1.020947e+004,-1.847562e-001
1.021333e+004,-1.716432e-001
1.021718e+004,1.757539e-001
1.022104e+004,8.115545e-001
1.022490e+004,1.669565e+000
1.022876e+004,2.646367e+000
1.023261e+004,3.626743e+000
1.023647e+004,4.506629e+000
1.024033e+004,5.206390e+000
1.024418e+004,5.672388e+000
1.024804e+004,5.877130e+000
1.025190e+004,5.761546e+000
1.025575e+004,5.321529e+000
1.025961e+004,4.581563e+000
1.026347e+004,3.608383e+000
1.026733e+004,2.518343e+000
1.027118e+004,1.468385e+000
1.027504e+004,6.268523e-001
1.027890e+004,1.283517e-001
1.028275e+004,4.348597e-002
1.028661e+004,3.352380e-001
1.029047e+004,8.729228e-001
1.029432e+004,1.471098e+000
1.029818e+004,1.947917e+000
1.030204e+004,2.181760e+000
1.030590e+004,2.145189e+000
1.030975e+004,1.902149e+000
1.031361e+004,1.581219e+000
1.031747e+004,1.316440e+000
1.032132e+004,1.202650e+000
1.032518e+004,1.267887e+000
1.032904e+004,1.473892e+000
1.033289e+004,1.740578e+000
1.033675e+004,1.981438e+000
1.034061e+004,2.129523e+000
1.034447e+004,2.175088e+000
1.034832e+004,2.133270e+000
1.035218e+004,2.040238e+000
1.035604e+004,1.935066e+000
1.035989e+004,1.845936e+000
1.036375e+004,1.784699e+000
1.036761e+004,1.749361e+000
1.037146e+004,1.756465e+000
1.037532e+004,1.769286e+000
1.037918e+004,1.781718e+000
1.038304e+004,1.794830e+000
1.038689e+004,1.817473e+000
1.039075e+004,1.865434e+000
1.039461e+004,1.958610e+000
1.039846e+004,2.115460e+000
1.040232e+004,2.245629e+000
1.040618e+004,2.376070e+000
1.041003e+004,2.494714e+000
1.041389e+004,2.579405e+000
1.041775e+004,2.600620e+000
1.042161e+004,2.528363e+000
1.042546e+004,2.342043e+000
1.042932e+004,2.040611e+000
1.043318e+004,1.726178e+000
1.043703e+004,1.335224e+000
1.044089e+004,9.495224e-001
1.044475e+004,6.606295e-001
1.044860e+004,5.442797e-001
1.045246e+004,6.376586e-001
1.045632e+004,9.272114e-001
1.046018e+004,1.351319e+000
1.046403e+004,1.794838e+000
1.046789e+004,2.136697e+000
1.047175e+004,2.300601e+000
1.047560e+004,2.269898e+000
1.047946e+004,2.090233e+000
1.048332e+004,1.851056e+000
1.048717e+004,1.654987e+000
1.049103e+004,1.587511e+000
1.049489e+004,1.691655e+000
1.049875e+004,2.000103e+000
1.050260e+004,2.479410e+000
1.050646e+004,3.068656e+000
1.051032e+004,3.691550e+000
1.051417e+004,4.263373e+000
1.051803e+004,4.695074e+000
1.052189e+004,4.900277e+000
1.052574e+004,4.796872e+000
1.052960e+004,4.353515e+000
1.053346e+004,3.602306e+000
1.053732e+004,2.648942e+000
1.054117e+004,1.661715e+000
1.054503e+004,8.379841e-001
1.054889e+004,3.561571e-001
1.055274e+004,3.284150e-001
1.055660e+004,7.699398e-001
1.056046e+004,1.606622e+000
1.056431e+004,2.676362e+000
1.056817e+004,3.786705e+000
1.057203e+004,4.763895e+000
1.057589e+004,5.488905e+000
1.057974e+004,5.911155e+000
1.058360e+004,6.039870e+000
1.058746e+004,5.914235e+000
1.059131e+004,5.592088e+000
1.059517e+004,5.122646e+000
1.059903e+004,4.538615e+000
1.060288e+004,3.859642e+000
1.060674e+004,3.102182e+000
1.061060e+004,2.289505e+000
1.061446e+004,1.457028e+000
1.061831e+004,6.323535e-001
1.062217e+004,-1.093913e-001
1.062603e+004,-7.202877e-001
1.062988e+004,-1.167979e+000
1.063374e+004,-1.441706e+000
1.063760e+004,-1.553026e+000
1.064145e+004,-1.531161e+000
1.064531e+004,-1.414628e+000
1.064917e+004,-1.227049e+000
1.065303e+004,-1.009486e+000
1.065688e+004,-7.858691e-001
1.066074e+004,-5.711492e-001
1.066460e+004,-3.753416e-001
1.066845e+004,-2.071600e-001
1.067231e+004,-7.485476e-002
1.067617e+004,1.597175e-002
1.068002e+004,8.161414e-002
1.068388e+004,1.090394e-001
1.068774e+004,1.096522e-001
1.069160e+004,9.454679e-002
1.069545e+004,7.051510e-002
1.069931e+004,4.111758e-002
1.070317e+004,1.336661e-002
1.070702e+004,5.760655e-003
1.071088e+004,5.108138e-002
1.071474e+004,1.842649e-001
1.071859e+004,4.236789e-001
1.072245e+004,7.464607e-001
1.072631e+004,1.077053e+000
1.073017e+004,1.299913e+000
1.073402e+004,1.298058e+000
1.073788e+004,1.005028e+000
1.074174e+004,4.670601e-001
1.074559e+004,-2.055875e-001
1.074945e+004,-8.224007e-001
1.075331e+004,-1.186329e+000
1.075716e+004,-1.164576e+000
1.076102e+004,-7.389610e-001
1.076488e+004,-1.404703e-002
1.076874e+004,8.206047e-001
1.077259e+004,1.540555e+000
1.077645e+004,2.014604e+000
1.078031e+004,2.180401e+000
1.078416e+004,2.062423e+000
1.078802e+004,1.743804e+000
1.079188e+004,1.325706e+000
1.079573e+004,8.946924e-001
1.079959e+004,5.106440e-001
1.080345e+004,2.013441e-001
1.080731e+004,5.428135e-003
1.081116e+004,-3.749293e-002
1.081502e+004,1.096958e-001
1.081888e+004,4.613003e-001
1.082273e+004,9.879929e-001
1.082659e+004,1.610019e+000
1.083045e+004,2.212826e+000
1.083430e+004,2.661717e+000
1.083816e+004,2.914931e+000
1.084202e+004,2.967082e+000
1.084588e+004,2.879353e+000
1.084973e+004,2.755238e+000
1.085359e+004,2.699150e+000
1.085745e+004,2.774595e+000
1.086130e+004,2.978477e+000
1.086516e+004,3.244162e+000
1.086902e+004,3.462475e+000
1.087287e+004,3.520588e+000
1.087673e+004,3.338187e+000
1.088059e+004,2.892428e+000
1.088445e+004,2.225244e+000
1.088830e+004,1.433128e+000
1.089216e+004,6.440052e-001
1.089602e+004,2.212644e-003
1.089987e+004,-4.138983e-001
1.090373e+004,-5.550029e-001
1.090759e+004,-4.331385e-001
1.091144e+004,-1.209637e-001
1.091530e+004,2.646307e-001
1.091916e+004,5.931451e-001
1.092301e+004,7.588584e-001
1.092687e+004,7.118497e-001
1.093073e+004,4.896732e-001
1.093459e+004,1.957857e-001
1.093844e+004,-2.511096e-002
1.094230e+004,-3.400272e-002
1.094616e+004,2.536486e-001
1.095001e+004,8.345331e-001
1.095387e+004,1.612079e+000
1.095773e+004,2.409627e+000
1.096158e+004,3.060922e+000
1.096544e+004,3.415653e+000
1.096930e+004,3.391708e+000
1.097316e+004,2.990824e+000
1.097701e+004,2.289245e+000
1.098087e+004,1.410369e+000
1.098473e+004,4.913362e-001
1.098858e+004,-3.394076e-001
1.099244e+004,-9.988042e-001
1.099630e+004,-1.433282e+000
1.100016e+004,-1.624454e+000
1.100401e+004,-1.587099e+000
1.100787e+004,-1.367473e+000
1.101173e+004,-1.039421e+000
1.101558e+004,-6.938151e-001
1.101944e+004,-4.189802e-001
1.102330e+004,-2.736365e-001
1.102715e+004,-2.636473e-001
1.103101e+004,-3.306523e-001
1.103487e+004,-3.626182e-001
1.103872e+004,-2.268535e-001
1.104258e+004,1.834444e-001
1.104644e+004,9.053072e-001
1.105030e+004,1.881238e+000
1.105415e+004,2.968662e+000
1.105801e+004,3.975246e+000
1.106187e+004,4.714442e+000
1.106572e+004,5.059051e+000
1.106958e+004,4.974456e+000
1.107344e+004,4.520925e+000
1.107729e+004,3.826496e+000
1.108115e+004,3.055595e+000
1.108501e+004,2.325482e+000
1.108887e+004,1.716784e+000
1.109272e+004,1.257834e+000
1.109658e+004,9.373467e-001
1.110044e+004,7.255577e-001
1.110429e+004,5.925669e-001
1.110815e+004,5.164878e-001
1.111201e+004,4.843623e-001
1.111587e+004,4.692789e-001
1.111972e+004,4.473512e-001
1.112358e+004,3.882967e-001
1.112744e+004,2.651366e-001
1.113129e+004,6.796125e-002
1.113515e+004,-1.847866e-001
1.113901e+004,-4.435786e-001
1.114286e+004,-6.634064e-001
1.114672e+004,-7.765298e-001
1.115058e+004,-7.309990e-001
1.115443e+004,-4.996961e-001
1.115829e+004,-8.836797e-002
1.116215e+004,4.638556e-001
1.116601e+004,1.090886e+000
1.116986e+004,1.710736e+000
1.117372e+004,2.267103e+000
1.117758e+004,2.642725e+000
1.118143e+004,2.775501e+000
1.118529e+004,2.632846e+000
1.118915e+004,2.216531e+000
1.119300e+004,1.563484e+000
1.119686e+004,7.418228e-001
1.120072e+004,-1.583890e-001
1.120458e+004,-1.115980e+000
1.120843e+004,-1.944905e+000
1.121229e+004,-2.555777e+000
1.121615e+004,-2.907691e+000
1.122000e+004,-3.010015e+000
1.122386e+004,-2.909843e+000
1.122772e+004,-2.669433e+000
1.123158e+004,-2.341746e+000
1.123543e+004,-1.902407e+000
1.123929e+004,-1.378671e+000
1.124315e+004,-7.452778e-001
1.124700e+004,2.452266e-002
1.125086e+004,9.373440e-001
1.125472e+004,1.967065e+000
1.125857e+004,3.056036e+000
1.126243e+004,4.128273e+000
1.126629e+004,5.136967e+000
1.127014e+004,5.979740e+000
1.127400e+004,6.614390e+000
1.127786e+004,7.020189e+000
1.128172e+004,7.191624e+000
1.128557e+004,7.134178e+000
1.128943e+004,6.865735e+000
1.129329e+004,6.422077e+000
1.129714e+004,5.851860e+000
1.130100e+004,5.237629e+000
1.130486e+004,4.658761e+000
1.130871e+004,4.174333e+000
1.131257e+004,3.803378e+000
1.131643e+004,3.518165e+000
1.132029e+004,3.256055e+000
1.132414e+004,2.946995e+000
1.132800e+004,2.540060e+000
1.133186e+004,2.042497e+000
1.133571e+004,1.507953e+000
1.133957e+004,1.021801e+000
1.134343e+004,6.680508e-001
1.134729e+004,4.972318e-001
1.135114e+004,5.091820e-001
1.135500e+004,6.573042e-001
1.135886e+004,8.701838e-001
1.136271e+004,1.082053e+000
1.136657e+004,1.251902e+000
1.137043e+004,1.371251e+000
1.137428e+004,1.455499e+000
1.137814e+004,1.527797e+000
1.138200e+004,1.605669e+000
1.138585e+004,1.697148e+000
1.138971e+004,1.806052e+000
1.139357e+004,1.939597e+000
1.139743e+004,2.110095e+000
1.140128e+004,2.326165e+000
1.140514e+004,2.576642e+000
1.140900e+004,2.816695e+000
1.141285e+004,2.967060e+000
1.141671e+004,2.931992e+000
1.142057e+004,2.634082e+000
1.142442e+004,2.045542e+000
1.142828e+004,1.211138e+000
1.143214e+004,2.448246e-001
1.143600e+004,-6.993363e-001
1.143985e+004,-1.471421e+000
1.144371e+004,-1.967435e+000
1.144757e+004,-2.152013e+000
1.145142e+004,-2.057944e+000
1.145528e+004,-1.753414e+000
1.145914e+004,-1.304382e+000
1.146300e+004,-7.508750e-001
1.146685e+004,-9.996158e-002
1.147071e+004,6.600139e-001
1.147457e+004,1.532635e+000
1.147842e+004,2.488249e+000
1.148228e+004,3.419914e+000
1.148614e+004,4.264927e+000
1.148999e+004,4.913235e+000
1.149385e+004,5.273532e+000
1.149771e+004,5.296693e+000
1.150156e+004,4.986465e+000
1.150542e+004,4.396020e+000
1.150928e+004,3.614285e+000
1.151314e+004,2.815871e+000
1.151699e+004,2.040299e+000
1.152085e+004,1.368479e+000
1.152471e+004,8.667893e-001
1.152856e+004,5.807570e-001
1.153242e+004,5.283368e-001
1.153628e+004,6.944067e-001
1.154013e+004,1.029684e+000
1.154399e+004,1.448577e+000
1.154785e+004,1.871231e+000
1.155171e+004,2.232563e+000
1.155556e+004,2.485361e+000
1.155942e+004,2.609408e+000
1.156328e+004,2.612808e+000
1.156713e+004,2.524889e+000
1.157099e+004,2.383181e+000
1.157485e+004,2.182359e+000
1.157871e+004,1.961246e+000
1.158256e+004,1.717071e+000
1.158642e+004,1.435751e+000
1.159028e+004,1.105129e+000
1.159413e+004,7.280530e-001
1.159799e+004,3.292884e-001
1.160185e+004,-4.710901e-002
1.160570e+004,-5.113876e-001
1.160956e+004,-8.345232e-001
1.161342e+004,-9.827223e-001
1.161727e+004,-9.592655e-001
1.162113e+004,-7.991006e-001
1.162499e+004,-5.527232e-001
1.162885e+004,-2.670581e-001
1.163270e+004,2.790689e-002
1.163656e+004,2.959151e-001
1.164042e+004,5.666036e-001
1.164427e+004,8.279123e-001
1.164813e+004,1.047519e+000
1.165199e+004,1.171611e+000
1.165584e+004,1.138420e+000
1.165970e+004,9.022031e-001
1.166356e+004,4.578447e-001
1.166742e+004,-1.630688e-001
1.167127e+004,-8.404849e-001
1.167513e+004,-1.441688e+000
1.167899e+004,-1.844438e+000
1.168284e+004,-1.975952e+000
1.168670e+004,-1.838833e+000
1.169056e+004,-1.514337e+000
1.169441e+004,-1.140698e+000
1.169827e+004,-8.715670e-001
1.170213e+004,-8.328546e-001
1.170599e+004,-1.077528e+000
1.170984e+004,-1.566988e+000
1.171370e+004,-2.178949e+000
1.171756e+004,-2.740662e+000
1.172141e+004,-3.077436e+000
1.172527e+004,-3.061531e+000
1.172913e+004,-2.644530e+000
1.173298e+004,-1.870644e+000
1.173684e+004,-8.556441e-001
1.174070e+004,2.503572e-001
1.174456e+004,1.306867e+000
1.174841e+004,2.217702e+000
1.175227e+004,2.945411e+000
1.175613e+004,3.502831e+000
1.175998e+004,3.925910e+000
1.176384e+004,4.253057e+000
1.176770e+004,4.496570e+000
1.177155e+004,4.643058e+000
1.177541e+004,4.666564e+000
1.177927e+004,4.549555e+000
1.178313e+004,4.300328e+000
1.178698e+004,3.957678e+000
1.179084e+004,3.580914e+000
1.179470e+004,3.227678e+000
1.179855e+004,2.935113e+000
1.180241e+004,2.709538e+000
1.180627e+004,2.530504e+000
1.181012e+004,2.366706e+000
1.181398e+004,2.195500e+000
1.181784e+004,2.016417e+000
1.182170e+004,1.850700e+000
1.182555e+004,1.735025e+000
1.182941e+004,1.700786e+000
1.183327e+004,1.760613e+000
1.183712e+004,1.902103e+000
1.184098e+004,2.091346e+000
1.184484e+004,2.282703e+000
1.184869e+004,2.428984e+000
1.185255e+004,2.489947e+000
1.185641e+004,2.432373e+000
1.186027e+004,2.227263e+000
1.186412e+004,1.855642e+000
1.186798e+004,1.317842e+000
1.187184e+004,6.451390e-001
1.187569e+004,-9.355474e-002
1.187955e+004,-7.978497e-001
1.188341e+004,-1.335956e+000
1.188726e+004,-1.651792e+000
1.189112e+004,-1.719891e+000
1.189498e+004,-1.587492e+000
1.189883e+004,-1.366207e+000
1.190269e+004,-1.197000e+000
1.190655e+004,-1.199117e+000
1.191041e+004,-1.422240e+000
1.191426e+004,-1.806303e+000
1.191812e+004,-2.243624e+000
1.192198e+004,-2.574952e+000
1.192583e+004,-2.664188e+000
1.192969e+004,-2.452301e+000
1.193355e+004,-1.983918e+000
1.193741e+004,-1.395187e+000
1.194126e+004,-8.666961e-001
1.194512e+004,-5.637323e-001
1.194898e+004,-5.707562e-001
1.195283e+004,-8.627301e-001
1.195669e+004,-1.316104e+000
1.196055e+004,-1.755459e+000
1.196440e+004,-2.016247e+000
1.196826e+004,-1.999476e+000
1.197212e+004,-1.698976e+000
1.197598e+004,-1.139787e+000
1.197983e+004,-4.858228e-001
1.198369e+004,1.028720e-001
1.198755e+004,5.102063e-001
1.199140e+004,6.885893e-001
1.199526e+004,6.537340e-001
1.199912e+004,4.592023e-001
1.200297e+004,1.666448e-001
1.200683e+004,-1.716005e-001
1.201069e+004,-5.281987e-001
1.201454e+004,-8.777377e-001
1.201840e+004,-1.192453e+000
1.202226e+004,-1.435756e+000
1.202612e+004,-1.565029e+000
1.202997e+004,-1.542064e+000
1.203383e+004,-1.345881e+000
1.203769e+004,-9.963503e-001
1.204154e+004,-5.186150e-001
1.204540e+004,2.637297e-002
1.204926e+004,5.562274e-001
1.205312e+004,9.773974e-001
1.205697e+004,1.200550e+000
1.206083e+004,1.160519e+000
1.206469e+004,8.371878e-001
1.206854e+004,2.894052e-001
1.207240e+004,-3.992230e-001
1.207626e+004,-1.094944e+000
1.208011e+004,-1.656307e+000
1.208397e+004,-1.972824e+000
1.208783e+004,-1.995733e+000
1.209169e+004,-1.747960e+000
1.209554e+004,-1.308203e+000
1.209940e+004,-7.809168e-001
1.210326e+004,-2.419887e-001
1.210711e+004,2.749202e-001
1.211097e+004,7.790411e-001
1.211483e+004,1.296775e+000
1.211868e+004,1.834622e+000
1.212254e+004,2.351062e+000
1.212640e+004,2.754692e+000
1.213025e+004,2.932736e+000
1.213411e+004,2.807518e+000
1.213797e+004,2.373628e+000
1.214183e+004,1.723221e+000
1.214568e+004,1.028110e+000
1.214954e+004,4.859663e-001
1.215340e+004,2.510652e-001
1.215725e+004,3.782434e-001
1.216111e+004,8.009709e-001
1.216497e+004,1.367203e+000
1.216883e+004,1.894601e+000
1.217268e+004,2.238756e+000
1.217654e+004,2.340394e+000
1.218040e+004,2.233881e+000
1.218425e+004,2.016915e+000
1.218811e+004,1.798763e+000
1.219197e+004,1.651198e+000
1.219582e+004,1.590766e+000
1.219968e+004,1.589763e+000
1.220354e+004,1.611760e+000
1.220740e+004,1.647756e+000
1.221125e+004,1.732146e+000
1.221511e+004,1.928008e+000
1.221897e+004,2.287844e+000
1.222282e+004,2.788070e+000
1.222668e+004,3.372979e+000
1.223054e+004,3.902712e+000
1.223439e+004,4.214252e+000
1.223825e+004,4.180516e+000
1.224211e+004,3.761342e+000
1.224596e+004,3.023890e+000
1.224982e+004,2.122616e+000
1.225368e+004,1.349539e+000
1.225754e+004,7.477435e-001
1.226139e+004,3.788081e-001
1.226525e+004,2.306670e-001
1.226911e+004,2.315187e-001
1.227296e+004,2.832798e-001
1.227682e+004,3.009800e-001
1.228068e+004,2.430513e-001
1.228454e+004,3.102575e-001
1.228839e+004,2.619097e-001
1.229225e+004,1.203339e-001
1.229611e+004,-8.011802e-002
1.229996e+004,-3.010270e-001
1.230382e+004,-5.081773e-001
1.230768e+004,-6.780598e-001
1.231153e+004,-8.010191e-001
1.231539e+004,-5.876624e-001
1.231925e+004,-2.806466e-001
1.232311e+004,6.214482e-002
1.232696e+004,3.916106e-001
1.233082e+004,6.721032e-001
1.233468e+004,8.774826e-001
1.233853e+004,9.837124e-001
1.234239e+004,9.647033e-001
1.234625e+004,8.105717e-001
1.235010e+004,4.823079e-001
1.235396e+004,7.451564e-003
1.235782e+004,-5.405886e-001
1.236167e+004,-1.046703e+000
1.236553e+004,-1.375119e+000
1.236939e+004,-1.402266e+000
1.237325e+004,-1.050860e+000
1.237710e+004,-3.111782e-001
1.238096e+004,7.482582e-001
1.238482e+004,2.000619e+000
1.238867e+004,3.288839e+000
1.239253e+004,4.458769e+000
1.239639e+004,5.386015e+000
1.240025e+004,5.990346e+000
1.240410e+004,6.237225e+000
1.240796e+004,6.130620e+000
1.241182e+004,5.708972e+000
1.241567e+004,5.024548e+000
1.241953e+004,4.145661e+000
1.242339e+004,3.153572e+000
1.242724e+004,2.137244e+000
1.243110e+004,1.183850e+000
1.243496e+004,3.658127e-001
1.243881e+004,-2.713347e-001
1.244267e+004,-7.213913e-001
1.244653e+004,-1.007783e+000
1.245039e+004,-1.176162e+000
1.245424e+004,-1.277194e+000
1.245810e+004,-1.348493e+000
1.246196e+004,-1.401744e+000
1.246581e+004,-1.419229e+000
1.246967e+004,-1.357542e+000
1.247353e+004,-1.170490e+000
1.247738e+004,-8.188251e-001
1.248124e+004,-2.876976e-001
1.248510e+004,4.048532e-001
1.248896e+004,1.207943e+000
1.249281e+004,2.046085e+000
1.249667e+004,2.833486e+000
1.250053e+004,3.506550e+000
1.250438e+004,3.989203e+000
1.250824e+004,4.260738e+000
1.251210e+004,4.341968e+000
1.251596e+004,4.290849e+000
1.251981e+004,4.188935e+000
1.252367e+004,4.121147e+000
1.252753e+004,4.153606e+000
1.253138e+004,4.319563e+000
1.253524e+004,4.596310e+000
1.253910e+004,4.922355e+000
1.254295e+004,5.208407e+000
1.254681e+004,5.361548e+000
1.255067e+004,5.310551e+000
1.255452e+004,5.025201e+000
1.255838e+004,4.524602e+000
1.256224e+004,3.859616e+000
1.256610e+004,3.137675e+000
1.256995e+004,2.467687e+000
1.257381e+004,1.948025e+000
1.257767e+004,1.649578e+000
1.258152e+004,1.606003e+000
1.258538e+004,1.811997e+000
1.258924e+004,2.228891e+000
1.259309e+004,2.796982e+000
1.259695e+004,3.448476e+000
1.260081e+004,4.119599e+000
1.260467e+004,4.763676e+000
1.260852e+004,5.354698e+000
1.261238e+004,5.882210e+000
1.261624e+004,6.339108e+000
1.262009e+004,6.707298e+000
1.262395e+004,6.947728e+000
1.262781e+004,7.000736e+000
1.263167e+004,6.804182e+000
1.263552e+004,6.317368e+000
1.263938e+004,5.546822e+000
1.264324e+004,4.561029e+000
1.264709e+004,3.485268e+000
1.265095e+004,2.474945e+000
1.265481e+004,1.671407e+000
1.265866e+004,1.173769e+000
1.266252e+004,9.987020e-001
1.266638e+004,1.085663e+000
1.267023e+004,1.323126e+000
1.267409e+004,1.590163e+000
1.267795e+004,1.796708e+000
1.268181e+004,1.906919e+000
1.268566e+004,1.936502e+000
1.268952e+004,1.933575e+000
1.269338e+004,1.943943e+000
1.269723e+004,1.985545e+000
1.270109e+004,2.039686e+000
1.270495e+004,2.061745e+000
1.270880e+004,2.004135e+000
1.271266e+004,1.839129e+000
1.271652e+004,1.568075e+000
1.272038e+004,1.226239e+000
1.272423e+004,8.604944e-001
1.272809e+004,5.155241e-001
1.273195e+004,2.248235e-001
1.273580e+004,1.243450e-002
1.273966e+004,-9.848630e-002
1.274352e+004,-7.891039e-002
1.274738e+004,1.057806e-001
1.275123e+004,4.742566e-001
1.275509e+004,1.012835e+000
1.275895e+004,1.659418e+000
1.276280e+004,2.304799e+000
1.276666e+004,2.814710e+000
1.277052e+004,3.067014e+000
1.277437e+004,2.990479e+000
1.277823e+004,2.584438e+000
1.278209e+004,1.932388e+000
1.278594e+004,1.171687e+000
1.278980e+004,4.549446e-001
1.279366e+004,-8.911872e-002
1.279752e+004,-3.816177e-001
1.280137e+004,-4.003944e-001
1.280523e+004,-1.707790e-001
1.280909e+004,2.514257e-001
1.281294e+004,7.967634e-001
1.281680e+004,1.386192e+000
1.282066e+004,1.940643e+000
1.282451e+004,2.387121e+000
1.282837e+004,2.668279e+000
1.283223e+004,2.754206e+000
1.283609e+004,2.650723e+000
1.283994e+004,2.389648e+000
1.284380e+004,2.036482e+000
1.284766e+004,1.651121e+000
1.285151e+004,1.272104e+000
1.285537e+004,9.104384e-001
1.285923e+004,5.613506e-001
1.286308e+004,2.278894e-001
1.286694e+004,-5.799004e-002
1.287080e+004,-2.355852e-001
1.287466e+004,-2.182751e-001
1.287851e+004,4.010595e-002
1.288237e+004,5.153189e-001
1.288623e+004,1.097994e+000
1.289008e+004,1.617642e+000
1.289394e+004,1.900780e+000
1.289780e+004,1.840048e+000
1.290165e+004,1.441835e+000
1.290551e+004,8.295057e-001
1.290937e+004,2.067837e-001
1.291323e+004,-2.320456e-001
1.291708e+004,-3.802449e-001
1.292094e+004,-2.555689e-001
1.292480e+004,2.075251e-002
1.292865e+004,2.916597e-001
1.293251e+004,4.585624e-001
1.293637e+004,4.908200e-001
1.294022e+004,4.770426e-001
1.294408e+004,5.558875e-001
1.294794e+004,8.362839e-001
1.295180e+004,1.333291e+000
1.295565e+004,1.951544e+000
1.295951e+004,2.522904e+000
1.296337e+004,2.879371e+000
1.296722e+004,2.902819e+000
1.297108e+004,2.592635e+000
1.297494e+004,2.040602e+000
1.297879e+004,1.380930e+000
1.298265e+004,7.335402e-001
1.298651e+004,1.692625e-001
1.299037e+004,-2.905354e-001
1.299422e+004,-6.452476e-001
1.299808e+004,-8.952551e-001
1.300194e+004,-1.017194e+000
1.300579e+004,-9.788080e-001
1.300965e+004,-7.656319e-001
1.301351e+004,-4.050952e-001
1.301736e+004,2.847384e-002
1.302122e+004,4.328933e-001
1.302508e+004,7.110283e-001
1.302894e+004,8.142784e-001
1.303279e+004,7.411895e-001
1.303665e+004,5.381041e-001
1.304051e+004,2.805527e-001
1.304436e+004,5.029771e-002
1.304822e+004,-8.311234e-002
1.305208e+004,-7.303501e-002
1.305593e+004,8.994716e-002
1.305979e+004,3.947156e-001
1.306365e+004,8.003812e-001
1.306751e+004,1.237315e+000
1.307136e+004,1.617316e+000
1.307522e+004,1.854575e+000
1.307908e+004,1.892967e+000
1.308293e+004,1.729095e+000
1.308679e+004,1.419614e+000
1.309065e+004,1.061316e+000
1.309450e+004,7.570789e-001
1.309836e+004,5.825102e-001
1.310222e+004,5.599297e-001
1.310608e+004,6.546463e-001
1.310993e+004,7.951295e-001
1.311379e+004,9.072430e-001
1.311765e+004,9.276021e-001
1.312150e+004,8.719404e-001
1.312536e+004,7.726036e-001
1.312922e+004,6.693283e-001
1.313307e+004,5.815780e-001
1.313693e+004,4.939289e-001
1.314079e+004,3.629963e-001
1.314465e+004,1.432024e-001
1.314850e+004,-1.868633e-001
1.315236e+004,-5.837951e-001
1.315622e+004,-9.623650e-001
1.316007e+004,-1.210211e+000
1.316393e+004,-1.225278e+000
1.316779e+004,-9.526401e-001
1.317164e+004,-4.064525e-001
1.317550e+004,3.304826e-001
1.317936e+004,1.126656e+000
1.318322e+004,1.838828e+000
1.318707e+004,2.339583e+000
1.319093e+004,2.542663e+000
1.319479e+004,2.415024e+000
1.319864e+004,1.978726e+000
1.320250e+004,1.305987e+000
1.320636e+004,5.094709e-001
1.321021e+004,-2.759393e-001
1.321407e+004,-9.020463e-001
1.321793e+004,-1.247545e+000
1.322179e+004,-1.242050e+000
1.322564e+004,-8.861316e-001
1.322950e+004,-2.542642e-001
1.323336e+004,5.239097e-001
1.323721e+004,1.300439e+000
1.324107e+004,1.957551e+000
1.324493e+004,2.424149e+000
1.324878e+004,2.706396e+000
1.325264e+004,2.866801e+000
1.325650e+004,2.988798e+000
1.326036e+004,3.136850e+000
1.326421e+004,3.329340e+000
1.326807e+004,3.535172e+000
1.327193e+004,3.691990e+000
1.327578e+004,3.742462e+000
1.327964e+004,3.662175e+000
1.328350e+004,3.471457e+000
1.328735e+004,3.224907e+000
1.329121e+004,2.985040e+000
1.329507e+004,2.793887e+000
1.329892e+004,2.656754e+000
1.330278e+004,2.542997e+000
1.330664e+004,2.415658e+000
1.331050e+004,2.248348e+000
1.331435e+004,2.048329e+000
1.331821e+004,1.858198e+000
1.332207e+004,1.738745e+000
1.332592e+004,1.740921e+000
1.332978e+004,1.879853e+000
1.333364e+004,2.124624e+000
1.333750e+004,2.399833e+000
1.334135e+004,2.614230e+000
1.334521e+004,2.690973e+000
1.334907e+004,2.593939e+000
1.335292e+004,2.339778e+000
1.335678e+004,1.992303e+000
1.336064e+004,1.642189e+000
1.336449e+004,1.379234e+000
1.336835e+004,1.268605e+000
1.337221e+004,1.330972e+000
1.337607e+004,1.539845e+000
1.337992e+004,1.831735e+000
1.338378e+004,2.126473e+000
1.338764e+004,2.351594e+000
1.339149e+004,2.463536e+000
1.339535e+004,2.459389e+000
1.339921e+004,2.372835e+000
1.340306e+004,2.261864e+000
1.340692e+004,2.183377e+000
1.341078e+004,2.169415e+000
1.341463e+004,2.212681e+000
1.341849e+004,2.267197e+000
1.342235e+004,2.264061e+000
1.342621e+004,2.131747e+000
1.343006e+004,1.831257e+000
1.343392e+004,1.361466e+000
1.343778e+004,7.610865e-001
1.344163e+004,9.564471e-002
1.344549e+004,-5.606019e-001
1.344935e+004,-1.139203e+000
1.345321e+004,-1.583290e+000
1.345706e+004,-1.846395e+000
1.346092e+004,-1.879894e+000
1.346478e+004,-1.648010e+000
1.346863e+004,-1.133015e+000
1.347249e+004,-3.522894e-001
1.347635e+004,6.272436e-001
1.348020e+004,1.687903e+000
1.348406e+004,2.679439e+000
1.348792e+004,3.462526e+000
1.349178e+004,3.916656e+000
1.349563e+004,4.009821e+000
1.349949e+004,3.792430e+000
1.350335e+004,3.375917e+000
1.350720e+004,2.891219e+000
1.351106e+004,2.444013e+000
1.351492e+004,2.084940e+000
1.351877e+004,1.792354e+000
1.352263e+004,1.535038e+000
1.352649e+004,1.269376e+000
1.353034e+004,9.838116e-001
1.353420e+004,7.110404e-001
1.353806e+004,5.143840e-001
1.354192e+004,4.554252e-001
1.354577e+004,5.591069e-001
1.354963e+004,7.915384e-001
1.355349e+004,1.079260e+000
1.355734e+004,1.320402e+000
1.356120e+004,1.439378e+000
1.356506e+004,1.424146e+000
1.356892e+004,1.337350e+000
1.357277e+004,1.293789e+000
1.357663e+004,1.411134e+000
1.358049e+004,1.772565e+000
1.358434e+004,2.332304e+000
1.358820e+004,2.955010e+000
1.359206e+004,3.442934e+000
1.359591e+004,3.606124e+000
1.359977e+004,3.336720e+000
1.360363e+004,2.656691e+000
1.360749e+004,1.717169e+000
1.361134e+004,7.455716e-001
1.361520e+004,-3.558373e-002
1.361906e+004,-4.956990e-001
1.362291e+004,-6.470181e-001
1.362677e+004,-6.341219e-001
1.363063e+004,-6.670706e-001
1.363448e+004,-9.259362e-001
1.363834e+004,-1.477639e+000
1.364220e+004,-2.243850e+000
1.364605e+004,-3.021080e+000
1.364991e+004,-3.567464e+000
1.365377e+004,-3.697647e+000
1.365763e+004,-3.353169e+000
1.366148e+004,-2.618472e+000
1.366534e+004,-1.679691e+000
1.366920e+004,-7.489895e-001
1.367305e+004,2.793453e-002
1.367691e+004,5.488890e-001
1.368077e+004,8.253407e-001
1.368463e+004,9.202862e-001
1.368848e+004,8.988736e-001
1.369234e+004,7.969996e-001
1.369620e+004,6.203697e-001
1.370005e+004,3.669738e-001
1.370391e+004,-4.933853e-002
1.370777e+004,-3.833831e-001
1.371162e+004,-4.482743e-001
1.371548e+004,-1.453949e-001
1.371934e+004,4.813350e-001
1.372320e+004,1.263824e+000
1.372705e+004,1.969772e+000
1.373091e+004,2.355191e+000
1.373477e+004,2.458368e+000
1.373862e+004,2.214368e+000
1.374248e+004,1.554792e+000
1.374634e+004,4.969685e-001
1.375019e+004,-8.109622e-001
1.375405e+004,-2.099417e+000
1.375791e+004,-3.059925e+000
1.376176e+004,-3.474052e+000
1.376562e+004,-3.273035e+000
1.376948e+004,-2.812965e+000
1.377334e+004,-2.326197e+000
1.377719e+004,-2.045497e+000
1.378105e+004,-2.103437e+000
1.378491e+004,-2.468716e+000
1.378876e+004,-2.951302e+000
1.379262e+004,-3.277821e+000
1.379648e+004,-3.221963e+000
1.380033e+004,-2.679172e+000
1.380419e+004,-1.711977e+000
1.380805e+004,-5.246337e-001
1.381191e+004,6.198494e-001
1.381576e+004,1.500742e+000
1.381962e+004,2.014302e+000
1.382348e+004,2.192260e+000
1.382733e+004,2.158472e+000
1.383119e+004,2.066225e+000
1.383505e+004,2.012064e+000
1.383891e+004,2.010419e+000
1.384276e+004,2.006448e+000
1.384662e+004,1.923077e+000
1.385048e+004,1.714621e+000
1.385433e+004,1.398897e+000
1.385819e+004,1.051880e+000
1.386205e+004,7.748207e-001
1.386590e+004,6.486211e-001
1.386976e+004,7.033025e-001
1.387362e+004,9.148360e-001
1.387747e+004,1.228407e+000
1.388133e+004,1.592799e+000
1.388519e+004,1.985842e+000
1.388905e+004,2.411751e+000
1.389290e+004,2.897638e+000
1.389676e+004,3.447291e+000
1.390062e+004,4.024373e+000
1.390447e+004,4.551856e+000
1.390833e+004,4.934628e+000
1.391219e+004,5.094566e+000
1.391604e+004,5.000894e+000
1.391990e+004,4.682148e+000
1.392376e+004,4.211465e+000
1.392762e+004,3.677341e+000
1.393147e+004,3.153818e+000
1.393533e+004,2.683176e+000
1.393919e+004,2.278249e+000
1.394304e+004,1.939929e+000
1.394690e+004,1.677511e+000
1.395076e+004,1.519084e+000
1.395462e+004,1.502165e+000
1.395847e+004,1.654056e+000
1.396233e+004,1.966876e+000
1.396619e+004,2.384645e+000
1.397004e+004,2.810657e+000
1.397390e+004,3.134336e+000
1.397776e+004,3.267215e+000
1.398161e+004,3.172080e+000
1.398547e+004,2.876273e+000
1.398933e+004,2.457727e+000
1.399318e+004,2.014877e+000
1.399704e+004,1.630907e+000
1.400090e+004,1.347187e+000
1.400476e+004,1.155696e+000
1.400861e+004,1.011842e+000
1.401247e+004,8.590115e-001
1.401633e+004,6.625428e-001
1.402018e+004,4.212717e-001
1.402404e+004,1.717967e-001
1.402790e+004,-2.666131e-002
1.403175e+004,-1.175138e-001
1.403561e+004,-7.207521e-002
1.403947e+004,9.498598e-002
1.404333e+004,3.351870e-001
1.404718e+004,5.557263e-001
1.405104e+004,6.735830e-001
1.405490e+004,6.407403e-001
1.405875e+004,4.659185e-001
1.406261e+004,2.171557e-001
1.406647e+004,2.019845e-003
1.407032e+004,-6.982422e-002
1.407418e+004,1.030881e-001
1.407804e+004,4.877930e-001
1.408190e+004,9.779350e-001
1.408575e+004,1.403050e+000
1.408961e+004,1.589650e+000
1.409347e+004,1.430390e+000
1.409732e+004,9.330107e-001
1.410118e+004,2.266118e-001
1.410504e+004,-7.166058e-001
1.410889e+004,-1.353844e+000
1.411275e+004,-1.508333e+000
1.411661e+004,-1.271858e+000
1.412047e+004,-9.457030e-001
1.412432e+004,-8.662581e-001
1.412818e+004,-1.213372e+000
1.413204e+004,-1.909079e+000
1.413589e+004,-2.607572e+000
1.413975e+004,-3.110355e+000
1.414361e+004,-3.230932e+000
1.414746e+004,-2.935055e+000
1.415132e+004,-2.336413e+000
1.415518e+004,-1.625291e+000
1.415904e+004,-9.728220e-001
1.416289e+004,-4.616659e-001
1.416675e+004,-1.864024e-001
1.417061e+004,7.495689e-002
1.417446e+004,3.824563e-001
1.417832e+004,7.517866e-001
1.418218e+004,1.145214e+000
1.418603e+004,1.490650e+000
1.418989e+004,1.718445e+000
1.419375e+004,1.798023e+000
1.419761e+004,1.776828e+000
1.420146e+004,1.718794e+000
1.420532e+004,1.718553e+000
1.420918e+004,1.857984e+000
1.421303e+004,2.175227e+000
1.421689e+004,2.648527e+000
1.422075e+004,3.199332e+000
1.422460e+004,3.712142e+000
1.422846e+004,4.066099e+000
1.423232e+004,4.160212e+000
1.423618e+004,3.937691e+000
1.424003e+004,3.396782e+000
1.424389e+004,2.592670e+000
1.424775e+004,1.630174e+000
1.425160e+004,6.487132e-001
1.425546e+004,-1.988900e-001
1.425932e+004,-7.761174e-001
1.426317e+004,-9.818183e-001
1.426703e+004,-7.719978e-001
1.427089e+004,-1.726189e-001
1.427475e+004,7.222450e-001
1.427860e+004,1.767315e+000
1.428246e+004,2.795129e+000
1.428632e+004,3.650364e+000
1.429017e+004,4.215189e+000
1.429403e+004,4.448634e+000
1.429789e+004,4.365752e+000
1.430174e+004,4.033919e+000
1.430560e+004,3.550247e+000
1.430946e+004,3.016067e+000
1.431332e+004,2.515831e+000
1.431717e+004,2.105376e+000
1.432103e+004,1.811235e+000
1.432489e+004,1.635143e+000
1.432874e+004,1.566959e+000
1.433260e+004,1.592446e+000
1.433646e+004,1.697330e+000
1.434031e+004,1.866091e+000
1.434417e+004,2.077389e+000
1.434803e+004,2.299498e+000
1.435189e+004,2.489771e+000
1.435574e+004,2.598223e+000
1.435960e+004,2.577650e+000
1.436346e+004,2.396302e+000
1.436731e+004,2.049411e+000
1.437117e+004,1.565270e+000
1.437503e+004,1.002971e+000
1.437888e+004,4.416063e-001
1.438274e+004,-3.556299e-002
1.438660e+004,-3.613607e-001
1.439046e+004,-4.951675e-001
1.439431e+004,-4.288695e-001
1.439817e+004,-1.831190e-001
1.440203e+004,2.026114e-001
1.440588e+004,6.814460e-001
1.440974e+004,1.207253e+000
1.441360e+004,1.737139e+000
1.441745e+004,2.228514e+000
1.442131e+004,2.635552e+000
1.442517e+004,2.909014e+000
1.442903e+004,3.002465e+000
1.443288e+004,2.884188e+000
1.443674e+004,2.550311e+000
1.444060e+004,2.032741e+000
1.444445e+004,1.394794e+000
1.444831e+004,7.221091e-001
1.445217e+004,9.605628e-002
1.445602e+004,-4.273511e-001
1.445988e+004,-8.312587e-001
1.446374e+004,-1.137935e+000
1.446760e+004,-1.395099e+000
1.447145e+004,-1.654319e+000
1.447531e+004,-1.951861e+000
1.447917e+004,-2.290873e+000
1.448302e+004,-2.646966e+000
1.448688e+004,-2.976453e+000
1.449074e+004,-3.231126e+000
1.449459e+004,-3.371019e+000
1.449845e+004,-3.371030e+000
1.450231e+004,-3.221349e+000
1.450617e+004,-2.923904e+000
1.451002e+004,-2.493533e+000
1.451388e+004,-1.957072e+000
1.451774e+004,-1.356492e+000
1.452159e+004,-7.489299e-001
1.452545e+004,-2.006454e-001
1.452931e+004,2.256878e-001
1.453316e+004,4.866559e-001
1.453702e+004,5.649956e-001
1.454088e+004,4.930198e-001
1.454474e+004,3.187215e-001
1.454859e+004,1.000971e-001
1.455245e+004,-1.107353e-001
1.455631e+004,-2.766219e-001
1.456016e+004,-3.743084e-001
1.456402e+004,-3.859201e-001
1.456788e+004,-2.914337e-001
1.457173e+004,-1.178338e-001
1.457559e+004,1.387331e-001
1.457945e+004,4.784273e-001
1.458331e+004,8.876413e-001
1.458716e+004,1.331523e+000
1.459102e+004,1.753449e+000
1.459488e+004,2.083467e+000
1.459873e+004,1.981798e+000
1.460259e+004,1.730015e+000
1.460645e+004,1.369279e+000
1.461030e+004,9.539657e-001
1.461416e+004,5.410789e-001
1.461802e+004,1.799478e-001
1.462188e+004,-9.562124e-002
1.462573e+004,-2.712556e-001
1.462959e+004,-4.150493e-001
1.463345e+004,-4.659639e-001
1.463730e+004,-3.934396e-001
1.464116e+004,-2.241138e-001
1.464502e+004,-2.227711e-002
1.464887e+004,1.411278e-001
1.465273e+004,2.154016e-001
1.465659e+004,1.816165e-001
1.466045e+004,4.710404e-002
1.466430e+004,-1.696368e-001
1.466816e+004,-4.512130e-001
1.467202e+004,-7.821921e-001
1.467587e+004,-1.138092e+000
1.467973e+004,-1.470986e+000
1.468359e+004,-1.704219e+000
1.468744e+004,-1.745104e+000
1.469130e+004,-1.530244e+000
1.469516e+004,-1.024125e+000
1.469902e+004,-2.659484e-001
1.470287e+004,6.368861e-001
1.470673e+004,1.537270e+000
1.471059e+004,2.294933e+000
1.471444e+004,2.822273e+000
1.471830e+004,3.109694e+000
1.472216e+004,3.215961e+000
1.472601e+004,3.243350e+000
1.472987e+004,3.274930e+000
1.473373e+004,3.341328e+000
1.473758e+004,3.407906e+000
1.474144e+004,3.393960e+000
1.474530e+004,3.214837e+000
1.474916e+004,2.827442e+000
1.475301e+004,2.251249e+000
1.475687e+004,1.587274e+000
1.476073e+004,9.702556e-001
1.476458e+004,5.240226e-001
1.476844e+004,3.188070e-001
1.477230e+004,3.512566e-001
1.477616e+004,5.529388e-001
1.478001e+004,8.199961e-001
1.478387e+004,1.046432e+000
1.478773e+004,1.144531e+000
1.479158e+004,1.063110e+000
1.479544e+004,7.775244e-001
1.479930e+004,2.782393e-001
1.480315e+004,-4.324980e-001
1.480701e+004,-1.330979e+000
1.481087e+004,-2.355180e+000
1.481472e+004,-3.417208e+000
1.481858e+004,-4.333660e+000
1.482244e+004,-4.938433e+000
1.482630e+004,-5.107849e+000
1.483015e+004,-4.805757e+000
1.483401e+004,-4.102830e+000
1.483787e+004,-3.158387e+000
1.484172e+004,-2.169291e+000
1.484558e+004,-1.296066e+000
1.484944e+004,-6.427655e-001
1.485329e+004,-2.079639e-001
1.485715e+004,8.342028e-002
1.486101e+004,3.290443e-001
1.486487e+004,5.948896e-001
1.486872e+004,8.828796e-001
1.487258e+004,1.133973e+000
1.487644e+004,1.263158e+000
1.488029e+004,1.205606e+000
1.488415e+004,9.609059e-001
1.488801e+004,6.020353e-001
1.489187e+004,2.541635e-001
1.489572e+004,5.157295e-002
1.489958e+004,9.166270e-002
1.490344e+004,4.043109e-001
1.490729e+004,9.480328e-001
1.491115e+004,1.623940e+000
1.491501e+004,2.309653e+000
1.491886e+004,2.892222e+000
1.492272e+004,3.292232e+000
1.492658e+004,3.475275e+000
1.493043e+004,3.452161e+000
1.493429e+004,3.271296e+000
1.493815e+004,3.005010e+000
1.494201e+004,2.735443e+000
1.494586e+004,2.533534e+000
1.494972e+004,2.440460e+000
1.495358e+004,2.455331e+000
1.495743e+004,2.535229e+000
1.496129e+004,2.610271e+000
1.496515e+004,2.610194e+000
1.496900e+004,2.490677e+000
1.497286e+004,2.256904e+000
1.497672e+004,1.957819e+000
1.498058e+004,1.665572e+000
1.498443e+004,1.442588e+000
1.498829e+004,1.312646e+000
1.499215e+004,1.249839e+000
1.499600e+004,1.191084e+000
1.499986e+004,1.066015e+000
