5.014096e+002,-7.052844e+000
5.052666e+002,-5.143387e+000
5.091236e+002,-2.736509e+000
5.129806e+002,-1.306875e-001
5.168376e+002,2.309030e+000
5.206946e+002,4.216020e+000
5.245516e+002,5.314017e+000
5.284086e+002,5.450980e+000
5.322656e+002,5.035167e+000
5.361226e+002,4.244794e+000
5.399796e+002,3.324238e+000
5.438365e+002,2.518726e+000
5.476936e+002,2.009105e+000
5.515505e+002,1.869051e+000
5.554076e+002,2.059165e+000
5.592646e+002,2.445628e+000
5.631216e+002,2.881387e+000
5.669786e+002,3.260704e+000
5.708356e+002,3.540313e+000
5.746926e+002,3.743209e+000
5.785496e+002,3.934609e+000
5.824066e+002,4.181977e+000
5.862635e+002,4.517156e+000
5.901205e+002,4.899942e+000
5.939775e+002,5.279574e+000
5.978345e+002,5.569705e+000
6.016915e+002,5.698247e+000
6.055485e+002,5.632319e+000
6.094055e+002,5.383591e+000
6.132625e+002,4.993383e+000
6.171195e+002,4.507243e+000
6.209765e+002,3.967947e+000
6.248335e+002,3.374278e+000
6.286905e+002,2.725049e+000
6.325475e+002,2.036537e+000
6.364045e+002,1.361647e+000
6.402615e+002,7.896482e-001
6.441185e+002,4.212958e-001
6.479755e+002,3.272799e-001
6.518325e+002,5.495341e-001
6.556895e+002,7.595446e-001
6.595465e+002,9.437878e-001
6.634035e+002,1.084774e+000
6.672605e+002,1.163388e+000
6.711175e+002,1.161113e+000
6.749745e+002,1.061996e+000
6.788315e+002,8.543600e-001
6.826885e+002,5.430282e-001
6.865455e+002,9.809457e-002
6.904025e+002,-4.272277e-001
6.942595e+002,-9.658837e-001
6.981165e+002,-1.451661e+000
7.019734e+002,-1.831479e+000
7.058304e+002,-2.072172e+000
7.096874e+002,-2.160767e+000
7.135444e+002,-1.481580e+000
7.174014e+002,-4.751475e-001
7.212584e+002,7.325116e-001
7.251154e+002,1.997371e+000
7.289724e+002,3.171038e+000
7.328294e+002,4.108139e+000
7.366864e+002,4.677434e+000
7.405435e+002,4.784362e+000
7.444004e+002,4.403426e+000
7.482574e+002,3.604779e+000
7.521144e+002,2.572656e+000
7.559714e+002,1.572564e+000
7.598284e+002,8.867295e-001
7.636854e+002,7.297644e-001
7.675424e+002,1.174302e+000
7.713994e+002,2.117088e+000
7.752564e+002,3.302894e+000
7.791134e+002,4.401840e+000
7.829704e+002,5.113055e+000
7.868274e+002,5.257305e+000
7.906844e+002,4.824559e+000
7.945414e+002,3.961112e+000
7.983984e+002,2.905307e+000
8.022554e+002,1.900753e+000
8.061124e+002,1.123000e+000
8.099694e+002,6.447667e-001
8.138264e+002,4.493492e-001
8.176833e+002,4.757249e-001
8.215403e+002,6.693636e-001
8.253973e+002,1.012254e+000
8.292544e+002,1.519182e+000
8.331113e+002,2.205822e+000
8.369684e+002,3.051881e+000
8.408253e+002,3.967379e+000
8.446824e+002,4.810565e+000
8.485393e+002,5.424094e+000
8.523964e+002,5.689439e+000
8.562533e+002,5.572073e+000
8.601104e+002,5.136909e+000
8.639673e+002,4.526695e+000
8.678243e+002,3.906954e+000
8.716813e+002,3.424596e+000
8.755383e+002,3.150536e+000
8.793953e+002,3.071760e+000
8.832523e+002,3.111709e+000
8.871093e+002,3.171175e+000
8.909663e+002,3.171101e+000
8.948233e+002,3.080287e+000
8.986803e+002,2.915226e+000
9.025373e+002,2.737008e+000
9.063943e+002,2.608852e+000
9.102513e+002,2.574631e+000
9.141083e+002,2.644467e+000
9.179653e+002,2.795295e+000
9.218223e+002,2.983093e+000
9.256793e+002,3.159886e+000
9.295363e+002,3.288741e+000
9.333933e+002,3.352249e+000
9.372502e+002,3.353892e+000
9.411073e+002,3.313135e+000
9.449642e+002,3.255881e+000
9.488213e+002,3.202650e+000
9.526782e+002,3.156988e+000
9.565353e+002,3.097367e+000
9.603922e+002,2.976138e+000
9.642493e+002,2.730089e+000
9.681062e+002,2.300672e+000
9.719633e+002,1.661627e+000
9.758203e+002,8.443421e-001
9.796772e+002,-4.983217e-002
9.835342e+002,-8.590282e-001
9.873912e+002,-1.394205e+000
9.912482e+002,-1.488216e+000
9.951052e+002,-1.057050e+000
9.989622e+002,-1.215247e-001
1.002819e+003,1.180002e+000
1.006676e+003,2.618760e+000
1.010533e+003,3.930331e+000
1.014390e+003,4.880716e+000
1.018247e+003,5.323225e+000
1.022104e+003,5.255452e+000
1.025961e+003,4.751897e+000
1.029818e+003,3.964927e+000
1.033675e+003,3.072492e+000
1.037532e+003,2.230870e+000
1.041389e+003,1.542171e+000
1.045246e+003,1.044088e+000
1.049103e+003,7.207301e-001
1.052960e+003,5.568171e-001
1.056817e+003,4.379212e-001
1.060674e+003,3.323896e-001
1.064531e+003,2.245649e-001
1.068388e+003,1.083152e-001
1.072245e+003,-2.320805e-002
1.076102e+003,-1.852746e-001
1.079959e+003,-4.021316e-001
1.083816e+003,-7.628838e-001
1.087673e+003,-1.217570e+000
1.091530e+003,-1.758197e+000
1.095387e+003,-2.355266e+000
1.099244e+003,-2.958841e+000
1.103101e+003,-3.506642e+000
1.106958e+003,-3.937025e+000
1.110815e+003,-4.202894e+000
1.114672e+003,-4.241174e+000
1.118529e+003,-4.090056e+000
1.122386e+003,-3.783975e+000
1.126243e+003,-3.372516e+000
1.130100e+003,-2.906147e+000
1.133957e+003,-2.424615e+000
1.137814e+003,-1.951817e+000
1.141671e+003,-1.498044e+000
1.145528e+003,-9.311798e-001
1.149385e+003,-3.911335e-001
1.153242e+003,1.002142e-001
1.157099e+003,5.118728e-001
1.160956e+003,8.135399e-001
1.164813e+003,9.881793e-001
1.168670e+003,1.040573e+000
1.172527e+003,9.969079e-001
1.176384e+003,9.247913e-001
1.180241e+003,8.178555e-001
1.184098e+003,6.971883e-001
1.187955e+003,5.670282e-001
1.191812e+003,4.249277e-001
1.195669e+003,2.789398e-001
1.199526e+003,1.616171e-001
1.203383e+003,1.308826e-001
1.207240e+003,2.584870e-001
1.211097e+003,5.922706e-001
1.214954e+003,1.132057e+000
1.218811e+003,1.814724e+000
1.222668e+003,2.527652e+000
1.226525e+003,3.146885e+000
1.230382e+003,3.585897e+000
1.234239e+003,3.833954e+000
1.238096e+003,3.969561e+000
1.241953e+003,4.123205e+000
1.245810e+003,4.433189e+000
1.249667e+003,4.979485e+000
1.253524e+003,5.742423e+000
1.257381e+003,6.600940e+000
1.261238e+003,7.373163e+000
1.265095e+003,7.884378e+000
1.268952e+003,8.035698e+000
1.272809e+003,7.843693e+000
1.276666e+003,7.447598e+000
1.280523e+003,7.062942e+000
1.284380e+003,6.912750e+000
1.288237e+003,7.158603e+000
1.292094e+003,7.854810e+000
1.295951e+003,8.938181e+000
1.299808e+003,1.025406e+001
1.303665e+003,1.159492e+001
1.307522e+003,1.275707e+001
1.311379e+003,1.358218e+001
1.315236e+003,1.398381e+001
1.319093e+003,1.395749e+001
1.322950e+003,1.357684e+001
1.326807e+003,1.297879e+001
1.330664e+003,1.233719e+001
1.334521e+003,1.183711e+001
1.338378e+003,1.162969e+001
1.342235e+003,1.179874e+001
1.346092e+003,1.233830e+001
1.349949e+003,1.315264e+001
1.353806e+003,1.408175e+001
1.357663e+003,1.494676e+001
1.361520e+003,1.560026e+001
1.365377e+003,1.596588e+001
1.369234e+003,1.605394e+001
1.373091e+003,1.594614e+001
1.376948e+003,1.575981e+001
1.380805e+003,1.560687e+001
1.384662e+003,1.556397e+001
1.388519e+003,1.566336e+001
1.392376e+003,1.590139e+001
1.396233e+003,1.626577e+001
1.400090e+003,1.674348e+001
1.403947e+003,1.732590e+001
1.407804e+003,1.799700e+001
1.411661e+003,1.871568e+001
1.415518e+003,1.940494e+001
1.419375e+003,1.995769e+001
1.423232e+003,2.026070e+001
1.427089e+003,2.022900e+001
1.430946e+003,1.983764e+001
1.434803e+003,1.913600e+001
1.438660e+003,1.823903e+001
1.442517e+003,1.729831e+001
1.446374e+003,1.646373e+001
1.450231e+003,1.584862e+001
1.454088e+003,1.550803e+001
1.457945e+003,1.543449e+001
1.461802e+003,1.556424e+001
1.465659e+003,1.579434e+001
1.469516e+003,1.600227e+001
1.473373e+003,1.606738e+001
1.477230e+003,1.589456e+001
1.481087e+003,1.543929e+001
1.484944e+003,1.472850e+001
1.488801e+003,1.387181e+001
1.492658e+003,1.304756e+001
1.496515e+003,1.246427e+001
1.500372e+003,1.230179e+001
1.504229e+003,1.264914e+001
1.508086e+003,1.346157e+001
1.511943e+003,1.455601e+001
1.515800e+003,1.565293e+001
1.519657e+003,1.645061e+001
1.523514e+003,1.671631e+001
1.527371e+003,1.635432e+001
1.531228e+003,1.543088e+001
1.535085e+003,1.414750e+001
1.538942e+003,1.277425e+001
1.542799e+003,1.156927e+001
1.546656e+003,1.071312e+001
1.550513e+003,1.028322e+001
1.554370e+003,1.026295e+001
1.558227e+003,1.058309e+001
1.562084e+003,1.116813e+001
1.565941e+003,1.196725e+001
1.569798e+003,1.295911e+001
1.573655e+003,1.413339e+001
1.577512e+003,1.546276e+001
1.581369e+003,1.688192e+001
1.585226e+003,1.828504e+001
1.589083e+003,1.954298e+001
1.592940e+003,2.053221e+001
1.596797e+003,2.116330e+001
1.600654e+003,2.139877e+001
1.604511e+003,2.125638e+001
1.608368e+003,2.080100e+001
1.612225e+003,2.012881e+001
1.616082e+003,1.935259e+001
1.619939e+003,1.858646e+001
1.623796e+003,1.793030e+001
1.627653e+003,1.745248e+001
1.631510e+003,1.717356e+001
1.635367e+003,1.705721e+001
1.639224e+003,1.701615e+001
1.643081e+003,1.693671e+001
1.646938e+003,1.671815e+001
1.650795e+003,1.631286e+001
1.654652e+003,1.575128e+001
1.658509e+003,1.513776e+001
1.662366e+003,1.461516e+001
1.666223e+003,1.430981e+001
1.670080e+003,1.427817e+001
1.673937e+003,1.448228e+001
1.677794e+003,1.480049e+001
1.681651e+003,1.507560e+001
1.685508e+003,1.517865e+001
1.689365e+003,1.506109e+001
1.693222e+003,1.477252e+001
1.697079e+003,1.443598e+001
1.700936e+003,1.419102e+001
1.704793e+003,1.413536e+001
1.708650e+003,1.428198e+001
1.712507e+003,1.455926e+001
1.716364e+003,1.484831e+001
1.720221e+003,1.504037e+001
1.724078e+003,1.508806e+001
1.727935e+003,1.502777e+001
1.731792e+003,1.496374e+001
1.735649e+003,1.502592e+001
1.739506e+003,1.531409e+001
1.743363e+003,1.585796e+001
1.747220e+003,1.660345e+001
1.751077e+003,1.742720e+001
1.754934e+003,1.816937e+001
1.758791e+003,1.867024e+001
1.762648e+003,1.879951e+001
1.766505e+003,1.847459e+001
1.770362e+003,1.767038e+001
1.774219e+003,1.642611e+001
1.778076e+003,1.484954e+001
1.781933e+003,1.311400e+001
1.785790e+003,1.144020e+001
1.789647e+003,1.005794e+001
1.793504e+003,9.151455e+000
1.797361e+003,8.806943e+000
1.801218e+003,8.975365e+000
1.805075e+003,9.477474e+000
1.808932e+003,1.005174e+001
1.812789e+003,1.043386e+001
1.816646e+003,1.044105e+001
1.820503e+003,1.002981e+001
1.824360e+003,9.303810e+000
1.828217e+003,8.473338e+000
1.832073e+003,7.772758e+000
1.835931e+003,7.376747e+000
1.839788e+003,7.343045e+000
1.843645e+003,7.602431e+000
1.847501e+003,7.996158e+000
1.851359e+003,8.342459e+000
1.855216e+003,8.503746e+000
1.859073e+003,8.430360e+000
1.862929e+003,8.165686e+000
1.866787e+003,7.817806e+000
1.870644e+003,7.512883e+000
1.874500e+003,7.350768e+000
1.878357e+003,7.378322e+000
1.882215e+003,7.585685e+000
1.886072e+003,7.921332e+000
1.889928e+003,8.311375e+000
1.893786e+003,8.680318e+000
1.897643e+003,8.962088e+000
1.901500e+003,9.105001e+000
1.905356e+003,9.074823e+000
1.909214e+003,8.859799e+000
1.913071e+003,8.477755e+000
1.916927e+003,7.981158e+000
1.920784e+003,7.453265e+000
1.924642e+003,6.992701e+000
1.928499e+003,6.685869e+000
1.932355e+003,6.575276e+000
1.936212e+003,6.634908e+000
1.940070e+003,6.763889e+000
1.943927e+003,6.804865e+000
1.947783e+003,6.585478e+000
1.951640e+003,5.973097e+000
1.955498e+003,4.922977e+000
1.959354e+003,3.508014e+000
1.963211e+003,1.914600e+000
1.967068e+003,4.029011e-001
1.970926e+003,-7.591559e-001
1.974782e+003,-1.369190e+000
1.978639e+003,-1.349193e+000
1.982497e+003,-7.679306e-001
1.986354e+003,1.851414e-001
1.990210e+003,1.254962e+000
1.994067e+003,2.196556e+000
1.997925e+003,2.842955e+000
2.001781e+003,3.142322e+000
2.005638e+003,3.152735e+000
2.009495e+003,2.992077e+000
2.013353e+003,2.796427e+000
2.017209e+003,2.643644e+000
2.021066e+003,2.533502e+000
2.024923e+003,2.396833e+000
2.028781e+003,2.135136e+000
2.032637e+003,1.672326e+000
2.036494e+003,9.964790e-001
2.040351e+003,1.703029e-001
2.044208e+003,-6.700939e-001
2.048065e+003,-1.369947e+000
2.051922e+003,-1.790467e+000
2.055779e+003,-1.840148e+000
2.059636e+003,-1.486816e+000
2.063493e+003,-7.515152e-001
2.067350e+003,3.071483e-001
2.071207e+003,1.587162e+000
2.075064e+003,3.013781e+000
2.078921e+003,4.479006e+000
2.082778e+003,5.859750e+000
2.086635e+003,7.024899e+000
2.090492e+003,7.853623e+000
2.094349e+003,8.261903e+000
2.098206e+003,8.228149e+000
2.102063e+003,7.822842e+000
2.105920e+003,7.159210e+000
2.109777e+003,6.397341e+000
2.113634e+003,5.702693e+000
2.117491e+003,5.208795e+000
2.121348e+003,4.990705e+000
2.125205e+003,5.056009e+000
2.129062e+003,5.353672e+000
2.132919e+003,5.787658e+000
2.136776e+003,6.261207e+000
2.140633e+003,6.688372e+000
2.144490e+003,7.005819e+000
2.148347e+003,7.176873e+000
2.152204e+003,7.188436e+000
2.156061e+003,7.043286e+000
2.159918e+003,6.750296e+000
2.163775e+003,6.323003e+000
2.167632e+003,5.757561e+000
2.171489e+003,5.040039e+000
2.175346e+003,4.152381e+000
2.179203e+003,3.085759e+000
2.183060e+003,1.857333e+000
2.186917e+003,5.241176e-001
2.190774e+003,-8.131287e-001
2.194631e+003,-2.014924e+000
2.198488e+003,-2.949284e+000
2.202345e+003,-3.504015e+000
2.206202e+003,-3.625396e+000
2.210059e+003,-3.336390e+000
2.213916e+003,-2.734227e+000
2.217773e+003,-1.967295e+000
2.221630e+003,-1.198714e+000
2.225487e+003,-5.709627e-001
2.229344e+003,-1.760567e-001
2.233201e+003,-4.077077e-002
2.237058e+003,-1.320146e-001
2.240915e+003,-3.727219e-001
2.244772e+003,-6.607627e-001
2.248629e+003,-8.854055e-001
2.252486e+003,-9.406191e-001
2.256343e+003,-7.551379e-001
2.260200e+003,-2.448296e-001
2.264057e+003,5.898437e-001
2.267914e+003,1.675323e+000
2.271771e+003,2.864841e+000
2.275628e+003,3.961644e+000
2.279485e+003,4.765220e+000
2.283342e+003,5.128891e+000
2.287199e+003,4.974140e+000
2.291056e+003,4.396064e+000
2.294913e+003,3.583678e+000
2.298770e+003,2.765714e+000
2.302627e+003,2.127163e+000
2.306484e+003,1.742278e+000
2.310341e+003,1.552367e+000
2.314198e+003,1.398595e+000
2.318055e+003,1.047910e+000
2.321912e+003,4.159932e-001
2.325769e+003,-4.965523e-001
2.329626e+003,-1.551148e+000
2.333483e+003,-2.522145e+000
2.337340e+003,-3.182444e+000
2.341197e+003,-3.385585e+000
2.345054e+003,-3.110638e+000
2.348911e+003,-2.428277e+000
2.352768e+003,-1.517931e+000
2.356625e+003,-5.749067e-001
2.360482e+003,2.492265e-001
2.364339e+003,8.670095e-001
2.368196e+003,1.244184e+000
2.372053e+003,1.376639e+000
2.375910e+003,1.276762e+000
2.379767e+003,9.823576e-001
2.383624e+003,5.656413e-001
2.387481e+003,1.617426e-001
2.391338e+003,-5.491038e-002
2.395195e+003,8.361244e-002
2.399052e+003,6.768852e-001
2.402909e+003,1.705196e+000
2.406766e+003,3.014943e+000
2.410623e+003,4.336668e+000
2.414480e+003,5.403518e+000
2.418337e+003,5.978580e+000
2.422194e+003,5.931084e+000
2.426051e+003,5.263635e+000
2.429908e+003,4.102236e+000
2.433765e+003,2.658628e+000
2.437622e+003,1.179726e+000
2.441479e+003,-8.300430e-002
2.445336e+003,-9.916149e-001
2.449193e+003,-1.464485e+000
2.453050e+003,-1.515959e+000
2.456907e+003,-1.250877e+000
2.460764e+003,-8.360922e-001
2.464621e+003,-4.513404e-001
2.468478e+003,-2.315161e-001
2.472335e+003,-2.257195e-001
2.476192e+003,-3.640201e-001
2.480049e+003,-5.101957e-001
2.483906e+003,-5.116061e-001
2.487763e+003,-2.682549e-001
2.491620e+003,2.177026e-001
2.495477e+003,8.351806e-001
2.499334e+003,1.405115e+000
2.503191e+003,1.755250e+000
2.507048e+003,1.789100e+000
2.510905e+003,1.524015e+000
2.514762e+003,1.086419e+000
2.518619e+003,6.640590e-001
2.522476e+003,4.393969e-001
2.526333e+003,5.330582e-001
2.530190e+003,9.784346e-001
2.534047e+003,1.730798e+000
2.537904e+003,2.700247e+000
2.541761e+003,3.785115e+000
2.545618e+003,4.888249e+000
2.549475e+003,5.914031e+000
2.553332e+003,6.755476e+000
2.557189e+003,7.288216e+000
2.561046e+003,7.384330e+000
2.564903e+003,6.945393e+000
2.568760e+003,5.947872e+000
2.572617e+003,4.471677e+000
2.576474e+003,2.701297e+000
2.580331e+003,8.922155e-001
2.584188e+003,-6.876986e-001
2.588045e+003,-1.822081e+000
2.591902e+003,-2.394061e+000
2.595759e+003,-2.403049e+000
2.599616e+003,-1.952643e+000
2.603473e+003,-1.213508e+000
2.607330e+003,-3.735348e-001
2.611187e+003,4.073999e-001
2.615044e+003,1.029377e+000
2.618901e+003,1.465916e+000
2.622758e+003,1.757594e+000
2.626615e+003,1.988159e+000
2.630472e+003,2.245063e+000
2.634329e+003,2.581398e+000
2.638186e+003,2.984740e+000
2.642043e+003,3.370496e+000
2.645900e+003,3.605975e+000
2.649757e+003,3.560714e+000
2.653614e+003,3.165646e+000
2.657471e+003,2.457856e+000
2.661328e+003,1.580848e+000
2.665185e+003,7.477344e-001
2.669042e+003,1.665590e-001
2.672899e+003,-3.752911e-002
2.676756e+003,1.297407e-001
2.680613e+003,5.365672e-001
2.684470e+003,9.828204e-001
2.688327e+003,1.286451e+000
2.692184e+003,1.361168e+000
2.696041e+003,1.247064e+000
2.699898e+003,1.083690e+000
2.703755e+003,1.036182e+000
2.707612e+003,1.208388e+000
2.711469e+003,1.583031e+000
2.715326e+003,2.016688e+000
2.719183e+003,2.293699e+000
2.723040e+003,2.213212e+000
2.726897e+003,1.674855e+000
2.730754e+003,7.278051e-001
2.734611e+003,-4.350753e-001
2.738468e+003,-1.533535e+000
2.742325e+003,-2.283516e+000
2.746182e+003,-2.477386e+000
2.750039e+003,-2.039030e+000
2.753896e+003,-1.027328e+000
2.757753e+003,3.855345e-001
2.761610e+003,1.963203e+000
2.765467e+003,3.460690e+000
2.769324e+003,4.673050e+000
2.773181e+003,5.468707e+000
2.777038e+003,5.803754e+000
2.780895e+003,5.717083e+000
2.784752e+003,5.308220e+000
2.788609e+003,4.705089e+000
2.792466e+003,4.028452e+000
2.796323e+003,3.364631e+000
2.800180e+003,2.754805e+000
2.804037e+003,2.203552e+000
2.807894e+003,1.701080e+000
2.811751e+003,1.243126e+000
2.815608e+003,8.551957e-001
2.819465e+003,5.739661e-001
2.823322e+003,4.277588e-001
2.827179e+003,4.101036e-001
2.831036e+003,4.666632e-001
2.834893e+003,5.068964e-001
2.838750e+003,4.396533e-001
2.842607e+003,2.123174e-001
2.846464e+003,-1.341290e-001
2.850321e+003,-4.799160e-001
2.854178e+003,-6.518958e-001
2.858035e+003,-4.814767e-001
2.861892e+003,1.340290e-001
2.865749e+003,1.190846e+000
2.869606e+003,2.573851e+000
2.873463e+003,4.111445e+000
2.877320e+003,5.542157e+000
2.881177e+003,6.651009e+000
2.885034e+003,7.286911e+000
2.888891e+003,7.378401e+000
2.892748e+003,6.929641e+000
2.896605e+003,6.006485e+000
2.900462e+003,4.720888e+000
2.904319e+003,3.099029e+000
2.908176e+003,1.415327e+000
2.912033e+003,-1.533382e-001
2.915890e+003,-1.468590e+000
2.919747e+003,-2.454397e+000
2.923604e+003,-3.103834e+000
2.927461e+003,-3.463525e+000
2.931318e+003,-3.601031e+000
2.935175e+003,-3.534251e+000
2.939032e+003,-3.233556e+000
2.942889e+003,-2.688938e+000
2.946746e+003,-1.883780e+000
2.950603e+003,-8.268829e-001
2.954460e+003,4.304330e-001
2.958317e+003,1.800799e+000
2.962174e+003,3.182628e+000
2.966031e+003,4.547245e+000
2.969888e+003,5.711951e+000
2.973745e+003,6.570380e+000
2.977602e+003,7.005516e+000
2.981459e+003,6.905331e+000
2.985316e+003,6.207739e+000
2.989173e+003,4.956275e+000
2.993030e+003,3.331790e+000
2.996887e+003,1.770763e+000
3.000744e+003,4.296238e-001
3.004601e+003,-4.685529e-001
3.008458e+003,-8.227404e-001
3.012315e+003,-6.816601e-001
3.016172e+003,-2.167111e-001
3.020029e+003,3.461291e-001
3.023886e+003,8.047155e-001
3.027743e+003,1.045133e+000
3.031600e+003,1.049987e+000
3.035457e+003,8.782223e-001
3.039314e+003,6.361138e-001
3.043171e+003,4.482068e-001
3.047028e+003,4.337755e-001
3.050885e+003,6.869603e-001
3.054742e+003,1.256310e+000
3.058599e+003,2.109998e+000
3.062456e+003,3.163637e+000
3.066313e+003,4.257740e+000
3.070170e+003,5.198462e+000
3.074027e+003,5.810872e+000
3.077884e+003,5.993403e+000
3.081741e+003,5.749937e+000
3.085598e+003,5.183495e+000
3.089455e+003,4.451414e+000
3.093312e+003,3.709254e+000
3.097169e+003,3.058039e+000
3.101026e+003,2.525597e+000
3.104883e+003,2.085993e+000
3.108740e+003,1.699498e+000
3.112597e+003,1.346346e+000
3.116454e+003,1.033379e+000
3.120311e+003,7.729490e-001
3.124168e+003,5.434149e-001
3.128025e+003,2.751976e-001
3.131882e+003,-1.313655e-001
3.135739e+003,-7.525284e-001
3.139596e+003,-1.578630e+000
3.143453e+003,-2.478727e+000
3.147310e+003,-3.218840e+000
3.151167e+003,-3.531740e+000
3.155024e+003,-3.221361e+000
3.158881e+003,-2.247010e+000
3.162738e+003,-7.540171e-001
3.166594e+003,9.636382e-001
3.170452e+003,2.553028e+000
3.174309e+003,3.707460e+000
3.178166e+003,4.247384e+000
3.182023e+003,4.137168e+000
3.185880e+003,3.530401e+000
3.189737e+003,2.615892e+000
3.193594e+003,1.602233e+000
3.197451e+003,6.706732e-001
3.201308e+003,-5.285351e-002
3.205165e+003,-5.070252e-001
3.209021e+003,-6.905624e-001
3.212879e+003,-7.237296e-001
3.216736e+003,-6.258017e-001
3.220593e+003,-4.581032e-001
3.224449e+003,-2.719067e-001
3.228307e+003,-1.016994e-001
3.232164e+003,3.283191e-002
3.236021e+003,1.177001e-001
3.239877e+003,1.347076e-001
3.243735e+003,-3.249240e-002
3.247592e+003,-2.216128e-001
3.251448e+003,-4.526455e-001
3.255305e+003,-7.304285e-001
3.259163e+003,-1.032946e+000
3.263020e+003,-1.309441e+000
3.266876e+003,-1.491594e+000
3.270734e+003,-1.515671e+000
3.274591e+003,-1.359455e+000
3.278448e+003,-1.038881e+000
3.282304e+003,-6.166525e-001
3.286162e+003,-1.895115e-001
3.290019e+003,1.395619e-001
3.293875e+003,2.947562e-001
3.297732e+003,2.547241e-001
3.301590e+003,6.337100e-002
3.305447e+003,-2.046788e-001
3.309303e+003,-4.220841e-001
3.313160e+003,-4.401003e-001
3.317018e+003,-1.869921e-001
3.320875e+003,3.091954e-001
3.324731e+003,9.420135e-001
3.328588e+003,1.579822e+000
3.332446e+003,2.124014e+000
3.336302e+003,2.506906e+000
3.340159e+003,2.783225e+000
3.344016e+003,3.019909e+000
3.347874e+003,3.256676e+000
3.351730e+003,3.468190e+000
3.355587e+003,3.567482e+000
3.359444e+003,3.450295e+000
3.363302e+003,3.057380e+000
3.367158e+003,2.398697e+000
3.371015e+003,1.630443e+000
3.374873e+003,9.419619e-001
3.378729e+003,5.031313e-001
3.382586e+003,3.952945e-001
3.386443e+003,5.797179e-001
3.390301e+003,9.172965e-001
3.394157e+003,1.228506e+000
3.398014e+003,1.366834e+000
3.401871e+003,1.261843e+000
3.405729e+003,9.381096e-001
3.409585e+003,4.867877e-001
3.413442e+003,2.011234e-002
3.417299e+003,-3.679133e-001
3.421156e+003,-6.183993e-001
3.425013e+003,-7.018437e-001
3.428870e+003,-5.998297e-001
3.432727e+003,-3.066578e-001
3.436584e+003,1.699696e-001
3.440441e+003,7.875220e-001
3.444298e+003,1.455045e+000
3.448155e+003,2.041333e+000
3.452012e+003,2.410033e+000
3.455869e+003,2.470600e+000
3.459726e+003,2.223205e+000
3.463583e+003,1.768822e+000
3.467440e+003,1.287153e+000
3.471297e+003,9.729598e-001
3.475154e+003,9.662700e-001
3.479011e+003,1.303052e+000
3.482868e+003,1.906178e+000
3.486725e+003,2.618164e+000
3.490582e+003,3.263731e+000
3.494439e+003,3.691453e+000
3.498296e+003,3.826438e+000
3.502153e+003,3.668776e+000
3.506010e+003,3.271320e+000
3.509867e+003,2.707572e+000
3.513724e+003,2.046039e+000
3.517581e+003,1.339638e+000
3.521438e+003,6.237472e-001
3.525295e+003,-6.166184e-002
3.529152e+003,-6.802282e-001
3.533009e+003,-1.198199e+000
3.536866e+003,-1.591606e+000
3.540723e+003,-1.852336e+000
3.544580e+003,-1.988824e+000
3.548437e+003,-2.021405e+000
3.552294e+003,-1.977564e+000
3.556151e+003,-1.882939e+000
3.560008e+003,-1.766112e+000
3.563865e+003,-1.655068e+000
3.567722e+003,-1.570796e+000
3.571579e+003,-1.514495e+000
3.575436e+003,-1.453360e+000
3.579293e+003,-1.315086e+000
3.583150e+003,-1.000984e+000
3.587007e+003,-4.201656e-001
3.590864e+003,4.642274e-001
3.594721e+003,1.595591e+000
3.598578e+003,2.812243e+000
3.602435e+003,3.876126e+000
3.606292e+003,4.538172e+000
3.610149e+003,4.619802e+000
3.614006e+003,4.085472e+000
3.617863e+003,3.056850e+000
3.621720e+003,1.794562e+000
3.625577e+003,6.261107e-001
3.629434e+003,-1.454446e-001
3.633291e+003,-3.227523e-001
3.637148e+003,1.398040e-001
3.641005e+003,1.136162e+000
3.644862e+003,2.442977e+000
3.648719e+003,3.801196e+000
3.652576e+003,4.967213e+000
3.656433e+003,5.763268e+000
3.660290e+003,6.103009e+000
3.664147e+003,5.993766e+000
3.668004e+003,5.520636e+000
3.671861e+003,4.819221e+000
3.675718e+003,4.050763e+000
3.679575e+003,3.348415e+000
3.683432e+003,2.813491e+000
3.687289e+003,2.495890e+000
3.691146e+003,2.392230e+000
3.695003e+003,2.456029e+000
3.698860e+003,2.616022e+000
3.702717e+003,2.796321e+000
3.706574e+003,2.932427e+000
3.710431e+003,2.979330e+000
3.714288e+003,2.912297e+000
3.718145e+003,2.724062e+000
3.722002e+003,2.423681e+000
3.725859e+003,2.038207e+000
3.729716e+003,1.615067e+000
3.733573e+003,1.220387e+000
3.737430e+003,9.275823e-001
3.741287e+003,7.998987e-001
3.745144e+003,8.705935e-001
3.749001e+003,1.125695e+000
3.752858e+003,1.501246e+000
3.756715e+003,1.897872e+000
3.760572e+003,2.209113e+000
3.764429e+003,2.353560e+000
3.768286e+003,2.293280e+000
3.772143e+003,2.056581e+000
3.776000e+003,1.705632e+000
3.779857e+003,1.317255e+000
3.783714e+003,9.557364e-001
3.787571e+003,6.554414e-001
3.791428e+003,4.193386e-001
3.795285e+003,2.319632e-001
3.799142e+003,7.005894e-002
3.802999e+003,-5.683470e-002
3.806856e+003,-1.252820e-001
3.810713e+003,-9.952533e-002
3.814570e+003,5.139971e-002
3.818427e+003,3.365782e-001
3.822284e+003,7.343436e-001
3.826141e+003,1.195812e+000
3.829998e+003,1.641160e+000
3.833855e+003,2.036952e+000
3.837712e+003,2.350175e+000
3.841569e+003,2.573246e+000
3.845426e+003,2.718112e+000
3.849283e+003,2.803108e+000
3.853140e+003,2.839627e+000
3.856997e+003,2.825797e+000
3.860854e+003,2.760695e+000
3.864711e+003,2.640988e+000
3.868568e+003,2.479619e+000
3.872425e+003,2.319372e+000
3.876282e+003,2.229495e+000
3.880139e+003,2.286700e+000
3.883996e+003,2.545148e+000
3.887853e+003,3.006060e+000
3.891710e+003,3.714696e+000
3.895567e+003,4.454068e+000
3.899424e+003,5.094304e+000
3.903281e+003,5.506357e+000
3.907138e+003,5.595899e+000
3.910995e+003,5.331010e+000
3.914852e+003,4.754070e+000
3.918709e+003,3.972624e+000
3.922566e+003,3.526668e+000
3.926423e+003,2.970025e+000
3.930280e+003,2.384829e+000
3.934137e+003,1.847465e+000
3.937994e+003,1.417062e+000
3.941851e+003,1.127708e+000
3.945708e+003,9.857891e-001
3.949565e+003,9.726397e-001
3.953422e+003,1.070335e+000
3.957279e+003,1.133855e+000
3.961136e+003,1.169865e+000
3.964993e+003,1.243399e+000
3.968850e+003,1.443540e+000
3.972707e+003,1.836431e+000
3.976564e+003,2.425427e+000
3.980421e+003,3.135479e+000
3.984278e+003,3.812573e+000
3.988135e+003,4.282534e+000
3.991992e+003,4.406276e+000
3.995849e+003,4.140497e+000
3.999706e+003,3.556561e+000
4.003563e+003,2.817992e+000
4.007420e+003,2.126925e+000
4.011277e+003,1.661280e+000
4.015134e+003,1.512794e+000
4.018991e+003,1.712579e+000
4.022848e+003,2.186400e+000
4.026705e+003,2.807029e+000
4.030562e+003,3.432241e+000
4.034419e+003,3.933811e+000
4.038276e+003,4.211870e+000
4.042133e+003,4.197986e+000
4.045990e+003,3.848733e+000
4.049847e+003,3.165273e+000
4.053704e+003,2.185749e+000
4.057561e+003,9.940622e-001
4.061418e+003,-2.844038e-001
4.065275e+003,-1.500000e+000
4.069132e+003,-2.506071e+000
4.072989e+003,-3.187201e+000
4.076846e+003,-3.478382e+000
4.080703e+003,-3.369910e+000
4.084560e+003,-2.889220e+000
4.088417e+003,-2.087472e+000
4.092274e+003,-1.028607e+000
4.096131e+003,2.093723e-001
4.099988e+003,1.523265e+000
4.103845e+003,2.774490e+000
4.107702e+003,3.777308e+000
4.111559e+003,4.387375e+000
4.115416e+003,4.477107e+000
4.119273e+003,4.009494e+000
4.123130e+003,3.071481e+000
4.126987e+003,1.871919e+000
4.130844e+003,6.973698e-001
4.134701e+003,-1.644165e-001
4.138558e+003,-4.991162e-001
4.142415e+003,-2.786616e-001
4.146271e+003,3.967725e-001
4.150129e+003,1.303608e+000
4.153986e+003,2.163383e+000
4.157843e+003,2.726689e+000
4.161700e+003,2.844872e+000
4.165557e+003,2.506961e+000
4.169414e+003,1.857185e+000
4.173271e+003,1.068490e+000
4.177128e+003,3.364328e-001
4.180985e+003,-1.874449e-001
4.184842e+003,-4.359847e-001
4.188699e+003,-4.395294e-001
4.192556e+003,-3.103295e-001
4.196413e+003,-2.046140e-001
4.200270e+003,-2.812831e-001
4.204126e+003,-6.121572e-001
4.207984e+003,-1.215695e+000
4.211841e+003,-2.029883e+000
4.215698e+003,-2.923452e+000
4.219555e+003,-3.724626e+000
4.223412e+003,-4.261036e+000
4.227269e+003,-4.401542e+000
4.231125e+003,-4.087812e+000
4.234982e+003,-3.343994e+000
4.238840e+003,-2.300835e+000
4.242697e+003,-1.151421e+000
4.246554e+003,-1.038138e-001
4.250411e+003,6.702359e-001
4.254268e+003,1.076318e+000
4.258125e+003,1.116843e+000
4.261981e+003,8.458562e-001
4.265839e+003,4.568703e-001
4.269696e+003,1.401539e-001
4.273553e+003,4.768991e-002
4.277410e+003,2.545056e-001
4.281267e+003,7.448846e-001
4.285124e+003,1.423981e+000
4.288980e+003,2.147639e+000
4.292837e+003,2.765471e+000
4.296695e+003,3.117839e+000
4.300552e+003,3.108946e+000
4.304409e+003,2.709004e+000
4.308266e+003,1.957321e+000
4.312123e+003,9.565046e-001
4.315979e+003,-1.406519e-001
4.319836e+003,-1.151707e+000
4.323693e+003,-1.899855e+000
4.327551e+003,-2.212924e+000
4.331408e+003,-2.002100e+000
4.335265e+003,-1.271469e+000
4.339122e+003,-1.230358e-001
4.342979e+003,1.262319e+000
4.346835e+003,2.664812e+000
4.350692e+003,3.875725e+000
4.354550e+003,4.744335e+000
4.358407e+003,5.195768e+000
4.362264e+003,5.240195e+000
4.366121e+003,4.946914e+000
4.369978e+003,4.409938e+000
4.373834e+003,3.716732e+000
4.377691e+003,2.931674e+000
4.381548e+003,2.097757e+000
4.385406e+003,1.253602e+000
4.389263e+003,4.413907e-001
4.393120e+003,-2.794296e-001
4.396977e+003,-8.431576e-001
4.400833e+003,-1.198713e+000
4.404690e+003,-1.332390e+000
4.408547e+003,-1.280307e+000
4.412404e+003,-1.122415e+000
4.416262e+003,-9.592616e-001
4.420119e+003,-8.736098e-001
4.423976e+003,-9.069433e-001
4.427833e+003,-1.045947e+000
4.431689e+003,-1.231407e+000
4.435546e+003,-1.384126e+000
4.439403e+003,-1.435972e+000
4.443260e+003,-1.351988e+000
4.447118e+003,-1.139094e+000
4.450975e+003,-8.198032e-001
4.454832e+003,-4.123821e-001
4.458688e+003,9.101206e-002
4.462545e+003,7.283852e-001
4.466402e+003,1.549602e+000
4.470259e+003,2.581183e+000
4.474117e+003,3.788930e+000
4.477974e+003,5.026917e+000
4.481831e+003,6.143819e+000
4.485688e+003,6.926060e+000
4.489544e+003,7.185916e+000
4.493401e+003,6.821635e+000
4.497258e+003,5.857170e+000
4.501115e+003,4.445557e+000
4.504973e+003,2.832316e+000
4.508830e+003,1.314164e+000
4.512687e+003,8.396134e-002
4.516543e+003,-7.414684e-001
4.520400e+003,-1.163499e+000
4.524257e+003,-1.284325e+000
4.528114e+003,-1.259441e+000
4.531971e+003,-1.237937e+000
4.535829e+003,-1.311974e+000
4.539686e+003,-1.483683e+000
4.543542e+003,-1.700346e+000
4.547399e+003,-1.867024e+000
4.551256e+003,-1.896709e+000
4.555113e+003,-1.747460e+000
4.558970e+003,-1.439137e+000
4.562828e+003,-1.044058e+000
4.566685e+003,-6.560369e-001
4.570542e+003,-3.521459e-001
4.574398e+003,-1.538264e-001
4.578255e+003,-2.149503e-002
4.582112e+003,1.357718e-001
4.585969e+003,4.277486e-001
4.589826e+003,9.406196e-001
4.593684e+003,1.699335e+000
4.597541e+003,2.648185e+000
4.601397e+003,3.658877e+000
4.605254e+003,4.555153e+000
4.609111e+003,5.165650e+000
4.612968e+003,5.370065e+000
4.616826e+003,5.133302e+000
4.620683e+003,4.515384e+000
4.624540e+003,3.654431e+000
4.628396e+003,2.728602e+000
4.632253e+003,1.901145e+000
4.636110e+003,1.313816e+000
4.639967e+003,1.020588e+000
4.643824e+003,1.000057e+000
4.647682e+003,1.177316e+000
4.651539e+003,1.457784e+000
4.655396e+003,1.759658e+000
4.659252e+003,2.033503e+000
4.663109e+003,2.280366e+000
4.666966e+003,2.481571e+000
4.670823e+003,2.634283e+000
4.674681e+003,2.714755e+000
4.678538e+003,2.674474e+000
4.682395e+003,2.453484e+000
4.686251e+003,2.005695e+000
4.690108e+003,1.325066e+000
4.693965e+003,4.410065e-001
4.697822e+003,-5.293508e-001
4.701679e+003,-1.451806e+000
4.705537e+003,-2.200959e+000
4.709394e+003,-2.695096e+000
4.713250e+003,-2.915605e+000
4.717107e+003,-2.903993e+000
4.720964e+003,-2.738697e+000
4.724821e+003,-2.496702e+000
4.728678e+003,-2.236092e+000
4.732535e+003,-1.973188e+000
4.736393e+003,-1.686075e+000
4.740250e+003,-1.333687e+000
4.744106e+003,-8.796040e-001
4.747963e+003,-3.093032e-001
4.751820e+003,3.657236e-001
4.755677e+003,1.127512e+000
4.759534e+003,1.930386e+000
4.763392e+003,2.746404e+000
4.767249e+003,3.555257e+000
4.771105e+003,4.335536e+000
4.774962e+003,5.052861e+000
4.778819e+003,5.653987e+000
4.782676e+003,6.073385e+000
4.786533e+003,6.243141e+000
4.790390e+003,6.136365e+000
4.794248e+003,5.773585e+000
4.798104e+003,5.224898e+000
4.801961e+003,4.590372e+000
4.805818e+003,3.966573e+000
4.809675e+003,3.412358e+000
4.813532e+003,2.928438e+000
4.817389e+003,2.443659e+000
4.821246e+003,1.889144e+000
4.825104e+003,1.189497e+000
4.828960e+003,3.181478e-001
4.832817e+003,-6.798859e-001
4.836674e+003,-1.689608e+000
4.840531e+003,-2.551190e+000
4.844388e+003,-3.100050e+000
4.848245e+003,-3.208693e+000
4.852103e+003,-2.812719e+000
4.855959e+003,-1.945729e+000
4.859816e+003,-7.276017e-001
4.863673e+003,6.579370e-001
4.867530e+003,1.999903e+000
4.871387e+003,3.103972e+000
4.875244e+003,3.835091e+000
4.879101e+003,4.154408e+000
4.882958e+003,4.109418e+000
4.886815e+003,3.842999e+000
4.890672e+003,3.540061e+000
4.894529e+003,3.367494e+000
4.898386e+003,3.416330e+000
4.902243e+003,3.666823e+000
4.906100e+003,3.991507e+000
4.909957e+003,4.198501e+000
4.913814e+003,4.098226e+000
4.917671e+003,3.581025e+000
4.921528e+003,2.662247e+000
4.925385e+003,1.484425e+000
4.929242e+003,2.733478e-001
4.933099e+003,-7.353609e-001
4.936956e+003,-1.371183e+000
4.940813e+003,-1.577468e+000
4.944670e+003,-1.417810e+000
4.948527e+003,-1.042095e+000
4.952384e+003,-6.281482e-001
4.956241e+003,-3.236258e-001
4.960098e+003,-2.082780e-001
4.963955e+003,-2.853437e-001
4.967812e+003,-4.977750e-001
4.971669e+003,-7.591658e-001
4.975526e+003,-9.746628e-001
4.979383e+003,-1.065332e+000
4.983240e+003,-9.748950e-001
4.987097e+003,-6.756766e-001
4.990954e+003,-1.751790e-001
4.994811e+003,4.774939e-001
4.998668e+003,1.191232e+000
5.002525e+003,1.820341e+000
5.006382e+003,2.285951e+000
5.010239e+003,2.505056e+000
5.014096e+003,2.454225e+000
5.017953e+003,2.183230e+000
5.021810e+003,1.804242e+000
5.025667e+003,1.458073e+000
5.029524e+003,1.269145e+000
5.033381e+003,1.345770e+000
5.037238e+003,1.595103e+000
5.041095e+003,1.964000e+000
5.044952e+003,2.376587e+000
5.048809e+003,2.756396e+000
5.052666e+003,3.044089e+000
5.056523e+003,3.204707e+000
5.060380e+003,3.223371e+000
5.064237e+003,3.075584e+000
5.068094e+003,2.806235e+000
5.071951e+003,2.423868e+000
5.075808e+003,1.934356e+000
5.079665e+003,1.347532e+000
5.083522e+003,6.864911e-001
5.087379e+003,-5.021393e-003
5.091236e+003,-6.614641e-001
5.095093e+003,-1.606468e+000
5.098950e+003,-2.373049e+000
5.102807e+003,-2.827661e+000
5.106664e+003,-2.908461e+000
5.110521e+003,-2.642301e+000
5.114378e+003,-2.130135e+000
5.118235e+003,-1.506909e+000
5.122092e+003,-8.930624e-001
5.125949e+003,-4.159983e-001
5.129806e+003,-2.620792e-002
5.133663e+003,3.125746e-001
5.137520e+003,6.380109e-001
5.141377e+003,9.489689e-001
5.145234e+003,1.192607e+000
5.149091e+003,1.286900e+000
5.152948e+003,1.167519e+000
5.156805e+003,8.245587e-001
5.160662e+003,3.584221e-001
5.164519e+003,-7.554916e-002
5.168376e+003,-3.114458e-001
5.172233e+003,-2.381617e-001
5.176090e+003,1.570214e-001
5.179947e+003,7.878217e-001
5.183804e+003,1.511433e+000
5.187661e+003,2.202300e+000
5.191518e+003,2.775900e+000
5.195375e+003,3.236409e+000
5.199232e+003,3.638814e+000
5.203089e+003,4.029798e+000
5.206946e+003,4.390337e+000
5.210803e+003,4.612404e+000
5.214660e+003,4.526258e+000
5.218517e+003,3.964569e+000
5.222374e+003,2.859029e+000
5.226231e+003,1.292735e+000
5.230088e+003,-4.922490e-001
5.233945e+003,-2.148747e+000
5.237802e+003,-3.320619e+000
5.241659e+003,-3.746469e+000
5.245516e+003,-3.334293e+000
5.249373e+003,-2.178528e+000
5.253230e+003,-5.344095e-001
5.257087e+003,1.260334e+000
5.260944e+003,2.877369e+000
5.264801e+003,4.073131e+000
5.268658e+003,4.730838e+000
5.272515e+003,4.864023e+000
5.276372e+003,4.588368e+000
5.280229e+003,4.072158e+000
5.284086e+003,3.495180e+000
5.287943e+003,3.002816e+000
5.291800e+003,2.680301e+000
5.295657e+003,2.547065e+000
5.299514e+003,2.569259e+000
5.303371e+003,2.685163e+000
5.307228e+003,2.835202e+000
5.311085e+003,2.986642e+000
5.314942e+003,3.149441e+000
5.318799e+003,3.366478e+000
5.322656e+003,3.695850e+000
5.326513e+003,4.183117e+000
5.330370e+003,4.835843e+000
5.334227e+003,5.609030e+000
5.338084e+003,6.405501e+000
5.341941e+003,7.095109e+000
5.345798e+003,7.511633e+000
5.349655e+003,7.514025e+000
5.353512e+003,7.004888e+000
5.357369e+003,5.955688e+000
5.361226e+003,4.424716e+000
5.365083e+003,2.562636e+000
5.368940e+003,5.995153e-001
5.372797e+003,-1.225367e+000
5.376654e+003,-2.586339e+000
5.380511e+003,-3.284935e+000
5.384368e+003,-3.257865e+000
5.388225e+003,-2.596241e+000
5.392082e+003,-1.518487e+000
5.395939e+003,-3.030851e-001
5.399796e+003,7.952825e-001
5.403653e+003,1.651877e+000
5.407510e+003,2.170511e+000
5.411367e+003,2.403303e+000
5.415224e+003,2.442743e+000
5.419081e+003,2.354022e+000
5.422938e+003,2.137375e+000
5.426795e+003,1.738564e+000
5.430652e+003,1.099723e+000
5.434509e+003,2.124317e-001
5.438366e+003,-8.185846e-001
5.442223e+003,-1.805230e+000
5.446080e+003,-2.530299e+000
5.449937e+003,-2.825551e+000
5.453794e+003,-2.632384e+000
5.457651e+003,-2.016927e+000
5.461508e+003,-1.134845e+000
5.465365e+003,-1.901443e-001
5.469222e+003,6.997716e-001
5.473079e+003,1.466552e+000
5.476936e+003,2.099711e+000
5.480793e+003,2.609871e+000
5.484650e+003,2.990017e+000
5.488507e+003,3.198347e+000
5.492364e+003,3.172336e+000
5.496221e+003,2.861362e+000
5.500078e+003,2.290638e+000
5.503935e+003,1.532295e+000
5.507792e+003,7.146235e-001
5.511649e+003,-1.357570e-002
5.515506e+003,-5.276098e-001
5.519363e+003,-7.615039e-001
5.523220e+003,-7.191391e-001
5.527077e+003,-4.716415e-001
5.530934e+003,-9.298494e-002
5.534791e+003,3.491018e-001
5.538648e+003,8.179553e-001
5.542505e+003,1.309390e+000
5.546362e+003,1.835199e+000
5.550219e+003,2.397138e+000
5.554076e+003,2.963609e+000
5.557933e+003,3.462581e+000
5.561790e+003,3.795561e+000
5.565647e+003,3.857857e+000
5.569504e+003,3.581112e+000
5.573361e+003,2.967140e+000
5.577218e+003,2.102989e+000
5.581075e+003,1.148361e+000
5.584932e+003,2.962649e-001
5.588789e+003,-2.748595e-001
5.592646e+003,-4.753868e-001
5.596503e+003,-3.047295e-001
5.600360e+003,1.454303e-001
5.604217e+003,7.278854e-001
5.608074e+003,1.292552e+000
5.611931e+003,1.733512e+000
5.615788e+003,2.011930e+000
5.619645e+003,2.147937e+000
5.623501e+003,2.189284e+000
5.627359e+003,2.174893e+000
5.631216e+003,2.112993e+000
5.635073e+003,1.984211e+000
5.638930e+003,1.765775e+000
5.642787e+003,1.460721e+000
5.646644e+003,1.112813e+000
5.650500e+003,7.956115e-001
5.654358e+003,5.787570e-001
5.658215e+003,4.882072e-001
5.662072e+003,4.837607e-001
5.665929e+003,4.690486e-001
5.669786e+003,3.332453e-001
5.673643e+003,6.452069e-003
5.677500e+003,-4.983481e-001
5.681356e+003,-1.079179e+000
5.685214e+003,-1.580780e+000
5.689071e+003,-1.858262e+000
5.692928e+003,-1.839274e+000
5.696785e+003,-1.555132e+000
5.700642e+003,-1.125509e+000
5.704499e+003,-7.030228e-001
5.708355e+003,-4.031377e-001
5.712212e+003,-2.524657e-001
5.716070e+003,-1.759616e-001
5.719927e+003,-3.484488e-002
5.723784e+003,3.091426e-001
5.727641e+003,9.285743e-001
5.731498e+003,1.793457e+000
5.735354e+003,2.777225e+000
5.739211e+003,3.700795e+000
5.743069e+003,4.392155e+000
5.746926e+003,4.747413e+000
5.750783e+003,4.743656e+000
5.754640e+003,4.433360e+000
5.758497e+003,3.910759e+000
5.762354e+003,3.272049e+000
5.766210e+003,2.586928e+000
5.770067e+003,1.890965e+000
5.773925e+003,1.204119e+000
5.777782e+003,5.305861e-001
5.781639e+003,-1.037054e-001
5.785496e+003,-6.535929e-001
5.789353e+003,-1.065252e+000
5.793209e+003,-1.295615e+000
5.797066e+003,-1.330706e+000
5.800923e+003,-1.193653e+000
5.804781e+003,-9.365888e-001
5.808638e+003,-6.262082e-001
5.812495e+003,-3.144399e-001
5.816352e+003,-2.401496e-002
5.820208e+003,2.548830e-001
5.824065e+003,5.521683e-001
5.827922e+003,8.948761e-001
5.831779e+003,1.284385e+000
5.835637e+003,1.685642e+000
5.839494e+003,2.035476e+000
5.843351e+003,2.268486e+000
5.847208e+003,2.349517e+000
5.851064e+003,2.297806e+000
5.854921e+003,2.188743e+000
5.858778e+003,2.128301e+000
5.862636e+003,2.207925e+000
5.866493e+003,2.457733e+000
5.870350e+003,2.823639e+000
5.874207e+003,3.177651e+000
5.878063e+003,3.364986e+000
5.881920e+003,3.270550e+000
5.885777e+003,2.877323e+000
5.889634e+003,2.289812e+000
5.893492e+003,1.708657e+000
5.897349e+003,1.362627e+000
5.901206e+003,1.422461e+000
5.905063e+003,1.932797e+000
5.908919e+003,2.786763e+000
5.912776e+003,3.755936e+000
5.916633e+003,4.564343e+000
5.920490e+003,4.978572e+000
5.924348e+003,4.880973e+000
5.928205e+003,4.300258e+000
5.932062e+003,3.395897e+000
5.935918e+003,2.400328e+000
5.939775e+003,1.546643e+000
5.943632e+003,1.005155e+000
5.947489e+003,8.466917e-001
5.951347e+003,1.038535e+000
5.955204e+003,1.468088e+000
5.959061e+003,1.984542e+000
5.962917e+003,2.438398e+000
5.966774e+003,2.721632e+000
5.970631e+003,2.791210e+000
5.974488e+003,2.673459e+000
5.978345e+003,2.448609e+000
5.982203e+003,2.219117e+000
5.986060e+003,2.070702e+000
5.989917e+003,2.050900e+000
5.993773e+003,2.123878e+000
5.997630e+003,2.208982e+000
6.001487e+003,2.212579e+000
6.005344e+003,2.076188e+000
6.009201e+003,1.811393e+000
6.013059e+003,1.502728e+000
6.016916e+003,1.273570e+000
6.020772e+003,1.297309e+000
6.024629e+003,1.542594e+000
6.028486e+003,1.923354e+000
6.032343e+003,2.270577e+000
6.036200e+003,2.407043e+000
6.040058e+003,2.231997e+000
6.043915e+003,1.772948e+000
6.047771e+003,1.176897e+000
6.051628e+003,6.359078e-001
6.055485e+003,3.516824e-001
6.059342e+003,3.676872e-001
6.063199e+003,5.106916e-001
6.067056e+003,5.188240e-001
6.070914e+003,2.175527e-001
6.074771e+003,-3.699881e-001
6.078627e+003,-1.040830e+000
6.082484e+003,-1.518771e+000
6.086341e+003,-1.714086e+000
6.090198e+003,-1.593440e+000
6.094055e+003,-1.218013e+000
6.097912e+003,-6.922250e-001
6.101770e+003,-1.171319e-001
6.105626e+003,4.255986e-001
6.109483e+003,8.647280e-001
6.113340e+003,1.013954e+000
6.117197e+003,9.858471e-001
6.121054e+003,7.691295e-001
6.124911e+003,4.079414e-001
6.128768e+003,6.933421e-003
6.132625e+003,-2.958639e-001
6.136482e+003,-3.801827e-001
6.140339e+003,-1.937613e-001
6.144196e+003,1.611240e-001
6.148053e+003,6.343496e-001
6.151910e+003,1.122054e+000
6.155767e+003,1.567351e+000
6.159625e+003,1.990173e+000
6.163481e+003,2.472693e+000
6.167338e+003,3.104997e+000
6.171195e+003,3.917836e+000
6.175052e+003,4.819000e+000
6.178909e+003,5.668349e+000
6.182766e+003,6.257605e+000
6.186623e+003,6.414769e+000
6.190480e+003,6.072866e+000
6.194337e+003,5.295858e+000
6.198194e+003,4.250405e+000
6.202051e+003,3.138586e+000
6.205908e+003,2.140175e+000
6.209765e+003,1.323138e+000
6.213622e+003,6.921542e-001
6.217479e+003,2.172634e-001
6.221336e+003,-1.137085e-001
6.225193e+003,-2.647866e-001
6.229050e+003,-1.632511e-001
6.232907e+003,2.512918e-001
6.236764e+003,9.671714e-001
6.240621e+003,1.860190e+000
6.244478e+003,2.711992e+000
6.248335e+003,3.267717e+000
6.252192e+003,3.324343e+000
6.256049e+003,2.809154e+000
6.259906e+003,1.814267e+000
6.263763e+003,5.720478e-001
6.267620e+003,-6.160512e-001
6.271477e+003,-1.481193e+000
6.275334e+003,-1.851306e+000
6.279191e+003,-1.686905e+000
6.283048e+003,-1.066612e+000
6.286905e+003,-1.398049e-001
6.290762e+003,9.288790e-001
6.294619e+003,2.000666e+000
6.298476e+003,2.976426e+000
6.302333e+003,3.797772e+000
6.306190e+003,4.424461e+000
6.310047e+003,4.825113e+000
6.313904e+003,4.975899e+000
6.317761e+003,4.867284e+000
6.321618e+003,4.511176e+000
6.325475e+003,3.941349e+000
6.329332e+003,3.205204e+000
6.333189e+003,2.352297e+000
6.337046e+003,1.425400e+000
6.340903e+003,4.608630e-001
6.344760e+003,-5.028336e-001
6.348617e+003,-1.414554e+000
6.352474e+003,-2.206325e+000
6.356331e+003,-2.800741e+000
6.360188e+003,-3.129052e+000
6.364045e+003,-3.149509e+000
6.367902e+003,-2.865935e+000
6.371759e+003,-2.327142e+000
6.375616e+003,-1.614607e+000
6.379473e+003,-8.226951e-001
6.383330e+003,-4.002576e-002
6.387187e+003,6.616822e-001
6.391044e+003,1.233900e+000
6.394901e+003,1.637502e+000
6.398758e+003,1.856572e+000
6.402615e+003,1.898084e+000
6.406472e+003,1.798094e+000
6.410329e+003,1.623175e+000
6.414186e+003,1.460707e+000
6.418043e+003,1.396773e+000
6.421900e+003,1.488934e+000
6.425757e+003,1.741539e+000
6.429614e+003,2.101170e+000
6.433471e+003,2.474595e+000
6.437328e+003,2.764497e+000
6.441185e+003,2.908197e+000
6.445042e+003,2.901982e+000
6.448899e+003,2.799317e+000
6.452756e+003,2.680123e+000
6.456613e+003,2.616366e+000
6.460470e+003,2.627722e+000
6.464327e+003,2.667994e+000
6.468184e+003,2.640201e+000
6.472041e+003,2.435829e+000
6.475898e+003,1.981782e+000
6.479755e+003,1.275786e+000
6.483612e+003,3.864943e-001
6.487469e+003,-5.317002e-001
6.491326e+003,-1.307211e+000
6.495183e+003,-1.786872e+000
6.499040e+003,-1.871965e+000
6.502897e+003,-1.537129e+000
6.506754e+003,-8.308464e-001
6.510611e+003,1.385144e-001
6.514468e+003,1.234658e+000
6.518325e+003,2.291855e+000
6.522182e+003,3.168103e+000
6.526039e+003,3.764747e+000
6.529896e+003,4.045681e+000
6.533753e+003,4.043702e+000
6.537610e+003,3.849103e+000
6.541467e+003,3.580050e+000
6.545324e+003,3.341550e+000
6.549181e+003,3.184396e+000
6.553038e+003,3.083234e+000
6.556895e+003,2.939977e+000
6.560752e+003,2.617337e+000
6.564609e+003,1.991563e+000
6.568466e+003,1.006112e+000
6.572323e+003,-2.933474e-001
6.576180e+003,-1.750140e+000
6.580037e+003,-3.145650e+000
6.583894e+003,-4.237422e+000
6.587751e+003,-4.825316e+000
6.591608e+003,-4.801575e+000
6.595465e+003,-4.176416e+000
6.599322e+003,-3.074363e+000
6.603179e+003,-1.704809e+000
6.607036e+003,-3.221720e-001
6.610893e+003,8.468858e-001
6.614750e+003,1.627794e+000
6.618607e+003,1.933208e+000
6.622464e+003,1.775778e+000
6.626321e+003,1.260752e+000
6.630178e+003,5.599457e-001
6.634035e+003,-1.275886e-001
6.637892e+003,-6.223706e-001
6.641749e+003,-8.057392e-001
6.645606e+003,-6.279092e-001
6.649463e+003,-1.161971e-001
6.653320e+003,6.396086e-001
6.657177e+003,1.513516e+000
6.661034e+003,2.372204e+000
6.664891e+003,3.098260e+000
6.668748e+003,3.586423e+000
6.672605e+003,3.810965e+000
6.676462e+003,3.748113e+000
6.680319e+003,3.401196e+000
6.684176e+003,2.802558e+000
6.688033e+003,2.017221e+000
6.691890e+003,1.143499e+000
6.695747e+003,3.050871e-001
6.699604e+003,-3.643419e-001
6.703461e+003,-7.730060e-001
6.707318e+003,-8.657891e-001
6.711175e+003,-6.542132e-001
6.715032e+003,-2.189488e-001
6.718889e+003,3.081937e-001
6.722746e+003,7.794387e-001
6.726603e+003,1.073484e+000
6.730460e+003,1.119974e+000
6.734317e+003,9.582264e-001
6.738174e+003,6.795551e-001
6.742031e+003,4.158209e-001
6.745888e+003,2.972026e-001
6.749745e+003,4.100904e-001
6.753602e+003,7.688318e-001
6.757459e+003,1.310789e+000
6.761316e+003,1.906997e+000
6.765173e+003,2.432250e+000
6.769030e+003,2.778484e+000
6.772887e+003,2.898556e+000
6.776744e+003,2.820678e+000
6.780601e+003,2.637294e+000
6.784458e+003,2.471644e+000
6.788315e+003,2.432878e+000
6.792172e+003,2.571618e+000
6.796029e+003,2.865716e+000
6.799886e+003,3.216661e+000
6.803743e+003,3.481079e+000
6.807600e+003,3.517238e+000
6.811457e+003,3.233468e+000
6.815314e+003,2.622275e+000
6.819171e+003,1.768495e+000
6.823028e+003,8.253708e-001
6.826885e+003,-1.982991e-002
6.830742e+003,-6.044078e-001
6.834599e+003,-8.326250e-001
6.838456e+003,-6.964540e-001
6.842313e+003,-2.681274e-001
6.846170e+003,3.310331e-001
6.850027e+003,9.729469e-001
6.853884e+003,1.556471e+000
6.857741e+003,2.036420e+000
6.861598e+003,2.414433e+000
6.865455e+003,2.717667e+000
6.869312e+003,2.967618e+000
6.873169e+003,3.155783e+000
6.877026e+003,3.237576e+000
6.880883e+003,3.147860e+000
6.884740e+003,2.816937e+000
6.888597e+003,2.247393e+000
6.892454e+003,1.496412e+000
6.896311e+003,6.859738e-001
6.900167e+003,-2.427804e-002
6.904025e+003,-4.806588e-001
6.907882e+003,-5.802496e-001
6.911739e+003,-3.008429e-001
6.915596e+003,2.978543e-001
6.919453e+003,1.088423e+000
6.923310e+003,1.914093e+000
6.927167e+003,2.635839e+000
6.931024e+003,3.163670e+000
6.934881e+003,3.466689e+000
6.938738e+003,3.562049e+000
6.942595e+003,3.491127e+000
6.946452e+003,3.289078e+000
6.950309e+003,2.987393e+000
6.954166e+003,2.600815e+000
6.958022e+003,2.142444e+000
6.961880e+003,1.639556e+000
6.965737e+003,1.143053e+000
6.969594e+003,7.243694e-001
6.973451e+003,4.599265e-001
6.977308e+003,4.184817e-001
6.981165e+003,6.229653e-001
6.985021e+003,1.043508e+000
6.988878e+003,1.602547e+000
6.992736e+003,2.190340e+000
6.996593e+003,2.686935e+000
7.000450e+003,2.984289e+000
7.004307e+003,3.004153e+000
7.008164e+003,2.678041e+000
7.012021e+003,2.011552e+000
7.015877e+003,1.085510e+000
7.019735e+003,3.197432e-002
7.023592e+003,-9.873194e-001
7.027449e+003,-1.812333e+000
7.031306e+003,-2.320130e+000
7.035163e+003,-2.454387e+000
7.039020e+003,-2.134887e+000
7.042876e+003,-1.442605e+000
7.046733e+003,-5.867558e-001
7.050591e+003,2.333163e-001
7.054448e+003,8.884882e-001
7.058305e+003,1.335868e+000
7.062162e+003,1.589156e+000
7.066019e+003,1.668038e+000
7.069875e+003,1.563995e+000
7.073732e+003,1.259736e+000
7.077589e+003,7.326909e-001
7.081447e+003,2.075773e-002
7.085304e+003,-7.553747e-001
7.089161e+003,-1.417979e+000
7.093018e+003,-1.801005e+000
7.096875e+003,-1.829274e+000
7.100731e+003,-1.607840e+000
7.104588e+003,-1.295741e+000
7.108445e+003,-1.063906e+000
7.112303e+003,-1.054396e+000
7.116160e+003,-1.320119e+000
7.120017e+003,-1.794288e+000
7.123874e+003,-2.303092e+000
7.127730e+003,-2.618597e+000
7.131587e+003,-2.586833e+000
7.135444e+003,-2.084975e+000
7.139302e+003,-1.118926e+000
7.143159e+003,1.886501e-001
7.147016e+003,1.629278e+000
7.150873e+003,2.962399e+000
7.154729e+003,3.975325e+000
7.158586e+003,4.532554e+000
7.162443e+003,4.589693e+000
7.166300e+003,4.245301e+000
7.170158e+003,3.639804e+000
7.174015e+003,2.948822e+000
7.177872e+003,2.342868e+000
7.181729e+003,1.953754e+000
7.185585e+003,1.854231e+000
7.189442e+003,2.052909e+000
7.193299e+003,2.494448e+000
7.197156e+003,3.098480e+000
7.201014e+003,3.762780e+000
7.204871e+003,4.384577e+000
7.208728e+003,4.875022e+000
7.212584e+003,5.169858e+000
7.216441e+003,5.236461e+000
7.220298e+003,5.077043e+000
7.224155e+003,4.733695e+000
7.228013e+003,4.264399e+000
7.231870e+003,3.740153e+000
7.235727e+003,3.226852e+000
7.239583e+003,2.768809e+000
7.243440e+003,2.378196e+000
7.247297e+003,2.035003e+000
7.251154e+003,1.698732e+000
7.255011e+003,1.343619e+000
7.258869e+003,9.366516e-001
7.262726e+003,4.889407e-001
7.266583e+003,4.184628e-002
7.270439e+003,-3.480459e-001
7.274296e+003,-6.320950e-001
7.278153e+003,-7.910765e-001
7.282010e+003,-8.450683e-001
7.285867e+003,-8.286408e-001
7.289725e+003,-8.237829e-001
7.293582e+003,-8.751626e-001
7.297438e+003,-9.880100e-001
7.301295e+003,-1.121919e+000
7.305152e+003,-1.204100e+000
7.309009e+003,-1.157774e+000
7.312866e+003,-9.347147e-001
7.316724e+003,-5.481122e-001
7.320581e+003,-5.475193e-002
7.324438e+003,4.494604e-001
7.328294e+003,8.606822e-001
7.332151e+003,1.100308e+000
7.336008e+003,1.138505e+000
7.339865e+003,9.996663e-001
7.343722e+003,7.486274e-001
7.347580e+003,4.627179e-001
7.351437e+003,2.073436e-001
7.355293e+003,1.099676e-002
7.359150e+003,-1.369694e-001
7.363007e+003,-2.750399e-001
7.366864e+003,-4.483017e-001
7.370721e+003,-6.861495e-001
7.374578e+003,-9.872851e-001
7.378436e+003,-1.319734e+000
7.382292e+003,-1.620662e+000
7.386149e+003,-1.822417e+000
7.390006e+003,-1.869725e+000
7.393863e+003,-1.734843e+000
7.397720e+003,-1.424630e+000
7.401577e+003,-9.786165e-001
7.405434e+003,-4.595934e-001
7.409292e+003,6.357609e-002
7.413148e+003,5.195943e-001
7.417005e+003,8.610181e-001
7.420862e+003,1.070487e+000
7.424719e+003,1.163764e+000
7.428576e+003,1.185299e+000
7.432433e+003,1.196841e+000
7.436291e+003,1.261361e+000
7.440147e+003,1.428041e+000
7.444004e+003,1.716036e+000
7.447861e+003,2.107808e+000
7.451718e+003,2.553434e+000
7.455575e+003,2.983300e+000
7.459432e+003,3.325943e+000
7.463289e+003,3.525721e+000
7.467146e+003,3.555130e+000
7.471003e+003,3.418952e+000
7.474860e+003,3.145727e+000
7.478717e+003,2.780999e+000
7.482574e+003,2.370450e+000
7.486431e+003,1.947785e+000
7.490288e+003,1.529046e+000
7.494145e+003,1.115185e+000
7.498002e+003,7.021666e-001
7.501859e+003,2.951722e-001
7.505716e+003,-7.637683e-002
7.509573e+003,-3.540966e-001
7.513430e+003,-4.545962e-001
7.517287e+003,-2.874173e-001
7.521144e+003,2.164018e-001
7.525001e+003,1.072440e+000
7.528858e+003,2.218268e+000
7.532715e+003,3.509931e+000
7.536572e+003,4.730146e+000
7.540429e+003,5.640679e+000
7.544286e+003,6.037624e+000
7.548143e+003,5.808504e+000
7.552000e+003,4.970072e+000
7.555857e+003,3.672723e+000
7.559714e+003,2.167313e+000
7.563571e+003,7.391139e-001
7.567428e+003,-3.561052e-001
7.571285e+003,-9.647185e-001
7.575142e+003,-1.065646e+000
7.578999e+003,-7.631767e-001
7.582856e+003,-2.439249e-001
7.586713e+003,2.866212e-001
7.590570e+003,6.668581e-001
7.594427e+003,8.170107e-001
7.598284e+003,7.646167e-001
7.602141e+003,6.116406e-001
7.605998e+003,4.954133e-001
7.609855e+003,5.387931e-001
7.613712e+003,8.093213e-001
7.617569e+003,1.298533e+000
7.621426e+003,1.925389e+000
7.625283e+003,2.562457e+000
7.629140e+003,3.065580e+000
7.632997e+003,3.318760e+000
7.636854e+003,3.264110e+000
7.640711e+003,2.915272e+000
7.644568e+003,2.350585e+000
7.648425e+003,1.688290e+000
7.652282e+003,1.051173e+000
7.656139e+003,5.222239e-001
7.659996e+003,1.504264e-001
7.663853e+003,-8.404517e-002
7.667710e+003,-2.428775e-001
7.671567e+003,-3.967807e-001
7.675424e+003,-5.899415e-001
7.679281e+003,-8.159230e-001
7.683138e+003,-1.015048e+000
7.686995e+003,-1.093627e+000
7.690852e+003,-9.554824e-001
7.694709e+003,-5.524836e-001
7.698566e+003,9.496939e-002
7.702423e+003,8.955436e-001
7.706280e+003,1.707505e+000
7.710137e+003,2.373405e+000
7.713994e+003,2.756220e+000
7.717851e+003,2.769691e+000
7.721708e+003,2.369738e+000
7.725565e+003,1.589466e+000
7.729422e+003,5.207851e-001
7.733279e+003,-6.942174e-001
7.737136e+003,-1.875265e+000
7.740993e+003,-2.823617e+000
7.744850e+003,-3.353468e+000
7.748707e+003,-3.331545e+000
7.752564e+003,-2.714254e+000
7.756421e+003,-1.589127e+000
7.760278e+003,-1.593487e-001
7.764135e+003,1.303206e+000
7.767992e+003,2.533016e+000
7.771849e+003,3.349376e+000
7.775706e+003,3.708718e+000
7.779563e+003,3.706483e+000
7.783420e+003,3.537878e+000
7.787277e+003,3.415441e+000
7.791134e+003,3.484631e+000
7.794991e+003,3.771782e+000
7.798848e+003,4.181538e+000
7.802705e+003,4.540619e+000
7.806562e+003,4.665860e+000
7.810419e+003,4.425821e+000
7.814276e+003,3.777548e+000
7.818133e+003,2.764390e+000
7.821990e+003,1.490008e+000
7.825847e+003,8.564365e-002
7.829704e+003,-1.312671e+000
7.833561e+003,-2.572027e+000
7.837418e+003,-3.563243e+000
7.841275e+003,-4.167092e+000
7.845132e+003,-4.298801e+000
7.848989e+003,-3.933212e+000
7.852846e+003,-3.134696e+000
7.856703e+003,-2.061011e+000
7.860560e+003,-9.325005e-001
7.864417e+003,2.849126e-002
7.868274e+003,6.667733e-001
7.872131e+003,9.425140e-001
7.875988e+003,9.430296e-001
7.879845e+003,8.331343e-001
7.883702e+003,7.899486e-001
7.887559e+003,9.329253e-001
7.891416e+003,1.282595e+000
7.895273e+003,1.763479e+000
7.899130e+003,2.246140e+000
7.902987e+003,2.604786e+000
7.906844e+003,2.769648e+000
7.910701e+003,2.738844e+000
7.914558e+003,2.562984e+000
7.918415e+003,2.308559e+000
7.922272e+003,2.023261e+000
7.926129e+003,1.721493e+000
7.929986e+003,1.395685e+000
7.933843e+003,1.043219e+000
7.937700e+003,6.956421e-001
7.941557e+003,4.243548e-001
7.945414e+003,3.242157e-001
7.949271e+003,4.773831e-001
7.953128e+003,9.141719e-001
7.956985e+003,1.588853e+000
7.960842e+003,2.381802e+000
7.964699e+003,3.126137e+000
7.968556e+003,3.660359e+000
7.972413e+003,3.865044e+000
7.976270e+003,3.697077e+000
7.980127e+003,3.199411e+000
7.983984e+003,2.488367e+000
7.987841e+003,1.723745e+000
7.991698e+003,1.070093e+000
7.995555e+003,6.582236e-001
7.999412e+003,5.540332e-001
8.003269e+003,7.441047e-001
8.007126e+003,1.139438e+000
8.010983e+003,1.599605e+000
8.014840e+003,1.972209e+000
8.018697e+003,2.137123e+000
8.022554e+003,2.041688e+000
8.026411e+003,1.985203e+000
8.030268e+003,1.719694e+000
8.034125e+003,1.286382e+000
8.037982e+003,7.565974e-001
8.041839e+003,2.194734e-001
8.045696e+003,-2.381157e-001
8.049553e+003,-5.537399e-001
8.053410e+003,-7.056499e-001
8.057267e+003,-9.965668e-001
8.061124e+003,-1.268407e+000
8.064981e+003,-1.481747e+000
8.068838e+003,-1.590395e+000
8.072695e+003,-1.529120e+000
8.076552e+003,-1.219316e+000
8.080409e+003,-5.966636e-001
8.084266e+003,3.492015e-001
8.088123e+003,1.544511e+000
8.091980e+003,2.824400e+000
8.095837e+003,3.971111e+000
8.099694e+003,4.776534e+000
8.103551e+003,5.110314e+000
8.107408e+003,4.963590e+000
8.111265e+003,4.448562e+000
8.115122e+003,3.753296e+000
8.118979e+003,3.066593e+000
8.122836e+003,2.527948e+000
8.126693e+003,2.181173e+000
8.130550e+003,1.989555e+000
8.134407e+003,1.881340e+000
8.138264e+003,1.802957e+000
8.142121e+003,1.752055e+000
8.145978e+003,1.774600e+000
8.149835e+003,1.929407e+000
8.153692e+003,2.245667e+000
8.157549e+003,2.684571e+000
8.161406e+003,3.143130e+000
8.165263e+003,3.488540e+000
8.169120e+003,3.608904e+000
8.172977e+003,3.455794e+000
8.176833e+003,3.059370e+000
8.180691e+003,2.508077e+000
8.184548e+003,1.921597e+000
8.188405e+003,1.402348e+000
8.192262e+003,1.013770e+000
8.196118e+003,7.784598e-001
8.199976e+003,6.910833e-001
8.203832e+003,7.323205e-001
8.207689e+003,8.731734e-001
8.211547e+003,1.072158e+000
8.215403e+003,1.259312e+000
8.219261e+003,1.350997e+000
8.223117e+003,1.272437e+000
8.226975e+003,9.937617e-001
8.230831e+003,5.589178e-001
8.234688e+003,8.743393e-002
8.238546e+003,-2.603655e-001
8.242402e+003,-3.456074e-001
8.246260e+003,-1.144976e-001
8.250116e+003,3.627136e-001
8.253974e+003,9.060650e-001
8.257830e+003,1.287609e+000
8.261688e+003,1.317099e+000
8.265544e+003,9.151570e-001
8.269401e+003,1.425989e-001
8.273259e+003,-8.273306e-001
8.277115e+003,-1.771158e+000
8.280973e+003,-2.498563e+000
8.284829e+003,-2.906271e+000
8.288687e+003,-2.990214e+000
8.292543e+003,-2.816734e+000
8.296400e+003,-2.473678e+000
8.300258e+003,-2.028565e+000
8.304114e+003,-1.514319e+000
8.307972e+003,-9.387260e-001
8.311828e+003,-3.152774e-001
8.315686e+003,3.149954e-001
8.319542e+003,8.817174e-001
8.323399e+003,1.306132e+000
8.327257e+003,1.533817e+000
8.331113e+003,1.561986e+000
8.334971e+003,1.449264e+000
8.338827e+003,1.296584e+000
8.342685e+003,1.220829e+000
8.346541e+003,1.322697e+000
8.350398e+003,1.662876e+000
8.354255e+003,2.250721e+000
8.358112e+003,3.043734e+000
8.361970e+003,3.953912e+000
8.365826e+003,4.854915e+000
8.369684e+003,5.613913e+000
8.373540e+003,6.103889e+000
8.377397e+003,6.240111e+000
8.381254e+003,6.010974e+000
8.385111e+003,5.493102e+000
8.388969e+003,4.838183e+000
8.392825e+003,4.228647e+000
8.396683e+003,3.815865e+000
8.400539e+003,3.653848e+000
8.404396e+003,3.679879e+000
8.408253e+003,3.730768e+000
8.412110e+003,3.605515e+000
8.415968e+003,3.148858e+000
8.419824e+003,2.321706e+000
8.423682e+003,1.228353e+000
8.427538e+003,9.050900e-002
8.431396e+003,-8.358552e-001
8.435252e+003,-1.335884e+000
8.439109e+003,-1.305594e+000
8.442966e+003,-7.746791e-001
8.446823e+003,1.181475e-001
8.450681e+003,1.181234e+000
8.454537e+003,2.230916e+000
8.458395e+003,3.128403e+000
8.462251e+003,3.808675e+000
8.466108e+003,4.249404e+000
8.469965e+003,4.453664e+000
8.473822e+003,4.432105e+000
8.477680e+003,4.197676e+000
8.481536e+003,3.770109e+000
8.485394e+003,3.181330e+000
8.489250e+003,2.478678e+000
8.493107e+003,1.703286e+000
8.496964e+003,8.900923e-001
8.500821e+003,6.233001e-002
8.504679e+003,-7.598892e-001
8.508535e+003,-1.543426e+000
8.512393e+003,-2.229453e+000
8.516249e+003,-2.735843e+000
8.520106e+003,-2.978170e+000
8.523963e+003,-2.915477e+000
8.527820e+003,-2.556326e+000
8.531677e+003,-1.977350e+000
8.535534e+003,-1.304114e+000
8.539392e+003,-6.702493e-001
8.543248e+003,-1.730358e-001
8.547105e+003,1.533015e-001
8.550962e+003,2.594667e-001
8.554819e+003,3.014027e-001
8.558676e+003,3.133825e-001
8.562533e+003,2.923532e-001
8.566391e+003,1.965867e-001
8.570247e+003,-3.201039e-002
8.574104e+003,-4.308451e-001
8.577961e+003,-9.818892e-001
8.581818e+003,-1.458719e+000
8.585675e+003,-1.891487e+000
8.589532e+003,-2.229912e+000
8.593389e+003,-2.431123e+000
8.597246e+003,-2.470029e+000
8.601104e+003,-2.345726e+000
8.604960e+003,-2.082179e+000
8.608817e+003,-1.723150e+000
8.612674e+003,-1.137735e+000
8.616531e+003,-3.827951e-001
8.620388e+003,3.434817e-001
8.624245e+003,8.926524e-001
8.628103e+003,1.209575e+000
8.631959e+003,1.331159e+000
8.635816e+003,1.345996e+000
8.639673e+003,1.338191e+000
8.643530e+003,1.334745e+000
8.647387e+003,1.313661e+000
8.651244e+003,1.218806e+000
8.655102e+003,1.009057e+000
8.658958e+003,6.988245e-001
8.662815e+003,3.668154e-001
8.666672e+003,1.271833e-001
8.670529e+003,7.775633e-002
8.674386e+003,2.510502e-001
8.678243e+003,6.010783e-001
8.682100e+003,1.013933e+000
8.685957e+003,1.361179e+000
8.689814e+003,1.554199e+000
8.693671e+003,1.577107e+000
8.697528e+003,1.483909e+000
8.701385e+003,1.363931e+000
8.705242e+003,1.294817e+000
8.709099e+003,1.306844e+000
8.712956e+003,1.374687e+000
8.716813e+003,1.437750e+000
8.720670e+003,1.435709e+000
8.724526e+003,1.339844e+000
8.728384e+003,1.165129e+000
8.732241e+003,9.597136e-001
8.736098e+003,7.807931e-001
8.739955e+003,6.703976e-001
8.743812e+003,6.461434e-001
8.747669e+003,7.070218e-001
8.751525e+003,8.484019e-001
8.755383e+003,1.073901e+000
8.759240e+003,1.394292e+000
8.763097e+003,1.811913e+000
8.766954e+003,2.297205e+000
8.770811e+003,2.778120e+000
8.774668e+003,3.139195e+000
8.778524e+003,3.248276e+000
8.782382e+003,2.998032e+000
8.786238e+003,2.349204e+000
8.790096e+003,1.359131e+000
8.793953e+003,1.834001e-001
8.797810e+003,-9.508163e-001
8.801667e+003,-1.807076e+000
8.805523e+003,-2.188596e+000
8.809381e+003,-1.995112e+000
8.813237e+003,-1.253457e+000
8.817095e+003,-1.159110e-001
8.820952e+003,1.175014e+000
8.824809e+003,2.347613e+000
8.828666e+003,3.165360e+000
8.832522e+003,3.512875e+000
8.836380e+003,3.399338e+000
8.840236e+003,2.959573e+000
8.844094e+003,2.406119e+000
8.847951e+003,1.955616e+000
8.851808e+003,1.753806e+000
8.855665e+003,1.825832e+000
8.859521e+003,2.071242e+000
8.863379e+003,2.306861e+000
8.867235e+003,2.341050e+000
8.871093e+003,2.052883e+000
8.874949e+003,1.445109e+000
8.878807e+003,6.497575e-001
8.882664e+003,-1.166686e-001
8.886521e+003,-6.316921e-001
8.890378e+003,-7.487779e-001
8.894234e+003,-4.535873e-001
8.898092e+003,1.308502e-001
8.901948e+003,7.852123e-001
8.905806e+003,1.267966e+000
8.909663e+003,1.394080e+000
8.913520e+003,1.090982e+000
8.917377e+003,4.147756e-001
8.921233e+003,-4.777573e-001
8.925091e+003,-1.372398e+000
8.928947e+003,-2.069477e+000
8.932805e+003,-2.432532e+000
8.936662e+003,-2.414342e+000
8.940519e+003,-2.054828e+000
8.944376e+003,-1.456542e+000
8.948232e+003,-7.484881e-001
8.952090e+003,-3.459585e-002
8.955946e+003,5.845054e-001
8.959804e+003,1.073425e+000
8.963660e+003,1.443823e+000
8.967518e+003,1.736573e+000
8.971375e+003,1.996088e+000
8.975231e+003,2.245232e+000
8.979089e+003,2.469410e+000
8.982945e+003,2.609861e+000
8.986803e+003,2.584212e+000
8.990659e+003,2.321035e+000
8.994517e+003,1.786145e+000
8.998374e+003,1.003076e+000
9.002230e+003,5.482686e-002
9.006088e+003,-9.341550e-001
9.009944e+003,-1.828878e+000
9.013802e+003,-2.542833e+000
9.017658e+003,-2.968158e+000
9.021516e+003,-3.085887e+000
9.025373e+003,-2.924234e+000
9.029229e+003,-2.543046e+000
9.033087e+003,-2.018929e+000
9.036943e+003,-1.435740e+000
9.040801e+003,-8.793470e-001
9.044657e+003,-4.321136e-001
9.048515e+003,-1.606405e-001
9.052371e+003,-9.852502e-002
9.056229e+003,-2.308385e-001
9.060086e+003,-4.899946e-001
9.063942e+003,-7.701362e-001
9.067800e+003,-9.592503e-001
9.071656e+003,-9.787076e-001
9.075514e+003,-8.160016e-001
9.079370e+003,-5.294262e-001
9.083228e+003,-2.240157e-001
9.087085e+003,-1.165795e-002
9.090941e+003,3.607360e-002
9.094799e+003,-7.912460e-002
9.098655e+003,-2.772686e-001
9.102513e+003,-4.252432e-001
9.106369e+003,-3.843566e-001
9.110227e+003,-5.320578e-002
9.114084e+003,5.951706e-001
9.117940e+003,1.506157e+000
9.121798e+003,2.560180e+000
9.125654e+003,3.605732e+000
9.129512e+003,4.496296e+000
9.133368e+003,5.120214e+000
9.137226e+003,5.451607e+000
9.141082e+003,5.301050e+000
9.144939e+003,4.751028e+000
9.148797e+003,3.946330e+000
9.152653e+003,3.057209e+000
9.156511e+003,2.239594e+000
9.160367e+003,1.599725e+000
9.164225e+003,1.171884e+000
9.168081e+003,5.173406e-001
9.171938e+003,2.123924e-002
9.175796e+003,-4.338143e-001
9.179652e+003,-8.716763e-001
9.183510e+003,-1.185845e+000
9.187366e+003,-1.211009e+000
9.191224e+003,-8.518522e-001
9.195080e+003,-1.755379e-001
9.198938e+003,3.513809e-001
9.202795e+003,8.143506e-001
9.206651e+003,1.158014e+000
9.210509e+003,1.364954e+000
9.214365e+003,1.458977e+000
9.218223e+003,1.491577e+000
9.222079e+003,1.517709e+000
9.225937e+003,1.571598e+000
9.229793e+003,1.636652e+000
9.233650e+003,1.697625e+000
9.237508e+003,1.712675e+000
9.241364e+003,1.649009e+000
9.245222e+003,1.500605e+000
9.249078e+003,1.293267e+000
9.252936e+003,1.074233e+000
9.256792e+003,8.907461e-001
9.260649e+003,7.667557e-001
9.264507e+003,6.929677e-001
9.268363e+003,6.273094e-001
9.272221e+003,5.165474e-001
9.276077e+003,3.250341e-001
9.279935e+003,5.961150e-002
9.283791e+003,-2.209905e-001
9.287648e+003,-4.180194e-001
9.291506e+003,-4.229117e-001
9.295362e+003,-1.552790e-001
9.299220e+003,4.058185e-001
9.303076e+003,1.208419e+000
9.306934e+003,2.136971e+000
9.310790e+003,3.040434e+000
9.314647e+003,3.768793e+000
9.318504e+003,4.206032e+000
9.322361e+003,4.290699e+000
9.326219e+003,4.019912e+000
9.330075e+003,3.447429e+000
9.333933e+003,2.669104e+000
9.337789e+003,1.808412e+000
9.341646e+003,1.001569e+000
9.345503e+003,3.806592e-001
9.349360e+003,5.306405e-002
9.353218e+003,7.714206e-002
9.357074e+003,4.492469e-001
9.360932e+003,1.083794e+000
9.364788e+003,1.829977e+000
9.368646e+003,2.504484e+000
9.372502e+003,2.937548e+000
9.376359e+003,3.017819e+000
9.380216e+003,2.720174e+000
9.384073e+003,2.082055e+000
9.387931e+003,1.245634e+000
9.391787e+003,3.585004e-001
9.395645e+003,-4.537970e-001
9.399501e+003,-1.110526e+000
9.403358e+003,-1.572760e+000
9.407215e+003,-1.821029e+000
9.411072e+003,-1.829821e+000
9.414930e+003,-1.542081e+000
9.418786e+003,-8.976979e-001
9.422644e+003,1.112570e-001
9.426500e+003,1.415545e+000
9.430357e+003,2.849087e+000
9.434214e+003,4.166978e+000
9.438071e+003,5.102162e+000
9.441929e+003,5.443512e+000
9.445785e+003,5.055190e+000
9.449643e+003,4.002339e+000
9.453499e+003,2.555182e+000
9.457356e+003,1.076911e+000
9.461213e+003,-8.734250e-002
9.465070e+003,-7.109089e-001
9.468927e+003,-7.414340e-001
9.472784e+003,-2.973748e-001
9.476642e+003,3.947610e-001
9.480498e+003,1.059535e+000
9.484355e+003,1.460053e+000
9.488212e+003,1.473484e+000
9.492069e+003,1.112026e+000
9.495926e+003,5.047882e-001
9.499783e+003,-1.471757e-001
9.503641e+003,-6.275833e-001
9.507497e+003,-7.900792e-001
9.511354e+003,-5.564961e-001
9.515211e+003,7.298291e-002
9.519068e+003,1.011456e+000
9.522925e+003,2.104354e+000
9.526782e+003,3.164248e+000
9.530640e+003,4.013191e+000
9.534496e+003,4.521124e+000
9.538354e+003,4.610263e+000
9.542210e+003,4.364366e+000
9.546067e+003,3.845854e+000
9.549924e+003,3.142517e+000
9.553781e+003,2.347324e+000
9.557638e+003,1.545611e+000
9.561495e+003,8.112096e-001
9.565353e+003,2.079236e-001
9.569209e+003,-2.012938e-001
9.573066e+003,-4.006414e-001
9.576923e+003,-3.745143e-001
9.580780e+003,-1.385480e-001
9.584637e+003,2.556472e-001
9.588494e+003,7.268229e-001
9.592352e+003,1.181883e+000
9.596208e+003,1.539494e+000
9.600065e+003,1.742812e+000
9.603922e+003,1.793325e+000
9.607779e+003,1.712457e+000
9.611636e+003,1.534137e+000
9.615493e+003,1.285892e+000
9.619351e+003,9.794528e-001
9.623207e+003,6.166863e-001
9.627064e+003,2.083733e-001
9.630921e+003,-2.075609e-001
9.634778e+003,-5.510799e-001
9.638635e+003,-7.143081e-001
9.642492e+003,-5.926524e-001
9.646349e+003,-1.279763e-001
9.650206e+003,6.549155e-001
9.654063e+003,1.636148e+000
9.657920e+003,2.622389e+000
9.661777e+003,3.392892e+000
9.665634e+003,3.783329e+000
9.669491e+003,3.717147e+000
9.673348e+003,3.235877e+000
9.677205e+003,2.483399e+000
9.681063e+003,1.657367e+000
9.684919e+003,9.460928e-001
9.688776e+003,4.737712e-001
9.692633e+003,2.728629e-001
9.696490e+003,2.883479e-001
9.700347e+003,4.125292e-001
9.704204e+003,5.299718e-001
9.708062e+003,5.576401e-001
9.711918e+003,4.668726e-001
9.715775e+003,2.830330e-001
9.719632e+003,6.724548e-002
9.723489e+003,-1.113018e-001
9.727346e+003,-1.967611e-001
9.731203e+003,-1.665301e-001
9.735060e+003,-3.460404e-002
9.738917e+003,1.548971e-001
9.742774e+003,3.424528e-001
9.746631e+003,4.723659e-001
9.750488e+003,5.119107e-001
9.754345e+003,4.644819e-001
9.758202e+003,3.743094e-001
9.762059e+003,3.129597e-001
9.765916e+003,3.545060e-001
9.769773e+003,5.434012e-001
9.773630e+003,8.676889e-001
9.777487e+003,1.250449e+000
9.781344e+003,1.567220e+000
9.785201e+003,1.686042e+000
9.789058e+003,1.520616e+000
9.792915e+003,1.070882e+000
9.796772e+003,4.351683e-001
9.800629e+003,-2.155699e-001
9.804486e+003,-6.942264e-001
9.808343e+003,-8.638349e-001
9.812200e+003,-6.872525e-001
9.816057e+003,-2.396286e-001
9.819914e+003,3.209563e-001
9.823771e+003,8.137406e-001
9.827628e+003,1.099494e+000
9.831485e+003,1.124194e+000
9.835342e+003,9.263034e-001
9.839199e+003,6.088222e-001
9.843056e+003,2.922903e-001
9.846913e+003,7.067974e-002
9.850770e+003,-1.232961e-002
9.854627e+003,4.510939e-002
9.858484e+003,2.225023e-001
9.862341e+003,4.994557e-001
9.866198e+003,8.653468e-001
9.870055e+003,1.311884e+000
9.873912e+003,1.815797e+000
9.877769e+003,2.301482e+000
9.881626e+003,2.719855e+000
9.885483e+003,2.995553e+000
9.889340e+003,3.081216e+000
9.893197e+003,2.982931e+000
9.897054e+003,2.765326e+000
9.900911e+003,2.530689e+000
9.904768e+003,2.379086e+000
9.908625e+003,2.346685e+000
9.912481e+003,2.443724e+000
9.916339e+003,2.596558e+000
9.920196e+003,2.696025e+000
9.924053e+003,2.637044e+000
9.927910e+003,2.354389e+000
9.931767e+003,1.840571e+000
9.935624e+003,1.140461e+000
9.939480e+003,3.751153e-001
9.943338e+003,-4.185581e-001
9.947195e+003,-1.192974e+000
9.951052e+003,-1.922626e+000
9.954909e+003,-2.594381e+000
9.958766e+003,-3.191864e+000
9.962623e+003,-3.683616e+000
9.966479e+003,-4.022178e+000
9.970337e+003,-4.144138e+000
9.974193e+003,-4.028308e+000
9.978051e+003,-3.667256e+000
9.981908e+003,-3.091373e+000
9.985765e+003,-2.364924e+000
9.989622e+003,-1.572048e+000
9.993479e+003,-7.985973e-001
9.997336e+003,-1.166829e-001
1.000119e+004,4.154791e-001
1.000505e+004,7.728276e-001
1.000891e+004,9.468622e-001
1.001276e+004,9.442062e-001
1.001662e+004,7.841985e-001
1.002048e+004,4.995354e-001
1.002433e+004,1.370197e-001
1.002819e+004,-2.454062e-001
1.003205e+004,-5.828919e-001
1.003591e+004,-8.114223e-001
1.003976e+004,-9.026339e-001
1.004362e+004,-8.593218e-001
1.004748e+004,-7.103429e-001
1.005133e+004,-4.969818e-001
1.005519e+004,-2.574034e-001
1.005905e+004,-1.684484e-002
1.006290e+004,2.384256e-001
1.006676e+004,4.693850e-001
1.007062e+004,6.585400e-001
1.007448e+004,7.791672e-001
1.007833e+004,8.049564e-001
1.008219e+004,7.294749e-001
1.008605e+004,5.848445e-001
1.008990e+004,4.465367e-001
1.009376e+004,4.257073e-001
1.009762e+004,6.065736e-001
1.010147e+004,1.023462e+000
1.010533e+004,1.622832e+000
1.010919e+004,2.266492e+000
1.011305e+004,2.772482e+000
1.011690e+004,2.980952e+000
1.012076e+004,2.819376e+000
1.012462e+004,2.326063e+000
1.012847e+004,1.675503e+000
1.013233e+004,1.100470e+000
1.013619e+004,8.112102e-001
1.014004e+004,9.190677e-001
1.014390e+004,1.397718e+000
1.014776e+004,2.096363e+000
1.015162e+004,2.797594e+000
1.015547e+004,3.286638e+000
1.015933e+004,3.435676e+000
1.016319e+004,3.224148e+000
1.016704e+004,2.731381e+000
1.017090e+004,2.092007e+000
1.017476e+004,1.442063e+000
1.017861e+004,8.790083e-001
1.018247e+004,4.483978e-001
1.018633e+004,1.496347e-001
1.019019e+004,-1.988980e-002
1.019404e+004,-7.259776e-002
1.019790e+004,-1.689911e-002
1.020176e+004,1.324695e-001
1.020561e+004,3.398800e-001
1.020947e+004,5.427776e-001
1.021333e+004,6.618018e-001
1.021718e+004,6.249622e-001
1.022104e+004,3.951120e-001
1.022490e+004,-1.208201e-002
1.022876e+004,-5.304969e-001
1.023261e+004,-1.064903e+000
1.023647e+004,-1.521778e+000
1.024033e+004,-1.835586e+000
1.024418e+004,-1.979499e+000
1.024804e+004,-1.963479e+000
1.025190e+004,-1.804790e+000
1.025575e+004,-1.517829e+000
1.025961e+004,-1.109465e+000
1.026347e+004,-5.897967e-001
1.026733e+004,8.979797e-003
1.027118e+004,6.184230e-001
1.027504e+004,1.136518e+000
1.027890e+004,1.437486e+000
1.028275e+004,1.463962e+000
1.028661e+004,1.198602e+000
1.029047e+004,7.057328e-001
1.029432e+004,1.232878e-001
1.029818e+004,-3.725376e-001
1.030204e+004,-6.185657e-001
1.030590e+004,-5.136492e-001
1.030975e+004,-6.784731e-002
1.031361e+004,6.496842e-001
1.031747e+004,1.501796e+000
1.032132e+004,2.330106e+000
1.032518e+004,2.993980e+000
1.032904e+004,3.397698e+000
1.033289e+004,3.500546e+000
1.033675e+004,3.312034e+000
1.034061e+004,2.888774e+000
1.034447e+004,2.297764e+000
1.034832e+004,1.616595e+000
1.035218e+004,9.295545e-001
1.035604e+004,3.214996e-001
1.035989e+004,-1.316380e-001
1.036375e+004,-3.758571e-001
1.036761e+004,-3.920184e-001
1.037146e+004,-2.173252e-001
1.037532e+004,9.564513e-002
1.037918e+004,4.671030e-001
1.038304e+004,8.158966e-001
1.038689e+004,1.080878e+000
1.039075e+004,1.235392e+000
1.039461e+004,1.290101e+000
1.039846e+004,1.283818e+000
1.040232e+004,1.264704e+000
1.040618e+004,1.278802e+000
1.041003e+004,1.347182e+000
1.041389e+004,1.464593e+000
1.041775e+004,1.602150e+000
1.042161e+004,1.715800e+000
1.042546e+004,1.757458e+000
1.042932e+004,1.686284e+000
1.043318e+004,1.475406e+000
1.043703e+004,1.128625e+000
1.044089e+004,6.773654e-001
1.044475e+004,1.817419e-001
1.044860e+004,-2.778091e-001
1.045246e+004,-6.167349e-001
1.045632e+004,-7.679603e-001
1.046018e+004,-7.031156e-001
1.046403e+004,-4.452522e-001
1.046789e+004,-6.695286e-002
1.047175e+004,3.212968e-001
1.047560e+004,6.077126e-001
1.047946e+004,7.146499e-001
1.048332e+004,6.247078e-001
1.048717e+004,3.875087e-001
1.049103e+004,1.039677e-001
1.049489e+004,-1.087473e-001
1.049875e+004,-1.453824e-001
1.050260e+004,4.227114e-002
1.050646e+004,4.360963e-001
1.051032e+004,9.611113e-001
1.051417e+004,1.512013e+000
1.051803e+004,1.985752e+000
1.052189e+004,2.308251e+000
1.052574e+004,2.447652e+000
1.052960e+004,2.405276e+000
1.053346e+004,2.212874e+000
1.053732e+004,1.909283e+000
1.054117e+004,1.525733e+000
1.054503e+004,1.079999e+000
1.054889e+004,5.802101e-001
1.055274e+004,3.561702e-002
1.055660e+004,-5.394303e-001
1.056046e+004,-1.085297e+000
1.056431e+004,-1.523279e+000
1.056817e+004,-1.754353e+000
1.057203e+004,-1.678484e+000
1.057589e+004,-1.222650e+000
1.057974e+004,-3.710075e-001
1.058360e+004,8.124391e-001
1.058746e+004,2.191185e+000
1.059131e+004,3.534531e+000
1.059517e+004,4.599356e+000
1.059903e+004,5.180174e+000
1.060288e+004,5.165818e+000
1.060674e+004,4.573589e+000
1.061060e+004,3.547455e+000
1.061446e+004,2.318820e+000
1.061831e+004,1.130353e+000
1.062217e+004,2.081223e-001
1.062603e+004,-3.318331e-001
1.062988e+004,-4.869113e-001
1.063374e+004,-3.459305e-001
1.063760e+004,-4.164262e-002
1.064145e+004,3.020158e-001
1.064531e+004,6.084322e-001
1.064917e+004,8.635517e-001
1.065303e+004,1.096620e+000
1.065688e+004,1.360498e+000
1.066074e+004,1.699059e+000
1.066460e+004,2.126271e+000
1.066845e+004,2.619603e+000
1.067231e+004,3.126476e+000
1.067617e+004,3.578863e+000
1.068002e+004,3.910467e+000
1.068388e+004,4.073317e+000
1.068774e+004,4.050009e+000
1.069160e+004,3.859942e+000
1.069545e+004,3.556715e+000
1.069931e+004,3.215038e+000
1.070317e+004,2.908619e+000
1.070702e+004,2.685031e+000
1.071088e+004,2.549625e+000
1.071474e+004,2.453011e+000
1.071859e+004,2.321097e+000
1.072245e+004,2.079798e+000
1.072631e+004,1.687078e+000
1.073017e+004,1.151931e+000
1.073402e+004,5.303059e-001
1.073788e+004,-1.012549e-001
1.074174e+004,-6.772289e-001
1.074559e+004,-1.185124e+000
1.074945e+004,-1.653187e+000
1.075331e+004,-2.132123e+000
1.075716e+004,-2.655187e+000
1.076102e+004,-3.201440e+000
1.076488e+004,-3.682670e+000
1.076874e+004,-3.964749e+000
1.077259e+004,-3.937123e+000
1.077645e+004,-3.534925e+000
1.078031e+004,-2.793019e+000
1.078416e+004,-1.849553e+000
1.078802e+004,-9.120586e-001
1.079188e+004,-1.956102e-001
1.079573e+004,1.441494e-001
1.079959e+004,5.835712e-002
1.080345e+004,-4.008880e-001
1.080731e+004,-1.053266e+000
1.081116e+004,-1.709731e+000
1.081502e+004,-2.196257e+000
1.081888e+004,-2.392976e+000
1.082273e+004,-2.250898e+000
1.082659e+004,-1.786794e+000
1.083045e+004,-1.064620e+000
1.083430e+004,-1.998414e-001
1.083816e+004,7.341073e-001
1.084202e+004,1.640694e+000
1.084588e+004,2.427572e+000
1.084973e+004,3.013042e+000
1.085359e+004,3.336670e+000
1.085745e+004,3.372257e+000
1.086130e+004,3.137638e+000
1.086516e+004,2.696275e+000
1.086902e+004,2.140895e+000
1.087287e+004,1.578036e+000
1.087673e+004,1.099062e+000
1.088059e+004,7.608887e-001
1.088445e+004,5.798525e-001
1.088830e+004,5.399925e-001
1.089216e+004,6.107384e-001
1.089602e+004,7.713809e-001
1.089987e+004,1.001210e+000
1.090373e+004,1.297501e+000
1.090759e+004,1.656768e+000
1.091144e+004,2.059229e+000
1.091530e+004,2.460036e+000
1.091916e+004,2.793992e+000
1.092301e+004,2.994125e+000
1.092687e+004,3.006585e+000
1.093073e+004,2.841868e+000
1.093459e+004,2.562776e+000
1.093844e+004,2.276010e+000
1.094230e+004,2.100243e+000
1.094616e+004,2.125540e+000
1.095001e+004,2.378786e+000
1.095387e+004,2.808759e+000
1.095773e+004,3.297777e+000
1.096158e+004,3.698650e+000
1.096544e+004,3.882920e+000
1.096930e+004,3.791924e+000
1.097316e+004,3.463097e+000
1.097701e+004,3.023894e+000
1.098087e+004,2.653863e+000
1.098473e+004,2.526917e+000
1.098858e+004,2.757602e+000
1.099244e+004,3.355216e+000
1.099630e+004,4.219339e+000
1.100016e+004,5.172274e+000
1.100401e+004,6.014636e+000
1.100787e+004,6.584742e+000
1.101173e+004,6.800775e+000
1.101558e+004,6.672216e+000
1.101944e+004,6.273763e+000
1.102330e+004,5.718528e+000
1.102715e+004,5.104943e+000
1.103101e+004,4.487312e+000
1.103487e+004,3.869379e+000
1.103872e+004,3.219946e+000
1.104258e+004,2.499987e+000
1.104644e+004,1.687861e+000
1.105030e+004,7.834623e-001
1.105415e+004,-1.625044e-001
1.105801e+004,-1.086957e+000
1.106187e+004,-1.916617e+000
1.106572e+004,-2.576407e+000
1.106958e+004,-2.994614e+000
1.107344e+004,-3.109029e+000
1.107729e+004,-2.878474e+000
1.108115e+004,-2.294899e+000
1.108501e+004,-1.412441e+000
1.108887e+004,-3.473375e-001
1.109272e+004,7.347509e-001
1.109658e+004,1.652065e+000
1.110044e+004,2.251767e+000
1.110429e+004,2.451053e+000
1.110815e+004,2.258677e+000
1.111201e+004,1.759876e+000
1.111587e+004,1.110049e+000
1.111972e+004,4.722698e-001
1.112358e+004,-1.861459e-002
1.112744e+004,-2.785404e-001
1.113129e+004,-2.773500e-001
1.113515e+004,-2.946405e-002
1.113901e+004,4.172358e-001
1.114286e+004,9.915298e-001
1.114672e+004,1.587906e+000
1.115058e+004,2.080881e+000
1.115443e+004,2.341447e+000
1.115829e+004,2.268313e+000
1.116215e+004,1.823814e+000
1.116601e+004,1.058205e+000
1.116986e+004,1.071844e-001
1.117372e+004,-8.437532e-001
1.117758e+004,-1.607582e+000
1.118143e+004,-2.058446e+000
1.118529e+004,-2.161438e+000
1.118915e+004,-1.967998e+000
1.119300e+004,-1.579696e+000
1.119686e+004,-1.100114e+000
1.120072e+004,-5.990933e-001
1.120458e+004,-1.171377e-001
1.120843e+004,3.511363e-001
1.121229e+004,7.925135e-001
1.121615e+004,1.167661e+000
1.122000e+004,1.418391e+000
1.122386e+004,1.498260e+000
1.122772e+004,1.408878e+000
1.123158e+004,1.218576e+000
1.123543e+004,1.024547e+000
1.123929e+004,9.735224e-001
1.124315e+004,1.143007e+000
1.124700e+004,1.529113e+000
1.125086e+004,2.044172e+000
1.125472e+004,2.551424e+000
1.125857e+004,2.921062e+000
1.126243e+004,3.080987e+000
1.126629e+004,3.024259e+000
1.127014e+004,2.853503e+000
1.127400e+004,2.648992e+000
1.127786e+004,2.461714e+000
1.128172e+004,2.286399e+000
1.128557e+004,2.064276e+000
1.128943e+004,1.713542e+000
1.129329e+004,1.172410e+000
1.129714e+004,5.212524e-001
1.130100e+004,-2.490583e-001
1.130486e+004,-1.047539e+000
1.130871e+004,-1.766260e+000
1.131257e+004,-2.309000e+000
1.131643e+004,-2.611027e+000
1.132029e+004,-2.644887e+000
1.132414e+004,-2.414793e+000
1.132800e+004,-1.938243e+000
1.133186e+004,-1.283562e+000
1.133571e+004,-5.057809e-001
1.133957e+004,3.174685e-001
1.134343e+004,1.082930e+000
1.134729e+004,1.669952e+000
1.135114e+004,1.963095e+000
1.135500e+004,1.884849e+000
1.135886e+004,1.408796e+000
1.136271e+004,6.290737e-001
1.136657e+004,-2.843894e-001
1.137043e+004,-1.113972e+000
1.137428e+004,-1.650669e+000
1.137814e+004,-1.752234e+000
1.138200e+004,-1.383716e+000
1.138585e+004,-6.266198e-001
1.138971e+004,3.730730e-001
1.139357e+004,1.371389e+000
1.139743e+004,2.155670e+000
1.140128e+004,2.582038e+000
1.140514e+004,2.599735e+000
1.140900e+004,2.245579e+000
1.141285e+004,1.616691e+000
1.141671e+004,8.358945e-001
1.142057e+004,1.791532e-002
1.142442e+004,-7.238258e-001
1.142828e+004,-1.301623e+000
1.143214e+004,-1.645275e+000
1.143600e+004,-1.702363e+000
1.143985e+004,-1.446112e+000
1.144371e+004,-8.886979e-001
1.144757e+004,-9.239364e-002
1.145142e+004,8.418146e-001
1.145528e+004,1.753176e+000
1.145914e+004,2.485964e+000
1.146300e+004,2.915181e+000
1.146685e+004,2.975719e+000
1.147071e+004,2.675140e+000
1.147457e+004,2.086567e+000
1.147842e+004,1.325640e+000
1.148228e+004,5.159839e-001
1.148614e+004,-2.226387e-001
1.148999e+004,-8.031670e-001
1.149385e+004,-1.173511e+000
1.149771e+004,-1.312903e+000
1.150156e+004,-1.225839e+000
1.150542e+004,-9.382186e-001
1.150928e+004,-4.966623e-001
1.151314e+004,3.270644e-002
1.151699e+004,5.627347e-001
1.152085e+004,1.000328e+000
1.152471e+004,1.262459e+000
1.152856e+004,1.294945e+000
1.153242e+004,1.087159e+000
1.153628e+004,6.773663e-001
1.154013e+004,1.463874e-001
1.154399e+004,-4.044619e-001
1.154785e+004,-8.543459e-001
1.155171e+004,-1.108007e+000
1.155556e+004,-1.106498e+000
1.155942e+004,-8.367467e-001
1.156328e+004,-3.322455e-001
1.156713e+004,3.343332e-001
1.157099e+004,1.064938e+000
1.157485e+004,1.761285e+000
1.157871e+004,2.320471e+000
1.158256e+004,2.676119e+000
1.158642e+004,2.802079e+000
1.159028e+004,2.713605e+000
1.159413e+004,2.458246e+000
1.159799e+004,2.099047e+000
1.160185e+004,1.695576e+000
1.160570e+004,1.287686e+000
1.160956e+004,8.955630e-001
1.161342e+004,5.210787e-001
1.161727e+004,1.624348e-001
1.162113e+004,-1.708209e-001
1.162499e+004,-4.484546e-001
1.162885e+004,-6.204133e-001
1.163270e+004,-6.280414e-001
1.163656e+004,-4.181052e-001
1.164042e+004,3.183582e-002
1.164427e+004,7.075087e-001
1.164813e+004,1.555155e+000
1.165199e+004,2.489315e+000
1.165584e+004,3.407089e+000
1.165970e+004,4.204947e+000
1.166356e+004,4.794675e+000
1.166742e+004,5.119482e+000
1.167127e+004,5.150547e+000
1.167513e+004,4.906244e+000
1.167899e+004,4.443252e+000
1.168284e+004,3.846212e+000
1.168670e+004,3.211032e+000
1.169056e+004,2.625150e+000
1.169441e+004,2.150137e+000
1.169827e+004,1.814340e+000
1.170213e+004,1.610657e+000
1.170599e+004,1.509805e+000
1.170984e+004,1.477736e+000
1.171370e+004,1.490023e+000
1.171756e+004,1.536911e+000
1.172141e+004,1.617490e+000
1.172527e+004,1.727336e+000
1.172913e+004,1.852304e+000
1.173298e+004,1.951793e+000
1.173684e+004,1.988848e+000
1.174070e+004,1.944697e+000
1.174456e+004,1.837489e+000
1.174841e+004,1.727537e+000
1.175227e+004,1.702665e+000
1.175613e+004,1.846434e+000
1.175998e+004,2.199111e+000
1.176384e+004,2.736100e+000
1.176770e+004,3.356713e+000
1.177155e+004,3.911985e+000
1.177541e+004,4.249892e+000
1.177927e+004,4.263692e+000
1.178313e+004,3.925097e+000
1.178698e+004,3.290434e+000
1.179084e+004,2.447948e+000
1.179470e+004,1.569642e+000
1.179855e+004,7.853528e-001
1.180241e+004,1.754322e-001
1.180627e+004,-2.399716e-001
1.181012e+004,-4.923439e-001
1.181398e+004,-6.443328e-001
1.181784e+004,-7.662991e-001
1.182170e+004,-9.405481e-001
1.182555e+004,-1.170449e+000
1.182941e+004,-1.450498e+000
1.183327e+004,-1.736356e+000
1.183712e+004,-1.950870e+000
1.184098e+004,-2.000558e+000
1.184484e+004,-1.802151e+000
1.184869e+004,-1.313600e+000
1.185255e+004,-5.490761e-001
1.185641e+004,3.886752e-001
1.186027e+004,1.339737e+000
1.186412e+004,2.129845e+000
1.186798e+004,2.622709e+000
1.187184e+004,2.761880e+000
1.187569e+004,2.585202e+000
1.187955e+004,2.205853e+000
1.188341e+004,1.763091e+000
1.188726e+004,1.388049e+000
1.189112e+004,1.152308e+000
1.189498e+004,1.060373e+000
1.189883e+004,1.066332e+000
1.190269e+004,1.104813e+000
1.190655e+004,1.119448e+000
1.191041e+004,1.077076e+000
1.191426e+004,9.665524e-001
1.191812e+004,7.902944e-001
1.192198e+004,5.596809e-001
1.192583e+004,3.000589e-001
1.192969e+004,6.154907e-002
1.193355e+004,-7.546835e-002
1.193741e+004,-1.130918e-002
1.194126e+004,3.427266e-001
1.194512e+004,1.007310e+000
1.194898e+004,1.950086e+000
1.195283e+004,3.038497e+000
1.195669e+004,4.076552e+000
1.196055e+004,4.856133e+000
1.196440e+004,5.215550e+000
1.196826e+004,5.083220e+000
1.197212e+004,4.491230e+000
1.197598e+004,3.572339e+000
1.197983e+004,2.482346e+000
1.198369e+004,1.384016e+000
1.198755e+004,4.179727e-001
1.199140e+004,-3.088666e-001
1.199526e+004,-7.245481e-001
1.199912e+004,-7.926580e-001
1.200297e+004,-5.186663e-001
1.200683e+004,3.224845e-002
1.201069e+004,7.472451e-001
1.201454e+004,1.471226e+000
1.201840e+004,2.034491e+000
1.202226e+004,2.297017e+000
1.202612e+004,2.191978e+000
1.202997e+004,1.750472e+000
1.203383e+004,1.095296e+000
1.203769e+004,4.010261e-001
1.204154e+004,-1.562687e-001
1.204540e+004,-4.508348e-001
1.204926e+004,-4.334138e-001
1.205312e+004,-1.310226e-001
1.205697e+004,3.768861e-001
1.206083e+004,9.918560e-001
1.206469e+004,1.623851e+000
1.206854e+004,2.192502e+000
1.207240e+004,2.659880e+000
1.207626e+004,2.983379e+000
1.208011e+004,3.124332e+000
1.208397e+004,3.055634e+000
1.208783e+004,2.778523e+000
1.209169e+004,2.338767e+000
1.209554e+004,1.830309e+000
1.209940e+004,1.380291e+000
1.210326e+004,1.111146e+000
1.210711e+004,1.106350e+000
1.211097e+004,1.379779e+000
1.211483e+004,1.868001e+000
1.211868e+004,2.448358e+000
1.212254e+004,2.976294e+000
1.212640e+004,3.327980e+000
1.213025e+004,3.432970e+000
1.213411e+004,3.287084e+000
1.213797e+004,2.942935e+000
1.214183e+004,2.487009e+000
1.214568e+004,2.013163e+000
1.214954e+004,1.602766e+000
1.215340e+004,1.316274e+000
1.215725e+004,1.194747e+000
1.216111e+004,1.265939e+000
1.216497e+004,1.547577e+000
1.216883e+004,2.043429e+000
1.217268e+004,2.735763e+000
1.217654e+004,3.575798e+000
1.218040e+004,4.478475e+000
1.218425e+004,5.326047e+000
1.218811e+004,5.982180e+000
1.219197e+004,6.311397e+000
1.219582e+004,6.210801e+000
1.219968e+004,5.638449e+000
1.220354e+004,4.630040e+000
1.220740e+004,3.303226e+000
1.221125e+004,1.844295e+000
1.221511e+004,4.771455e-001
1.221897e+004,-5.808558e-001
1.222282e+004,-1.174431e+000
1.222668e+004,-1.215979e+000
1.223054e+004,-7.503422e-001
1.223439e+004,7.317376e-002
1.223825e+004,1.041026e+000
1.224211e+004,1.934221e+000
1.224596e+004,2.587930e+000
1.224982e+004,2.932719e+000
1.225368e+004,3.005979e+000
1.225754e+004,2.916599e+000
1.226139e+004,2.810661e+000
1.226525e+004,2.805098e+000
1.226911e+004,2.944161e+000
1.227296e+004,3.186810e+000
1.227682e+004,3.428279e+000
1.228068e+004,3.545882e+000
1.228454e+004,3.439897e+000
1.228839e+004,3.095491e+000
1.229225e+004,2.577405e+000
1.229611e+004,2.011638e+000
1.229996e+004,1.542169e+000
1.230382e+004,1.283659e+000
1.230768e+004,1.287275e+000
1.231153e+004,1.530025e+000
1.231539e+004,1.922504e+000
1.231925e+004,2.352201e+000
1.232311e+004,2.696379e+000
1.232696e+004,2.858121e+000
1.233082e+004,2.778725e+000
1.233468e+004,2.437957e+000
1.233853e+004,1.848635e+000
1.234239e+004,1.052187e+000
1.234625e+004,8.794991e-002
1.235010e+004,-9.093928e-001
1.235396e+004,-1.808617e+000
1.235782e+004,-2.470632e+000
1.236167e+004,-2.777076e+000
1.236553e+004,-2.663745e+000
1.236939e+004,-2.146755e+000
1.237325e+004,-1.329109e+000
1.237710e+004,-3.670677e-001
1.238096e+004,5.286387e-001
1.238482e+004,1.185087e+000
1.238867e+004,1.503294e+000
1.239253e+004,1.480177e+000
1.239639e+004,1.200049e+000
1.240025e+004,8.008830e-001
1.240410e+004,4.295305e-001
1.240796e+004,1.973805e-001
1.241182e+004,1.699955e-001
1.241567e+004,3.552066e-001
1.241953e+004,7.171566e-001
1.242339e+004,1.190379e+000
1.242724e+004,1.690858e+000
1.243110e+004,2.123420e+000
1.243496e+004,2.390263e+000
1.243881e+004,2.396874e+000
1.244267e+004,2.113228e+000
1.244653e+004,1.548436e+000
1.245039e+004,7.834519e-001
1.245424e+004,-3.443594e-002
1.245810e+004,-7.221030e-001
1.246196e+004,-1.109865e+000
1.246581e+004,-1.093380e+000
1.246967e+004,-6.949825e-001
1.247353e+004,6.463885e-003
1.247738e+004,8.521111e-001
1.248124e+004,1.667366e+000
1.248510e+004,2.314835e+000
1.248896e+004,2.729218e+000
1.249281e+004,2.922129e+000
1.249667e+004,2.957779e+000
1.250053e+004,2.909390e+000
1.250438e+004,2.836575e+000
1.250824e+004,2.746192e+000
1.251210e+004,2.609506e+000
1.251596e+004,2.387629e+000
1.251981e+004,2.062216e+000
1.252367e+004,1.656326e+000
1.252753e+004,1.235421e+000
1.253138e+004,8.923154e-001
1.253524e+004,6.985134e-001
1.253910e+004,6.947217e-001
1.254295e+004,8.681716e-001
1.254681e+004,1.154922e+000
1.255067e+004,1.459381e+000
1.255452e+004,1.683321e+000
1.255838e+004,1.753972e+000
1.256224e+004,1.652050e+000
1.256610e+004,1.391407e+000
1.256995e+004,1.026028e+000
1.257381e+004,6.292298e-001
1.257767e+004,2.746571e-001
1.258152e+004,2.054721e-002
1.258538e+004,-9.976476e-002
1.258924e+004,-8.063483e-002
1.259309e+004,6.167439e-002
1.259695e+004,2.824065e-001
1.260081e+004,5.324337e-001
1.260467e+004,7.588272e-001
1.260852e+004,9.122320e-001
1.261238e+004,9.540867e-001
1.261624e+004,8.632791e-001
1.262009e+004,6.413369e-001
1.262395e+004,3.149925e-001
1.262781e+004,-6.635585e-002
1.263167e+004,-4.370199e-001
1.263552e+004,-7.266600e-001
1.263938e+004,-8.746201e-001
1.264324e+004,-8.441285e-001
1.264709e+004,-6.329091e-001
1.265095e+004,-2.772655e-001
1.265481e+004,1.487942e-001
1.265866e+004,5.497907e-001
1.266252e+004,8.231320e-001
1.266638e+004,8.806674e-001
1.267023e+004,6.667452e-001
1.267409e+004,1.708922e-001
1.267795e+004,-5.671357e-001
1.268181e+004,-1.460972e+000
1.268566e+004,-2.418273e+000
1.268952e+004,-3.263494e+000
1.269338e+004,-3.863350e+000
1.269723e+004,-4.122977e+000
1.270109e+004,-4.008120e+000
1.270495e+004,-3.556142e+000
1.270880e+004,-2.871368e+000
1.271266e+004,-2.103833e+000
1.271652e+004,-1.400455e+000
1.272038e+004,-9.150258e-001
1.272423e+004,-7.272403e-001
1.272809e+004,-8.385383e-001
1.273195e+004,-1.176632e+000
1.273580e+004,-1.619427e+000
1.273966e+004,-2.029932e+000
1.274352e+004,-2.290750e+000
1.274738e+004,-2.325004e+000
1.275123e+004,-2.112725e+000
1.275509e+004,-1.679259e+000
1.275895e+004,-1.081924e+000
1.276280e+004,-3.924612e-001
1.276666e+004,3.178711e-001
1.277052e+004,9.888588e-001
1.277437e+004,1.578312e+000
1.277823e+004,2.067053e+000
1.278209e+004,2.459555e+000
1.278594e+004,2.782838e+000
1.278980e+004,3.076850e+000
1.279366e+004,3.379272e+000
1.279752e+004,3.708339e+000
1.280137e+004,4.050543e+000
1.280523e+004,4.359764e+000
1.280909e+004,4.569393e+000
1.281294e+004,4.615729e+000
1.281680e+004,4.462864e+000
1.282066e+004,4.116355e+000
1.282451e+004,3.621584e+000
1.282837e+004,3.047424e+000
1.283223e+004,2.463519e+000
1.283609e+004,1.922249e+000
1.283994e+004,1.432700e+000
1.284380e+004,1.039715e+000
1.284766e+004,7.553964e-001
1.285151e+004,5.938316e-001
1.285537e+004,5.655437e-001
1.285923e+004,6.612945e-001
1.286308e+004,8.362770e-001
1.286694e+004,1.008460e+000
1.287080e+004,1.117031e+000
1.287466e+004,9.869112e-001
1.287851e+004,6.059991e-001
1.288237e+004,8.148213e-002
1.288623e+004,-4.026391e-001
1.289008e+004,-6.723075e-001
1.289394e+004,-6.486845e-001
1.289780e+004,-3.838288e-001
1.290165e+004,1.067099e-002
1.290551e+004,3.163127e-001
1.290937e+004,4.266659e-001
1.291323e+004,3.609174e-001
1.291708e+004,2.152616e-001
1.292094e+004,7.204646e-002
1.292480e+004,-6.012564e-002
1.292865e+004,-2.287711e-001
1.293251e+004,-4.364895e-001
1.293637e+004,-7.024538e-001
1.294022e+004,-9.426407e-001
1.294408e+004,-1.037111e+000
1.294794e+004,-8.899118e-001
1.295180e+004,-4.856488e-001
1.295565e+004,8.911080e-002
1.295951e+004,6.743931e-001
1.296337e+004,1.030223e+000
1.296722e+004,1.142892e+000
1.297108e+004,1.023435e+000
1.297494e+004,7.760473e-001
1.297879e+004,5.536606e-001
1.298265e+004,4.940565e-001
1.298651e+004,6.655301e-001
1.299037e+004,1.045271e+000
1.299422e+004,1.516130e+000
1.299808e+004,1.978882e+000
1.300194e+004,2.331540e+000
1.300579e+004,2.518352e+000
1.300965e+004,2.530536e+000
1.301351e+004,2.385920e+000
1.301736e+004,2.104238e+000
1.302122e+004,1.695337e+000
1.302508e+004,1.169322e+000
1.302894e+004,5.553702e-001
1.303279e+004,-7.518718e-002
1.303665e+004,-6.089330e-001
1.304051e+004,-9.170963e-001
1.304436e+004,-9.019049e-001
1.304822e+004,-5.425279e-001
1.305208e+004,8.228920e-002
1.305593e+004,8.104565e-001
1.305979e+004,1.441571e+000
1.306365e+004,1.808260e+000
1.306751e+004,1.832555e+000
1.307136e+004,1.549429e+000
1.307522e+004,1.088221e+000
1.307908e+004,6.212806e-001
1.308293e+004,3.020797e-001
1.308679e+004,2.169001e-001
1.309065e+004,3.709384e-001
1.309450e+004,6.949586e-001
1.309836e+004,1.083081e+000
1.310222e+004,1.430593e+000
1.310608e+004,1.659856e+000
1.310993e+004,1.729069e+000
1.311379e+004,1.628403e+000
1.311765e+004,1.366807e+000
1.312150e+004,9.839879e-001
1.312536e+004,5.405383e-001
1.312922e+004,1.195924e-001
1.313307e+004,-1.829530e-001
1.313693e+004,-2.801363e-001
1.314079e+004,-1.221759e-001
1.314465e+004,2.807643e-001
1.314850e+004,8.502028e-001
1.315236e+004,1.468552e+000
1.315622e+004,2.004843e+000
1.316007e+004,2.362936e+000
1.316393e+004,2.509076e+000
1.316779e+004,2.472255e+000
1.317164e+004,2.318146e+000
1.317550e+004,2.110317e+000
1.317936e+004,1.866135e+000
1.318322e+004,1.588296e+000
1.318707e+004,1.242370e+000
1.319093e+004,8.069282e-001
1.319479e+004,3.063661e-001
1.319864e+004,-1.799854e-001
1.320250e+004,-5.407754e-001
1.320636e+004,-6.793494e-001
1.321021e+004,-5.496762e-001
1.321407e+004,-2.176030e-001
1.321793e+004,1.704206e-001
1.322179e+004,4.363671e-001
1.322564e+004,4.416303e-001
1.322950e+004,1.476609e-001
1.323336e+004,-3.602325e-001
1.323721e+004,-8.973517e-001
1.324107e+004,-1.238618e+000
1.324493e+004,-1.202106e+000
1.324878e+004,-7.185222e-001
1.325264e+004,1.421505e-001
1.325650e+004,1.197551e+000
1.326036e+004,2.219256e+000
1.326421e+004,3.011651e+000
1.326807e+004,3.473200e+000
1.327193e+004,3.613618e+000
1.327578e+004,3.537489e+000
1.327964e+004,3.396528e+000
1.328350e+004,3.312872e+000
1.328735e+004,3.328095e+000
1.329121e+004,3.389945e+000
1.329507e+004,3.380802e+000
1.329892e+004,3.175091e+000
1.330278e+004,2.701882e+000
1.330664e+004,1.985172e+000
1.331050e+004,1.147153e+000
1.331435e+004,3.696568e-001
1.331821e+004,-1.706890e-001
1.332207e+004,-3.685122e-001
1.332592e+004,-2.305037e-001
1.332978e+004,1.258044e-001
1.333364e+004,5.147640e-001
1.333750e+004,7.571381e-001
1.334135e+004,7.415537e-001
1.334521e+004,4.579876e-001
1.334907e+004,-3.779829e-003
1.335292e+004,-4.924352e-001
1.335678e+004,-8.535746e-001
1.336064e+004,-9.844528e-001
1.336449e+004,-8.785083e-001
1.336835e+004,-5.886049e-001
1.337221e+004,-2.079793e-001
1.337607e+004,1.722017e-001
1.337992e+004,4.973176e-001
1.338378e+004,7.620940e-001
1.338764e+004,9.981941e-001
1.339149e+004,1.244549e+000
1.339535e+004,1.491982e+000
1.339921e+004,1.739686e+000
1.340306e+004,1.927468e+000
1.340692e+004,1.983835e+000
1.341078e+004,1.859434e+000
1.341463e+004,1.555119e+000
1.341849e+004,1.131916e+000
1.342235e+004,6.974755e-001
1.342621e+004,3.601910e-001
1.343006e+004,2.199640e-001
1.343392e+004,3.124219e-001
1.343778e+004,6.048530e-001
1.344163e+004,1.005691e+000
1.344549e+004,1.392608e+000
1.344935e+004,1.649340e+000
1.345321e+004,1.699069e+000
1.345706e+004,1.515140e+000
1.346092e+004,1.155147e+000
1.346478e+004,7.032245e-001
1.346863e+004,2.615750e-001
1.347249e+004,-7.632168e-002
1.347635e+004,-2.474253e-001
1.348020e+004,-2.309042e-001
1.348406e+004,-4.816520e-002
1.348792e+004,2.352456e-001
1.349178e+004,5.643851e-001
1.349563e+004,8.815990e-001
1.349949e+004,1.153289e+000
1.350335e+004,1.379677e+000
1.350720e+004,1.593661e+000
1.351106e+004,1.847892e+000
1.351492e+004,2.192922e+000
1.351877e+004,2.641778e+000
1.352263e+004,3.186940e+000
1.352649e+004,3.763441e+000
1.353034e+004,4.272459e+000
1.353420e+004,4.608582e+000
1.353806e+004,4.692914e+000
1.354192e+004,4.500124e+000
1.354577e+004,4.068597e+000
1.354963e+004,3.500844e+000
1.355349e+004,2.899992e+000
1.355734e+004,2.360143e+000
1.356120e+004,1.930822e+000
1.356506e+004,1.606855e+000
1.356892e+004,1.341450e+000
1.357277e+004,1.076868e+000
1.357663e+004,7.792871e-001
1.358049e+004,4.700963e-001
1.358434e+004,1.989650e-001
1.358820e+004,5.059892e-002
1.359206e+004,9.703126e-002
1.359591e+004,3.611493e-001
1.359977e+004,7.973333e-001
1.360363e+004,1.298751e+000
1.360749e+004,1.730099e+000
1.361134e+004,1.967883e+000
1.361520e+004,1.963289e+000
1.361906e+004,1.742013e+000
1.362291e+004,1.404455e+000
1.362677e+004,1.093991e+000
1.363063e+004,9.510772e-001
1.363448e+004,1.069184e+000
1.363834e+004,1.466938e+000
1.364220e+004,2.070894e+000
1.364605e+004,2.777838e+000
1.364991e+004,3.447450e+000
1.365377e+004,3.948884e+000
1.365763e+004,4.189038e+000
1.366148e+004,4.128440e+000
1.366534e+004,3.783742e+000
1.366920e+004,3.219256e+000
1.367305e+004,2.564924e+000
1.367691e+004,1.895497e+000
1.368077e+004,1.307456e+000
1.368463e+004,8.798059e-001
1.368848e+004,6.628752e-001
1.369234e+004,6.716255e-001
1.369620e+004,8.849904e-001
1.370005e+004,1.251852e+000
1.370391e+004,1.687391e+000
1.370777e+004,2.132843e+000
1.371162e+004,2.532944e+000
1.371548e+004,2.847391e+000
1.371934e+004,3.051920e+000
1.372320e+004,3.134458e+000
1.372705e+004,3.088946e+000
1.373091e+004,2.910341e+000
1.373477e+004,2.602892e+000
1.373862e+004,2.160296e+000
1.374248e+004,1.590184e+000
1.374634e+004,9.163547e-001
1.375019e+004,1.819889e-001
1.375405e+004,-5.526670e-001
1.375791e+004,-1.218155e+000
1.376176e+004,-1.747088e+000
1.376562e+004,-2.112453e+000
1.376948e+004,-2.232206e+000
1.377334e+004,-2.098840e+000
1.377719e+004,-1.734053e+000
1.378105e+004,-1.184119e+000
1.378491e+004,-5.131853e-001
1.378876e+004,2.043381e-001
1.379262e+004,8.922501e-001
1.379648e+004,1.515869e+000
1.380033e+004,1.989328e+000
1.380419e+004,2.290962e+000
1.380805e+004,2.439229e+000
1.381191e+004,2.490539e+000
1.381576e+004,2.525599e+000
1.381962e+004,2.626031e+000
1.382348e+004,2.847548e+000
1.382733e+004,3.211476e+000
1.383119e+004,3.658436e+000
1.383505e+004,4.097815e+000
1.383891e+004,4.424629e+000
1.384276e+004,4.554853e+000
1.384662e+004,4.453888e+000
1.385048e+004,4.146971e+000
1.385433e+004,3.707440e+000
1.385819e+004,3.227004e+000
1.386205e+004,2.783941e+000
1.386590e+004,2.415726e+000
1.386976e+004,2.113084e+000
1.387362e+004,1.833929e+000
1.387747e+004,1.530055e+000
1.388133e+004,1.173647e+000
1.388519e+004,7.713683e-001
1.388905e+004,3.634081e-001
1.389290e+004,-5.354077e-003
1.389676e+004,-2.996532e-001
1.390062e+004,-5.125386e-001
1.390447e+004,-6.652708e-001
1.390833e+004,-7.912478e-001
1.391219e+004,-9.120266e-001
1.391604e+004,-1.017855e+000
1.391990e+004,-1.063525e+000
1.392376e+004,-9.848486e-001
1.392762e+004,-7.221539e-001
1.393147e+004,-2.504541e-001
1.393533e+004,4.033824e-001
1.393919e+004,1.162915e+000
1.394304e+004,1.923259e+000
1.394690e+004,2.582223e+000
1.395076e+004,3.070716e+000
1.395462e+004,3.359346e+000
1.395847e+004,3.462290e+000
1.396233e+004,3.416192e+000
1.396619e+004,3.258037e+000
1.397004e+004,3.010771e+000
1.397390e+004,2.683402e+000
1.397776e+004,2.284498e+000
1.398161e+004,1.837916e+000
1.398547e+004,1.404332e+000
1.398933e+004,1.072029e+000
1.399318e+004,9.380391e-001
1.399704e+004,1.078146e+000
1.400090e+004,1.518877e+000
1.400476e+004,2.223448e+000
1.400861e+004,3.097990e+000
1.401247e+004,4.025765e+000
1.401633e+004,4.864140e+000
1.402018e+004,5.511574e+000
1.402404e+004,5.913158e+000
1.402790e+004,6.058414e+000
1.403175e+004,5.965389e+000
1.403561e+004,5.660830e+000
1.403947e+004,5.166429e+000
1.404333e+004,4.467020e+000
1.404718e+004,3.602616e+000
1.405104e+004,2.607436e+000
1.405490e+004,1.539768e+000
1.405875e+004,4.807128e-001
1.406261e+004,-4.778209e-001
1.406647e+004,-1.251230e+000
1.407032e+004,-1.779301e+000
1.407418e+004,-2.045383e+000
1.407804e+004,-2.038972e+000
1.408190e+004,-1.800704e+000
1.408575e+004,-1.391575e+000
1.408961e+004,-8.835459e-001
1.409347e+004,-3.526245e-001
1.409732e+004,1.268264e-001
1.410118e+004,4.890776e-001
1.410504e+004,6.871739e-001
1.410889e+004,6.967210e-001
1.411275e+004,5.363561e-001
1.411661e+004,2.617907e-001
1.412047e+004,-4.642898e-002
1.412432e+004,-3.041727e-001
1.412818e+004,-4.473462e-001
1.413204e+004,-4.493195e-001
1.413589e+004,-3.269317e-001
1.413975e+004,-1.237967e-001
1.414361e+004,1.001322e-001
1.414746e+004,2.956815e-001
1.415132e+004,4.398861e-001
1.415518e+004,5.382409e-001
1.415904e+004,6.140931e-001
1.416289e+004,6.909020e-001
1.416675e+004,7.795730e-001
1.417061e+004,8.598213e-001
1.417446e+004,8.937652e-001
1.417832e+004,8.381053e-001
1.418218e+004,6.632597e-001
1.418603e+004,3.693487e-001
1.418989e+004,-6.745551e-003
1.419375e+004,-3.957628e-001
1.419761e+004,-7.112409e-001
1.420146e+004,-8.669404e-001
1.420532e+004,-8.022066e-001
1.420918e+004,-4.989421e-001
1.421303e+004,9.965509e-003
1.421689e+004,6.437877e-001
1.422075e+004,1.288920e+000
1.422460e+004,1.823150e+000
1.422846e+004,2.138093e+000
1.423232e+004,2.178605e+000
1.423618e+004,1.952453e+000
1.424003e+004,1.532438e+000
1.424389e+004,1.040212e+000
1.424775e+004,6.165690e-001
1.425160e+004,3.859660e-001
1.425546e+004,4.249637e-001
1.425932e+004,7.468454e-001
1.426317e+004,1.295557e+000
1.426703e+004,1.956803e+000
1.427089e+004,2.592333e+000
1.427475e+004,3.074837e+000
1.427860e+004,3.318384e+000
1.428246e+004,3.296797e+000
1.428632e+004,3.045843e+000
1.429017e+004,2.651300e+000
1.429403e+004,2.216456e+000
1.429789e+004,1.843649e+000
1.430174e+004,1.602754e+000
1.430560e+004,1.517483e+000
1.430946e+004,1.567476e+000
1.431332e+004,1.704375e+000
1.431717e+004,1.875003e+000
1.432103e+004,2.041690e+000
1.432489e+004,2.191070e+000
1.432874e+004,2.333025e+000
1.433260e+004,2.481564e+000
1.433646e+004,2.633504e+000
1.434031e+004,2.754327e+000
1.434417e+004,2.779177e+000
1.434803e+004,2.630203e+000
1.435189e+004,2.217288e+000
1.435574e+004,1.535908e+000
1.435960e+004,6.251244e-001
1.436346e+004,-4.196284e-001
1.436731e+004,-1.467550e+000
1.437117e+004,-2.382606e+000
1.437503e+004,-3.052175e+000
1.437888e+004,-3.406197e+000
1.438274e+004,-3.411126e+000
1.438660e+004,-3.078790e+000
1.439046e+004,-2.482035e+000
1.439431e+004,-1.723236e+000
1.439817e+004,-9.179059e-001
1.440203e+004,-1.757784e-001
1.440588e+004,4.193695e-001
1.440974e+004,8.267003e-001
1.441360e+004,1.079456e+000
1.441745e+004,1.197897e+000
1.442131e+004,1.260121e+000
1.442517e+004,1.337019e+000
1.442903e+004,1.466779e+000
1.443288e+004,1.645841e+000
1.443674e+004,1.839013e+000
1.444060e+004,2.001505e+000
1.444445e+004,2.099348e+000
1.444831e+004,2.119699e+000
1.445217e+004,2.059738e+000
1.445602e+004,1.913902e+000
1.445988e+004,1.665422e+000
1.446374e+004,1.293456e+000
1.446760e+004,7.949948e-001
1.447145e+004,2.092758e-001
1.447531e+004,-3.580377e-001
1.447917e+004,-8.056414e-001
1.448302e+004,-1.017574e+000
1.448688e+004,-9.263505e-001
1.449074e+004,-5.453377e-001
1.449459e+004,2.858335e-002
1.449845e+004,6.455880e-001
1.450231e+004,1.154699e+000
1.450617e+004,1.459089e+000
1.451002e+004,1.530729e+000
1.451388e+004,1.426429e+000
1.451774e+004,1.251208e+000
1.452159e+004,1.115826e+000
1.452545e+004,1.101331e+000
1.452931e+004,1.242416e+000
1.453316e+004,1.529984e+000
1.453702e+004,2.258461e+000
1.454088e+004,2.898921e+000
1.454474e+004,3.211640e+000
1.454859e+004,3.006345e+000
1.455245e+004,2.219222e+000
1.455631e+004,9.755799e-001
1.456016e+004,-4.015406e-001
1.456402e+004,-1.473175e+000
1.456788e+004,-1.758917e+000
1.457173e+004,-1.568378e+000
1.457559e+004,-9.150612e-001
1.457945e+004,6.403166e-002
1.458331e+004,1.140827e+000
1.458716e+004,2.059356e+000
1.459102e+004,2.608268e+000
1.459488e+004,2.679081e+000
1.459873e+004,2.349290e+000
1.460259e+004,1.764655e+000
1.460645e+004,1.057855e+000
1.461030e+004,3.784236e-001
1.461416e+004,-1.367338e-001
1.461802e+004,-3.892247e-001
1.462188e+004,-3.361384e-001
1.462573e+004,5.608846e-003
1.462959e+004,5.457975e-001
1.463345e+004,1.204652e+000
1.463730e+004,1.884030e+000
1.464116e+004,2.498136e+000
1.464502e+004,2.984564e+000
1.464887e+004,3.306273e+000
1.465273e+004,3.447124e+000
1.465659e+004,3.405950e+000
1.466045e+004,3.196754e+000
1.466430e+004,2.843874e+000
1.466816e+004,2.385030e+000
1.467202e+004,1.872770e+000
1.467587e+004,1.367635e+000
1.467973e+004,9.248913e-001
1.468359e+004,5.794824e-001
1.468744e+004,3.362640e-001
1.469130e+004,1.722163e-001
1.469516e+004,4.528640e-002
1.469902e+004,-7.990843e-002
1.470287e+004,-2.178903e-001
1.470673e+004,-3.561914e-001
1.471059e+004,-4.633591e-001
1.471444e+004,-5.074005e-001
1.471830e+004,-4.754678e-001
1.472216e+004,-3.870527e-001
1.472601e+004,-2.821402e-001
1.472987e+004,-2.109656e-001
1.473373e+004,-2.096967e-001
1.473758e+004,-2.836979e-001
1.474144e+004,-4.041940e-001
1.474530e+004,-5.195192e-001
1.474916e+004,-5.751182e-001
1.475301e+004,-5.335864e-001
1.475687e+004,-3.831407e-001
1.476073e+004,-1.372149e-001
1.476458e+004,1.751627e-001
1.476844e+004,5.194095e-001
1.477230e+004,8.603340e-001
1.477616e+004,1.160963e+000
1.478001e+004,1.379631e+000
1.478387e+004,1.472411e+000
1.478773e+004,1.405827e+000
1.479158e+004,1.173156e+000
1.479544e+004,8.135949e-001
1.479930e+004,4.178397e-001
1.480315e+004,1.131367e-001
1.480701e+004,2.847989e-002
1.481087e+004,2.508295e-001
1.481472e+004,7.836545e-001
1.481858e+004,1.552504e+000
1.482244e+004,2.414824e+000
1.482630e+004,3.207362e+000
1.483015e+004,3.798841e+000
1.483401e+004,4.128747e+000
1.483787e+004,4.216352e+000
1.484172e+004,4.136884e+000
1.484558e+004,3.978012e+000
1.484944e+004,3.791078e+000
1.485329e+004,3.568401e+000
1.485715e+004,3.251543e+000
1.486101e+004,2.766955e+000
1.486487e+004,2.073268e+000
1.486872e+004,1.198038e+000
1.487258e+004,2.459733e-001
1.487644e+004,-6.239718e-001
1.488029e+004,-1.261327e+000
1.488415e+004,-1.563884e+000
1.488801e+004,-1.518360e+000
1.489187e+004,-1.203952e+000
1.489572e+004,-7.619407e-001
1.489958e+004,-3.435179e-001
1.490344e+004,-5.644804e-002
1.490729e+004,6.891795e-002
1.491115e+004,8.366674e-002
1.491501e+004,9.073695e-002
1.491886e+004,1.997375e-001
1.492272e+004,4.808798e-001
1.492658e+004,9.358137e-001
1.493043e+004,1.494898e+000
1.493429e+004,2.040037e+000
1.493815e+004,2.441462e+000
1.494201e+004,2.600472e+000
1.494586e+004,2.476208e+000
1.494972e+004,2.093818e+000
1.495358e+004,1.532150e+000
1.495743e+004,8.977012e-001
1.496129e+004,2.947421e-001
1.496515e+004,-1.989902e-001
1.496900e+004,-5.520343e-001
1.497286e+004,-7.549037e-001
1.497672e+004,-8.392742e-001
1.498058e+004,-8.531737e-001
1.498443e+004,-8.466313e-001
1.498829e+004,-8.609853e-001
1.499215e+004,-9.228389e-001
1.499600e+004,-1.041796e+000
1.499986e+004,-1.208258e+000
