5.014096e+002,1.871701e+000
5.052666e+002,1.929364e+000
5.091236e+002,1.857792e+000
5.129806e+002,1.706229e+000
5.168376e+002,1.501950e+000
5.206946e+002,1.249160e+000
5.245516e+002,9.396743e-001
5.284086e+002,5.375645e-001
5.322656e+002,9.079802e-002
5.361226e+002,-3.567109e-001
5.399796e+002,-7.416114e-001
5.438365e+002,-9.957994e-001
5.476936e+002,-1.064122e+000
5.515505e+002,-9.186577e-001
5.554076e+002,-5.653087e-001
5.592646e+002,-2.336591e-002
5.631216e+002,6.381141e-001
5.669786e+002,1.332398e+000
5.708356e+002,1.969441e+000
5.746926e+002,2.467363e+000
5.785496e+002,2.763040e+000
5.824066e+002,2.822196e+000
5.862635e+002,2.647946e+000
5.901205e+002,2.274310e+000
5.939775e+002,1.787163e+000
5.978345e+002,1.300072e+000
6.016915e+002,9.251811e-001
6.055485e+002,7.442762e-001
6.094055e+002,7.867607e-001
6.132625e+002,1.022692e+000
6.171195e+002,1.373865e+000
6.209765e+002,1.740406e+000
6.248335e+002,2.021684e+000
6.286905e+002,2.149858e+000
6.325475e+002,2.099355e+000
6.364045e+002,1.881258e+000
6.402615e+002,1.528242e+000
6.441185e+002,1.079908e+000
6.479755e+002,5.761697e-001
6.518325e+002,5.388701e-002
6.556895e+002,-4.223306e-001
6.595465e+002,-7.857840e-001
6.634035e+002,-9.702210e-001
6.672605e+002,-9.323688e-001
6.711175e+002,-6.765937e-001
6.749745e+002,-2.681444e-001
6.788315e+002,1.756940e-001
6.826885e+002,5.230966e-001
6.865455e+002,6.540207e-001
6.904025e+002,5.221137e-001
6.942595e+002,1.660928e-001
6.981165e+002,-3.049168e-001
7.019734e+002,-7.531719e-001
7.058304e+002,-1.063640e+000
7.096874e+002,-1.182947e+000
7.135444e+002,-1.130807e+000
7.174014e+002,-9.771801e-001
7.212584e+002,-8.040240e-001
7.251154e+002,-6.665294e-001
7.289724e+002,-5.734778e-001
7.328294e+002,-4.944610e-001
7.366864e+002,-3.880731e-001
7.405435e+002,-2.348426e-001
7.444004e+002,-5.934800e-002
7.482574e+002,8.325135e-002
7.521144e+002,1.251003e-001
7.559714e+002,2.252709e-002
7.598284e+002,-2.179089e-001
7.636854e+002,-5.347754e-001
7.675424e+002,-8.314415e-001
7.713994e+002,-1.011607e+000
7.752564e+002,-1.029941e+000
7.791134e+002,-8.771229e-001
7.829704e+002,-5.989483e-001
7.868274e+002,-2.708095e-001
7.906844e+002,3.176332e-002
7.945414e+002,2.586783e-001
7.983984e+002,3.973041e-001
8.022554e+002,4.680841e-001
8.061124e+002,4.998392e-001
8.099694e+002,5.491009e-001
8.138264e+002,6.335473e-001
8.176833e+002,7.509969e-001
8.215403e+002,8.842257e-001
8.253973e+002,1.010079e+000
8.292544e+002,1.107892e+000
8.331113e+002,1.163813e+000
8.369684e+002,1.238687e+000
8.408253e+002,1.269660e+000
8.446824e+002,1.247049e+000
8.485393e+002,1.163850e+000
8.523964e+002,1.020358e+000
8.562533e+002,8.294481e-001
8.601104e+002,6.195247e-001
8.639673e+002,4.324862e-001
8.678243e+002,3.158296e-001
8.716813e+002,2.904188e-001
8.755383e+002,3.795187e-001
8.793953e+002,5.811819e-001
8.832523e+002,8.646324e-001
8.871093e+002,1.173948e+000
8.909663e+002,1.438456e+000
8.948233e+002,1.587374e+000
8.986803e+002,1.595565e+000
9.025373e+002,1.377311e+000
9.063943e+002,9.390378e-001
9.102513e+002,3.273447e-001
9.141083e+002,-3.808794e-001
9.179653e+002,-1.093739e+000
9.218223e+002,-1.721195e+000
9.256793e+002,-2.189865e+000
9.295363e+002,-2.446288e+000
9.333933e+002,-2.462568e+000
9.372502e+002,-2.259984e+000
9.411073e+002,-1.892338e+000
9.449642e+002,-1.435626e+000
9.488213e+002,-9.752112e-001
9.526782e+002,-5.918361e-001
9.565353e+002,-3.477419e-001
9.603922e+002,-2.764839e-001
9.642493e+002,-3.826479e-001
9.681062e+002,-6.147194e-001
9.719633e+002,-8.865489e-001
9.758203e+002,-1.096493e+000
9.796772e+002,-1.152449e+000
9.835342e+002,-9.961668e-001
9.873912e+002,-6.192046e-001
9.912482e+002,-6.266756e-002
9.951052e+002,5.912683e-001
9.989622e+002,1.241424e+000
1.002819e+003,1.800383e+000
1.006676e+003,2.214967e+000
1.010533e+003,2.471054e+000
1.014390e+003,2.582348e+000
1.018247e+003,2.570080e+000
1.022104e+003,2.421029e+000
1.025961e+003,2.144604e+000
1.029818e+003,1.729138e+000
1.033675e+003,1.178992e+000
1.037532e+003,5.361766e-001
1.041389e+003,-1.124437e-001
1.045246e+003,-6.499037e-001
1.049103e+003,-9.626309e-001
1.052960e+003,-9.896581e-001
1.056817e+003,-6.933896e-001
1.060674e+003,-1.577606e-001
1.064531e+003,4.801362e-001
1.068388e+003,1.078886e+000
1.072245e+003,1.538845e+000
1.076102e+003,1.825572e+000
1.079959e+003,1.962560e+000
1.083816e+003,1.977852e+000
1.087673e+003,1.921019e+000
1.091530e+003,1.809829e+000
1.095387e+003,1.636348e+000
1.099244e+003,1.393491e+000
1.103101e+003,1.103869e+000
1.106958e+003,8.296161e-001
1.110815e+003,6.539268e-001
1.114672e+003,6.411079e-001
1.118529e+003,8.060493e-001
1.122386e+003,1.092994e+000
1.126243e+003,1.396812e+000
1.130100e+003,1.605173e+000
1.133957e+003,1.642713e+000
1.137814e+003,1.495382e+000
1.141671e+003,1.204815e+000
1.145528e+003,8.866708e-001
1.149385e+003,5.516907e-001
1.153242e+003,2.249853e-001
1.157099e+003,-9.423083e-002
1.160956e+003,-4.170452e-001
1.164813e+003,-7.457066e-001
1.168670e+003,-1.062574e+000
1.172527e+003,-1.332704e+000
1.176384e+003,-1.514595e+000
1.180241e+003,-1.598583e+000
1.184098e+003,-1.576088e+000
1.187955e+003,-1.454908e+000
1.191812e+003,-1.251671e+000
1.195669e+003,-9.834787e-001
1.199526e+003,-6.637810e-001
1.203383e+003,-3.039277e-001
1.207240e+003,6.807510e-002
1.211097e+003,4.495400e-001
1.214954e+003,8.198690e-001
1.218811e+003,1.160678e+000
1.222668e+003,1.462105e+000
1.226525e+003,1.725199e+000
1.230382e+003,1.958170e+000
1.234239e+003,2.168149e+000
1.238096e+003,2.353289e+000
1.241953e+003,2.502727e+000
1.245810e+003,2.598362e+000
1.249667e+003,2.628203e+000
1.253524e+003,2.597655e+000
1.257381e+003,2.534131e+000
1.261238e+003,2.481138e+000
1.265095e+003,2.482999e+000
1.268952e+003,2.568470e+000
1.272809e+003,2.730107e+000
1.276666e+003,2.929251e+000
1.280523e+003,3.104302e+000
1.284380e+003,3.191636e+000
1.288237e+003,3.149685e+000
1.292094e+003,2.978104e+000
1.295951e+003,2.725675e+000
1.299808e+003,2.486984e+000
1.303665e+003,2.372654e+000
1.307522e+003,2.493669e+000
1.311379e+003,2.928638e+000
1.315236e+003,3.699213e+000
1.319093e+003,4.756492e+000
1.322950e+003,5.983193e+000
1.326807e+003,7.213230e+000
1.330664e+003,8.262927e+000
1.334521e+003,8.983570e+000
1.338378e+003,9.285363e+000
1.342235e+003,9.162704e+000
1.346092e+003,8.692884e+000
1.349949e+003,8.011772e+000
1.353806e+003,7.274260e+000
1.357663e+003,6.612844e+000
1.361520e+003,6.110316e+000
1.365377e+003,5.785724e+000
1.369234e+003,5.615854e+000
1.373091e+003,5.560502e+000
1.376948e+003,5.590362e+000
1.380805e+003,5.702951e+000
1.384662e+003,5.920651e+000
1.388519e+003,6.273429e+000
1.392376e+003,6.773873e+000
1.396233e+003,7.404745e+000
1.400090e+003,8.111797e+000
1.403947e+003,8.816563e+000
1.407804e+003,9.437819e+000
1.411661e+003,9.913500e+000
1.415518e+003,1.021453e+001
1.419375e+003,1.034663e+001
1.423232e+003,1.034044e+001
1.427089e+003,1.024157e+001
1.430946e+003,1.009426e+001
1.434803e+003,9.936108e+000
1.438660e+003,9.797097e+000
1.442517e+003,9.702304e+000
1.446374e+003,9.675005e+000
1.450231e+003,9.737962e+000
1.454088e+003,9.910510e+000
1.457945e+003,1.021042e+001
1.461802e+003,1.064569e+001
1.465659e+003,1.121153e+001
1.469516e+003,1.188607e+001
1.473373e+003,1.262693e+001
1.477230e+003,1.337119e+001
1.481087e+003,1.404127e+001
1.484944e+003,1.455723e+001
1.488801e+003,1.486034e+001
1.492658e+003,1.492842e+001
1.496515e+003,1.478958e+001
1.500372e+003,1.451950e+001
1.504229e+003,1.422149e+001
1.508086e+003,1.399422e+001
1.511943e+003,1.389844e+001
1.515800e+003,1.393586e+001
1.519657e+003,1.405090e+001
1.523514e+003,1.415386e+001
1.527371e+003,1.415878e+001
1.531228e+003,1.401933e+001
1.535085e+003,1.374821e+001
1.538942e+003,1.341212e+001
1.542799e+003,1.310527e+001
1.546656e+003,1.291366e+001
1.550513e+003,1.288602e+001
1.554370e+003,1.302277e+001
1.558227e+003,1.328599e+001
1.562084e+003,1.362277e+001
1.565941e+003,1.398956e+001
1.569798e+003,1.436563e+001
1.573655e+003,1.475129e+001
1.577512e+003,1.515459e+001
1.581369e+003,1.557673e+001
1.585226e+003,1.600451e+001
1.589083e+003,1.641496e+001
1.592940e+003,1.678789e+001
1.596797e+003,1.711791e+001
1.600654e+003,1.741738e+001
1.604511e+003,1.770757e+001
1.608368e+003,1.800261e+001
1.612225e+003,1.829537e+001
1.616082e+003,1.855557e+001
1.619939e+003,1.874227e+001
1.623796e+003,1.882582e+001
1.627653e+003,1.880811e+001
1.631510e+003,1.872940e+001
1.635367e+003,1.865666e+001
1.639224e+003,1.865755e+001
1.643081e+003,1.877176e+001
1.646938e+003,1.899416e+001
1.650795e+003,1.927791e+001
1.654652e+003,1.955669e+001
1.658509e+003,1.977509e+001
1.662366e+003,1.991237e+001
1.666223e+003,1.998813e+001
1.670080e+003,2.004716e+001
1.673937e+003,2.013132e+001
1.677794e+003,2.025324e+001
1.681651e+003,2.038453e+001
1.685508e+003,2.046522e+001
1.689365e+003,2.043048e+001
1.693222e+003,2.024253e+001
1.697079e+003,1.991385e+001
1.700936e+003,1.951175e+001
1.704793e+003,1.914397e+001
1.708650e+003,1.892942e+001
1.712507e+003,1.896694e+001
1.716364e+003,1.931136e+001
1.720221e+003,1.996209e+001
1.724078e+003,2.086467e+001
1.727935e+003,2.192193e+001
1.731792e+003,2.301094e+001
1.735649e+003,2.400140e+001
1.739506e+003,2.477755e+001
1.743363e+003,2.525805e+001
1.747220e+003,2.541243e+001
1.751077e+003,2.526841e+001
1.754934e+003,2.490614e+001
1.758791e+003,2.443809e+001
1.762648e+003,2.397939e+001
1.766505e+003,2.361841e+001
1.770362e+003,2.339747e+001
1.774219e+003,2.331211e+001
1.778076e+003,2.332847e+001
1.781933e+003,2.341068e+001
1.785790e+003,2.354551e+001
1.789647e+003,2.375249e+001
1.793504e+003,2.407445e+001
1.797361e+003,2.455194e+001
1.801218e+003,2.519431e+001
1.805075e+003,2.596041e+001
1.808932e+003,2.675872e+001
1.812789e+003,2.746844e+001
1.816646e+003,2.797377e+001
1.820503e+003,2.819837e+001
1.824360e+003,2.812752e+001
1.828217e+003,2.781045e+001
1.832073e+003,2.734368e+001
1.835931e+003,2.684165e+001
1.839788e+003,2.640518e+001
1.843645e+003,2.609662e+001
1.847501e+003,2.592767e+001
1.851359e+003,2.586114e+001
1.855216e+003,2.582495e+001
1.859073e+003,2.573435e+001
1.862929e+003,2.551723e+001
1.866787e+003,2.513677e+001
1.870644e+003,2.460551e+001
1.874500e+003,2.398561e+001
1.878357e+003,2.337356e+001
1.882215e+003,2.287199e+001
1.886072e+003,2.255648e+001
1.889928e+003,2.244917e+001
1.893786e+003,2.250915e+001
1.897643e+003,2.264532e+001
1.901500e+003,2.274806e+001
1.905356e+003,2.272825e+001
1.909214e+003,2.254813e+001
1.913071e+003,2.223153e+001
1.916927e+003,2.184911e+001
1.920784e+003,2.148519e+001
1.924642e+003,2.120057e+001
1.928499e+003,2.100779e+001
1.932355e+003,2.086915e+001
1.936212e+003,2.071808e+001
1.940070e+003,2.049336e+001
1.943927e+003,2.017085e+001
1.947783e+003,1.977834e+001
1.951640e+003,1.938823e+001
1.955498e+003,1.909073e+001
1.959354e+003,1.896046e+001
1.963211e+003,1.902963e+001
1.967068e+003,1.927762e+001
1.970926e+003,1.963903e+001
1.974782e+003,2.002477e+001
1.978639e+003,2.034698e+001
1.982497e+003,2.053889e+001
1.986354e+003,2.056544e+001
1.990210e+003,2.042402e+001
1.994067e+003,2.013880e+001
1.997925e+003,1.975172e+001
2.001781e+003,1.931240e+001
2.005638e+003,1.886736e+001
2.009495e+003,1.844925e+001
2.013353e+003,1.806826e+001
2.017209e+003,1.770824e+001
2.021066e+003,1.733170e+001
2.024923e+003,1.689404e+001
2.028781e+003,1.636371e+001
2.032637e+003,1.574087e+001
2.036494e+003,1.506626e+001
2.040351e+003,1.441454e+001
2.044208e+003,1.387301e+001
2.048065e+003,1.351255e+001
2.051922e+003,1.336234e+001
2.055779e+003,1.339867e+001
2.059636e+003,1.355257e+001
2.063493e+003,1.373310e+001
2.067350e+003,1.385667e+001
2.071207e+003,1.387033e+001
2.075064e+003,1.376065e+001
2.078921e+003,1.354564e+001
2.082778e+003,1.325586e+001
2.086635e+003,1.291401e+001
2.090492e+003,1.252231e+001
2.094349e+003,1.206273e+001
2.098206e+003,1.150830e+001
2.102063e+003,1.083981e+001
2.105920e+003,1.005862e+001
2.109777e+003,9.192552e+000
2.113634e+003,8.291664e+000
2.117491e+003,7.417503e+000
2.121348e+003,6.630696e+000
2.125205e+003,5.981120e+000
2.129062e+003,5.502613e+000
2.132919e+003,5.211721e+000
2.136776e+003,5.107524e+000
2.140633e+003,5.173689e+000
2.144490e+003,5.378404e+000
2.148347e+003,5.675402e+000
2.152204e+003,6.006864e+000
2.156061e+003,6.308984e+000
2.159918e+003,6.519820e+000
2.163775e+003,6.587769e+000
2.167632e+003,6.480789e+000
2.171489e+003,6.189541e+000
2.175346e+003,5.730131e+000
2.179203e+003,5.142310e+000
2.183060e+003,4.483874e+000
2.186917e+003,3.821476e+000
2.190774e+003,3.218809e+000
2.194631e+003,2.725656e+000
2.198488e+003,2.363010e+000
2.202345e+003,2.125002e+000
2.206202e+003,1.981193e+000
2.210059e+003,1.888341e+000
2.213916e+003,1.806122e+000
2.217773e+003,1.711024e+000
2.221630e+003,1.602776e+000
2.225487e+003,1.500273e+000
2.229344e+003,1.429391e+000
2.233201e+003,1.407355e+000
2.237058e+003,1.431787e+000
2.240915e+003,1.479748e+000
2.244772e+003,1.517749e+000
2.248629e+003,1.518341e+000
2.252486e+003,1.475386e+000
2.256343e+003,1.411789e+000
2.260200e+003,1.368603e+000
2.264057e+003,1.391554e+000
2.267914e+003,1.510347e+000
2.271771e+003,1.724412e+000
2.275628e+003,2.000752e+000
2.279485e+003,2.284845e+000
2.283342e+003,2.519643e+000
2.287199e+003,2.667400e+000
2.291056e+003,2.711882e+000
2.294913e+003,2.662312e+000
2.298770e+003,2.539853e+000
2.302627e+003,2.362605e+000
2.306484e+003,2.135078e+000
2.310341e+003,1.847429e+000
2.314198e+003,1.484791e+000
2.318055e+003,1.053686e+000
2.321912e+003,5.599806e-001
2.325769e+003,4.602718e-002
2.329626e+003,-4.264889e-001
2.333483e+003,-7.922286e-001
2.337340e+003,-1.001280e+000
2.341197e+003,-1.034719e+000
2.345054e+003,-9.111548e-001
2.348911e+003,-6.809593e-001
2.352768e+003,-4.163886e-001
2.356625e+003,-1.857665e-001
2.360482e+003,-4.144358e-002
2.364339e+003,-7.901743e-003
2.368196e+003,-7.716425e-002
2.372053e+003,-2.119558e-001
2.375910e+003,-3.553749e-001
2.379767e+003,-4.446215e-001
2.383624e+003,-4.333550e-001
2.387481e+003,-2.916868e-001
2.391338e+003,-1.920861e-002
2.395195e+003,3.522170e-001
2.399052e+003,7.624980e-001
2.402909e+003,1.133871e+000
2.406766e+003,1.386119e+000
2.410623e+003,1.453921e+000
2.414480e+003,1.305421e+000
2.418337e+003,9.411120e-001
2.422194e+003,3.993735e-001
2.426051e+003,-2.492766e-001
2.429908e+003,-9.138265e-001
2.433765e+003,-1.497834e+000
2.437622e+003,-1.915022e+000
2.441479e+003,-2.108600e+000
2.445336e+003,-2.037778e+000
2.449193e+003,-1.710488e+000
2.453050e+003,-1.171704e+000
2.456907e+003,-4.955240e-001
2.460764e+003,2.279422e-001
2.464621e+003,9.089255e-001
2.468478e+003,1.474666e+000
2.472335e+003,1.894010e+000
2.476192e+003,2.148255e+000
2.480049e+003,2.269430e+000
2.483906e+003,2.315536e+000
2.487763e+003,2.351783e+000
2.491620e+003,2.430027e+000
2.495477e+003,2.572322e+000
2.499334e+003,2.763455e+000
2.503191e+003,2.965276e+000
2.507048e+003,3.091334e+000
2.510905e+003,3.068182e+000
2.514762e+003,2.843918e+000
2.518619e+003,2.403031e+000
2.522476e+003,1.770964e+000
2.526333e+003,1.007994e+000
2.530190e+003,1.953681e-001
2.534047e+003,-5.975599e-001
2.537904e+003,-1.272039e+000
2.541761e+003,-1.768679e+000
2.545618e+003,-2.053575e+000
2.549475e+003,-2.116471e+000
2.553332e+003,-1.966736e+000
2.557189e+003,-1.630229e+000
2.561046e+003,-1.148538e+000
2.564903e+003,-5.602195e-001
2.568760e+003,3.416477e-002
2.572617e+003,5.407509e-001
2.576474e+003,8.685017e-001
2.580331e+003,9.481909e-001
2.584188e+003,7.518651e-001
2.588045e+003,3.058202e-001
2.591902e+003,-3.091432e-001
2.595759e+003,-1.027240e+000
2.599616e+003,-1.648843e+000
2.603473e+003,-2.047238e+000
2.607330e+003,-2.154699e+000
2.611187e+003,-1.976631e+000
2.615044e+003,-1.582894e+000
2.618901e+003,-1.080634e+000
2.622758e+003,-5.796552e-001
2.626615e+003,-1.470709e-001
2.630472e+003,1.357770e-001
2.634329e+003,2.607644e-001
2.638186e+003,2.558455e-001
2.642043e+003,1.630936e-001
2.645900e+003,2.323872e-002
2.649757e+003,-1.298258e-001
2.653614e+003,-2.687792e-001
2.657471e+003,-3.913038e-001
2.661328e+003,-4.681778e-001
2.665185e+003,-5.101768e-001
2.669042e+003,-5.457245e-001
2.672899e+003,-6.039526e-001
2.676756e+003,-6.886768e-001
2.680613e+003,-7.584147e-001
2.684470e+003,-7.292876e-001
2.688327e+003,-5.433707e-001
2.692184e+003,-1.467208e-001
2.696041e+003,4.516726e-001
2.699898e+003,1.165691e+000
2.703755e+003,1.847929e+000
2.707612e+003,2.332824e+000
2.711469e+003,2.490533e+000
2.715326e+003,2.269349e+000
2.719183e+003,1.774042e+000
2.723040e+003,1.079782e+000
2.726897e+003,3.066938e-001
2.730754e+003,-4.354972e-001
2.734611e+003,-1.070874e+000
2.738468e+003,-1.562093e+000
2.742325e+003,-1.899230e+000
2.746182e+003,-2.082564e+000
2.750039e+003,-2.097636e+000
2.753896e+003,-1.962951e+000
2.757753e+003,-1.680313e+000
2.761610e+003,-1.270448e+000
2.765467e+003,-7.798740e-001
2.769324e+003,-2.761171e-001
2.773181e+003,1.684851e-001
2.777038e+003,4.981611e-001
2.780895e+003,6.966109e-001
2.784752e+003,7.785576e-001
2.788609e+003,7.904225e-001
2.792466e+003,7.896367e-001
2.796323e+003,8.233817e-001
2.800180e+003,9.129989e-001
2.804037e+003,1.049741e+000
2.807894e+003,1.202605e+000
2.811751e+003,1.334765e+000
2.815608e+003,1.416716e+000
2.819465e+003,1.441294e+000
2.823322e+003,1.422047e+000
2.827179e+003,1.384621e+000
2.831036e+003,1.353337e+000
2.834893e+003,1.339190e+000
2.838750e+003,1.334674e+000
2.842607e+003,1.315073e+000
2.846464e+003,1.258244e+000
2.850321e+003,1.150173e+000
2.854178e+003,9.969816e-001
2.858035e+003,8.261071e-001
2.861892e+003,6.779843e-001
2.865749e+003,5.914913e-001
2.869606e+003,5.893438e-001
2.873463e+003,6.687154e-001
2.877320e+003,8.068690e-001
2.881177e+003,9.687742e-001
2.885034e+003,1.123641e+000
2.888891e+003,1.257370e+000
2.892748e+003,1.376360e+000
2.896605e+003,1.501034e+000
2.900462e+003,1.652422e+000
2.904319e+003,1.837773e+000
2.908176e+003,2.045548e+000
2.912033e+003,2.246691e+000
2.915890e+003,2.406374e+000
2.919747e+003,2.497639e+000
2.923604e+003,2.510479e+000
2.927461e+003,2.451950e+000
2.931318e+003,2.337917e+000
2.935175e+003,2.181402e+000
2.939032e+003,1.985909e+000
2.942889e+003,1.745560e+000
2.946746e+003,1.454931e+000
2.950603e+003,1.121447e+000
2.954460e+003,7.729432e-001
2.958317e+003,4.546943e-001
2.962174e+003,2.157678e-001
2.966031e+003,9.058357e-002
2.969888e+003,8.550209e-002
2.973745e+003,1.773846e-001
2.977602e+003,3.261543e-001
2.981459e+003,4.953164e-001
2.985316e+003,6.696718e-001
2.989173e+003,8.601037e-001
2.993030e+003,1.091628e+000
2.996887e+003,1.379883e+000
3.000744e+003,1.708489e+000
3.004601e+003,2.020488e+000
3.008458e+003,2.231740e+000
3.012315e+003,2.263241e+000
3.016172e+003,2.079334e+000
3.020029e+003,1.714120e+000
3.023886e+003,1.271887e+000
3.027743e+003,8.978387e-001
3.031600e+003,7.287720e-001
3.035457e+003,8.416107e-001
3.039314e+003,1.220911e+000
3.043171e+003,1.758178e+000
3.047028e+003,2.283731e+000
3.050885e+003,2.619215e+000
3.054742e+003,2.631637e+000
3.058599e+003,2.270620e+000
3.062456e+003,1.577355e+000
3.066313e+003,6.666763e-001
3.070170e+003,-3.091949e-001
3.074027e+003,-1.201128e+000
3.077884e+003,-1.895367e+000
3.081741e+003,-2.330573e+000
3.085598e+003,-2.498872e+000
3.089455e+003,-2.434589e+000
3.093312e+003,-2.198166e+000
3.097169e+003,-1.855936e+000
3.101026e+003,-1.465661e+000
3.104883e+003,-1.066515e+000
3.108740e+003,-6.759411e-001
3.112597e+003,-2.938353e-001
3.116454e+003,8.721673e-002
3.120311e+003,4.681767e-001
3.124168e+003,8.367670e-001
3.128025e+003,1.162624e+000
3.131882e+003,1.406808e+000
3.135739e+003,1.538579e+000
3.139596e+003,1.553500e+000
3.143453e+003,1.483862e+000
3.147310e+003,1.394452e+000
3.151167e+003,1.360922e+000
3.155024e+003,1.444661e+000
3.158881e+003,1.663558e+000
3.162738e+003,1.981081e+000
3.166594e+003,2.315667e+000
3.170452e+003,2.569377e+000
3.174309e+003,2.665186e+000
3.178166e+003,2.577920e+000
3.182023e+003,2.346365e+000
3.185880e+003,2.059094e+000
3.189737e+003,1.820437e+000
3.193594e+003,1.713112e+000
3.197451e+003,1.767815e+000
3.201308e+003,1.952408e+000
3.205165e+003,2.183744e+000
3.209021e+003,2.356292e+000
3.212879e+003,2.376655e+000
3.216736e+003,2.190537e+000
3.220593e+003,1.791818e+000
3.224449e+003,1.219367e+000
3.228307e+003,5.420976e-001
3.232164e+003,-1.594821e-001
3.236021e+003,-8.087765e-001
3.239877e+003,-1.342534e+000
3.243735e+003,-1.715688e+000
3.247592e+003,-1.903238e+000
3.251448e+003,-1.897238e+000
3.255305e+003,-1.710740e+000
3.259163e+003,-1.378969e+000
3.263020e+003,-9.572359e-001
3.266876e+003,-5.138021e-001
3.270734e+003,-1.179456e-001
3.274591e+003,1.714772e-001
3.278448e+003,3.279993e-001
3.282304e+003,3.516548e-001
3.286162e+003,2.718750e-001
3.290019e+003,1.389318e-001
3.293875e+003,1.080176e-002
3.297732e+003,-6.084514e-002
3.301590e+003,-4.199177e-002
3.305447e+003,7.646573e-002
3.309303e+003,2.805378e-001
3.313160e+003,5.363470e-001
3.317018e+003,7.986406e-001
3.320875e+003,1.020575e+000
3.324731e+003,1.163170e+000
3.328588e+003,1.202819e+000
3.332446e+003,1.135709e+000
3.336302e+003,9.788048e-001
3.340159e+003,7.667840e-001
3.344016e+003,5.477507e-001
3.347874e+003,3.758048e-001
3.351730e+003,3.033494e-001
3.355587e+003,3.734030e-001
3.359444e+003,6.124097e-001
3.363302e+003,1.024072e+000
3.367158e+003,1.588608e+000
3.371015e+003,2.250847e+000
3.374873e+003,2.933595e+000
3.378729e+003,3.545002e+000
3.382586e+003,3.993854e+000
3.386443e+003,4.207613e+000
3.390301e+003,4.148927e+000
3.394157e+003,3.825730e+000
3.398014e+003,3.279140e+000
3.401871e+003,2.606954e+000
3.405729e+003,1.914924e+000
3.409585e+003,1.300324e+000
3.413442e+003,8.317052e-001
3.417299e+003,5.377994e-001
3.421156e+003,4.081570e-001
3.425013e+003,4.042621e-001
3.428870e+003,4.737097e-001
3.432727e+003,5.790682e-001
3.436584e+003,6.943038e-001
3.440441e+003,8.152785e-001
3.444298e+003,9.544140e-001
3.448155e+003,1.129152e+000
3.452012e+003,1.348587e+000
3.455869e+003,1.602950e+000
3.459726e+003,1.862367e+000
3.463583e+003,2.071050e+000
3.467440e+003,2.169703e+000
3.471297e+003,2.110051e+000
3.475154e+003,1.872191e+000
3.479011e+003,1.476081e+000
3.482868e+003,9.823481e-001
3.486725e+003,4.803816e-001
3.490582e+003,6.349958e-002
3.494439e+003,-1.891384e-001
3.498296e+003,-2.479723e-001
3.502153e+003,-1.408056e-001
3.506010e+003,5.371065e-002
3.509867e+003,2.294488e-001
3.513724e+003,2.859083e-001
3.517581e+003,1.600714e-001
3.521438e+003,-1.563093e-001
3.525295e+003,-6.097772e-001
3.529152e+003,-1.106507e+000
3.533009e+003,-1.542623e+000
3.536866e+003,-1.836059e+000
3.540723e+003,-1.948572e+000
3.544580e+003,-1.891080e+000
3.548437e+003,-1.711975e+000
3.552294e+003,-1.473003e+000
3.556151e+003,-1.227099e+000
3.560008e+003,-9.981325e-001
3.563865e+003,-7.764736e-001
3.567722e+003,-5.283611e-001
3.571579e+003,-2.153595e-001
3.575436e+003,1.835822e-001
3.579293e+003,6.558406e-001
3.583150e+003,1.150845e+000
3.587007e+003,1.592322e+000
3.590864e+003,1.900669e+000
3.594721e+003,2.022393e+000
3.598578e+003,1.954478e+000
3.602435e+003,1.754175e+000
3.606292e+003,1.528147e+000
3.610149e+003,1.401767e+000
3.614006e+003,1.477678e+000
3.617863e+003,1.794055e+000
3.621720e+003,2.307265e+000
3.625577e+003,2.897257e+000
3.629434e+003,3.402039e+000
3.633291e+003,3.669509e+000
3.637148e+003,3.608508e+000
3.641005e+003,3.220068e+000
3.644862e+003,2.601080e+000
3.648719e+003,1.898196e+000
3.652576e+003,1.267676e+000
3.656433e+003,8.215636e-001
3.660290e+003,5.966611e-001
3.664147e+003,5.540211e-001
3.668004e+003,6.069853e-001
3.671861e+003,6.643629e-001
3.675718e+003,6.697465e-001
3.679575e+003,6.219167e-001
3.683432e+003,5.683381e-001
3.687289e+003,5.782201e-001
3.691146e+003,7.083591e-001
3.695003e+003,9.766750e-001
3.698860e+003,1.353853e+000
3.702717e+003,1.774786e+000
3.706574e+003,2.161772e+000
3.710431e+003,2.455286e+000
3.714288e+003,2.625774e+000
3.718145e+003,2.678770e+000
3.722002e+003,2.646056e+000
3.725859e+003,2.570651e+000
3.729716e+003,2.492735e+000
3.733573e+003,2.441318e+000
3.737430e+003,2.431331e+000
3.741287e+003,2.467935e+000
3.745144e+003,2.547861e+000
3.749001e+003,2.660045e+000
3.752858e+003,2.784277e+000
3.756715e+003,2.890281e+000
3.760572e+003,2.939821e+000
3.764429e+003,2.893018e+000
3.768286e+003,2.716732e+000
3.772143e+003,2.398008e+000
3.776000e+003,1.945194e+000
3.779857e+003,1.390037e+000
3.783714e+003,7.823145e-001
3.787571e+003,1.806224e-001
3.791428e+003,-3.576970e-001
3.795285e+003,-7.847590e-001
3.799142e+003,-1.067309e+000
3.802999e+003,-1.187638e+000
3.806856e+003,-1.142551e+000
3.810713e+003,-9.415696e-001
3.814570e+003,-6.052426e-001
3.818427e+003,-1.640968e-001
3.822284e+003,3.420019e-001
3.826141e+003,8.648394e-001
3.829998e+003,1.349862e+000
3.833855e+003,1.742054e+000
3.837712e+003,1.991574e+000
3.841569e+003,2.063423e+000
3.845426e+003,1.946790e+000
3.849283e+003,1.661676e+000
3.853140e+003,1.259591e+000
3.856997e+003,8.160578e-001
3.860854e+003,4.145561e-001
3.864711e+003,1.275485e-001
3.868568e+003,-4.616261e-003
3.872425e+003,1.476693e-002
3.876282e+003,1.394979e-001
3.880139e+003,2.950655e-001
3.883996e+003,4.033203e-001
3.887853e+003,4.094170e-001
3.891710e+003,3.012122e-001
3.895567e+003,1.176713e-001
3.899424e+003,-6.394031e-002
3.903281e+003,-1.508613e-001
3.907138e+003,-6.385508e-002
3.910995e+003,2.378097e-001
3.914852e+003,7.430851e-001
3.918709e+003,1.391035e+000
3.922566e+003,2.089064e+000
3.926423e+003,2.728343e+000
3.930280e+003,3.217426e+000
3.934137e+003,3.500109e+000
3.937994e+003,3.565959e+000
3.941851e+003,3.449624e+000
3.945708e+003,3.219964e+000
3.949565e+003,2.961981e+000
3.953422e+003,2.754901e+000
3.957279e+003,2.655312e+000
3.961136e+003,2.680705e+000
3.964993e+003,2.806044e+000
3.968850e+003,2.970742e+000
3.972707e+003,3.095063e+000
3.976564e+003,3.101614e+000
3.980421e+003,2.935820e+000
3.984278e+003,2.576952e+000
3.988135e+003,2.047730e+000
3.991992e+003,1.402147e+000
3.995849e+003,7.118422e-001
3.999706e+003,4.969364e-002
4.003563e+003,-5.229329e-001
4.007420e+003,-9.624327e-001
4.011277e+003,-1.243129e+000
4.015134e+003,-1.354794e+000
4.018991e+003,-1.297560e+000
4.022848e+003,-1.086749e+000
4.026705e+003,-7.538015e-001
4.030562e+003,-3.486927e-001
4.034419e+003,6.163755e-002
4.038276e+003,4.011771e-001
4.042133e+003,5.986260e-001
4.045990e+003,6.033055e-001
4.049847e+003,3.992207e-001
4.053704e+003,1.189965e-002
4.057561e+003,-4.960165e-001
4.061418e+003,-1.038351e+000
4.065275e+003,-1.524783e+000
4.069132e+003,-1.880564e+000
4.072989e+003,-2.061176e+000
4.076846e+003,-2.058440e+000
4.080703e+003,-1.896649e+000
4.084560e+003,-1.621225e+000
4.088417e+003,-1.283775e+000
4.092274e+003,-9.281905e-001
4.096131e+003,-5.820100e-001
4.099988e+003,-2.553614e-001
4.103845e+003,5.293542e-002
4.107702e+003,3.429033e-001
4.111559e+003,6.106194e-001
4.115416e+003,8.360882e-001
4.119273e+003,9.885946e-001
4.123130e+003,1.036785e+000
4.126987e+003,9.624094e-001
4.130844e+003,7.722950e-001
4.134701e+003,5.033441e-001
4.138558e+003,2.177983e-001
4.142415e+003,-1.122708e-002
4.146271e+003,-1.166489e-001
4.150129e+003,-5.383718e-002
4.153986e+003,1.889877e-001
4.157843e+003,5.889770e-001
4.161700e+003,1.094972e+000
4.165557e+003,1.639121e+000
4.169414e+003,2.146341e+000
4.173271e+003,2.562013e+000
4.177128e+003,2.843535e+000
4.180985e+003,2.971882e+000
4.184842e+003,2.953577e+000
4.188699e+003,2.817982e+000
4.192556e+003,2.609260e+000
4.196413e+003,2.373662e+000
4.200270e+003,2.158226e+000
4.204126e+003,1.959580e+000
4.207984e+003,1.760932e+000
4.211841e+003,1.528411e+000
4.215698e+003,1.228981e+000
4.219555e+003,8.517505e-001
4.223412e+003,4.234360e-001
4.227269e+003,9.537727e-003
4.231125e+003,-3.031006e-001
4.234982e+003,-4.575781e-001
4.238840e+003,-4.124377e-001
4.242697e+003,-1.795753e-001
4.246554e+003,1.740744e-001
4.250411e+003,5.452905e-001
4.254268e+003,8.279680e-001
4.258125e+003,9.489551e-001
4.261981e+003,8.317855e-001
4.265839e+003,6.276317e-001
4.269696e+003,4.067421e-001
4.273553e+003,2.446801e-001
4.277410e+003,1.995643e-001
4.281267e+003,2.954856e-001
4.285124e+003,5.174552e-001
4.288980e+003,8.189633e-001
4.292837e+003,1.139884e+000
4.296695e+003,1.424749e+000
4.300552e+003,1.633422e+000
4.304409e+003,1.748459e+000
4.308266e+003,1.773193e+000
4.312123e+003,1.723687e+000
4.315979e+003,1.618315e+000
4.319836e+003,1.469314e+000
4.323693e+003,1.298231e+000
4.327551e+003,1.051763e+000
4.331408e+003,7.159194e-001
4.335265e+003,3.025867e-001
4.339122e+003,-1.413905e-001
4.342979e+003,-5.397359e-001
4.346835e+003,-8.063551e-001
4.350692e+003,-8.722941e-001
4.354550e+003,-7.142445e-001
4.358407e+003,-3.465943e-001
4.362264e+003,1.415810e-001
4.366121e+003,6.299129e-001
4.369978e+003,1.002587e+000
4.373834e+003,1.180290e+000
4.377691e+003,1.137495e+000
4.381548e+003,9.011765e-001
4.385406e+003,5.124242e-001
4.389263e+003,7.125781e-002
4.393120e+003,-3.450495e-001
4.396977e+003,-6.768647e-001
4.400833e+003,-8.842267e-001
4.404690e+003,-9.432306e-001
4.408547e+003,-8.425821e-001
4.412404e+003,-5.839790e-001
4.416262e+003,-1.798162e-001
4.420119e+003,3.280819e-001
4.423976e+003,8.794287e-001
4.427833e+003,1.403890e+000
4.431689e+003,1.837216e+000
4.435546e+003,2.138639e+000
4.439403e+003,2.302780e+000
4.443260e+003,2.360948e+000
4.447118e+003,2.373404e+000
4.450975e+003,2.401241e+000
4.454832e+003,2.494609e+000
4.458688e+003,2.672157e+000
4.462545e+003,2.914319e+000
4.466402e+003,3.168578e+000
4.470259e+003,3.364804e+000
4.474117e+003,3.436022e+000
4.477974e+003,3.336663e+000
4.481831e+003,3.061187e+000
4.485688e+003,2.645495e+000
4.489544e+003,2.159087e+000
4.493401e+003,1.686590e+000
4.497258e+003,1.303884e+000
4.501115e+003,1.056010e+000
4.504973e+003,9.443383e-001
4.508830e+003,9.271025e-001
4.512687e+003,9.396119e-001
4.516543e+003,9.165715e-001
4.520400e+003,8.208834e-001
4.524257e+003,6.604757e-001
4.528114e+003,4.872901e-001
4.531971e+003,3.774917e-001
4.535829e+003,3.997669e-001
4.539686e+003,5.843233e-001
4.543542e+003,9.041212e-001
4.547399e+003,1.279104e+000
4.551256e+003,1.601360e+000
4.555113e+003,1.772777e+000
4.558970e+003,1.740739e+000
4.562828e+003,1.517813e+000
4.566685e+003,1.177626e+000
4.570542e+003,8.282272e-001
4.574398e+003,5.736060e-001
4.578255e+003,4.773320e-001
4.582112e+003,5.423676e-001
4.585969e+003,7.131903e-001
4.589826e+003,8.985890e-001
4.593684e+003,1.005731e+000
4.597541e+003,9.726604e-001
4.601397e+003,7.883106e-001
4.605254e+003,4.927988e-001
4.609111e+003,1.595968e-001
4.612968e+003,-1.301601e-001
4.616826e+003,-3.143469e-001
4.620683e+003,-3.677076e-001
4.624540e+003,-3.058400e-001
4.628396e+003,-1.752973e-001
4.632253e+003,-3.492619e-002
4.636110e+003,6.668869e-002
4.639967e+003,1.055254e-001
4.643824e+003,8.757146e-002
4.647682e+003,4.319847e-002
4.651539e+003,1.309952e-002
4.655396e+003,3.107861e-002
4.659252e+003,1.099121e-001
4.663109e+003,2.330910e-001
4.666966e+003,3.657318e-001
4.670823e+003,4.604236e-001
4.674681e+003,4.741785e-001
4.678538e+003,3.819281e-001
4.682395e+003,1.834939e-001
4.686251e+003,-9.810318e-002
4.690108e+003,-4.257532e-001
4.693965e+003,-7.549630e-001
4.697822e+003,-1.062484e+000
4.701679e+003,-1.335201e+000
4.705537e+003,-1.573015e+000
4.709394e+003,-1.781616e+000
4.713250e+003,-1.963308e+000
4.717107e+003,-2.110110e+000
4.720964e+003,-2.202075e+000
4.724821e+003,-2.211643e+000
4.728678e+003,-2.114287e+000
4.732535e+003,-1.893156e+000
4.736393e+003,-1.547694e+000
4.740250e+003,-1.095770e+000
4.744106e+003,-5.710105e-001
4.747963e+003,-1.678431e-002
4.751820e+003,5.209994e-001
4.755677e+003,9.989126e-001
4.759534e+003,1.385372e+000
4.763392e+003,1.658135e+000
4.767249e+003,1.807891e+000
4.771105e+003,1.839621e+000
4.774962e+003,1.773321e+000
4.778819e+003,1.643099e+000
4.782676e+003,1.493445e+000
4.786533e+003,1.372019e+000
4.790390e+003,1.319692e+000
4.794248e+003,1.360121e+000
4.798104e+003,1.492240e+000
4.801961e+003,1.688832e+000
4.805818e+003,1.902915e+000
4.809675e+003,2.080998e+000
4.813532e+003,2.179684e+000
4.817389e+003,2.180956e+000
4.821246e+003,2.097153e+000
4.825104e+003,1.969976e+000
4.828960e+003,1.856008e+000
4.832817e+003,1.806746e+000
4.836674e+003,1.849138e+000
4.840531e+003,1.973678e+000
4.844388e+003,2.134829e+000
4.848245e+003,2.264477e+000
4.852103e+003,2.292747e+000
4.855959e+003,2.172771e+000
4.859816e+003,1.896303e+000
4.863673e+003,1.497221e+000
4.867530e+003,1.041230e+000
4.871387e+003,6.057180e-001
4.875244e+003,2.572507e-001
4.879101e+003,3.340942e-002
4.882958e+003,-5.847901e-002
4.886815e+003,-4.068188e-002
4.890672e+003,5.088753e-002
4.894529e+003,1.820189e-001
4.898386e+003,3.301890e-001
4.902243e+003,4.854975e-001
4.906100e+003,6.434436e-001
4.909957e+003,7.945160e-001
4.913814e+003,9.149644e-001
4.917671e+003,9.689397e-001
4.921528e+003,9.180176e-001
4.925385e+003,7.374855e-001
4.929242e+003,4.324641e-001
4.933099e+003,4.670054e-002
4.936956e+003,-3.407914e-001
4.940813e+003,-6.355536e-001
4.944670e+003,-7.376845e-001
4.948527e+003,-5.857578e-001
4.952384e+003,-1.718644e-001
4.956241e+003,4.511464e-001
4.960098e+003,1.177969e+000
4.963955e+003,1.872683e+000
4.967812e+003,2.398648e+000
4.971669e+003,2.644937e+000
4.975526e+003,2.554287e+000
4.979383e+003,2.141624e+000
4.983240e+003,1.488062e+000
4.987097e+003,7.230446e-001
4.990954e+003,-4.245430e-003
4.994811e+003,-5.576982e-001
4.998668e+003,-8.437723e-001
5.002525e+003,-8.341714e-001
5.006382e+003,-5.528185e-001
5.010239e+003,-9.600034e-002
5.014096e+003,4.061229e-001
5.017953e+003,8.218995e-001
5.021810e+003,1.049350e+000
5.025667e+003,1.038501e+000
5.029524e+003,8.000302e-001
5.033381e+003,3.868725e-001
5.037238e+003,-8.815478e-002
5.041095e+003,-5.079747e-001
5.044952e+003,-7.732552e-001
5.048809e+003,-8.249539e-001
5.052666e+003,-6.559423e-001
5.056523e+003,-3.096371e-001
5.060380e+003,1.334091e-001
5.064237e+003,5.826626e-001
5.068094e+003,9.423874e-001
5.071951e+003,1.150314e+000
5.075808e+003,1.184690e+000
5.079665e+003,1.062827e+000
5.083522e+003,8.290865e-001
5.087379e+003,5.378150e-001
5.091236e+003,2.382627e-001
5.095093e+003,-3.394572e-002
5.098950e+003,-2.515178e-001
5.102807e+003,-3.934306e-001
5.106664e+003,-4.370829e-001
5.110521e+003,-3.586380e-001
5.114378e+003,-1.421895e-001
5.118235e+003,2.057297e-001
5.122092e+003,6.442500e-001
5.125949e+003,1.095192e+000
5.129806e+003,1.465677e+000
5.133663e+003,1.666524e+000
5.137520e+003,1.644702e+000
5.141377e+003,1.404273e+000
5.145234e+003,1.008880e+000
5.149091e+003,5.635158e-001
5.152948e+003,1.819006e-001
5.156805e+003,-4.346088e-002
5.160662e+003,-8.399788e-002
5.164519e+003,4.352079e-002
5.168376e+003,2.823771e-001
5.172233e+003,5.596653e-001
5.176090e+003,8.106732e-001
5.179947e+003,9.950837e-001
5.183804e+003,1.101104e+000
5.187661e+003,1.137381e+000
5.191518e+003,1.127015e+000
5.195375e+003,1.090731e+000
5.199232e+003,1.042784e+000
5.203089e+003,9.888759e-001
5.206946e+003,9.268020e-001
5.210803e+003,8.482543e-001
5.214660e+003,7.413701e-001
5.218517e+003,5.926512e-001
5.222374e+003,3.994598e-001
5.226231e+003,1.697645e-001
5.230088e+003,-7.027873e-002
5.233945e+003,-2.763973e-001
5.237802e+003,-3.940181e-001
5.241659e+003,-3.731727e-001
5.245516e+003,-1.860830e-001
5.249373e+003,1.484045e-001
5.253230e+003,5.929258e-001
5.257087e+003,1.074177e+000
5.260944e+003,1.509483e+000
5.264801e+003,1.829494e+000
5.268658e+003,1.996594e+000
5.272515e+003,2.012768e+000
5.276372e+003,1.914904e+000
5.280229e+003,1.759639e+000
5.284086e+003,1.607163e+000
5.287943e+003,1.500851e+000
5.291800e+003,1.461345e+000
5.295657e+003,1.485148e+000
5.299514e+003,1.549050e+000
5.303371e+003,1.617545e+000
5.307228e+003,1.650903e+000
5.311085e+003,1.614591e+000
5.314942e+003,1.482964e+000
5.318799e+003,1.246808e+000
5.322656e+003,9.178738e-001
5.326513e+003,5.302944e-001
5.330370e+003,1.368732e-001
5.334227e+003,-2.003338e-001
5.338084e+003,-4.235138e-001
5.341941e+003,-4.931964e-001
5.345798e+003,-3.990839e-001
5.349655e+003,-1.599973e-001
5.353512e+003,1.801066e-001
5.357369e+003,5.629928e-001
5.361226e+003,9.287103e-001
5.365083e+003,1.225895e+000
5.368940e+003,1.417602e+000
5.372797e+003,1.482443e+000
5.376654e+003,1.414058e+000
5.380511e+003,1.220746e+000
5.384368e+003,9.247434e-001
5.388225e+003,5.616646e-001
5.392082e+003,1.776369e-001
5.395939e+003,-1.774216e-001
5.399796e+003,-4.598968e-001
5.403653e+003,-6.466342e-001
5.407510e+003,-7.286441e-001
5.411367e+003,-7.245184e-001
5.415224e+003,-6.655239e-001
5.419081e+003,-5.803633e-001
5.422938e+003,-4.808512e-001
5.426795e+003,-3.551702e-001
5.430652e+003,-1.725826e-001
5.434509e+003,1.051089e-001
5.438366e+003,4.943354e-001
5.442223e+003,9.802010e-001
5.446080e+003,1.510072e+000
5.449937e+003,2.003470e+000
5.453794e+003,2.373891e+000
5.457651e+003,2.554784e+000
5.461508e+003,2.520201e+000
5.465365e+003,2.292277e+000
5.469222e+003,1.933539e+000
5.473079e+003,1.529581e+000
5.476936e+003,1.161815e+000
5.480793e+003,8.856595e-001
5.484650e+003,7.191193e-001
5.488507e+003,6.443133e-001
5.492364e+003,6.198618e-001
5.496221e+003,5.991535e-001
5.500078e+003,5.455410e-001
5.503935e+003,4.444802e-001
5.507792e+003,3.047886e-001
5.511649e+003,1.521361e-001
5.515506e+003,1.797764e-002
5.519363e+003,-7.127718e-002
5.523220e+003,-1.006192e-001
5.527077e+003,-6.624398e-002
5.530934e+003,3.039891e-002
5.534791e+003,1.903893e-001
5.538648e+003,4.225947e-001
5.542505e+003,7.422138e-001
5.546362e+003,1.161762e+000
5.550219e+003,1.677555e+000
5.554076e+003,2.257931e+000
5.557933e+003,2.839818e+000
5.561790e+003,3.339678e+000
5.565647e+003,3.673771e+000
5.569504e+003,3.785251e+000
5.573361e+003,3.665766e+000
5.577218e+003,3.362378e+000
5.581075e+003,2.965268e+000
5.584932e+003,2.579377e+000
5.588789e+003,2.291828e+000
5.592646e+003,2.138795e+000
5.596503e+003,2.103028e+000
5.600360e+003,2.123165e+000
5.604217e+003,2.120728e+000
5.608074e+003,2.031023e+000
5.611931e+003,1.825340e+000
5.615788e+003,1.516447e+000
5.619645e+003,1.148818e+000
5.623501e+003,7.728441e-001
5.627359e+003,4.306448e-001
5.631216e+003,1.454218e-001
5.635073e+003,-7.528451e-002
5.638930e+003,-2.283139e-001
5.642787e+003,-3.039814e-001
5.646644e+003,-2.831240e-001
5.650500e+003,-1.487030e-001
5.654358e+003,1.105124e-001
5.658215e+003,4.791753e-001
5.662072e+003,9.142153e-001
5.665929e+003,1.353847e+000
5.669786e+003,1.735525e+000
5.673643e+003,2.014631e+000
5.677500e+003,2.175047e+000
5.681356e+003,2.223490e+000
5.685214e+003,2.187941e+000
5.689071e+003,2.087861e+000
5.692928e+003,1.928789e+000
5.696785e+003,1.703770e+000
5.700642e+003,1.405858e+000
5.704499e+003,1.044592e+000
5.708355e+003,6.564578e-001
5.712212e+003,3.022193e-001
5.716070e+003,4.709330e-002
5.719927e+003,-6.231841e-002
5.723784e+003,-2.000570e-002
5.727641e+003,1.322888e-001
5.731498e+003,3.172790e-001
5.735354e+003,4.501967e-001
5.739211e+003,4.718915e-001
5.743069e+003,3.741184e-001
5.746926e+003,2.034467e-001
5.750783e+003,4.627404e-002
5.754640e+003,-2.536230e-003
5.758497e+003,1.253072e-001
5.762354e+003,4.457614e-001
5.766210e+003,9.149616e-001
5.770067e+003,1.441975e+000
5.773925e+003,1.916436e+000
5.777782e+003,2.241415e+000
5.781639e+003,2.360380e+000
5.785496e+003,2.271255e+000
5.789353e+003,2.024524e+000
5.793209e+003,1.707579e+000
5.797066e+003,1.420835e+000
5.800923e+003,1.252410e+000
5.804781e+003,1.257030e+000
5.808638e+003,1.447171e+000
5.812495e+003,1.788597e+000
5.816352e+003,2.211806e+000
5.820208e+003,2.629451e+000
5.824065e+003,2.956507e+000
5.827922e+003,3.127941e+000
5.831779e+003,3.109699e+000
5.835637e+003,2.898139e+000
5.839494e+003,2.521991e+000
5.843351e+003,2.028733e+000
5.847208e+003,1.476052e+000
5.851064e+003,9.255421e-001
5.854921e+003,4.395833e-001
5.858778e+003,7.877475e-002
5.862636e+003,-1.037080e-001
5.866493e+003,-7.451564e-002
5.870350e+003,1.724661e-001
5.874207e+003,5.923682e-001
5.878063e+003,1.090751e+000
5.881920e+003,1.536148e+000
5.885777e+003,1.788550e+000
5.889634e+003,1.737169e+000
5.893492e+003,1.335562e+000
5.897349e+003,6.099554e-001
5.901206e+003,-3.122139e-001
5.905063e+003,-1.257405e+000
5.908919e+003,-2.044468e+000
5.912776e+003,-2.530635e+000
5.916633e+003,-2.643688e+000
5.920490e+003,-2.391598e+000
5.924348e+003,-1.849692e+000
5.928205e+003,-1.122760e+000
5.932062e+003,-3.444970e-001
5.935918e+003,3.711897e-001
5.939775e+003,9.396264e-001
5.943632e+003,1.309185e+000
5.947489e+003,1.459672e+000
5.951347e+003,1.399806e+000
5.955204e+003,1.165148e+000
5.959061e+003,8.115063e-001
5.962917e+003,4.146872e-001
5.966774e+003,5.183581e-002
5.970631e+003,-2.177057e-001
5.974488e+003,-3.673127e-001
5.978345e+003,-4.078251e-001
5.982203e+003,-3.790545e-001
5.986060e+003,-3.309550e-001
5.989917e+003,-3.017785e-001
5.993773e+003,-3.074487e-001
5.997630e+003,-3.367629e-001
6.001487e+003,-3.647957e-001
6.005344e+003,-3.712328e-001
6.009201e+003,-3.545241e-001
6.013059e+003,-3.342083e-001
6.016916e+003,-3.403636e-001
6.020772e+003,-3.969421e-001
6.024629e+003,-5.047951e-001
6.028486e+003,-6.396629e-001
6.032343e+003,-7.610229e-001
6.036200e+003,-8.296704e-001
6.040058e+003,-8.242533e-001
6.043915e+003,-7.482622e-001
6.047771e+003,-6.243184e-001
6.051628e+003,-4.806335e-001
6.055485e+003,-3.340169e-001
6.059342e+003,-1.836483e-001
6.063199e+003,-1.599827e-002
6.067056e+003,1.818877e-001
6.070914e+003,4.081966e-001
6.074771e+003,6.396427e-001
6.078627e+003,8.367058e-001
6.082484e+003,9.555656e-001
6.086341e+003,9.774103e-001
6.090198e+003,9.084976e-001
6.094055e+003,7.843677e-001
6.097912e+003,6.579962e-001
6.101770e+003,5.808513e-001
6.105626e+003,5.847440e-001
6.109483e+003,6.714244e-001
6.113340e+003,8.121956e-001
6.117197e+003,9.603648e-001
6.121054e+003,1.062954e+000
6.124911e+003,1.075176e+000
6.128768e+003,9.700680e-001
6.132625e+003,7.432162e-001
6.136482e+003,4.136030e-001
6.140339e+003,2.187808e-002
6.144196e+003,-3.740139e-001
6.148053e+003,-7.034567e-001
6.151910e+003,-8.954319e-001
6.155767e+003,-8.913391e-001
6.159625e+003,-6.589822e-001
6.163481e+003,-2.033859e-001
6.167338e+003,4.293995e-001
6.171195e+003,1.157558e+000
6.175052e+003,1.879809e+000
6.178909e+003,2.483561e+000
6.182766e+003,2.876120e+000
6.186623e+003,2.997020e+000
6.190480e+003,2.827321e+000
6.194337e+003,2.391383e+000
6.198194e+003,1.751709e+000
6.202051e+003,9.980574e-001
6.205908e+003,2.222010e-001
6.209765e+003,-4.679708e-001
6.213622e+003,-9.962236e-001
6.217479e+003,-1.322088e+000
6.221336e+003,-1.446116e+000
6.225193e+003,-1.404972e+000
6.229050e+003,-1.257054e+000
6.232907e+003,-1.062747e+000
6.236764e+003,-8.681746e-001
6.240621e+003,-6.861305e-001
6.244478e+003,-5.062378e-001
6.248335e+003,-3.028024e-001
6.252192e+003,-5.216446e-002
6.256049e+003,2.520832e-001
6.259906e+003,5.927175e-001
6.263763e+003,9.339781e-001
6.267620e+003,1.236959e+000
6.271477e+003,1.471141e+000
6.275334e+003,1.630462e+000
6.279191e+003,1.732841e+000
6.283048e+003,1.810435e+000
6.286905e+003,1.893842e+000
6.290762e+003,1.997463e+000
6.294619e+003,2.112477e+000
6.298476e+003,2.210383e+000
6.302333e+003,2.254740e+000
6.306190e+003,2.218402e+000
6.310047e+003,2.096132e+000
6.313904e+003,1.909313e+000
6.317761e+003,1.700772e+000
6.321618e+003,1.521959e+000
6.325475e+003,1.417349e+000
6.329332e+003,1.412106e+000
6.333189e+003,1.504437e+000
6.337046e+003,1.666456e+000
6.340903e+003,1.852315e+000
6.344760e+003,2.009555e+000
6.348617e+003,2.090616e+000
6.352474e+003,2.061964e+000
6.356331e+003,1.909599e+000
6.360188e+003,1.640464e+000
6.364045e+003,1.282049e+000
6.367902e+003,8.792500e-001
6.371759e+003,4.881037e-001
6.375616e+003,1.678692e-001
6.379473e+003,-2.864919e-002
6.383330e+003,-6.539655e-002
6.387187e+003,6.811212e-002
6.391044e+003,3.533287e-001
6.394901e+003,7.407628e-001
6.398758e+003,1.160940e+000
6.402615e+003,1.538457e+000
6.406472e+003,1.808481e+000
6.410329e+003,1.930700e+000
6.414186e+003,1.896740e+000
6.418043e+003,1.729095e+000
6.421900e+003,1.470476e+000
6.425757e+003,1.176504e+000
6.429614e+003,8.973259e-001
6.433471e+003,6.684400e-001
6.437328e+003,5.060625e-001
6.441185e+003,4.080709e-001
6.445042e+003,3.590955e-001
6.448899e+003,3.378226e-001
6.452756e+003,3.259428e-001
6.456613e+003,3.116545e-001
6.460470e+003,2.965546e-001
6.464327e+003,2.957762e-001
6.468184e+003,3.335659e-001
6.472041e+003,4.341601e-001
6.475898e+003,6.102389e-001
6.479755e+003,8.531246e-001
6.483612e+003,1.133251e+000
6.487469e+003,1.393674e+000
6.491326e+003,1.579228e+000
6.495183e+003,1.652972e+000
6.499040e+003,1.612516e+000
6.502897e+003,1.494360e+000
6.506754e+003,1.362790e+000
6.510611e+003,1.286456e+000
6.514468e+003,1.310326e+000
6.518325e+003,1.440886e+000
6.522182e+003,1.636196e+000
6.526039e+003,1.822353e+000
6.529896e+003,1.919528e+000
6.533753e+003,1.868677e+000
6.537610e+003,1.648462e+000
6.541467e+003,1.277256e+000
6.545324e+003,8.001169e-001
6.549181e+003,2.786081e-001
6.553038e+003,-2.286180e-001
6.556895e+003,-6.701713e-001
6.560752e+003,-1.000694e+000
6.564609e+003,-1.177583e+000
6.568466e+003,-1.161806e+000
6.572323e+003,-9.259343e-001
6.576180e+003,-4.739506e-001
6.580037e+003,1.619126e-001
6.583894e+003,9.081933e-001
6.587751e+003,1.659009e+000
6.591608e+003,2.296108e+000
6.595465e+003,2.715998e+000
6.599322e+003,2.856083e+000
6.603179e+003,2.711746e+000
6.607036e+003,2.343234e+000
6.610893e+003,1.851873e+000
6.614750e+003,1.355763e+000
6.618607e+003,9.628125e-001
6.622464e+003,7.430270e-001
6.626321e+003,7.111813e-001
6.630178e+003,8.256762e-001
6.634035e+003,1.004985e+000
6.637892e+003,1.153198e+000
6.641749e+003,1.207668e+000
6.645606e+003,1.149108e+000
6.649463e+003,1.012666e+000
6.653320e+003,8.750398e-001
6.657177e+003,8.250469e-001
6.661034e+003,9.283946e-001
6.664891e+003,1.200193e+000
6.668748e+003,1.587131e+000
6.672605e+003,2.007991e+000
6.676462e+003,2.358856e+000
6.680319e+003,2.552835e+000
6.684176e+003,2.545444e+000
6.688033e+003,2.343743e+000
6.691890e+003,1.997894e+000
6.695747e+003,1.580679e+000
6.699604e+003,1.165242e+000
6.703461e+003,8.033574e-001
6.707318e+003,5.218292e-001
6.711175e+003,3.235107e-001
6.715032e+003,1.943097e-001
6.718889e+003,1.116311e-001
6.722746e+003,5.198814e-002
6.726603e+003,-2.510151e-003
6.730460e+003,-5.940371e-002
6.734317e+003,-1.086227e-001
6.738174e+003,-1.246489e-001
6.742031e+003,-7.080483e-002
6.745888e+003,8.845042e-002
6.749745e+003,3.707749e-001
6.753602e+003,7.608849e-001
6.757459e+003,1.204555e+000
6.761316e+003,1.616230e+000
6.765173e+003,1.902556e+000
6.769030e+003,1.987392e+000
6.772887e+003,1.836991e+000
6.776744e+003,1.471562e+000
6.780601e+003,9.601275e-001
6.784458e+003,4.015652e-001
6.788315e+003,-1.000858e-001
6.792172e+003,-4.569660e-001
6.796029e+003,-6.100684e-001
6.799886e+003,-5.324154e-001
6.803743e+003,-2.278716e-001
6.807600e+003,2.700097e-001
6.811457e+003,8.974284e-001
6.815314e+003,1.561203e+000
6.819171e+003,2.146897e+000
6.823028e+003,2.539002e+000
6.826885e+003,2.646392e+000
6.830742e+003,2.435706e+000
6.834599e+003,1.946392e+000
6.838456e+003,1.284016e+000
6.842313e+003,5.890157e-001
6.846170e+003,-9.131476e-003
6.850027e+003,-4.342009e-001
6.853884e+003,-6.845286e-001
6.857741e+003,-8.188860e-001
6.861598e+003,-9.221623e-001
6.865455e+003,-1.055328e+000
6.869312e+003,-1.219423e+000
6.873169e+003,-1.349251e+000
6.877026e+003,-1.340330e+000
6.880883e+003,-1.097167e+000
6.884740e+003,-5.793055e-001
6.888597e+003,1.687396e-001
6.892454e+003,1.028194e+000
6.896311e+003,1.843487e+000
6.900167e+003,2.473693e+000
6.904025e+003,2.836091e+000
6.907882e+003,2.925652e+000
6.911739e+003,2.805918e+000
6.915596e+003,2.578556e+000
6.919453e+003,2.347830e+000
6.923310e+003,2.190987e+000
6.927167e+003,2.144644e+000
6.931024e+003,2.205765e+000
6.934881e+003,2.341014e+000
6.938738e+003,2.497730e+000
6.942595e+003,2.613094e+000
6.946452e+003,2.622519e+000
6.950309e+003,2.469225e+000
6.954166e+003,2.116993e+000
6.958022e+003,1.562998e+000
6.961880e+003,8.451620e-001
6.965737e+003,3.862965e-002
6.969594e+003,-7.600153e-001
6.973451e+003,-1.456381e+000
6.977308e+003,-1.978990e+000
6.981165e+003,-2.299939e+000
6.985021e+003,-2.425385e+000
6.988878e+003,-2.385584e+000
6.992736e+003,-2.217520e+000
6.996593e+003,-1.951640e+000
7.000450e+003,-1.608075e+000
7.004307e+003,-1.201778e+000
7.008164e+003,-7.531822e-001
7.012021e+003,-2.868728e-001
7.015877e+003,1.659597e-001
7.019735e+003,5.783513e-001
7.023592e+003,9.378164e-001
7.027449e+003,1.250742e+000
7.031306e+003,1.537254e+000
7.035163e+003,1.818299e+000
7.039020e+003,2.099584e+000
7.042876e+003,2.369513e+000
7.046733e+003,2.595893e+000
7.050591e+003,2.740975e+000
7.054448e+003,2.778479e+000
7.058305e+003,2.706877e+000
7.062162e+003,2.553058e+000
7.066019e+003,2.365073e+000
7.069875e+003,2.197728e+000
7.073732e+003,2.095577e+000
7.077589e+003,2.083613e+000
7.081447e+003,2.162414e+000
7.085304e+003,2.309639e+000
7.089161e+003,2.484956e+000
7.093018e+003,2.636396e+000
7.096875e+003,2.707806e+000
7.100731e+003,2.648410e+000
7.104588e+003,2.426161e+000
7.108445e+003,2.036175e+000
7.112303e+003,1.510192e+000
7.116160e+003,9.158925e-001
7.120017e+003,3.446697e-001
7.123874e+003,-1.102677e-001
7.127730e+003,-3.787837e-001
7.131587e+003,-4.339482e-001
7.135444e+003,-2.955693e-001
7.139302e+003,-1.735663e-002
7.143159e+003,3.330272e-001
7.147016e+003,6.970462e-001
7.150873e+003,1.040384e+000
7.154729e+003,1.354466e+000
7.158586e+003,1.645432e+000
7.162443e+003,1.911902e+000
7.166300e+003,2.150505e+000
7.170158e+003,2.334156e+000
7.174015e+003,2.427177e+000
7.177872e+003,2.400557e+000
7.181729e+003,2.245980e+000
7.185585e+003,1.981735e+000
7.189442e+003,1.648011e+000
7.193299e+003,1.299603e+000
7.197156e+003,9.764059e-001
7.201014e+003,7.077123e-001
7.204871e+003,5.076591e-001
7.208728e+003,3.799832e-001
7.212584e+003,3.243644e-001
7.216441e+003,3.395023e-001
7.220298e+003,4.206058e-001
7.224155e+003,5.542508e-001
7.228013e+003,7.083402e-001
7.231870e+003,8.378800e-001
7.235727e+003,8.888813e-001
7.239583e+003,8.118344e-001
7.243440e+003,5.773091e-001
7.247297e+003,1.878969e-001
7.251154e+003,-3.181318e-001
7.255011e+003,-8.567439e-001
7.258869e+003,-1.364128e+000
7.262726e+003,-1.763980e+000
7.266583e+003,-1.996976e+000
7.270439e+003,-2.031402e+000
7.274296e+003,-1.867842e+000
7.278153e+003,-1.537919e+000
7.282010e+003,-1.097974e+000
7.285867e+003,-6.285747e-001
7.289725e+003,-1.929518e-001
7.293582e+003,1.506305e-001
7.297438e+003,3.649957e-001
7.301295e+003,4.402906e-001
7.305152e+003,3.939287e-001
7.309009e+003,2.637428e-001
7.312866e+003,9.616809e-002
7.316724e+003,-6.784961e-002
7.320581e+003,-1.988034e-001
7.324438e+003,-2.841127e-001
7.328294e+003,-3.218921e-001
7.332151e+003,-3.115141e-001
7.336008e+003,-2.449363e-001
7.339865e+003,-1.039807e-001
7.343722e+003,1.338251e-001
7.347580e+003,4.859398e-001
7.351437e+003,9.391163e-001
7.355293e+003,1.450964e+000
7.359150e+003,1.949614e+000
7.363007e+003,2.349847e+000
7.366864e+003,2.577568e+000
7.370721e+003,2.593632e+000
7.374578e+003,2.407448e+000
7.378436e+003,2.055424e+000
7.382292e+003,1.639426e+000
7.386149e+003,1.247155e+000
7.390006e+003,9.374589e-001
7.393863e+003,7.250558e-001
7.397720e+003,5.834974e-001
7.401577e+003,4.640839e-001
7.405434e+003,3.219246e-001
7.409292e+003,1.361097e-001
7.413148e+003,-7.251336e-002
7.417005e+003,-2.591491e-001
7.420862e+003,-3.700748e-001
7.424719e+003,-3.657229e-001
7.428576e+003,-2.369900e-001
7.432433e+003,-8.679330e-003
7.436291e+003,2.699463e-001
7.440147e+003,5.522191e-001
7.444004e+003,7.790405e-001
7.447861e+003,9.227553e-001
7.451718e+003,9.793530e-001
7.455575e+003,9.625410e-001
7.459432e+003,8.939142e-001
7.463289e+003,7.935242e-001
7.467146e+003,6.734650e-001
7.471003e+003,5.335197e-001
7.474860e+003,3.637324e-001
7.478717e+003,1.472763e-001
7.482574e+003,-1.341698e-001
7.486431e+003,-4.916345e-001
7.490288e+003,-9.186815e-001
7.494145e+003,-1.383268e+000
7.498002e+003,-1.826298e+000
7.501859e+003,-2.174482e+000
7.505716e+003,-2.345293e+000
7.509573e+003,-2.288167e+000
7.513430e+003,-2.000721e+000
7.517287e+003,-1.536198e+000
7.521144e+003,-9.913838e-001
7.525001e+003,-4.772594e-001
7.528858e+003,-8.261587e-002
7.532715e+003,1.548456e-001
7.536572e+003,2.578250e-001
7.540429e+003,2.953115e-001
7.544286e+003,3.489363e-001
7.548143e+003,4.757347e-001
7.552000e+003,6.832438e-001
7.555857e+003,9.276967e-001
7.559714e+003,1.135609e+000
7.563571e+003,1.238346e+000
7.567428e+003,1.204140e+000
7.571285e+003,1.052153e+000
7.575142e+003,8.441770e-001
7.578999e+003,6.582189e-001
7.582856e+003,5.569810e-001
7.586713e+003,5.655977e-001
7.590570e+003,6.675953e-001
7.594427e+003,8.182346e-001
7.598284e+003,9.687952e-001
7.602141e+003,1.084663e+000
7.605998e+003,1.152598e+000
7.609855e+003,1.173406e+000
7.613712e+003,1.146657e+000
7.617569e+003,1.057956e+000
7.621426e+003,8.776175e-001
7.625283e+003,5.730121e-001
7.629140e+003,1.296958e-001
7.632997e+003,-4.302209e-001
7.636854e+003,-1.041831e+000
7.640711e+003,-1.608340e+000
7.644568e+003,-2.025839e+000
7.648425e+003,-2.212369e+000
7.652282e+003,-2.129979e+000
7.656139e+003,-1.790951e+000
7.659996e+003,-1.251333e+000
7.663853e+003,-5.916252e-001
7.667710e+003,1.042417e-001
7.671567e+003,7.635983e-001
7.675424e+003,1.330738e+000
7.679281e+003,1.765762e+000
7.683138e+003,2.041513e+000
7.686995e+003,2.143283e+000
7.690852e+003,2.068883e+000
7.694709e+003,1.837559e+000
7.698566e+003,1.488102e+000
7.702423e+003,1.073010e+000
7.706280e+003,6.473874e-001
7.710137e+003,2.570910e-001
7.713994e+003,-6.825095e-002
7.717851e+003,-3.148024e-001
7.721708e+003,-4.719020e-001
7.725565e+003,-5.289218e-001
7.729422e+003,-4.687485e-001
7.733279e+003,-2.736103e-001
7.737136e+003,6.082088e-002
7.740993e+003,5.102918e-001
7.744850e+003,1.015300e+000
7.748707e+003,1.494769e+000
7.752564e+003,1.850604e+000
7.756421e+003,2.018520e+000
7.760278e+003,1.986364e+000
7.764135e+003,1.800619e+000
7.767992e+003,1.550303e+000
7.771849e+003,1.333673e+000
7.775706e+003,1.221002e+000
7.779563e+003,1.225702e+000
7.783420e+003,1.308287e+000
7.787277e+003,1.386499e+000
7.791134e+003,1.371793e+000
7.794991e+003,1.203398e+000
7.798848e+003,8.695942e-001
7.802705e+003,4.098454e-001
7.806562e+003,-9.998094e-002
7.810419e+003,-5.733598e-001
7.814276e+003,-9.262865e-001
7.818133e+003,-1.100698e+000
7.821990e+003,-1.067385e+000
7.825847e+003,-8.266742e-001
7.829704e+003,-4.080926e-001
7.833561e+003,1.296552e-001
7.837418e+003,7.009244e-001
7.841275e+003,1.199912e+000
7.845132e+003,1.527111e+000
7.848989e+003,1.606190e+000
7.852846e+003,1.411296e+000
7.856703e+003,9.820253e-001
7.860560e+003,4.201664e-001
7.864417e+003,-1.337277e-001
7.868274e+003,-5.380805e-001
7.872131e+003,-6.954079e-001
7.875988e+003,-5.738198e-001
7.879845e+003,-2.160168e-001
7.883702e+003,2.708242e-001
7.887559e+003,7.427030e-001
7.891416e+003,1.054143e+000
7.895273e+003,1.091950e+000
7.899130e+003,8.003646e-001
7.902987e+003,1.993138e-001
7.906844e+003,-6.278484e-001
7.910701e+003,-1.547401e+000
7.914558e+003,-2.395077e+000
7.918415e+003,-3.007289e+000
7.922272e+003,-3.255957e+000
7.926129e+003,-3.079556e+000
7.929986e+003,-2.501457e+000
7.933843e+003,-1.644207e+000
7.937700e+003,-6.582046e-001
7.941557e+003,2.817377e-001
7.945414e+003,1.030946e+000
7.949271e+003,1.511505e+000
7.953128e+003,1.727298e+000
7.956985e+003,1.752265e+000
7.960842e+003,1.696528e+000
7.964699e+003,1.659624e+000
7.968556e+003,1.706029e+000
7.972413e+003,1.839096e+000
7.976270e+003,2.014600e+000
7.980127e+003,2.167636e+000
7.983984e+003,2.244874e+000
7.987841e+003,2.227999e+000
7.991698e+003,2.138815e+000
7.995555e+003,2.026064e+000
7.999412e+003,1.937669e+000
8.003269e+003,1.896926e+000
8.007126e+003,1.890760e+000
8.010983e+003,1.875333e+000
8.014840e+003,1.796820e+000
8.018697e+003,1.618100e+000
8.022554e+003,1.339596e+000
8.026411e+003,1.008450e+000
8.030268e+003,6.952649e-001
8.034125e+003,4.794904e-001
8.037982e+003,4.174102e-001
8.041839e+003,5.204250e-001
8.045696e+003,7.483116e-001
8.049553e+003,1.019751e+000
8.053410e+003,1.236306e+000
8.057267e+003,1.311896e+000
8.061124e+003,1.199054e+000
8.064981e+003,9.006840e-001
8.068838e+003,4.698594e-001
8.072695e+003,-4.249476e-003
8.076552e+003,-4.191242e-001
8.080409e+003,-6.838046e-001
8.084266e+003,-7.395344e-001
8.088123e+003,-5.752686e-001
8.091980e+003,-2.194030e-001
8.095837e+003,2.645468e-001
8.099694e+003,7.937562e-001
8.103551e+003,1.283783e+000
8.107408e+003,1.664424e+000
8.111265e+003,1.890598e+000
8.115122e+003,1.946744e+000
8.118979e+003,1.855403e+000
8.122836e+003,1.646860e+000
8.126693e+003,1.363331e+000
8.130550e+003,1.050564e+000
8.134407e+003,7.509264e-001
8.138264e+003,4.978721e-001
8.142121e+003,3.119214e-001
8.145978e+003,1.983353e-001
8.149835e+003,1.660738e-001
8.153692e+003,1.585659e-001
8.157549e+003,1.522343e-001
8.161406e+003,1.248812e-001
8.165263e+003,6.205684e-002
8.169120e+003,-3.766936e-002
8.172977e+003,-1.604333e-001
8.176833e+003,-2.791435e-001
8.180691e+003,-3.684307e-001
8.184548e+003,-3.988899e-001
8.188405e+003,-3.522194e-001
8.192262e+003,-2.235252e-001
8.196118e+003,-2.261530e-002
8.199976e+003,2.279928e-001
8.203832e+003,4.979435e-001
8.207689e+003,7.555557e-001
8.211547e+003,9.947137e-001
8.215403e+003,1.174165e+000
8.219261e+003,1.289404e+000
8.223117e+003,1.348065e+000
8.226975e+003,1.364483e+000
8.230831e+003,1.353351e+000
8.234688e+003,1.324952e+000
8.238546e+003,1.283583e+000
8.242402e+003,1.225167e+000
8.246260e+003,1.141452e+000
8.250116e+003,1.033534e+000
8.253974e+003,9.077949e-001
8.257830e+003,7.727697e-001
8.261688e+003,6.331139e-001
8.265544e+003,4.843881e-001
8.269401e+003,3.126473e-001
8.273259e+003,7.774031e-002
8.277115e+003,-2.094222e-001
8.280973e+003,-5.311385e-001
8.284829e+003,-8.388383e-001
8.288687e+003,-1.058821e+000
8.292543e+003,-1.111128e+000
8.296400e+003,-9.363439e-001
8.300258e+003,-5.206691e-001
8.304114e+003,9.615995e-002
8.307972e+003,8.116276e-001
8.311828e+003,1.491675e+000
8.315686e+003,2.008262e+000
8.319542e+003,2.274540e+000
8.323399e+003,2.265853e+000
8.327257e+003,2.019661e+000
8.331113e+003,1.615944e+000
8.334971e+003,1.136704e+000
8.338827e+003,6.703392e-001
8.342685e+003,2.645722e-001
8.346541e+003,-6.424683e-002
8.350398e+003,-3.169516e-001
8.354255e+003,-4.935503e-001
8.358112e+003,-5.817726e-001
8.361970e+003,-5.581387e-001
8.365826e+003,-3.950627e-001
8.369684e+003,-8.975881e-002
8.373540e+003,3.295740e-001
8.377397e+003,8.040359e-001
8.381254e+003,1.257935e+000
8.385111e+003,1.620122e+000
8.388969e+003,1.843256e+000
8.392825e+003,1.912870e+000
8.396683e+003,1.846695e+000
8.400539e+003,1.668095e+000
8.404396e+003,1.408689e+000
8.408253e+003,1.092539e+000
8.412110e+003,7.377471e-001
8.415968e+003,3.656598e-001
8.419824e+003,1.023540e-002
8.423682e+003,-2.801698e-001
8.427538e+003,-4.520020e-001
8.431396e+003,-4.637378e-001
8.435252e+003,-3.079662e-001
8.439109e+003,-2.041493e-002
8.442966e+003,3.248606e-001
8.446823e+003,6.343929e-001
8.450681e+003,8.211358e-001
8.454537e+003,8.273080e-001
8.458395e+003,6.356308e-001
8.462251e+003,2.698577e-001
8.466108e+003,-2.176735e-001
8.469965e+003,-7.602373e-001
8.473822e+003,-1.288547e+000
8.477680e+003,-1.737767e+000
8.481536e+003,-2.051656e+000
8.485394e+003,-2.187489e+000
8.489250e+003,-2.125431e+000
8.493107e+003,-1.878746e+000
8.496964e+003,-1.488935e+000
8.500821e+003,-1.026421e+000
8.504679e+003,-5.748265e-001
8.508535e+003,-2.074003e-001
8.512393e+003,3.601778e-002
8.516249e+003,1.617124e-001
8.520106e+003,2.070335e-001
8.523963e+003,2.534155e-001
8.527820e+003,3.626644e-001
8.531677e+003,5.651748e-001
8.535534e+003,8.474805e-001
8.539392e+003,1.156505e+000
8.543248e+003,1.417987e+000
8.547105e+003,1.561168e+000
8.550962e+003,1.539521e+000
8.554819e+003,1.349981e+000
8.558676e+003,1.015842e+000
8.562533e+003,5.847942e-001
8.566391e+003,1.170324e-001
8.570247e+003,-3.252043e-001
8.574104e+003,-6.849431e-001
8.577961e+003,-9.156056e-001
8.581818e+003,-9.898582e-001
8.585675e+003,-8.982026e-001
8.589532e+003,-6.549786e-001
8.593389e+003,-3.002403e-001
8.597246e+003,1.057964e-001
8.601104e+003,4.955499e-001
8.604960e+003,8.111348e-001
8.608817e+003,1.019881e+000
8.612674e+003,1.121003e+000
8.616531e+003,1.146850e+000
8.620388e+003,1.142394e+000
8.624245e+003,1.149286e+000
8.628103e+003,1.189838e+000
8.631959e+003,1.259996e+000
8.635816e+003,1.333754e+000
8.639673e+003,1.376609e+000
8.643530e+003,1.360715e+000
8.647387e+003,1.280319e+000
8.651244e+003,1.152156e+000
8.655102e+003,1.009686e+000
8.658958e+003,8.901241e-001
8.662815e+003,8.207307e-001
8.666672e+003,8.097123e-001
8.670529e+003,8.446506e-001
8.674386e+003,8.975592e-001
8.678243e+003,9.373070e-001
8.682100e+003,9.361319e-001
8.685957e+003,8.793679e-001
8.689814e+003,7.686495e-001
8.693671e+003,6.204616e-001
8.697528e+003,4.610666e-001
8.701385e+003,3.193539e-001
8.705242e+003,2.194782e-001
8.709099e+003,1.737001e-001
8.712956e+003,1.793630e-001
8.716813e+003,2.193692e-001
8.720670e+003,2.672910e-001
8.724526e+003,2.956423e-001
8.728384e+003,2.845384e-001
8.732241e+003,2.274098e-001
8.736098e+003,1.269605e-001
8.739955e+003,2.368331e-003
8.743812e+003,-1.301836e-001
8.747669e+003,-2.620928e-001
8.751525e+003,-3.947929e-001
8.755383e+003,-5.355247e-001
8.759240e+003,-6.884544e-001
8.763097e+003,-8.459513e-001
8.766954e+003,-9.861163e-001
8.770811e+003,-1.072773e+000
8.774668e+003,-1.074316e+000
8.778524e+003,-9.750232e-001
8.782382e+003,-7.841753e-001
8.786238e+003,-5.356550e-001
8.790096e+003,-2.778341e-001
8.793953e+003,-5.817395e-002
8.797810e+003,9.242502e-002
8.801667e+003,1.595755e-001
8.805523e+003,1.516161e-001
8.809381e+003,8.871998e-002
8.813237e+003,-5.396385e-003
8.817095e+003,-1.071077e-001
8.820952e+003,-1.908304e-001
8.824809e+003,-2.247728e-001
8.828666e+003,-1.695853e-001
8.832522e+003,1.333904e-002
8.836380e+003,3.468153e-001
8.840236e+003,8.212774e-001
8.844094e+003,1.385312e+000
8.847951e+003,1.950547e+000
8.851808e+003,2.412094e+000
8.855665e+003,2.678345e+000
8.859521e+003,2.698655e+000
8.863379e+003,2.478272e+000
8.867235e+003,2.075566e+000
8.871093e+003,1.580511e+000
8.874949e+003,1.085930e+000
8.878807e+003,6.624583e-001
8.882664e+003,3.458976e-001
8.886521e+003,1.391840e-001
8.890378e+003,2.459173e-002
8.894234e+003,-2.135389e-002
8.898092e+003,-1.761870e-002
8.901948e+003,2.480788e-002
8.905806e+003,1.009832e-001
8.909663e+003,2.087271e-001
8.913520e+003,3.469999e-001
8.917377e+003,5.159745e-001
8.921233e+003,7.161181e-001
8.925091e+003,9.446571e-001
8.928947e+003,1.187741e+000
8.932805e+003,1.413823e+000
8.936662e+003,1.573300e+000
8.940519e+003,1.608720e+000
8.944376e+003,1.474653e+000
8.948232e+003,1.160232e+000
8.952090e+003,7.043394e-001
8.955946e+003,1.920482e-001
8.959804e+003,-2.654448e-001
8.963660e+003,-5.650574e-001
8.967518e+003,-6.456628e-001
8.971375e+003,-5.079467e-001
8.975231e+003,-2.119602e-001
8.979089e+003,1.464361e-001
8.982945e+003,4.699123e-001
8.986803e+003,6.912806e-001
8.990659e+003,7.885281e-001
8.994517e+003,7.813596e-001
8.998374e+003,7.129719e-001
9.002230e+003,6.277376e-001
9.006088e+003,5.553560e-001
9.009944e+003,5.070316e-001
9.013802e+003,4.822705e-001
9.017658e+003,4.792727e-001
9.021516e+003,5.022146e-001
9.025373e+003,5.604981e-001
9.029229e+003,6.615768e-001
9.033087e+003,8.025007e-001
9.036943e+003,9.659227e-001
9.040801e+003,1.123453e+000
9.044657e+003,1.245019e+000
9.048515e+003,1.308652e+000
9.052371e+003,1.307307e+000
9.056229e+003,1.248603e+000
9.060086e+003,1.149302e+000
9.063942e+003,1.027997e+000
9.067800e+003,8.997330e-001
9.071656e+003,7.742743e-001
9.075514e+003,6.576681e-001
9.079370e+003,5.521172e-001
9.083228e+003,4.581365e-001
9.087085e+003,3.736695e-001
9.090941e+003,2.947652e-001
9.094799e+003,2.188183e-001
9.098655e+003,1.497824e-001
9.102513e+003,1.021576e-001
9.106369e+003,9.985935e-002
9.110227e+003,1.658926e-001
9.114084e+003,3.085507e-001
9.117940e+003,5.069829e-001
9.121798e+003,7.068045e-001
9.125654e+003,8.309661e-001
9.129512e+003,8.047815e-001
9.133368e+003,5.863805e-001
9.137226e+003,7.670603e-001
9.141082e+003,9.019198e-001
9.144939e+003,9.730151e-001
9.148797e+003,9.823925e-001
9.152653e+003,9.473743e-001
9.156511e+003,8.903859e-001
9.160367e+003,8.281119e-001
9.164225e+003,7.645637e-001
9.168081e+003,4.649376e-001
9.171938e+003,2.595521e-001
9.175796e+003,1.857018e-001
9.179652e+003,2.360864e-001
9.183510e+003,3.713987e-001
9.187366e+003,5.379500e-001
9.191224e+003,6.817724e-001
9.195080e+003,7.559394e-001
9.198938e+003,7.217529e-001
9.202795e+003,5.579828e-001
9.206651e+003,2.664877e-001
9.210509e+003,-1.168782e-001
9.214365e+003,-5.185250e-001
9.218223e+003,-8.374668e-001
9.222079e+003,-9.716920e-001
9.225937e+003,-8.535012e-001
9.229793e+003,-4.766608e-001
9.233650e+003,8.670729e-002
9.237508e+003,7.053891e-001
9.241364e+003,1.232244e+000
9.245222e+003,1.553654e+000
9.249078e+003,1.625637e+000
9.252936e+003,1.481637e+000
9.256792e+003,1.209975e+000
9.260649e+003,9.081197e-001
9.264507e+003,6.565678e-001
9.268363e+003,4.836932e-001
9.272221e+003,3.730533e-001
9.276077e+003,2.879012e-001
9.279935e+003,2.005092e-001
9.283791e+003,1.102582e-001
9.287648e+003,4.233046e-002
9.291506e+003,2.935764e-002
9.295362e+003,9.287598e-002
9.299220e+003,2.251604e-001
9.303076e+003,3.928263e-001
9.306934e+003,5.521134e-001
9.310790e+003,6.679978e-001
9.314647e+003,7.265574e-001
9.318504e+003,7.351212e-001
9.322361e+003,7.124360e-001
9.326219e+003,6.758892e-001
9.330075e+003,6.346448e-001
9.333933e+003,5.908660e-001
9.337789e+003,5.464634e-001
9.341646e+003,5.088271e-001
9.345503e+003,4.902071e-001
9.349360e+003,5.004104e-001
9.353218e+003,5.362681e-001
9.357074e+003,5.821483e-001
9.360932e+003,6.122366e-001
9.364788e+003,6.046485e-001
9.368646e+003,5.553054e-001
9.372502e+003,4.839305e-001
9.376359e+003,4.273265e-001
9.380216e+003,4.220449e-001
9.384073e+003,4.826742e-001
9.387931e+003,5.969914e-001
9.391787e+003,7.238913e-001
9.395645e+003,8.116342e-001
9.399501e+003,8.201547e-001
9.403358e+003,7.383271e-001
9.407215e+003,5.878767e-001
9.411072e+003,4.122742e-001
9.414930e+003,2.575837e-001
9.418786e+003,1.478193e-001
9.422644e+003,8.046180e-002
9.426500e+003,2.876118e-002
9.430357e+003,-4.345822e-002
9.434214e+003,-1.629084e-001
9.438071e+003,-3.320704e-001
9.441929e+003,-5.242682e-001
9.445785e+003,-6.909069e-001
9.449643e+003,-7.752807e-001
9.453499e+003,-7.291828e-001
9.457356e+003,-5.279627e-001
9.461213e+003,-1.794375e-001
9.465070e+003,2.751799e-001
9.468927e+003,7.686639e-001
9.472784e+003,1.222289e+000
9.476642e+003,1.561379e+000
9.480498e+003,1.745403e+000
9.484355e+003,1.765982e+000
9.488212e+003,1.653186e+000
9.492069e+003,1.464796e+000
9.495926e+003,1.265987e+000
9.499783e+003,1.106465e+000
9.503641e+003,1.004145e+000
9.507497e+003,9.425449e-001
9.511354e+003,8.833961e-001
9.515211e+003,7.897159e-001
9.519068e+003,6.475813e-001
9.522925e+003,4.772340e-001
9.526782e+003,3.272139e-001
9.530640e+003,2.533816e-001
9.534496e+003,2.921703e-001
9.538354e+003,4.399515e-001
9.542210e+003,6.522086e-001
9.546067e+003,8.578689e-001
9.549924e+003,9.879738e-001
9.553781e+003,1.003924e+000
9.557638e+003,9.129944e-001
9.561495e+003,7.641320e-001
9.565353e+003,6.260042e-001
9.569209e+003,5.579485e-001
9.573066e+003,5.829288e-001
9.576923e+003,6.810762e-001
9.580780e+003,7.984101e-001
9.584637e+003,8.696897e-001
9.588494e+003,8.442943e-001
9.592352e+003,7.043725e-001
9.596208e+003,4.688600e-001
9.600065e+003,1.840550e-001
9.603922e+003,-9.641480e-002
9.607779e+003,-3.279531e-001
9.611636e+003,-4.868460e-001
9.615493e+003,-5.719146e-001
9.619351e+003,-5.979801e-001
9.623207e+003,-5.854250e-001
9.627064e+003,-5.505483e-001
9.630921e+003,-4.997290e-001
9.634778e+003,-4.293105e-001
9.638635e+003,-3.289032e-001
9.642492e+003,-1.872797e-001
9.646349e+003,1.404881e-003
9.650206e+003,2.328631e-001
9.654063e+003,4.907740e-001
9.657920e+003,7.486174e-001
9.661777e+003,9.769297e-001
9.665634e+003,1.144850e+000
9.669491e+003,1.234047e+000
9.673348e+003,1.240361e+000
9.677205e+003,1.172161e+000
9.681063e+003,1.043732e+000
9.684919e+003,8.669906e-001
9.688776e+003,6.463106e-001
9.692633e+003,3.781319e-001
9.696490e+003,6.641129e-002
9.700347e+003,-2.699041e-001
9.704204e+003,-5.870126e-001
9.708062e+003,-8.187854e-001
9.711918e+003,-8.931744e-001
9.715775e+003,-7.584409e-001
9.719632e+003,-4.091208e-001
9.723489e+003,1.060261e-001
9.727346e+003,6.738496e-001
9.731203e+003,1.159199e+000
9.735060e+003,1.443600e+000
9.738917e+003,1.463648e+000
9.742774e+003,1.230985e+000
9.746631e+003,8.259027e-001
9.750488e+003,3.673952e-001
9.754345e+003,-3.188589e-002
9.758202e+003,-2.870632e-001
9.762059e+003,-3.757695e-001
9.765916e+003,-3.288472e-001
9.769773e+003,-2.069746e-001
9.773630e+003,-7.131968e-002
9.777487e+003,3.900915e-002
9.781344e+003,1.152314e-001
9.785201e+003,1.743825e-001
9.789058e+003,2.416906e-001
9.792915e+003,3.410107e-001
9.796772e+003,4.845821e-001
9.800629e+003,6.705745e-001
9.804486e+003,8.838961e-001
9.808343e+003,1.096919e+000
9.812200e+003,1.269356e+000
9.816057e+003,1.347233e+000
9.819914e+003,1.274988e+000
9.823771e+003,1.007873e+000
9.827628e+003,5.315179e-001
9.831485e+003,-1.220919e-001
9.835342e+003,-8.704442e-001
9.839199e+003,-1.593158e+000
9.843056e+003,-2.159615e+000
9.846913e+003,-2.462555e+000
9.850770e+003,-2.448909e+000
9.854627e+003,-2.127995e+000
9.858484e+003,-1.566858e+000
9.862341e+003,-8.690900e-001
9.866198e+003,-1.479205e-001
9.870055e+003,4.968736e-001
9.873912e+003,9.924494e-001
9.877769e+003,1.292100e+000
9.881626e+003,1.390375e+000
9.885483e+003,1.296869e+000
9.889340e+003,1.041793e+000
9.893197e+003,6.739830e-001
9.897054e+003,2.566153e-001
9.900911e+003,-1.415069e-001
9.904768e+003,-4.584383e-001
9.908625e+003,-6.499684e-001
9.912481e+003,-7.052438e-001
9.916339e+003,-6.353058e-001
9.920196e+003,-4.688133e-001
9.924053e+003,-2.402215e-001
9.927910e+003,2.039568e-002
9.931767e+003,2.917615e-001
9.935624e+003,5.592867e-001
9.939480e+003,8.076209e-001
9.943338e+003,1.022693e+000
9.947195e+003,1.184211e+000
9.951052e+003,1.273574e+000
9.954909e+003,1.281834e+000
9.958766e+003,1.215747e+000
9.962623e+003,1.098096e+000
9.966479e+003,9.614204e-001
9.970337e+003,8.404869e-001
9.974193e+003,7.532354e-001
9.978051e+003,7.041742e-001
9.981908e+003,6.828476e-001
9.985765e+003,6.703471e-001
9.989622e+003,6.480581e-001
9.993479e+003,6.050816e-001
9.997336e+003,5.419741e-001
1.000119e+004,4.713831e-001
1.000505e+004,4.113211e-001
1.000891e+004,3.843396e-001
1.001276e+004,4.111675e-001
1.001662e+004,5.055677e-001
1.002048e+004,6.692896e-001
1.002433e+004,8.880054e-001
1.002819e+004,1.129995e+000
1.003205e+004,1.348944e+000
1.003591e+004,1.494954e+000
1.003976e+004,1.524962e+000
1.004362e+004,1.416149e+000
1.004748e+004,1.173994e+000
1.005133e+004,8.320711e-001
1.005519e+004,4.432079e-001
1.005905e+004,6.536023e-002
1.006290e+004,-2.519637e-001
1.006676e+004,-4.763841e-001
1.007062e+004,-5.916724e-001
1.007448e+004,-5.922054e-001
1.007833e+004,-4.765695e-001
1.008219e+004,-2.461443e-001
1.008605e+004,8.896476e-002
1.008990e+004,4.992952e-001
1.009376e+004,9.271624e-001
1.009762e+004,1.289628e+000
1.010147e+004,1.492521e+000
1.010533e+004,1.458110e+000
1.010919e+004,1.154877e+000
1.011305e+004,6.174220e-001
1.011690e+004,-5.375350e-002
1.012076e+004,-7.155879e-001
1.012462e+004,-1.222327e+000
1.012847e+004,-1.469216e+000
1.013233e+004,-1.420903e+000
1.013619e+004,-1.117307e+000
1.014004e+004,-6.533757e-001
1.014390e+004,-1.418121e-001
1.014776e+004,3.259901e-001
1.015162e+004,7.055556e-001
1.015547e+004,1.001938e+000
1.015933e+004,1.254501e+000
1.016319e+004,1.505367e+000
1.016704e+004,1.774572e+000
1.017090e+004,2.048570e+000
1.017476e+004,2.286881e+000
1.017861e+004,2.441978e+000
1.018247e+004,2.481469e+000
1.018633e+004,2.402505e+000
1.019019e+004,2.227100e+000
1.019404e+004,1.988993e+000
1.019790e+004,1.713891e+000
1.020176e+004,1.406494e+000
1.020561e+004,1.051562e+000
1.020947e+004,6.293185e-001
1.021333e+004,1.377689e-001
1.021718e+004,-3.867226e-001
1.022104e+004,-8.769879e-001
1.022490e+004,-1.240766e+000
1.022876e+004,-1.393679e+000
1.023261e+004,-1.290780e+000
1.023647e+004,-9.467120e-001
1.024033e+004,-4.354768e-001
1.024418e+004,1.307934e-001
1.024804e+004,6.339632e-001
1.025190e+004,9.903083e-001
1.025575e+004,1.163186e+000
1.025961e+004,1.165690e+000
1.026347e+004,1.043970e+000
1.026733e+004,8.523437e-001
1.027118e+004,6.318871e-001
1.027504e+004,4.013022e-001
1.027890e+004,1.636633e-001
1.028275e+004,-8.367099e-002
1.028661e+004,-3.291415e-001
1.029047e+004,-5.416117e-001
1.029432e+004,-6.755288e-001
1.029818e+004,-6.857723e-001
1.030204e+004,-5.451082e-001
1.030590e+004,-2.561326e-001
1.030975e+004,1.419780e-001
1.031361e+004,5.987087e-001
1.031747e+004,1.053935e+000
1.032132e+004,1.455728e+000
1.032518e+004,1.768384e+000
1.032904e+004,1.972787e+000
1.033289e+004,2.061562e+000
1.033675e+004,2.033574e+000
1.034061e+004,1.891223e+000
1.034447e+004,1.645941e+000
1.034832e+004,1.315573e+000
1.035218e+004,9.299036e-001
1.035604e+004,5.287867e-001
1.035989e+004,1.557406e-001
1.036375e+004,-1.504180e-001
1.036761e+004,-3.620872e-001
1.037146e+004,-4.640271e-001
1.037532e+004,-4.555213e-001
1.037918e+004,-3.395023e-001
1.038304e+004,-1.234400e-001
1.038689e+004,1.780357e-001
1.039075e+004,5.374192e-001
1.039461e+004,9.099874e-001
1.039846e+004,1.236179e+000
1.040232e+004,1.451882e+000
1.040618e+004,1.516079e+000
1.041003e+004,1.418757e+000
1.041389e+004,1.195050e+000
1.041775e+004,9.196335e-001
1.042161e+004,6.843145e-001
1.042546e+004,5.655960e-001
1.042932e+004,5.946742e-001
1.043318e+004,7.410104e-001
1.043703e+004,9.269682e-001
1.044089e+004,1.055555e+000
1.044475e+004,1.048818e+000
1.044860e+004,8.817394e-001
1.045246e+004,5.968136e-001
1.045632e+004,2.924205e-001
1.046018e+004,8.848409e-002
1.046403e+004,7.762825e-002
1.046789e+004,2.946202e-001
1.047175e+004,7.047608e-001
1.047560e+004,1.211941e+000
1.047946e+004,1.689492e+000
1.048332e+004,2.020404e+000
1.048717e+004,2.132524e+000
1.049103e+004,2.017119e+000
1.049489e+004,1.732534e+000
1.049875e+004,1.365495e+000
1.050260e+004,1.010835e+000
1.050646e+004,7.461839e-001
1.051032e+004,6.153111e-001
1.051417e+004,6.238840e-001
1.051803e+004,7.460676e-001
1.052189e+004,9.372233e-001
1.052574e+004,1.146779e+000
1.052960e+004,1.331884e+000
1.053346e+004,1.458942e+000
1.053732e+004,1.506020e+000
1.054117e+004,1.462400e+000
1.054503e+004,1.327625e+000
1.054889e+004,1.110587e+000
1.055274e+004,8.283761e-001
1.055660e+004,4.838787e-001
1.056046e+004,1.231251e-001
1.056431e+004,-2.239816e-001
1.056817e+004,-5.303990e-001
1.057203e+004,-7.739617e-001
1.057589e+004,-9.381945e-001
1.057974e+004,-1.012658e+000
1.058360e+004,-9.937459e-001
1.058746e+004,-8.928559e-001
1.059131e+004,-7.091967e-001
1.059517e+004,-4.720603e-001
1.059903e+004,-2.203619e-001
1.060288e+004,3.884152e-003
1.060674e+004,1.643033e-001
1.061060e+004,2.381768e-001
1.061446e+004,2.206254e-001
1.061831e+004,1.226952e-001
1.062217e+004,-3.552696e-002
1.062603e+004,-2.279340e-001
1.062988e+004,-4.306341e-001
1.063374e+004,-6.225543e-001
1.063760e+004,-7.815305e-001
1.064145e+004,-8.798156e-001
1.064531e+004,-8.842260e-001
1.064917e+004,-7.612016e-001
1.065303e+004,-4.982730e-001
1.065688e+004,-1.184910e-001
1.066074e+004,3.120641e-001
1.066460e+004,6.930096e-001
1.066845e+004,9.159698e-001
1.067231e+004,9.013363e-001
1.067617e+004,6.319199e-001
1.068002e+004,1.628960e-001
1.068388e+004,-3.697557e-001
1.068774e+004,-8.020961e-001
1.069160e+004,-9.918718e-001
1.069545e+004,-8.661830e-001
1.069931e+004,-4.458395e-001
1.070317e+004,1.629193e-001
1.070702e+004,8.058213e-001
1.071088e+004,1.337788e+000
1.071474e+004,1.650182e+000
1.071859e+004,1.717278e+000
1.072245e+004,1.586559e+000
1.072631e+004,1.351167e+000
1.073017e+004,1.112112e+000
1.073402e+004,9.458761e-001
1.073788e+004,8.881633e-001
1.074174e+004,9.370750e-001
1.074559e+004,1.064397e+000
1.074945e+004,1.235114e+000
1.075331e+004,1.418626e+000
1.075716e+004,1.591603e+000
1.076102e+004,1.734143e+000
1.076488e+004,1.824680e+000
1.076874e+004,1.838598e+000
1.077259e+004,1.751720e+000
1.077645e+004,1.549214e+000
1.078031e+004,1.232370e+000
1.078416e+004,8.218635e-001
1.078802e+004,3.557969e-001
1.079188e+004,-1.161753e-001
1.079573e+004,-5.401726e-001
1.079959e+004,-8.650185e-001
1.080345e+004,-1.048593e+000
1.080731e+004,-1.063875e+000
1.081116e+004,-9.063311e-001
1.081502e+004,-5.996801e-001
1.081888e+004,-1.975886e-001
1.082273e+004,2.224753e-001
1.082659e+004,5.745597e-001
1.083045e+004,7.859964e-001
1.083430e+004,8.189740e-001
1.083816e+004,6.831704e-001
1.084202e+004,4.334793e-001
1.084588e+004,1.525182e-001
1.084973e+004,-7.677963e-002
1.085359e+004,-1.981408e-001
1.085745e+004,-1.980472e-001
1.086130e+004,-1.048767e-001
1.086516e+004,2.797154e-002
1.086902e+004,1.467116e-001
1.087287e+004,2.198589e-001
1.087673e+004,2.482690e-001
1.088059e+004,2.597800e-001
1.088445e+004,2.915466e-001
1.088830e+004,3.685658e-001
1.089216e+004,4.882215e-001
1.089602e+004,6.176903e-001
1.089987e+004,7.058204e-001
1.090373e+004,7.041583e-001
1.090759e+004,5.894233e-001
1.091144e+004,3.784760e-001
1.091530e+004,1.299142e-001
1.091916e+004,-6.894806e-002
1.092301e+004,-1.261171e-001
1.092687e+004,2.767789e-002
1.093073e+004,4.140741e-001
1.093459e+004,9.962106e-001
1.093844e+004,1.682836e+000
1.094230e+004,2.348539e+000
1.094616e+004,2.865049e+000
1.095001e+004,3.135049e+000
1.095387e+004,3.118537e+000
1.095773e+004,2.843017e+000
1.096158e+004,2.393779e+000
1.096544e+004,1.889830e+000
1.096930e+004,1.445812e+000
1.097316e+004,1.138250e+000
1.097701e+004,9.854978e-001
1.098087e+004,9.476547e-001
1.098473e+004,9.454848e-001
1.098858e+004,8.878407e-001
1.099244e+004,7.085705e-001
1.099630e+004,3.833900e-001
1.100016e+004,-6.343132e-002
1.100401e+004,-5.696177e-001
1.100787e+004,-1.055127e+000
1.101173e+004,-1.444035e+000
1.101558e+004,-1.681412e+000
1.101944e+004,-1.744704e+000
1.102330e+004,-1.630077e+000
1.102715e+004,-1.372356e+000
1.103101e+004,-1.027731e+000
1.103487e+004,-6.640826e-001
1.103872e+004,-3.495046e-001
1.104258e+004,-1.396200e-001
1.104644e+004,-6.580086e-002
1.105030e+004,-1.294233e-001
1.105415e+004,-3.005947e-001
1.105801e+004,-5.212768e-001
1.106187e+004,-7.267181e-001
1.106572e+004,-8.633488e-001
1.106958e+004,-9.004652e-001
1.107344e+004,-8.320342e-001
1.107729e+004,-6.700367e-001
1.108115e+004,-4.321417e-001
1.108501e+004,-1.437711e-001
1.108887e+004,1.675916e-001
1.109272e+004,4.652574e-001
1.109658e+004,6.999588e-001
1.110044e+004,8.153333e-001
1.110429e+004,7.643785e-001
1.110815e+004,5.318225e-001
1.111201e+004,1.553689e-001
1.111587e+004,-2.829710e-001
1.111972e+004,-6.775925e-001
1.112358e+004,-9.223183e-001
1.112744e+004,-9.441970e-001
1.113129e+004,-7.285660e-001
1.113515e+004,-3.253163e-001
1.113901e+004,1.662951e-001
1.114286e+004,6.095827e-001
1.114672e+004,9.436698e-001
1.115058e+004,1.115182e+000
1.115443e+004,1.113877e+000
1.115829e+004,9.669728e-001
1.116215e+004,7.240286e-001
1.116601e+004,4.391905e-001
1.116986e+004,1.570201e-001
1.117372e+004,-7.289451e-002
1.117758e+004,-2.626461e-001
1.118143e+004,-4.144815e-001
1.118529e+004,-5.347946e-001
1.118915e+004,-6.282499e-001
1.119300e+004,-6.938694e-001
1.119686e+004,-7.237492e-001
1.120072e+004,-7.047465e-001
1.120458e+004,-6.230205e-001
1.120843e+004,-4.719647e-001
1.121229e+004,-2.581229e-001
1.121615e+004,-6.552389e-003
1.122000e+004,2.402731e-001
1.122386e+004,4.311177e-001
1.122772e+004,5.209375e-001
1.123158e+004,4.875067e-001
1.123543e+004,3.447445e-001
1.123929e+004,1.388563e-001
1.124315e+004,-5.935275e-002
1.124700e+004,-1.798629e-001
1.125086e+004,-1.787370e-001
1.125472e+004,-5.504820e-002
1.125857e+004,1.480848e-001
1.126243e+004,3.594919e-001
1.126629e+004,5.128637e-001
1.127014e+004,5.526271e-001
1.127400e+004,4.717186e-001
1.127786e+004,3.022608e-001
1.128172e+004,9.752312e-002
1.128557e+004,-9.248476e-002
1.128943e+004,-2.397528e-001
1.129329e+004,-3.426232e-001
1.129714e+004,-4.154060e-001
1.130100e+004,-4.677774e-001
1.130486e+004,-4.895263e-001
1.130871e+004,-4.486894e-001
1.131257e+004,-3.061992e-001
1.131643e+004,-4.063091e-002
1.132029e+004,3.298537e-001
1.132414e+004,7.411879e-001
1.132800e+004,1.099658e+000
1.133186e+004,1.310540e+000
1.133571e+004,1.318850e+000
1.133957e+004,1.132552e+000
1.134343e+004,8.227948e-001
1.134729e+004,4.993981e-001
1.135114e+004,2.719790e-001
1.135500e+004,2.132971e-001
1.135886e+004,3.433924e-001
1.136271e+004,6.235815e-001
1.136657e+004,9.864983e-001
1.137043e+004,1.363267e+000
1.137428e+004,1.704174e+000
1.137814e+004,1.982946e+000
1.138200e+004,2.186349e+000
1.138585e+004,2.299052e+000
1.138971e+004,2.294058e+000
1.139357e+004,2.141925e+000
1.139743e+004,1.830562e+000
1.140128e+004,1.385165e+000
1.140514e+004,8.772466e-001
1.140900e+004,4.130093e-001
1.141285e+004,1.024809e-001
1.141671e+004,2.119362e-002
1.142057e+004,1.792833e-001
1.142442e+004,5.237187e-001
1.142828e+004,9.481477e-001
1.143214e+004,1.337389e+000
1.143600e+004,1.608843e+000
1.143985e+004,1.737524e+000
1.144371e+004,1.754853e+000
1.144757e+004,1.723652e+000
1.145142e+004,1.702917e+000
1.145528e+004,1.717937e+000
1.145914e+004,1.751419e+000
1.146300e+004,1.757216e+000
1.146685e+004,1.688908e+000
1.147071e+004,1.528113e+000
1.147457e+004,1.298513e+000
1.147842e+004,1.059212e+000
1.148228e+004,8.804221e-001
1.148614e+004,8.182989e-001
1.148999e+004,8.894653e-001
1.149385e+004,1.067996e+000
1.149771e+004,1.298565e+000
1.150156e+004,1.519416e+000
1.150542e+004,1.684042e+000
1.150928e+004,1.772488e+000
1.151314e+004,1.787217e+000
1.151699e+004,1.745384e+000
1.152085e+004,1.661860e+000
1.152471e+004,1.540345e+000
1.152856e+004,1.373650e+000
1.153242e+004,1.152282e+000
1.153628e+004,8.761920e-001
1.154013e+004,5.634784e-001
1.154399e+004,2.463194e-001
1.154785e+004,-1.742390e-002
1.155171e+004,-1.770953e-001
1.155556e+004,-1.980412e-001
1.155942e+004,-7.354693e-002
1.156328e+004,1.698815e-001
1.156713e+004,4.755201e-001
1.157099e+004,7.673599e-001
1.157485e+004,9.691432e-001
1.157871e+004,1.013237e+000
1.158256e+004,8.695859e-001
1.158642e+004,5.513443e-001
1.159028e+004,1.127211e-001
1.159413e+004,-3.648190e-001
1.159799e+004,-7.943962e-001
1.160185e+004,-1.106868e+000
1.160570e+004,-1.265831e+000
1.160956e+004,-1.274608e+000
1.161342e+004,-1.170184e+000
1.161727e+004,-1.003571e+000
1.162113e+004,-8.193468e-001
1.162499e+004,-6.407859e-001
1.162885e+004,-4.655352e-001
1.163270e+004,-2.722038e-001
1.163656e+004,-2.883525e-002
1.164042e+004,2.774963e-001
1.164427e+004,6.441260e-001
1.164813e+004,1.044959e+000
1.165199e+004,1.434401e+000
1.165584e+004,1.756549e+000
1.165970e+004,1.957005e+000
1.166356e+004,1.994895e+000
1.166742e+004,1.852977e+000
1.167127e+004,1.543624e+000
1.167513e+004,1.110066e+000
1.167899e+004,6.185647e-001
1.168284e+004,1.440318e-001
1.168670e+004,-2.481477e-001
1.169056e+004,-5.183713e-001
1.169441e+004,-6.610202e-001
1.169827e+004,-7.011670e-001
1.170213e+004,-6.792308e-001
1.170599e+004,-6.326339e-001
1.170984e+004,-5.791644e-001
1.171370e+004,-5.112672e-001
1.171756e+004,-4.031869e-001
1.172141e+004,-2.272456e-001
1.172527e+004,2.875369e-002
1.172913e+004,3.522563e-001
1.173298e+004,7.046312e-001
1.173684e+004,1.035553e+000
1.174070e+004,1.299687e+000
1.174456e+004,1.469671e+000
1.174841e+004,1.539832e+000
1.175227e+004,1.520570e+000
1.175613e+004,1.428196e+000
1.175998e+004,1.253812e+000
1.176384e+004,1.026851e+000
1.176770e+004,7.599855e-001
1.177155e+004,4.722392e-001
1.177541e+004,1.917102e-001
1.177927e+004,-4.822022e-002
1.178313e+004,-2.176452e-001
1.178698e+004,-2.988619e-001
1.179084e+004,-2.889047e-001
1.179470e+004,-1.774964e-001
1.179855e+004,1.072127e-002
1.180241e+004,2.482590e-001
1.180627e+004,5.063852e-001
1.181012e+004,7.519603e-001
1.181398e+004,9.455713e-001
1.181784e+004,1.047306e+000
1.182170e+004,1.031511e+000
1.182555e+004,8.989159e-001
1.182941e+004,6.917539e-001
1.183327e+004,4.786423e-001
1.183712e+004,3.261621e-001
1.184098e+004,2.667259e-001
1.184484e+004,2.806964e-001
1.184869e+004,3.051654e-001
1.185255e+004,2.783219e-001
1.185641e+004,1.564935e-001
1.186027e+004,-4.863901e-002
1.186412e+004,-2.749556e-001
1.186798e+004,-4.328460e-001
1.187184e+004,-4.424767e-001
1.187569e+004,-2.687410e-001
1.187955e+004,6.163549e-002
1.188341e+004,4.452024e-001
1.188726e+004,8.063746e-001
1.189112e+004,1.060324e+000
1.189498e+004,1.154263e+000
1.189883e+004,1.078000e+000
1.190269e+004,8.600249e-001
1.190655e+004,5.540552e-001
1.191041e+004,2.233574e-001
1.191426e+004,-6.236995e-002
1.191812e+004,-2.635828e-001
1.192198e+004,-3.440589e-001
1.192583e+004,-2.820115e-001
1.192969e+004,-7.431826e-002
1.193355e+004,2.588761e-001
1.193741e+004,6.726092e-001
1.194126e+004,1.102059e+000
1.194512e+004,1.475322e+000
1.194898e+004,1.731417e+000
1.195283e+004,1.835421e+000
1.195669e+004,1.788625e+000
1.196055e+004,1.627670e+000
1.196440e+004,1.412858e+000
1.196826e+004,1.209574e+000
1.197212e+004,1.069144e+000
1.197598e+004,1.015055e+000
1.197983e+004,1.041095e+000
1.198369e+004,1.114155e+000
1.198755e+004,1.188710e+000
1.199140e+004,1.222292e+000
1.199526e+004,1.188359e+000
1.199912e+004,1.083267e+000
1.200297e+004,9.261684e-001
1.200683e+004,7.579126e-001
1.201069e+004,6.185809e-001
1.201454e+004,5.477971e-001
1.201840e+004,5.715908e-001
1.202226e+004,6.967714e-001
1.202612e+004,9.095798e-001
1.202997e+004,1.178035e+000
1.203383e+004,1.456737e+000
1.203769e+004,1.709800e+000
1.204154e+004,1.846272e+000
1.204540e+004,1.814366e+000
1.204926e+004,1.582669e+000
1.205312e+004,1.150165e+000
1.205697e+004,5.535474e-001
1.206083e+004,-1.317428e-001
1.206469e+004,-8.001403e-001
1.206854e+004,-1.409708e+000
1.207240e+004,-1.728192e+000
1.207626e+004,-1.690478e+000
1.208011e+004,-1.323238e+000
1.208397e+004,-7.401817e-001
1.208783e+004,-1.069827e-001
1.209169e+004,4.128806e-001
1.209554e+004,7.110798e-001
1.209940e+004,7.631806e-001
1.210326e+004,6.263719e-001
1.210711e+004,4.176398e-001
1.211097e+004,2.538987e-001
1.211483e+004,2.070053e-001
1.211868e+004,2.855537e-001
1.212254e+004,4.477625e-001
1.212640e+004,6.344691e-001
1.213025e+004,7.899060e-001
1.213411e+004,9.147950e-001
1.213797e+004,1.027280e+000
1.214183e+004,1.153890e+000
1.214568e+004,1.311841e+000
1.214954e+004,1.498124e+000
1.215340e+004,1.689647e+000
1.215725e+004,1.852620e+000
1.216111e+004,1.948709e+000
1.216497e+004,1.973280e+000
1.216883e+004,1.919110e+000
1.217268e+004,1.785259e+000
1.217654e+004,1.572024e+000
1.218040e+004,1.279116e+000
1.218425e+004,9.092167e-001
1.218811e+004,4.754676e-001
1.219197e+004,1.814611e-002
1.219582e+004,-4.247437e-001
1.219968e+004,-7.940803e-001
1.220354e+004,-1.031760e+000
1.220740e+004,-1.097086e+000
1.221125e+004,-9.801342e-001
1.221511e+004,-7.066382e-001
1.221897e+004,-3.319387e-001
1.222282e+004,7.038571e-002
1.222668e+004,4.402458e-001
1.223054e+004,7.355460e-001
1.223439e+004,9.436313e-001
1.223825e+004,1.079630e+000
1.224211e+004,1.176239e+000
1.224596e+004,1.269190e+000
1.224982e+004,1.383641e+000
1.225368e+004,1.524937e+000
1.225754e+004,1.679698e+000
1.226139e+004,1.818424e+000
1.226525e+004,1.905115e+000
1.226911e+004,1.907124e+000
1.227296e+004,1.803579e+000
1.227682e+004,1.590812e+000
1.228068e+004,1.284043e+000
1.228454e+004,9.171978e-001
1.228839e+004,5.306048e-001
1.229225e+004,1.683455e-001
1.229611e+004,-1.327173e-001
1.229996e+004,-3.507699e-001
1.230382e+004,-4.827044e-001
1.230768e+004,-5.419303e-001
1.231153e+004,-5.507066e-001
1.231539e+004,-5.312225e-001
1.231925e+004,-4.931186e-001
1.232311e+004,-4.337904e-001
1.232696e+004,-3.426910e-001
1.233082e+004,-2.121676e-001
1.233468e+004,-4.909566e-002
1.233853e+004,1.190416e-001
1.234239e+004,2.482580e-001
1.234625e+004,2.918453e-001
1.235010e+004,2.237865e-001
1.235396e+004,5.064408e-002
1.235782e+004,-1.809657e-001
1.236167e+004,-3.941129e-001
1.236553e+004,-5.046490e-001
1.236939e+004,-4.495909e-001
1.237325e+004,-2.098374e-001
1.237710e+004,1.804204e-001
1.238096e+004,6.489294e-001
1.238482e+004,1.106752e+000
1.238867e+004,1.478130e+000
1.239253e+004,1.723035e+000
1.239639e+004,1.844949e+000
1.240025e+004,1.882063e+000
1.240410e+004,1.886791e+000
1.240796e+004,1.903226e+000
1.241182e+004,1.949658e+000
1.241567e+004,2.015875e+000
1.241953e+004,2.071163e+000
1.242339e+004,2.079718e+000
1.242724e+004,2.016167e+000
1.243110e+004,1.875121e+000
1.243496e+004,1.672067e+000
1.243881e+004,1.436461e+000
1.244267e+004,1.201806e+000
1.244653e+004,9.946174e-001
1.245039e+004,8.276642e-001
1.245424e+004,6.975854e-001
1.245810e+004,5.868129e-001
1.246196e+004,4.688345e-001
1.246581e+004,3.157505e-001
1.246967e+004,1.068865e-001
1.247353e+004,-1.623025e-001
1.247738e+004,-4.745474e-001
1.248124e+004,-7.901574e-001
1.248510e+004,-1.053896e+000
1.248896e+004,-1.208873e+000
1.249281e+004,-1.214181e+000
1.249667e+004,-1.060574e+000
1.250053e+004,-7.706755e-001
1.250438e+004,-4.161499e-001
1.250824e+004,-8.167666e-002
1.251210e+004,1.551050e-001
1.251596e+004,2.476092e-001
1.251981e+004,1.946605e-001
1.252367e+004,4.000803e-002
1.252753e+004,-1.427337e-001
1.253138e+004,-2.729149e-001
1.253524e+004,-2.883299e-001
1.253910e+004,-1.632901e-001
1.254295e+004,8.569363e-002
1.254681e+004,4.083998e-001
1.255067e+004,7.378535e-001
1.255452e+004,1.009047e+000
1.255838e+004,1.173518e+000
1.256224e+004,1.201714e+000
1.256610e+004,1.092231e+000
1.256995e+004,8.653727e-001
1.257381e+004,5.552202e-001
1.257767e+004,2.027974e-001
1.258152e+004,-1.495819e-001
1.258538e+004,-4.629341e-001
1.258924e+004,-7.056994e-001
1.259309e+004,-8.576142e-001
1.259695e+004,-9.118707e-001
1.260081e+004,-8.769633e-001
1.260467e+004,-7.748994e-001
1.260852e+004,-6.369090e-001
1.261238e+004,-4.969507e-001
1.261624e+004,-3.843128e-001
1.262009e+004,-3.170535e-001
1.262395e+004,-2.996459e-001
1.262781e+004,-3.177030e-001
1.263167e+004,-3.481169e-001
1.263552e+004,-3.638347e-001
1.263938e+004,-3.417981e-001
1.264324e+004,-2.696884e-001
1.264709e+004,-1.492707e-001
1.265095e+004,4.776679e-003
1.265481e+004,1.658914e-001
1.265866e+004,3.172536e-001
1.266252e+004,4.429986e-001
1.266638e+004,5.360748e-001
1.267023e+004,5.978228e-001
1.267409e+004,6.345478e-001
1.267795e+004,6.529471e-001
1.268181e+004,6.565368e-001
1.268566e+004,6.453300e-001
1.268952e+004,6.148069e-001
1.269338e+004,5.611929e-001
1.269723e+004,4.833946e-001
1.270109e+004,3.842254e-001
1.270495e+004,2.699494e-001
1.270880e+004,1.487076e-001
1.271266e+004,2.881128e-002
1.271652e+004,-8.562253e-002
1.272038e+004,-1.873075e-001
1.272423e+004,-2.701558e-001
1.272809e+004,-3.272613e-001
1.273195e+004,-3.504871e-001
1.273580e+004,-3.306364e-001
1.273966e+004,-2.580898e-001
1.274352e+004,-1.237672e-001
1.274738e+004,5.796964e-002
1.275123e+004,3.067915e-001
1.275509e+004,6.211450e-001
1.275895e+004,9.910725e-001
1.276280e+004,1.395740e+000
1.276666e+004,1.802886e+000
1.277052e+004,2.171593e+000
1.277437e+004,2.458800e+000
1.277823e+004,2.623243e+000
1.278209e+004,2.654567e+000
1.278594e+004,2.555310e+000
1.278980e+004,2.349880e+000
1.279366e+004,2.078547e+000
1.279752e+004,1.786716e+000
1.280137e+004,1.513038e+000
1.280523e+004,1.280501e+000
1.280909e+004,1.086775e+000
1.281294e+004,9.277944e-001
1.281680e+004,7.874206e-001
1.282066e+004,6.526645e-001
1.282451e+004,5.195555e-001
1.282837e+004,3.929583e-001
1.283223e+004,2.810199e-001
1.283609e+004,1.876363e-001
1.283994e+004,9.257859e-002
1.284380e+004,-4.268169e-003
1.284766e+004,-1.195158e-001
1.285151e+004,-2.615651e-001
1.285537e+004,-4.226365e-001
1.285923e+004,-5.779699e-001
1.286308e+004,-6.938683e-001
1.286694e+004,-7.419053e-001
1.287080e+004,-7.215570e-001
1.287466e+004,-6.410612e-001
1.287851e+004,-5.435296e-001
1.288237e+004,-4.798418e-001
1.288623e+004,-4.867352e-001
1.289008e+004,-5.683520e-001
1.289394e+004,-6.896484e-001
1.289780e+004,-7.855811e-001
1.290165e+004,-7.870416e-001
1.290551e+004,-6.342724e-001
1.290937e+004,-3.174228e-001
1.291323e+004,1.212057e-001
1.291708e+004,5.974544e-001
1.292094e+004,1.010572e+000
1.292480e+004,1.274353e+000
1.292865e+004,1.343045e+000
1.293251e+004,1.220767e+000
1.293637e+004,9.625415e-001
1.294022e+004,6.494318e-001
1.294408e+004,3.619308e-001
1.294794e+004,1.557233e-001
1.295180e+004,4.872197e-002
1.295565e+004,2.267416e-002
1.295951e+004,3.704344e-002
1.296337e+004,4.914671e-002
1.296722e+004,2.959904e-002
1.297108e+004,-2.777112e-002
1.297494e+004,-1.086609e-001
1.297879e+004,-1.890872e-001
1.298265e+004,-2.484463e-001
1.298651e+004,-2.781973e-001
1.299037e+004,-2.820148e-001
1.299422e+004,-2.677353e-001
1.299808e+004,-2.356849e-001
1.300194e+004,-1.704590e-001
1.300579e+004,-4.162294e-002
1.300965e+004,1.850968e-001
1.301351e+004,5.300728e-001
1.301736e+004,9.834301e-001
1.302122e+004,1.498506e+000
1.302508e+004,1.999649e+000
1.302894e+004,2.404706e+000
1.303279e+004,2.650408e+000
1.303665e+004,2.714216e+000
1.304051e+004,2.621331e+000
1.304436e+004,2.433881e+000
1.304822e+004,2.226446e+000
1.305208e+004,2.057894e+000
1.305593e+004,1.951045e+000
1.305979e+004,1.887740e+000
1.306365e+004,1.821647e+000
1.306751e+004,1.700606e+000
1.307136e+004,1.489904e+000
1.307522e+004,1.186804e+000
1.307908e+004,8.216763e-001
1.308293e+004,4.471589e-001
1.308679e+004,1.211453e-001
1.309065e+004,-1.078222e-001
1.309450e+004,-2.099419e-001
1.309836e+004,-1.758936e-001
1.310222e+004,-1.431394e-002
1.310608e+004,2.515631e-001
1.310993e+004,5.861642e-001
1.311379e+004,9.435216e-001
1.311765e+004,1.271066e+000
1.312150e+004,1.519570e+000
1.312536e+004,1.653066e+000
1.312922e+004,1.660500e+000
1.313307e+004,1.560573e+000
1.313693e+004,1.396505e+000
1.314079e+004,1.221192e+000
1.314465e+004,1.078141e+000
1.314850e+004,9.866191e-001
1.315236e+004,9.367632e-001
1.315622e+004,8.993372e-001
1.316007e+004,8.431840e-001
1.316393e+004,7.529712e-001
1.316779e+004,6.379709e-001
1.317164e+004,5.272824e-001
1.317550e+004,4.538189e-001
1.317936e+004,4.355142e-001
1.318322e+004,4.628212e-001
1.318707e+004,5.013413e-001
1.319093e+004,5.067936e-001
1.319479e+004,4.464253e-001
1.319864e+004,3.158815e-001
1.320250e+004,1.428102e-001
1.320636e+004,-2.508417e-002
1.321021e+004,-1.384523e-001
1.321407e+004,-1.798980e-001
1.321793e+004,-1.617004e-001
1.322179e+004,-1.248599e-001
1.322564e+004,-1.209425e-001
1.322950e+004,-1.892178e-001
1.323336e+004,-3.395328e-001
1.323721e+004,-5.483330e-001
1.324107e+004,-6.793709e-001
1.324493e+004,-8.198156e-001
1.324878e+004,-9.403934e-001
1.325264e+004,-1.014997e+000
1.325650e+004,-1.025402e+000
1.326036e+004,-9.639627e-001
1.326421e+004,-8.338758e-001
1.326807e+004,-6.471972e-001
1.327193e+004,-4.680473e-001
1.327578e+004,-2.646171e-001
1.327964e+004,-4.633293e-002
1.328350e+004,1.804300e-001
1.328735e+004,4.101538e-001
1.329121e+004,6.356874e-001
1.329507e+004,8.466678e-001
1.329892e+004,1.029631e+000
1.330278e+004,1.079371e+000
1.330664e+004,1.015270e+000
1.331050e+004,8.294322e-001
1.331435e+004,5.470185e-001
1.331821e+004,2.213465e-001
1.332207e+004,-8.100551e-002
1.332592e+004,-2.995788e-001
1.332978e+004,-3.968443e-001
1.333364e+004,-3.756032e-001
1.333750e+004,-2.414498e-001
1.334135e+004,-4.154561e-002
1.334521e+004,1.719066e-001
1.334907e+004,3.572336e-001
1.335292e+004,4.924849e-001
1.335678e+004,5.761723e-001
1.336064e+004,6.206458e-001
1.336449e+004,6.399675e-001
1.336835e+004,6.429387e-001
1.337221e+004,6.245584e-001
1.337607e+004,5.670466e-001
1.337992e+004,4.470657e-001
1.338378e+004,2.467662e-001
1.338764e+004,-3.560016e-002
1.339149e+004,-3.796249e-001
1.339535e+004,-7.398560e-001
1.339921e+004,-1.066843e+000
1.340306e+004,-1.305241e+000
1.340692e+004,-1.409663e+000
1.341078e+004,-1.353820e+000
1.341463e+004,-1.135503e+000
1.341849e+004,-7.775337e-001
1.342235e+004,-3.254700e-001
1.342621e+004,1.414724e-001
1.343006e+004,5.706527e-001
1.343392e+004,8.969187e-001
1.343778e+004,1.070354e+000
1.344163e+004,1.070223e+000
1.344549e+004,9.146308e-001
1.344935e+004,6.606750e-001
1.345321e+004,3.920847e-001
1.345706e+004,1.974898e-001
1.346092e+004,1.340647e-001
1.346478e+004,2.187169e-001
1.346863e+004,4.180713e-001
1.347249e+004,6.587400e-001
1.347635e+004,8.525044e-001
1.348020e+004,9.278292e-001
1.348406e+004,8.562741e-001
1.348792e+004,6.653119e-001
1.349178e+004,4.263042e-001
1.349563e+004,2.333962e-001
1.349949e+004,1.739555e-001
1.350335e+004,3.021151e-001
1.350720e+004,6.239436e-001
1.351106e+004,1.097791e+000
1.351492e+004,1.647845e+000
1.351877e+004,2.183500e+000
1.352263e+004,2.625211e+000
1.352649e+004,2.913875e+000
1.353034e+004,3.018738e+000
1.353420e+004,2.935942e+000
1.353806e+004,2.682309e+000
1.354192e+004,2.287905e+000
1.354577e+004,1.790288e+000
1.354963e+004,1.227767e+000
1.355349e+004,6.505435e-001
1.355734e+004,1.092142e-001
1.356120e+004,-3.444783e-001
1.356506e+004,-6.635594e-001
1.356892e+004,-8.150054e-001
1.357277e+004,-7.898583e-001
1.357663e+004,-6.103072e-001
1.358049e+004,-3.248652e-001
1.358434e+004,-1.209992e-002
1.358820e+004,2.478447e-001
1.359206e+004,3.943117e-001
1.359591e+004,4.045553e-001
1.359977e+004,3.003663e-001
1.360363e+004,1.390911e-001
1.360749e+004,-8.787371e-003
1.361134e+004,-8.660552e-002
1.361520e+004,-7.687192e-002
1.361906e+004,-6.758079e-003
1.362291e+004,6.199082e-002
1.362677e+004,5.928862e-002
1.363063e+004,-6.279162e-002
1.363448e+004,-3.078021e-001
1.363834e+004,-6.300866e-001
1.364220e+004,-9.498826e-001
1.364605e+004,-1.178601e+000
1.364991e+004,-1.251774e+000
1.365377e+004,-1.149984e+000
1.365763e+004,-9.045605e-001
1.366148e+004,-5.865828e-001
1.366534e+004,-2.841767e-001
1.366920e+004,-7.628390e-002
1.367305e+004,-1.204304e-002
1.367691e+004,-9.364577e-002
1.368077e+004,-2.851532e-001
1.368463e+004,-5.201623e-001
1.368848e+004,-7.199391e-001
1.369234e+004,-8.147223e-001
1.369620e+004,-7.630268e-001
1.370005e+004,-5.637025e-001
1.370391e+004,-2.664627e-001
1.370777e+004,6.934455e-002
1.371162e+004,3.702779e-001
1.371548e+004,5.781826e-001
1.371934e+004,6.680788e-001
1.372320e+004,6.544139e-001
1.372705e+004,5.832666e-001
1.373091e+004,5.136269e-001
1.373477e+004,4.952964e-001
1.373862e+004,5.529128e-001
1.374248e+004,6.815818e-001
1.374634e+004,8.551662e-001
1.375019e+004,1.040746e+000
1.375405e+004,1.212646e+000
1.375791e+004,1.359603e+000
1.376176e+004,1.482662e+000
1.376562e+004,1.588519e+000
1.376948e+004,1.674569e+000
1.377334e+004,1.729145e+000
1.377719e+004,1.733243e+000
1.378105e+004,1.669062e+000
1.378491e+004,1.529302e+000
1.378876e+004,1.322223e+000
1.379262e+004,1.070046e+000
1.379648e+004,8.035110e-001
1.380033e+004,5.486211e-001
1.380419e+004,3.270605e-001
1.380805e+004,1.538208e-001
1.381191e+004,3.959519e-002
1.381576e+004,-7.597633e-003
1.381962e+004,1.536375e-002
1.382348e+004,1.006713e-001
1.382733e+004,2.233234e-001
1.383119e+004,3.407722e-001
1.383505e+004,4.013163e-001
1.383891e+004,3.616243e-001
1.384276e+004,2.067195e-001
1.384662e+004,-3.683569e-002
1.385048e+004,-3.026109e-001
1.385433e+004,-5.030792e-001
1.385819e+004,-5.596386e-001
1.386205e+004,-4.323780e-001
1.386590e+004,-1.386179e-001
1.386976e+004,2.515716e-001
1.387362e+004,6.396954e-001
1.387747e+004,9.338081e-001
1.388133e+004,1.079830e+000
1.388519e+004,1.076796e+000
1.388905e+004,9.717364e-001
1.389290e+004,8.346511e-001
1.389676e+004,7.328039e-001
1.390062e+004,7.067912e-001
1.390447e+004,7.629042e-001
1.390833e+004,8.805187e-001
1.391219e+004,1.027853e+000
1.391604e+004,1.176678e+000
1.391990e+004,1.310926e+000
1.392376e+004,1.417081e+000
1.392762e+004,1.485002e+000
1.393147e+004,1.500215e+000
1.393533e+004,1.445906e+000
1.393919e+004,1.311639e+000
1.394304e+004,1.103453e+000
1.394690e+004,8.481886e-001
1.395076e+004,5.812860e-001
1.395462e+004,3.501127e-001
1.395847e+004,1.791039e-001
1.396233e+004,6.328018e-002
1.396619e+004,-2.984098e-002
1.397004e+004,-1.449523e-001
1.397390e+004,-3.168183e-001
1.397776e+004,-5.515645e-001
1.398161e+004,-8.272177e-001
1.398547e+004,-1.079385e+000
1.398933e+004,-1.245210e+000
1.399318e+004,-1.279012e+000
1.399704e+004,-1.167851e+000
1.400090e+004,-9.337456e-001
1.400476e+004,-6.232882e-001
1.400861e+004,-2.908311e-001
1.401247e+004,1.950747e-002
1.401633e+004,2.734672e-001
1.402018e+004,4.541978e-001
1.402404e+004,5.551414e-001
1.402790e+004,5.750496e-001
1.403175e+004,5.170133e-001
1.403561e+004,3.917623e-001
1.403947e+004,2.219894e-001
1.404333e+004,4.369878e-002
1.404718e+004,-9.938591e-002
1.405104e+004,-1.659308e-001
1.405490e+004,-1.297199e-001
1.405875e+004,1.165268e-002
1.406261e+004,2.356964e-001
1.406647e+004,5.023366e-001
1.407032e+004,7.668194e-001
1.407418e+004,9.941113e-001
1.407804e+004,1.166223e+000
1.408190e+004,1.287496e+000
1.408575e+004,1.379213e+000
1.408961e+004,1.469902e+000
1.409347e+004,1.583844e+000
1.409732e+004,1.731126e+000
1.410118e+004,1.901803e+000
1.410504e+004,2.065662e+000
1.410889e+004,2.177227e+000
1.411275e+004,2.186850e+000
1.411661e+004,2.053818e+000
1.412047e+004,1.759420e+000
1.412432e+004,1.316183e+000
1.412818e+004,7.701672e-001
1.413204e+004,1.947697e-001
1.413589e+004,-3.244959e-001
1.413975e+004,-7.032993e-001
1.414361e+004,-8.834889e-001
1.414746e+004,-8.450028e-001
1.415132e+004,-6.111546e-001
1.415518e+004,-2.438737e-001
1.415904e+004,1.699579e-001
1.416289e+004,5.378629e-001
1.416675e+004,7.862633e-001
1.417061e+004,8.632830e-001
1.417446e+004,7.646249e-001
1.417832e+004,5.276521e-001
1.418218e+004,2.200471e-001
1.418603e+004,-7.963141e-002
1.418989e+004,-3.045819e-001
1.419375e+004,-4.192016e-001
1.419761e+004,-4.291172e-001
1.420146e+004,-3.805730e-001
1.420532e+004,-3.442853e-001
1.420918e+004,-3.909935e-001
1.421303e+004,-5.660686e-001
1.421689e+004,-8.715588e-001
1.422075e+004,-1.261715e+000
1.422460e+004,-1.653715e+000
1.422846e+004,-1.956484e+000
1.423232e+004,-2.073094e+000
1.423618e+004,-1.955832e+000
1.424003e+004,-1.611201e+000
1.424389e+004,-1.098496e+000
1.424775e+004,-5.133640e-001
1.425160e+004,3.856090e-002
1.425546e+004,4.700589e-001
1.425932e+004,7.364909e-001
1.426317e+004,8.318719e-001
1.426703e+004,8.050911e-001
1.427089e+004,7.301226e-001
1.427475e+004,6.780627e-001
1.427860e+004,6.926942e-001
1.428246e+004,7.785150e-001
1.428632e+004,9.053062e-001
1.429017e+004,1.023389e+000
1.429403e+004,1.094889e+000
1.429789e+004,1.105956e+000
1.430174e+004,1.074067e+000
1.430560e+004,1.035502e+000
1.430946e+004,1.022642e+000
1.431332e+004,1.043011e+000
1.431717e+004,1.071288e+000
1.432103e+004,1.056885e+000
1.432489e+004,9.529738e-001
1.432874e+004,7.378080e-001
1.433260e+004,4.319957e-001
1.433646e+004,9.565604e-002
1.434031e+004,-1.921102e-001
1.434417e+004,-3.623030e-001
1.434803e+004,-3.808987e-001
1.435189e+004,-2.589382e-001
1.435574e+004,-5.138273e-002
1.435960e+004,1.793477e-001
1.436346e+004,3.761564e-001
1.436731e+004,5.034831e-001
1.437117e+004,5.530802e-001
1.437503e+004,5.391918e-001
1.437888e+004,4.870676e-001
1.438274e+004,4.211007e-001
1.438660e+004,3.531772e-001
1.439046e+004,2.842990e-001
1.439431e+004,2.079260e-001
1.439817e+004,1.168609e-001
1.440203e+004,1.061196e-002
1.440588e+004,-9.958325e-002
1.440974e+004,-1.901313e-001
1.441360e+004,-2.410617e-001
1.441745e+004,-2.171731e-001
1.442131e+004,-9.767461e-002
1.442517e+004,1.224282e-001
1.442903e+004,4.292646e-001
1.443288e+004,7.921361e-001
1.443674e+004,1.169738e+000
1.444060e+004,1.518049e+000
1.444445e+004,1.788972e+000
1.444831e+004,1.967769e+000
1.445217e+004,2.031808e+000
1.445602e+004,1.965548e+000
1.445988e+004,1.762200e+000
1.446374e+004,1.427985e+000
1.446760e+004,9.876202e-001
1.447145e+004,4.875588e-001
1.447531e+004,2.766669e-003
1.447917e+004,-4.095093e-001
1.448302e+004,-6.884650e-001
1.448688e+004,-7.988127e-001
1.449074e+004,-7.430121e-001
1.449459e+004,-5.627573e-001
1.449845e+004,-3.278455e-001
1.450231e+004,-1.154618e-001
1.450617e+004,7.037967e-003
1.451002e+004,1.968423e-002
1.451388e+004,-6.636098e-002
1.451774e+004,-2.093343e-001
1.452159e+004,-3.533239e-001
1.452545e+004,-4.475663e-001
1.452931e+004,-4.617596e-001
1.453316e+004,-3.929199e-001
1.453702e+004,-2.653124e-001
1.454088e+004,-1.143113e-001
1.454474e+004,1.769809e-002
1.454859e+004,9.293582e-002
1.455245e+004,8.450314e-002
1.455631e+004,-2.038061e-002
1.456016e+004,-2.190016e-001
1.456402e+004,-4.927982e-001
1.456788e+004,-8.085036e-001
1.457173e+004,-1.120348e+000
1.457559e+004,-1.376980e+000
1.457945e+004,-1.530131e+000
1.458331e+004,-1.544068e+000
1.458716e+004,-1.402621e+000
1.459102e+004,-1.111197e+000
1.459488e+004,-6.930902e-001
1.459873e+004,-1.793281e-001
1.460259e+004,3.929203e-001
1.460645e+004,9.906166e-001
1.461030e+004,1.584202e+000
1.461416e+004,2.144175e+000
1.461802e+004,2.636994e+000
1.462188e+004,3.024046e+000
1.462573e+004,3.265884e+000
1.462959e+004,3.330794e+000
1.463345e+004,3.203246e+000
1.463730e+004,2.896338e+000
1.464116e+004,2.450235e+000
1.464502e+004,1.925578e+000
1.464887e+004,1.391766e+000
1.465273e+004,9.141663e-001
1.465659e+004,5.441067e-001
1.466045e+004,3.118127e-001
1.466430e+004,2.333822e-001
1.466816e+004,3.020050e-001
1.467202e+004,4.939199e-001
1.467587e+004,7.706637e-001
1.467973e+004,1.082446e+000
1.468359e+004,1.374275e+000
1.468744e+004,1.595455e+000
1.469130e+004,1.712301e+000
1.469516e+004,1.712291e+000
1.469902e+004,1.613607e+000
1.470287e+004,1.457521e+000
1.470673e+004,1.294923e+000
1.471059e+004,1.169339e+000
1.471444e+004,1.102726e+000
1.471830e+004,1.089473e+000
1.472216e+004,1.101037e+000
1.472601e+004,1.096796e+000
1.472987e+004,1.041101e+000
1.473373e+004,9.148318e-001
1.473758e+004,7.199446e-001
1.474144e+004,4.759702e-001
1.474530e+004,2.112877e-001
1.474916e+004,-4.637596e-002
1.475301e+004,-2.772520e-001
1.475687e+004,-4.690233e-001
1.476073e+004,-6.174740e-001
1.476458e+004,-7.225829e-001
1.476844e+004,-7.859293e-001
1.477230e+004,-8.094802e-001
1.477616e+004,-7.952883e-001
1.478001e+004,-7.451687e-001
1.478387e+004,-6.595747e-001
1.478773e+004,-5.387874e-001
1.479158e+004,-3.819448e-001
1.479544e+004,-1.906706e-001
1.479930e+004,2.683496e-002
1.480315e+004,2.526645e-001
1.480701e+004,4.595125e-001
1.481087e+004,6.157221e-001
1.481472e+004,6.941543e-001
1.481858e+004,6.821957e-001
1.482244e+004,5.865048e-001
1.482630e+004,4.335150e-001
1.483015e+004,2.631437e-001
1.483401e+004,1.184956e-001
1.483787e+004,3.540868e-002
1.484172e+004,3.531180e-002
1.484558e+004,1.181084e-001
1.484944e+004,2.758768e-001
1.485329e+004,4.878180e-001
1.485715e+004,7.251360e-001
1.486101e+004,9.535148e-001
1.486487e+004,1.136292e+000
1.486872e+004,1.239886e+000
1.487258e+004,1.241778e+000
1.487644e+004,1.135273e+000
1.488029e+004,9.471535e-001
1.488415e+004,7.179513e-001
1.488801e+004,4.990035e-001
1.489187e+004,3.366742e-001
1.489572e+004,2.565441e-001
1.489958e+004,2.544737e-001
1.490344e+004,2.993432e-001
1.490729e+004,3.353199e-001
1.491115e+004,3.393047e-001
1.491501e+004,3.024719e-001
1.491886e+004,2.473011e-001
1.492272e+004,2.200732e-001
1.492658e+004,2.714525e-001
1.493043e+004,4.327437e-001
1.493429e+004,6.978244e-001
1.493815e+004,1.017074e+000
1.494201e+004,1.316721e+000
1.494586e+004,1.514831e+000
1.494972e+004,1.550828e+000
1.495358e+004,1.405190e+000
1.495743e+004,1.104794e+000
1.496129e+004,7.126037e-001
1.496515e+004,3.064811e-001
1.496900e+004,-5.764329e-002
1.497286e+004,-3.180269e-001
1.497672e+004,-4.611498e-001
1.498058e+004,-5.008495e-001
1.498443e+004,-4.646140e-001
1.498829e+004,-3.792470e-001
1.499215e+004,-2.618164e-001
1.499600e+004,-1.183867e-001
1.499986e+004,5.775653e-002
