5.014096e+002,-1.835815e-001
5.052666e+002,-1.717845e-001
5.091236e+002,-1.483833e-001
5.129806e+002,-1.147330e-001
5.168376e+002,-6.798314e-002
5.206946e+002,-4.549228e-003
5.245516e+002,7.545573e-002
5.284086e+002,1.628207e-001
5.322656e+002,2.514566e-001
5.361226e+002,3.274900e-001
5.399796e+002,3.783293e-001
5.438365e+002,3.964430e-001
5.476936e+002,3.811753e-001
5.515505e+002,3.380416e-001
5.554076e+002,2.761390e-001
5.592646e+002,2.093102e-001
5.631216e+002,1.406917e-001
5.669786e+002,7.548811e-002
5.708356e+002,1.802628e-002
5.746926e+002,-2.675540e-002
5.785496e+002,-5.253205e-002
5.824066e+002,-5.227263e-002
5.862635e+002,-2.029792e-002
5.901205e+002,4.694042e-002
5.939775e+002,1.460091e-001
5.978345e+002,2.639587e-001
6.016915e+002,3.838070e-001
6.055485e+002,4.888301e-001
6.094055e+002,5.666935e-001
6.132625e+002,6.118119e-001
6.171195e+002,6.251832e-001
6.209765e+002,6.030808e-001
6.248335e+002,5.591379e-001
6.286905e+002,5.008900e-001
6.325475e+002,4.338438e-001
6.364045e+002,3.621585e-001
6.402615e+002,2.899199e-001
6.441185e+002,2.216306e-001
6.479755e+002,1.612484e-001
6.518325e+002,1.089301e-001
6.556895e+002,6.549417e-002
6.595465e+002,2.460282e-002
6.634035e+002,-2.076859e-002
6.672605e+002,-7.392486e-002
6.711175e+002,-1.310513e-001
6.749745e+002,-1.810075e-001
6.788315e+002,-2.090822e-001
6.826885e+002,-2.009849e-001
6.865455e+002,-1.553675e-001
6.904025e+002,-8.125326e-002
6.942595e+002,3.302187e-003
6.981165e+002,7.856417e-002
7.019734e+002,1.316928e-001
7.058304e+002,1.624767e-001
7.096874e+002,1.833400e-001
7.135444e+002,2.141194e-001
7.174014e+002,2.712747e-001
7.212584e+002,3.613482e-001
7.251154e+002,4.765196e-001
7.289724e+002,5.972083e-001
7.328294e+002,6.993647e-001
7.366864e+002,7.629635e-001
7.405435e+002,7.780169e-001
7.444004e+002,7.455368e-001
7.482574e+002,6.763374e-001
7.521144e+002,5.856670e-001
7.559714e+002,4.891290e-001
7.598284e+002,4.006869e-001
7.636854e+002,3.324917e-001
7.675424e+002,2.950512e-001
7.713994e+002,2.961757e-001
7.752564e+002,3.389442e-001
7.791134e+002,4.175394e-001
7.829704e+002,5.172123e-001
7.868274e+002,6.167575e-001
7.906844e+002,6.946343e-001
7.945414e+002,7.364033e-001
7.983984e+002,7.402526e-001
8.022554e+002,7.178117e-001
8.061124e+002,6.895236e-001
8.099694e+002,6.763393e-001
8.138264e+002,6.911572e-001
8.176833e+002,7.339284e-001
8.215403e+002,7.922280e-001
8.253973e+002,8.468731e-001
8.292544e+002,8.799754e-001
8.331113e+002,8.818143e-001
8.369684e+002,8.547745e-001
8.408253e+002,8.086597e-001
8.446824e+002,7.574579e-001
8.485393e+002,7.125123e-001
8.523964e+002,6.780129e-001
8.562533e+002,6.499071e-001
8.601104e+002,6.184143e-001
8.639673e+002,5.728704e-001
8.678243e+002,5.084298e-001
8.716813e+002,4.249666e-001
8.755383e+002,3.322734e-001
8.793953e+002,2.461687e-001
8.832523e+002,1.838394e-001
8.871093e+002,1.582958e-001
8.909663e+002,1.738534e-001
8.948233e+002,2.242679e-001
8.986803e+002,2.923071e-001
9.025373e+002,3.612583e-001
9.063943e+002,4.157916e-001
9.102513e+002,4.488247e-001
9.141083e+002,4.638509e-001
9.179653e+002,4.727879e-001
9.218223e+002,4.899337e-001
9.256793e+002,5.243950e-001
9.295363e+002,5.730000e-001
9.333933e+002,6.241603e-001
9.372502e+002,6.578810e-001
9.411073e+002,6.557922e-001
9.449642e+002,6.100852e-001
9.488213e+002,5.287623e-001
9.526782e+002,4.344832e-001
9.565353e+002,3.568653e-001
9.603922e+002,3.215073e-001
9.642493e+002,3.378394e-001
9.681062e+002,3.967453e-001
9.719633e+002,4.722245e-001
9.758203e+002,5.303945e-001
9.796772e+002,5.415107e-001
9.835342e+002,4.903505e-001
9.873912e+002,3.810768e-001
9.912482e+002,2.382942e-001
9.951052e+002,8.960168e-002
9.989622e+002,-3.541069e-002
1.002819e+003,-1.155283e-001
1.006676e+003,-1.420536e-001
1.010533e+003,-1.186113e-001
1.014390e+003,-5.784338e-002
1.018247e+003,2.292085e-002
1.022104e+003,1.045217e-001
1.025961e+003,1.718019e-001
1.029818e+003,2.121730e-001
1.033675e+003,2.171992e-001
1.037532e+003,1.844823e-001
1.041389e+003,1.194972e-001
1.045246e+003,3.615201e-002
1.049103e+003,-4.513727e-002
1.052960e+003,-9.822614e-002
1.056817e+003,-1.160940e-001
1.060674e+003,-9.227950e-002
1.064531e+003,-3.109191e-002
1.068388e+003,5.299547e-002
1.072245e+003,1.393565e-001
1.076102e+003,2.074509e-001
1.079959e+003,2.431795e-001
1.083816e+003,2.425760e-001
1.087673e+003,2.174402e-001
1.091530e+003,1.815637e-001
1.095387e+003,1.506453e-001
1.099244e+003,1.373980e-001
1.103101e+003,1.480177e-001
1.106958e+003,1.811086e-001
1.110815e+003,2.292700e-001
1.114672e+003,2.805809e-001
1.118529e+003,3.282739e-001
1.122386e+003,3.685597e-001
1.126243e+003,4.035290e-001
1.130100e+003,4.386458e-001
1.133957e+003,4.784274e-001
1.137814e+003,5.223335e-001
1.141671e+003,5.628240e-001
1.145528e+003,5.826570e-001
1.149385e+003,5.650581e-001
1.153242e+003,4.974144e-001
1.157099e+003,3.783214e-001
1.160956e+003,2.200837e-001
1.164813e+003,4.677556e-002
1.168670e+003,-1.114262e-001
1.172527e+003,-2.256514e-001
1.176384e+003,-2.740803e-001
1.180241e+003,-2.437002e-001
1.184098e+003,-1.420583e-001
1.187955e+003,9.506866e-003
1.191812e+003,1.808630e-001
1.195669e+003,3.394888e-001
1.199526e+003,4.569270e-001
1.203383e+003,5.141847e-001
1.207240e+003,5.042151e-001
1.211097e+003,4.324105e-001
1.214954e+003,3.191365e-001
1.218811e+003,1.918721e-001
1.222668e+003,7.835342e-002
1.226525e+003,-7.897615e-007
1.230382e+003,-3.256641e-002
1.234239e+003,-2.075459e-002
1.238096e+003,2.371220e-002
1.241953e+003,8.439475e-002
1.245810e+003,1.426831e-001
1.249667e+003,1.833928e-001
1.253524e+003,1.974906e-001
1.257381e+003,1.832139e-001
1.261238e+003,1.460241e-001
1.265095e+003,9.777234e-002
1.268952e+003,5.505378e-002
1.272809e+003,3.647568e-002
1.276666e+003,5.795361e-002
1.280523e+003,1.277032e-001
1.284380e+003,2.419184e-001
1.288237e+003,3.832417e-001
1.292094e+003,5.234834e-001
1.295951e+003,6.305757e-001
1.299808e+003,6.778845e-001
1.303665e+003,6.539976e-001
1.307522e+003,5.647064e-001
1.311379e+003,4.327129e-001
1.315236e+003,2.909662e-001
1.319093e+003,1.729547e-001
1.322950e+003,1.033835e-001
1.326807e+003,9.232750e-002
1.330664e+003,1.349154e-001
1.334521e+003,2.126288e-001
1.338378e+003,3.036154e-001
1.342235e+003,3.869593e-001
1.346092e+003,4.471058e-001
1.349949e+003,4.759136e-001
1.353806e+003,4.725956e-001
1.357663e+003,4.423394e-001
1.361520e+003,3.957145e-001
1.365377e+003,3.422432e-001
1.369234e+003,2.921610e-001
1.373091e+003,2.534553e-001
1.376948e+003,2.303548e-001
1.380805e+003,2.227628e-001
1.384662e+003,2.270219e-001
1.388519e+003,2.379357e-001
1.392376e+003,2.504576e-001
1.396233e+003,2.639340e-001
1.400090e+003,2.807090e-001
1.403947e+003,3.051805e-001
1.407804e+003,3.411608e-001
1.411661e+003,3.891177e-001
1.415518e+003,4.445845e-001
1.419375e+003,4.985476e-001
1.423232e+003,5.382181e-001
1.427089e+003,5.558313e-001
1.430946e+003,5.450587e-001
1.434803e+003,5.043170e-001
1.438660e+003,4.363991e-001
1.442517e+003,3.469849e-001
1.446374e+003,2.429944e-001
1.450231e+003,1.316292e-001
1.454088e+003,2.376994e-002
1.457945e+003,-7.640802e-002
1.461802e+003,-1.605005e-001
1.465659e+003,-2.195134e-001
1.469516e+003,-2.453939e-001
1.473373e+003,-2.331238e-001
1.477230e+003,-1.824642e-001
1.481087e+003,-9.849296e-002
1.484944e+003,-1.383249e-002
1.488801e+003,7.701049e-002
1.492658e+003,1.665804e-001
1.496515e+003,2.494949e-001
1.500372e+003,3.227724e-001
1.504229e+003,3.851952e-001
1.508086e+003,4.360655e-001
1.511943e+003,4.739933e-001
1.515800e+003,4.638119e-001
1.519657e+003,4.444014e-001
1.523514e+003,4.171298e-001
1.527371e+003,3.834559e-001
1.531228e+003,3.453984e-001
1.535085e+003,3.058752e-001
1.538942e+003,2.686975e-001
1.542799e+003,2.381364e-001
1.546656e+003,2.186220e-001
1.550513e+003,2.158523e-001
1.554370e+003,2.365341e-001
1.558227e+003,2.788297e-001
1.562084e+003,3.329982e-001
1.565941e+003,3.847080e-001
1.569798e+003,4.197751e-001
1.573655e+003,4.286169e-001
1.577512e+003,4.037549e-001
1.581369e+003,3.520018e-001
1.585226e+003,2.849524e-001
1.589083e+003,2.153763e-001
1.592940e+003,1.529226e-001
1.596797e+003,1.019652e-001
1.600654e+003,6.216706e-002
1.604511e+003,3.107660e-002
1.608368e+003,6.282225e-003
1.612225e+003,-8.807863e-003
1.616082e+003,-9.770124e-003
1.619939e+003,8.425154e-003
1.623796e+003,4.843548e-002
1.627653e+003,1.084362e-001
1.631510e+003,1.820282e-001
1.635367e+003,2.602841e-001
1.639224e+003,3.363881e-001
1.643081e+003,4.037073e-001
1.646938e+003,4.613855e-001
1.650795e+003,5.114374e-001
1.654652e+003,5.557069e-001
1.658509e+003,5.929836e-001
1.662366e+003,6.180531e-001
1.666223e+003,6.235614e-001
1.670080e+003,6.038674e-001
1.673937e+003,5.602197e-001
1.677794e+003,5.034721e-001
1.681651e+003,4.527515e-001
1.685508e+003,4.301892e-001
1.689365e+003,4.531893e-001
1.693222e+003,5.271817e-001
1.697079e+003,6.419371e-001
1.700936e+003,7.742984e-001
1.704793e+003,8.917773e-001
1.708650e+003,9.656720e-001
1.712507e+003,9.796649e-001
1.716364e+003,9.349883e-001
1.720221e+003,8.494644e-001
1.724078e+003,7.508542e-001
1.727935e+003,6.671062e-001
1.731792e+003,6.170258e-001
1.735649e+003,6.057578e-001
1.739506e+003,6.235774e-001
1.743363e+003,6.518150e-001
1.747220e+003,6.711784e-001
1.751077e+003,6.696659e-001
1.754934e+003,6.471629e-001
1.758791e+003,6.152260e-001
1.762648e+003,5.925049e-001
1.766505e+003,5.973696e-001
1.770362e+003,6.403477e-001
1.774219e+003,7.193165e-001
1.778076e+003,8.191568e-001
1.781933e+003,9.159266e-001
1.785790e+003,9.841428e-001
1.789647e+003,1.004725e+000
1.793504e+003,9.671100e-001
1.797361e+003,8.803831e-001
1.801218e+003,7.648858e-001
1.805075e+003,6.461988e-001
1.808932e+003,5.469553e-001
1.812789e+003,4.806330e-001
1.816646e+003,4.496009e-001
1.820503e+003,4.478332e-001
1.824360e+003,4.623668e-001
1.828217e+003,4.938364e-001
1.832073e+003,5.395773e-001
1.835931e+003,5.989196e-001
1.839788e+003,6.670040e-001
1.843645e+003,7.292719e-001
1.847501e+003,7.610419e-001
1.851359e+003,7.341987e-001
1.855216e+003,6.055900e-001
1.859073e+003,3.894300e-001
1.862929e+003,1.198908e-001
1.866787e+003,-1.461198e-001
1.870644e+003,-3.487719e-001
1.874500e+003,-4.480640e-001
1.878357e+003,-4.387928e-001
1.882215e+003,-3.504894e-001
1.886072e+003,-2.324092e-001
1.889928e+003,-1.319713e-001
1.893786e+003,-7.369160e-002
1.897643e+003,-5.864624e-002
1.901500e+003,-6.996961e-002
1.905356e+003,-8.515020e-002
1.909214e+003,-8.803979e-002
1.913071e+003,-7.466443e-002
1.916927e+003,-4.857564e-002
1.920784e+003,-2.151316e-002
1.924642e+003,1.263204e-003
1.928499e+003,1.922760e-002
1.932355e+003,3.424190e-002
1.936212e+003,4.628726e-002
1.940070e+003,5.061397e-002
1.943927e+003,3.875904e-002
1.947783e+003,7.535830e-003
1.951640e+003,-4.676362e-002
1.955498e+003,-1.145173e-001
1.959354e+003,-1.762326e-001
1.963211e+003,-2.075455e-001
1.967068e+003,-1.868403e-001
1.970926e+003,-1.023106e-001
1.974782e+003,4.440677e-002
1.978639e+003,2.351915e-001
1.982497e+003,4.513363e-001
1.986354e+003,6.706975e-001
1.990210e+003,8.747907e-001
1.994067e+003,1.051447e+000
1.997925e+003,1.195113e+000
2.001781e+003,1.305749e+000
2.005638e+003,1.387428e+000
2.009495e+003,1.446049e+000
2.013353e+003,1.491974e+000
2.017209e+003,1.534508e+000
2.021066e+003,1.581322e+000
2.024923e+003,1.636200e+000
2.028781e+003,1.697754e+000
2.032637e+003,1.760179e+000
2.036494e+003,1.816281e+000
2.040351e+003,1.861282e+000
2.044208e+003,1.897865e+000
2.048065e+003,1.935500e+000
2.051922e+003,1.988240e+000
2.055779e+003,2.069201e+000
2.059636e+003,2.184567e+000
2.063493e+003,2.329914e+000
2.067350e+003,2.490782e+000
2.071207e+003,2.646942e+000
2.075064e+003,2.781356e+000
2.078921e+003,2.884720e+000
2.082778e+003,2.958899e+000
2.086635e+003,3.015185e+000
2.090492e+003,3.068935e+000
2.094349e+003,3.133140e+000
2.098206e+003,3.213778e+000
2.102063e+003,3.308302e+000
2.105920e+003,3.409581e+000
2.109777e+003,3.509246e+000
2.113634e+003,3.602416e+000
2.117491e+003,3.689908e+000
2.121348e+003,3.777752e+000
2.125205e+003,3.874736e+000
2.129062e+003,3.989432e+000
2.132919e+003,4.127326e+000
2.136776e+003,4.291782e+000
2.140633e+003,4.482269e+000
2.144490e+003,4.695194e+000
2.148347e+003,4.923962e+000
2.152204e+003,5.159041e+000
2.156061e+003,5.388712e+000
2.159918e+003,5.601137e+000
2.163775e+003,5.786942e+000
2.167632e+003,5.944963e+000
2.171489e+003,6.082150e+000
2.175346e+003,6.213731e+000
2.179203e+003,6.359467e+000
2.183060e+003,6.537757e+000
2.186917e+003,6.759756e+000
2.190774e+003,7.025821e+000
2.194631e+003,7.324821e+000
2.198488e+003,7.640575e+000
2.202345e+003,7.955061e+000
2.206202e+003,8.254347e+000
2.210059e+003,8.531175e+000
2.213916e+003,8.784275e+000
2.217773e+003,9.015296e+000
2.221630e+003,9.225365e+000
2.225487e+003,9.412798e+000
2.229344e+003,9.575312e+000
2.233201e+003,9.711735e+000
2.237058e+003,9.826270e+000
2.240915e+003,9.930835e+000
2.244772e+003,1.004450e+001
2.248629e+003,1.018979e+001
2.252486e+003,1.038693e+001
2.256343e+003,1.064810e+001
2.260200e+003,1.097377e+001
2.264057e+003,1.135188e+001
2.267914e+003,1.176033e+001
2.271771e+003,1.217142e+001
2.275628e+003,1.255662e+001
2.279485e+003,1.289010e+001
2.283342e+003,1.315024e+001
2.287199e+003,1.331972e+001
2.291056e+003,1.338325e+001
2.294913e+003,1.332847e+001
2.298770e+003,1.314695e+001
2.302627e+003,1.283772e+001
2.306484e+003,1.241188e+001
2.310341e+003,1.189637e+001
2.314198e+003,1.133441e+001
2.318055e+003,1.078142e+001
2.321912e+003,1.029452e+001
2.325769e+003,9.920944e+000
2.329626e+003,9.686583e+000
2.333483e+003,9.590613e+000
2.337340e+003,9.609198e+000
2.341197e+003,9.708426e+000
2.345054e+003,9.862947e+000
2.348911e+003,1.007566e+001
2.352768e+003,1.038115e+001
2.356625e+003,1.084698e+001
2.360482e+003,1.155357e+001
2.364339e+003,1.256677e+001
2.368196e+003,1.391075e+001
2.372053e+003,1.555107e+001
2.375910e+003,1.739493e+001
2.379767e+003,1.931371e+001
2.383624e+003,2.116051e+001
2.387481e+003,2.281670e+001
2.391338e+003,2.421252e+001
2.395195e+003,2.533597e+001
2.399052e+003,2.622464e+001
2.402909e+003,2.694526e+001
2.406766e+003,2.756973e+001
2.410623e+003,2.815759e+001
2.414480e+003,2.874272e+001
2.418337e+003,2.933987e+001
2.422194e+003,2.995105e+001
2.426051e+003,3.057449e+001
2.429908e+003,3.120991e+001
2.433765e+003,3.185860e+001
2.437622e+003,3.252011e+001
2.441479e+003,3.319016e+001
2.445336e+003,3.385673e+001
2.449193e+003,3.450697e+001
2.453050e+003,3.513125e+001
2.456907e+003,3.572705e+001
2.460764e+003,3.629919e+001
2.464621e+003,3.685578e+001
2.468478e+003,3.740195e+001
2.472335e+003,3.793499e+001
2.476192e+003,3.844147e+001
2.480049e+003,3.890274e+001
2.483906e+003,3.930137e+001
2.487763e+003,3.962859e+001
2.491620e+003,3.988828e+001
2.495477e+003,4.009612e+001
2.499334e+003,4.027401e+001
2.503191e+003,4.044181e+001
2.507048e+003,4.061232e+001
2.510905e+003,4.078689e+001
2.514762e+003,4.095689e+001
2.518619e+003,4.110796e+001
2.522476e+003,4.122517e+001
2.526333e+003,4.129725e+001
2.530190e+003,4.131879e+001
2.534047e+003,4.128915e+001
2.537904e+003,4.121602e+001
2.541761e+003,4.111033e+001
2.545618e+003,4.098608e+001
2.549475e+003,4.085819e+001
2.553332e+003,4.073952e+001
2.557189e+003,4.063721e+001
2.561046e+003,4.054956e+001
2.564903e+003,4.046259e+001
2.568760e+003,4.035824e+001
2.572617e+003,4.021264e+001
2.576474e+003,4.000417e+001
2.580331e+003,3.971855e+001
2.584188e+003,3.935086e+001
2.588045e+003,3.890357e+001
2.591902e+003,3.838156e+001
2.595759e+003,3.778242e+001
2.599616e+003,3.710369e+001
2.603473e+003,3.633155e+001
2.607330e+003,3.544793e+001
2.611187e+003,3.443650e+001
2.615044e+003,3.328856e+001
2.618901e+003,3.200655e+001
2.622758e+003,3.060416e+001
2.626615e+003,2.909721e+001
2.630472e+003,2.751698e+001
2.634329e+003,2.588800e+001
2.638186e+003,2.423125e+001
2.642043e+003,2.256375e+001
2.645900e+003,2.089984e+001
2.649757e+003,1.925301e+001
2.653614e+003,1.763751e+001
2.657471e+003,1.606410e+001
2.661328e+003,1.455613e+001
2.665185e+003,1.313136e+001
2.669042e+003,1.180670e+001
2.672899e+003,1.059646e+001
2.676756e+003,9.510379e+000
2.680613e+003,8.551783e+000
2.684470e+003,7.716322e+000
2.688327e+003,6.992353e+000
2.692184e+003,6.363300e+000
2.696041e+003,5.808924e+000
2.699898e+003,5.310939e+000
2.703755e+003,4.856606e+000
2.707612e+003,4.440378e+000
2.711469e+003,4.062865e+000
2.715326e+003,3.727535e+000
2.719183e+003,3.441541e+000
2.723040e+003,3.197467e+000
2.726897e+003,2.986182e+000
2.730754e+003,2.794249e+000
2.734611e+003,2.608018e+000
2.738468e+003,2.418432e+000
2.742325e+003,2.224611e+000
2.746182e+003,2.034709e+000
2.750039e+003,1.871754e+000
2.753896e+003,1.744393e+000
2.757753e+003,1.664951e+000
2.761610e+003,1.636299e+000
2.765467e+003,1.649540e+000
2.769324e+003,1.685349e+000
2.773181e+003,1.718728e+000
2.777038e+003,1.725864e+000
2.780895e+003,1.701676e+000
2.784752e+003,1.631922e+000
2.788609e+003,1.528616e+000
2.792466e+003,1.415273e+000
2.796323e+003,1.320168e+000
2.800180e+003,1.267992e+000
2.804037e+003,1.272435e+000
2.807894e+003,1.332034e+000
2.811751e+003,1.443336e+000
2.815608e+003,1.566466e+000
2.819465e+003,1.671458e+000
2.823322e+003,1.733737e+000
2.827179e+003,1.740105e+000
2.831036e+003,1.691013e+000
2.834893e+003,1.598857e+000
2.838750e+003,1.483351e+000
2.842607e+003,1.372344e+000
2.846464e+003,1.276356e+000
2.850321e+003,1.206300e+000
2.854178e+003,1.164783e+000
2.858035e+003,1.147229e+000
2.861892e+003,1.144518e+000
2.865749e+003,1.146291e+000
2.869606e+003,1.144181e+000
2.873463e+003,1.136571e+000
2.877320e+003,1.122798e+000
2.881177e+003,1.109901e+000
2.885034e+003,1.108048e+000
2.888891e+003,1.127165e+000
2.892748e+003,1.173240e+000
2.896605e+003,1.245408e+000
2.900462e+003,1.334839e+000
2.904319e+003,1.422927e+000
2.908176e+003,1.494255e+000
2.912033e+003,1.530764e+000
2.915890e+003,1.519367e+000
2.919747e+003,1.455045e+000
2.923604e+003,1.342082e+000
2.927461e+003,1.193259e+000
2.931318e+003,1.027282e+000
2.935175e+003,8.657931e-001
2.939032e+003,7.267238e-001
2.942889e+003,6.229731e-001
2.946746e+003,5.602344e-001
2.950603e+003,5.365052e-001
2.954460e+003,5.434049e-001
2.958317e+003,5.689564e-001
2.962174e+003,6.009976e-001
2.966031e+003,6.270016e-001
2.969888e+003,6.453087e-001
2.973745e+003,6.549560e-001
2.977602e+003,6.568096e-001
2.981459e+003,6.513159e-001
2.985316e+003,6.369273e-001
2.989173e+003,6.100177e-001
2.993030e+003,5.663735e-001
2.996887e+003,5.071983e-001
3.000744e+003,4.344767e-001
3.004601e+003,3.528425e-001
3.008458e+003,2.694976e-001
3.012315e+003,1.922701e-001
3.016172e+003,1.273597e-001
3.020029e+003,7.769205e-002
3.023886e+003,4.253794e-002
3.027743e+003,7.135179e-002
3.031600e+003,1.078234e-001
3.035457e+003,1.484651e-001
3.039314e+003,1.903019e-001
3.043171e+003,2.315549e-001
3.047028e+003,2.717851e-001
3.050885e+003,3.114822e-001
3.054742e+003,3.512548e-001
3.058599e+003,3.902485e-001
3.062456e+003,4.438581e-001
3.066313e+003,5.105066e-001
3.070170e+003,5.858797e-001
3.074027e+003,6.636043e-001
3.077884e+003,7.362888e-001
3.081741e+003,7.966993e-001
3.085598e+003,8.388891e-001
3.089455e+003,8.560270e-001
3.093312e+003,8.508579e-001
3.097169e+003,8.308377e-001
3.101026e+003,8.081020e-001
3.104883e+003,7.973064e-001
3.108740e+003,8.121682e-001
3.112597e+003,8.614077e-001
3.116454e+003,9.453120e-001
3.120311e+003,1.056949e+000
3.124168e+003,1.175866e+000
3.128025e+003,1.279203e+000
3.131882e+003,1.346645e+000
3.135739e+003,1.366577e+000
3.139596e+003,1.339561e+000
3.143453e+003,1.277812e+000
3.147310e+003,1.200872e+000
3.151167e+003,1.129043e+000
3.155024e+003,1.077980e+000
3.158881e+003,1.054565e+000
3.162738e+003,1.056997e+000
3.166594e+003,1.077738e+000
3.170452e+003,1.107606e+000
3.174309e+003,1.139074e+000
3.178166e+003,1.167542e+000
3.182023e+003,1.190618e+000
3.185880e+003,1.206684e+000
3.189737e+003,1.213878e+000
3.193594e+003,1.210496e+000
3.197451e+003,1.196523e+000
3.201308e+003,1.175167e+000
3.205165e+003,1.153091e+000
3.209021e+003,1.138677e+000
3.212879e+003,1.138851e+000
3.216736e+003,1.155838e+000
3.220593e+003,1.185631e+000
3.224449e+003,1.218959e+000
3.228307e+003,1.244530e+000
3.232164e+003,1.253040e+000
3.236021e+003,1.240132e+000
3.239877e+003,1.207017e+000
3.243735e+003,1.158827e+000
3.247592e+003,1.101537e+000
3.251448e+003,1.039811e+000
3.255305e+003,9.764736e-001
3.259163e+003,9.138712e-001
3.263020e+003,8.559603e-001
3.266876e+003,8.094240e-001
3.270734e+003,7.826144e-001
3.274591e+003,7.822883e-001
3.278448e+003,8.098096e-001
3.282304e+003,8.586805e-001
3.286162e+003,9.149050e-001
3.290019e+003,9.606712e-001
3.293875e+003,9.799693e-001
3.297732e+003,9.638084e-001
3.301590e+003,9.128273e-001
3.305447e+003,8.365111e-001
3.309303e+003,7.486608e-001
3.313160e+003,6.628985e-001
3.317018e+003,5.890514e-001
3.320875e+003,5.321531e-001
3.324731e+003,4.938753e-001
3.328588e+003,4.749453e-001
3.332446e+003,4.767339e-001
3.336302e+003,5.006823e-001
3.340159e+003,5.466097e-001
3.344016e+003,6.102031e-001
3.347874e+003,6.821150e-001
3.351730e+003,7.496626e-001
3.355587e+003,8.007663e-001
3.359444e+003,8.284182e-001
3.363302e+003,8.334630e-001
3.367158e+003,8.238271e-001
3.371015e+003,8.116335e-001
3.374873e+003,8.068827e-001
3.378729e+003,8.134758e-001
3.382586e+003,8.278679e-001
3.386443e+003,8.414561e-001
3.390301e+003,8.455212e-001
3.394157e+003,8.362532e-001
3.398014e+003,8.173055e-001
3.401871e+003,7.983756e-001
3.405729e+003,7.899541e-001
3.409585e+003,7.976666e-001
3.413442e+003,8.179631e-001
3.417299e+003,8.376372e-001
3.421156e+003,8.377374e-001
3.425013e+003,8.005126e-001
3.428870e+003,7.220855e-001
3.432727e+003,6.026063e-001
3.436584e+003,4.576589e-001
3.440441e+003,3.114176e-001
3.444298e+003,1.900162e-001
3.448155e+003,1.143543e-001
3.452012e+003,9.459165e-002
3.455869e+003,1.278788e-001
3.459726e+003,2.012094e-001
3.463583e+003,2.895989e-001
3.467440e+003,3.753649e-001
3.471297e+003,4.430460e-001
3.475154e+003,4.822938e-001
3.479011e+003,4.895631e-001
3.482868e+003,4.683750e-001
3.486725e+003,4.281949e-001
3.490582e+003,3.977373e-001
3.494439e+003,3.693113e-001
3.498296e+003,3.514096e-001
3.502153e+003,3.508129e-001
3.506010e+003,3.715525e-001
3.509867e+003,4.143194e-001
3.513724e+003,4.764664e-001
3.517581e+003,5.526097e-001
3.521438e+003,6.367509e-001
3.525295e+003,7.059545e-001
3.529152e+003,7.499333e-001
3.533009e+003,7.640414e-001
3.536866e+003,7.492952e-001
3.540723e+003,7.109650e-001
3.544580e+003,6.564599e-001
3.548437e+003,5.933646e-001
3.552294e+003,4.963429e-001
3.556151e+003,4.050986e-001
3.560008e+003,3.283053e-001
3.563865e+003,2.733244e-001
3.567722e+003,2.458568e-001
3.571579e+003,2.489199e-001
3.575436e+003,2.815967e-001
3.579293e+003,3.383532e-001
3.583150e+003,4.076418e-001
3.587007e+003,4.806596e-001
3.590864e+003,5.456416e-001
3.594721e+003,5.945581e-001
3.598578e+003,6.244450e-001
3.602435e+003,6.367119e-001
3.606292e+003,6.349159e-001
3.610149e+003,6.222104e-001
3.614006e+003,5.984535e-001
3.617863e+003,5.646307e-001
3.621720e+003,5.207110e-001
3.625577e+003,4.691905e-001
3.629434e+003,4.163092e-001
3.633291e+003,3.711619e-001
3.637148e+003,3.428080e-001
3.641005e+003,3.365543e-001
3.644862e+003,3.515476e-001
3.648719e+003,3.795332e-001
3.652576e+003,4.077263e-001
3.656433e+003,4.234115e-001
3.660290e+003,4.186931e-001
3.664147e+003,3.934934e-001
3.668004e+003,3.556240e-001
3.671861e+003,3.179851e-001
3.675718e+003,2.942480e-001
3.679575e+003,2.942196e-001
3.683432e+003,3.212976e-001
3.687289e+003,3.719831e-001
3.691146e+003,4.375487e-001
3.695003e+003,5.068077e-001
3.698860e+003,5.688658e-001
3.702717e+003,6.150873e-001
3.706574e+003,6.400803e-001
3.710431e+003,6.418027e-001
3.714288e+003,6.214797e-001
3.718145e+003,5.831710e-001
3.722002e+003,5.331963e-001
3.725859e+003,4.792287e-001
3.729716e+003,4.289833e-001
3.733573e+003,3.886779e-001
3.737430e+003,3.616887e-001
3.741287e+003,3.477012e-001
3.745144e+003,3.430639e-001
3.749001e+003,3.418456e-001
3.752858e+003,3.375370e-001
3.756715e+003,3.248332e-001
3.760572e+003,3.010423e-001
3.764429e+003,2.667983e-001
3.768286e+003,2.261232e-001
3.772143e+003,1.852491e-001
3.776000e+003,1.516051e-001
3.779857e+003,1.320048e-001
3.783714e+003,1.308481e-001
3.787571e+003,1.486675e-001
3.791428e+003,1.815063e-001
3.795285e+003,2.215277e-001
3.799142e+003,2.589816e-001
3.802999e+003,2.849992e-001
3.806856e+003,2.943726e-001
3.810713e+003,2.873859e-001
3.814570e+003,2.698416e-001
3.818427e+003,2.510949e-001
3.822284e+003,2.407083e-001
3.826141e+003,2.449203e-001
3.829998e+003,2.643848e-001
3.833855e+003,2.935177e-001
3.837712e+003,3.230801e-001
3.841569e+003,3.432662e-001
3.845426e+003,3.471791e-001
3.849283e+003,3.331680e-001
3.853140e+003,3.052776e-001
3.856997e+003,2.718228e-001
3.860854e+003,2.423340e-001
3.864711e+003,2.256891e-001
3.868568e+003,2.275135e-001
3.872425e+003,2.493961e-001
3.876282e+003,2.890267e-001
3.880139e+003,3.410639e-001
3.883996e+003,3.983881e-001
3.887853e+003,4.534590e-001
3.891710e+003,4.963270e-001
3.895567e+003,5.266737e-001
3.899424e+003,5.431240e-001
3.903281e+003,5.471885e-001
3.907138e+003,5.426084e-001
3.910995e+003,5.338662e-001
3.914852e+003,5.242803e-001
3.918709e+003,5.143735e-001
3.922566e+003,4.979672e-001
3.926423e+003,4.765337e-001
3.930280e+003,4.452537e-001
3.934137e+003,4.004974e-001
3.937994e+003,3.413963e-001
3.941851e+003,2.706146e-001
3.945708e+003,1.939970e-001
3.949565e+003,1.191149e-001
3.953422e+003,4.520964e-002
3.957279e+003,-2.429188e-002
3.961136e+003,-8.481386e-002
3.964993e+003,-1.329106e-001
3.968850e+003,-1.664372e-001
3.972707e+003,-1.845556e-001
3.976564e+003,-1.876122e-001
3.980421e+003,-1.769629e-001
3.984278e+003,-1.492615e-001
3.988135e+003,-1.071511e-001
3.991992e+003,-4.579242e-002
3.995849e+003,3.824148e-002
3.999706e+003,1.440433e-001
4.003563e+003,2.647169e-001
4.007420e+003,3.878678e-001
4.011277e+003,4.982807e-001
4.015134e+003,5.816616e-001
4.018991e+003,6.244791e-001
4.022848e+003,6.251642e-001
4.026705e+003,5.903837e-001
4.030562e+003,5.319590e-001
4.034419e+003,4.626003e-001
4.038276e+003,3.923237e-001
4.042133e+003,3.270310e-001
4.045990e+003,2.689954e-001
4.049847e+003,2.222697e-001
4.053704e+003,1.915480e-001
4.057561e+003,1.842699e-001
4.061418e+003,2.087584e-001
4.065275e+003,2.703626e-001
4.069132e+003,3.672709e-001
4.072989e+003,4.881239e-001
4.076846e+003,6.139895e-001
4.080703e+003,7.192094e-001
4.084560e+003,7.816499e-001
4.088417e+003,7.884026e-001
4.092274e+003,7.400823e-001
4.096131e+003,6.511016e-001
4.099988e+003,5.457672e-001
4.103845e+003,4.515586e-001
4.107702e+003,3.918666e-001
4.111559e+003,3.804908e-001
4.115416e+003,4.193403e-001
4.119273e+003,4.997939e-001
4.123130e+003,6.066121e-001
4.126987e+003,7.227159e-001
4.130844e+003,8.330756e-001
4.134701e+003,9.266643e-001
4.138558e+003,9.963638e-001
4.142415e+003,1.037642e+000
4.146271e+003,1.046985e+000
4.150129e+003,1.021395e+000
4.153986e+003,9.591172e-001
4.157843e+003,8.612709e-001
4.161700e+003,7.334334e-001
4.165557e+003,5.861866e-001
4.169414e+003,4.344820e-001
4.173271e+003,2.935362e-001
4.177128e+003,1.770434e-001
4.180985e+003,9.388351e-002
4.184842e+003,4.676202e-002
4.188699e+003,3.277493e-002
4.192556e+003,4.553802e-002
4.196413e+003,7.798763e-002
4.200270e+003,1.244732e-001
4.204126e+003,1.822732e-001
4.207984e+003,2.506424e-001
4.211841e+003,3.291970e-001
4.215698e+003,4.160519e-001
4.219555e+003,5.066891e-001
4.223412e+003,5.940742e-001
4.227269e+003,6.699951e-001
4.231125e+003,7.269670e-001
4.234982e+003,7.605847e-001
4.238840e+003,7.698666e-001
4.242697e+003,7.575782e-001
4.246554e+003,7.293549e-001
4.250411e+003,6.923586e-001
4.254268e+003,6.539041e-001
4.258125e+003,6.203905e-001
4.261981e+003,5.964355e-001
4.265839e+003,5.845150e-001
4.269696e+003,5.849023e-001
4.273553e+003,5.954466e-001
4.277410e+003,6.117841e-001
4.281267e+003,6.280382e-001
4.285124e+003,6.380090e-001
4.288980e+003,6.366524e-001
4.292837e+003,6.206473e-001
4.296695e+003,5.916919e-001
4.300552e+003,5.535718e-001
4.304409e+003,5.120232e-001
4.308266e+003,4.730955e-001
4.312123e+003,4.414634e-001
4.315979e+003,4.192004e-001
4.319836e+003,4.053676e-001
4.323693e+003,3.963138e-001
4.327551e+003,3.875817e-001
4.331408e+003,3.743550e-001
4.335265e+003,3.533002e-001
4.339122e+003,3.236991e-001
4.342979e+003,2.880284e-001
4.346835e+003,2.517836e-001
4.350692e+003,2.224390e-001
4.354550e+003,2.089138e-001
4.358407e+003,2.149586e-001
4.362264e+003,2.415963e-001
4.366121e+003,2.843387e-001
4.369978e+003,3.333077e-001
4.373834e+003,3.751016e-001
4.377691e+003,3.961481e-001
4.381548e+003,3.866370e-001
4.385406e+003,3.565039e-001
4.389263e+003,2.995691e-001
4.393120e+003,2.249086e-001
4.396977e+003,1.454225e-001
4.400833e+003,7.479617e-002
4.404690e+003,2.443292e-002
4.408547e+003,1.293957e-003
4.412404e+003,7.168293e-003
4.416262e+003,-1.648992e-003
4.420119e+003,-1.042479e-002
4.423976e+003,-1.476631e-002
4.427833e+003,-9.995192e-003
4.431689e+003,7.765636e-003
4.435546e+003,4.046725e-002
4.439403e+003,8.726955e-002
4.443260e+003,1.441882e-001
4.447118e+003,2.503035e-001
4.450975e+003,3.447946e-001
4.454832e+003,4.190166e-001
4.458688e+003,4.679305e-001
4.462545e+003,4.916942e-001
4.466402e+003,4.959613e-001
4.470259e+003,4.905437e-001
4.474117e+003,4.866350e-001
4.477974e+003,5.082188e-001
4.481831e+003,5.457428e-001
4.485688e+003,5.938609e-001
4.489544e+003,6.394366e-001
4.493401e+003,6.663703e-001
4.497258e+003,6.617692e-001
4.501115e+003,6.211023e-001
4.504973e+003,5.503486e-001
4.508830e+003,4.622064e-001
4.512687e+003,3.782074e-001
4.516543e+003,3.167166e-001
4.520400e+003,2.885400e-001
4.524257e+003,2.946372e-001
4.528114e+003,3.275364e-001
4.531971e+003,3.754485e-001
4.535829e+003,4.271047e-001
4.539686e+003,4.760853e-001
4.543542e+003,5.192005e-001
4.547399e+003,5.573475e-001
4.551256e+003,5.917273e-001
4.555113e+003,6.211015e-001
4.558970e+003,6.408394e-001
4.562828e+003,6.442808e-001
4.566685e+003,6.258013e-001
4.570542e+003,5.838395e-001
4.574398e+003,5.238107e-001
4.578255e+003,4.573667e-001
4.582112e+003,3.996273e-001
4.585969e+003,3.647187e-001
4.589826e+003,3.612241e-001
4.593684e+003,3.891596e-001
4.597541e+003,4.396340e-001
4.601397e+003,4.974597e-001
4.605254e+003,5.456595e-001
4.609111e+003,5.711301e-001
4.612968e+003,5.688984e-001
4.616826e+003,5.437091e-001
4.620683e+003,5.082467e-001
4.624540e+003,4.784799e-001
4.628396e+003,4.676985e-001
4.632253e+003,4.812229e-001
4.636110e+003,5.144775e-001
4.639967e+003,5.539937e-001
4.643824e+003,5.825115e-001
4.647682e+003,5.856366e-001
4.651539e+003,5.576979e-001
4.655396e+003,5.044683e-001
4.659252e+003,4.415913e-001
4.663109e+003,3.891954e-001
4.666966e+003,3.646253e-001
4.670823e+003,3.761863e-001
4.674681e+003,4.200986e-001
4.678538e+003,4.818001e-001
4.682395e+003,5.409372e-001
4.686251e+003,5.780259e-001
4.690108e+003,5.802842e-001
4.693965e+003,5.448032e-001
4.697822e+003,4.777857e-001
4.701679e+003,3.915929e-001
4.705537e+003,3.004591e-001
4.709394e+003,2.169286e-001
4.713250e+003,1.500681e-001
4.717107e+003,1.055561e-001
4.720964e+003,8.690064e-002
4.724821e+003,9.620044e-002
4.728678e+003,1.354648e-001
4.732535e+003,2.052679e-001
4.736393e+003,3.032913e-001
4.740250e+003,4.228550e-001
4.744106e+003,5.523178e-001
4.747963e+003,6.758447e-001
4.751820e+003,7.756172e-001
4.755677e+003,8.340777e-001
4.759534e+003,8.416951e-001
4.763392e+003,7.949455e-001
4.767249e+003,6.999503e-001
4.771105e+003,5.722619e-001
4.774962e+003,4.342465e-001
4.778819e+003,3.102455e-001
4.782676e+003,2.205079e-001
4.786533e+003,1.758129e-001
4.790390e+003,1.722620e-001
4.794248e+003,1.952949e-001
4.798104e+003,2.224910e-001
4.801961e+003,2.305619e-001
4.805818e+003,2.029458e-001
4.809675e+003,1.353483e-001
4.813532e+003,3.714695e-002
4.817389e+003,-6.914333e-002
4.821246e+003,-1.646362e-001
4.825104e+003,-2.320485e-001
4.828960e+003,-2.628750e-001
4.832817e+003,-2.589093e-001
4.836674e+003,-2.299260e-001
4.840531e+003,-1.887421e-001
4.844388e+003,-1.458631e-001
4.848245e+003,-1.123846e-001
4.852103e+003,-8.063118e-002
4.855959e+003,-4.666534e-002
4.859816e+003,-7.019028e-003
4.863673e+003,3.855817e-002
4.867530e+003,8.591270e-002
4.871387e+003,1.274165e-001
4.875244e+003,1.547080e-001
4.879101e+003,1.604208e-001
4.882958e+003,1.464948e-001
4.886815e+003,1.182782e-001
4.890672e+003,8.566968e-002
4.894529e+003,6.029827e-002
4.898386e+003,5.208028e-002
4.902243e+003,6.631915e-002
4.906100e+003,1.023509e-001
4.909957e+003,1.720319e-001
4.913814e+003,2.500246e-001
4.917671e+003,3.239966e-001
4.921528e+003,3.850499e-001
4.925385e+003,4.296661e-001
4.929242e+003,4.593796e-001
4.933099e+003,4.787287e-001
4.936956e+003,4.927282e-001
4.940813e+003,5.100610e-001
4.944670e+003,5.261501e-001
4.948527e+003,5.418294e-001
4.952384e+003,5.580176e-001
4.956241e+003,5.761654e-001
4.960098e+003,5.973089e-001
4.963955e+003,6.200759e-001
4.967812e+003,6.388782e-001
4.971669e+003,6.409975e-001
4.975526e+003,6.147152e-001
4.979383e+003,5.499082e-001
4.983240e+003,4.441036e-001
4.987097e+003,3.059029e-001
4.990954e+003,1.548826e-001
4.994811e+003,1.745407e-002
4.998668e+003,-8.016092e-002
5.002525e+003,-1.199591e-001
5.006382e+003,-9.435383e-002
5.010239e+003,-1.320063e-002
5.014096e+003,1.014750e-001
5.017953e+003,2.219364e-001
5.021810e+003,3.222688e-001
5.025667e+003,3.845446e-001
5.029524e+003,4.019913e-001
5.033381e+003,3.787931e-001
5.037238e+003,3.264517e-001
5.041095e+003,2.610577e-001
5.044952e+003,1.985364e-001
5.048809e+003,1.517518e-001
5.052666e+003,1.291266e-001
5.056523e+003,1.344757e-001
5.060380e+003,1.675190e-001
5.064237e+003,2.243046e-001
5.068094e+003,2.985509e-001
5.071951e+003,3.813155e-001
5.075808e+003,4.619748e-001
5.079665e+003,5.292314e-001
5.083522e+003,5.725490e-001
5.087379e+003,5.838833e-001
5.091236e+003,5.594013e-001
5.095093e+003,5.001050e-001
5.098950e+003,4.141139e-001
5.102807e+003,3.141305e-001
5.106664e+003,2.159450e-001
5.110521e+003,1.355530e-001
5.114378e+003,8.604045e-002
5.118235e+003,7.494567e-002
5.122092e+003,1.027642e-001
5.125949e+003,1.632694e-001
5.129806e+003,2.440353e-001
5.133663e+003,3.295166e-001
5.137520e+003,4.039480e-001
5.141377e+003,4.541883e-001
5.145234e+003,4.719882e-001
5.149091e+003,4.553884e-001
5.152948e+003,4.091329e-001
5.156805e+003,3.440161e-001
5.160662e+003,2.752036e-001
5.164519e+003,2.196615e-001
5.168376e+003,1.928240e-001
5.172233e+003,2.053471e-001
5.176090e+003,2.606320e-001
5.179947e+003,3.537562e-001
5.183804e+003,4.721577e-001
5.187661e+003,5.982156e-001
5.191518e+003,7.113155e-001
5.195375e+003,7.923732e-001
5.199232e+003,8.263535e-001
5.203089e+003,8.042357e-001
5.206946e+003,7.241330e-001
5.210803e+003,5.917204e-001
5.214660e+003,4.200660e-001
5.218517e+003,2.283767e-001
5.222374e+003,4.051542e-002
5.226231e+003,-1.193166e-001
5.230088e+003,-2.310782e-001
5.233945e+003,-2.835509e-001
5.237802e+003,-2.773935e-001
5.241659e+003,-2.252240e-001
5.245516e+003,-1.481864e-001
5.249373e+003,-6.986805e-002
5.253230e+003,-9.273008e-003
5.257087e+003,2.416627e-002
5.260944e+003,3.218384e-002
5.264801e+003,2.522247e-002
5.268658e+003,1.715086e-002
5.272515e+003,1.940831e-002
5.276372e+003,3.701129e-002
5.280229e+003,6.760357e-002
5.284086e+003,1.041677e-001
5.287943e+003,1.386061e-001
5.291800e+003,1.649982e-001
5.295657e+003,1.808223e-001
5.299514e+003,1.859731e-001
5.303371e+003,1.805762e-001
5.307228e+003,1.633088e-001
5.311085e+003,1.311018e-001
5.314942e+003,8.232647e-002
5.318799e+003,1.794897e-002
5.322656e+003,-5.614863e-002
5.326513e+003,-1.295993e-001
5.330370e+003,-1.904156e-001
5.334227e+003,-2.292000e-001
5.338084e+003,-2.427225e-001
5.341941e+003,-2.367031e-001
5.345798e+003,-2.191269e-001
5.349655e+003,-1.997795e-001
5.353512e+003,-1.846504e-001
5.357369e+003,-1.730513e-001
5.361226e+003,-1.578835e-001
5.365083e+003,-1.291239e-001
5.368940e+003,-7.909752e-002
5.372797e+003,-1.290181e-002
5.376654e+003,6.587942e-002
5.380511e+003,1.423284e-001
5.384368e+003,1.988248e-001
5.388225e+003,2.208281e-001
5.392082e+003,2.020718e-001
5.395939e+003,1.473012e-001
5.399796e+003,7.160213e-002
5.403653e+003,-4.703773e-003
5.407510e+003,-5.926672e-002
5.411367e+003,-7.635053e-002
5.415224e+003,-4.853354e-002
5.419081e+003,2.177865e-002
5.422938e+003,1.233692e-001
5.426795e+003,2.392694e-001
5.430652e+003,3.509433e-001
5.434509e+003,4.428481e-001
5.438366e+003,5.083274e-001
5.442223e+003,5.435523e-001
5.446080e+003,5.500419e-001
5.449937e+003,5.330502e-001
5.453794e+003,4.993365e-001
5.457651e+003,4.550339e-001
5.461508e+003,4.042537e-001
5.465365e+003,3.507639e-001
5.469222e+003,2.921437e-001
5.473079e+003,2.280447e-001
5.476936e+003,1.591282e-001
5.480793e+003,8.779002e-002
5.484650e+003,1.803669e-002
5.488507e+003,-4.547841e-002
5.492364e+003,-9.884590e-002
5.496221e+003,-1.384148e-001
5.500078e+003,-1.651410e-001
5.503935e+003,-1.824005e-001
5.507792e+003,-1.945152e-001
5.511649e+003,-2.049105e-001
5.515506e+003,-2.146596e-001
5.519363e+003,-2.220114e-001
5.523220e+003,-2.231257e-001
5.527077e+003,-2.070572e-001
5.530934e+003,-1.764494e-001
5.534791e+003,-1.313326e-001
5.538648e+003,-7.488617e-002
5.542505e+003,-1.220519e-002
5.546362e+003,5.169745e-002
5.550219e+003,1.137115e-001
5.554076e+003,1.734089e-001
5.557933e+003,2.368271e-001
5.561790e+003,3.003847e-001
5.565647e+003,3.637845e-001
5.569504e+003,4.233505e-001
5.573361e+003,4.721527e-001
5.577218e+003,5.017493e-001
5.581075e+003,5.049079e-001
5.584932e+003,4.782063e-001
5.588789e+003,4.204513e-001
5.592646e+003,3.405281e-001
5.596503e+003,2.496784e-001
5.600360e+003,1.599837e-001
5.604217e+003,8.164940e-002
5.608074e+003,2.120580e-002
5.611931e+003,-1.895141e-002
5.615788e+003,-3.980484e-002
5.619645e+003,-4.514451e-002
5.623501e+003,-3.630251e-002
5.627359e+003,-1.527811e-002
5.631216e+003,1.757967e-002
5.635073e+003,6.328051e-002
5.638930e+003,1.230707e-001
5.642787e+003,1.968040e-001
5.646644e+003,2.812649e-001
5.650500e+003,3.696435e-001
5.654358e+003,4.496389e-001
5.658215e+003,5.071723e-001
5.662072e+003,5.289350e-001
5.665929e+003,5.061619e-001
5.669786e+003,4.378357e-001
5.673643e+003,3.321531e-001
5.677500e+003,2.055463e-001
5.681356e+003,7.863806e-002
5.685214e+003,-2.562029e-002
5.689071e+003,-8.972507e-002
5.692928e+003,-1.041303e-001
5.696785e+003,-6.852809e-002
5.700642e+003,8.907706e-003
5.704499e+003,1.136536e-001
5.708355e+003,2.274795e-001
5.712212e+003,3.317711e-001
5.716070e+003,4.074675e-001
5.719927e+003,4.405979e-001
5.723784e+003,4.242161e-001
5.727641e+003,3.608373e-001
5.731498e+003,2.634813e-001
5.735354e+003,1.542594e-001
5.739211e+003,6.000774e-002
5.743069e+003,5.162813e-003
5.746926e+003,6.561261e-003
5.750783e+003,6.589124e-002
5.754640e+003,1.693205e-001
5.758497e+003,2.912065e-001
5.762354e+003,4.014979e-001
5.766210e+003,4.743202e-001
5.770067e+003,4.947844e-001
5.773925e+003,4.614092e-001
5.777782e+003,3.859364e-001
5.781639e+003,2.879913e-001
5.785496e+003,1.892923e-001
5.789353e+003,1.087788e-001
5.793209e+003,5.983689e-002
5.797066e+003,4.953135e-002
5.800923e+003,7.890842e-002
5.804781e+003,1.440905e-001
5.808638e+003,2.350320e-001
5.812495e+003,3.369215e-001
5.816352e+003,4.319871e-001
5.820208e+003,5.028190e-001
5.824065e+003,5.366117e-001
5.827922e+003,5.289117e-001
5.831779e+003,4.851830e-001
5.835637e+003,4.186475e-001
5.839494e+003,3.478189e-001
5.843351e+003,2.895164e-001
5.847208e+003,2.538681e-001
5.851064e+003,2.422088e-001
5.854921e+003,2.482245e-001
5.858778e+003,2.613132e-001
5.862636e+003,2.703251e-001
5.866493e+003,2.671244e-001
5.870350e+003,2.408756e-001
5.874207e+003,1.877584e-001
5.878063e+003,1.079432e-001
5.881920e+003,6.450816e-003
5.885777e+003,-1.057148e-001
5.889634e+003,-2.116527e-001
5.893492e+003,-2.913139e-001
5.897349e+003,-3.091334e-001
5.901206e+003,-2.358876e-001
5.905063e+003,-9.147851e-002
5.908919e+003,7.764500e-002
5.912776e+003,2.183648e-001
5.916633e+003,2.936184e-001
5.920490e+003,2.955684e-001
5.924348e+003,2.429497e-001
5.928205e+003,1.737534e-001
5.932062e+003,1.081836e-001
5.935918e+003,5.283224e-002
5.939775e+003,8.148009e-003
5.943632e+003,-2.690474e-002
5.947489e+003,-5.111764e-002
5.951347e+003,-6.063380e-002
5.955204e+003,-5.162285e-002
5.959061e+003,-3.400643e-002
5.962917e+003,-4.190989e-003
5.966774e+003,3.366266e-002
5.970631e+003,7.568103e-002
5.974488e+003,1.201473e-001
5.978345e+003,1.675157e-001
5.982203e+003,2.183897e-001
5.986060e+003,2.706875e-001
5.989917e+003,3.178857e-001
5.993773e+003,3.518037e-001
5.997630e+003,3.623108e-001
6.001487e+003,3.427728e-001
6.005344e+003,2.931068e-001
6.009201e+003,2.202430e-001
6.013059e+003,1.357418e-001
6.016916e+003,5.179235e-002
6.020772e+003,-2.102144e-002
6.024629e+003,-7.976968e-002
6.028486e+003,-1.228033e-001
6.032343e+003,-1.486058e-001
6.036200e+003,-1.533217e-001
6.040058e+003,-1.303911e-001
6.043915e+003,-7.288308e-002
6.047771e+003,2.238218e-002
6.051628e+003,1.498287e-001
6.055485e+003,2.967263e-001
6.059342e+003,4.421574e-001
6.063199e+003,5.623600e-001
6.067056e+003,6.366682e-001
6.070914e+003,6.526705e-001
6.074771e+003,6.089720e-001
6.078627e+003,5.149820e-001
6.082484e+003,3.888257e-001
6.086341e+003,2.517290e-001
6.090198e+003,1.252914e-001
6.094055e+003,2.784944e-002
6.097912e+003,-2.804964e-002
6.101770e+003,-3.728529e-002
6.105626e+003,-2.768621e-003
6.109483e+003,6.526152e-002
6.113340e+003,1.509766e-001
6.117197e+003,2.381315e-001
6.121054e+003,3.130273e-001
6.124911e+003,3.683076e-001
6.128768e+003,4.045190e-001
6.132625e+003,4.290245e-001
6.136482e+003,4.526265e-001
6.140339e+003,4.851849e-001
6.144196e+003,5.315429e-001
6.148053e+003,5.912104e-001
6.151910e+003,6.579523e-001
6.155767e+003,7.227836e-001
6.159625e+003,7.769111e-001
6.163481e+003,8.137592e-001
6.167338e+003,8.295062e-001
6.171195e+003,8.224266e-001
6.175052e+003,7.924836e-001
6.178909e+003,7.396995e-001
6.182766e+003,6.656166e-001
6.186623e+003,5.740879e-001
6.190480e+003,4.717841e-001
6.194337e+003,3.674718e-001
6.198194e+003,2.700084e-001
6.202051e+003,1.858017e-001
6.205908e+003,1.178393e-001
6.209765e+003,6.267287e-002
6.213622e+003,1.537519e-002
6.217479e+003,-2.871201e-002
6.221336e+003,-7.131656e-002
6.225193e+003,-1.100998e-001
6.229050e+003,-1.395685e-001
6.232907e+003,-1.535812e-001
6.236764e+003,-1.487126e-001
6.240621e+003,-1.250677e-001
6.244478e+003,-8.641292e-002
6.248335e+003,-3.869623e-002
6.252192e+003,1.213554e-002
6.256049e+003,6.167765e-002
6.259906e+003,1.072796e-001
6.263763e+003,1.470484e-001
6.267620e+003,1.761616e-001
6.271477e+003,1.940447e-001
6.275334e+003,1.975501e-001
6.279191e+003,1.855957e-001
6.283048e+003,1.613397e-001
6.286905e+003,1.330375e-001
6.290762e+003,1.126974e-001
6.294619e+003,1.125888e-001
6.298476e+003,1.387757e-001
6.302333e+003,1.936648e-001
6.306190e+003,2.695987e-001
6.310047e+003,3.525870e-001
6.313904e+003,4.265547e-001
6.317761e+003,4.783441e-001
6.321618e+003,5.015873e-001
6.325475e+003,4.980022e-001
6.329332e+003,4.776660e-001
6.333189e+003,4.498658e-001
6.337046e+003,4.231782e-001
6.340903e+003,4.019460e-001
6.344760e+003,3.855456e-001
6.348617e+003,3.697592e-001
6.352474e+003,3.494811e-001
6.356331e+003,3.214519e-001
6.360188e+003,2.865219e-001
6.364045e+003,2.473073e-001
6.367902e+003,2.087727e-001
6.371759e+003,1.751000e-001
6.375616e+003,1.477361e-001
6.379473e+003,1.246666e-001
6.383330e+003,1.012459e-001
6.387187e+003,7.227829e-002
6.391044e+003,3.451073e-002
6.394901e+003,-1.128352e-002
6.398758e+003,-5.972899e-002
6.402615e+003,-1.019081e-001
6.406472e+003,-1.278103e-001
6.410329e+003,-1.293440e-001
6.414186e+003,-1.028587e-001
6.418043e+003,-5.035412e-002
6.421900e+003,2.460910e-002
6.425757e+003,1.084844e-001
6.429614e+003,1.902229e-001
6.433471e+003,2.615670e-001
6.437328e+003,3.188238e-001
6.441185e+003,3.629372e-001
6.445042e+003,3.980249e-001
6.448899e+003,4.290769e-001
6.452756e+003,4.604661e-001
6.456613e+003,4.920806e-001
6.460470e+003,5.228039e-001
6.464327e+003,5.502292e-001
6.468184e+003,5.721129e-001
6.472041e+003,5.872517e-001
6.475898e+003,5.952871e-001
6.479755e+003,5.956200e-001
6.483612e+003,5.848281e-001
6.487469e+003,5.599300e-001
6.491326e+003,5.162942e-001
6.495183e+003,4.511677e-001
6.499040e+003,3.667081e-001
6.502897e+003,2.719301e-001
6.506754e+003,1.822852e-001
6.510611e+003,1.164034e-001
6.514468e+003,9.092720e-002
6.518325e+003,1.155948e-001
6.522182e+003,1.875038e-001
6.526039e+003,2.916712e-001
6.529896e+003,4.046364e-001
6.533753e+003,5.007977e-001
6.537610e+003,5.592875e-001
6.541467e+003,5.691035e-001
6.545324e+003,5.304074e-001
6.549181e+003,4.539039e-001
6.553038e+003,3.565755e-001
6.556895e+003,2.564962e-001
6.560752e+003,1.688119e-001
6.564609e+003,1.036516e-001
6.568466e+003,6.597148e-002
6.572323e+003,5.663635e-002
6.576180e+003,7.364127e-002
6.580037e+003,1.138986e-001
6.583894e+003,1.726271e-001
6.587751e+003,2.440061e-001
6.591608e+003,3.213420e-001
6.595465e+003,3.973997e-001
6.599322e+003,4.648209e-001
6.603179e+003,5.165232e-001
6.607036e+003,5.461318e-001
6.610893e+003,5.482367e-001
6.614750e+003,5.197971e-001
6.618607e+003,4.614147e-001
6.622464e+003,3.787543e-001
6.626321e+003,2.831362e-001
6.630178e+003,1.904340e-001
6.634035e+003,1.179581e-001
6.637892e+003,7.993711e-002
6.641749e+003,8.305963e-002
6.645606e+003,1.237284e-001
6.649463e+003,1.887967e-001
6.653320e+003,2.595813e-001
6.657177e+003,3.178636e-001
6.661034e+003,3.515255e-001
6.664891e+003,3.575598e-001
6.668748e+003,3.413574e-001
6.672605e+003,3.127280e-001
6.676462e+003,2.808931e-001
6.680319e+003,2.508147e-001
6.684176e+003,2.225739e-001
6.688033e+003,1.938375e-001
6.691890e+003,1.637833e-001
6.695747e+003,1.360467e-001
6.699604e+003,1.189568e-001
6.703461e+003,1.214499e-001
6.707318e+003,1.490800e-001
6.711175e+003,1.994386e-001
6.715032e+003,2.610677e-001
6.718889e+003,3.164356e-001
6.722746e+003,3.479119e-001
6.726603e+003,3.441450e-001
6.730460e+003,3.046938e-001
6.734317e+003,2.382445e-001
6.738174e+003,1.592318e-001
6.742031e+003,8.200926e-002
6.745888e+003,1.595579e-002
6.749745e+003,-3.644512e-002
6.753602e+003,-7.804674e-002
6.757459e+003,-1.132461e-001
6.761316e+003,-1.429069e-001
6.765173e+003,-1.676712e-001
6.769030e+003,-1.832317e-001
6.772887e+003,-1.853403e-001
6.776744e+003,-1.728327e-001
6.780601e+003,-1.490906e-001
6.784458e+003,-1.210815e-001
6.788315e+003,-9.639679e-002
6.792172e+003,-9.024300e-002
6.796029e+003,-9.278862e-002
6.799886e+003,-9.985372e-002
6.803743e+003,-1.051432e-001
6.807600e+003,-1.026791e-001
6.811457e+003,-8.906586e-002
6.815314e+003,-6.467050e-002
6.819171e+003,-3.327777e-002
6.823028e+003,-1.739629e-002
6.826885e+003,-3.700220e-003
6.830742e+003,5.752951e-003
6.834599e+003,1.106068e-002
6.838456e+003,1.429050e-002
6.842313e+003,1.863812e-002
6.846170e+003,2.725196e-002
6.850027e+003,4.217294e-002
6.853884e+003,8.540986e-002
6.857741e+003,1.341845e-001
6.861598e+003,1.850596e-001
6.865455e+003,2.342787e-001
6.869312e+003,2.787204e-001
6.873169e+003,3.160920e-001
6.877026e+003,3.444410e-001
6.880883e+003,3.615347e-001
6.884740e+003,3.673258e-001
6.888597e+003,3.551697e-001
6.892454e+003,3.251484e-001
6.896311e+003,2.809540e-001
6.900167e+003,2.302231e-001
6.904025e+003,1.831804e-001
6.907882e+003,1.498486e-001
6.911739e+003,1.368877e-001
6.915596e+003,1.471334e-001
6.919453e+003,1.744096e-001
6.923310e+003,2.092491e-001
6.927167e+003,2.411408e-001
6.931024e+003,2.615730e-001
6.934881e+003,2.656398e-001
6.938738e+003,2.518047e-001
6.942595e+003,2.204582e-001
6.946452e+003,1.716335e-001
6.950309e+003,1.068134e-001
6.954166e+003,2.851959e-002
6.958022e+003,-5.765923e-002
6.961880e+003,-1.419975e-001
6.965737e+003,-2.114093e-001
6.969594e+003,-2.523252e-001
6.973451e+003,-2.547306e-001
6.977308e+003,-2.153199e-001
6.981165e+003,-1.392696e-001
6.985021e+003,-3.866640e-002
6.988878e+003,7.175324e-002
6.992736e+003,1.792278e-001
6.996593e+003,2.761523e-001
7.000450e+003,3.605540e-001
7.004307e+003,4.339711e-001
7.008164e+003,4.984802e-001
7.012021e+003,5.526966e-001
7.015877e+003,5.926524e-001
7.019735e+003,6.130328e-001
7.023592e+003,6.102382e-001
7.027449e+003,5.850176e-001
7.031306e+003,5.432100e-001
7.035163e+003,4.941635e-001
7.039020e+003,4.474643e-001
7.042876e+003,4.104883e-001
7.046733e+003,3.862004e-001
7.050591e+003,3.738802e-001
7.054448e+003,3.711853e-001
7.058305e+003,3.763508e-001
7.062162e+003,3.891380e-001
7.066019e+003,4.099581e-001
7.069875e+003,4.378940e-001
7.073732e+003,4.682024e-001
7.077589e+003,4.924889e-001
7.081447e+003,5.006567e-001
7.085304e+003,4.848242e-001
7.089161e+003,4.434391e-001
7.093018e+003,3.836212e-001
7.096875e+003,3.203681e-001
7.100731e+003,2.722774e-001
7.104588e+003,2.566348e-001
7.108445e+003,2.825824e-001
7.112303e+003,3.480435e-001
7.116160e+003,4.398804e-001
7.120017e+003,5.374602e-001
7.123874e+003,6.182677e-001
7.127730e+003,6.636528e-001
7.131587e+003,6.624177e-001
7.135444e+003,6.136749e-001
7.139302e+003,5.253202e-001
7.143159e+003,4.114601e-001
7.147016e+003,2.890488e-001
7.150873e+003,1.747785e-001
7.154729e+003,8.273917e-002
7.158586e+003,2.290344e-002
7.162443e+003,-3.078990e-004
7.166300e+003,1.389721e-002
7.170158e+003,5.934483e-002
7.174015e+003,1.247839e-001
7.177872e+003,1.952820e-001
7.181729e+003,2.544924e-001
7.185585e+003,2.875477e-001
7.189442e+003,2.840251e-001
7.193299e+003,2.380030e-001
7.197156e+003,1.545603e-001
7.201014e+003,4.546165e-002
7.204871e+003,-7.285964e-002
7.208728e+003,-1.829423e-001
7.212584e+003,-2.697819e-001
7.216441e+003,-3.231665e-001
7.220298e+003,-3.383609e-001
7.224155e+003,-3.006255e-001
7.228013e+003,-2.167255e-001
7.231870e+003,-9.659681e-002
7.235727e+003,4.643235e-002
7.239583e+003,1.960036e-001
7.243440e+003,3.333898e-001
7.247297e+003,4.395122e-001
7.251154e+003,4.985847e-001
7.255011e+003,5.002943e-001
7.258869e+003,4.034860e-001
7.262726e+003,2.416903e-001
7.266583e+003,6.226310e-002
7.270439e+003,-9.114046e-002
7.274296e+003,-1.913882e-001
7.278153e+003,-2.304936e-001
7.282010e+003,-2.136300e-001
7.285867e+003,-1.629232e-001
7.289725e+003,-9.588309e-002
7.293582e+003,-1.660146e-002
7.297438e+003,6.642042e-002
7.301295e+003,1.388793e-001
7.305152e+003,1.834610e-001
7.309009e+003,1.863592e-001
7.312866e+003,1.445801e-001
7.316724e+003,7.144319e-002
7.320581e+003,-1.245261e-002
7.324438e+003,-8.218575e-002
7.328294e+003,-1.160517e-001
7.332151e+003,-1.026579e-001
7.336008e+003,-4.413532e-002
7.339865e+003,4.572216e-002
7.343722e+003,1.473026e-001
7.347580e+003,2.389577e-001
7.351437e+003,3.130317e-001
7.355293e+003,3.657601e-001
7.359150e+003,3.986548e-001
7.363007e+003,4.147537e-001
7.366864e+003,4.155683e-001
7.370721e+003,4.003823e-001
7.374578e+003,3.680527e-001
7.378436e+003,3.209101e-001
7.382292e+003,2.645400e-001
7.386149e+003,2.096650e-001
7.390006e+003,1.692286e-001
7.393863e+003,1.544910e-001
7.397720e+003,1.714271e-001
7.401577e+003,2.189849e-001
7.405434e+003,2.897666e-001
7.409292e+003,3.726227e-001
7.413148e+003,4.557405e-001
7.417005e+003,5.294879e-001
7.420862e+003,5.874740e-001
7.424719e+003,6.266174e-001
7.428576e+003,6.465758e-001
7.432433e+003,6.490691e-001
7.436291e+003,6.372703e-001
7.440147e+003,6.152128e-001
7.444004e+003,5.863663e-001
7.447861e+003,5.527868e-001
7.451718e+003,5.141416e-001
7.455575e+003,4.679239e-001
7.459432e+003,4.111300e-001
7.463289e+003,3.429851e-001
7.467146e+003,2.674891e-001
7.471003e+003,1.941278e-001
7.474860e+003,1.361261e-001
7.478717e+003,1.059918e-001
7.482574e+003,1.101442e-001
7.486431e+003,1.449094e-001
7.490288e+003,1.959860e-001
7.494145e+003,2.421258e-001
7.498002e+003,2.619649e-001
7.501859e+003,2.413268e-001
7.505716e+003,1.789512e-001
7.509573e+003,8.596532e-002
7.513430e+003,-1.752101e-002
7.517287e+003,-1.090855e-001
7.521144e+003,-1.707230e-001
7.525001e+003,-1.930738e-001
7.528858e+003,-1.759179e-001
7.532715e+003,-1.258581e-001
7.536572e+003,-5.137669e-002
7.540429e+003,3.970579e-002
7.544286e+003,1.411531e-001
7.548143e+003,2.469413e-001
7.552000e+003,3.489757e-001
7.555857e+003,4.357222e-001
7.559714e+003,4.930944e-001
7.563571e+003,5.078444e-001
7.567428e+003,4.724036e-001
7.571285e+003,3.877879e-001
7.575142e+003,2.654779e-001
7.578999e+003,1.255992e-001
7.582856e+003,-7.751539e-003
7.586713e+003,-1.125637e-001
7.590570e+003,-1.743545e-001
7.594427e+003,-1.892100e-001
7.598284e+003,-1.644140e-001
7.602141e+003,-1.138370e-001
7.605998e+003,-5.394746e-002
7.609855e+003,1.057602e-003
7.613712e+003,4.278347e-002
7.617569e+003,6.986232e-002
7.621426e+003,8.672085e-002
7.625283e+003,1.007420e-001
7.629140e+003,1.183079e-001
7.632997e+003,1.423435e-001
7.636854e+003,1.716380e-001
7.640711e+003,2.020464e-001
7.644568e+003,2.290524e-001
7.648425e+003,2.504383e-001
7.652282e+003,2.676975e-001
7.656139e+003,2.857457e-001
7.659996e+003,3.088538e-001
7.663853e+003,3.389695e-001
7.667710e+003,3.726161e-001
7.671567e+003,4.004897e-001
7.675424e+003,4.097984e-001
7.679281e+003,3.887611e-001
7.683138e+003,3.315951e-001
7.686995e+003,2.506092e-001
7.690852e+003,1.513550e-001
7.694709e+003,5.047203e-002
7.698566e+003,-3.451223e-002
7.702423e+003,-9.015930e-002
7.706280e+003,-1.107133e-001
7.710137e+003,-9.907302e-002
7.713994e+003,-6.497519e-002
7.717851e+003,-2.294687e-002
7.721708e+003,1.575653e-002
7.725565e+003,4.430933e-002
7.729422e+003,5.977027e-002
7.733279e+003,6.199693e-002
7.737136e+003,5.172479e-002
7.740993e+003,2.889858e-002
7.744850e+003,-7.884489e-003
7.748707e+003,-6.275362e-002
7.752564e+003,-1.358043e-001
7.756421e+003,-2.234110e-001
7.760278e+003,-3.168826e-001
7.764135e+003,-4.032807e-001
7.767992e+003,-4.679963e-001
7.771849e+003,-4.981986e-001
7.775706e+003,-4.859195e-001
7.779563e+003,-4.232698e-001
7.783420e+003,-3.161518e-001
7.787277e+003,-1.770597e-001
7.791134e+003,-2.182055e-002
7.794991e+003,1.331655e-001
7.798848e+003,2.727889e-001
7.802705e+003,3.842891e-001
7.806562e+003,4.580932e-001
7.810419e+003,4.884370e-001
7.814276e+003,4.726291e-001
7.818133e+003,4.188316e-001
7.821990e+003,3.417364e-001
7.825847e+003,2.592775e-001
7.829704e+003,1.876890e-001
7.833561e+003,1.367271e-001
7.837418e+003,1.072495e-001
7.841275e+003,9.133139e-002
7.845132e+003,8.105269e-002
7.848989e+003,6.999742e-002
7.852846e+003,5.944188e-002
7.856703e+003,5.821525e-002
7.860560e+003,7.765818e-002
7.864417e+003,1.239469e-001
7.868274e+003,1.917553e-001
7.872131e+003,2.629936e-001
7.875988e+003,3.114691e-001
7.879845e+003,3.136777e-001
7.883702e+003,2.592801e-001
7.887559e+003,1.570047e-001
7.891416e+003,3.276241e-002
7.895273e+003,-7.953404e-002
7.899130e+003,-1.504905e-001
7.902987e+003,-1.655525e-001
7.906844e+003,-1.284671e-001
7.910701e+003,-5.743416e-002
7.914558e+003,2.464863e-002
7.918415e+003,1.001816e-001
7.922272e+003,1.624712e-001
7.926129e+003,2.147557e-001
7.929986e+003,2.639653e-001
7.933843e+003,3.131855e-001
7.937700e+003,3.576485e-001
7.941557e+003,3.855843e-001
7.945414e+003,3.843975e-001
7.949271e+003,3.480248e-001
7.953128e+003,2.814585e-001
7.956985e+003,1.998445e-001
7.960842e+003,1.224912e-001
7.964699e+003,6.548914e-002
7.968556e+003,3.358085e-002
7.972413e+003,2.213204e-002
7.976270e+003,2.064141e-002
7.980127e+003,1.982461e-002
7.983984e+003,1.751198e-002
7.987841e+003,2.022809e-002
7.991698e+003,3.962803e-002
7.995555e+003,8.393837e-002
7.999412e+003,1.562571e-001
8.003269e+003,2.479897e-001
8.007126e+003,3.420428e-001
8.010983e+003,4.188506e-001
8.014840e+003,4.634283e-001
8.018697e+003,4.702825e-001
8.022554e+003,4.442376e-001
8.026411e+003,3.971974e-001
8.030268e+003,3.435689e-001
8.034125e+003,2.937060e-001
8.037982e+003,2.526489e-001
8.041839e+003,2.204072e-001
8.045696e+003,1.940171e-001
8.049553e+003,1.698961e-001
8.053410e+003,1.452845e-001
8.057267e+003,1.181838e-001
8.061124e+003,8.752943e-002
8.064981e+003,5.261379e-002
8.068838e+003,1.359006e-002
8.072695e+003,-2.756234e-002
8.076552e+003,-6.637703e-002
8.080409e+003,-9.638199e-002
8.084266e+003,-1.110084e-001
8.088123e+003,-1.085564e-001
8.091980e+003,-8.817232e-002
8.095837e+003,-5.595198e-002
8.099694e+003,-2.189380e-002
8.103551e+003,3.304489e-003
8.107408e+003,1.193011e-002
8.111265e+003,1.862286e-003
8.115122e+003,-2.301032e-002
8.118979e+003,-5.449432e-002
8.122836e+003,-8.386483e-002
8.126693e+003,-1.047341e-001
8.130550e+003,-1.146083e-001
8.134407e+003,-1.144410e-001
8.138264e+003,-1.066167e-001
8.142121e+003,-9.258601e-002
8.145978e+003,-7.149329e-002
8.149835e+003,-4.004973e-002
8.153692e+003,4.525028e-003
8.157549e+003,6.245519e-002
8.161406e+003,1.298028e-001
8.165263e+003,1.988165e-001
8.169120e+003,2.602795e-001
8.172977e+003,3.069070e-001
8.176833e+003,3.362903e-001
8.180691e+003,3.523955e-001
8.184548e+003,3.630113e-001
8.188405e+003,3.784849e-001
8.192262e+003,4.067207e-001
8.196118e+003,4.500568e-001
8.199976e+003,5.042737e-001
8.203832e+003,5.599557e-001
8.207689e+003,6.055204e-001
8.211547e+003,6.304508e-001
8.215403e+003,6.279645e-001
8.219261e+003,5.971101e-001
8.223117e+003,5.421400e-001
8.226975e+003,4.710003e-001
8.230831e+003,3.932676e-001
8.234688e+003,3.180765e-001
8.238546e+003,2.524174e-001
8.242402e+003,1.994469e-001
8.246260e+003,1.599641e-001
8.250116e+003,1.308600e-001
8.253974e+003,1.073294e-001
8.257830e+003,8.505479e-002
8.261688e+003,6.243217e-002
8.265544e+003,4.196052e-002
8.269401e+003,3.004938e-002
8.273259e+003,3.499386e-002
8.277115e+003,6.368107e-002
8.280973e+003,1.181889e-001
8.284829e+003,1.937000e-001
8.288687e+003,2.787451e-001
8.292543e+003,3.579033e-001
8.296400e+003,4.160672e-001
8.300258e+003,4.427214e-001
8.304114e+003,4.346513e-001
8.307972e+003,3.967675e-001
8.311828e+003,3.386218e-001
8.315686e+003,2.716897e-001
8.319542e+003,2.061565e-001
8.323399e+003,1.490074e-001
8.327257e+003,1.038611e-001
8.331113e+003,7.214411e-002
8.334971e+003,5.520887e-002
8.338827e+003,5.285028e-002
8.342685e+003,6.606346e-002
8.346541e+003,9.461650e-002
8.350398e+003,1.354727e-001
8.354255e+003,1.818519e-001
8.358112e+003,2.236616e-001
8.361970e+003,2.494686e-001
8.365826e+003,2.508177e-001
8.369684e+003,2.231047e-001
8.373540e+003,1.678964e-001
8.377397e+003,9.346399e-002
8.381254e+003,1.330180e-002
8.385111e+003,-5.694865e-002
8.388969e+003,-1.034029e-001
8.392825e+003,-1.175983e-001
8.396683e+003,-9.910160e-002
8.400539e+003,-5.588971e-002
8.404396e+003,-7.668994e-004
8.408253e+003,5.119354e-002
8.412110e+003,8.682877e-002
8.415968e+003,9.852634e-002
8.419824e+003,8.619396e-002
8.423682e+003,5.689766e-002
8.427538e+003,2.196247e-002
8.431396e+003,-6.180216e-003
8.435252e+003,-1.871471e-002
8.439109e+003,-1.334540e-002
8.442966e+003,5.232627e-003
8.446823e+003,2.736496e-002
8.450681e+003,4.216945e-002
8.454537e+003,4.155396e-002
8.458395e+003,2.053895e-002
8.462251e+003,-1.463428e-002
8.466108e+003,-5.392368e-002
8.469965e+003,-8.530910e-002
8.473822e+003,-9.855621e-002
8.477680e+003,-8.803040e-002
8.481536e+003,-5.378226e-002
8.485394e+003,-9.082966e-004
8.489250e+003,6.369229e-002
8.493107e+003,1.289539e-001
8.496964e+003,1.851891e-001
8.500821e+003,2.248420e-001
8.504679e+003,2.433538e-001
8.508535e+003,2.395817e-001
8.512393e+003,2.158308e-001
8.516249e+003,1.773553e-001
8.520106e+003,1.294113e-001
8.523963e+003,8.058926e-002
8.527820e+003,3.648874e-002
8.531677e+003,-3.648996e-004
8.535534e+003,-3.035895e-002
8.539392e+003,-5.511692e-002
8.543248e+003,-7.497010e-002
8.547105e+003,-8.686423e-002
8.550962e+003,-8.385393e-002
8.554819e+003,-5.662065e-002
8.558676e+003,1.574866e-003
8.562533e+003,9.130309e-002
8.566391e+003,2.045759e-001
8.570247e+003,3.255552e-001
8.574104e+003,4.344409e-001
8.577961e+003,5.131811e-001
8.581818e+003,5.512231e-001
8.585675e+003,5.467674e-001
8.589532e+003,5.083588e-001
8.593389e+003,4.506965e-001
8.597246e+003,3.899007e-001
8.601104e+003,3.394361e-001
8.604960e+003,3.079599e-001
8.608817e+003,2.991845e-001
8.612674e+003,3.129320e-001
8.616531e+003,3.460371e-001
8.620388e+003,3.927608e-001
8.624245e+003,4.447614e-001
8.628103e+003,4.915550e-001
8.631959e+003,5.222646e-001
8.635816e+003,5.286783e-001
8.639673e+003,5.085625e-001
8.643530e+003,4.676084e-001
8.647387e+003,4.184045e-001
8.651244e+003,3.766517e-001
8.655102e+003,3.555504e-001
8.658958e+003,3.608030e-001
8.662815e+003,3.884525e-001
8.666672e+003,4.266003e-001
8.670529e+003,4.602510e-001
8.674386e+003,4.769924e-001
8.678243e+003,4.715113e-001
8.682100e+003,4.456529e-001
8.685957e+003,4.059805e-001
8.689814e+003,3.594783e-001
8.693671e+003,3.099539e-001
8.697528e+003,2.569436e-001
8.701385e+003,1.974812e-001
8.705242e+003,1.312718e-001
8.709099e+003,5.841386e-002
8.712956e+003,-1.520924e-002
8.716813e+003,-8.125678e-002
8.720670e+003,-1.324939e-001
8.724526e+003,-1.661281e-001
8.728384e+003,-1.851520e-001
8.732241e+003,-1.969800e-001
8.736098e+003,-2.094403e-001
8.739955e+003,-2.306987e-001
8.743812e+003,-2.614369e-001
8.747669e+003,-2.974950e-001
8.751525e+003,-3.316201e-001
8.755383e+003,-3.560790e-001
8.759240e+003,-3.649067e-001
8.763097e+003,-3.549651e-001
8.766954e+003,-3.771295e-001
8.770811e+003,-3.821405e-001
8.774668e+003,-3.666177e-001
8.778524e+003,-3.288898e-001
8.782382e+003,-2.695178e-001
8.786238e+003,-1.916375e-001
8.790096e+003,-1.009236e-001
8.793953e+003,-5.038988e-003
8.797810e+003,9.678682e-002
8.801667e+003,1.865918e-001
8.805523e+003,2.581757e-001
8.809381e+003,3.083598e-001
8.813237e+003,3.374453e-001
8.817095e+003,3.487329e-001
8.820952e+003,3.472573e-001
8.824809e+003,3.382096e-001
8.828666e+003,3.352186e-001
8.832522e+003,3.279701e-001
8.836380e+003,3.174160e-001
8.840236e+003,3.046494e-001
8.844094e+003,2.923564e-001
8.847951e+003,2.849418e-001
8.851808e+003,2.869204e-001
8.855665e+003,3.002452e-001
8.859521e+003,3.210298e-001
8.863379e+003,3.408376e-001
8.867235e+003,3.472831e-001
8.871093e+003,3.289437e-001
8.874949e+003,2.801628e-001
8.878807e+003,2.040385e-001
8.882664e+003,1.121232e-001
8.886521e+003,2.081516e-002
8.890378e+003,-5.487054e-002
8.894234e+003,-1.035832e-001
8.898092e+003,-1.234634e-001
8.901948e+003,-1.204522e-001
8.905806e+003,-1.049230e-001
8.909663e+003,-8.731712e-002
8.913520e+003,-7.471128e-002
8.917377e+003,-6.949180e-002
8.921233e+003,-7.012257e-002
8.925091e+003,-7.334198e-002
8.928947e+003,-7.598166e-002
8.932805e+003,-7.600952e-002
8.936662e+003,-7.244051e-002
8.940519e+003,-6.468193e-002
8.944376e+003,-5.206791e-002
8.948232e+003,-3.400484e-002
8.952090e+003,-1.072840e-002
8.955946e+003,1.651153e-002
8.959804e+003,4.510054e-002
8.963660e+003,7.199602e-002
8.967518e+003,9.493989e-002
8.971375e+003,1.134262e-001
8.975231e+003,1.288766e-001
8.979089e+003,1.439497e-001
8.982945e+003,1.613630e-001
8.986803e+003,1.830185e-001
8.990659e+003,2.095686e-001
8.994517e+003,2.407160e-001
8.998374e+003,2.755715e-001
9.002230e+003,3.126054e-001
9.006088e+003,3.490327e-001
9.009944e+003,3.800914e-001
9.013802e+003,3.990404e-001
9.017658e+003,3.987103e-001
9.021516e+003,3.741477e-001
9.025373e+003,3.258865e-001
9.029229e+003,2.619361e-001
9.033087e+003,1.970822e-001
9.036943e+003,1.490420e-001
9.040801e+003,1.325264e-001
9.044657e+003,1.532284e-001
9.048515e+003,2.054155e-001
9.052371e+003,2.729065e-001
9.056229e+003,3.345728e-001
9.060086e+003,3.718598e-001
9.063942e+003,3.753061e-001
9.067800e+003,3.473301e-001
9.071656e+003,3.001573e-001
9.075514e+003,2.499751e-001
9.079370e+003,2.098126e-001
9.083228e+003,1.846153e-001
9.087085e+003,1.704327e-001
9.090941e+003,1.578006e-001
9.094799e+003,1.375355e-001
9.098655e+003,1.060914e-001
9.102513e+003,6.795016e-002
9.106369e+003,3.416944e-002
9.110227e+003,1.712602e-002
9.114084e+003,2.544424e-002
9.117940e+003,5.985644e-002
9.121798e+003,1.124580e-001
9.125654e+003,1.692823e-001
9.129512e+003,2.148688e-001
9.133368e+003,2.368458e-001
9.137226e+003,2.289768e-001
9.141082e+003,1.914735e-001
9.144939e+003,1.299072e-001
9.148797e+003,5.317514e-002
9.152653e+003,-2.814463e-002
9.156511e+003,-1.026398e-001
9.160367e+003,-1.584157e-001
9.164225e+003,-1.837143e-001
9.168081e+003,-1.686611e-001
9.171938e+003,-1.073487e-001
9.175796e+003,-6.105676e-004
9.179652e+003,1.422247e-001
9.183510e+003,3.036701e-001
9.187366e+003,4.609262e-001
9.191224e+003,5.907401e-001
9.195080e+003,6.749427e-001
9.198938e+003,7.048506e-001
9.202795e+003,6.838431e-001
9.206651e+003,6.248270e-001
9.210509e+003,5.465832e-001
9.214365e+003,4.680100e-001
9.218223e+003,4.026024e-001
9.222079e+003,3.549403e-001
9.225937e+003,3.203280e-001
9.229793e+003,2.883789e-001
9.233650e+003,2.461369e-001
9.237508e+003,1.856674e-001
9.241364e+003,1.072442e-001
9.245222e+003,2.014485e-002
9.249078e+003,-6.005888e-002
9.252936e+003,-1.168152e-001
9.256792e+003,-1.385160e-001
9.260649e+003,-1.235099e-001
9.264507e+003,-7.909189e-002
9.268363e+003,-1.931954e-002
9.272221e+003,4.032120e-002
9.276077e+003,8.852419e-002
9.279935e+003,1.216308e-001
9.283791e+003,1.435003e-001
9.287648e+003,1.619400e-001
9.291506e+003,1.829005e-001
9.295362e+003,2.084181e-001
9.299220e+003,2.327300e-001
9.303076e+003,2.459373e-001
9.306934e+003,2.391935e-001
9.310790e+003,2.101221e-001
9.314647e+003,1.657135e-001
9.318504e+003,1.210476e-001
9.322361e+003,9.429240e-002
9.326219e+003,9.723794e-002
9.330075e+003,1.330272e-001
9.333933e+003,1.929421e-001
9.337789e+003,2.589881e-001
9.341646e+003,3.102746e-001
9.345503e+003,3.305782e-001
9.349360e+003,3.140630e-001
9.353218e+003,2.668639e-001
9.357074e+003,2.045939e-001
9.360932e+003,1.446292e-001
9.364788e+003,1.006928e-001
9.368646e+003,7.863665e-002
9.372502e+003,7.577577e-002
9.376359e+003,8.364108e-002
9.380216e+003,9.257251e-002
9.384073e+003,9.605226e-002
9.387931e+003,9.253519e-002
9.391787e+003,8.492842e-002
9.395645e+003,7.791714e-002
9.399501e+003,7.493511e-002
9.403358e+003,7.641668e-002
9.407215e+003,8.011348e-002
9.411072e+003,8.318670e-002
9.414930e+003,8.419495e-002
9.418786e+003,8.664443e-002
9.422644e+003,9.640656e-002
9.426500e+003,1.198227e-001
9.430357e+003,1.601793e-001
9.434214e+003,2.149791e-001
9.438071e+003,2.753927e-001
9.441929e+003,3.283581e-001
9.445785e+003,3.590063e-001
9.449643e+003,3.579359e-001
9.453499e+003,3.232887e-001
9.457356e+003,2.615848e-001
9.461213e+003,1.856309e-001
9.465070e+003,1.107166e-001
9.468927e+003,5.059145e-002
9.472784e+003,1.450306e-002
9.476642e+003,4.326098e-003
9.480498e+003,2.108694e-002
9.484355e+003,5.738537e-002
9.488212e+003,1.022245e-001
9.492069e+003,1.427493e-001
9.495926e+003,1.662890e-001
9.499783e+003,1.628250e-001
9.503641e+003,1.276828e-001
9.507497e+003,6.360656e-002
9.511354e+003,-1.792857e-002
9.515211e+003,-9.822477e-002
9.519068e+003,-1.562576e-001
9.522925e+003,-1.745189e-001
9.526782e+003,-1.441441e-001
9.530640e+003,-6.738251e-002
9.534496e+003,4.355206e-002
9.538354e+003,1.834928e-001
9.542210e+003,3.188835e-001
9.546067e+003,4.328194e-001
9.549924e+003,5.158206e-001
9.553781e+003,5.646278e-001
9.557638e+003,5.789036e-001
9.561495e+003,5.582482e-001
9.565353e+003,5.014625e-001
9.569209e+003,3.621343e-001
9.573066e+003,1.730569e-001
9.576923e+003,-3.956868e-002
9.580780e+003,-2.418552e-001
9.584637e+003,-4.017526e-001
9.588494e+003,-4.995744e-001
9.592352e+003,-5.339451e-001
9.596208e+003,-5.198281e-001
9.600065e+003,-4.798127e-001
9.603922e+003,-4.330167e-001
9.607779e+003,-3.876114e-001
9.611636e+003,-3.409007e-001
9.615493e+003,-2.851269e-001
9.619351e+003,-2.152043e-001
9.623207e+003,-1.336150e-001
9.627064e+003,-4.987239e-002
9.630921e+003,-7.682248e-003
9.634778e+003,2.299887e-002
9.638635e+003,4.340757e-002
9.642492e+003,6.015244e-002
9.646349e+003,8.295470e-002
9.650206e+003,1.210843e-001
9.654063e+003,1.798502e-001
9.657920e+003,2.583272e-001
9.661777e+003,3.434900e-001
9.665634e+003,4.306628e-001
9.669491e+003,5.067320e-001
9.673348e+003,5.595886e-001
9.677205e+003,5.810146e-001
9.681063e+003,5.686744e-001
9.684919e+003,5.266445e-001
9.688776e+003,4.642558e-001
9.692633e+003,3.955312e-001
9.696490e+003,3.298701e-001
9.700347e+003,2.746511e-001
9.704204e+003,2.320391e-001
9.708062e+003,1.989875e-001
9.711918e+003,1.688598e-001
9.715775e+003,1.340548e-001
9.719632e+003,8.874640e-002
9.723489e+003,3.155842e-002
9.727346e+003,-3.558358e-002
9.731203e+003,-1.058653e-001
9.735060e+003,-1.695237e-001
9.738917e+003,-2.156733e-001
9.742774e+003,-2.343694e-001
9.746631e+003,-2.186997e-001
9.750488e+003,-1.666827e-001
9.754345e+003,-8.269432e-002
9.758202e+003,2.235580e-002
9.762059e+003,1.321291e-001
9.765916e+003,2.275303e-001
9.769773e+003,2.906690e-001
9.773630e+003,3.090895e-001
9.777487e+003,2.789993e-001
9.781344e+003,2.063620e-001
9.785201e+003,1.059572e-001
9.789058e+003,-4.155219e-003
9.792915e+003,-1.056554e-001
9.796772e+003,-1.845017e-001
9.800629e+003,-2.331440e-001
9.804486e+003,-2.503580e-001
9.808343e+003,-2.391222e-001
9.812200e+003,-2.036644e-001
9.816057e+003,-1.475220e-001
9.819914e+003,-7.137439e-002
9.823771e+003,2.540502e-002
9.827628e+003,1.429437e-001
9.831485e+003,2.786933e-001
9.835342e+003,4.259999e-001
9.839199e+003,5.740359e-001
9.843056e+003,7.091511e-001
9.846913e+003,8.163088e-001
9.850770e+003,8.849526e-001
9.854627e+003,9.074992e-001
9.858484e+003,8.819420e-001
9.862341e+003,8.121736e-001
9.866198e+003,7.073535e-001
9.870055e+003,5.805153e-001
9.873912e+003,4.466569e-001
9.877769e+003,3.211504e-001
9.881626e+003,2.155218e-001
9.885483e+003,1.378911e-001
9.889340e+003,9.120578e-002
9.893197e+003,7.303008e-002
9.897054e+003,7.636693e-002
9.900911e+003,9.144118e-002
9.904768e+003,1.081037e-001
9.908625e+003,1.180548e-001
9.912481e+003,1.178255e-001
9.916339e+003,1.084359e-001
9.920196e+003,9.529138e-002
9.924053e+003,8.639947e-002
9.927910e+003,8.966929e-002
9.931767e+003,1.100217e-001
9.935624e+003,1.471808e-001
9.939480e+003,1.941301e-001
9.943338e+003,2.406155e-001
9.947195e+003,2.738517e-001
9.951052e+003,2.827562e-001
9.954909e+003,2.615202e-001
9.958766e+003,2.119097e-001
9.962623e+003,1.434392e-001
9.966479e+003,7.117996e-002
9.970337e+003,1.121343e-002
9.974193e+003,-2.320469e-002
9.978051e+003,-2.578686e-002
9.981908e+003,1.090460e-003
9.985765e+003,4.710908e-002
9.989622e+003,9.711194e-002
9.993479e+003,1.356529e-001
9.997336e+003,1.515843e-001
1.000119e+004,1.408890e-001
1.000505e+004,1.091399e-001
1.000891e+004,6.739245e-002
1.001276e+004,2.967213e-002
1.001662e+004,8.764922e-003
1.002048e+004,1.260325e-002
1.002433e+004,4.233305e-002
1.002819e+004,9.252886e-002
1.003205e+004,1.530570e-001
1.003591e+004,2.132000e-001
1.003976e+004,2.639503e-001
1.004362e+004,3.002694e-001
1.004748e+004,3.215515e-001
1.005133e+004,3.305788e-001
1.005519e+004,3.316098e-001
1.005905e+004,3.284732e-001
1.006290e+004,3.233946e-001
1.006676e+004,3.171890e-001
1.007062e+004,3.100840e-001
1.007448e+004,3.030131e-001
1.007833e+004,2.984012e-001
1.008219e+004,2.999348e-001
1.008605e+004,3.112894e-001
1.008990e+004,3.343056e-001
1.009376e+004,3.671069e-001
1.009762e+004,4.045131e-001
1.010147e+004,4.381200e-001
1.010533e+004,4.588001e-001
1.010919e+004,4.593614e-001
1.011305e+004,4.366842e-001
1.011690e+004,3.925735e-001
1.012076e+004,3.330783e-001
1.012462e+004,2.655159e-001
1.012847e+004,1.997516e-001
1.013233e+004,1.428397e-001
1.013619e+004,9.917669e-002
1.014004e+004,7.059529e-002
1.014390e+004,5.707566e-002
1.014776e+004,5.755530e-002
1.015162e+004,7.039165e-002
1.015547e+004,9.344051e-002
1.015933e+004,1.238721e-001
1.016319e+004,1.581352e-001
1.016704e+004,1.923138e-001
1.017090e+004,2.227619e-001
1.017476e+004,2.467256e-001
1.017861e+004,2.626161e-001
1.018247e+004,2.697716e-001
1.018633e+004,2.680306e-001
1.019019e+004,2.569274e-001
1.019404e+004,2.353994e-001
1.019790e+004,2.023474e-001
1.020176e+004,1.574896e-001
1.020561e+004,1.021852e-001
1.020947e+004,3.973262e-002
1.021333e+004,-2.509989e-002
1.021718e+004,-8.547151e-002
1.022104e+004,-1.395345e-001
1.022490e+004,-1.846057e-001
1.022876e+004,-2.191782e-001
1.023261e+004,-2.422033e-001
1.023647e+004,-2.523030e-001
1.024033e+004,-2.475316e-001
1.024418e+004,-2.260393e-001
1.024804e+004,-1.914326e-001
1.025190e+004,-1.429968e-001
1.025575e+004,-8.597756e-002
1.025961e+004,-2.837402e-002
1.026347e+004,2.093804e-002
1.026733e+004,5.476724e-002
1.027118e+004,6.981929e-002
1.027504e+004,6.759805e-002
1.027890e+004,5.360505e-002
1.028275e+004,3.517207e-002
1.028661e+004,1.801847e-002
1.029047e+004,4.728746e-003
1.029432e+004,-5.615499e-003
1.029818e+004,-1.609764e-002
1.030204e+004,-2.960167e-002
1.030590e+004,-4.662053e-002
1.030975e+004,-6.642577e-002
1.031361e+004,-8.150017e-002
1.031747e+004,-8.655623e-002
1.032132e+004,-7.928116e-002
1.032518e+004,-6.192403e-002
1.032904e+004,-4.069230e-002
1.033289e+004,-2.306264e-002
1.033675e+004,-1.418886e-002
1.034061e+004,-1.704980e-002
1.034447e+004,-2.331431e-002
1.034832e+004,-2.319448e-002
1.035218e+004,-7.810224e-003
1.035604e+004,2.625688e-002
1.035989e+004,7.470606e-002
1.036375e+004,1.267646e-001
1.036761e+004,1.695565e-001
1.037146e+004,1.934781e-001
1.037532e+004,1.977522e-001
1.037918e+004,1.903592e-001
1.038304e+004,1.853960e-001
1.038689e+004,1.970843e-001
1.039075e+004,2.336124e-001
1.039461e+004,2.933929e-001
1.039846e+004,3.651970e-001
1.040232e+004,4.358024e-001
1.040618e+004,4.825012e-001
1.041003e+004,4.912853e-001
1.041389e+004,4.563685e-001
1.041775e+004,3.806384e-001
1.042161e+004,2.740328e-001
1.042546e+004,1.510596e-001
1.042932e+004,2.848852e-002
1.043318e+004,-7.696187e-002
1.043703e+004,-1.483179e-001
1.044089e+004,-1.735034e-001
1.044475e+004,-1.476257e-001
1.044860e+004,-7.498503e-002
1.045246e+004,3.102898e-002
1.045632e+004,1.509383e-001
1.046018e+004,2.645063e-001
1.046403e+004,3.579707e-001
1.046789e+004,4.212712e-001
1.047175e+004,4.568429e-001
1.047560e+004,4.722879e-001
1.047946e+004,4.739246e-001
1.048332e+004,4.615772e-001
1.048717e+004,4.275104e-001
1.049103e+004,3.604181e-001
1.049489e+004,2.430003e-001
1.049875e+004,8.664699e-002
1.050260e+004,-8.901705e-002
1.050646e+004,-2.531245e-001
1.051032e+004,-3.731488e-001
1.051417e+004,-4.263161e-001
1.051803e+004,-4.079120e-001
1.052189e+004,-3.329304e-001
1.052574e+004,-2.296534e-001
1.052960e+004,-1.315295e-001
1.053346e+004,-6.534611e-002
1.053732e+004,-4.187791e-002
1.054117e+004,-5.458186e-002
1.054503e+004,-8.458906e-002
1.054889e+004,-1.092916e-001
1.055274e+004,-1.109221e-001
1.055660e+004,-8.232806e-002
1.056046e+004,-2.810427e-002
1.056431e+004,3.898683e-002
1.056817e+004,1.028778e-001
1.057203e+004,1.499313e-001
1.057589e+004,1.733594e-001
1.057974e+004,1.750319e-001
1.058360e+004,1.642031e-001
1.058746e+004,1.540656e-001
1.059131e+004,1.548567e-001
1.059517e+004,1.718859e-001
1.059903e+004,2.033156e-001
1.060288e+004,2.410668e-001
1.060674e+004,2.741316e-001
1.061060e+004,2.929352e-001
1.061446e+004,2.929504e-001
1.061831e+004,2.772930e-001
1.062217e+004,2.524813e-001
1.062603e+004,2.274933e-001
1.062988e+004,2.102784e-001
1.063374e+004,2.055229e-001
1.063760e+004,2.139828e-001
1.064145e+004,2.331970e-001
1.064531e+004,2.588439e-001
1.064917e+004,2.861164e-001
1.065303e+004,3.098480e-001
1.065688e+004,3.251937e-001
1.066074e+004,3.276850e-001
1.066460e+004,3.140743e-001
1.066845e+004,2.836313e-001
1.067231e+004,2.393201e-001
1.067617e+004,1.881040e-001
1.068002e+004,1.402571e-001
1.068388e+004,1.057341e-001
1.068774e+004,9.308325e-002
1.069160e+004,1.068533e-001
1.069545e+004,1.466815e-001
1.069931e+004,2.076907e-001
1.070317e+004,2.817403e-001
1.070702e+004,3.589140e-001
1.071088e+004,4.286883e-001
1.071474e+004,4.814082e-001
1.071859e+004,5.090774e-001
1.072245e+004,5.071294e-001
1.072631e+004,4.762437e-001
1.073017e+004,4.235578e-001
1.073402e+004,3.622329e-001
1.073788e+004,3.087589e-001
1.074174e+004,2.782781e-001
1.074559e+004,2.797699e-001
1.074945e+004,3.120046e-001
1.075331e+004,3.634606e-001
1.075716e+004,4.159175e-001
1.076102e+004,4.507169e-001
1.076488e+004,4.552263e-001
1.076874e+004,4.268479e-001
1.077259e+004,3.723449e-001
1.077645e+004,3.052458e-001
1.078031e+004,2.387157e-001
1.078416e+004,1.804572e-001
1.078802e+004,1.307144e-001
1.079188e+004,8.432678e-002
1.079573e+004,3.558487e-002
1.079959e+004,-1.671361e-002
1.080345e+004,-6.702607e-002
1.080731e+004,-1.027749e-001
1.081116e+004,-1.111258e-001
1.081502e+004,-8.432042e-002
1.081888e+004,-2.397069e-002
1.082273e+004,5.850172e-002
1.082659e+004,1.456181e-001
1.083045e+004,2.201695e-001
1.083430e+004,2.722576e-001
1.083816e+004,2.995422e-001
1.084202e+004,3.094674e-001
1.084588e+004,3.135007e-001
1.084973e+004,3.208827e-001
1.085359e+004,3.336867e-001
1.085745e+004,3.453802e-001
1.086130e+004,3.435084e-001
1.086516e+004,3.153574e-001
1.086902e+004,2.541085e-001
1.087287e+004,1.626910e-001
1.087673e+004,5.414852e-002
1.088059e+004,-5.195908e-002
1.088445e+004,-1.355847e-001
1.088830e+004,-1.822632e-001
1.089216e+004,-1.869479e-001
1.089602e+004,-1.548168e-001
1.089987e+004,-9.747722e-002
1.090373e+004,-2.825104e-002
1.090759e+004,4.160795e-002
1.091144e+004,1.050754e-001
1.091530e+004,1.590292e-001
1.091916e+004,2.021770e-001
1.092301e+004,2.327828e-001
1.092687e+004,2.475375e-001
1.093073e+004,2.438067e-001
1.093459e+004,2.199532e-001
1.093844e+004,1.785079e-001
1.094230e+004,1.269520e-001
1.094616e+004,7.613407e-002
1.095001e+004,3.672345e-002
1.095387e+004,1.522009e-002
1.095773e+004,1.150744e-002
1.096158e+004,1.858773e-002
1.096544e+004,2.692171e-002
1.096930e+004,2.821911e-002
1.097316e+004,1.924703e-002
1.097701e+004,3.268827e-003
1.098087e+004,-1.155853e-002
1.098473e+004,-1.604859e-002
1.098858e+004,-5.035987e-003
1.099244e+004,2.186485e-002
1.099630e+004,5.916061e-002
1.100016e+004,9.842655e-002
1.100401e+004,1.320388e-001
1.100787e+004,1.561769e-001
1.101173e+004,1.717406e-001
1.101558e+004,1.829518e-001
1.101944e+004,1.934716e-001
1.102330e+004,2.070836e-001
1.102715e+004,2.237796e-001
1.103101e+004,2.417220e-001
1.103487e+004,2.593226e-001
1.103872e+004,2.770466e-001
1.104258e+004,2.976881e-001
1.104644e+004,3.247564e-001
1.105030e+004,3.585459e-001
1.105415e+004,3.975191e-001
1.105801e+004,4.341217e-001
1.106187e+004,4.579173e-001
1.106572e+004,4.593455e-001
1.106958e+004,4.337383e-001
1.107344e+004,3.837747e-001
1.107729e+004,3.191983e-001
1.108115e+004,2.541938e-001
1.108501e+004,2.018246e-001
1.108887e+004,1.712817e-001
1.109272e+004,1.658169e-001
1.109658e+004,1.834006e-001
1.110044e+004,2.191913e-001
1.110429e+004,2.683112e-001
1.110815e+004,3.274291e-001
1.111201e+004,3.939418e-001
1.111587e+004,4.654276e-001
1.111972e+004,5.362681e-001
1.112358e+004,5.971481e-001
1.112744e+004,6.363928e-001
1.113129e+004,6.433288e-001
1.113515e+004,6.123989e-001
1.113901e+004,5.462254e-001
1.114286e+004,4.564108e-001
1.114672e+004,3.601821e-001
1.115058e+004,2.762378e-001
1.115443e+004,2.192585e-001
1.115829e+004,1.958900e-001
1.116215e+004,2.034484e-001
1.116601e+004,2.316559e-001
1.116986e+004,2.666010e-001
1.117372e+004,2.953529e-001
1.117758e+004,3.097103e-001
1.118143e+004,3.077251e-001
1.118529e+004,2.930435e-001
1.118915e+004,2.725274e-001
1.119300e+004,2.532273e-001
1.119686e+004,2.398145e-001
1.120072e+004,2.332208e-001
1.120458e+004,2.307647e-001
1.120843e+004,2.274237e-001
1.121229e+004,2.178714e-001
1.121615e+004,1.984504e-001
1.122000e+004,1.686166e-001
1.122386e+004,1.314719e-001
1.122772e+004,9.327558e-002
1.123158e+004,6.206438e-002
1.123543e+004,4.573705e-002
1.123929e+004,5.002411e-002
1.124315e+004,7.700663e-002
1.124700e+004,1.243998e-001
1.125086e+004,1.858641e-001
1.125472e+004,2.522255e-001
1.125857e+004,3.132674e-001
1.126243e+004,3.596309e-001
1.126629e+004,3.843849e-001
1.127014e+004,3.841155e-001
1.127400e+004,3.593792e-001
1.127786e+004,3.145817e-001
1.128172e+004,2.574423e-001
1.128557e+004,1.980646e-001
1.128943e+004,1.476225e-001
1.129329e+004,1.166621e-001
1.129714e+004,1.130214e-001
1.130100e+004,1.406101e-001
1.130486e+004,1.972590e-001
1.130871e+004,2.748381e-001
1.131257e+004,3.604074e-001
1.131643e+004,4.386060e-001
1.132029e+004,4.947744e-001
1.132414e+004,5.180026e-001
1.132800e+004,5.029978e-001
1.133186e+004,4.514377e-001
1.133571e+004,3.710568e-001
1.133957e+004,2.735767e-001
1.134343e+004,1.721113e-001
1.134729e+004,7.869858e-002
1.135114e+004,2.513541e-003
1.135500e+004,-5.101595e-002
1.135886e+004,-8.023169e-002
1.136271e+004,-8.625667e-002
1.136657e+004,-7.298182e-002
1.137043e+004,-4.558843e-002
1.137428e+004,-9.659704e-003
1.137814e+004,2.945546e-002
1.138200e+004,6.699654e-002
1.138585e+004,9.891696e-002
1.138971e+004,1.217262e-001
1.139357e+004,1.327909e-001
1.139743e+004,1.310738e-001
1.140128e+004,1.175540e-001
1.140514e+004,9.586652e-002
1.140900e+004,7.249730e-002
1.141285e+004,5.611450e-002
1.141671e+004,5.579640e-002
1.142057e+004,7.818085e-002
1.142442e+004,1.258811e-001
1.142828e+004,1.937259e-001
1.143214e+004,2.694997e-001
1.143600e+004,3.362984e-001
1.143985e+004,3.767396e-001
1.144371e+004,3.777956e-001
1.144757e+004,3.346288e-001
1.145142e+004,2.508462e-001
1.145528e+004,1.406040e-001
1.145914e+004,2.221412e-002
1.146300e+004,-8.614288e-002
1.146685e+004,-1.706324e-001
1.147071e+004,-2.240308e-001
1.147457e+004,-2.456412e-001
1.147842e+004,-2.394318e-001
1.148228e+004,-2.108478e-001
1.148614e+004,-1.663491e-001
1.148999e+004,-1.115252e-001
1.149385e+004,-5.106582e-002
1.149771e+004,1.090167e-002
1.150156e+004,7.074258e-002
1.150542e+004,1.258071e-001
1.150928e+004,1.752185e-001
1.151314e+004,2.211865e-001
1.151699e+004,2.659051e-001
1.152085e+004,3.129874e-001
1.152471e+004,3.644363e-001
1.152856e+004,4.190205e-001
1.153242e+004,4.718562e-001
1.153628e+004,5.155296e-001
1.154013e+004,5.423714e-001
1.154399e+004,5.465648e-001
1.154785e+004,5.264840e-001
1.155171e+004,4.850540e-001
1.155556e+004,4.284251e-001
1.155942e+004,3.639553e-001
1.156328e+004,2.982240e-001
1.156713e+004,2.357512e-001
1.157099e+004,1.786683e-001
1.157485e+004,1.262561e-001
1.157871e+004,7.843425e-002
1.158256e+004,3.363799e-002
1.158642e+004,-9.477021e-003
1.159028e+004,-5.129487e-002
1.159413e+004,-9.046173e-002
1.159799e+004,-1.233067e-001
1.160185e+004,-1.439209e-001
1.160570e+004,-1.453159e-001
1.160956e+004,-1.216969e-001
1.161342e+004,-7.184368e-002
1.161727e+004,-1.320994e-003
1.162113e+004,7.701408e-002
1.162499e+004,1.451990e-001
1.162885e+004,1.847886e-001
1.163270e+004,1.825974e-001
1.163656e+004,1.354593e-001
1.164042e+004,5.250318e-002
1.164427e+004,-4.662512e-002
1.164813e+004,-1.367722e-001
1.165199e+004,-1.940300e-001
1.165584e+004,-2.020093e-001
1.165970e+004,-1.557244e-001
1.166356e+004,-6.213138e-002
1.166742e+004,6.195562e-002
1.167127e+004,1.956017e-001
1.167513e+004,3.174447e-001
1.167899e+004,4.097945e-001
1.168284e+004,4.610378e-001
1.168670e+004,4.666316e-001
1.169056e+004,4.290234e-001
1.169441e+004,3.568357e-001
1.169827e+004,2.636833e-001
1.170213e+004,1.652527e-001
1.170599e+004,7.705881e-002
1.170984e+004,1.143130e-002
1.171370e+004,-2.501982e-002
1.171756e+004,-3.263243e-002
1.172141e+004,-1.801893e-002
1.172527e+004,8.494392e-003
1.172913e+004,3.652013e-002
1.173298e+004,5.924670e-002
1.173684e+004,7.529821e-002
1.174070e+004,8.855642e-002
1.174456e+004,1.058731e-001
1.174841e+004,1.336501e-001
1.175227e+004,1.746954e-001
1.175613e+004,2.266304e-001
1.175998e+004,2.823672e-001
1.176384e+004,3.327466e-001
1.176770e+004,3.694638e-001
1.177155e+004,3.877609e-001
1.177541e+004,3.876034e-001
1.177927e+004,3.731003e-001
1.178313e+004,3.506181e-001
1.178698e+004,3.264834e-001
1.179084e+004,3.052036e-001
1.179470e+004,2.885714e-001
1.179855e+004,2.760387e-001
1.180241e+004,2.655028e-001
1.180627e+004,2.542386e-001
1.181012e+004,2.396071e-001
1.181398e+004,2.195038e-001
1.181784e+004,1.927114e-001
1.182170e+004,1.593518e-001
1.182555e+004,1.211754e-001
1.182941e+004,8.178462e-002
1.183327e+004,4.618512e-002
1.183712e+004,1.970069e-002
1.184098e+004,6.516647e-003
1.184484e+004,8.434455e-003
1.184869e+004,2.446082e-002
1.185255e+004,5.148145e-002
1.185641e+004,8.573367e-002
1.186027e+004,1.243002e-001
1.186412e+004,1.657501e-001
1.186798e+004,2.094719e-001
1.187184e+004,2.539884e-001
1.187569e+004,2.952400e-001
1.187955e+004,3.260759e-001
1.188341e+004,3.377058e-001
1.188726e+004,3.230112e-001
1.189112e+004,2.804152e-001
1.189498e+004,2.164940e-001
1.189883e+004,1.458069e-001
1.190269e+004,8.747946e-002
1.190655e+004,5.951563e-002
1.191041e+004,7.292339e-002
1.191426e+004,1.281019e-001
1.191812e+004,2.144509e-001
1.192198e+004,3.140979e-001
1.192583e+004,4.077308e-001
1.192969e+004,4.802999e-001
1.193355e+004,5.244809e-001
1.193741e+004,5.408990e-001
1.194126e+004,5.355713e-001
1.194512e+004,5.159813e-001
1.194898e+004,4.882950e-001
1.195283e+004,4.557996e-001
1.195669e+004,4.195764e-001
1.196055e+004,3.802705e-001
1.196440e+004,3.396769e-001
1.196826e+004,3.011422e-001
1.197212e+004,2.685755e-001
1.197598e+004,2.445861e-001
1.197983e+004,2.292593e-001
1.198369e+004,2.190869e-001
1.198755e+004,2.080726e-001
1.199140e+004,1.896641e-001
1.199526e+004,1.589736e-001
1.199912e+004,1.144840e-001
1.200297e+004,5.870897e-002
1.200683e+004,-2.265739e-003
1.201069e+004,-6.043802e-002
1.201454e+004,-1.079731e-001
1.201840e+004,-1.395702e-001
1.202226e+004,-1.542197e-001
1.202612e+004,-1.557355e-001
1.202997e+004,-1.515889e-001
1.203383e+004,-1.500330e-001
1.203769e+004,-1.556355e-001
1.204154e+004,-1.677155e-001
1.204540e+004,-1.772573e-001
1.204926e+004,-1.697311e-001
1.205312e+004,-1.305791e-001
1.205697e+004,-5.220085e-002
1.206083e+004,6.047140e-002
1.206469e+004,1.886628e-001
1.206854e+004,3.051140e-001
1.207240e+004,3.795221e-001
1.207626e+004,3.931154e-001
1.208011e+004,3.452278e-001
1.208397e+004,2.546453e-001
1.208783e+004,1.535107e-001
1.209169e+004,7.590278e-002
1.209554e+004,4.558096e-002
1.209940e+004,6.778787e-002
1.210326e+004,1.280863e-001
1.210711e+004,1.986042e-001
1.211097e+004,2.488378e-001
1.211483e+004,2.564268e-001
1.211868e+004,2.138610e-001
1.212254e+004,1.291608e-001
1.212640e+004,2.121355e-002
1.213025e+004,-8.695726e-002
1.213411e+004,-1.769961e-001
1.213797e+004,-2.373687e-001
1.214183e+004,-2.646894e-001
1.214568e+004,-2.621015e-001
1.214954e+004,-2.367569e-001
1.215340e+004,-1.975831e-001
1.215725e+004,-1.537616e-001
1.216111e+004,-1.137458e-001
1.216497e+004,-8.416822e-002
1.216883e+004,-6.904145e-002
1.217268e+004,-6.923813e-002
1.217654e+004,-8.266528e-002
1.218040e+004,-1.052325e-001
1.218425e+004,-1.321615e-001
1.218811e+004,-1.588638e-001
1.219197e+004,-1.806202e-001
1.219582e+004,-1.921611e-001
1.219968e+004,-1.865358e-001
1.220354e+004,-1.557170e-001
1.220740e+004,-9.307884e-002
1.221125e+004,2.680577e-003
1.221511e+004,1.238933e-001
1.221897e+004,2.527595e-001
1.222282e+004,3.691990e-001
1.222668e+004,4.386055e-001
1.223054e+004,4.423496e-001
1.223439e+004,3.786442e-001
1.223825e+004,2.649196e-001
1.224211e+004,1.334342e-001
1.224596e+004,2.142723e-002
1.224982e+004,-4.060581e-002
1.225368e+004,-3.626397e-002
1.225754e+004,3.384242e-002
1.226139e+004,1.394172e-001
1.226525e+004,2.391404e-001
1.226911e+004,2.951158e-001
1.227296e+004,2.846590e-001
1.227682e+004,2.060260e-001
1.228068e+004,7.736659e-002
1.228454e+004,-7.597931e-002
1.228839e+004,-2.101664e-001
1.229225e+004,-2.928464e-001
1.229611e+004,-3.072060e-001
1.229996e+004,-2.565919e-001
1.230382e+004,-1.633351e-001
1.230768e+004,-6.174359e-002
1.231153e+004,1.288999e-002
1.231539e+004,3.971475e-002
1.231925e+004,1.705158e-002
1.232311e+004,-4.746660e-002
1.232696e+004,-1.363779e-001
1.233082e+004,-2.282965e-001
1.233468e+004,-3.041095e-001
1.233853e+004,-3.511556e-001
1.234239e+004,-3.642507e-001
1.234625e+004,-3.484316e-001
1.235010e+004,-3.074200e-001
1.235396e+004,-2.440056e-001
1.235782e+004,-1.605566e-001
1.236167e+004,-6.015064e-002
1.236553e+004,5.176808e-002
1.236939e+004,1.664274e-001
1.237325e+004,2.722498e-001
1.237710e+004,3.542992e-001
1.238096e+004,4.068839e-001
1.238482e+004,4.244688e-001
1.238867e+004,4.068031e-001
1.239253e+004,3.587278e-001
1.239639e+004,2.888567e-001
1.240025e+004,2.077170e-001
1.240410e+004,1.259496e-001
1.240796e+004,5.376923e-002
1.241182e+004,-2.771951e-003
1.241567e+004,-3.918538e-002
1.241953e+004,-5.354937e-002
1.242339e+004,-4.628074e-002
1.242724e+004,-1.959351e-002
1.243110e+004,2.330703e-002
1.243496e+004,7.905085e-002
1.243881e+004,1.442289e-001
1.244267e+004,2.165538e-001
1.244653e+004,2.932616e-001
1.245039e+004,3.705249e-001
1.245424e+004,4.428596e-001
1.245810e+004,5.032853e-001
1.246196e+004,5.444464e-001
1.246581e+004,5.604233e-001
1.246967e+004,5.486327e-001
1.247353e+004,5.109708e-001
1.247738e+004,4.536133e-001
1.248124e+004,3.856590e-001
1.248510e+004,3.168879e-001
1.248896e+004,2.554531e-001
1.249281e+004,2.062996e-001
1.249667e+004,1.707498e-001
1.250053e+004,1.471011e-001
1.250438e+004,1.325294e-001
1.250824e+004,1.241746e-001
1.251210e+004,1.203351e-001
1.251596e+004,1.207089e-001
1.251981e+004,1.258497e-001
1.252367e+004,1.361637e-001
1.252753e+004,1.508841e-001
1.253138e+004,1.672602e-001
1.253524e+004,1.813340e-001
1.253910e+004,1.879627e-001
1.254295e+004,1.824751e-001
1.254681e+004,1.621095e-001
1.255067e+004,1.270026e-001
1.255452e+004,8.032452e-002
1.255838e+004,2.741205e-002
1.256224e+004,-2.586898e-002
1.256610e+004,-7.453649e-002
1.256995e+004,-1.163338e-001
1.257381e+004,-1.516544e-001
1.257767e+004,-1.825457e-001
1.258152e+004,-2.110411e-001
1.258538e+004,-2.376252e-001
1.258924e+004,-2.605889e-001
1.259309e+004,-2.742820e-001
1.259695e+004,-2.767481e-001
1.260081e+004,-2.655196e-001
1.260467e+004,-2.401391e-001
1.260852e+004,-2.016816e-001
1.261238e+004,-1.514666e-001
1.261624e+004,-8.995414e-002
1.262009e+004,-1.684663e-002
1.262395e+004,8.836233e-002
1.262781e+004,1.943049e-001
1.263167e+004,2.845787e-001
1.263552e+004,3.380336e-001
1.263938e+004,3.355728e-001
1.264324e+004,2.689658e-001
1.264709e+004,1.472897e-001
1.265095e+004,-2.962261e-003
1.265481e+004,-1.726128e-001
1.265866e+004,-2.757470e-001
1.266252e+004,-2.838415e-001
1.266638e+004,-2.042461e-001
1.267023e+004,-7.244912e-002
1.267409e+004,6.699871e-002
1.267795e+004,1.794093e-001
1.268181e+004,2.490278e-001
1.268566e+004,2.701398e-001
1.268952e+004,2.768339e-001
1.269338e+004,2.720168e-001
1.269723e+004,2.541628e-001
1.270109e+004,2.191505e-001
1.270495e+004,1.635071e-001
1.270880e+004,8.733924e-002
1.271266e+004,-4.247233e-003
1.271652e+004,-9.445330e-002
1.272038e+004,-1.795262e-001
1.272423e+004,-2.483438e-001
1.272809e+004,-2.911039e-001
1.273195e+004,-3.012434e-001
1.273580e+004,-2.771937e-001
1.273966e+004,-2.235785e-001
1.274352e+004,-1.512102e-001
1.274738e+004,-7.622656e-002
1.275123e+004,-1.349032e-002
1.275509e+004,2.512503e-002
1.275895e+004,3.532165e-002
1.276280e+004,2.217541e-002
1.276666e+004,-1.205880e-003
1.277052e+004,-1.798218e-002
1.277437e+004,-1.337533e-002
1.277823e+004,1.978121e-002
1.278209e+004,7.972828e-002
1.278594e+004,1.560016e-001
1.278980e+004,2.335603e-001
1.279366e+004,2.978658e-001
1.279752e+004,3.391030e-001
1.280137e+004,3.541126e-001
1.280523e+004,3.457155e-001
1.280909e+004,3.202491e-001
1.281294e+004,2.847695e-001
1.281680e+004,2.447890e-001
1.282066e+004,2.036645e-001
1.282451e+004,1.629879e-001
1.282837e+004,1.234086e-001
1.283223e+004,8.527283e-002
1.283609e+004,4.882974e-002
1.283994e+004,1.427576e-002
1.284380e+004,-1.842060e-002
1.284766e+004,-4.896038e-002
1.285151e+004,-7.629655e-002
1.285537e+004,-9.835745e-002
1.285923e+004,-1.122882e-001
1.286308e+004,-1.152126e-001
1.286694e+004,-1.051657e-001
1.287080e+004,-8.171473e-002
1.287466e+004,-4.600861e-002
1.287851e+004,-2.732961e-004
1.288237e+004,5.271156e-002
1.288623e+004,1.097491e-001
1.289008e+004,1.668539e-001
1.289394e+004,2.187698e-001
1.289780e+004,2.590778e-001
1.290165e+004,2.814240e-001
1.290551e+004,2.818342e-001
1.290937e+004,2.611482e-001
1.291323e+004,2.262601e-001
1.291708e+004,1.890923e-001
1.292094e+004,1.631723e-001
1.292480e+004,1.589322e-001
1.292865e+004,1.796904e-001
1.293251e+004,2.203704e-001
1.293637e+004,2.691291e-001
1.294022e+004,3.124338e-001
1.294408e+004,3.405099e-001
1.294794e+004,3.510305e-001
1.295180e+004,3.493395e-001
1.295565e+004,3.451862e-001
1.295951e+004,3.475932e-001
1.296337e+004,3.603225e-001
1.296722e+004,3.800227e-001
1.297108e+004,3.977000e-001
1.297494e+004,4.026381e-001
1.297879e+004,3.866967e-001
1.298265e+004,3.470059e-001
1.298651e+004,2.861730e-001
1.299037e+004,2.105168e-001
1.299422e+004,1.270691e-001
1.299808e+004,4.441159e-002
1.300194e+004,-2.963840e-002
1.300579e+004,-8.676959e-002
1.300965e+004,-1.182211e-001
1.301351e+004,-1.164325e-001
1.301736e+004,-7.812823e-002
1.302122e+004,-7.399900e-003
1.302508e+004,8.402516e-002
1.302894e+004,1.762839e-001
1.303279e+004,2.491925e-001
1.303665e+004,2.883266e-001
1.304051e+004,2.899622e-001
1.304436e+004,2.619431e-001
1.304822e+004,2.199467e-001
1.305208e+004,1.807734e-001
1.305593e+004,1.552320e-001
1.305979e+004,1.461090e-001
1.306365e+004,1.471086e-001
1.306751e+004,1.479619e-001
1.307136e+004,1.402284e-001
1.307522e+004,1.214041e-001
1.307908e+004,9.553593e-002
1.308293e+004,7.050054e-002
1.308679e+004,5.385429e-002
1.309065e+004,4.938337e-002
1.309450e+004,5.582011e-002
1.309836e+004,6.846389e-002
1.310222e+004,8.187523e-002
1.310608e+004,9.199623e-002
1.310993e+004,9.663760e-002
1.311379e+004,9.452918e-002
1.311765e+004,8.425899e-002
1.312150e+004,6.393653e-002
1.312536e+004,3.320536e-002
1.312922e+004,-4.528953e-003
1.313307e+004,-4.060210e-002
1.313693e+004,-6.200196e-002
1.314079e+004,-5.502337e-002
1.314465e+004,-1.050175e-002
1.314850e+004,7.168639e-002
1.315236e+004,1.806460e-001
1.315622e+004,2.966391e-001
1.316007e+004,3.961611e-001
1.316393e+004,4.582320e-001
1.316779e+004,4.695577e-001
1.317164e+004,4.270608e-001
1.317550e+004,3.375615e-001
1.317936e+004,2.153535e-001
1.318322e+004,7.961848e-002
1.318707e+004,-4.871137e-002
1.319093e+004,-1.494003e-001
1.319479e+004,-2.054634e-001
1.319864e+004,-2.060460e-001
1.320250e+004,-1.492697e-001
1.320636e+004,-4.398839e-002
1.321021e+004,9.167993e-002
1.321407e+004,2.310985e-001
1.321793e+004,3.474891e-001
1.322179e+004,4.201402e-001
1.322564e+004,4.395262e-001
1.322950e+004,4.088859e-001
1.323336e+004,3.418105e-001
1.323721e+004,2.568918e-001
1.324107e+004,1.700741e-001
1.324493e+004,9.501436e-002
1.324878e+004,3.684658e-002
1.325264e+004,-5.162168e-003
1.325650e+004,-3.429490e-002
1.326036e+004,-5.316995e-002
1.326421e+004,-6.217802e-002
1.326807e+004,-6.011253e-002
1.327193e+004,-4.629938e-002
1.327578e+004,-2.275639e-002
1.327964e+004,3.849505e-003
1.328350e+004,2.398789e-002
1.328735e+004,2.863471e-002
1.329121e+004,1.347265e-002
1.329507e+004,-1.786961e-002
1.329892e+004,-5.318613e-002
1.330278e+004,-7.416715e-002
1.330664e+004,-6.242429e-002
1.331050e+004,-6.059304e-003
1.331435e+004,9.494631e-002
1.331821e+004,2.270761e-001
1.332207e+004,3.662707e-001
1.332592e+004,4.847746e-001
1.332978e+004,5.594223e-001
1.333364e+004,5.785170e-001
1.333750e+004,5.455914e-001
1.334135e+004,4.730935e-001
1.334521e+004,3.785428e-001
1.334907e+004,2.781245e-001
1.335292e+004,1.822155e-001
1.335678e+004,9.442006e-002
1.336064e+004,1.388388e-002
1.336449e+004,-5.730588e-002
1.336835e+004,-1.230256e-001
1.337221e+004,-1.801428e-001
1.337607e+004,-2.245349e-001
1.337992e+004,-2.537642e-001
1.338378e+004,-2.688337e-001
1.338764e+004,-2.737021e-001
1.339149e+004,-2.726774e-001
1.339535e+004,-2.685732e-001
1.339921e+004,-2.576114e-001
1.340306e+004,-2.324514e-001
1.340692e+004,-1.851769e-001
1.341078e+004,-1.118250e-001
1.341463e+004,-1.587391e-002
1.341849e+004,9.121557e-002
1.342235e+004,1.930031e-001
1.342621e+004,2.715256e-001
1.343006e+004,3.200557e-001
1.343392e+004,3.387910e-001
1.343778e+004,3.373537e-001
1.344163e+004,3.311773e-001
1.344549e+004,3.357236e-001
1.344935e+004,3.607062e-001
1.345321e+004,4.063786e-001
1.345706e+004,4.627525e-001
1.346092e+004,5.139104e-001
1.346478e+004,5.416183e-001
1.346863e+004,5.314810e-001
1.347249e+004,4.775947e-001
1.347635e+004,3.848937e-001
1.348020e+004,2.684701e-001
1.348406e+004,1.499997e-001
1.348792e+004,5.235712e-002
1.349178e+004,-7.415570e-003
1.349563e+004,-2.181468e-002
1.349949e+004,4.941100e-003
1.350335e+004,5.870166e-002
1.350720e+004,1.203663e-001
1.351106e+004,1.723231e-001
1.351492e+004,2.039415e-001
1.351877e+004,2.140643e-001
1.352263e+004,2.089076e-001
1.352649e+004,1.976708e-001
1.353034e+004,1.863950e-001
1.353420e+004,1.739442e-001
1.353806e+004,1.520027e-001
1.354192e+004,1.092847e-001
1.354577e+004,3.811816e-002
1.354963e+004,-6.182964e-002
1.355349e+004,-1.751830e-001
1.355734e+004,-2.792572e-001
1.356120e+004,-3.503854e-001
1.356506e+004,-3.726700e-001
1.356892e+004,-3.439239e-001
1.357277e+004,-2.761271e-001
1.357663e+004,-1.902557e-001
1.358049e+004,-9.474911e-002
1.358434e+004,-1.956418e-002
1.358820e+004,3.069024e-002
1.359206e+004,6.419212e-002
1.359591e+004,9.365125e-002
1.359977e+004,1.271705e-001
1.360363e+004,1.632559e-001
1.360749e+004,1.921509e-001
1.361134e+004,1.927868e-001
1.361520e+004,1.451528e-001
1.361906e+004,5.888129e-002
1.362291e+004,-4.209197e-002
1.362677e+004,-1.311735e-001
1.363063e+004,-1.887229e-001
1.363448e+004,-2.043970e-001
1.363834e+004,-1.744641e-001
1.364220e+004,-1.306307e-001
1.364605e+004,-6.804027e-002
1.364991e+004,1.076649e-002
1.365377e+004,9.787819e-002
1.365763e+004,1.806762e-001
1.366148e+004,2.456056e-001
1.366534e+004,2.834917e-001
1.366920e+004,2.936819e-001
1.367305e+004,2.837967e-001
1.367691e+004,2.698036e-001
1.368077e+004,2.636895e-001
1.368463e+004,2.719640e-001
1.368848e+004,2.928613e-001
1.369234e+004,3.170077e-001
1.369620e+004,3.312332e-001
1.370005e+004,3.238492e-001
1.370391e+004,2.905858e-001
1.370777e+004,2.330430e-001
1.371162e+004,1.598156e-001
1.371548e+004,8.275653e-002
1.371934e+004,1.305156e-002
1.372320e+004,-4.182056e-002
1.372705e+004,-7.924759e-002
1.373091e+004,-1.007070e-001
1.373477e+004,-1.096772e-001
1.373862e+004,-1.102345e-001
1.374248e+004,-1.045336e-001
1.374634e+004,-9.317355e-002
1.375019e+004,-7.592045e-002
1.375405e+004,-5.278628e-002
1.375791e+004,-2.488298e-002
1.376176e+004,5.311221e-003
1.376562e+004,3.379298e-002
1.376948e+004,5.738359e-002
1.377334e+004,7.276726e-002
1.377719e+004,7.751764e-002
1.378105e+004,7.031167e-002
1.378491e+004,5.094103e-002
1.378876e+004,2.027866e-002
1.379262e+004,-1.968070e-002
1.379648e+004,-6.544458e-002
1.380033e+004,-1.126413e-001
1.380419e+004,-1.554755e-001
1.380805e+004,-1.873180e-001
1.381191e+004,-2.016231e-001
1.381576e+004,-1.932724e-001
1.381962e+004,-1.601070e-001
1.382348e+004,-1.042290e-001
1.382733e+004,-3.271972e-002
1.383119e+004,4.341732e-002
1.383505e+004,1.107965e-001
1.383891e+004,1.567127e-001
1.384276e+004,1.724994e-001
1.384662e+004,1.562738e-001
1.385048e+004,1.140832e-001
1.385433e+004,5.883768e-002
1.385819e+004,7.089145e-003
1.386205e+004,-2.555420e-002
1.386590e+004,-2.891637e-002
1.386976e+004,-1.269277e-003
1.387362e+004,5.020276e-002
1.387747e+004,1.116723e-001
1.388133e+004,1.669020e-001
1.388519e+004,2.019866e-001
1.388905e+004,2.090024e-001
1.389290e+004,1.874325e-001
1.389676e+004,1.432715e-001
1.390062e+004,8.621140e-002
1.390447e+004,2.638470e-002
1.390833e+004,-2.808482e-002
1.391219e+004,-7.196750e-002
1.391604e+004,-1.023049e-001
1.391990e+004,-1.171292e-001
1.392376e+004,-1.140863e-001
1.392762e+004,-9.084670e-002
1.393147e+004,-4.613111e-002
1.393533e+004,1.859241e-002
1.393919e+004,9.793237e-002
1.394304e+004,1.827862e-001
1.394690e+004,2.622048e-001
1.395076e+004,3.265699e-001
1.395462e+004,3.696845e-001
1.395847e+004,3.911086e-001
1.396233e+004,3.954130e-001
1.396619e+004,3.898125e-001
1.397004e+004,3.809773e-001
1.397390e+004,3.724421e-001
1.397776e+004,3.637640e-001
1.398161e+004,3.519586e-001
1.398547e+004,3.335553e-001
1.398933e+004,3.080385e-001
1.399318e+004,2.790484e-001
1.399704e+004,2.536303e-001
1.400090e+004,2.395253e-001
1.400476e+004,2.416654e-001
1.400861e+004,2.594746e-001
1.401247e+004,2.865196e-001
1.401633e+004,3.115187e-001
1.402018e+004,3.231337e-001
1.402404e+004,3.139039e-001
1.402790e+004,2.831186e-001
1.403175e+004,2.372096e-001
1.403561e+004,1.875586e-001
1.403947e+004,1.466440e-001
1.404333e+004,1.232164e-001
1.404718e+004,1.224179e-001
1.405104e+004,1.417735e-001
1.405490e+004,1.737278e-001
1.405875e+004,2.083967e-001
1.406261e+004,2.364504e-001
1.406647e+004,2.511623e-001
1.407032e+004,2.492245e-001
1.407418e+004,2.269996e-001
1.407804e+004,1.891127e-001
1.408190e+004,1.398259e-001
1.408575e+004,8.437758e-002
1.408961e+004,2.833363e-002
1.409347e+004,-2.308198e-002
1.409732e+004,-6.576572e-002
1.410118e+004,-9.748949e-002
1.410504e+004,-1.243147e-001
1.410889e+004,-1.397948e-001
1.411275e+004,-1.476847e-001
1.411661e+004,-1.517146e-001
1.412047e+004,-1.542557e-001
1.412432e+004,-1.558808e-001
1.412818e+004,-1.559720e-001
1.413204e+004,-1.539369e-001
1.413589e+004,-1.483995e-001
1.413975e+004,-1.416833e-001
1.414361e+004,-1.358369e-001
1.414746e+004,-1.312360e-001
1.415132e+004,-1.250774e-001
1.415518e+004,-1.112648e-001
1.415904e+004,-8.210400e-002
1.416289e+004,-3.134425e-002
1.416675e+004,3.027406e-002
1.417061e+004,1.092916e-001
1.417446e+004,1.970903e-001
1.417832e+004,2.810597e-001
1.418218e+004,3.473073e-001
1.418603e+004,3.838939e-001
1.418989e+004,3.837313e-001
1.419375e+004,3.463981e-001
1.419761e+004,2.826329e-001
1.420146e+004,2.026478e-001
1.420532e+004,1.185779e-001
1.420918e+004,4.260074e-002
1.421303e+004,-1.532847e-002
1.421689e+004,-4.909299e-002
1.422075e+004,-5.703665e-002
1.422460e+004,-4.153015e-002
1.422846e+004,-9.214688e-003
1.423232e+004,3.414816e-002
1.423618e+004,8.263287e-002
1.424003e+004,1.309104e-001
1.424389e+004,1.742797e-001
1.424775e+004,2.084297e-001
1.425160e+004,2.293158e-001
1.425546e+004,2.334501e-001
1.425932e+004,2.191093e-001
1.426317e+004,1.864384e-001
1.426703e+004,1.383239e-001
1.427089e+004,8.062012e-002
1.427475e+004,2.143396e-002
1.427860e+004,-3.030131e-002
1.428246e+004,-6.659116e-002
1.428632e+004,-8.197590e-002
1.429017e+004,-7.447822e-002
1.429403e+004,-4.615383e-002
1.429789e+004,-1.984380e-003
1.430174e+004,5.090516e-002
1.430560e+004,1.044621e-001
1.430946e+004,1.508767e-001
1.431332e+004,1.836159e-001
1.431717e+004,1.983087e-001
1.432103e+004,1.934432e-001
1.432489e+004,1.708173e-001
1.432874e+004,1.355616e-001
1.433260e+004,9.555644e-002
1.433646e+004,6.016126e-002
1.434031e+004,3.839831e-002
1.434417e+004,3.694294e-002
1.434803e+004,5.843372e-002
1.435189e+004,1.006915e-001
1.435574e+004,1.568092e-001
1.435960e+004,2.168232e-001
1.436346e+004,2.700346e-001
1.436731e+004,3.076007e-001
1.437117e+004,3.246219e-001
1.437503e+004,3.211311e-001
1.437888e+004,3.016797e-001
1.438274e+004,2.733264e-001
1.438660e+004,2.441239e-001
1.439046e+004,2.198229e-001
1.439431e+004,2.024501e-001
1.439817e+004,1.900693e-001
1.440203e+004,1.780506e-001
1.440588e+004,1.614203e-001
1.440974e+004,1.374597e-001
1.441360e+004,1.071812e-001
1.441745e+004,7.699072e-002
1.442131e+004,5.580285e-002
1.442517e+004,5.259772e-002
1.442903e+004,7.310875e-002
1.443288e+004,1.173550e-001
1.443674e+004,1.790146e-001
1.444060e+004,2.469947e-001
1.444445e+004,3.103619e-001
1.444831e+004,3.565637e-001
1.445217e+004,3.802909e-001
1.445602e+004,3.827987e-001
1.445988e+004,3.703924e-001
1.446374e+004,3.510757e-001
1.446760e+004,3.307560e-001
1.447145e+004,3.105789e-001
1.447531e+004,2.687181e-001
1.447917e+004,1.865333e-001
1.448302e+004,7.001730e-002
1.448688e+004,-5.300675e-002
1.449074e+004,-1.383852e-001
1.449459e+004,-1.455311e-001
1.449845e+004,-5.984329e-002
1.450231e+004,9.661771e-002
1.450617e+004,2.177158e-001
1.451002e+004,3.294856e-001
1.451388e+004,4.166525e-001
1.451774e+004,4.700021e-001
1.452159e+004,4.867303e-001
1.452545e+004,4.691777e-001
1.452931e+004,4.231209e-001
1.453316e+004,3.564990e-001
1.453702e+004,2.933884e-001
1.454088e+004,2.298186e-001
1.454474e+004,1.721142e-001
1.454859e+004,1.259122e-001
1.455245e+004,9.493015e-002
1.455631e+004,7.985506e-002
1.456016e+004,7.787532e-002
1.456402e+004,8.323023e-002
1.456788e+004,8.916561e-002
1.457173e+004,8.883289e-002
1.457559e+004,7.829031e-002
1.457945e+004,5.722960e-002
1.458331e+004,2.901646e-002
1.458716e+004,-3.855377e-004
1.459102e+004,-2.427665e-002
1.459488e+004,-3.726846e-002
1.459873e+004,-3.696157e-002
1.460259e+004,-2.462213e-002
1.460645e+004,-4.601177e-003
1.461030e+004,1.692808e-002
1.461416e+004,3.387747e-002
1.461802e+004,4.213140e-002
1.462188e+004,4.083439e-002
1.462573e+004,3.270144e-002
1.462959e+004,2.314113e-002
1.463345e+004,1.899971e-002
1.463730e+004,2.633373e-002
1.464116e+004,4.894926e-002
1.464502e+004,8.753448e-002
1.464887e+004,1.396738e-001
1.465273e+004,2.005439e-001
1.465659e+004,2.638955e-001
1.466045e+004,3.228914e-001
1.466430e+004,3.708852e-001
1.466816e+004,4.015355e-001
1.467202e+004,4.095247e-001
1.467587e+004,3.916425e-001
1.467973e+004,3.483063e-001
1.468359e+004,2.849797e-001
1.468744e+004,2.126473e-001
1.469130e+004,1.467270e-001
1.469516e+004,1.029476e-001
1.469902e+004,9.372925e-002
1.470287e+004,1.233989e-001
1.470673e+004,1.856515e-001
1.471059e+004,2.643678e-001
1.471444e+004,3.380278e-001
1.471830e+004,3.865354e-001
1.472216e+004,3.978518e-001
1.472601e+004,3.730266e-001
1.472987e+004,3.249091e-001
1.473373e+004,2.737737e-001
1.473758e+004,2.397490e-001
1.474144e+004,2.353549e-001
1.474530e+004,2.611198e-001
1.474916e+004,3.060282e-001
1.475301e+004,3.521536e-001
1.475687e+004,3.832719e-001
1.476073e+004,3.901859e-001
1.476458e+004,3.740777e-001
1.476844e+004,3.448549e-001
1.477230e+004,3.157752e-001
1.477616e+004,2.968861e-001
1.478001e+004,2.902882e-001
1.478387e+004,2.891638e-001
1.478773e+004,2.816187e-001
1.479158e+004,2.558808e-001
1.479544e+004,2.060086e-001
1.479930e+004,1.347216e-001
1.480315e+004,5.235920e-002
1.480701e+004,-2.738421e-002
1.481087e+004,-9.287276e-002
1.481472e+004,-1.382459e-001
1.481858e+004,-1.654565e-001
1.482244e+004,-1.808475e-001
1.482630e+004,-1.912391e-001
1.483015e+004,-1.998611e-001
1.483401e+004,-2.044192e-001
1.483787e+004,-1.981497e-001
1.484172e+004,-1.732615e-001
1.484558e+004,-1.250190e-001
1.484944e+004,-5.497064e-002
1.485329e+004,2.916881e-002
1.485715e+004,1.155954e-001
1.486101e+004,1.922645e-001
1.486487e+004,2.506667e-001
1.486872e+004,2.880174e-001
1.487258e+004,3.071280e-001
1.487644e+004,3.142358e-001
1.488029e+004,3.159226e-001
1.488415e+004,3.163546e-001
1.488801e+004,3.159713e-001
1.489187e+004,3.118873e-001
1.489572e+004,2.996840e-001
1.489958e+004,2.757682e-001
1.490344e+004,2.394053e-001
1.490729e+004,1.937488e-001
1.491115e+004,1.455090e-001
1.491501e+004,1.034815e-001
1.491886e+004,7.627243e-002
1.492272e+004,6.983137e-002
1.492658e+004,8.544929e-002
1.493043e+004,1.188381e-001
1.493429e+004,1.607015e-001
1.493815e+004,1.988380e-001
1.494201e+004,2.215122e-001
1.494586e+004,2.209315e-001
1.494972e+004,1.960258e-001
1.495358e+004,1.533266e-001
1.495743e+004,1.054600e-001
1.496129e+004,6.747686e-002
1.496515e+004,5.209625e-002
1.496900e+004,6.534845e-002
1.497286e+004,1.044212e-001
1.497672e+004,1.581934e-001
1.498058e+004,2.106730e-001
1.498443e+004,2.461646e-001
1.498829e+004,2.544699e-001
1.499215e+004,2.343551e-001
1.499600e+004,1.941134e-001
1.499986e+004,1.490041e-001
