label,area,perimeter,solidity,major_axis_length,minor_axis_length,aspect_ratio,circularity,length_um,width_um,area_um2,length_nm,width_nm,area_nm2,scan_width,scan_height
1,390.0,82.62741699796952,0.9466019417475728,35.412782963486215,14.503241267101762,2.4417150836354318,0.7178374598210249,0.0796171434254875,0.0326070572111742,0.0019713224807639,79.61714342548751,32.6070572111742,1971.322480764,3.4533273599999994,2.27973564
2,98.0,34.384776310850235,0.98,12.765338943694468,9.833595444709683,1.2981354597582124,1.041606143919553,0.0286998009335505,0.0221084792945229,0.0004953579567047,28.69980093355052,22.10847929452299,495.3579567047999,3.4533273599999994,2.27973564
3,95.0,35.55634918610404,0.9223300970873788,13.55859114015482,8.963116616429291,1.5127094425282914,0.9442764184300244,0.0304832381167644,0.0201514165640533,0.0004801939376219,30.48323811676447,20.151416564053317,480.1939376219999,3.4533273599999994,2.27973564
4,118.0,40.38477631085024,0.9147286821705426,14.425430227266496,10.79542788622255,1.33625367880755,0.9091938888456552,0.0324321177627541,0.0242709286994787,0.0005964514172567,32.43211776275417,24.270928699478706,596.4514172567999,3.4533273599999994,2.27973564
5,103.0,36.38477631085024,0.9537037037037036,13.734330115584475,9.66867940808079,1.4204970023213033,0.977704626280718,0.0308783450256639,0.0217377051660117,0.0005206313218427,30.878345025663947,21.737705166011715,520.6313218427999,3.4533273599999994,2.27973564
6,183.0,54.72792206135785,0.9786096256684492,23.992255146475777,9.91371841072848,2.420106578830372,0.7677910333222949,0.0539408275556156,0.0222886165541044,0.0009250051640507,53.94082755561563,22.288616554104408,925.0051640507996,3.4533273599999994,2.27973564
7,192.0,52.38477631085023,0.9365853658536586,17.65095597090021,14.310701725243868,1.2334095357297663,0.8792267751219915,0.0396839382711361,0.0321741782607967,0.0009704972212991,39.6839382711361,32.17417826079677,970.4972212991996,3.4533273599999994,2.27973564
8,81.0,31.07106781186548,0.9642857142857144,10.976688071875603,9.445729959959584,1.162079385966542,1.0543444718750512,0.024678448724475,0.0212364568397787,0.0004094285152355,24.67844872447504,21.23645683977873,409.4285152355999,3.4533273599999994,2.27973564
9,220.0,56.970562748477136,0.9361702127659576,22.708650677444712,12.701395548230108,1.7878862673959537,0.8517880169356261,0.0510549509720718,0.0285560395552638,0.0011120280660719,51.05495097207184,28.55603955526382,1112.0280660719998,3.4533273599999994,2.27973564
10,207.0,54.38477631085024,0.9539170506912442,19.707934242783143,13.635138745956205,1.445378342675681,0.8794790858253089,0.0443085602406796,0.0306553370369834,0.0010463173167131,44.308560240679626,30.655337036983493,1046.3173167131995,3.4533273599999994,2.27973564
11,316.0,67.21320343559643,0.9461077844311376,22.00989599177908,18.740992217027564,1.174425331214933,0.8789977374581597,0.0494839687624772,0.0421346231618543,0.0015972766767215,49.483968762477225,42.13462316185439,1597.2766767215996,3.4533273599999994,2.27973564
12,278.0,65.55634918610404,0.9586206896551724,25.87281368104481,14.230635061797733,1.818106751293244,0.8128775703268487,0.0581688120865458,0.0319941675840373,0.0014051991016727,58.1688120865458,31.994167584037367,1405.1991016727998,3.4533273599999994,2.27973564
13,152.0,45.79898987322333,0.9212121212121211,14.928764311028203,13.386037978665277,1.1152489134441224,0.9106293695844326,0.0335637436499122,0.0300952937459139,0.0007683103001951,33.56374364991227,30.095293745913988,768.3103001951998,3.4533273599999994,2.27973564
14,114.0,38.14213562373095,0.957983193277311,14.049762413987931,10.424905782176063,1.347711212700785,0.9847017352631752,0.0315875188448725,0.0234378986738351,0.0005762327251463,31.587518844872505,23.43789867383516,576.2327251463998,3.4533273599999994,2.27973564
15,204.0,55.21320343559643,0.9230769230769232,21.61190663121755,12.185958289036105,1.7735089944187743,0.840918952625489,0.0485891852027011,0.0273972025829083,0.0010311532976303,48.58918520270117,27.39720258290831,1031.1532976303995,3.4533273599999994,2.27973564
16,102.0,35.31370849898476,0.9622641509433962,11.831819906469224,11.087726554442616,1.067109641311317,1.0278349479270763,0.0266010074229184,0.0249280921032911,0.0005155766488151,26.601007422918496,24.928092103291156,515.5766488151999,3.4533273599999994,2.27973564
17,640.0,112.48528137423855,0.9566517189835576,50.64885951693535,16.818814518902542,3.0114405185937136,0.6356212967260044,0.113871804897545,0.0378130679302678,0.0032349907376639,113.87180489754506,37.81306793026783,3234.9907376639994,3.4533273599999994,2.27973564
18,439.0,83.79898987322333,0.9502164502164502,32.40158822950942,17.97051995510234,1.803041220313144,0.7855915746369567,0.0728471947528768,0.0404024011942583,0.0022190014591163,72.84719475287685,40.40240119425838,2219.0014591163995,3.4533273599999994,2.27973564
19,225.0,61.79898987322333,0.9375,26.02315185902273,11.250494284396106,2.313067426301046,0.7403372974264655,0.0585068113985664,0.0252940362798363,0.0011373014312099,58.506811398566434,25.294036279836387,1137.3014312099997,3.4533273599999994,2.27973564
20,247.0,58.38477631085024,0.9391634980988594,19.19319267712921,16.729561709472037,1.14726213456401,0.9105579195907249,0.0431512873682825,0.0376124044089376,0.0012485042378171,43.15128736828253,37.6124044089376,1248.5042378171995,3.4533273599999994,2.27973564
21,115.0,39.55634918610404,0.9426229508196722,14.175960321882371,10.664586981831938,1.329255445713216,0.9235816600887752,0.0318712445532752,0.0239767643277734,0.0005812873981739,31.87124455327526,23.97676432777347,581.2873981739999,3.4533273599999994,2.27973564
22,122.0,40.970562748477136,0.931297709923664,15.818302575781956,10.079930898898716,1.5692868070663246,0.913326031989208,0.0355636569490275,0.022662305442758,0.0006166701093671,35.56365694902753,22.662305442758026,616.6701093671999,3.4533273599999994,2.27973564
23,208.0,53.79898987322333,0.9369369369369368,19.156241243009188,14.087885753012396,1.3597669358521758,0.9030773628127584,0.0430682109370078,0.0316732300230676,0.0010513719897407,43.06821093700784,31.67323002306765,1051.3719897407998,3.4533273599999994,2.27973564
24,743.0,105.79898987322332,0.9513444302176696,36.57552445073916,26.93954390557651,1.357689075172798,0.8341336380032549,0.0822312886016188,0.0605670989811514,0.0037556220595067,82.23128860161881,60.56709898115144,3755.6220595068,3.4533273599999994,2.27973564
25,232.0,57.55634918610404,0.9508196721311476,21.554188977226925,13.924701721523332,1.5479102826246351,0.8800581546038366,0.0484594209099402,0.031306349892432,0.0011726841424031,48.4594209099402,31.30634989243204,1172.6841424031998,3.4533273599999994,2.27973564
26,228.0,55.89949493661166,0.9827586206896552,21.084149393706312,14.065177563955064,1.4990318677340284,0.916914716231056,0.0474026497158941,0.0316221761099376,0.0011524654502927,47.40264971589415,31.62217610993761,1152.4654502927997,3.4533273599999994,2.27973564
27,321.0,69.59797974644667,0.9277456647398844,25.30033039174196,16.57695940438123,1.5262346836088152,0.8327634002482246,0.0568817208065377,0.0372693147504941,0.0016225500418595,56.88172080653778,37.26931475049414,1622.5500418595996,3.4533273599999994,2.27973564
28,157.0,46.72792206135786,0.940119760479042,17.590551996056774,11.673227174818614,1.5069142176897716,0.9035591302612984,0.0395481344306546,0.0262444497280576,0.0007935836653331,39.5481344306546,26.24444972805769,793.5836653331999,3.4533273599999994,2.27973564
29,131.0,46.970562748477136,0.916083916083916,20.201326458507097,8.660788578479272,2.332504283582709,0.7461559951917559,0.0454178342236031,0.0194717045294518,0.0006621621666155,45.41783422360316,19.47170452945181,662.1621666155999,3.4533273599999994,2.27973564
30,132.0,41.21320343559643,0.9496402877697842,14.321239747100789,11.91176538337909,1.2022768486595383,0.9765872490115112,0.0321978704738168,0.0267807456408358,0.0006672168396431,32.19787047381681,26.780745640835868,667.2168396431998,3.4533273599999994,2.27973564
31,497.0,96.8700576850888,0.9119266055045872,41.19668027800948,15.971834587451038,2.5793330160316983,0.6655598819596735,0.0926208484018375,0.0359088368295826,0.0025121724947171,92.62084840183758,35.90883682958267,2512.1724947171992,3.4533273599999994,2.27973564
32,353.0,73.79898987322333,0.9592391304347826,29.942767689447617,15.415121732925764,1.9424282343156385,0.8144862078026186,0.0673191268854774,0.0346572015872676,0.0017842995787427,67.31912688547749,34.65720158726768,1784.2995787427997,3.4533273599999994,2.27973564
33,286.0,62.72792206135786,0.9761092150170648,21.03287173828649,17.710326583125106,1.187604962537913,0.9133854616521772,0.0472873642143199,0.0398174188437768,0.0014456364858935,47.28736421431999,39.81741884377684,1445.6364858935997,3.4533273599999994,2.27973564
34,87.0,33.55634918610404,0.9157894736842104,12.056932277305997,9.33175753184016,1.2920323139738128,0.9709116374994438,0.0271071185617759,0.0209802171885349,0.0004397565534011,27.107118561775977,20.980217188534954,439.7565534011999,3.4533273599999994,2.27973564
35,174.0,49.21320343559643,0.93048128342246,17.089875876282854,13.303616620981773,1.284603755743351,0.9028089198952716,0.0384224843376116,0.0299099891042884,0.0008795131068023,38.422484337611685,29.90998910428848,879.5131068023998,3.4533273599999994,2.27973564
36,211.0,54.14213562373095,0.9723502304147466,21.607056946829136,12.62706122900346,1.711170679777751,0.9045270405556556,0.048578281851278,0.0283889166787193,0.0010665360088235,48.578281851278064,28.38891667871932,1066.5360088235998,3.4533273599999994,2.27973564
37,137.0,46.7634559672906,0.9013157894736842,17.422843830212077,10.43869902420468,1.6690627624968346,0.7872582715245209,0.0391710828697126,0.0234689094681584,0.0006924902047811,39.1710828697126,23.46890946815841,692.4902047811999,3.4533273599999994,2.27973564
38,183.0,52.04163056034261,0.9384615384615383,19.361770755041046,12.526222098038469,1.5456991424471858,0.8491006298844068,0.0435302947177285,0.0281622040941359,0.0009250051640507,43.53029471772858,28.16220409413596,925.0051640507996,3.4533273599999994,2.27973564
39,84.0,31.899494936611667,0.9655172413793104,11.88666294462885,9.128075181134454,1.302209141440436,1.0373409829167106,0.0267243088318912,0.0205222863067373,0.0004245925343183,26.724308831891253,20.522286306737342,424.5925343183999,3.4533273599999994,2.27973564
40,161.0,45.55634918610404,0.9470588235294116,15.655218676300024,13.157890867745822,1.1897969692601684,0.9748502643694956,0.0351970019411782,0.0295823597223182,0.0008138023574435,35.19700194117829,29.582359722318216,813.8023574435998,3.4533273599999994,2.27973564
41,569.0,107.21320343559644,0.957912457912458,49.33615416284943,15.247426440685114,3.235703700868788,0.6220504166858694,0.1109205019581678,0.0342801789695347,0.0028761089527043,110.92050195816785,34.28017896953471,2876.1089527044,3.4533273599999994,2.27973564
42,113.0,38.97056274847714,0.9112903225806452,13.265070042991292,11.059625098066665,1.1994140782683638,0.9350071955725154,0.0298233263748556,0.0248649127229793,0.0005711780521187,29.8233263748556,24.864912722979355,571.1780521187999,3.4533273599999994,2.27973564
43,196.0,52.04163056034261,0.9514563106796116,17.718523685001017,14.332742680999734,1.2362270138631355,0.9094192538652665,0.0398358480600403,0.0322237320599844,0.0009907159134095,39.835848060040384,32.22373205998446,990.7159134095998,3.4533273599999994,2.27973564
44,482.0,84.14213562373095,0.9659318637274548,26.192909142670384,24.237139325965806,1.0806930962603047,0.8555193579692465,0.0588884699091001,0.0544913908609958,0.0024363523993031,58.88846990910011,54.49139086099588,2436.3523993031995,3.4533273599999994,2.27973564
45,124.0,41.21320343559643,0.9465648854961832,14.883713167845135,10.827882174707224,1.374572878398317,0.9174001430108136,0.0334624569667395,0.0243438943781072,0.0006267794554223,33.4624569667395,24.343894378107255,626.7794554223999,3.4533273599999994,2.27973564
46,427.0,82.38477631085023,0.9617117117117115,31.940316454896063,17.654462812882375,1.809192202188637,0.790576326345707,0.0718101358728846,0.0396918225636909,0.0021583453827851,71.81013587288462,39.69182256369093,2158.3453827851995,3.4533273599999994,2.27973564
47,246.0,58.97056274847714,0.9609375,22.157251224389984,14.553580225888677,1.5224605135288631,0.8889440485558366,0.049815261637747,0.0327202322786564,0.0012434495647895,49.81526163774702,32.720232278656475,1243.4495647895997,3.4533273599999994,2.27973564
48,105.0,35.89949493661167,0.9722222222222222,12.420018387797734,10.899325549857547,1.1395217374675135,1.023817352053133,0.0279234305405501,0.0245045176607227,0.0005307406678979,27.92343054055013,24.50451766072273,530.7406678979999,3.4533273599999994,2.27973564
49,119.0,38.48528137423857,0.967479674796748,12.947075332375904,11.824378844689145,1.0949476080251783,1.0096421969282818,0.0291083915867674,0.0265842779813608,0.0006015060902843,29.108391586767443,26.584277981360813,601.5060902843999,3.4533273599999994,2.27973564
50,214.0,53.55634918610404,0.9596412556053812,18.95127692869609,14.564926210612365,1.3011584579733553,0.9375656950493698,0.0426073978677102,0.0327457410022713,0.0010817000279063,42.60739786771026,32.74574100227135,1081.7000279063998,3.4533273599999994,2.27973564
51,375.0,76.8700576850888,0.9445843828715366,30.329597385228688,16.103161946405162,1.8834560247342853,0.7974927026638947,0.0681888206173142,0.0362040948776248,0.0018955023853499,68.18882061731424,36.20409487762487,1895.5023853499997,3.4533273599999994,2.27973564
52,250.0,60.38477631085024,0.9328358208955224,21.113521990058707,15.490121406086768,1.3630314079889814,0.8615786905657158,0.0474686869493693,0.0348258203524486,0.0012636682568999,47.468686949369385,34.82582035244863,1263.6682568999995,3.4533273599999994,2.27973564
53,788.0,111.79898987322332,0.9668711656441716,44.02317604824636,23.62010016706388,1.8638014122240152,0.7922464872698157,0.0989755457822303,0.053104126401603,0.0039830823457487,98.97554578223034,53.10412640160303,3983.082345748799,3.4533273599999994,2.27973564
54,358.0,76.87005768508881,0.9156010230179028,27.68575923449508,17.12773814942402,1.616428216788573,0.7613397001431311,0.0622447850565459,0.038507608571824,0.0018095729438807,62.2447850565459,38.50760857182404,1809.5729438808,3.4533273599999994,2.27973564
55,91.0,34.72792206135785,0.9381443298969072,12.170957954965257,9.91482325345,1.2275516813403813,0.9481862649764556,0.0273634779318301,0.0222911005278014,0.0004599752455115,27.363477931830182,22.291100527801497,459.9752455115999,3.4533273599999994,2.27973564
56,245.0,61.21320343559643,0.9645669291338582,25.211316231854926,12.64307820122067,1.9940805419854808,0.8216478682704392,0.0566815938314301,0.0284249269966763,0.0012383948917619,56.68159383143015,28.42492699667638,1238.3948917619998,3.4533273599999994,2.27973564
57,149.0,44.14213562373095,0.9612903225806452,16.82419148175039,11.351727619314255,1.4820820271555033,0.9609249081796668,0.0378251567407601,0.0255216351373994,0.0007531462811123,37.82515674076013,25.521635137399468,753.1462811123998,3.4533273599999994,2.27973564
58,391.0,81.79898987322333,0.9135514018691588,32.860468011213946,15.826006086865974,2.076358863433327,0.7343291022738946,0.0738788758108918,0.0355809764448572,0.0019763771537915,73.87887581089186,35.58097644485729,1976.3771537915995,3.4533273599999994,2.27973564
59,181.0,52.38477631085024,0.9282051282051282,21.248329276271985,10.970655039297675,1.9368332337639769,0.8288544077972938,0.0477717687786712,0.0246648848986513,0.0009148958179955,47.771768778671245,24.664884898651387,914.8958179955998,3.4533273599999994,2.27973564
60,140.0,42.970562748477136,0.958904109589041,14.190366294865608,12.781141813241693,1.1102581054349865,0.9527869872187168,0.0319036329260945,0.0287353298930387,0.0007076542238639,31.90363292609455,28.735329893038763,707.6542238639998,3.4533273599999994,2.27973564
61,98.0,36.970562748477136,0.9245283018867924,14.195407285491422,8.952916761478303,1.585562299268767,0.9009979798050612,0.0319149663836789,0.0201284846381612,0.0004953579567047,31.91496638367894,20.128484638161208,495.3579567047999,3.4533273599999994,2.27973564
62,169.0,47.79898987322333,0.9388888888888888,17.000160588985377,12.833929483946704,1.324626304846851,0.9295208395152792,0.0382207810457922,0.028854010301578,0.0008542397416643,38.22078104579226,28.85401030157801,854.2397416643998,3.4533273599999994,2.27973564
63,595.0,98.62741699796952,0.947452229299363,36.77695514822173,21.48962968094489,1.7113815218897088,0.7686550965556642,0.0826841571815409,0.0483142748264811,0.0030075304514219,82.68415718154098,48.31427482648116,3007.5304514219997,3.4533273599999994,2.27973564
64,158.0,46.97056274847714,0.9461077844311376,15.608844395860295,13.589417226455238,1.1486029265091464,0.8999438720633389,0.0350927405014368,0.0305525431735502,0.0007986383383607,35.092740501436865,30.552543173550248,798.6383383607998,3.4533273599999994,2.27973564
65,269.0,65.21320343559643,0.9275862068965516,24.01296351578653,14.739075770613285,1.629204156997652,0.7948607923261859,0.0539873853540022,0.033137274492039,0.0013597070444243,53.98738535400222,33.13727449203902,1359.7070444243998,3.4533273599999994,2.27973564
66,102.0,35.31370849898477,0.9622641509433962,11.646027330459598,11.279308328124667,1.032512543470465,1.027834947927076,0.026183297405979,0.0253588177417895,0.0005155766488151,26.18329740597909,25.35881774178956,515.5766488151999,3.4533273599999994,2.27973564
67,110.0,36.72792206135786,0.9649122807017544,13.653827598526828,10.26180111664814,1.3305488425784888,1.0247309014710693,0.0306973544366639,0.0230711969785153,0.0005560140330359,30.69735443666392,23.071196978515346,556.0140330359999,3.4533273599999994,2.27973564
68,81.0,30.485281374238568,0.9878048780487804,10.861046340283592,9.498194251396134,1.143485388150188,1.0952530398126927,0.0244184560450059,0.0213544102076438,0.0004094285152355,24.418456045005986,21.35441020764387,409.4285152355999,3.4533273599999994,2.27973564
69,444.0,92.0416305603426,0.9117043121149896,38.47782520555749,15.423813605294445,2.4947024251090166,0.6586037914802,0.0865081552966466,0.0346767431762392,0.0022442748242543,86.50815529664668,34.676743176239285,2244.2748242543994,3.4533273599999994,2.27973564
70,104.0,36.72792206135786,0.9541284403669724,12.757518119356066,10.538188826453718,1.2105987403956198,0.9688364886635564,0.0286822176870234,0.0236925884109628,0.0005256859948703,28.682217687023464,23.692588410962838,525.6859948703999,3.4533273599999994,2.27973564
71,359.0,77.21320343559643,0.9497354497354498,31.68600159969154,14.908808799432489,2.1253208103988617,0.7566955339760854,0.0712383699565225,0.033518878471412,0.0018146276169083,71.23836995652249,33.51887847141208,1814.6276169084,3.4533273599999994,2.27973564
72,132.0,40.72792206135786,0.9635036496350364,14.46209871452412,11.685036546802143,1.237659690374009,0.9999983636362824,0.0325145580559159,0.0262710002667133,0.0006672168396431,32.51455805591599,26.271000266713383,667.2168396431998,3.4533273599999994,2.27973564
73,156.0,45.79898987322333,0.934131736526946,16.073880414995322,12.546161715665066,1.281179119102663,0.9345933003629704,0.0361382623818173,0.0282070335388611,0.0007885289923055,36.13826238181738,28.20703353886114,788.5289923055998,3.4533273599999994,2.27973564
74,205.0,55.21320343559643,0.9234234234234234,20.48931862465338,12.989276895443345,1.5774025597869163,0.8450411043540452,0.0460653154910632,0.0292032716729494,0.0010362079706579,46.0653154910632,29.203271672949445,1036.2079706579998,3.4533273599999994,2.27973564
75,255.0,60.72792206135785,0.9659090909090908,24.44985261825161,13.614426315804913,1.795878287568233,0.8689068127659069,0.0549696256475103,0.0306087701087715,0.0012889416220379,54.96962564751036,30.608770108771544,1288.9416220379997,3.4533273599999994,2.27973564
76,122.0,38.72792206135786,0.9682539682539684,13.11152392034183,11.924865862545523,1.0995112290129356,1.0221656996368758,0.0294781147691477,0.0268101989241265,0.0006166701093671,29.47811476914772,26.810198924126595,616.6701093671999,3.4533273599999994,2.27973564
77,298.0,67.21320343559643,0.9283489096573208,24.93189609061707,15.67516119510057,1.5905352283337149,0.8289282460839608,0.0560533847046907,0.0352418379084968,0.0015062925622247,56.05338470469073,35.241837908496805,1506.2925622247997,3.4533273599999994,2.27973564
78,96.0,36.38477631085024,0.9142857142857144,12.94613040067598,9.559306802147429,1.3542959409742692,0.9112586808053296,0.0291062671346237,0.0214918071109959,0.0004852486106495,29.106267134623774,21.49180711099597,485.2486106495999,3.4533273599999994,2.27973564
79,212.0,56.38477631085024,0.9177489177489178,21.184031757465583,13.338690781452154,1.5881642437444166,0.8379575171066506,0.0476272112390395,0.0299888449363076,0.0010715906818511,47.62721123903957,29.98884493630761,1071.5906818512,3.4533273599999994,2.27973564
80,95.0,34.14213562373095,0.95,11.644324612778906,10.424144046610024,1.117053310153143,1.0241229604600297,0.0261794692539263,0.0234361860942314,0.0004801939376219,26.1794692539263,23.436186094231445,480.1939376219999,3.4533273599999994,2.27973564
81,91.0,33.31370849898476,0.9479166666666666,11.483773785036057,10.12396334910122,1.1343160172597382,1.0303986803634004,0.0258185092499451,0.0227613018392503,0.0004599752455115,25.81850924994516,22.761301839250308,459.9752455115999,3.4533273599999994,2.27973564
82,147.0,44.72792206135786,0.9423076923076924,15.72551305471282,12.372457914557062,1.2710096217996143,0.923357229302203,0.0353550419803886,0.027816502230982,0.0007430369350571,35.355041980388634,27.816502230982056,743.0369350571998,3.4533273599999994,2.27973564
83,155.0,48.14213562373095,0.9281437125748504,19.226817276857,10.581231642069046,1.817067986718548,0.8404093164055729,0.0432268842108665,0.0237893598515981,0.0007834743192779,43.22688421086651,23.78935985159815,783.4743192779998,3.4533273599999994,2.27973564
84,237.0,59.21320343559643,0.9442231075697212,21.637653580612398,14.267250573788356,1.51659588991623,0.8494172881411276,0.0486470710391476,0.0320764887750254,0.0011979575075411,48.64707103914761,32.0764887750254,1197.9575075411997,3.4533273599999994,2.27973564
85,212.0,54.14213562373095,0.9724770642201837,19.19541371137529,14.365863325306933,1.3361823982802772,0.9088138985677676,0.0431562808307366,0.0322981958797545,0.0010715906818511,43.15628083073661,32.29819587975456,1071.5906818512,3.4533273599999994,2.27973564
86,258.0,62.970562748477136,0.9347826086956522,24.50492996031891,13.931687127828068,1.758934846546414,0.8176254874093016,0.0550934538325865,0.0313220549020107,0.0013041056411207,55.09345383258659,31.322054902010724,1304.1056411207996,3.4533273599999994,2.27973564
87,280.0,65.4558441227157,0.9271523178807948,25.245191697959346,14.38119840492634,1.7554303186104088,0.8212417873477607,0.056757754686854,0.0323326731258596,0.0014153084477279,56.75775468685407,32.332673125859685,1415.3084477279997,3.4533273599999994,2.27973564
88,163.0,45.55634918610404,0.9702380952380952,16.847981627745682,12.399655107949032,1.3587459877771089,0.9869602055417874,0.0378786431743955,0.0278776485929974,0.0008239117034987,37.8786431743955,27.877648592997488,823.9117034987999,3.4533273599999994,2.27973564
89,91.0,32.97056274847714,0.9680851063829788,11.540174147447186,10.058665594819978,1.1472867885567402,1.051958329309275,0.0259453119287396,0.0226144955102099,0.0004599752455115,25.945311928739606,22.61449551020996,459.9752455115999,3.4533273599999994,2.27973564
90,897.0,130.38477631085024,0.9593582887700536,56.35317885600398,21.05407535744973,2.676592436345778,0.6630534430267468,0.1266965978947994,0.0473350354631399,0.0045340417057571,126.69659789479948,47.33503546313992,4534.041705757199,3.4533273599999994,2.27973564
91,996.0,139.21320343559643,0.950381679389313,60.421836370191976,21.831761907232718,2.7676115481167205,0.6458153275171798,0.1358439978376478,0.049083477025555,0.0050344543354895,135.8439978376478,49.08347702555501,5034.454335489599,3.4533273599999994,2.27973564
92,83.0,31.07106781186548,0.988095238095238,10.903703670559404,9.751637813814988,1.1181407553008484,1.0803776687114723,0.0245143608143718,0.0219242172312876,0.0004195378612907,24.514360814371887,21.92421723128768,419.5378612907999,3.4533273599999994,2.27973564
93,380.0,84.8700576850888,0.9178743961352656,34.929527196637814,14.47265210337105,2.41348489186041,0.662955634285616,0.0785306588151129,0.0325382848179249,0.0019207757504879,78.53065881511291,32.538284817925,1920.775750488,3.4533273599999994,2.27973564
94,203.0,56.62741699796952,0.9311926605504588,22.6277116205198,11.868117201134387,1.906596576107032,0.7955223720410955,0.0508729789279498,0.0266826131786224,0.0010260986246027,50.87297892794983,26.6826131786224,1026.0986246028,3.4533273599999994,2.27973564
95,716.0,112.62741699796952,0.9688768606224628,47.63909208276762,19.796437742396595,2.406447700474032,0.7093076407235789,0.1071050651660031,0.0445075391187205,0.0036191458877615,107.10506516600311,44.507539118720565,3619.145887761599,3.4533273599999994,2.27973564
96,120.0,39.55634918610404,0.9523809523809524,14.93185243532584,10.270280996084898,1.453889376641006,0.963737384440461,0.0335706865562456,0.0230902619522578,0.0006065607633119,33.57068655624567,23.09026195225783,606.5607633119998,3.4533273599999994,2.27973564
97,91.0,35.31370849898476,0.9285714285714286,13.835201501140512,8.524063258819078,1.6230758830686152,0.9169900025623916,0.0311051301269541,0.0191643104622725,0.0004599752455115,31.10513012695416,19.164310462272574,459.9752455115999,3.4533273599999994,2.27973564
98,154.0,46.14213562373095,0.9333333333333332,15.171795386185794,13.351222688434046,1.1363599978995842,0.9089399710515428,0.034110140694946,0.0300170199214987,0.0007784196462503,34.11014069494607,30.01701992149872,778.4196462503999,3.4533273599999994,2.27973564
99,152.0,45.55634918610404,0.9212121212121211,15.55751021944578,12.69904779225639,1.2250926584379358,0.9203555290941822,0.0349773279259711,0.0285507611894183,0.0007683103001951,34.97732792597117,28.55076118941835,768.3103001951998,3.4533273599999994,2.27973564
100,198.0,52.970562748477136,0.9166666666666666,17.4733001422501,14.945002562597333,1.1691734457095582,0.8867595629174778,0.0392845217778152,0.033600251461385,0.0010008252594647,39.28452177781521,33.60025146138508,1000.8252594647998,3.4533273599999994,2.27973564
101,442.0,86.04163056034261,0.93446088794926,34.99396759682153,16.65959207933854,2.1005296786481065,0.7502653149268677,0.0786755375892299,0.0374550944882936,0.0022341654781991,78.67553758922996,37.45509448829366,2234.1654781992,3.4533273599999994,2.27973564
102,316.0,68.14213562373095,0.96048632218845,25.7656030749201,16.030177089849207,1.6073186796692134,0.8551956153457199,0.0579277747692198,0.0360400059440243,0.0015972766767215,57.92777476921986,36.04000594402437,1597.2766767215996,3.4533273599999994,2.27973564
103,132.0,42.970562748477136,0.9565217391304348,16.448555711199525,10.35502128862734,1.588461795753579,0.8983420165205045,0.0369806298632614,0.0232807801623693,0.0006672168396431,36.98062986326144,23.280780162369304,667.2168396431998,3.4533273599999994,2.27973564
104,351.0,76.04163056034263,0.9140625,29.81468449024777,15.743744519630386,1.8937479868955425,0.7628060673351357,0.0670311625520444,0.0353960310537042,0.0017741902326875,67.03116255204445,35.396031053704206,1774.1902326875995,3.4533273599999994,2.27973564
105,161.0,45.79898987322333,0.9415204678362572,15.561332658108157,13.22195889115812,1.1769309514730408,0.9645482138361424,0.0349859217619182,0.0297264012966351,0.0008138023574435,34.98592176191824,29.72640129663515,813.8023574435998,3.4533273599999994,2.27973564
106,160.0,45.55634918610404,0.9411764705882352,15.248908504562808,13.540616286545896,1.126160595785754,0.9687952937833496,0.0342835110344683,0.0304428259723896,0.0008087476844159,34.283511034468376,30.442825972389677,808.7476844159999,3.4533273599999994,2.27973564
107,281.0,62.14213562373095,0.9656357388316152,21.632518172144533,16.973328583963756,1.2745006417057605,0.914416038879288,0.0486355253057056,0.0381604557221823,0.0014203631207555,48.63552530570566,38.16045572218235,1420.3631207555998,3.4533273599999994,2.27973564
109,116.0,42.62741699796952,0.8992248062015504,17.217978470591014,8.942022519110587,1.9255127611000007,0.8022132269433343,0.0387104922762909,0.0201039915488155,0.0005863420712015,38.71049227629095,20.103991548815564,586.3420712015999,3.4533273599999994,2.27973564
110,109.0,38.14213562373095,0.9008264462809916,12.73224077520937,11.168222767986975,1.1400417989248528,0.9415130626639132,0.0286253876452722,0.0251090685203543,0.0005509593600083,28.62538764527221,25.109068520354395,550.9593600083999,3.4533273599999994,2.27973564
111,155.0,44.970562748477136,0.9567901234567902,15.22313382281734,13.295011893698844,1.1450259649660282,0.9631300156397083,0.0342255628484873,0.0298906434401273,0.0007834743192779,34.22556284848731,29.89064344012736,783.4743192779998,3.4533273599999994,2.27973564
113,564.0,101.4558441227157,0.9200652528548124,42.83573071283523,17.67331995915731,2.423751214363105,0.688548966603588,0.0963058599324389,0.039734218331375,0.0028508355875663,96.30585993243892,39.73421833137501,2850.835587566399,3.4533273599999994,2.27973564
114,306.0,68.38477631085024,0.9300911854103344,26.497395068771688,15.26781363150087,1.7355068452041955,0.822266182229493,0.0595730334373166,0.0343260146751581,0.0015467299464455,59.573033437316624,34.32601467515814,1546.7299464455996,3.4533273599999994,2.27973564
115,393.0,91.69848480983498,0.8637362637362638,39.41890293192493,13.623765039465114,2.89339274552496,0.587324469611288,0.0886239427057295,0.0306297659876278,0.0019864864998467,88.62394270572953,30.629765987627835,1986.4864998468,3.4533273599999994,2.27973564
116,81.0,37.10660171779821,0.8526315789473684,13.151223719626302,8.777042472296834,1.498366193525415,0.739252015621722,0.029567370239887,0.019733073508766,0.0004094285152355,29.567370239887023,19.73307350876608,409.4285152355999,3.4533273599999994,2.27973564
117,105.0,36.38477631085024,0.9545454545454546,13.31893804176531,10.127772960094772,1.3150905035336296,0.9966891821308292,0.0299444356417792,0.0227698668352626,0.0005307406678979,29.944435641779272,22.76986683526267,530.7406678979999,3.4533273599999994,2.27973564
119,283.0,63.55634918610404,0.9593220338983052,22.52499745665285,16.448751768031055,1.369404668166449,0.8803967175432206,0.0506420507818943,0.0369810706499934,0.0014304724668107,50.64205078189434,36.9810706499935,1430.4724668107997,3.4533273599999994,2.27973564
120,487.0,89.21320343559643,0.941972920696325,34.90304949185943,18.325221958880217,1.904645388207468,0.768918937144525,0.0784711300505678,0.041199863521272,0.0024616257644411,78.47113005056787,41.19986352127203,2461.6257644411994,3.4533273599999994,2.27973564
121,147.0,42.970562748477136,0.9671052631578948,15.462120787848642,12.142499343827115,1.2733886451234704,1.0004263365796526,0.0347628676824885,0.0272994955747527,0.0007430369350571,34.76286768248858,27.29949557475275,743.0369350571998,3.4533273599999994,2.27973564
122,403.0,74.97056274847714,0.9710843373493976,25.03579047980413,21.009321124365176,1.191651568920489,0.9010177955429812,0.0562869663041244,0.0472344163110652,0.0020370332301227,56.286966304124434,47.234416311065246,2037.0332301227995,3.4533273599999994,2.27973564
123,307.0,68.2842712474619,0.9359756097560976,24.102691118024016,16.496309221443035,1.4610959818026257,0.8273835496348134,0.0541891163330086,0.0370879921702015,0.0015517846194731,54.18911633300866,37.08799217020151,1551.7846194731997,3.4533273599999994,2.27973564
124,98.0,35.31370849898476,0.9423076923076924,12.394559375680428,10.167733830709858,1.219009032105545,0.9875276950671912,0.0278661920619672,0.0228597092622317,0.0004953579567047,27.86619206196728,22.859709262231743,495.3579567047999,3.4533273599999994,2.27973564
125,152.0,45.07106781186548,0.9681528662420382,14.476831126888174,13.798596936684127,1.0491524024736842,0.9402812093031864,0.0325476803493376,0.0310228335488694,0.0007683103001951,32.547680349337604,31.022833548869453,768.3103001951998,3.4533273599999994,2.27973564
126,91.0,33.55634918610404,0.978494623655914,12.990275063857348,8.984550156820765,1.445845906263384,1.0155512530166595,0.0292055158150679,0.0201996047355738,0.0004599752455115,29.205515815067915,20.19960473557385,459.9752455115999,3.4533273599999994,2.27973564
127,136.0,42.14213562373095,0.951048951048951,14.369890389299318,12.287544866654288,1.1694679893536797,0.9623115348078828,0.032307249766646,0.0276255956219041,0.0006874355317535,32.30724976664608,27.625595621904168,687.4355317535999,3.4533273599999994,2.27973564
128,88.0,32.48528137423857,0.967032967032967,11.815683377231682,9.515817534705269,1.2416887287023468,1.0478986251829607,0.0265647283096948,0.0213940319305764,0.0004448112264287,26.5647283096949,21.39403193057646,444.8112264287999,3.4533273599999994,2.27973564
129,86.0,34.970562748477136,0.9148936170212766,14.38678029552696,7.693949846988707,1.8698822557516053,0.8836963743159721,0.0323452226672214,0.0172979996829908,0.0004347018803735,32.34522266722144,17.297999682990827,434.7018803735999,3.4533273599999994,2.27973564
130,121.0,41.21320343559643,0.9307692307692308,14.24550051718105,11.23726011347523,1.2677023022808265,0.895204978260552,0.0320275889927574,0.0252642824227218,0.0006116154363395,32.027588992757465,25.264282422721816,611.6154363395999,3.4533273599999994,2.27973564
131,197.0,52.62741699796952,0.9471153846153846,18.956590171493986,13.427147422300308,1.4118106828863868,0.8938239352917691,0.042619343418963,0.0301877184636608,0.0009957705864371,42.61934341896306,30.18771846366089,995.7705864371998,3.4533273599999994,2.27973564
132,181.0,51.79898987322333,0.914141414141414,18.51816144991053,13.169623371538018,1.4061268821044408,0.8477071719844419,0.0416336416613758,0.029608737441294,0.0009148958179955,41.63364166137583,29.60873744129406,914.8958179955998,3.4533273599999994,2.27973564
134,599.0,98.62741699796952,0.9301242236024844,38.12110989763162,20.97062676725665,1.817833597475188,0.7738225257762065,0.0857061665384492,0.0471474213357524,0.0030277491435323,85.70616653844925,47.14742133575243,3027.7491435324,3.4533273599999994,2.27973564
136,227.0,54.970562748477136,0.9497907949790796,18.00586901371735,16.2739571199758,1.106422296739106,0.9440073055479457,0.0404818750687801,0.0365880868345567,0.0011474107772651,40.48187506878017,36.58808683455679,1147.4107772651998,3.4533273599999994,2.27973564
137,335.0,68.38477631085024,0.9682080924855492,24.65361668167733,17.758700811327337,1.3882556468293048,0.9001933694342489,0.0554277402407478,0.0399261766860747,0.0016933154642459,55.427740240747866,39.9261766860748,1693.3154642459997,3.4533273599999994,2.27973564
138,282.0,65.21320343559643,0.9368770764119602,23.568073365899743,15.700009134235891,1.5011502964355938,0.8332741391672283,0.0529871566256177,0.0352977025361371,0.0014254177937831,52.98715662561775,35.29770253613719,1425.4177937831996,3.4533273599999994,2.27973564
139,133.0,41.55634918610404,0.95,14.431219145343505,11.800572443707834,1.2229253465613317,0.967802481345035,0.0324451327557099,0.0265307550022905,0.0006722715126707,32.44513275570998,26.53075500229057,672.2715126707999,3.4533273599999994,2.27973564
140,99.0,34.97056274847714,0.9428571428571428,11.596068989951094,10.944607048480783,1.0595235569979409,1.0172783843869908,0.0260709780673474,0.0246063222428174,0.0005004126297323,26.070978067347443,24.6063222428174,500.4126297323999,3.4533273599999994,2.27973564
141,360.0,73.79898987322333,0.9473684210526316,29.171589930186236,16.135412942394762,1.8079233568010988,0.8306374923766082,0.0655853187764405,0.0362766035018684,0.0018196822899359,65.58531877644049,36.27660350186844,1819.6822899359995,3.4533273599999994,2.27973564
142,274.0,62.97056274847714,0.9547038327526132,23.852518440381274,15.125580602050077,1.5769654777515367,0.8683309439928241,0.0536266631087716,0.0340062378443651,0.0013849804095623,53.6266631087716,34.006237844365096,1384.9804095623997,3.4533273599999994,2.27973564
143,273.0,59.79898987322333,0.9680851063829788,21.10971372571349,16.617969354589256,1.2702944189678496,0.9593670873352182,0.0474601249809726,0.0373615157811488,0.0013799257365347,47.46012498097261,37.36151578114884,1379.9257365347996,3.4533273599999994,2.27973564
144,248.0,60.62741699796952,0.9253731343283582,21.06513884216708,15.359769419207202,1.371448897912841,0.8478585682643971,0.0473599090532905,0.0345327551944267,0.0012535589108447,47.359909053290544,34.53275519442678,1253.5589108447998,3.4533273599999994,2.27973564
145,147.0,43.79898987322333,0.9671052631578948,15.981231032555495,12.03732395539962,1.327639855151256,0.9629395170341642,0.0359299624812532,0.0270630339559667,0.0007430369350571,35.92996248125321,27.063033955966745,743.0369350571998,3.4533273599999994,2.27973564
146,175.0,50.21320343559643,0.9162303664921466,16.748134793333552,13.631970724817796,1.2285923386588995,0.8721919120796638,0.03765416153046,0.0306482145017788,0.0008845677798299,37.65416153046009,30.648214501778853,884.5677798299998,3.4533273599999994,2.27973564
147,443.0,82.97056274847714,0.9672489082969432,33.16331583465427,17.499054646994917,1.8951489953972656,0.8086591758174141,0.0745597564584198,0.0393424246006527,0.0022392201512267,74.5597564584198,39.34242460065279,2239.2201512267998,3.4533273599999994,2.27973564
148,164.0,47.79898987322333,0.9213483146067416,16.080024027493767,13.331350843708774,1.2061811451824571,0.9020202229615728,0.0361520748200531,0.0299723428478766,0.0008289663765263,36.15207482005313,29.97234284787669,828.9663765263998,3.4533273599999994,2.27973564
149,106.0,35.89949493661166,1.0,14.084456523553593,9.634053336396454,1.4619450434578742,1.0335679935012585,0.0316655202236445,0.0216598567540866,0.0005357953409255,31.66552022364459,21.65985675408669,535.7953409255999,3.4533273599999994,2.27973564
150,350.0,77.55634918610404,0.9641873278236914,32.69490866559279,14.08719466291974,2.320895639474068,0.731211804171339,0.0735066553565056,0.0316716762728559,0.0017691355596599,73.50665535650563,31.671676272855933,1769.1355596599997,3.4533273599999994,2.27973564
151,101.0,36.48528137423857,0.9439252336448598,12.132814393746518,10.972047911629112,1.105793056270482,0.9534454225272762,0.0272777212888845,0.0246680164377992,0.0005105219757875,27.277721288884543,24.668016437799267,510.5219757875999,3.4533273599999994,2.27973564
152,800.0,118.0416305603426,0.935672514619883,47.3282648018137,22.49463104497161,2.1039804879304005,0.7214885630140339,0.1064062446233256,0.0505737791931678,0.0040437384220799,106.40624462332566,50.57377919316787,4043.738422079999,3.4533273599999994,2.27973564
153,526.0,96.8700576850888,0.9211908931698776,38.94131886217125,17.82959600578096,2.1840830745433126,0.7043953680297551,0.0875502095450651,0.0400855675159571,0.0026587580125175,87.55020954506512,40.085567515957095,2658.7580125176,3.4533273599999994,2.27973564
154,100.0,36.14213562373095,0.925925925925926,12.376106381111557,10.413221924236987,1.1884992436688508,0.9620158811036372,0.0278247049323978,0.023411630323385,0.0005054673027599,27.82470493239786,23.411630323385047,505.4673027599999,3.4533273599999994,2.27973564
155,1132.0,148.2842712474619,0.9370860927152318,62.555213281849625,23.897842742311006,2.617609210855503,0.6469431466684714,0.1406403838130512,0.0537285639238281,0.0057218898672431,140.64038381305122,53.72856392382813,5721.889867243199,3.4533273599999994,2.27973564
156,166.0,49.79898987322333,0.9378531073446328,19.800670734842043,10.920963748320569,1.8130882210727053,0.8411566542238753,0.0445170559863159,0.0245531659567991,0.0008390757225815,44.51705598631597,24.5531659567992,839.0757225815998,3.4533273599999994,2.27973564
157,167.0,47.79898987322333,0.9329608938547486,17.48522794176531,12.529760752279646,1.3954957550633258,0.9185205928937968,0.0393113385723532,0.0281701599089202,0.0008441303956091,39.31133857235327,28.170159908920237,844.1303956091998,3.4533273599999994,2.27973564
158,209.0,56.87005768508881,0.9247787610619468,21.505064678886587,12.672573511124604,1.6969769131746122,0.8120612973135193,0.0483489767149535,0.028491240122121,0.0010564266627683,48.34897671495355,28.491240122121,1056.4266627684,3.4533273599999994,2.27973564
160,151.0,44.970562748477136,0.949685534591195,14.45571794669022,13.60377359070864,1.0626255906348996,0.9382750474941676,0.0325002124308257,0.0305848200130466,0.0007632556271675,32.50021243082575,30.58482001304661,763.2556271675999,3.4533273599999994,2.27973564
161,216.0,56.97056274847714,0.935064935064935,20.38131947900957,13.945094868443212,1.4615403961955888,0.8363009620822509,0.045822505331878,0.0313521989889261,0.0010918093739615,45.82250533187804,31.352198988926133,1091.8093739615997,3.4533273599999994,2.27973564
162,403.0,76.8700576850888,0.9572446555819476,29.570520683833685,17.528161806254744,1.687029193972967,0.8570388244627988,0.0664822188326359,0.0394078650625302,0.0020370332301227,66.48221883263591,39.40786506253029,2037.0332301227995,3.4533273599999994,2.27973564
163,107.0,36.97056274847714,0.963963963963964,13.258893952043335,10.39059696118898,1.2760473725973622,0.9837426922361378,0.0298094409166209,0.0233607635239627,0.0005408500139531,29.809440916620947,23.36076352396273,540.8500139531999,3.4533273599999994,2.27973564
164,265.0,61.79898987322333,0.9464285714285714,21.96021943952368,15.669634373949172,1.4014506602676464,0.8719528169689482,0.0493722829571035,0.0352294121775749,0.0013394883523139,49.37228295710349,35.229412177574964,1339.4883523139997,3.4533273599999994,2.27973564
165,90.0,34.14213562373095,0.9278350515463918,12.873042246567604,8.96684389799026,1.4356268931427298,0.970221752014765,0.028941945961268,0.0201597964620955,0.0004549205724839,28.941945961268075,20.15979646209558,454.9205724839999,3.4533273599999994,2.27973564
166,491.0,100.5269119345812,0.9229323308270676,45.31343070769002,14.202105630512287,3.1906135531295514,0.61055764369122,0.1018763737228711,0.0319300260048555,0.0024818444565515,101.87637372287116,31.93002600485556,2481.8444565515997,3.4533273599999994,2.27973564
167,168.0,48.62741699796952,0.9333333333333332,16.547176864348632,13.49073366189049,1.2265587090413166,0.8928052662167598,0.0372023558570404,0.0303306768626819,0.0008491850686367,37.20235585704045,30.33067686268191,849.1850686367998,3.4533273599999994,2.27973564
168,432.0,85.21320343559643,0.9133192389006344,32.60387472787555,17.71896009450066,1.8400557681708785,0.7476181333730783,0.0733019873956934,0.039836829222062,0.0021836187479231,73.30198739569347,39.83682922206204,2183.6187479231994,3.4533273599999994,2.27973564
169,181.0,48.38477631085024,0.9576719576719576,16.70528926037843,14.08016680012853,1.18644114785813,0.9715629921340352,0.0375578336325384,0.0316558758100569,0.0009148958179955,37.5578336325384,31.655875810056965,914.8958179955998,3.4533273599999994,2.27973564
170,182.0,48.970562748477136,0.9578947368421052,17.081888227143818,13.812078742237468,1.2367355085304603,0.9536984185281884,0.0384045260255583,0.0310531441530228,0.0009199504910231,38.404526025558354,31.053144153022803,919.9504910231998,3.4533273599999994,2.27973564
171,253.0,60.38477631085024,0.933579335793358,20.3646774609511,16.273916207385476,1.2513691972746634,0.8719176348525042,0.0457850897483579,0.0365879948524164,0.0012788322759827,45.78508974835791,36.58799485241647,1278.8322759827995,3.4533273599999994,2.27973564
172,114.0,38.38477631085024,0.9344262295081968,13.954858611395665,10.45808267857978,1.3343610908697416,0.9722919435884844,0.0313741504216564,0.0235124889629437,0.0005762327251463,31.374150421656413,23.51248896294377,576.2327251463998,3.4533273599999994,2.27973564
173,81.0,31.31370849898476,0.9642857142857144,11.818167117501856,8.744917790493863,1.3514326149925342,1.038068168883187,0.0265703124035947,0.0196608488716557,0.0004094285152355,26.57031240359472,19.66084887165573,409.4285152355999,3.4533273599999994,2.27973564
174,147.0,43.55634918610404,0.9671052631578948,16.257972762932017,11.61949538781296,1.399197832634289,0.9736979532359776,0.0365521498439895,0.0261236467006043,0.0007430369350571,36.55214984398953,26.123646700604365,743.0369350571998,3.4533273599999994,2.27973564
175,254.0,59.55634918610404,0.958490566037736,22.60869187624732,14.556374333152904,1.5531815381220884,0.8998858967574186,0.0508302175976917,0.0327265141582543,0.0012838869490103,50.830217597691785,32.726514158254346,1283.8869490103998,3.4533273599999994,2.27973564
176,105.0,36.72792206135786,0.963302752293578,14.470703162367808,9.291135016559354,1.5574742091872564,0.9781522241314752,0.032533903091825,0.0208888872123297,0.0005307406678979,32.53390309182504,20.88888721232973,530.7406678979999,3.4533273599999994,2.27973564
177,232.0,56.38477631085024,0.9747899159663864,20.291749556215223,14.817105793162526,1.369481317031496,0.9170101130601082,0.0456211288572564,0.0333127062705355,0.0011726841424031,45.62112885725643,33.31270627053558,1172.6841424031998,3.4533273599999994,2.27973564
178,253.0,60.87005768508881,0.937037037037037,21.686017055069925,15.277130297425645,1.4195085485867884,0.8580704745753507,0.0487558047042315,0.0343469609624901,0.0012788322759827,48.7558047042315,34.34696096249017,1278.8322759827995,3.4533273599999994,2.27973564
179,95.0,33.31370849898476,0.979381443298969,11.53142599850602,10.520964878546332,1.0960426283733875,1.0756909300497035,0.0259256438154011,0.0236538644978405,0.0004801939376219,25.92564381540114,23.653864497840573,480.1939376219999,3.4533273599999994,2.27973564
180,191.0,51.79898987322333,0.9271844660194176,17.059795676212058,14.504916705139546,1.1761388240283543,0.8945418223703229,0.0383548562270005,0.032610824031497,0.0009654425482715,38.35485622700052,32.61082403149703,965.4425482715998,3.4533273599999994,2.27973564
181,235.0,57.4558441227157,0.9591836734693876,20.56366884389286,14.717596502532237,1.3972165115652393,0.8945596545458538,0.0462324741149705,0.0330889835127831,0.0011878481614859,46.23247411497056,33.08898351278312,1187.8481614859998,3.4533273599999994,2.27973564
182,575.0,109.698484809835,0.9126984126984128,47.709052784261566,16.021863807237153,2.9777467439656524,0.6004494491002577,0.1072623550127438,0.036021315523259,0.0029064369908699,107.2623550127439,36.021315523259,2906.43699087,3.4533273599999994,2.27973564
183,114.0,37.21320343559643,0.957983193277311,12.780607264152794,11.390324325477785,1.122058239866378,1.0344764327234688,0.0287341280877041,0.0256084105679986,0.0005762327251463,28.73412808770416,25.60841056799868,576.2327251463998,3.4533273599999994,2.27973564
184,89.0,33.55634918610404,0.936842105263158,11.103337996485498,10.254940691092088,1.0827305911315868,0.9932314452580516,0.0249631906839784,0.0230557729581546,0.0004498658994563,24.96319068397848,23.05577295815469,449.8658994563999,3.4533273599999994,2.27973564
185,228.0,55.55634918610404,0.9620253164556962,20.096000198359285,14.701836780256173,1.366904047346465,0.9282764083279632,0.0451810334059632,0.0330535515595787,0.0011524654502927,45.18103340596324,33.053551559578736,1152.4654502927997,3.4533273599999994,2.27973564
186,388.0,79.698484809835,0.9129411764705884,31.77038897592966,16.107323500263682,1.9724188798598083,0.7676114776617615,0.0714280947190236,0.0362134511327028,0.0019612131347087,71.4280947190236,36.21345113270282,1961.2131347087995,3.4533273599999994,2.27973564
187,168.0,46.38477631085024,0.96,15.140080978467154,14.282922350413848,1.0600128325999385,0.9812241139484172,0.0340388384606485,0.0321117230035414,0.0008491850686367,34.03883846064856,32.111723003541435,849.1850686367998,3.4533273599999994,2.27973564
189,430.0,80.97056274847714,0.9662921348314608,31.170142557901077,18.02690423221833,1.7290901508309269,0.824183667991191,0.0700785847072266,0.0405291677091271,0.0021735094018679,70.07858470722665,40.52916770912719,2173.509401868,3.4533273599999994,2.27973564
190,149.0,47.31370849898476,0.9197530864197532,17.837594458710992,11.037954494033382,1.6160235547585549,0.8364156548589216,0.0401035501177415,0.0248161915707554,0.0007531462811123,40.10355011774157,24.81619157075549,753.1462811123998,3.4533273599999994,2.27973564
191,1237.0,177.59797974644664,0.906891495601173,80.51772059544487,20.49781607517471,3.928112160834607,0.4928372451325332,0.1810247705059148,0.0460844199691722,0.0062526305351411,181.0247705059149,46.08441996917229,6252.630535141198,3.4533273599999994,2.27973564
192,447.0,82.14213562373095,0.991130820399113,30.64785467594772,19.1848252949179,1.597505017888612,0.8325022333721247,0.0689043457537462,0.0431324753175521,0.0022594388433371,68.9043457537462,43.132475317552114,2259.4388433372,3.4533273599999994,2.27973564
193,152.0,45.55634918610404,0.9382716049382716,15.624414865639238,12.72907389232434,1.2274588864678362,0.9203555290941822,0.035127746965822,0.0286182676691571,0.0007683103001951,35.12774696582207,28.618267669157117,768.3103001951998,3.4533273599999994,2.27973564
194,657.0,111.45584412271572,0.9074585635359116,43.3663341072548,21.15812949783133,2.049629865045479,0.6646140878477824,0.0974987943199766,0.0475689762247942,0.0033209201791331,97.49879431997668,47.568976224794255,3320.9201791332,3.4533273599999994,2.27973564
195,107.0,36.14213562373095,1.0,14.42170586408838,9.48010436822832,1.521260241862038,1.029356992780892,0.0324237444259953,0.021313739446913,0.0005408500139531,32.42374442599534,21.313739446913004,540.8500139531999,3.4533273599999994,2.27973564
196,146.0,46.970562748477136,0.906832298136646,14.705969334397452,13.744505164346103,1.0699526216880788,0.8315937045648576,0.0330628426157524,0.0309012211807927,0.0007379822620295,33.06284261575241,30.901221180792767,737.9822620295998,3.4533273599999994,2.27973564
197,411.0,84.14213562373095,0.9426605504587156,35.77672422423763,15.191427075173348,2.3550601301115344,0.7294988716293782,0.0804353780043845,0.0341542778360292,0.0020774706143435,80.43537800438449,34.15427783602922,2077.4706143436,3.4533273599999994,2.27973564
198,152.0,45.89949493661167,0.95,17.742202671205554,11.146604543551396,1.5917136561079388,0.906645767590943,0.0398890845775645,0.0250604651310848,0.0007683103001951,39.8890845775646,25.060465131084857,768.3103001951998,3.4533273599999994,2.27973564
199,236.0,56.8700576850888,0.9516129032258064,18.61178690509412,16.245764323863987,1.145639351529592,0.9169687376363184,0.0418441360272468,0.0365247020987704,0.0011929028345135,41.8441360272469,36.52470209877044,1192.9028345135998,3.4533273599999994,2.27973564
200,155.0,43.55634918610404,0.9748427672955976,15.19393000322864,13.021957599172133,1.1667930791138954,1.0266883180379354,0.0341599050690588,0.0292767463919147,0.0007834743192779,34.159905069058816,29.27674639191473,783.4743192779998,3.4533273599999994,2.27973564
201,217.0,57.45584412271571,0.9273504273504274,19.260613678737563,14.992788028521788,1.28465857331517,0.826040191644469,0.0433028673093585,0.0337076856130043,0.0010968640469891,43.30286730935851,33.707685613004394,1096.8640469891998,3.4533273599999994,2.27973564
202,241.0,62.62741699796952,0.8992537313432836,24.9757264053674,12.755902456545272,1.9579740822298248,0.7721432984594075,0.0561519266481312,0.0286785852569524,0.0012181761996515,56.151926648131294,28.67858525695247,1218.1761996515995,3.4533273599999994,2.27973564
203,171.0,48.970562748477136,0.9447513812154696,17.002098562844658,13.182195224721792,1.2897774818991488,0.8960573053204408,0.0382251381149011,0.029637002235933,0.0008643490877195,38.22513811490113,29.63700223593301,864.3490877195998,3.4533273599999994,2.27973564
204,449.0,80.38477631085024,0.9635193133047212,27.560738832017023,21.366977741850523,1.2898753939372092,0.8731896711885814,0.0619637066864705,0.0480385213778928,0.0022695481893923,61.96370668647059,48.03852137789285,2269.5481893923998,3.4533273599999994,2.27973564
205,184.0,53.970562748477136,0.8803827751196173,18.07400575294568,13.500629207942508,1.33875284437207,0.7938049342263285,0.0406350641741176,0.0303529246230488,0.0009300598370783,40.635064174117645,30.352924623048818,930.0598370783998,3.4533273599999994,2.27973564
206,546.0,94.0416305603426,0.9333333333333332,35.33516306916034,20.489147463528884,1.7245794697928587,0.7758222049788841,0.0794426337218704,0.0460649306763534,0.0027598514730695,79.44263372187041,46.06493067635344,2759.8514730695997,3.4533273599999994,2.27973564
207,282.0,63.55634918610404,0.9494949494949496,23.2681797757572,15.85060492946403,1.467967934302933,0.8772857750784034,0.0523129178626438,0.0356362810387167,0.0014254177937831,52.31291786264388,35.636281038716795,1425.4177937831996,3.4533273599999994,2.27973564
208,183.0,54.62741699796952,0.9104477611940298,21.895400619922867,11.03078042902177,1.9849366743187535,0.770618839490894,0.0492265533977477,0.0248000624073524,0.0009250051640507,49.22655339774778,24.80006240735248,925.0051640507996,3.4533273599999994,2.27973564
209,1148.0,147.84062043356596,0.9228295819935692,54.48006809108519,27.93102515957733,1.9505216074177785,0.6600307954803023,0.1224853578864631,0.0627962066252713,0.0058027646356847,122.48535788646316,62.79620662527133,5802.764635684799,3.4533273599999994,2.27973564
210,539.0,99.79898987322332,0.9213675213675212,41.34402832959226,17.385405841665747,2.3780881911026457,0.680058601646999,0.092952125132289,0.0390869125375834,0.0027244687618763,92.95212513228908,39.08691253758343,2724.4687618764,3.4533273599999994,2.27973564
211,117.0,39.55634918610404,0.936,15.33966801198086,9.750335713628903,1.5732451130415184,0.9396439498294497,0.034487562004616,0.0219212897715233,0.0005913967442291,34.48756200461609,21.92128977152332,591.3967442291998,3.4533273599999994,2.27973564
212,127.0,40.72792206135786,0.9548872180451128,15.024199683541196,10.85511266589043,1.3840666740153804,0.9621196377409684,0.0337783071805183,0.0244051156022148,0.0006419434745051,33.77830718051832,24.405115602214813,641.9434745051999,3.4533273599999994,2.27973564
213,501.0,98.8700576850888,0.9542857142857144,43.70554214597279,15.181122868211071,2.878940018165007,0.644047672078299,0.0982614221851047,0.0341311112996842,0.0025323911868275,98.26142218510476,34.13111129968422,2532.3911868275995,3.4533273599999994,2.27973564
214,200.0,54.14213562373095,0.9478672985781992,19.542864702015848,13.33457308048154,1.4655785816361593,0.8573716024224224,0.0439374409949541,0.0299795872739234,0.0010109346055199,43.937440994954144,29.979587273923425,1010.9346055199998,3.4533273599999994,2.27973564
215,299.0,66.62741699796952,0.9492063492063492,24.36673822995893,16.057403076368892,1.5174768992265375,0.8463989160127932,0.0547827628928874,0.0361012170404771,0.0015113472352523,54.782762892887455,36.10121704047712,1511.3472352523995,3.4533273599999994,2.27973564
216,86.0,32.72792206135786,0.9555555555555556,12.2042561676127,9.042498869398626,1.3496552605512626,1.0089541958843913,0.0274383409713969,0.0203298885081141,0.0004347018803735,27.43834097139693,20.329888508114152,434.7018803735999,3.4533273599999994,2.27973564
217,144.0,42.14213562373095,0.96,14.12862174392246,13.021028034450724,1.0850619249525686,1.0189180956789343,0.0317648151219911,0.0292746564887341,0.0007278729159743,31.764815121991106,29.274656488734177,727.8729159743998,3.4533273599999994,2.27973564
218,285.0,61.79898987322333,0.9595959595959596,20.82514203125196,17.81443099954082,1.1690040524891725,0.9377605767401896,0.0468203338231825,0.0400514726390276,0.0014405818128659,46.82033382318253,40.05147263902765,1440.5818128659996,3.4533273599999994,2.27973564
219,396.0,82.04163056034261,0.912442396313364,31.255934208197143,16.87248345030784,1.8524797668494304,0.7393268579671284,0.0702714666429213,0.0379337296419891,0.0020016505189295,70.2714666429213,37.933729641989096,2001.6505189296,3.4533273599999994,2.27973564
220,247.0,59.79898987322333,0.9250936329588016,21.030543184276784,15.265375810521125,1.3776629835593186,0.8679987933032924,0.0472821290194821,0.0343205338197622,0.0012485042378171,47.28212901948211,34.32053381976222,1248.5042378171995,3.4533273599999994,2.27973564
221,234.0,74.87005768508881,0.8268551236749117,31.344906346356552,11.189331269235046,2.8013207931861897,0.5245771701417716,0.0704714991422595,0.0251565259193703,0.0011827934884583,70.47149914225957,25.15652591937038,1182.7934884583997,3.4533273599999994,2.27973564
222,273.0,70.04163056034261,0.9130434782608696,28.66972647797754,12.700402696201571,2.257387199742262,0.6992943435957099,0.0644569992513777,0.0285538073657621,0.0013799257365347,64.45699925137778,28.553807365762147,1379.9257365347996,3.4533273599999994,2.27973564
224,107.0,36.14213562373095,0.9469026548672568,12.315993787933936,11.069134908501772,1.112642847859276,1.029356992780892,0.0276895561936603,0.0248862932493881,0.0005408500139531,27.68955619366035,24.88629324938819,540.8500139531999,3.4533273599999994,2.27973564
225,83.0,32.14213562373095,0.9540229885057472,10.760228590143344,9.924714605605113,1.0841851899767845,1.0095747912995068,0.0241917915300756,0.0223133388591977,0.0004195378612907,24.19179153007568,22.313338859197746,419.5378612907999,3.4533273599999994,2.27973564
226,623.0,120.2842712474619,0.849931787175989,51.561887361228166,17.0193666525303,3.029600831448235,0.5411033566540386,0.1159245288787548,0.0382639612702177,0.0031490612961947,115.92452887875484,38.26396127021777,3149.0612961947995,3.4533273599999994,2.27973564
227,139.0,43.79898987322333,0.9266666666666666,15.83006883593145,11.483046048819274,1.378560076188073,0.9105346453588354,0.0355901105610712,0.0258168731097184,0.0007025995508363,35.590110561071235,25.81687310971842,702.5995508363999,3.4533273599999994,2.27973564
228,190.0,49.31370849898476,0.9844559585492229,17.10683277888922,14.33714489703815,1.1931826665449443,0.9818115519030334,0.0384606078634654,0.0322336293862149,0.0009603878752439,38.46060786346548,32.233629386214986,960.3878752439998,3.4533273599999994,2.27973564
229,365.0,74.2842712474619,0.9335038363171356,26.29196212641828,18.04183076002297,1.4572779490136842,0.8312066214618347,0.0591111667703411,0.0405627264245292,0.0018449556550739,59.11116677034116,40.56272642452925,1844.955655074,3.4533273599999994,2.27973564
230,340.0,70.62741699796952,0.934065934065934,24.598091548142573,18.224654851006964,1.3497150837280991,0.8565291232725637,0.055302905304027,0.0409737625153249,0.0017185888293839,55.30290530402701,40.973762515324914,1718.5888293839996,3.4533273599999994,2.27973564
231,106.0,37.55634918610404,0.9217391304347826,13.329144420978986,10.240468488870093,1.3016147098607684,0.9443848091236464,0.0299673822359102,0.023023235684787,0.0005357953409255,29.96738223591021,23.023235684787068,535.7953409255999,3.4533273599999994,2.27973564
232,99.0,34.97056274847714,0.9519230769230768,12.715541199570785,9.904994224319127,1.2837504910756123,1.0172783843869908,0.028587842657347,0.0222690023147677,0.0005004126297323,28.587842657347007,22.26900231476772,500.4126297323999,3.4533273599999994,2.27973564
233,139.0,45.21320343559643,0.9144736842105264,15.326620195258563,12.039965360085052,1.272978761722143,0.8544646631810225,0.034458227120192,0.0270689725204648,0.0007025995508363,34.458227120192014,27.06897252046481,702.5995508363999,3.4533273599999994,2.27973564
234,82.0,32.48528137423857,0.942528735632184,11.74100476332328,9.061759963922755,1.2956649492005194,0.9764509916477588,0.0263968313691891,0.0203731924564889,0.0004144831882631,26.39683136918919,20.37319245648897,414.4831882631999,3.4533273599999994,2.27973564
235,236.0,58.38477631085024,0.963265306122449,23.064069873566748,13.259930483235305,1.7393809042005868,0.8700067571798017,0.0518540257339451,0.0298117713082386,0.0011929028345135,51.85402573394517,29.8117713082386,1192.9028345135998,3.4533273599999994,2.27973564
236,255.0,62.97056274847714,0.9375,24.945103256914145,13.455147169864562,1.8539450324841924,0.808118214299891,0.0560830778483897,0.0302506691761196,0.0012889416220379,56.08307784838978,30.250669176119697,1288.9416220379997,3.4533273599999994,2.27973564
237,85.0,33.31370849898477,0.913978494623656,12.066171264834852,9.09732282784178,1.326343089409458,0.962460305833945,0.0271278902078776,0.0204531470209235,0.0004296472073459,27.1278902078776,20.45314702092356,429.6472073459999,3.4533273599999994,2.27973564
238,455.0,84.62741699796952,0.9479166666666666,31.2365005696736,19.18571962734416,1.628112011245815,0.7983605885190491,0.0702277747707743,0.0431344860093727,0.0022998762275579,70.22777477077436,43.134486009372765,2299.8762275579998,3.4533273599999994,2.27973564
239,81.0,31.899494936611667,0.9418604651162792,10.554466511274695,9.938860773440917,1.0619392656630056,1.0002930906696852,0.0237291848786384,0.0223451431224962,0.0004094285152355,23.72918487863845,22.345143122496268,409.4285152355999,3.4533273599999994,2.27973564
240,198.0,53.21320343559643,0.9428571428571428,19.6012219458094,13.299476277451124,1.4738341222535731,0.8786911368396615,0.0440686432518854,0.0299006805355422,0.0010008252594647,44.06864325188543,29.90068053554226,1000.8252594647998,3.4533273599999994,2.27973564
241,438.0,87.21320343559643,0.954248366013072,35.3107496026506,16.30245530096298,2.165977391182591,0.723634887630005,0.0793877459016552,0.036652158154943,0.0022139467860887,79.38774590165522,36.652158154943024,2213.9467860887994,3.4533273599999994,2.27973564
242,213.0,55.31370849898476,0.9594594594594594,21.762700878393236,12.609327302957766,1.7259208485521953,0.8748304966376877,0.0489282098768563,0.0283490462021478,0.0010766453548787,48.92820987685637,28.34904620214782,1076.6453548787997,3.4533273599999994,2.27973564
243,177.0,52.2842712474619,0.917098445595855,18.91856822931249,12.236395962976308,1.5460899015163003,0.8136563389055907,0.0425338602072341,0.0275105995877211,0.0008946771258851,42.533860207234106,27.510599587721103,894.6771258851998,3.4533273599999994,2.27973564
244,244.0,57.79898987322333,0.953125,19.63823572223078,16.081432580884893,1.2211745205818083,0.9178235425293396,0.0441518598448625,0.0361552416143002,0.0012333402187343,44.15185984486257,36.155241614300266,1233.3402187343995,3.4533273599999994,2.27973564
245,368.0,74.97056274847714,0.9292929292929292,27.74977532607254,17.46336815698856,1.589027676483332,0.8227656296769656,0.0623887098745958,0.0392621920926311,0.0018601196741567,62.38870987459584,39.262192092631096,1860.1196741568,3.4533273599999994,2.27973564
246,151.0,43.89949493661167,0.9869281045751634,16.13307330613447,12.163826381775296,1.3263156509950011,0.9846179840151048,0.0362713433912498,0.0273474443010901,0.0007632556271675,36.27134339124988,27.347444301090125,763.2556271675999,3.4533273599999994,2.27973564
247,165.0,46.38477631085024,0.953757225433526,16.648069630562347,12.858040178308812,1.2947594967580844,0.9637022547707668,0.0374291890276081,0.0289082174112845,0.0008340210495539,37.429189027608096,28.908217411284568,834.0210495539998,3.4533273599999994,2.27973564
248,81.0,31.899494936611664,0.9310344827586208,11.095277876267218,9.531142777660026,1.1641078236991012,1.0002930906696854,0.0249450694380965,0.0214284870613019,0.0004094285152355,24.94506943809653,21.42848706130193,409.4285152355999,3.4533273599999994,2.27973564
249,106.0,35.31370849898476,0.9814814814814816,11.697443681388052,11.604249108219392,1.0080310731267093,1.068142200786962,0.0262988947311175,0.0260893691000453,0.0005357953409255,26.2988947311175,26.089369100045328,535.7953409255999,3.4533273599999994,2.27973564
250,293.0,65.79898987322332,0.9272151898734176,22.17376800317052,17.401788973076656,1.2742234742345675,0.8504308993822456,0.0498523956508081,0.0391237460766093,0.0014810191970867,49.85239565080816,39.12374607660932,1481.0191970867995,3.4533273599999994,2.27973564
251,286.0,64.72792206135786,0.9565217391304348,25.498455503145475,14.59131496697204,1.7475090874854071,0.8578128875710256,0.0573271575695018,0.0328050697876445,0.0014456364858935,57.32715756950184,32.805069787644555,1445.6364858935997,3.4533273599999994,2.27973564
252,270.0,62.62741699796952,0.940766550522648,22.63542190866134,15.697519095192003,1.441974478348897,0.8650568074026558,0.0508903136603669,0.0352921042809563,0.0013647617174519,50.890313660366935,35.292104280956366,1364.7617174519996,3.4533273599999994,2.27973564
253,118.0,37.89949493661167,0.9915966386554622,13.507275713284772,11.314619302408024,1.193789676194417,1.0323453988351614,0.0303678676951496,0.0254382059928318,0.0005964514172567,30.367867695149616,25.43820599283186,596.4514172567999,3.4533273599999994,2.27973564
254,154.0,53.21320343559643,0.88,21.696040668078904,9.653779784407131,2.247414085736919,0.6834264397641812,0.048778340392415,0.0217042069380911,0.0007784196462503,48.77834039241507,21.704206938091176,778.4196462503999,3.4533273599999994,2.27973564
255,145.0,44.970562748477136,0.9235668789808916,16.441351328380218,11.564222462828116,1.4217429127837242,0.9009925952758564,0.0369644325375441,0.0259993787942779,0.0007329275890019,36.964432537544106,25.999378794277938,732.9275890019999,3.4533273599999994,2.27973564
256,202.0,53.21320343559643,0.9395348837209302,18.687472512311828,14.162133983877156,1.319537898284717,0.8964424729374324,0.0420142969505301,0.0318401593505916,0.0010210439515751,42.01429695053019,31.84015935059165,1021.0439515751998,3.4533273599999994,2.27973564
257,145.0,42.72792206135785,0.9602649006622516,14.892990015693336,12.460644895928253,1.1952021857680817,0.9980546461063904,0.0334833137326827,0.0280147694937196,0.0007329275890019,33.483313732682696,28.014769493719644,732.9275890019999,3.4533273599999994,2.27973564
258,379.0,81.45584412271572,0.9110576923076924,32.78603048034948,15.315116821261194,2.140762676706084,0.7178018557161949,0.0737115208877505,0.0344323645445686,0.0019157210774603,73.71152088775051,34.432364544568685,1915.7210774604,3.4533273599999994,2.27973564
259,133.0,41.31370849898476,0.9779411764705882,15.720389723507813,10.878308878220354,1.4451133810864545,0.9792039195507316,0.0353435233997736,0.0244572667185476,0.0006722715126707,35.343523399773666,24.45726671854769,672.2715126707999,3.4533273599999994,2.27973564
260,398.0,78.04163056034261,0.9476190476190476,29.878695696720275,17.47628274811902,1.7096711084018217,0.8211835985069258,0.0671750763871083,0.039291227451286,0.0020117598649847,67.17507638710832,39.29122745128606,2011.7598649848,3.4533273599999994,2.27973564
261,269.0,69.21320343559643,0.9057239057239056,30.5331139861036,11.619254267834023,2.627803237823055,0.7056417091280376,0.0686463788503972,0.0261231046002005,0.0013597070444243,68.64637885039727,26.12310460020052,1359.7070444243998,3.4533273599999994,2.27973564
264,128.0,41.31370849898476,0.9411764705882352,14.410917439668168,11.52829694369762,1.2500473842796394,0.9423917421240122,0.0323994892429083,0.0259186088866376,0.0006469981475327,32.39948924290835,25.918608886637607,646.9981475327999,3.4533273599999994,2.27973564
265,167.0,46.72792206135786,0.9597701149425288,16.44008404652772,13.09611161351686,1.2553408623640203,0.9611106672206168,0.0369615833584464,0.0294434638962054,0.0008441303956091,36.9615833584464,29.44346389620541,844.1303956091998,3.4533273599999994,2.27973564
266,151.0,47.79898987322333,0.9207317073170732,18.0493252315634,10.960032009454936,1.6468314340681411,0.830518619921936,0.0405795759451147,0.0246410015655771,0.0007632556271675,40.579575945114726,24.64100156557715,763.2556271675999,3.4533273599999994,2.27973564
267,225.0,56.38477631085024,0.9453781512605042,18.34735079322228,15.912199306559744,1.1530367637903234,0.8893417044763979,0.0412496148943699,0.035774761212966,0.0011373014312099,41.24961489436991,35.774761212966006,1137.3014312099997,3.4533273599999994,2.27973564
268,233.0,55.55634918610404,0.962809917355372,17.562461082687424,17.26126833103749,1.0174490510125702,0.9486333471070852,0.0394849787537628,0.0388078191379383,0.0011777388154307,39.484978753762825,38.80781913793834,1177.7388154307998,3.4533273599999994,2.27973564
269,566.0,93.45584412271572,0.9355371900826446,31.911031040465332,23.41311342552721,1.3629554711708216,0.814354247974355,0.0717442946470365,0.0526387663900758,0.0028609449336215,71.74429464703658,52.63876639007581,2860.9449336215994,3.4533273599999994,2.27973564
270,130.0,42.62741699796952,0.9090909090909092,14.052995383756164,12.0328030952861,1.167890413602919,0.8990320646778746,0.0315947874014836,0.0270528698870079,0.0006571074935879,31.59478740148363,27.052869887007923,657.1074935879999,3.4533273599999994,2.27973564
271,144.0,44.38477631085024,0.9411764705882352,15.366630839862983,12.192235531216404,1.2603620394733202,0.9185531380021444,0.0345481814520303,0.0274113154554125,0.0007278729159743,34.54818145203035,27.41131545541259,727.8729159743998,3.4533273599999994,2.27973564
272,119.0,38.72792206135786,0.9444444444444444,13.656137197208398,11.106923099288812,1.229515778144067,0.9970304775146576,0.0307025470149957,0.024971250927207,0.0006015060902843,30.702547014995748,24.971250927207063,601.5060902843999,3.4533273599999994,2.27973564
273,301.0,68.97056274847714,0.9495268138801262,26.57852725263693,14.941790467634812,1.7788047095298438,0.7951495556173696,0.0597554396810135,0.0335930298367646,0.0015214565813075,59.7554396810135,33.59302983676464,1521.4565813075997,3.4533273599999994,2.27973564
274,175.0,46.970562748477136,0.9668508287292816,16.25953784532772,13.768509488908068,1.1809221512631,0.996773276019521,0.0365556685561365,0.0309551891435324,0.0008845677798299,36.555668556136496,30.955189143532447,884.5677798299998,3.4533273599999994,2.27973564
275,134.0,41.55634918610404,0.950354609929078,14.648771116974713,11.7315068052749,1.2486691914450505,0.9750791917310878,0.0329342461514495,0.0263754774900273,0.0006773261856983,32.934246151449564,26.37547749002734,677.3261856983999,3.4533273599999994,2.27973564
276,186.0,50.38477631085024,0.93,16.17827952814813,14.908558663866533,1.085167244728961,0.9207127104635484,0.0363729787319543,0.0335183161016245,0.0009401691831335,36.37297873195431,33.51831610162456,940.1691831335996,3.4533273599999994,2.27973564
277,207.0,56.970562748477136,0.9539170506912442,23.03166239969049,11.841670355415514,1.944967365955892,0.8014550886621572,0.0517811653067281,0.0266231537932664,0.0010463173167131,51.78116530672813,26.62315379326648,1046.3173167131995,3.4533273599999994,2.27973564
278,232.0,58.38477631085024,0.931726907630522,21.091868811052237,14.59784576480169,1.4448617385661742,0.8552608799394663,0.0474200049731362,0.032819752719173,0.0011726841424031,47.42000497313629,32.819752719173046,1172.6841424031998,3.4533273599999994,2.27973564
279,273.0,60.72792206135785,0.9820143884892086,22.784884947574024,15.477801011629674,1.472100909583601,0.9302414113140886,0.0512263454322327,0.0347981209024065,0.0013799257365347,51.22634543223277,34.79812090240653,1379.9257365347996,3.4533273599999994,2.27973564
280,563.0,95.698484809835,0.946218487394958,36.75871856761974,20.15293160745713,1.8239886525500844,0.7725171605583442,0.0826431566068367,0.0453090300157815,0.0028457809145387,82.64315660683674,45.30903001578156,2845.7809145388,3.4533273599999994,2.27973564
281,254.0,61.21320343559643,0.9304029304029304,21.5781888909454,15.525960760418892,1.3898134372434947,0.8518308511864962,0.0485133789559569,0.0349063965392193,0.0012838869490103,48.5133789559569,34.90639653921937,1283.8869490103998,3.4533273599999994,2.27973564
282,96.0,34.14213562373095,0.9696969696969696,12.369857990328276,9.997854740404202,1.2372512215383693,1.0349032021490827,0.0278106569253354,0.0224777768986611,0.0004852486106495,27.810656925335447,22.477776898661148,485.2486106495999,3.4533273599999994,2.27973564
283,380.0,75.21320343559643,0.931372549019608,26.99966789852135,18.52362375375466,1.4575802368609776,0.844122133767555,0.0607022733495296,0.0416459223406164,0.0019207757504879,60.7022733495296,41.64592234061645,1920.775750488,3.4533273599999994,2.27973564
284,191.0,52.04163056034261,0.9362745098039216,17.55608149944036,14.066600592932796,1.248068528245603,0.8862197831033973,0.0394706357919317,0.031625375449067,0.0009654425482715,39.47063579193178,31.62537544906708,965.4425482715998,3.4533273599999994,2.27973564
285,274.0,70.62741699796952,0.9102990033222592,28.869431092900317,12.594438597436532,2.292236439881996,0.6902617052255366,0.064905987148924,0.0283155725210726,0.0013849804095623,64.90598714892405,28.315572521072657,1384.9804095623997,3.4533273599999994,2.27973564
286,188.0,50.38477631085024,0.9494949494949496,18.47192964124716,13.057353097915898,1.4146764281189184,0.9306128471351997,0.0415297005352303,0.0293563246759203,0.0009502785291887,41.52970053523033,29.356324675920398,950.2785291887998,3.4533273599999994,2.27973564
287,141.0,43.31370849898477,0.9276315789473684,14.562788448634382,12.514458725154336,1.163677052956582,0.9444484057934492,0.0327409347575267,0.0281357569734154,0.0007127088968915,32.74093475752673,28.13575697341548,712.7088968915998,3.4533273599999994,2.27973564
288,204.0,51.55634918610404,0.9577464788732394,18.304735582795512,14.33796283018466,1.2766622287693408,0.9644411195688384,0.0411538048213758,0.0322354683125909,0.0010311532976303,41.15380482137584,32.23546831259096,1031.1532976303995,3.4533273599999994,2.27973564
289,85.0,33.79898987322333,0.934065934065934,10.898237953863587,10.409386625358486,1.0469625489089052,0.9350209628260208,0.0245020724621533,0.0234030075743284,0.0004296472073459,24.502072462153347,23.403007574328463,429.6472073459999,3.4533273599999994,2.27973564
290,400.0,78.38477631085024,0.9345794392523364,30.23998424607758,17.456115054529747,1.7323433164603543,0.8181000302326894,0.0679873469810863,0.039245885232497,0.0020218692110399,67.98734698108638,39.245885232497045,2021.8692110399995,3.4533273599999994,2.27973564
291,82.0,32.14213562373095,0.9534883720930232,11.83236228011777,8.938414980322063,1.323765153684041,0.997411239597103,0.0266022268198975,0.0200958808636588,0.0004144831882631,26.602226819897574,20.09588086365888,414.4831882631999,3.4533273599999994,2.27973564
292,239.0,58.970562748477136,0.9372549019607844,21.957398638925977,14.177473029711669,1.548752629817031,0.863648892702622,0.0493659410639517,0.0318746455137795,0.0012080668535963,49.36594106395171,31.874645513779548,1208.0668535963998,3.4533273599999994,2.27973564
293,159.0,45.31370849898476,0.9695121951219512,16.414992773516577,12.572804156513865,1.3055952012910428,0.9730782720682062,0.0369051716529863,0.0282669326729238,0.0008036930113883,36.905171652986375,28.26693267292385,803.6930113883998,3.4533273599999994,2.27973564
294,226.0,59.79898987322333,0.9300411522633744,22.36573902866141,13.444579704058526,1.663550629396756,0.7942013250467373,0.0502839964285783,0.0302269107654466,0.0011423561042375,50.2839964285783,30.22691076544662,1142.3561042375998,3.4533273599999994,2.27973564
296,136.0,41.89949493661166,0.951048951048951,14.62582305220566,12.008849348514929,1.217920437482577,0.9734893316685754,0.0328826529353518,0.0269990156362921,0.0006874355317535,32.88265293535189,26.999015636292167,687.4355317535999,3.4533273599999994,2.27973564
297,110.0,36.72792206135785,0.9821428571428572,13.966148569787643,10.051170726318093,1.389504660707686,1.0247309014710697,0.0313995331835107,0.0225976450971519,0.0005560140330359,31.39953318351077,22.597645097151908,556.0140330359999,3.4533273599999994,2.27973564
298,354.0,79.11269837220809,0.9242819843342036,32.073827478820675,14.383822422225744,2.2298542443947658,0.7107563210248401,0.0721103033675333,0.0323385725989932,0.0017893542517703,72.11030336753336,32.338572598993245,1789.3542517703995,3.4533273599999994,2.27973564
299,320.0,68.72792206135786,0.98159509202454,27.111691759473786,15.545289115654358,1.7440455148673863,0.8513211348206136,0.0609541321151545,0.034949851707161,0.0016174953688319,60.95413211515452,34.94985170716106,1617.4953688319997,3.4533273599999994,2.27973564
300,121.0,40.38477631085023,0.937984496124031,14.524869786930214,10.71816794684433,1.3551634811998503,0.932308987714613,0.0326556837471637,0.0240972282681722,0.0006116154363395,32.65568374716372,24.09722826817223,611.6154363395999,3.4533273599999994,2.27973564
301,93.0,34.72792206135785,0.9207920792079208,12.727111267988194,9.413758984570556,1.3519691006375163,0.9690255235473666,0.0286138551793671,0.0211645777746505,0.0004700845915667,28.61385517936713,21.1645777746506,470.0845915667999,3.4533273599999994,2.27973564
302,384.0,73.55634918610404,0.9528535980148884,23.430877816200987,21.5053373221312,1.0895377954424463,0.8918683592523773,0.052678705359052,0.0483495896878546,0.0019409944425983,52.67870535905202,48.34958968785468,1940.9944425983997,3.4533273599999994,2.27973564
303,85.0,33.55634918610404,0.9444444444444444,13.476121741261789,8.034197512253629,1.6773450890033788,0.948591829740836,0.0302978254660092,0.0180629648988993,0.0004296472073459,30.297825466009225,18.06296489889934,429.6472073459999,3.4533273599999994,2.27973564
304,279.0,63.79898987322333,0.9425675675675677,23.30725417577339,15.865970113847707,1.46900908097835,0.8613634947433401,0.0524007672732242,0.0356708259681592,0.0014102537747003,52.40076727322428,35.67082596815924,1410.2537747003996,3.4533273599999994,2.27973564
305,454.0,84.62741699796952,0.936082474226804,32.55012851597107,18.203396151524675,1.7881349307032877,0.7966059498629633,0.0731811519373171,0.0409259674316268,0.0022948215545303,73.1811519373171,40.92596743162686,2294.8215545304,3.4533273599999994,2.27973564
306,938.0,130.2842712474619,0.9561671763506626,54.25409936599961,22.71607000209052,2.3883576411327616,0.6944304026079827,0.1219773214406022,0.0510716315429,0.0047412832998887,121.97732144060228,51.07163154290003,4741.283299888799,3.4533273599999994,2.27973564
307,127.0,38.97056274847714,0.9921875,14.082308665070356,11.516956393296285,1.2227456789944344,1.0508487950239775,0.031660691279331,0.0258931123807923,0.0006419434745051,31.66069127933108,25.893112380792303,641.9434745051999,3.4533273599999994,2.27973564
308,266.0,63.21320343559643,0.9568345323741008,23.176636269806824,14.948804078682258,1.5504006974616695,0.8365191773166561,0.0521071042599558,0.0336087982579381,0.0013445430253415,52.10710425995588,33.60879825793817,1344.5430253415998,3.4533273599999994,2.27973564
309,300.0,65.79898987322332,0.9433962264150944,23.772315112638736,16.606988179908782,1.4314645651039002,0.8707483611422311,0.0534463451751411,0.0373368272453617,0.0015164019082799,53.44634517514116,37.33682724536171,1516.4019082799996,3.4533273599999994,2.27973564
310,136.0,42.970562748477136,0.9379310344827586,15.2460352944111,11.600938074266027,1.3142071095294323,0.9255645018696108,0.0342770513110126,0.0260819250348493,0.0006874355317535,34.27705131101269,26.081925034849338,687.4355317535999,3.4533273599999994,2.27973564
311,858.0,119.55634918610404,0.9727891156462584,49.38664292944476,22.93182651117482,2.1536288400480594,0.7543134685279546,0.1110340138325534,0.0515567082720138,0.0043369094576807,111.03401383255348,51.55670827201389,4336.909457680799,3.4533273599999994,2.27973564
312,621.0,109.21320343559644,0.9282511210762332,46.33019647265551,17.687805175953198,2.6193298722920138,0.6542612095617815,0.1041623275216124,0.0397667848648885,0.0031389519501395,104.16232752161244,39.76678486488853,3138.9519501395994,3.4533273599999994,2.27973564
313,131.0,40.14213562373095,0.9632352941176472,14.17917756994333,11.818107500300105,1.1997841083763428,1.0215984183320812,0.0318784777634007,0.0265701783686247,0.0006621621666155,31.878477763400785,26.570178368624703,662.1621666155999,3.4533273599999994,2.27973564
315,243.0,57.89949493661166,0.972,21.27001339087298,14.95706570394248,1.4220712679804897,0.9108913688240868,0.047820520306164,0.0336273725395457,0.0012282855457067,47.82052030616408,33.62737253954572,1228.2855457067997,3.4533273599999994,2.27973564
316,221.0,57.21320343559643,0.9364406779661016,22.08180362537012,12.92520677630908,1.7084294284439911,0.8484174795055038,0.0496456358187746,0.0290592253869046,0.0011170827390995,49.64563581877462,29.059225386904647,1117.0827390995998,3.4533273599999994,2.27973564
317,442.0,85.55634918610404,0.9444444444444444,34.28316419628852,17.174531251254948,1.996163021554573,0.7588005635069895,0.0770774667359476,0.0386128116309464,0.0022341654781991,77.07746673594761,38.612811630946446,2234.1654781992,3.4533273599999994,2.27973564
318,758.0,122.6274169979695,0.9334975369458128,52.58833646691098,19.290146220176155,2.726176145409786,0.6334377018126245,0.1182322533450972,0.0433692641409732,0.0038314421549207,118.23225334509726,43.36926414097324,3831.442154920799,3.4533273599999994,2.27973564
319,233.0,61.21320343559643,0.932,25.607616815219902,11.936221968850136,2.1453703594024893,0.78140389104903,0.0575725805809862,0.026835730403687,0.0011777388154307,57.57258058098629,26.835730403687,1177.7388154307998,3.4533273599999994,2.27973564
320,184.0,53.79898987322333,0.934010152284264,21.848985842659765,10.989679084518915,1.988136839540499,0.7988761286420555,0.0491222009106182,0.0247076558985605,0.0009300598370783,49.12220091061824,24.707655898560496,930.0598370783998,3.4533273599999994,2.27973564
321,212.0,52.38477631085024,0.976958525345622,19.950278660045026,13.55659714702672,1.4716287902986471,0.970812897530532,0.0448534135002328,0.0304787551017742,0.0010715906818511,44.85341350023282,30.47875510177429,1071.5906818512,3.4533273599999994,2.27973564
322,127.0,42.17766952966369,0.9202898550724636,13.098378855440943,12.776816073985447,1.0251676771109055,0.8971156347928952,0.0294485612455336,0.0287256045064985,0.0006419434745051,29.44856124553365,28.72560450649852,641.9434745051999,3.4533273599999994,2.27973564
323,195.0,53.79898987322333,0.9375,19.135694531003995,13.37984297753209,1.4301882737441192,0.8466350276369606,0.043022016586275,0.0300813657726662,0.0009856612403819,43.02201658627504,30.08136577266629,985.6612403819998,3.4533273599999994,2.27973564
324,528.0,85.21320343559643,0.9832402234636872,29.68348713234896,23.09584432509092,1.2852306551140609,0.9137554963448736,0.0667361967801748,0.0519254629623288,0.0026688673585727,66.73619678017486,51.92546296232889,2668.8673585727997,3.4533273599999994,2.27973564
325,393.0,77.21320343559643,0.9585365853658536,28.46428091544891,18.05867941454996,1.5762105446378936,0.8283602920685281,0.0639951042109671,0.040600606580556,0.0019864864998467,63.99510421096716,40.60060658055609,1986.4864998468,3.4533273599999994,2.27973564
326,713.0,113.79898987322332,0.9596231493943472,48.81342462489299,19.189002629021623,2.54382291610441,0.6918669412699889,0.1097452700471618,0.0431418670507241,0.0036039818686787,109.7452700471619,43.14186705072416,3603.9818686788,3.4533273599999994,2.27973564
327,108.0,38.38477631085024,0.9391304347826088,13.934086424857998,10.503984526024844,1.3265524516277305,0.9211186833996168,0.0313274491455512,0.0236156882504806,0.0005459046869807,31.32744914555124,23.615688250480613,545.9046869807999,3.4533273599999994,2.27973564
328,108.0,37.55634918610404,0.9391304347826088,13.690065063036707,10.124354672140727,1.3521913747952523,0.9622033904278662,0.0307788256786229,0.0227621816351871,0.0005459046869807,30.7788256786229,22.76218163518711,545.9046869807999,3.4533273599999994,2.27973564
329,605.0,98.6274169979695,0.95125786163522,38.162334903376646,20.816613064513174,1.8332634028939772,0.7815736696070202,0.0857988510698655,0.0468011584884223,0.0030580771816979,85.79885106986556,46.80115848842238,3058.0771816979995,3.4533273599999994,2.27973564
330,630.0,112.14213562373097,0.930576070901034,50.25976375201332,16.726796669742566,3.004745304456842,0.6295246909200732,0.1129970164531014,0.0376061878807154,0.0031844440073879,112.99701645310144,37.60618788071542,3184.444007387999,3.4533273599999994,2.27973564
331,219.0,58.142135623730944,0.935897435897436,23.65436184265724,12.157077474414482,1.945727654729493,0.8140892485837559,0.0531811555563725,0.0273322710026271,0.0011069733930443,53.18115555637255,27.3322710026271,1106.9733930443997,3.4533273599999994,2.27973564
332,120.0,39.79898987322333,0.9448818897637796,13.793364680149026,11.459095452006462,1.2037044928999032,0.9520220582335988,0.0310110700757918,0.025763025940928,0.0006065607633119,31.01107007579184,25.76302594092805,606.5607633119998,3.4533273599999994,2.27973564
333,169.0,51.21320343559643,0.8941798941798942,19.85820398895931,11.363404542269356,1.7475576016933283,0.8097159313110878,0.0446464057002176,0.0255478878962025,0.0008542397416643,44.646405700217656,25.547887896202504,854.2397416643998,3.4533273599999994,2.27973564
334,137.0,44.970562748477136,0.9194630872483222,16.27359774559295,11.199349873445469,1.4530841459091228,0.8512826589847746,0.0365872788675068,0.0251790503464725,0.0006924902047811,36.5872788675068,25.179050346472504,692.4902047811999,3.4533273599999994,2.27973564
335,309.0,68.62741699796952,0.9596273291925466,26.873731340618647,14.976745797648944,1.7943638560545845,0.8244665438608004,0.0604191352238592,0.0336716185070222,0.0015618939655283,60.41913522385927,33.67161850702221,1561.8939655283996,3.4533273599999994,2.27973564
336,82.0,30.72792206135785,0.9879518072289156,11.17072418678249,9.349461087680009,1.1947987249770364,1.09133310926215,0.0251146923601756,0.0210200193849874,0.0004144831882631,25.1146923601756,21.020019384987453,414.4831882631999,3.4533273599999994,2.27973564
337,117.0,37.89949493661167,0.9669421487603306,12.847032770563196,11.69193865924513,1.0987940618731096,1.0235967090145246,0.0288834698967464,0.0262865180100344,0.0005913967442291,28.88346989674641,26.28651801003445,591.3967442291998,3.4533273599999994,2.27973564
338,91.0,34.14213562373095,0.9381443298969072,12.440156479383305,9.423557150160828,1.320112594549394,0.981001993703818,0.0279687062063383,0.0211866065984205,0.0004599752455115,27.9687062063383,21.18660659842058,459.9752455115999,3.4533273599999994,2.27973564
339,125.0,41.21320343559643,0.9398496240601504,15.255113759161263,10.59716340324375,1.439546903135582,0.9247985312609008,0.0342974620601719,0.0238251785929767,0.0006318341284499,34.2974620601719,23.82517859297679,631.8341284499999,3.4533273599999994,2.27973564
340,510.0,92.62741699796952,0.9714285714285714,35.53346999771792,18.86429224327734,1.8836365308314689,0.7469661699543011,0.0798884792570692,0.0424118336788707,0.0025778832440759,79.88847925706926,42.41183367887071,2577.8832440759998,3.4533273599999994,2.27973564
341,178.0,49.79898987322333,0.9417989417989416,18.11675609060612,12.734924455242863,1.4226041272783203,0.9019631593484928,0.0407311780482661,0.0286314212557443,0.0008997317989127,40.7311780482661,28.63142125574432,899.7317989127998,3.4533273599999994,2.27973564
342,85.0,32.14213562373095,0.9550561797752808,11.988880159963935,9.043556936305324,1.325681946207982,1.0339018947043142,0.0269541197084405,0.0203322673176178,0.0004296472073459,26.95411970844052,20.33226731761781,429.6472073459999,3.4533273599999994,2.27973564
343,116.0,44.38477631085023,0.8656716417910447,18.66324478214669,8.379853141466286,2.227156546430961,0.7399455833906166,0.0419598267139091,0.0188400886238329,0.0005863420712015,41.95982671390912,18.84008862383299,586.3420712015999,3.4533273599999994,2.27973564
344,132.0,40.72792206135786,0.9635036496350364,14.900870953836804,11.36657920705973,1.3109371502537843,0.9999983636362824,0.0335010321306731,0.0255550253680641,0.0006672168396431,33.50103213067313,25.555025368064104,667.2168396431998,3.4533273599999994,2.27973564
345,157.0,46.38477631085024,0.9515151515151516,18.482143351245945,10.825832273617634,1.7072260944118458,0.9169772969636992,0.0415526636108722,0.0243392856674835,0.0007935836653331,41.5526636108722,24.339285667483576,793.5836653331999,3.4533273599999994,2.27973564
346,82.0,32.14213562373095,0.942528735632184,10.77399659378942,9.93528125308281,1.084417875985782,0.997411239597103,0.0242227455819529,0.0223370954300559,0.0004144831882631,24.222745581953,22.337095430055957,414.4831882631999,3.4533273599999994,2.27973564
347,160.0,46.970562748477136,0.9411764705882352,16.922381461399837,12.138080806901524,1.394156269892192,0.9113355666464192,0.0380459133444067,0.0272895615549244,0.0008087476844159,38.04591334440679,27.28956155492441,808.7476844159999,3.4533273599999994,2.27973564
348,125.0,39.55634918610404,0.9765625,15.377444805089263,10.351510772173947,1.4855266195950456,1.003893108792147,0.0345724940574899,0.0232728876086477,0.0006318341284499,34.57249405748998,23.2728876086478,631.8341284499999,3.4533273599999994,2.27973564
349,92.0,34.14213562373095,0.9484536082474226,12.570810171965626,9.394487486631382,1.3381049461031524,0.9917822353928708,0.0282624496772234,0.0211212504366938,0.0004650299185391,28.262449677223437,21.121250436693867,465.0299185391999,3.4533273599999994,2.27973564
350,439.0,85.21320343559643,0.9481641468682506,35.695483499009555,16.103000016300957,2.2166977248261355,0.7597323160897717,0.0802527277314832,0.0362037308166487,0.0022190014591163,80.2527277314832,36.20373081664879,2219.0014591163995,3.4533273599999994,2.27973564
351,87.0,32.48528137423857,0.9886363636363636,12.870730804411467,8.644961387639224,1.4888129891261692,1.0359906862604271,0.0289367492383261,0.0194361208893737,0.0004397565534011,28.93674923832613,19.43612088937376,439.7565534011999,3.4533273599999994,2.27973564
352,124.0,41.79898987322333,0.9323308270676692,16.05992599487914,9.983790438701964,1.6086000696311855,0.8918667557887774,0.0361068892172469,0.022446156691716,0.0006267794554223,36.10688921724697,22.446156691716077,626.7794554223999,3.4533273599999994,2.27973564
353,178.0,52.72792206135786,0.9128205128205128,18.365434332113225,12.921877954074636,1.421266660882065,0.8045416891156434,0.0412902713915168,0.0290517413290278,0.0008997317989127,41.29027139151688,29.051741329027838,899.7317989127998,3.4533273599999994,2.27973564
354,302.0,68.8700576850888,0.9292307692307692,26.446403329693027,15.023513154170276,1.7603341547547384,0.8001214503044457,0.0594583907500156,0.0337767636839948,0.0015265112543351,59.45839075001564,33.77676368399486,1526.5112543351995,3.4533273599999994,2.27973564
355,215.0,54.14213562373095,0.9684684684684683,20.71957470582388,13.490581719455516,1.535854801275399,0.921674472604104,0.0465829910281155,0.030330335256583,0.0010867547009339,46.58299102811559,30.33033525658305,1086.754700934,3.4533273599999994,2.27973564
356,583.0,102.5269119345812,0.9210110584518169,38.396777059048055,20.19576572121109,1.9012290788618584,0.6969516733606619,0.0863259379907753,0.04540533224037,0.0029468743750907,86.32593799077537,45.40533224037004,2946.8743750907997,3.4533273599999994,2.27973564
357,228.0,56.04163056034261,0.946058091286307,20.110729386880863,14.71667137655302,1.366527040817246,0.9122695631980648,0.0452141484513487,0.033086903589049,0.0011524654502927,45.21414845134877,33.086903589049086,1152.4654502927997,3.4533273599999994,2.27973564
358,1078.0,126.62741699796952,0.9871794871794872,48.13773032496779,29.297132389334088,1.643086759661598,0.8448373950644475,0.108226133580412,0.0658675708656442,0.0054489375237527,108.22613358041208,65.86757086564425,5448.937523752799,3.4533273599999994,2.27973564
359,273.0,68.97056274847714,0.9191919191919192,27.92054878959065,13.359267644466266,2.0899760026258645,0.7211821550948235,0.062772653021685,0.0300351070743477,0.0013799257365347,62.77265302168507,30.035107074347724,1379.9257365347996,3.4533273599999994,2.27973564
360,248.0,60.62741699796952,0.9465648854961832,22.820915896838454,14.10483719809941,1.6179496137618314,0.8478585682643971,0.051307352374226,0.0317113412789989,0.0012535589108447,51.307352374226014,31.711341278998976,1253.5589108447998,3.4533273599999994,2.27973564
361,164.0,47.79898987322333,0.942528735632184,18.265417424196848,11.56369163176139,1.579548988839185,0.9020202229615728,0.0410654073781248,0.0259981853480238,0.0008289663765263,41.0654073781248,25.99818534802386,828.9663765263998,3.4533273599999994,2.27973564
362,110.0,37.89949493661167,0.9482758620689656,14.208941876972869,10.021308891249262,1.417872857843979,0.9623558802700658,0.031945395664323,0.02253050792784,0.0005560140330359,31.94539566432302,22.530507927840063,556.0140330359999,3.4533273599999994,2.27973564
363,159.0,46.38477631085023,0.9520958083832336,17.189080916510008,11.933219217457127,1.4404395497372635,0.9286585364154666,0.0386455230613527,0.0268289794378401,0.0008036930113883,38.64552306135278,26.82897943784016,803.6930113883998,3.4533273599999994,2.27973564
364,156.0,48.38477631085023,0.9176470588235294,17.99250522640262,11.490077999300576,1.5659167176670046,0.8373692086901078,0.0404518298003119,0.0258326827627075,0.0007885289923055,40.45182980031195,25.83268276270751,788.5289923055998,3.4533273599999994,2.27973564
365,111.0,37.55634918610404,0.956896551724138,13.789027376027391,10.32823308037592,1.3350809638704928,0.9889312623841958,0.0310013186884273,0.0232205533052859,0.0005610687060635,31.00131868842734,23.220553305285964,561.0687060635998,3.4533273599999994,2.27973564
366,212.0,55.21320343559643,0.9177489177489178,17.20513850729097,16.00240096268129,1.0751598180432145,0.8738961664539395,0.038681624700402,0.0359775579883578,0.0010715906818511,38.681624700402,35.97755798835783,1071.5906818512,3.4533273599999994,2.27973564
367,247.0,57.79898987322333,0.9724409448818898,18.40329781472569,17.41374015843848,1.0568262560072532,0.9291082582161756,0.0413753983449351,0.0391506154486108,0.0012485042378171,41.37539834493517,39.15061544861089,1248.5042378171995,3.4533273599999994,2.27973564
368,147.0,46.38477631085024,0.9363057324840764,18.48342951964865,10.300376617134097,1.794442106990778,0.858571099704865,0.0415555552518452,0.0231579247332379,0.0007430369350571,41.55555525184527,23.157924733237905,743.0369350571998,3.4533273599999994,2.27973564
369,133.0,42.72792206135785,0.93006993006993,15.394228129212598,11.280853842764754,1.364633239981746,0.9154570202217236,0.0346102273337835,0.0253622924605342,0.0006722715126707,34.61022733378351,25.362292460534285,672.2715126707999,3.4533273599999994,2.27973564
370,82.0,30.72792206135785,0.9761904761904762,10.46648961313687,10.001630220907888,1.0464783622231122,1.09133310926215,0.023531389937631,0.0224862651604583,0.0004144831882631,23.531389937631097,22.48626516045837,414.4831882631999,3.4533273599999994,2.27973564
371,198.0,52.14213562373095,0.9705882352941176,20.561398327371386,12.432141848462813,1.6538902610666175,0.915160831983876,0.0462273694034959,0.027950687232225,0.0010008252594647,46.22736940349598,27.950687232225,1000.8252594647998,3.4533273599999994,2.27973564
372,207.0,52.14213562373095,0.9672897196261684,18.301643337943588,14.617416395386632,1.2520436473110068,0.9567590516195064,0.041146852650965,0.0328637525850919,0.0010463173167131,41.146852650965045,32.863752585091945,1046.3173167131995,3.4533273599999994,2.27973564
373,245.0,60.38477631085024,0.9386973180076628,22.183156299066383,14.747516771089476,1.5041960381122252,0.8443471167544014,0.0498735029809389,0.0331562520557696,0.0012383948917619,49.87350298093899,33.15625205576962,1238.3948917619998,3.4533273599999994,2.27973564
374,263.0,61.4558441227157,0.9195804195804196,20.52620035132256,16.57695689488666,1.2382369382678484,0.8750628284632486,0.0461482352018644,0.0372693091084978,0.0013293790062587,46.148235201864445,37.26930910849788,1329.3790062587998,3.4533273599999994,2.27973564
375,235.0,57.55634918610404,0.9591836734693876,22.163486411413523,13.870084874574207,1.5979344475420096,0.8914382169478516,0.0498292799593245,0.0311835570201102,0.0011878481614859,49.82927995932456,31.183557020110207,1187.8481614859998,3.4533273599999994,2.27973564
376,536.0,94.14213562373097,0.958855098389982,38.74925005728617,18.209802941917644,2.127933519153478,0.7599876965218145,0.0871183889337941,0.0409403715621957,0.0027093047427935,87.1183889337942,40.94037156219576,2709.3047427935994,3.4533273599999994,2.27973564
377,92.0,33.55634918610404,0.9583333333333334,11.663922393996762,10.223041149357282,1.1409444825261283,1.0267111568959637,0.0262235301615271,0.022984054494454,0.0004650299185391,26.223530161527155,22.984054494454,465.0299185391999,3.4533273599999994,2.27973564
378,197.0,51.79898987322333,0.9516908212560388,17.666430005864846,14.34852581100014,1.231236591031608,0.9226426126018512,0.0397187279249856,0.0322592166398391,0.0009957705864371,39.71872792498569,32.25921663983917,995.7705864371998,3.4533273599999994,2.27973564
379,1449.0,161.59797974644664,0.9545454545454546,61.37354682445466,31.370588219416096,1.956404081274732,0.6972786944393864,0.1379836903835484,0.0705292386701844,0.0073242212169923,137.98369038354843,70.52923867018443,7324.221216992399,3.4533273599999994,2.27973564
380,384.0,77.21320343559643,0.9365853658536586,30.919265343127424,16.35271379689696,1.890772732107289,0.809390209044058,0.0695145475003396,0.0367651523210115,0.0019409944425983,69.51454750033966,36.76515232101156,1940.9944425983997,3.4533273599999994,2.27973564
381,169.0,47.21320343559643,0.9388888888888888,15.974166912603952,13.63770564361713,1.1713236324381555,0.9527295414034204,0.0359140805029309,0.0306611080903186,0.0008542397416643,35.91408050293096,30.661108090318645,854.2397416643998,3.4533273599999994,2.27973564
382,119.0,39.55634918610404,0.9444444444444444,13.984610848072894,11.043073789501944,1.266369410785547,0.955706239570124,0.0314410411852883,0.0248277010779856,0.0006015060902843,31.44104118528836,24.82770107798564,601.5060902843999,3.4533273599999994,2.27973564
383,129.0,42.38477631085024,0.9416058394160584,15.85046739155777,10.720680283202777,1.4784945519168569,0.9023598915445458,0.0356359718177436,0.0241028766535134,0.0006520528205603,35.635971817743666,24.102876653513466,652.0528205603998,3.4533273599999994,2.27973564
384,237.0,57.45584412271571,0.9404761904761904,19.07657845447336,15.932424010518922,1.1973431313325955,0.9021729282015628,0.0428891082760542,0.0358202316058892,0.0011979575075411,42.88910827605427,35.82023160588927,1197.9575075411997,3.4533273599999994,2.27973564
385,682.0,108.14213562373097,0.9660056657223796,44.01174595989453,20.608762806888365,2.135584089753503,0.7328318815458645,0.0989498479717924,0.0463338570682148,0.0034472870048231,98.94984797179248,46.333857068214826,3447.2870048232,3.4533273599999994,2.27973564
387,145.0,42.970562748477136,0.9539473684210528,15.408861799861562,12.04264067560782,1.2795251651966977,0.9868150939050996,0.0346431276301567,0.027074987325342,0.0007329275890019,34.64312763015675,27.074987325342036,732.9275890019999,3.4533273599999994,2.27973564
388,113.0,38.14213562373095,0.9658119658119658,14.194097083737784,10.230666556928588,1.3874068717570522,0.9760640007433228,0.0319120207094843,0.0230011983932802,0.0005711780521187,31.912020709484302,23.001198393280266,571.1780521187999,3.4533273599999994,2.27973564
389,115.0,39.970562748477136,0.934959349593496,12.83948477164076,11.981647646555768,1.071595923231108,0.9045387547553204,0.028866500032689,0.0269378591378454,0.0005812873981739,28.86650003268905,26.937859137845468,581.2873981739999,3.4533273599999994,2.27973564
390,118.0,45.21320343559643,0.8805970149253731,17.3180169602492,9.121610797289591,1.8985700382431463,0.7253728795349688,0.0389354048110498,0.0205077526911143,0.0005964514172567,38.93540481104986,20.507752691114295,596.4514172567999,3.4533273599999994,2.27973564
391,113.0,38.97056274847714,0.9262295081967212,13.215582766825548,11.117359841967565,1.1887339219638535,0.9350071955725154,0.0297120661113432,0.0249947154383019,0.0005711780521187,29.712066111343205,24.994715438301988,571.1780521187999,3.4533273599999994,2.27973564
392,98.0,34.14213562373095,0.9607843137254902,11.487203492021717,10.85065822909011,1.0586642072298489,1.0564636855271885,0.0258262201229727,0.0243951008701341,0.0004953579567047,25.82622012297274,24.39510087013413,495.3579567047999,3.4533273599999994,2.27973564
393,155.0,45.55634918610404,0.945121951219512,16.562130623815094,12.117087970095143,1.3668408337622266,0.93852044085262,0.0372359757962985,0.0272423641996461,0.0007834743192779,37.23597579629852,27.242364199646108,783.4743192779998,3.4533273599999994,2.27973564
394,136.0,41.89949493661166,0.9645390070921984,15.263494820249866,11.568052710774804,1.3194523920203982,0.9734893316685754,0.0343163048645749,0.0260079901875265,0.0006874355317535,34.31630486457496,26.00799018752656,687.4355317535999,3.4533273599999994,2.27973564
395,202.0,53.55634918610404,0.9395348837209302,18.54539636469356,14.237735508770736,1.3025523864570467,0.8849919177568818,0.0416948728308859,0.0320101312349488,0.0010210439515751,41.69487283088593,32.01013123494889,1021.0439515751998,3.4533273599999994,2.27973564
396,124.0,39.55634918610404,0.9612403100775194,14.34990376259218,11.08359738040494,1.2946973144262577,0.9958619639218098,0.0322623146332854,0.0249188086464692,0.0006267794554223,32.26231463328549,24.91880864646921,626.7794554223999,3.4533273599999994,2.27973564
397,435.0,90.14213562373097,0.9797297297297296,39.27161820363013,14.626176262907652,2.6850228998828585,0.6727340888929048,0.0882928083424934,0.0328834470448447,0.0021987827670059,88.29280834249347,32.88344704484475,2198.782767006,3.4533273599999994,2.27973564
398,175.0,49.21320343559643,0.9308510638297872,17.738249063743602,12.748403891674132,1.3914094042257552,0.907997476906164,0.0398801958400521,0.0286617265334952,0.0008845677798299,39.88019584005219,28.66172653349528,884.5677798299998,3.4533273599999994,2.27973564
399,387.0,78.72792206135786,0.9325301204819276,29.30986356116656,17.57662577803455,1.667547795083343,0.7846270047965958,0.0658961938500283,0.0395168246717239,0.0019561584616811,65.89619385002833,39.51682467172395,1956.1584616812,3.4533273599999994,2.27973564
400,304.0,67.79898987322332,0.9296636085626911,25.915073459719984,15.514520479011283,1.67037540701171,0.8310688429591837,0.05826382305655,0.0348806758121419,0.0015366206003903,58.263823056550045,34.88067581214191,1536.6206003903997,3.4533273599999994,2.27973564
401,330.0,71.79898987322332,0.9375,27.732240237965808,15.862965316966909,1.7482380931832218,0.8044279194703191,0.062349286437409,0.035664070403524,0.0016680420991079,62.349286437409,35.664070403524015,1668.0420991079995,3.4533273599999994,2.27973564
402,178.0,50.14213562373095,0.956989247311828,18.200461221613757,12.62956823480098,1.441099242922817,0.8896603015102784,0.0409193689461053,0.0283945530795736,0.0008997317989127,40.91936894610533,28.394553079573647,899.7317989127998,3.4533273599999994,2.27973564
403,170.0,50.38477631085024,0.913978494623656,18.6785466068855,12.018206795453365,1.554187486102488,0.84151161709034,0.0419942291943963,0.0270200536099459,0.0008592944146919,41.99422919439639,27.020053609945972,859.2944146919998,3.4533273599999994,2.27973564
404,96.0,35.55634918610404,0.9142857142857144,11.889750048554792,10.441893953610473,1.1386583795407823,0.954216170202972,0.0267312494441637,0.0234760925001442,0.0004852486106495,26.731249444163797,23.47609250014428,485.2486106495999,3.4533273599999994,2.27973564
405,317.0,70.38477631085024,0.9378698224852072,28.44864567143892,14.59851832247773,1.9487351416777536,0.8041029525677746,0.0639599521172692,0.0328212648036937,0.0016023313497491,63.95995211726926,32.82126480369378,1602.3313497491995,3.4533273599999994,2.27973564
406,96.0,33.89949493661167,0.9696969696969696,11.492403674151523,10.719239168238769,1.0721286738524924,1.0497711700537051,0.0258379114844479,0.0240996366523844,0.0004852486106495,25.8379114844479,24.099636652384486,485.2486106495999,3.4533273599999994,2.27973564
407,341.0,77.11269837220809,0.924119241192412,31.237642483110715,14.349589173926494,2.176901519931328,0.7206301727649075,0.0702303420890784,0.0322616073561719,0.0017236435024115,70.23034208907849,32.26160735617198,1723.6435024115997,3.4533273599999994,2.27973564
408,380.0,74.97056274847714,0.9547738693467336,27.323084882757865,18.238106641717227,1.4981316547552128,0.8495949436881711,0.0614293988185091,0.0410040056383071,0.0019207757504879,61.42939881850919,41.00400563830717,1920.775750488,3.4533273599999994,2.27973564
409,229.0,56.62741699796952,0.950207468879668,19.43377628609807,15.267869656504097,1.272854479591349,0.8974119369330584,0.0436921818729828,0.0343261406339319,0.0011575201233203,43.69218187298284,34.32614063393189,1157.5201233203998,3.4533273599999994,2.27973564
410,145.0,42.38477631085024,0.9666666666666668,14.213202597388769,13.027569654131147,1.0910095263149595,1.0142804982477451,0.0319549748716052,0.0292893637505968,0.0007329275890019,31.954974871605263,29.289363750596888,732.9275890019999,3.4533273599999994,2.27973564
411,205.0,54.38477631085023,0.9318181818181818,19.790210171057865,13.63256686843093,1.451686271709127,0.870981703353567,0.0444935379191825,0.0306495547876185,0.0010362079706579,44.49353791918255,30.64955478761852,1036.2079706579998,3.4533273599999994,2.27973564
412,107.0,38.14213562373095,0.9469026548672568,14.148410217963104,9.850483554381988,1.436316312783364,0.9242375936242084,0.0318093047566377,0.0221464481559748,0.0005408500139531,31.80930475663772,22.146448155974845,540.8500139531999,3.4533273599999994,2.27973564
413,356.0,74.04163056034261,0.9595687331536388,29.08935512314284,16.15917619787023,1.8001756257213657,0.816033360005173,0.0654004335491571,0.0363300294786237,0.0017994635978255,65.40043354915711,36.33002947862372,1799.4635978255997,3.4533273599999994,2.27973564
414,166.0,46.38477631085024,0.9595375722543352,16.809413373444116,12.726616788960506,1.320807693999647,0.9695428744966504,0.0377919317109794,0.0286127434619483,0.0008390757225815,37.79193171097946,28.612743461948345,839.0757225815998,3.4533273599999994,2.27973564
415,177.0,49.21320343559643,0.9516129032258064,16.802337837686604,13.986101286449356,1.201359656530287,0.9183745909279488,0.0377760240669572,0.0314443920782726,0.0008946771258851,37.77602406695728,31.44439207827262,894.6771258851998,3.4533273599999994,2.27973564
416,235.0,56.14213562373095,0.9591836734693876,19.22555370778195,15.884735177364314,1.2103162874996043,0.936914301557047,0.0432240433790578,0.035713014709861,0.0011878481614859,43.22404337905784,35.71301470986109,1187.8481614859998,3.4533273599999994,2.27973564
417,97.0,35.55634918610404,0.923809523809524,12.88219212087185,9.822617591619387,1.3114826064146972,0.9641559219759196,0.0289625172576713,0.0220837982265342,0.0004903032836771,28.96251725767134,22.083798226534203,490.3032836771999,3.4533273599999994,2.27973564
418,448.0,83.45584412271572,0.9471458773784356,31.49222452884029,18.596898268797624,1.6934127440853288,0.8083033329979092,0.0708027087192104,0.0418106625018069,0.0022644935163647,70.80270871921046,41.81066250180694,2264.4935163648,3.4533273599999994,2.27973564
419,329.0,73.21320343559643,0.94,30.152669006525905,14.336956014853456,2.103143022499822,0.7713064132064589,0.0677910396206119,0.0322332047299544,0.0016629874260803,67.79103962061193,32.23320472995443,1662.9874260803997,3.4533273599999994,2.27973564
420,141.0,44.38477631085023,0.933774834437086,16.024715388943847,11.554513033357033,1.3868793382015898,0.8994166142937666,0.0360277266203468,0.0259775494723752,0.0007127088968915,36.02772662034689,25.97754947237528,712.7088968915998,3.4533273599999994,2.27973564
421,201.0,52.14213562373095,0.9392523364485982,18.02118709016812,14.46040128443757,1.2462439136846568,0.9290269051957528,0.0405163140873413,0.0325107417917496,0.0010159892785475,40.51631408734136,32.51074179174961,1015.9892785475998,3.4533273599999994,2.27973564
422,159.0,46.38477631085024,0.9578313253012049,17.5899408735237,11.606816273792266,1.5154837001461887,0.9286585364154664,0.0395467604683083,0.0260951407557161,0.0008036930113883,39.54676046830839,26.095140755716194,803.6930113883998,3.4533273599999994,2.27973564
423,165.0,45.79898987322333,0.953757225433526,15.799512681648803,13.341356041432038,1.1842508836870014,0.9885121446146802,0.0355214123816437,0.0299948371337099,0.0008340210495539,35.521412381643735,29.99483713370999,834.0210495539998,3.4533273599999994,2.27973564
424,708.0,110.0416305603426,0.9303547963206308,43.528251713399904,21.65242663232988,2.010317478614918,0.7347322241716179,0.0978628271971684,0.0486802847004019,0.0035787085035407,97.86282719716846,48.68028470040196,3578.708503540799,3.4533273599999994,2.27973564
425,339.0,76.38477631085024,0.9313186813186812,31.463578314287314,14.37019767767297,2.189502122380153,0.730122849223887,0.0707383045808796,0.032307940630805,0.0017135341563563,70.73830458087959,32.30794063080503,1713.5341563563995,3.4533273599999994,2.27973564
426,576.0,93.11269837220809,0.9473684210526316,33.740100640674605,22.096665593751645,1.5269317670361728,0.8348616702305222,0.075856518666403,0.049679049387808,0.0029114916638975,75.85651866640308,49.679049387808064,2911.491663897599,3.4533273599999994,2.27973564
427,140.0,42.14213562373095,0.9655172413793104,15.443354532498695,11.6276914710882,1.328153105102418,0.9906148152434088,0.0347206762612355,0.0261420736267887,0.0007076542238639,34.72067626123552,26.142073626788758,707.6542238639998,3.4533273599999994,2.27973564
428,192.0,58.38477631085023,0.9142857142857144,24.1565180895192,10.354583917101015,2.3329298678649684,0.7078021075361103,0.0543101333599424,0.0232797968374615,0.0009704972212991,54.31013335994243,23.279796837461525,970.4972212991996,3.4533273599999994,2.27973564
429,299.0,68.04163056034261,0.9552715654952076,26.927896892911797,14.389522043905831,1.871354504392044,0.8115805441084579,0.0605409134684578,0.0323513868304317,0.0015113472352523,60.54091346845786,32.35138683043172,1511.3472352523995,3.4533273599999994,2.27973564
430,289.0,65.79898987322333,0.950657894736842,23.646441110923952,15.931164097459073,1.484288339902005,0.8388209212336822,0.0531633476920458,0.0358173989937533,0.0014608005049763,53.16334769204588,35.81739899375333,1460.8005049763997,3.4533273599999994,2.27973564
431,396.0,75.79898987322332,0.9542168674698795,25.104273090323847,20.74202619194828,1.2103095839339415,0.8661202922430595,0.0564409330180514,0.0466334678063096,0.0020016505189295,56.44093301805149,46.63346780630963,2001.6505189296,3.4533273599999994,2.27973564
432,91.0,35.55634918610404,0.900990099009901,13.082567856858578,9.10678899549275,1.4365730734876554,0.9045174113382336,0.0294130140098608,0.0204744294270065,0.0004599752455115,29.413014009860863,20.474429427006527,459.9752455115999,3.4533273599999994,2.27973564
433,119.0,40.970562748477136,0.9224806201550388,13.910000610838614,11.481878813219732,1.2114742575773616,0.8908671951370143,0.031273297973324,0.0258142488606093,0.0006015060902843,31.273297973324016,25.814248860609396,601.5060902843999,3.4533273599999994,2.27973564
434,195.0,50.38477631085024,0.9466019417475728,16.84048924765159,14.927752356175125,1.128132946329675,0.9652633254859782,0.0378617983559251,0.0335614685122942,0.0009856612403819,37.86179835592516,33.56146851229428,985.6612403819998,3.4533273599999994,2.27973564
435,226.0,62.62741699796952,0.8625954198473282,22.432827708840243,13.84876773778996,1.6198428722020115,0.7240845869370378,0.0504348292246771,0.0311356305541636,0.0011423561042375,50.43482922467716,31.13563055416365,1142.3561042375998,3.4533273599999994,2.27973564
436,460.0,82.97056274847714,0.944558521560575,30.71339274208883,19.75651077468976,1.554596005962552,0.8396912435124391,0.0690516923663286,0.044417772914304,0.0023251495926959,69.05169236632862,44.417772914304,2325.149592696,3.4533273599999994,2.27973564
437,275.0,62.970562748477136,0.938566552901024,23.184695885404164,15.39971639774822,1.5055274582065865,0.8715000350292944,0.0521252243713187,0.0346225663884014,0.0013900350825899,52.12522437131876,34.62256638840141,1390.0350825899998,3.4533273599999994,2.27973564
438,149.0,43.89949493661166,0.9551282051282052,14.537138721589374,13.276426780710944,1.0949586783930518,0.9715766862135804,0.0326832675022005,0.0298488592740011,0.0007531462811123,32.68326750220052,29.84885927400118,753.1462811123998,3.4533273599999994,2.27973564
439,86.0,33.89949493661166,0.9347826086956522,13.310755284592451,8.380654364510129,1.5882715961846614,0.9404200065064448,0.0299260386761378,0.0188418899815535,0.0004347018803735,29.92603867613782,18.84188998155354,434.7018803735999,3.4533273599999994,2.27973564
440,310.0,69.21320343559643,0.953846153846154,28.02646512955604,14.229837754474868,1.9695561968542148,0.813193047694021,0.0630107804921756,0.0319923750298756,0.0015669486385559,63.010780492175655,31.992375029875664,1566.9486385559997,3.4533273599999994,2.27973564
441,120.0,38.970562748477136,0.9448818897637796,13.716254339609058,11.171836126918048,1.2277529122147028,0.9929279952982468,0.0308377059815694,0.0251171922907047,0.0006065607633119,30.837705981569457,25.117192290704764,606.5607633119998,3.4533273599999994,2.27973564
442,84.0,32.14213562373095,0.9545454545454546,10.705216693716196,10.147513571595004,1.0549595837626982,1.0217383430019105,0.0240681104838143,0.0228142488624741,0.0004245925343183,24.06811048381437,22.81424886247418,424.5925343183999,3.4533273599999994,2.27973564
443,86.0,32.72792206135785,0.945054945054945,11.865181936385914,9.28047081376051,1.2785107754224012,1.0089541958843915,0.0266760139402989,0.0208649113117452,0.0004347018803735,26.676013940298997,20.864911311745203,434.7018803735999,3.4533273599999994,2.27973564
444,138.0,42.72792206135785,0.9857142857142858,16.416831408984716,10.864034195985951,1.51111742772776,0.949872697673668,0.0369093053835639,0.0244251735214673,0.0006975448778087,36.909305383563975,24.42517352146737,697.5448778087998,3.4533273599999994,2.27973564
445,218.0,55.21320343559643,0.9316239316239316,17.484135608549114,16.203595156750026,1.079028168712648,0.8986290768252774,0.0393088827232766,0.0364298948471148,0.0011019187200167,39.30888272327663,36.42989484711481,1101.9187200168,3.4533273599999994,2.27973564
446,431.0,92.0416305603426,0.9349240780911064,40.01158087473178,14.394039820908397,2.7797325401734705,0.639320347135059,0.0899564368174244,0.0323615439677555,0.0021785640748955,89.95643681742445,32.3615439677555,2178.5640748956,3.4533273599999994,2.27973564
447,116.0,39.21320343559643,0.943089430894309,14.576639830677395,10.396631292569223,1.4020541289269095,0.9479888041486356,0.0327720762657187,0.0233743302698316,0.0005863420712015,32.77207626571876,23.37433026983168,586.3420712015999,3.4533273599999994,2.27973564
448,89.0,33.55634918610404,0.946808510638298,12.728768891894276,8.899239884591767,1.4303209102086345,0.9932314452580516,0.0286175819488902,0.0200078050629322,0.0004498658994563,28.617581948890223,20.00780506293228,449.8658994563999,3.4533273599999994,2.27973564
449,142.0,42.14213562373095,0.9594594594594594,14.764816611496768,12.294467445412277,1.2009317749673096,1.0047664554611715,0.0331951465949637,0.0276411593788226,0.0007177635699191,33.19514659496372,27.6411593788226,717.7635699191999,3.4533273599999994,2.27973564
450,1161.0,159.25483399593904,0.8376623376623377,62.62489441524526,27.027864322022044,2.3170493113737844,0.5752502768250668,0.1407970451180193,0.0607656662406292,0.0058684753850435,140.7970451180193,60.76566624062927,5868.475385043599,3.4533273599999994,2.27973564
451,276.0,70.62741699796952,0.9078947368421052,29.52722777471545,12.359480838204163,2.3890346335134383,0.6953001118330223,0.0663848851167817,0.0277873263893008,0.0013950897556175,66.38488511678175,27.78732638930089,1395.0897556175996,3.4533273599999994,2.27973564
452,109.0,37.31370849898477,0.9478260869565216,13.634336485514185,10.292334811166922,1.3247078272969972,0.9837834972846466,0.0306535333469221,0.0231398446625541,0.0005509593600083,30.65353334692212,23.139844662554143,550.9593600083999,3.4533273599999994,2.27973564
453,142.0,45.79898987322333,0.9102564102564102,16.69721648787356,11.253619217338164,1.4837196963398749,0.8507195426380884,0.0375396839410266,0.0253010619415726,0.0007177635699191,37.53968394102661,25.301061941572694,717.7635699191999,3.4533273599999994,2.27973564
454,332.0,74.62741699796952,0.9222222222222224,30.923720524882217,14.076158141212105,2.196886409960393,0.7491195438039056,0.0695245639072716,0.0316468633025615,0.0016781514451631,69.52456390727168,31.64686330256152,1678.1514451631997,3.4533273599999994,2.27973564
455,93.0,34.97056274847714,0.9207920792079208,11.687369528057506,10.37193203044514,1.126826660042807,0.9556251489695974,0.0262762454151505,0.0233187999067685,0.0004700845915667,26.27624541515057,23.318799906768582,470.0845915667999,3.4533273599999994,2.27973564
456,99.0,34.72792206135786,0.9705882352941176,12.628095576293507,10.080576867952695,1.2527155679393371,1.0315432992600997,0.0283912421603576,0.0226637577491433,0.0005004126297323,28.39124216035764,22.66375774914333,500.4126297323999,3.4533273599999994,2.27973564
457,115.0,38.14213562373095,0.9583333333333334,14.098977886837924,10.450013985670472,1.3491826811113434,0.9933394697830278,0.0316981680238622,0.0234943484434234,0.0005812873981739,31.698168023862227,23.49434844342349,581.2873981739999,3.4533273599999994,2.27973564
458,174.0,48.38477631085024,0.935483870967742,15.664618759525014,14.430944780660804,1.0854880950357098,0.9339887327697354,0.0352181357722897,0.0324445159125684,0.0008795131068023,35.218135772289706,32.444515912568455,879.5131068023998,3.4533273599999994,2.27973564
459,218.0,52.38477631085024,0.986425339366516,18.612230310450297,15.077372465281114,1.2344478690374567,0.9982887342530942,0.0418451329177729,0.0338978534187929,0.0011019187200167,41.84513291777298,33.89785341879291,1101.9187200168,3.4533273599999994,2.27973564
460,603.0,103.21320343559644,0.9836867862969004,43.93705139221208,18.021134167878746,2.438084694498664,0.7113063097403372,0.0987819151630547,0.040516195104275,0.0030479678356427,98.7819151630547,40.516195104275056,3047.9678356427994,3.4533273599999994,2.27973564
462,94.0,34.970562748477136,0.9494949494949496,12.934801297137556,9.47671689072368,1.3649032092326017,0.96590068820583,0.0290807963643024,0.0213061235167384,0.0004751392645943,29.08079636430248,21.30612351673842,475.1392645943999,3.4533273599999994,2.27973564
463,494.0,90.04163056034261,0.9356060606060606,36.12011687644906,17.88780005562232,2.0192598734407325,0.7656849500801147,0.0812074139686453,0.0402164253530534,0.0024970084756343,81.20741396864535,40.21642535305344,2497.0084756343995,3.4533273599999994,2.27973564
464,100.0,36.72792206135786,0.9433962264150944,14.303231493013833,8.96062324044803,1.5962317697333153,0.9315735467918812,0.0321573832364832,0.0201458108065696,0.0005054673027599,32.15738323648328,20.145810806569685,505.4673027599999,3.4533273599999994,2.27973564
465,360.0,72.8700576850888,0.9399477806788512,27.478835019773115,16.915678205912023,1.624459550795266,0.8519500606109055,0.061779565621555,0.0380308426832237,0.0018196822899359,61.77956562155509,38.03084268322376,1819.6822899359995,3.4533273599999994,2.27973564
466,167.0,47.21320343559643,0.9382022471910112,16.05285831735866,13.407201379022895,1.1973310360262954,0.9414546355879952,0.0360909992405847,0.030142874572402,0.0008441303956091,36.09099924058477,30.14287457240201,844.1303956091998,3.4533273599999994,2.27973564
467,167.0,49.55634918610404,0.9329608938547486,20.281916179422584,10.673623821543792,1.9001902745050168,0.8545308110644734,0.0455990208695486,0.023997081493024,0.0008441303956091,45.59902086954861,23.997081493024044,844.1303956091998,3.4533273599999994,2.27973564
468,434.0,83.79898987322332,0.9623059866962306,34.37212712719962,16.562994609881724,2.0752362683673584,0.776644062397356,0.0772774785349978,0.0372379182616126,0.0021937280939783,77.2774785349978,37.23791826161268,2193.7280939784,3.4533273599999994,2.27973564
469,238.0,70.45584412271572,0.8350877192982457,28.229862609516733,11.65881229581308,2.4213326274799587,0.602494069060688,0.063468070910472,0.0262120413321847,0.0012030121805687,63.46807091047208,26.21204133218471,1203.0121805687995,3.4533273599999994,2.27973564
470,206.0,53.21320343559643,0.958139534883721,20.011771202577304,13.299777788168813,1.5046695908242416,0.9141938090352032,0.0449916647239064,0.0299013584100284,0.0010412626436855,44.991664723906446,29.90135841002841,1041.2626436856,3.4533273599999994,2.27973564
471,234.0,58.38477631085024,0.9551020408163264,21.97851232914986,13.913112465526623,1.5796977407900192,0.8626338185596342,0.0494134101291344,0.0312802942317448,0.0011827934884583,49.41341012913446,31.28029423174488,1182.7934884583997,3.4533273599999994,2.27973564
472,163.0,45.21320343559643,0.9702380952380952,15.88259916769953,13.162014330298277,1.206699732208816,1.001998130205084,0.0357082124047721,0.0295916303382364,0.0008239117034987,35.70821240477214,29.5916303382364,823.9117034987999,3.4533273599999994,2.27973564
473,229.0,56.04163056034261,0.96218487394958,19.778973762906794,15.10782713374446,1.3091871907065298,0.9162707454927932,0.0444682755521928,0.0339663234317123,0.0011575201233203,44.46827555219282,33.96632343171232,1157.5201233203998,3.4533273599999994,2.27973564
474,118.0,39.55634918610404,0.959349593495935,14.792264784098204,10.265291279667128,1.4409980565673604,0.9476750946997868,0.0332568572234966,0.0230790437724244,0.0005964514172567,33.256857223496624,23.079043772424413,596.4514172567999,3.4533273599999994,2.27973564
475,279.0,63.79898987322333,0.9393939393939394,23.258098707441462,15.67982471672595,1.4833136930817623,0.8613634947433401,0.0522902529999923,0.0352523227176262,0.0014102537747003,52.29025299999234,35.25232271762628,1410.2537747003996,3.4533273599999994,2.27973564
476,109.0,38.14213562373095,0.9478260869565216,13.32749794386686,10.66700141412607,1.2494137224185191,0.9415130626639132,0.0299636805272781,0.023982192599323,0.0005509593600083,29.963680527278104,23.982192599323074,550.9593600083999,3.4533273599999994,2.27973564
477,520.0,90.14213562373097,0.994263862332696,37.71040040863432,18.00349464308718,2.094615581931701,0.8041878763777253,0.0847827848227161,0.0404765368662671,0.0026284299743519,84.78278482271617,40.476536866267175,2628.429974352,3.4533273599999994,2.27973564
478,149.0,46.14213562373095,0.9197530864197532,15.799865460816,12.41606520177479,1.2725340278140227,0.8794289330303888,0.0355222055209341,0.0279145427505421,0.0007531462811123,35.52220552093417,27.914542750542186,753.1462811123998,3.4533273599999994,2.27973564
479,127.0,41.55634918610404,0.9338235294117648,15.230644244777135,10.72454576501257,1.4201668376916368,0.9241422190287176,0.0342424482297626,0.0241115672616471,0.0006419434745051,34.242448229762644,24.11156726164716,641.9434745051999,3.4533273599999994,2.27973564
481,143.0,42.97056274847714,0.959731543624161,15.086132556195045,12.224831436902736,1.2340564885545156,0.9732038512305462,0.033917548380791,0.0274845995263309,0.0007228182429467,33.91754838079106,27.484599526330943,722.8182429467998,3.4533273599999994,2.27973564
482,191.0,52.14213562373095,0.9646464646464646,21.37063879407376,11.53502595666288,1.8526736631857876,0.882806661156163,0.0480467523751642,0.0259337374573268,0.0009654425482715,48.04675237516426,25.93373745732688,965.4425482715998,3.4533273599999994,2.27973564
483,144.0,43.55634918610404,0.9664429530201344,14.979218748797296,12.405644354426702,1.2074518921262052,0.9538265664352432,0.033677178344171,0.0278911139762833,0.0007278729159743,33.677178344171004,27.89111397628337,727.8729159743998,3.4533273599999994,2.27973564
484,118.0,38.38477631085023,0.9516129032258064,12.988657852626552,11.625748357502667,1.1172319796724597,1.0064074503810634,0.0292018799037461,0.0261377050022389,0.0005964514172567,29.201879903746168,26.137705002238945,596.4514172567999,3.4533273599999994,2.27973564
485,113.0,37.31370849898477,0.9741379310344828,13.69955922009635,10.551243240579842,1.2983834139476718,1.0198856439739914,0.0308001710121738,0.023721938128066,0.0005711780521187,30.800171012173816,23.721938128066032,571.1780521187999,3.4533273599999994,2.27973564
