label,area,perimeter,solidity,major_axis_length,minor_axis_length,aspect_ratio,circularity,length_um,width_um,area_um2,length_nm,width_nm,area_nm2,scan_width,scan_height
1,260.0,64.04163056034261,0.9219858156028369,24.023425646380108,14.212103853845544,1.6903497113046915,0.7966332885598241,0.054010906943730536,0.03195250461044678,0.0013142149871759998,54.01090694373053,31.95250461044678,1314.2149871759998,3.4533273599999994,2.2797356399999997
2,194.0,49.798989873223334,0.9603960396039604,17.7662166691627,14.035898963300617,1.2657697747479992,0.9830384995146493,0.03994307428861173,0.03155635020323024,0.0009806065673543998,39.943074288611726,31.55635020323024,980.6065673543998,3.4533273599999994,2.2797356399999997
3,85.0,31.556349186104043,0.9770114942528736,11.512637723753889,9.411003809945196,1.223316657420515,1.0726431991352996,0.025883402888806913,0.021158383425747385,0.0004296472073459999,25.883402888806913,21.158383425747385,429.6472073459999,3.4533273599999994,2.2797356399999997
4,158.0,46.384776310850235,0.9634146341463414,17.813786967266296,11.40245120227157,1.5622769745962584,0.9228179166895828,0.04005002468702612,0.025635674940019077,0.0007986383383607998,40.05002468702612,25.635674940019076,798.6383383607998,3.4533273599999994,2.2797356399999997
5,454.0,83.45584412271572,0.9537815126050421,32.4980154875601,18.03194956225927,1.8022463614016642,0.8191288240648456,0.07306398830006187,0.040540510922845024,0.0022948215545303993,73.06398830006187,40.54051092284502,2294.8215545303997,3.4533273599999994,2.2797356399999997
6,164.0,47.55634918610404,0.9479768786127167,18.663458871105554,11.302797563888317,1.6512247313650965,0.9112482296748117,0.04196030804155177,0.025411627650987544,0.0008289663765263998,41.96030804155177,25.411627650987544,828.9663765263998,3.4533273599999994,2.2797356399999997
7,308.0,66.97056274847714,0.9595015576323987,26.253871506379287,15.312824248553534,1.7145022420576175,0.8629640102685319,0.05902552915293229,0.034427210245052964,0.0015568392925007996,59.025529152932286,34.42721024505296,1556.8392925007997,3.4533273599999994,2.2797356399999997
8,120.0,39.55634918610404,0.96,15.072638643102659,10.197712592156444,1.4780411299976974,0.963737384440461,0.03388721055574198,0.022927109312441643,0.0006065607633119999,33.88721055574198,22.927109312441644,606.5607633119998,3.4533273599999994,2.2797356399999997
9,367.0,78.04163056034261,0.9152119700748129,29.162962093728662,16.688182669764636,1.7475217446274494,0.7572220619398035,0.0655659211568464,0.037519373569125034,0.0018550650011291995,65.5659211568464,37.51937356912504,1855.0650011291996,3.4533273599999994,2.2797356399999997
10,141.0,42.384776310850235,0.9527027027027027,14.84893693766344,12.179508131818755,1.2191737775412168,0.9863003465719453,0.033384270959471204,0.027382700952442832,0.0007127088968915999,33.3842709594712,27.382700952442832,712.7088968915998,3.4533273599999994,2.2797356399999997
11,443.0,78.38477631085024,0.977924944812362,28.802145254662488,19.89030994447521,1.4480490919983202,0.9060457834827035,0.06475471109024748,0.04471858823576583,0.0022392201512267994,64.75471109024748,44.71858823576583,2239.2201512267993,3.4533273599999994,2.2797356399999997
12,860.0,143.94112549695427,0.8022388059701493,53.34101387759462,24.531947636569978,2.1743489211626525,0.5216011339962547,0.11992446786044086,0.055154196593394815,0.004347018803735999,119.92446786044086,55.15419659339481,4347.018803735999,3.4533273599999994,2.2797356399999997
13,180.0,50.384776310850235,0.9183673469387755,18.77443852442787,12.428659187683508,1.5105763414152409,0.8910123004485953,0.0422098191569302,0.02794285730530132,0.0009098411449679998,42.2098191569302,27.94285730530132,909.8411449679998,3.4533273599999994,2.2797356399999997
14,97.0,34.72792206135786,0.9509803921568627,12.692125498305533,9.77980399234319,1.297789353267454,1.0107040406891885,0.028535198072820393,0.021987542123825497,0.0004903032836771999,28.535198072820393,21.9875421238255,490.3032836771999,3.4533273599999994,2.2797356399999997
15,334.0,68.04163056034261,0.9597701149425287,23.44832290334257,18.51036685423164,1.266767054807564,0.906581611144565,0.052717926450668966,0.04161611738369483,0.0016882607912183996,52.71792645066896,41.61611738369482,1688.2607912183996,3.4533273599999994,2.2797356399999997
16,429.0,80.62741699796952,0.9449339207048458,29.984195380145593,18.900368315204375,1.586434448265479,0.8292808994094426,0.06741226710536612,0.04249294206834138,0.0021684547288403997,67.41226710536613,42.492942068341385,2168.4547288403996,3.4533273599999994,2.2797356399999997
17,102.0,35.55634918610404,0.9622641509433962,13.163145144651725,9.909178447948575,1.3283790592525655,1.0138546808406577,0.029594172702914683,0.02227840953738486,0.0005155766488151999,29.594172702914683,22.27840953738486,515.5766488151999,3.4533273599999994,2.2797356399999997
18,78.0,30.14213562373095,0.9629629629629629,10.483395632923871,9.503094438459941,1.1031559983763348,1.0788384776134494,0.02356939906567742,0.021365427102211947,0.0003942644961527999,23.56939906567742,21.365427102211946,394.2644961527999,3.4533273599999994,2.2797356399999997
19,910.0,139.01219330881975,0.8568738229755178,45.1939797913744,30.46561483138769,1.4834422361570914,0.5917598084612814,0.1016078170057554,0.06849462320081567,0.004599752455115999,101.60781700575541,68.49462320081568,4599.752455115999,3.4533273599999994,2.2797356399999997
20,159.0,47.55634918610404,0.9695121951219512,19.13350831085194,10.82267301905763,1.767909672329541,0.8834662714530188,0.04301710139495598,0.024332182841826505,0.0008036930113883998,43.01710139495598,24.332182841826505,803.6930113883998,3.4533273599999994,2.2797356399999997
21,126.0,38.970562748477136,0.9767441860465116,14.29985514113581,11.229703096246963,1.2733956560182709,1.0425743950631592,0.032149792319609995,0.025247292283168195,0.0006368888014775998,32.14979231960999,25.247292283168193,636.8888014775998,3.4533273599999994,2.2797356399999997
22,247.0,57.55634918610404,0.9762845849802372,21.085370384011522,15.159293491421074,1.3909203879418341,0.9369584663239122,0.04740539481955774,0.03408203318502234,0.0012485042378171996,47.40539481955774,34.08203318502234,1248.5042378171997,3.4533273599999994,2.2797356399999997
23,297.0,69.45584412271572,0.9339622641509434,28.292355467042253,13.84048218059378,2.044174118927153,0.7736574744450747,0.06360857110233241,0.031117002467341767,0.0015012378891971997,63.608571102332405,31.117002467341766,1501.2378891971996,3.4533273599999994,2.2797356399999997
24,189.0,49.798989873223334,0.9593908629441624,18.402045051253594,13.239776118503313,1.3899060593279766,0.9577024557127254,0.0413725818069314,0.029766459056186256,0.0009553332022163998,41.3725818069314,29.766459056186253,955.3332022163997,3.4533273599999994,2.2797356399999997
25,114.0,37.798989873223334,0.957983193277311,14.116818064945459,10.316214480537736,1.3684106792833581,1.002661472133384,0.031738277382694274,0.023193532368013768,0.0005762327251463998,31.738277382694275,23.193532368013766,576.2327251463998,3.4533273599999994,2.2797356399999997
26,292.0,70.04163056034261,0.9012345679012346,27.392219530335478,14.210377893746738,1.9276207666785128,0.7479631806957775,0.061584831481272036,0.03194862420339504,0.0014759645240591996,61.58483148127203,31.94862420339504,1475.9645240591997,3.4533273599999994,2.2797356399999997
27,105.0,35.31370849898477,0.963302752293578,11.955472944778611,11.16456981023537,1.070840448668086,1.0580653875719899,0.02687901160282796,0.025100855721559772,0.0005307406678979998,26.87901160282796,25.10085572155977,530.7406678979999,3.4533273599999994,2.2797356399999997
28,335.0,73.21320343559643,0.9410112359550562,31.053634211091225,14.205672520362688,2.186002399152757,0.7853727915628076,0.06981664365142795,0.031938045300630616,0.0016933154642459996,69.81664365142795,31.938045300630613,1693.3154642459997,3.4533273599999994,2.2797356399999997
29,126.0,39.79898987322333,0.9473684210526315,13.547725144066606,11.950286924612453,1.1336736288870284,0.999623161145279,0.030458808532399184,0.02686735208112919,0.0006368888014775998,30.458808532399182,26.86735208112919,636.8888014775998,3.4533273599999994,2.2797356399999997
30,130.0,41.55634918610404,0.935251798561151,15.87323326030505,10.505461732783337,1.5109505573440003,0.9459723501868762,0.035687155409813424,0.023619009395347463,0.0006571074935879999,35.68715540981343,23.61900939534746,657.1074935879999,3.4533273599999994,2.2797356399999997
31,324.0,68.62741699796952,0.9283667621776505,22.089567721996072,19.277826586944794,1.1458536377205213,0.8644891916210333,0.049663091526654886,0.0433415664023645,0.0016377140609423997,49.66309152665488,43.3415664023645,1637.7140609423996,3.4533273599999994,2.2797356399999997
32,140.0,44.14213562373095,0.9459459459459459,17.370327415067134,10.396147784572578,1.6708426789434379,0.9028824640614317,0.03905301231419883,0.023373243218143144,0.0007076542238639999,39.05301231419883,23.37324321814314,707.6542238639998,3.4533273599999994,2.2797356399999997
33,240.0,61.55634918610404,0.933852140077821,25.338500385931976,12.378940825850277,2.046903749068656,0.7959309571290464,0.05696753687767542,0.02783107750112614,0.0012131215266239998,56.967536877675414,27.831077501126142,1213.1215266239997,3.4533273599999994,2.2797356399999997
34,202.0,51.21320343559643,0.9528301886792453,17.557565450605562,14.838175770500094,1.1832698117454512,0.9678261427505309,0.03947397209997846,0.033360077057784536,0.0010210439515751998,39.473972099978454,33.36007705778454,1021.0439515751998,3.4533273599999994,2.2797356399999997
35,108.0,36.14213562373095,0.972972972972973,13.49843352991659,10.190340852816723,1.3246302282602718,1.0389771515919282,0.03034798816797027,0.022910535725753724,0.0005459046869807999,30.347988167970268,22.91053572575372,545.9046869807999,3.4533273599999994,2.2797356399999997
36,107.0,36.72792206135786,0.9469026548672567,12.520340188471899,10.972532356511659,1.1410620430790246,0.9967836950673128,0.028148980032133827,0.0246691055958509,0.0005408500139531999,28.148980032133828,24.669105595850898,540.8500139531999,3.4533273599999994,2.2797356399999997
37,108.0,36.970562748477136,0.9230769230769231,11.930759414335416,11.552227575866022,1.0327669997828117,0.9929365491729245,0.02682344916087374,0.02597241116971654,0.0005459046869807999,26.82344916087374,25.972411169716537,545.9046869807999,3.4533273599999994,2.2797356399999997
38,1198.0,137.21320343559643,0.9876339653751031,53.65301971702745,29.347762567623654,1.8281809249819019,0.7996038467016856,0.12062593810900411,0.06598140067028554,0.0060554982870647985,120.62593810900411,65.98140067028555,6055.498287064799,3.4533273599999994,2.2797356399999997
39,458.0,82.62741699796952,0.9662447257383966,33.284685767821024,17.793692602447987,1.870589006536049,0.8429988630718702,0.07483262762436128,0.040004847330379706,0.0023150402466407993,74.83262762436128,40.004847330379704,2315.0402466407995,3.4533273599999994,2.2797356399999997
40,182.0,48.970562748477136,0.9381443298969072,16.098226885051883,14.56931830423314,1.1049402963743689,0.9536984185281885,0.03619299957658674,0.032755615570675196,0.0009199504910231999,36.19299957658674,32.75561557067519,919.9504910231998,3.4533273599999994,2.2797356399999997
41,306.0,64.62741699796952,0.9776357827476039,25.497646117914,15.407572901989818,1.6548775254940444,0.9206566476889901,0.05732533786106133,0.03464022985262762,0.0015467299464455996,57.32533786106133,34.64022985262763,1546.7299464455996,3.4533273599999994,2.2797356399999997
42,210.0,53.21320343559643,0.9375,17.867088100992348,15.183467467391228,1.1767462300271394,0.9319451451329743,0.04016985949393705,0.034136382568237,0.0010614813357959997,40.169859493937054,34.136382568236996,1061.4813357959997,3.4533273599999994,2.2797356399999997
43,521.0,91.55634918610404,0.9811676082862524,38.59751978286252,17.532536397165682,2.2014795183372446,0.7810352834123749,0.08677725982701848,0.03941770028029171,0.0026334846473795993,86.77725982701848,39.41770028029171,2633.4846473795997,3.4533273599999994,2.2797356399999997
44,145.0,42.970562748477136,0.9666666666666667,16.384655230814804,11.302295514924879,1.4496749982495662,0.9868150939050996,0.03683696496923169,0.025410498914385005,0.0007329275890019998,36.83696496923169,25.410498914385006,732.9275890019999,3.4533273599999994,2.2797356399999997
45,511.0,84.72792206135784,0.9789272030651341,29.49099247036623,22.769124538777366,1.295218550021151,0.8944944557827696,0.06630341873142558,0.05119091193555159,0.0025829379171035997,66.30341873142557,51.19091193555159,2582.9379171035994,3.4533273599999994,2.2797356399999997
46,236.0,56.142135623730944,0.9833333333333333,21.3384532206995,14.269029504552751,1.4954382997029434,0.9409011709253752,0.04797439083796985,0.03208048827390576,0.0011929028345135997,47.97439083796985,32.080488273905765,1192.9028345135998,3.4533273599999994,2.2797356399999997
47,144.0,46.04163056034261,0.9113924050632911,17.086614105704033,11.123455415385298,1.536088694352193,0.8536325456160958,0.03841515102929015,0.025008419872194147,0.0007278729159743998,38.41515102929014,25.008419872194146,727.8729159743998,3.4533273599999994,2.2797356399999997
48,73.0,29.31370849898476,0.9605263157894737,9.886798450237292,9.416936270658653,1.0498954400958025,1.0675572996675682,0.02222809348373049,0.02117172113987102,0.0003689911310147999,22.22809348373049,21.171721139871018,368.9911310147999,3.4533273599999994,2.2797356399999997
49,259.0,59.798989873223334,0.955719557195572,21.580592894017155,15.575635670049436,1.385535290576597,0.910168775164181,0.048518783779903006,0.03501807865154534,0.0013091603141483998,48.518783779903,35.018078651545345,1309.1603141483997,3.4533273599999994,2.2797356399999997
50,245.0,57.21320343559643,0.9496124031007752,18.155309563192834,17.4286745197185,1.0416919280150785,0.9405533143839295,0.04081785627854392,0.03918419177570231,0.0012383948917619998,40.817856278543914,39.18419177570231,1238.3948917619998,3.4533273599999994,2.2797356399999997
51,101.0,34.72792206135786,0.9619047619047619,12.333891502014113,10.427120457353986,1.1828665020662852,1.0523825578310106,0.02772979490831825,0.02344287783945067,0.0005105219757875999,27.729794908318247,23.44287783945067,510.5219757875999,3.4533273599999994,2.2797356399999997
52,153.0,44.38477631085023,0.95625,15.032195464263697,13.1704079234463,1.1413614180850842,0.9759627091272788,0.0337962837744855,0.029610501317967376,0.0007733649732227998,33.796283774485495,29.610501317967373,773.3649732227998,3.4533273599999994,2.2797356399999997
53,323.0,65.79898987322333,0.9758308157099698,22.944002470401536,18.286892758819153,1.2546692744909556,0.9375057354964683,0.051584082994104954,0.041113689513942744,0.0016326593879147997,51.58408299410495,41.113689513942745,1632.6593879147997,3.4533273599999994,2.2797356399999997
54,164.0,46.384776310850235,0.9534883720930233,16.421369765176955,12.786774935482372,1.2842464067783697,0.9578616350448833,0.036919508788256734,0.028747994616447593,0.0008289663765263998,36.919508788256735,28.747994616447592,828.9663765263998,3.4533273599999994,2.2797356399999997
55,93.0,34.72792206135786,0.9393939393939394,13.690010795358027,8.827554865269109,1.5508270414970324,0.9690255235473662,0.030778703670771637,0.019846638501389926,0.0004700845915667999,30.778703670771634,19.846638501389926,470.0845915667999,3.4533273599999994,2.2797356399999997
56,163.0,44.970562748477136,0.9760479041916168,15.668650104238482,13.312356508344427,1.1770004878112366,1.01283995193079,0.03522719928335521,0.02992963864345044,0.0008239117034987998,35.227199283355205,29.92963864345044,823.9117034987999,3.4533273599999994,2.2797356399999997
57,411.0,80.38477631085024,0.9535962877030162,33.33651086219249,16.193736023388617,2.058605303559633,0.7992894317561402,0.07494914391103288,0.03640772895194369,0.0020774706143435995,74.94914391103288,36.40772895194369,2077.4706143435997,3.4533273599999994,2.2797356399999997
58,100.0,34.72792206135786,0.9615384615384616,11.722612566718615,10.927815637656542,1.072731546304941,1.0419629285455552,0.02635548092925079,0.024568570785517694,0.0005054673027599999,26.35548092925079,24.568570785517693,505.4673027599999,3.4533273599999994,2.2797356399999997
59,110.0,36.14213562373095,0.9649122807017544,12.551135740273558,11.1313227875724,1.1275511437226773,1.058217469214001,0.028218216439427426,0.02502610777038752,0.0005560140330359999,28.218216439427426,25.02610777038752,556.0140330359999,3.4533273599999994,2.2797356399999997
60,109.0,36.72792206135786,0.9646017699115044,13.559430739847883,10.249234719725587,1.3229700666091218,1.0154151660031503,0.0304851257551704,0.023042944450970246,0.0005509593600083999,30.485125755170397,23.042944450970246,550.9593600083999,3.4533273599999994,2.2797356399999997
61,395.0,72.97056274847714,0.9777227722772277,26.106230540716872,19.549109893617093,1.3354178621319592,0.9322053017284011,0.05869359387547211,0.043951481809423563,0.0019965958459019994,58.69359387547211,43.95148180942356,1996.5958459019996,3.4533273599999994,2.2797356399999997
62,174.0,46.62741699796952,0.9720670391061452,16.817679665275648,13.211106488492128,1.2729955420407153,1.0057184027462298,0.037810516484252626,0.029702002273817307,0.0008795131068023998,37.810516484252624,29.702002273817307,879.5131068023998,3.4533273599999994,2.2797356399999997
63,122.0,38.970562748477136,0.953125,13.3770358807482,11.779864344600185,1.1355848836137192,1.0094767952198842,0.03007505468925095,0.02648419781139081,0.0006166701093671999,30.075054689250948,26.484197811390807,616.6701093671999,3.4533273599999994,2.2797356399999997
64,442.0,82.38477631085024,0.9692982456140351,33.99969155718691,16.921915652030393,2.009210556081895,0.8183483284421601,0.07644014654036102,0.038044866083833846,0.0022341654781991996,76.44014654036103,38.044866083833845,2234.1654781991997,3.4533273599999994,2.2797356399999997
65,456.0,85.4558441227157,0.946058091286307,35.19622515949858,17.048731698499427,2.064448299259495,0.7846774459043344,0.07913026517709427,0.03832998152846832,0.0023049309005855993,79.13026517709427,38.329981528468316,2304.9309005855994,3.4533273599999994,2.2797356399999997
66,155.0,43.55634918610404,0.9748427672955975,15.526726074656548,12.730050279087491,1.2196908680057095,1.0266883180379354,0.03490811716460732,0.02862046284046124,0.0007834743192779998,34.908117164607326,28.62046284046124,783.4743192779998,3.4533273599999994,2.2797356399999997
67,160.0,44.97056274847714,0.963855421686747,15.145868981272255,13.62617528149902,1.1115275320020728,0.9941987258216342,0.03405185139583516,0.030635184838382984,0.0008087476844159999,34.05185139583516,30.635184838382983,808.7476844159999,3.4533273599999994,2.2797356399999997
68,115.0,38.72792206135786,0.9663865546218487,15.576052859044525,9.39985715701715,1.657052080564516,0.9635168480183666,0.03501901660087544,0.021133322851835376,0.0005812873981739998,35.01901660087544,21.133322851835377,581.2873981739999,3.4533273599999994,2.2797356399999997
69,98.0,34.72792206135785,0.9423076923076923,12.474556581528063,10.014762881797871,1.2456167688404225,1.0211236699746444,0.02804604657998628,0.02251579079663088,0.0004953579567047999,28.046046579986278,22.515790796630878,495.3579567047999,3.4533273599999994,2.2797356399999997
70,168.0,47.55634918610404,0.9491525423728814,18.241807446326096,11.84116626269458,1.5405414501945338,0.9334737962522462,0.0410123260092771,0.026622020461765712,0.0008491850686367998,41.0123260092771,26.622020461765715,849.1850686367998,3.4533273599999994,2.2797356399999997
71,293.0,63.21320343559642,0.948220064724919,21.479944579739726,17.544992589025792,1.2242777801556441,0.9214290186232342,0.048292500200845634,0.039445705038203126,0.0014810191970867997,48.29250020084563,39.44570503820312,1481.0191970867997,3.4533273599999994,2.2797356399999997
72,166.0,46.62741699796952,0.9595375722543352,16.753300941399964,12.648738050965404,1.3245037468477958,0.9594784761831848,0.03766577637451188,0.028437651810463475,0.0008390757225815998,37.66577637451188,28.437651810463475,839.0757225815998,3.4533273599999994,2.2797356399999997
73,356.0,74.04163056034261,0.9417989417989417,29.629827393502488,15.56569876099225,1.9035333940648422,0.816033360005173,0.0666155557357159,0.034995737896388435,0.0017994635978255996,66.6155557357159,34.995737896388434,1799.4635978255997,3.4533273599999994,2.2797356399999997
74,107.0,36.970562748477136,0.9304347826086956,13.16018841596957,10.357726356272071,1.2705673005157625,0.9837426922361382,0.02958752520808774,0.023286861857752243,0.0005408500139531999,29.58752520808774,23.286861857752243,540.8500139531999,3.4533273599999994,2.2797356399999997
75,343.0,71.21320343559643,0.9554317548746518,28.118634257607656,15.687091930518497,1.792469527312719,0.8499295703532211,0.06321800065600898,0.03526866130370751,0.0017337528484667997,63.21800065600898,35.26866130370751,1733.7528484667996,3.4533273599999994,2.2797356399999997
76,297.0,63.21320343559643,0.9580645161290322,22.44373131402586,17.04769754347286,1.3165256631749083,0.9340082543723567,0.050459343364071776,0.03832765647908829,0.0015012378891971997,50.45934336407178,38.32765647908829,1501.2378891971996,3.4533273599999994,2.2797356399999997
77,363.0,77.45584412271572,0.9428571428571428,32.3432482927668,14.786202619951476,2.187393824099574,0.7603404691971023,0.07271603140669589,0.033243227902332105,0.0018348463090187997,72.71603140669588,33.2432279023321,1834.8463090187995,3.4533273599999994,2.2797356399999997
78,266.0,62.62741699796952,0.9333333333333333,23.984119011214407,14.483599067933199,1.65595021642897,0.8522411509966905,0.053922535408152894,0.03256289644047149,0.0013445430253415996,53.922535408152896,32.56289644047149,1344.5430253415998,3.4533273599999994,2.2797356399999997
79,150.0,44.384776310850235,0.9375,15.465614878089577,12.383666697996148,1.248872022742031,0.9568261854189003,0.03477072330581367,0.027841702490436816,0.0007582009541399999,34.77072330581367,27.841702490436816,758.2009541399998,3.4533273599999994,2.2797356399999997
80,163.0,46.04163056034261,0.9532163742690059,16.028236882580394,13.018866890866613,1.2311545249629217,0.9662646176071084,0.03603564385363019,0.029269797676059767,0.0008239117034987998,36.03564385363019,29.269797676059767,823.9117034987999,3.4533273599999994,2.2797356399999997
81,87.0,32.14213562373095,0.9666666666666667,11.062553814070007,10.019884093248297,1.1040600580923179,1.0582289981091215,0.024871497238021033,0.022527304611486415,0.0004397565534011999,24.871497238021032,22.527304611486414,439.7565534011999,3.4533273599999994,2.2797356399999997
82,228.0,55.21320343559643,0.946058091286307,18.80452498804749,15.760056320188397,1.1931762555923848,0.9398505941108406,0.04227746134962764,0.03543270422242676,0.0011524654502927997,42.27746134962764,35.432704222426764,1152.4654502927997,3.4533273599999994,2.2797356399999997
83,294.0,68.04163056034261,0.9514563106796117,28.12597085150086,13.701354554032658,2.052787608742135,0.7980089631032998,0.06323449522659531,0.030804207389649462,0.0014860738701143997,63.234495226595314,30.80420738964946,1486.0738701143996,3.4533273599999994,2.2797356399999997
84,300.0,63.21320343559643,0.9615384615384616,21.109497723743864,18.402249719535423,1.147115056336535,0.9434426811841987,0.04745963935238438,0.041373041954442705,0.0015164019082799997,47.45963935238437,41.373041954442705,1516.4019082799996,3.4533273599999994,2.2797356399999997
85,121.0,38.970562748477136,0.968,14.926747621741454,10.315264946805778,1.4470542151574755,1.0012023952590656,0.03355920960805644,0.023191397569305557,0.0006116154363395999,33.559209608056435,23.191397569305554,611.6154363395999,3.4533273599999994,2.2797356399999997
86,358.0,78.04163056034261,0.9445910290237467,33.319111307594525,13.911329773625287,2.3951061364934905,0.7386525835816067,0.07491002518841246,0.031276286276850786,0.0018095729438807997,74.91002518841246,31.276286276850783,1809.5729438807996,3.4533273599999994,2.2797356399999997
87,242.0,61.21320343559643,0.9416342412451362,25.562071550166607,12.299578473958961,2.07828842299656,0.8115868739650869,0.05747018298337757,0.027652650299862972,0.0012232308726791998,57.47018298337757,27.65265029986297,1223.2308726791998,3.4533273599999994,2.2797356399999997
88,126.0,39.798989873223334,0.9618320610687023,14.262993039538404,11.270898008808052,1.2654708638470573,0.9996231611452788,0.032066916731072606,0.025339909157282788,0.0006368888014775998,32.06691673107261,25.339909157282786,636.8888014775998,3.4533273599999994,2.2797356399999997
89,456.0,78.38477631085024,0.9743589743589743,26.452346864633004,22.40928224562393,1.1804191930242924,0.9326340344652658,0.05947175336187979,0.05038189290154645,0.0023049309005855993,59.47175336187979,50.38189290154645,2304.9309005855994,3.4533273599999994,2.2797356399999997
90,125.0,39.55634918610404,0.9541984732824428,14.642134688908321,10.88200954566148,1.3455359166401353,1.003893108792147,0.03291932573568502,0.024465586781128878,0.0006318341284499998,32.919325735685014,24.465586781128877,631.8341284499999,3.4533273599999994,2.2797356399999997
91,134.0,42.14213562373095,0.9370629370629371,14.89137029284431,11.645877493736641,1.2786816880783052,0.9481598945901197,0.03347967217459015,0.02618296053406834,0.0006773261856983998,33.47967217459014,26.18296053406834,677.3261856983999,3.4533273599999994,2.2797356399999997
92,116.0,37.55634918610404,0.9586776859504132,13.263508862235428,11.131348474838921,1.191545560918877,1.0334777156447452,0.02981981643460942,0.02502616552204135,0.0005863420712015999,29.819816434609418,25.02616552204135,586.3420712015999,3.4533273599999994,2.2797356399999997
93,513.0,86.2842712474619,0.9535315985130112,30.013326453026032,22.49969132033134,1.3339439206397097,0.8658924607243406,0.0674777613312803,0.05058515600784813,0.0025930472631587992,67.47776133128029,50.585156007848134,2593.0472631587995,3.4533273599999994,2.2797356399999997
94,363.0,75.55634918610404,0.937984496124031,29.673842958688024,15.944004444129945,1.8611286181378952,0.7990511096895818,0.06671451417029993,0.03584626743155959,0.0018348463090187997,66.71451417029992,35.84626743155958,1834.8463090187995,3.4533273599999994,2.2797356399999997
95,129.0,40.384776310850235,0.9416058394160584,13.831960407957176,11.890653719017225,1.1632632431163257,0.9939492513651654,0.0310978433067938,0.026733281130317664,0.0006520528205603999,31.097843306793795,26.73328113031766,652.0528205603998,3.4533273599999994,2.2797356399999997
96,224.0,55.798989873223334,0.9531914893617022,21.269429804018944,13.506331326972234,1.5747747696329462,0.9040765577839398,0.047819208251183624,0.030365744469178592,0.0011322467581823998,47.819208251183625,30.36574446917859,1132.2467581823998,3.4533273599999994,2.2797356399999997
97,107.0,36.14213562373095,0.9553571428571429,13.362383846304423,10.17206859693094,1.3136348540095422,1.0293569927808919,0.03004211310629238,0.02286945494373595,0.0005408500139531999,30.04211310629238,22.869454943735953,540.8500139531999,3.4533273599999994,2.2797356399999997
98,750.0,111.45584412271572,0.962772785622593,46.74333949930492,20.92525880385415,2.2338237217259858,0.7586918811047745,0.10509118046270728,0.04704542235835312,0.003791004770699999,105.09118046270727,47.04542235835312,3791.004770699999,3.4533273599999994,2.2797356399999997
99,393.0,80.04163056034261,0.9538834951456311,32.40376841317294,15.884234908901444,2.039995542688306,0.7708512125954372,0.07285209637260019,0.035711889976286756,0.0019864864998467998,72.85209637260019,35.711889976286756,1986.4864998467997,3.4533273599999994,2.2797356399999997
100,379.0,76.2842712474619,0.9221411192214112,27.699904851724757,18.555930856659945,1.4927790508436245,0.8184253457560162,0.06227658808193869,0.041718557107794284,0.0019157210774603996,62.27658808193869,41.71855710779428,1915.7210774603996,3.4533273599999994,2.2797356399999997
101,344.0,71.21320343559643,0.9745042492917847,29.165941539436,15.311718370281413,1.9048117810241543,0.852407499129761,0.06557261972545238,0.03442472394316889,0.0017388075214943997,65.57261972545237,34.424723943168885,1738.8075214943997,3.4533273599999994,2.2797356399999997
102,183.0,48.38477631085024,0.9786096256684492,17.055784869843624,13.908451823232106,1.226289243879347,0.9822984948095489,0.03834583889147462,0.03126981589609981,0.0009250051640507998,38.34583889147462,31.26981589609981,925.0051640507997,3.4533273599999994,2.2797356399999997
103,244.0,54.62741699796952,0.9878542510121457,18.942666570897895,16.411241164413394,1.1542494794344815,1.0274917859878587,0.042588039544686894,0.03689673706030405,0.0012333402187343998,42.58803954468689,36.89673706030405,1233.3402187343997,3.4533273599999994,2.2797356399999997
104,122.0,38.384776310850235,0.976,13.187412842643305,11.816123046754225,1.116052430265252,1.0405229571736412,0.029648732797601232,0.02656571680109565,0.0006166701093671999,29.648732797601234,26.56571680109565,616.6701093671999,3.4533273599999994,2.2797356399999997
105,205.0,51.798989873223334,0.9579439252336449,18.95091351138778,13.858657986136391,1.3674421816560782,0.9601103329105557,0.04260658081111268,0.031157866403911,0.0010362079706579999,42.60658081111268,31.157866403910997,1036.2079706579998,3.4533273599999994,2.2797356399999997
106,80.0,30.72792206135785,0.975609756097561,11.644782635938093,8.799235044124837,1.3233857917812073,1.0647152285484391,0.026180499009074175,0.019782968180304103,0.0004043738422079999,26.180499009074172,19.782968180304103,404.3738422079999,3.4533273599999994,2.2797356399999997
107,103.0,47.21320343559643,0.8306451612903226,22.182378692169582,6.430538235550842,3.4495368629542766,0.5806576494943922,0.04987175471845718,0.014457521893459535,0.0005206313218427999,49.871754718457176,14.457521893459536,520.6313218427999,3.4533273599999994,2.2797356399999997
108,337.0,73.45584412271572,0.9413407821229051,30.225496856936715,14.611499537943994,2.068610191475925,0.7848507131721598,0.06795477556357653,0.03285044995117796,0.0017034248103011997,67.95477556357653,32.85044995117796,1703.4248103011996,3.4533273599999994,2.2797356399999997
109,153.0,43.21320343559643,0.9622641509433962,14.523472000828018,13.420868986242153,1.0821558585897941,1.029599612653321,0.0326525411605816,0.03017360290700878,0.0007733649732227998,32.6525411605816,30.173602907008778,773.3649732227998,3.4533273599999994,2.2797356399999997
110,418.0,76.62741699796952,0.9565217391304348,27.832846076234357,19.535983465070313,1.4246964390606984,0.8945770927654468,0.06257547451935465,0.043921970185178974,0.0021128533255367994,62.57547451935465,43.92197018517898,2112.8533255367997,3.4533273599999994,2.2797356399999997
111,75.0,33.21320343559643,0.9036144578313253,13.782989132358315,6.95287386781445,1.9823441924009515,0.8543770937310179,0.0309877431467159,0.015631868202052514,0.00037910047706999993,30.9877431467159,15.631868202052512,379.1004770699999,3.4533273599999994,2.2797356399999997
112,95.0,34.14213562373095,0.95,12.415123644304943,9.784384425237533,1.2688712038216492,1.0241229604600297,0.02791242588454503,0.021997840127884534,0.0004801939376219999,27.912425884545026,21.997840127884533,480.1939376219999,3.4533273599999994,2.2797356399999997
113,122.0,39.55634918610404,0.953125,13.182980818522612,12.010921206999456,1.0975828241084564,0.9797996741811354,0.029638768455051645,0.02700367371284859,0.0006166701093671999,29.638768455051643,27.00367371284859,616.6701093671999,3.4533273599999994,2.2797356399999997
114,391.0,77.21320343559643,0.9702233250620348,30.919115451590375,16.410959572696477,1.8840528681230595,0.8241447180630903,0.06951421050519258,0.036896103968910576,0.0019763771537915998,69.51421050519257,36.89610396891057,1976.3771537915995,3.4533273599999994,2.2797356399999997
115,131.0,39.55634918610404,0.9776119402985075,13.607200395252363,12.308969299755999,1.1054703333708127,1.05207997801417,0.030592524360630074,0.02767376331786942,0.0006621621666155999,30.592524360630073,27.67376331786942,662.1621666155999,3.4533273599999994,2.2797356399999997
116,152.0,44.384776310850235,0.9620253164556962,16.27536383156115,12.062782912590883,1.3492213156363166,0.9695838678911524,0.03659124948794567,0.027120272311061577,0.0007683103001951999,36.59124948794567,27.120272311061576,768.3103001951998,3.4533273599999994,2.2797356399999997
117,170.0,45.55634918610404,0.9826589595375722,15.78501621641862,13.753974325997698,1.14766945482673,1.029344999644809,0.03548882055872533,0.03092251031816758,0.0008592944146919998,35.48882055872532,30.92251031816758,859.2944146919998,3.4533273599999994,2.2797356399999997
118,190.0,48.970562748477136,0.9743589743589743,17.224322848685173,14.096522779814327,1.2218845113597612,0.9956192281338232,0.038724756087784924,0.03169264830494536,0.0009603878752439998,38.72475608778492,31.692648304945354,960.3878752439998,3.4533273599999994,2.2797356399999997
119,204.0,51.55634918610404,0.966824644549763,18.33521708346579,14.307470262538054,1.2815135552980166,0.9644411195688383,0.04122233516007279,0.0321669130924538,0.0010311532976303999,41.22233516007279,32.166913092453804,1031.1532976303997,3.4533273599999994,2.2797356399999997
120,157.0,45.21320343559643,0.9457831325301205,15.970503286731764,12.698095014744105,1.2577085986668062,0.9651147634490687,0.03590584371942755,0.028548619097848577,0.0007935836653331998,35.90584371942755,28.548619097848576,793.5836653331999,3.4533273599999994,2.2797356399999997
121,188.0,51.798989873223334,0.9353233830845771,19.156839830801495,12.686315621142873,1.5100396681661394,0.8804914272545585,0.04306955671799777,0.028522135958390673,0.0009502785291887998,43.06955671799776,28.52213595839067,950.2785291887998,3.4533273599999994,2.2797356399999997
122,727.0,106.8700576850888,0.9591029023746702,42.53372961745293,22.367546502360415,1.901582259501032,0.7998935360496597,0.0956268829497347,0.05028806009939682,0.003674747291065199,95.6268829497347,50.28806009939682,3674.747291065199,3.4533273599999994,2.2797356399999997
123,263.0,64.38477631085024,0.9326241134751773,25.003294912130904,13.823578118815261,1.8087426205592125,0.7972586321005285,0.056213907819147424,0.031078997741407596,0.0013293790062587998,56.21390781914742,31.078997741407594,1329.3790062587998,3.4533273599999994,2.2797356399999997
124,525.0,91.79898987322333,0.9459459459459459,36.53639967530721,19.02020315992101,1.9209258370223918,0.7828766907652057,0.08214332593400618,0.042762361956324005,0.0026537033394899994,82.14332593400617,42.76236195632401,2653.7033394899995,3.4533273599999994,2.2797356399999997
125,813.0,121.11269837220809,0.9420625724217845,50.34127620949899,21.270849973539878,2.366679106482421,0.6964998850956577,0.1131802776507682,0.047822401161510764,0.004109449171438799,113.18027765076819,47.82240116151076,4109.4491714388,3.4533273599999994,2.2797356399999997
126,406.0,77.21320343559643,0.9620853080568721,29.203106412290573,18.159678721165914,1.6081290236843813,0.8557615231038738,0.06565617602249639,0.040827679281648474,0.0020521972492055997,65.6561760224964,40.82767928164847,2052.1972492055997,3.4533273599999994,2.2797356399999997
127,153.0,43.55634918610404,0.95625,14.379062455789681,13.55365696417092,1.0608990985828195,1.013440726837446,0.0323278709568537,0.030472144806266907,0.0007733649732227998,32.3278709568537,30.472144806266908,773.3649732227998,3.4533273599999994,2.2797356399999997
128,215.0,52.970562748477136,0.9641255605381166,19.089629350588506,14.517390939260618,1.3149490449391146,0.9628954849861501,0.04291845008375411,0.032638869353102076,0.0010867547009339997,42.91845008375411,32.63886935310207,1086.7547009339999,3.4533273599999994,2.2797356399999997
129,122.0,38.970562748477136,0.953125,13.564502045896537,11.473676001131018,1.1822280884138106,1.0094767952198842,0.030496527369707347,0.02579580680630282,0.0006166701093671999,30.496527369707344,25.79580680630282,616.6701093671999,3.4533273599999994,2.2797356399999997
130,145.0,43.55634918610404,0.9666666666666667,16.94304276708091,10.93960649470442,1.548779910436687,0.960450362035488,0.038092365331517324,0.024595079697784156,0.0007329275890019998,38.09236533151732,24.595079697784154,732.9275890019999,3.4533273599999994,2.2797356399999997
131,173.0,47.55634918610404,0.9505494505494505,15.510569179838411,14.339627728524828,1.0816577301364882,0.9612557544740392,0.034871792264263506,0.03223921143693323,0.0008744584337747998,34.871792264263505,32.239211436933225,874.4584337747998,3.4533273599999994,2.2797356399999997
132,123.0,38.970562748477136,0.9609375,14.302264487242988,10.958465661180217,1.3051338508006647,1.017751195180703,0.03215520915608892,0.02463748000740503,0.0006217247823947999,32.155209156088915,24.63748000740503,621.7247823947998,3.4533273599999994,2.2797356399999997
133,94.0,34.14213562373095,0.9494949494949495,12.09586500109205,9.933078934472073,1.2177357172824004,1.0133427187709767,0.02719464944735521,0.02233214404521618,0.0004751392645943999,27.19464944735521,22.33214404521618,475.1392645943999,3.4533273599999994,2.2797356399999997
134,81.0,30.72792206135785,0.9642857142857143,11.020469022345576,9.34307506038926,1.179533392498126,1.0780241689052947,0.024776879684178663,0.021005661935270755,0.00040942851523559994,24.776879684178663,21.005661935270755,409.4285152355999,3.4533273599999994,2.2797356399999997
135,348.0,71.21320343559643,0.9720670391061452,28.620818556150642,15.721781568066236,1.820456443326033,0.862319214235921,0.06434704152705123,0.03534665262822059,0.0017590262136047996,64.34704152705123,35.34665262822059,1759.0262136047995,3.4533273599999994,2.2797356399999997
136,115.0,38.14213562373095,0.9504132231404959,14.321157820068281,10.22322942074105,1.4008448045793913,0.9933394697830278,0.03219768628054671,0.02298447777747527,0.0005812873981739998,32.19768628054671,22.984477777475274,581.2873981739999,3.4533273599999994,2.2797356399999997
137,110.0,36.970562748477136,0.9565217391304348,12.858435329348389,11.000712804326781,1.1688729228792276,1.0113242630464974,0.028909105813560806,0.024732462569455726,0.0005560140330359999,28.909105813560803,24.732462569455727,556.0140330359999,3.4533273599999994,2.2797356399999997
138,139.0,42.970562748477136,0.952054794520548,16.039497112504236,11.110517783042994,1.4436318293809771,0.9459813658814402,0.03606095977815877,0.024979332710904238,0.0007025995508363999,36.06095977815877,24.979332710904238,702.5995508363999,3.4533273599999994,2.2797356399999997
139,136.0,42.14213562373095,0.9714285714285714,16.585815525097185,10.52513042324268,1.575829928764652,0.9623115348078828,0.03728922561245499,0.023663229725359586,0.0006874355317535998,37.28922561245499,23.663229725359585,687.4355317535999,3.4533273599999994,2.2797356399999997
140,562.0,101.11269837220809,0.9183006535947712,40.86445160703982,18.10077105323645,2.2576083354047607,0.6907720847117871,0.09187391197004333,0.04069523952814938,0.0028407262415111995,91.87391197004332,40.69523952814937,2840.7262415111995,3.4533273599999994,2.2797356399999997
141,128.0,40.72792206135786,0.9552238805970149,14.932290153977931,11.025952685932118,1.3542857093001914,0.9696953829200312,0.03357167066158242,0.024789208385673743,0.0006469981475327999,33.57167066158242,24.789208385673742,646.9981475327999,3.4533273599999994,2.2797356399999997
142,235.0,56.970562748477136,0.9710743801652892,22.60114723953978,13.429916148555499,1.6828956331176144,0.9098644726357824,0.0508132552927677,0.030193943280151382,0.0011878481614859997,50.8132552927677,30.193943280151384,1187.8481614859998,3.4533273599999994,2.2797356399999997
143,179.0,50.97056274847714,0.927461139896373,19.648948646246087,11.884955668288889,1.6532622581565761,0.8658128716372814,0.04417594528340922,0.026720470430787173,0.0009047864719403998,44.17594528340922,26.720470430787174,904.7864719403998,3.4533273599999994,2.2797356399999997
144,339.0,71.21320343559643,0.952247191011236,28.265241982928963,15.523338652879945,1.8208223511045476,0.840017855247061,0.06354761294053986,0.03490050135972386,0.0017135341563563997,63.547612940539864,34.90050135972386,1713.5341563563995,3.4533273599999994,2.2797356399999997
145,422.0,78.62741699796952,0.9634703196347032,30.95301031861817,17.597106239812618,1.7589829769049443,0.8577768029509828,0.06959041497893648,0.03956287007472111,0.0021330720176471994,69.59041497893648,39.56287007472111,2133.0720176471996,3.4533273599999994,2.2797356399999997
146,71.0,33.31370849898477,0.9594594594594594,15.069349087165401,6.062543396260325,2.485648036179158,0.8039374319318835,0.03387981477871048,0.013630173816076237,0.00035888178495959995,33.87981477871048,13.630173816076235,358.88178495959994,3.4533273599999994,2.2797356399999997
147,90.0,32.72792206135785,0.967741935483871,12.11120301731768,9.455561874484456,1.2808549272993908,1.0558822980185494,0.027229133295714643,0.02125856153992842,0.0004549205724839999,27.229133295714643,21.25856153992842,454.9205724839999,3.4533273599999994,2.2797356399999997
148,118.0,37.55634918610404,0.9672131147540983,13.105037428096681,11.465122374684958,1.143035111167471,1.051296296948965,0.02946353144809264,0.0257765760301092,0.0005964514172567999,29.463531448092642,25.7765760301092,596.4514172567999,3.4533273599999994,2.2797356399999997
149,166.0,45.55634918610404,0.9707602339181286,15.312408962086094,13.897166437293544,1.1018367687527075,1.0051251173002254,0.03442627657309968,0.03124444341430958,0.0008390757225815998,34.42627657309968,31.24444341430958,839.0757225815998,3.4533273599999994,2.2797356399999997
150,186.0,52.14213562373095,0.9738219895287958,22.203576378856525,10.692332459253288,2.0765886642106093,0.8596965391363681,0.04991941262952797,0.024039143374840796,0.0009401691831335998,49.91941262952796,24.039143374840794,940.1691831335997,3.4533273599999994,2.2797356399999997
151,117.0,38.970562748477136,0.9512195121951219,14.798226433635346,10.06293308428152,1.4705679059667442,0.9681047954157906,0.033270260561685,0.022624089936066766,0.0005913967442291999,33.270260561685,22.624089936066767,591.3967442291998,3.4533273599999994,2.2797356399999997
152,155.0,44.14213562373095,0.9627329192546584,15.56481093901195,12.722985119034034,1.2233615612523547,0.9996198709251566,0.034993741841743004,0.028604578523719455,0.0007834743192779998,34.993741841743,28.604578523719454,783.4743192779998,3.4533273599999994,2.2797356399999997
153,132.0,40.970562748477136,0.9565217391304348,14.39983751140875,11.783245024175411,1.2220604325773534,0.9881888214965202,0.03237457868339983,0.026491798458052607,0.0006672168396431999,32.37457868339983,26.491798458052607,667.2168396431998,3.4533273599999994,2.2797356399999997
154,224.0,59.798989873223334,0.9451476793248945,25.590581761654516,11.38185183177514,2.248367149729742,0.7871729947365891,0.05753428135145738,0.025589362199306773,0.0011322467581823998,57.53428135145737,25.589362199306773,1132.2467581823998,3.4533273599999994,2.2797356399999997
155,154.0,44.14213562373095,0.9685534591194969,16.011037395969204,12.291020343454786,1.3026613697287874,0.9931707104675749,0.035996974935861716,0.027633409397375654,0.0007784196462503998,35.996974935861715,27.633409397375654,778.4196462503999,3.4533273599999994,2.2797356399999997
156,156.0,45.55634918610404,0.9570552147239264,16.946333601975713,11.846179473340161,1.430531559994803,0.9445754114387659,0.038099763983977915,0.02663329146273175,0.0007885289923055998,38.09976398397791,26.633291462731748,788.5289923055998,3.4533273599999994,2.2797356399999997
157,170.0,49.21320343559643,0.9239130434782609,18.685897802914827,11.671008877235831,1.6010524882181743,0.8820546918517023,0.042010756594381284,0.026239462418334226,0.0008592944146919998,42.010756594381284,26.239462418334227,859.2944146919998,3.4533273599999994,2.2797356399999997
158,476.0,81.79898987322333,0.9794238683127572,29.83388665967095,20.860790834734534,1.4301416900262307,0.8939658636377847,0.0670743340214718,0.04690048160210026,0.0024060243611375995,67.0743340214718,46.90048160210026,2406.0243611375995,3.4533273599999994,2.2797356399999997
159,302.0,67.21320343559643,0.934984520123839,25.71019489391267,15.252225011250417,1.6856684762353165,0.8400547997226716,0.057803202772188096,0.03429096740379386,0.0015265112543351997,57.803202772188094,34.29096740379386,1526.5112543351997,3.4533273599999994,2.2797356399999997
160,324.0,74.04163056034261,0.9178470254957507,30.447834544430787,14.069576966009318,2.1640902649731184,0.742682046746281,0.06845464849286195,0.03163206710960011,0.0016377140609423997,68.45464849286195,31.632067109600104,1637.7140609423996,3.4533273599999994,2.2797356399999997
161,108.0,36.970562748477136,0.9391304347826087,12.145618550703693,11.373012092996364,1.0679333189299174,0.9929365491729245,0.02730650836280508,0.0255694881682,0.0005459046869807999,27.306508362805083,25.5694881682,545.9046869807999,3.4533273599999994,2.2797356399999997
162,353.0,72.38477631085024,0.9671232876712329,29.04456486810931,15.832196644957632,1.8345252727365322,0.8466230651982217,0.06529973341037543,0.03559489442899244,0.0017842995787427996,65.29973341037542,35.59489442899244,1784.2995787427997,3.4533273599999994,2.2797356399999997
163,79.0,30.14213562373095,0.9753086419753086,11.189910381075336,8.956542315855781,1.2493560557700731,1.0926697401469552,0.025157827913356433,0.020136635827045918,0.0003993191691803999,25.15782791335643,20.136635827045914,399.3191691803999,3.4533273599999994,2.2797356399999997
164,318.0,70.38477631085024,0.9578313253012049,28.391954997466623,14.606843853058207,1.9437433084849642,0.8066395549418055,0.0638324967426043,0.03283998276107664,0.0016073860227767997,63.8324967426043,32.83998276107664,1607.3860227767996,3.4533273599999994,2.2797356399999997
165,108.0,36.970562748477136,0.972972972972973,14.5559276358786,9.526160904484703,1.5279951474497975,0.9929365491729245,0.03272550986664042,0.021417286515116776,0.0005459046869807999,32.725509866640415,21.417286515116775,545.9046869807999,3.4533273599999994,2.2797356399999997
166,197.0,49.55634918610404,0.985,16.814793401789682,15.070847154459216,1.1157165373291216,1.008039339998211,0.03780402741350767,0.03388318282348447,0.0009957705864371998,37.80402741350767,33.883182823484475,995.7705864371998,3.4533273599999994,2.2797356399999997
167,529.0,88.97056274847715,0.9906367041198502,36.2257005533759,18.972952275192025,1.9093338784572083,0.8397941808687213,0.08144479352613289,0.042656129682223216,0.0026739220316003994,81.4447935261329,42.65612968222322,2673.9220316003994,3.4533273599999994,2.2797356399999997
168,1773.0,164.18376618407356,0.9779371207942636,63.29678060651533,36.57221374411576,1.7307341865981352,0.8265291451611589,0.14230761996640412,0.08222384527234568,0.008961935277934797,142.30761996640413,82.22384527234568,8961.935277934797,3.4533273599999994,2.2797356399999997
169,282.0,59.79898987322333,0.9757785467128027,19.257834247996843,18.73701047494976,1.027796524624,0.9909945737308846,0.04329661842640138,0.04212567117041054,0.0014254177937831998,43.29661842640138,42.12567117041054,1425.4177937831996,3.4533273599999994,2.2797356399999997
170,136.0,42.384776310850235,0.951048951048951,16.352389530615127,10.615441202943313,1.5404342804028859,0.9513251569771957,0.036764423286100766,0.02386627183892933,0.0006874355317535998,36.76442328610076,23.86627183892933,687.4355317535999,3.4533273599999994,2.2797356399999997
171,103.0,35.55634918610404,0.9537037037037037,13.050256738023739,10.0398944406796,1.299840034686696,1.0237944326136053,0.029340370213829247,0.022572293075202313,0.0005206313218427999,29.34037021382925,22.572293075202314,520.6313218427999,3.4533273599999994,2.2797356399999997
172,187.0,50.04163056034261,0.949238578680203,18.759178969202797,12.736916384972313,1.4728195115841278,0.9384012246631103,0.042175511709299875,0.02863589963167785,0.0009452238561611998,42.175511709299876,28.635899631677848,945.2238561611998,3.4533273599999994,2.2797356399999997
173,111.0,36.970562748477136,0.9652173913043478,14.03313759033796,10.067052203975447,1.3939669037174873,1.0205181199832836,0.03155014191885322,0.022633350788109834,0.0005610687060635999,31.550141918853218,22.633350788109833,561.0687060635998,3.4533273599999994,2.2797356399999997
174,127.0,39.21320343559643,0.9621212121212122,13.967300962470118,11.57443363321945,1.2067373147644105,1.037884294197213,0.031402124061883065,0.026022336160221957,0.0006419434745051999,31.40212406188306,26.022336160221954,641.9434745051999,3.4533273599999994,2.2797356399999997
175,186.0,49.55634918610404,0.9441624365482234,17.197413901330084,13.956331531443132,1.2322302506632854,0.9517528793891739,0.03866425777780437,0.031377461928882334,0.0009401691831335998,38.664257777804366,31.37746192888233,940.1691831335997,3.4533273599999994,2.2797356399999997
176,78.0,30.72792206135785,0.9512195121951219,10.833286899928673,9.252939196113658,1.170794130418449,1.0380973478347282,0.024356045605633637,0.02080301307705449,0.0003942644961527999,24.356045605633636,20.80301307705449,394.2644961527999,3.4533273599999994,2.2797356399999997
177,350.0,78.62741699796952,0.9259259259259259,33.249266895192555,13.93620149670427,2.3858199024357947,0.7114262583716681,0.0747529967897856,0.03133220437698034,0.0017691355596599996,74.7529967897856,31.332204376980336,1769.1355596599997,3.4533273599999994,2.2797356399999997
178,291.0,63.798989873223334,0.9478827361563518,23.109261230312775,16.24362383909838,1.4226666080932517,0.8984113869903655,0.051955627653662996,0.03651988973249132,0.0014709098510315996,51.955627653662994,36.519889732491315,1470.9098510315996,3.4533273599999994,2.2797356399999997
179,101.0,35.31370849898477,0.9619047619047619,13.45054515563682,9.552357026015896,1.4080865192752101,1.0177581347121045,0.030240322651612035,0.021476182207310495,0.0005105219757875999,30.240322651612036,21.476182207310494,510.5219757875999,3.4533273599999994,2.2797356399999997
180,163.0,45.55634918610404,0.9702380952380952,16.291972045583883,12.833666777565917,1.2694713309888417,0.9869602055417874,0.036628589071204413,0.028853419669330343,0.0008239117034987998,36.628589071204416,28.853419669330343,823.9117034987999,3.4533273599999994,2.2797356399999997
181,144.0,42.14213562373095,0.9795918367346939,15.879227527977601,11.543956936713414,1.3755445914283224,1.0189180956789345,0.03570063208205092,0.0259538166225353,0.0007278729159743998,35.700632082050916,25.953816622535296,727.8729159743998,3.4533273599999994,2.2797356399999997
182,299.0,67.21320343559643,0.9552715654952076,26.490125554478478,14.54184857757166,1.821647737092725,0.8317098844936385,0.05955668967911178,0.032693856483011256,0.0015113472352523997,59.55668967911178,32.69385648301125,1511.3472352523997,3.4533273599999994,2.2797356399999997
183,114.0,40.14213562373095,0.926829268292683,16.105442263476096,9.236825546685065,1.7436122596529993,0.8890245777851697,0.036209221623282765,0.02076678540359016,0.0005762327251463998,36.209221623282765,20.766785403590163,576.2327251463998,3.4533273599999994,2.2797356399999997
184,75.0,29.899494936611667,0.9493670886075949,10.916268486295268,8.743427633346162,1.2485113326336923,1.0542495465222175,0.024542609786998196,0.01965749861094684,0.00037910047706999993,24.542609786998195,19.65749861094684,379.1004770699999,3.4533273599999994,2.2797356399999997
185,78.0,31.556349186104043,0.9512195121951219,12.840061689532394,7.719141778708184,1.6634053444839316,0.984307876853569,0.028867797094108097,0.01735463769539846,0.0003942644961527999,28.8677970941081,17.35463769539846,394.2644961527999,3.4533273599999994,2.2797356399999997
186,75.0,29.556349186104043,0.9615384615384616,10.260313685175218,9.332205096904753,1.0994522279175256,1.0788710755509408,0.023067852845832033,0.020981223431167078,0.00037910047706999993,23.067852845832032,20.981223431167077,379.1004770699999,3.4533273599999994,2.2797356399999997
187,120.0,38.384776310850235,0.96,13.420551924898012,11.388586266180159,1.1784212378275634,1.023465203777352,0.030172890070671202,0.025604502958802202,0.0006065607633119999,30.1728900706712,25.6045029588022,606.5607633119998,3.4533273599999994,2.2797356399999997
188,268.0,61.21320343559643,0.9605734767025089,22.07445485176084,15.824394787728357,1.394963608268882,0.898782157944807,0.04962911386501982,0.03557735382545815,0.0013546523713967996,49.62911386501982,35.577353825458154,1354.6523713967997,3.4533273599999994,2.2797356399999997
189,521.0,99.69848480983498,0.9404332129963899,43.43502293557721,15.733690299604515,2.760637975483031,0.6586739247843582,0.0976532246651408,0.03537342655298884,0.0026334846473795993,97.6532246651408,35.37342655298884,2633.4846473795997,3.4533273599999994,2.2797356399999997
190,572.0,99.79898987322333,0.9549248747913188,42.08856631141397,17.88554718438961,2.3532165875332347,0.7216948425641623,0.09462604009529957,0.04021136031277578,0.002891272971787199,94.62604009529956,40.211360312775774,2891.2729717871994,3.4533273599999994,2.2797356399999997
191,204.0,50.970562748477136,0.966824644549763,17.282596127632832,15.084717533876058,1.1457023367405426,0.986736457061483,0.03885576956991179,0.03391436704271218,0.0010311532976303999,38.855769569911786,33.91436704271218,1031.1532976303997,3.4533273599999994,2.2797356399999997
192,240.0,58.38477631085024,0.9561752988047809,22.77810194950209,13.764417266604502,1.6548540710667619,0.8847526344201373,0.051211095488987564,0.030945988763816233,0.0012131215266239998,51.21109548898757,30.945988763816235,1213.1215266239997,3.4533273599999994,2.2797356399999997
193,83.0,31.31370849898476,0.9764705882352941,11.584194918808105,9.152222173671474,1.2657248369836098,1.0636994816951175,0.026044282068159508,0.020576575024178624,0.0004195378612907999,26.044282068159507,20.576575024178624,419.5378612907999,3.4533273599999994,2.2797356399999997
194,173.0,47.55634918610404,0.9505494505494505,16.70505739225295,13.297608286176171,1.2562452610082573,0.9612557544740392,0.037557312332706615,0.029896480805478434,0.0008744584337747998,37.557312332706616,29.896480805478433,874.4584337747998,3.4533273599999994,2.2797356399999997
195,785.0,114.2842712474619,0.9538274605103281,46.648730349186124,22.10562901174159,2.110264780269689,0.7552775819093894,0.10487847449486118,0.04969920148193815,0.003967918326665999,104.87847449486118,49.69920148193815,3967.9183266659993,3.4533273599999994,2.2797356399999997
196,169.0,47.798989873223334,0.9441340782122905,16.338268136294275,13.892446583303279,1.1760540548653626,0.9295208395152793,0.03673267472010496,0.031233831955377427,0.0008542397416643998,36.73267472010496,31.233831955377426,854.2397416643998,3.4533273599999994,2.2797356399999997
197,406.0,76.38477631085024,0.9508196721311475,26.781170229823154,19.79434441995174,1.3529708113408914,0.8744244152946848,0.060211033780902194,0.044502832785600695,0.0020521972492055997,60.2110337809022,44.502832785600695,2052.1972492055997,3.4533273599999994,2.2797356399999997
198,179.0,48.62741699796952,0.9623655913978495,17.24487092963338,13.619058583374054,1.2662307621384097,0.9512627538857144,0.038770953516257534,0.030619184650656547,0.0009047864719403998,38.770953516257535,30.619184650656546,904.7864719403998,3.4533273599999994,2.2797356399999997
199,631.0,105.79898987322333,0.9722650231124808,45.80503847430731,18.0721472788607,2.5345653600270426,0.7083961313325084,0.10298163580024614,0.04063088584117135,0.003189498680415599,102.98163580024614,40.630885841171356,3189.498680415599,3.4533273599999994,2.2797356399999997
200,116.0,38.14213562373095,0.9508196721311475,13.619564471325138,10.88545795470787,1.251170555064685,1.00197720430288,0.03062032201830145,0.024473339701251515,0.0005863420712015999,30.62032201830145,24.473339701251515,586.3420712015999,3.4533273599999994,2.2797356399999997
201,107.0,36.14213562373095,0.963963963963964,13.185920135488935,10.335095059578595,1.2758392699318413,1.0293569927808919,0.02964537680381435,0.02323598081864817,0.0005408500139531999,29.64537680381435,23.23598081864817,540.8500139531999,3.4533273599999994,2.2797356399999997
202,119.0,38.970562748477136,0.937007874015748,13.463249766334203,11.353902036333123,1.1857817447474048,0.984653595337428,0.030268885919658532,0.025526523792206303,0.0006015060902843999,30.26888591965853,25.526523792206305,601.5060902843999,3.4533273599999994,2.2797356399999997
203,125.0,39.55634918610404,0.9541984732824428,13.970213941388142,11.46687064686109,1.218310938670291,1.003893108792147,0.0314086731958653,0.02578050660051191,0.0006318341284499998,31.4086731958653,25.78050660051191,631.8341284499999,3.4533273599999994,2.2797356399999997
204,185.0,49.21320343559643,0.9536082474226805,17.443752269247028,13.593836117870707,1.2832104284614076,0.9598830470150876,0.03921809047685732,0.03056247799036399,0.0009351145101059998,39.21809047685732,30.56247799036399,935.1145101059998,3.4533273599999994,2.2797356399999997
205,228.0,55.55634918610404,0.9620253164556962,20.18954687249085,14.665583338697749,1.376661698769059,0.9282764083279631,0.04539135065154628,0.0329720443970606,0.0011524654502927997,45.391350651546276,32.97204439706059,1152.4654502927997,3.4533273599999994,2.2797356399999997
206,110.0,38.970562748477136,0.9322033898305084,14.950501408555198,9.41663001587774,1.587670045796276,0.9101839956900596,0.03361261429679831,0.021171032599497284,0.0005560140330359999,33.612614296798306,21.171032599497284,556.0140330359999,3.4533273599999994,2.2797356399999997
207,252.0,57.21320343559643,0.9581749049429658,18.887198563910683,17.15761002457384,1.1008059127617222,0.9674262662234705,0.04246333304329783,0.03857476831384838,0.0012737776029551997,42.46333304329783,38.57476831384838,1273.7776029551997,3.4533273599999994,2.2797356399999997
208,106.0,35.798989873223334,0.954954954954955,12.512821823969666,10.817573278660138,1.156712462364711,1.03937958964343,0.02813207679395804,0.02432071729948044,0.0005357953409255999,28.13207679395804,24.32071729948044,535.7953409255999,3.4533273599999994,2.2797356399999997
209,80.0,31.556349186104043,0.9302325581395349,11.464299984245573,8.897742740225015,1.288450376567715,1.009546540362635,0.025774727082579947,0.020004439093138288,0.0004043738422079999,25.774727082579947,20.004439093138288,404.3738422079999,3.4533273599999994,2.2797356399999997
210,121.0,38.970562748477136,0.9453125,13.328386201479052,11.60829249766699,1.1481780118960443,1.0012023952590656,0.029965677561337292,0.026098459690804786,0.0006116154363395999,29.96567756133729,26.098459690804784,611.6154363395999,3.4533273599999994,2.2797356399999997
211,157.0,44.384776310850235,0.9691358024691358,14.710050251371273,13.833444557555012,1.0633685767972743,1.0014780740717824,0.033072017578147976,0.03110118006096863,0.0007935836653331998,33.07201757814797,31.101180060968627,793.5836653331999,3.4533273599999994,2.2797356399999997
212,80.0,32.14213562373095,0.9090909090909091,11.936415741676772,8.547483795939653,1.3964829915614436,0.9730841361922956,0.026836166055382214,0.019216965919059283,0.0004043738422079999,26.836166055382215,19.216965919059284,404.3738422079999,3.4533273599999994,2.2797356399999997
213,252.0,57.79898987322333,0.972972972972973,20.732169498534862,15.628603187078433,1.3265529395279552,0.947916117694236,0.046611307396775985,0.035137163401380955,0.0012737776029551997,46.611307396775985,35.13716340138095,1273.7776029551997,3.4533273599999994,2.2797356399999997
214,108.0,37.55634918610404,0.9391304347826087,13.80021352044554,9.984414730826009,1.3821755097811177,0.9622033904278662,0.031026468049476886,0.02244756026272688,0.0005459046869807999,31.026468049476886,22.447560262726878,545.9046869807999,3.4533273599999994,2.2797356399999997
215,304.0,65.45584412271572,0.9559748427672956,22.224028634458247,18.013545111594965,1.233739860575977,0.8916339405489968,0.04996539461770709,0.040499132932594495,0.0015366206003903998,49.96539461770709,40.49913293259449,1536.6206003903997,3.4533273599999994,2.2797356399999997
216,211.0,52.384776310850235,0.9678899082568807,18.257452187425468,14.850243378021768,1.2294379103878081,0.966233591410105,0.04104749945490118,0.03338720817707121,0.0010665360088235997,41.04749945490118,33.387208177071216,1066.5360088235998,3.4533273599999994,2.2797356399999997
217,87.0,32.384776310850235,0.9560439560439561,11.745281587816777,9.451407876727956,1.2427018007271686,1.0424309888663899,0.026406446782624944,0.02124922227293239,0.0004397565534011999,26.406446782624943,21.24922227293239,439.7565534011999,3.4533273599999994,2.2797356399999997
218,101.0,36.14213562373095,0.9528301886792453,13.976894974641297,9.252918882079316,1.5105390150681197,0.9716360399146736,0.03142369389568704,0.02080296740582364,0.0005105219757875999,31.423693895687038,20.80296740582364,510.5219757875999,3.4533273599999994,2.2797356399999997
219,216.0,53.798989873223334,0.9642857142857143,19.722293182502803,14.100095804355039,1.3987346934487679,0.9378111075363257,0.044340842870493745,0.031700681393099256,0.0010918093739615998,44.340842870493745,31.700681393099256,1091.8093739615997,3.4533273599999994,2.2797356399999997
220,210.0,52.384776310850235,0.9545454545454546,17.638979701769845,15.348882993218377,1.1492028253497863,0.961654285289678,0.039657012504301065,0.03450827967833314,0.0010614813357959997,39.657012504301065,34.508279678333146,1061.4813357959997,3.4533273599999994,2.2797356399999997
221,243.0,57.798989873223334,0.972,23.08282562503059,13.505188812916975,1.7091819999549454,0.9140619706337273,0.05189619353973127,0.030363175800528715,0.0012282855457067998,51.89619353973127,30.363175800528715,1228.2855457067997,3.4533273599999994,2.2797356399999997
222,77.0,29.899494936611667,0.9871794871794872,11.446827992211459,8.569262756156698,1.33580079382994,1.08236286776281,0.02573544550176933,0.019265930684156857,0.0003892098231251999,25.73544550176933,19.265930684156857,389.20982312519993,3.4533273599999994,2.2797356399999997
223,77.0,30.14213562373095,0.9625,11.128818724305264,8.843323910081235,1.258442960753547,1.0650072150799437,0.025020477985106548,0.019882091414079234,0.0003892098231251999,25.02047798510655,19.882091414079234,389.20982312519993,3.4533273599999994,2.2797356399999997
224,209.0,53.55634918610404,0.9414414414414415,17.86546379090214,15.25910890757239,1.170806493296364,0.9156599545108333,0.040166207622533645,0.0343064441925387,0.0010564266627683997,40.16620762253364,34.3064441925387,1056.4266627683999,3.4533273599999994,2.2797356399999997
225,124.0,39.798989873223334,0.9612403100775194,14.687641667096981,10.913791795414166,1.3457872334772354,0.9837561268413854,0.033021637254467454,0.024537041541957853,0.0006267794554223998,33.02163725446746,24.53704154195785,626.7794554223999,3.4533273599999994,2.2797356399999997
226,191.0,52.14213562373095,0.9455445544554455,20.557216147977588,11.99335649425077,1.7140502875764643,0.882806661156163,0.04621796677685209,0.026964183671764234,0.0009654425482715998,46.21796677685209,26.964183671764232,965.4425482715998,3.4533273599999994,2.2797356399999997
227,353.0,71.11269837220809,0.9363395225464191,24.428080188062623,18.807368244955555,1.2988569091592406,0.8771830939626277,0.054920675563613665,0.04228385373040377,0.0017842995787427996,54.92067556361366,42.28385373040377,1784.2995787427997,3.4533273599999994,2.2797356399999997
228,93.0,32.72792206135786,0.9893617021276596,11.703273958592543,10.122887504143678,1.1561201242038848,1.0910783746191672,0.02631200271014527,0.022758883060066064,0.0004700845915667999,26.31200271014527,22.758883060066065,470.0845915667999,3.4533273599999994,2.2797356399999997
229,111.0,42.384776310850235,0.9173553719008265,16.83317532559366,8.810374592680141,1.9106083570588526,0.7764492090034464,0.0378453547575192,0.019808012781739052,0.0005610687060635999,37.845354757519196,19.808012781739052,561.0687060635998,3.4533273599999994,2.2797356399999997
230,89.0,32.384776310850235,0.967391304347826,11.44508863886677,9.895169392545146,1.156633927610103,1.0663949196449276,0.0257315349832186,0.022246913538483546,0.0004498658994563999,25.731534983218598,22.246913538483547,449.8658994563999,3.4533273599999994,2.2797356399999997
231,447.0,81.94112549695427,0.945031712473573,31.140983122359543,18.47972901946149,1.685142844333061,0.836591672744213,0.07001302671467606,0.04154723556529449,0.0022594388433371995,70.01302671467606,41.547235565294486,2259.4388433371996,3.4533273599999994,2.2797356399999997
232,235.0,56.04163056034261,0.9631147540983607,20.420457772914187,14.913934981443726,1.3692199810661512,0.9402778392611633,0.04591049839253204,0.03353040346138067,0.0011878481614859997,45.91049839253204,33.530403461380665,1187.8481614859998,3.4533273599999994,2.2797356399999997
233,246.0,60.04163056034261,0.924812030075188,23.16775997297454,13.80874468085107,1.677760036008331,0.8575116228479942,0.05208714803683973,0.031045648316170224,0.0012434495647895998,52.087148036839736,31.045648316170222,1243.4495647895997,3.4533273599999994,2.2797356399999997
234,130.0,40.970562748477136,0.948905109489051,15.387995293186684,10.791324190290153,1.4259598749736881,0.9732162635950576,0.03459621429785989,0.024261702524061738,0.0006571074935879999,34.59621429785989,24.261702524061736,657.1074935879999,3.4533273599999994,2.2797356399999997
235,152.0,42.970562748477136,0.9743589743589743,14.716312970335663,13.20263738592301,1.1146494855661622,1.0344544432660354,0.033086097798686855,0.029682961529275263,0.0007683103001951999,33.08609779868685,29.682961529275264,768.3103001951998,3.4533273599999994,2.2797356399999997
236,185.0,49.55634918610404,0.9390862944162437,16.94704761743144,14.095839207696677,1.2022730514815985,0.9466359284247159,0.038101369276366405,0.031691111457096126,0.0009351145101059998,38.101369276366405,31.691111457096127,935.1145101059998,3.4533273599999994,2.2797356399999997
237,81.0,30.485281374238568,1.0,10.86833488731995,9.530624846306246,1.1403591120819487,1.0952530398126927,0.024434842593765948,0.021427322616956478,0.00040942851523559994,24.434842593765946,21.427322616956477,409.4285152355999,3.4533273599999994,2.2797356399999997
238,85.0,32.14213562373095,0.9340659340659341,10.64368231080083,10.228492629357543,1.0405914826835405,1.0339018947043142,0.023929765192081072,0.02299631083887939,0.0004296472073459999,23.92976519208107,22.99631083887939,429.6472073459999,3.4533273599999994,2.2797356399999997
239,149.0,44.384776310850235,0.9612903225806452,15.203914111155436,12.824418009821224,1.1855441782630558,0.9504473441827743,0.034182351939546315,0.028832626034760663,0.0007531462811123999,34.182351939546315,28.83262603476066,753.1462811123998,3.4533273599999994,2.2797356399999997
240,365.0,69.79898987322332,0.989159891598916,25.489496671141485,18.546727395316587,1.3743393175433247,0.941465594047965,0.057307015785860546,0.041697865333794465,0.0018449556550739995,57.30701578586055,41.69786533379447,1844.9556550739997,3.4533273599999994,2.2797356399999997
241,213.0,52.384776310850235,0.9681818181818181,18.886778803386477,14.435456456688335,1.3083603459338984,0.975392203650959,0.042462389312501674,0.032454659333314116,0.0010766453548787997,42.46238931250168,32.45465933331411,1076.6453548787997,3.4533273599999994,2.2797356399999997
242,105.0,36.970562748477136,0.963302752293578,14.004824816399681,9.749154612006299,1.4365168441530747,0.9653549783625656,0.031486487441718745,0.02191863434798928,0.0005307406678979998,31.486487441718744,21.91863434798928,530.7406678979999,3.4533273599999994,2.2797356399999997
243,234.0,59.55634918610404,0.9473684210526315,24.714410970467707,12.17952593021425,2.029176760415416,0.829028739532425,0.05556442160846372,0.027382740967863486,0.0011827934884583997,55.56442160846372,27.382740967863487,1182.7934884583997,3.4533273599999994,2.2797356399999997
244,113.0,36.970562748477136,0.9658119658119658,13.533838587225668,10.625429138704545,1.2737215984930768,1.0389058338568562,0.030427587942115978,0.023888727315383877,0.0005711780521187999,30.427587942115977,23.88872731538388,571.1780521187999,3.4533273599999994,2.2797356399999997
245,224.0,53.55634918610404,0.9696969696969697,18.31216773857836,15.671196116256406,1.1685239341483553,0.9813771761264433,0.04117051423993618,0.035232923380334624,0.0011322467581823998,41.170514239936175,35.23292338033462,1132.2467581823998,3.4533273599999994,2.2797356399999997
246,366.0,71.79898987322333,0.9606299212598425,24.192653877450596,19.8191134149621,1.2206728611375102,0.8921836925034445,0.05439137600651707,0.04455851992632268,0.0018500103281015995,54.39137600651707,44.55851992632269,1850.0103281015995,3.4533273599999994,2.2797356399999997
247,593.0,98.04163056034261,0.9294670846394985,37.197070372189216,21.03357449359252,1.7684616746202886,0.7752530907422338,0.08362868543497812,0.04728894419096432,0.002997421105366799,83.62868543497812,47.288944190964315,2997.4211053667996,3.4533273599999994,2.2797356399999997
248,125.0,39.55634918610404,0.9541984732824428,13.995392395110008,11.390638950774314,1.2286749194309796,1.003893108792147,0.03146528090623002,0.025609117927467857,0.0006318341284499998,31.46528090623002,25.609117927467853,631.8341284499999,3.4533273599999994,2.2797356399999997
249,83.0,32.14213562373095,0.9431818181818182,11.777281553420169,8.995552670699542,1.3092337941371093,1.0095747912995068,0.026478391025292425,0.02022434124742695,0.0004195378612907999,26.478391025292424,20.22434124742695,419.5378612907999,3.4533273599999994,2.2797356399999997
250,578.0,102.62741699796952,0.956953642384106,45.33253264102827,16.738278610374895,2.708315095969892,0.6896216791519068,0.10191931983551822,0.037632002268561456,0.0029216010099527992,101.91931983551821,37.63200226856146,2921.6010099527994,3.4533273599999994,2.2797356399999997
251,128.0,39.55634918610404,0.9624060150375939,13.343623088918772,12.286197644038364,1.0860661268454772,1.0279865434031585,0.029999934045892514,0.02762256671518569,0.0006469981475327999,29.999934045892513,27.622566715185688,646.9981475327999,3.4533273599999994,2.2797356399999997
252,138.0,41.55634918610404,0.965034965034965,14.976270553869245,11.779725799654098,1.2713598608813976,1.0041860332752994,0.033670550035442066,0.026483886326330322,0.0006975448778087999,33.67055003544206,26.48388632633032,697.5448778087998,3.4533273599999994,2.2797356399999997
253,133.0,41.798989873223334,0.9366197183098591,14.981431909350704,11.369690101916145,1.3176640502124035,0.9565990203218339,0.03368215410451681,0.02556201946853399,0.0006722715126707998,33.68215410451681,25.56201946853399,672.2715126707999,3.4533273599999994,2.2797356399999997
254,258.0,61.798989873223334,0.9555555555555556,24.58638932471499,13.573297919313772,1.8113791851374916,0.8489201010490137,0.055276595663183714,0.030516302780076377,0.0013041056411207997,55.27659566318371,30.516302780076376,1304.1056411207996,3.4533273599999994,2.2797356399999997
255,234.0,55.55634918610404,0.9590163934426229,18.97678309966316,15.931267729559421,1.1911659148413523,0.9527047348629095,0.04266474237164869,0.03581763198565926,0.0011827934884583997,42.664742371648686,35.81763198565926,1182.7934884583997,3.4533273599999994,2.2797356399999997
256,111.0,36.14213562373095,0.9823008849557522,12.893691624743159,10.98722139373957,1.1735170488227242,1.0678376280250375,0.02898837113224505,0.024702130370688923,0.0005610687060635999,28.98837113224505,24.702130370688923,561.0687060635998,3.4533273599999994,2.2797356399999997
257,126.0,40.72792206135786,0.9545454545454546,15.371687705596864,10.480588550075735,1.4666817261408267,0.9545438925619057,0.0345595506009852,0.02356308801359327,0.0006368888014775998,34.559550600985204,23.56308801359327,636.8888014775998,3.4533273599999994,2.2797356399999997
258,71.0,28.72792206135785,0.9594594594594594,10.238132033991773,8.824656502836568,1.1601734334589524,1.081084859110734,0.023017982726742343,0.01984012222906734,0.00035888178495959995,23.017982726742343,19.84012222906734,358.88178495959994,3.4533273599999994,2.2797356399999997
259,168.0,46.384776310850235,0.9655172413793104,16.44333391554379,13.041273696558505,1.2608687079301972,0.9812241139484172,0.036968889908960474,0.029320174001024622,0.0008491850686367998,36.96888990896048,29.320174001024622,849.1850686367998,3.4533273599999994,2.2797356399999997
260,178.0,48.62741699796952,0.9468085106382979,16.65685383575631,13.79691271255177,1.2072884842275404,0.9459484368249004,0.037448938204777474,0.031019046975121638,0.0008997317989127998,37.44893820477747,31.019046975121636,899.7317989127998,3.4533273599999994,2.2797356399999997
261,296.0,64.38477631085024,0.9641693811074918,23.03768645448296,16.800113674598297,1.3712815818214281,0.8972948863184655,0.051794708948155854,0.03777102357005236,0.0014961832161695997,51.79470894815585,37.771023570052364,1496.1832161695997,3.4533273599999994,2.2797356399999997
262,72.0,29.31370849898476,0.96,10.46265515145483,8.785622810557596,1.1908837173025413,1.0529332270693823,0.023522769070809836,0.019752364340064218,0.0003639364579871999,23.522769070809833,19.75236434006422,363.9364579871999,3.4533273599999994,2.2797356399999997
263,256.0,59.21320343559643,0.9660377358490566,22.407343719736662,14.745548857111181,1.51960052059578,0.9175140327600366,0.05037753459133514,0.03315182767348878,0.0012939962950655997,50.37753459133514,33.15182767348878,1293.9962950655997,3.4533273599999994,2.2797356399999997
264,166.0,46.970562748477136,0.9431818181818182,16.661084839165092,12.891512486685391,1.2924072994827402,0.9455106503956602,0.037458450600501306,0.028983471863315294,0.0008390757225815998,37.4584506005013,28.983471863315295,839.0757225815998,3.4533273599999994,2.2797356399999997
265,79.0,31.556349186104043,0.9186046511627907,10.45952097758801,9.67109106547569,1.081524401618644,0.996927208608102,0.023515722633072018,0.021743127198866372,0.0003993191691803999,23.515722633072016,21.74312719886637,399.3191691803999,3.4533273599999994,2.2797356399999997
266,266.0,61.21320343559643,0.9672727272727273,23.857756500955386,14.409791731305297,1.6556628260715502,0.8920748284079054,0.05363843963083795,0.03239695835782445,0.0013445430253415996,53.63843963083795,32.396958357824445,1344.5430253415998,3.4533273599999994,2.2797356399999997
267,858.0,110.97056274847714,0.9953596287703016,41.49615426336347,27.04154223233562,1.5345335671625777,0.8755512553372388,0.09329414378414955,0.06079641773927087,0.004336909457680799,93.29414378414955,60.79641773927087,4336.909457680799,3.4533273599999994,2.2797356399999997
268,75.0,29.31370849898476,0.974025974025974,10.459055502291127,9.147238939823094,1.1434112054028627,1.09680544486394,0.023514676123581046,0.020565371418846668,0.00037910047706999993,23.514676123581047,20.565371418846667,379.1004770699999,3.4533273599999994,2.2797356399999997
269,188.0,48.970562748477136,0.9591836734693877,17.031814458994695,14.16839658960074,1.2020989355630851,0.9851390257324145,0.03829194717557941,0.031854239316535755,0.0009502785291887998,38.29194717557941,31.854239316535754,950.2785291887998,3.4533273599999994,2.2797356399999997
270,186.0,50.14213562373095,0.9738219895287958,19.89793407376996,12.001891337852781,1.6578998687493396,0.9296450341624256,0.044735729260694045,0.02698337221924089,0.0009401691831335998,44.73572926069404,26.98337221924089,940.1691831335997,3.4533273599999994,2.2797356399999997
271,83.0,31.31370849898476,0.9540229885057471,11.415998295758854,9.224974442945419,1.2375100187392898,1.0636994816951175,0.025666132328422797,0.020740141041096463,0.0004195378612907999,25.666132328422798,20.740141041096464,419.5378612907999,3.4533273599999994,2.2797356399999997
272,166.0,46.14213562373095,0.9822485207100592,16.79838618379644,12.741191275081242,1.3184313633726001,0.9797664623023125,0.037767139721582174,0.02864551069611415,0.0008390757225815998,37.767139721582176,28.645510696114147,839.0757225815998,3.4533273599999994,2.2797356399999997
273,179.0,49.55634918610404,0.9675675675675676,19.896816694662782,11.552033491068892,1.7223648728204786,0.9159342226379684,0.04473321710194254,0.025971974816630543,0.0009047864719403998,44.73321710194254,25.971974816630542,904.7864719403998,3.4533273599999994,2.2797356399999997
274,471.0,90.8700576850888,0.9476861167002012,38.3694165349682,15.922579152096151,2.4097488333048735,0.7167854213502673,0.0862644244189076,0.03579809780449169,0.0023807509959995997,86.2644244189076,35.79809780449169,2380.7509959995996,3.4533273599999994,2.2797356399999997
275,99.0,34.970562748477136,0.9611650485436893,12.906017640606478,9.816797401979965,1.3146871746587583,1.0172783843869913,0.029016083220669918,0.022070712926975475,0.0005004126297323999,29.016083220669916,22.070712926975474,500.4126297323999,3.4533273599999994,2.2797356399999997
276,140.0,41.55634918610404,0.9722222222222222,15.003249549647036,11.915024509981718,1.2591874684838609,1.0187394540474053,0.03373120583248944,0.026788073004811494,0.0007076542238639999,33.73120583248944,26.788073004811494,707.6542238639998,3.4533273599999994,2.2797356399999997
277,128.0,40.14213562373095,0.9411764705882353,13.196417171886955,12.425444990040683,1.0620478528104407,0.9982030347061556,0.029668976870866563,0.027935630953308862,0.0006469981475327999,29.66897687086656,27.935630953308863,646.9981475327999,3.4533273599999994,2.2797356399999997
278,145.0,43.55634918610404,0.9539473684210527,16.52055905259874,11.195052581893384,1.4757017827070062,0.960450362035488,0.03714251209559564,0.025169388917767616,0.0007329275890019998,37.142512095595634,25.169388917767616,732.9275890019999,3.4533273599999994,2.2797356399999997
279,263.0,60.04163056034261,0.9563636363636364,21.13965382838836,16.130267960597553,1.310558130839956,0.9167705561342377,0.04752743811621241,0.03626503624509305,0.0013293790062587998,47.52743811621241,36.26503624509305,1329.3790062587998,3.4533273599999994,2.2797356399999997
280,111.0,37.55634918610404,0.9487179487179487,13.640100902499686,10.408368843019453,1.3104936141504677,0.9889312623841958,0.03066649325505394,0.02340071933500691,0.0005610687060635999,30.66649325505394,23.40071933500691,561.0687060635998,3.4533273599999994,2.2797356399999997
281,300.0,67.21320343559643,0.9584664536741214,27.345693611605444,14.16520528973022,1.930483395918807,0.8344915229033162,0.06148022911922805,0.03184706444468886,0.0015164019082799997,61.48022911922805,31.84706444468886,1516.4019082799996,3.4533273599999994,2.2797356399999997
282,70.0,29.31370849898476,0.9333333333333333,11.127270289407333,8.016168532864635,1.3881033368731988,1.0236850818730105,0.025016996700862926,0.01802243106569824,0.00035382711193199994,25.016996700862926,18.022431065698242,353.8271119319999,3.4533273599999994,2.2797356399999997
283,96.0,34.72792206135786,0.9504950495049505,13.25431284802509,9.2165459204875,1.438099800334312,1.0002844114037328,0.029799141403700886,0.020721191531195223,0.00048524861064959987,29.799141403700887,20.721191531195224,485.24861064959987,3.4533273599999994,2.2797356399999997
284,136.0,44.970562748477136,0.9251700680272109,18.17817627349082,9.63949294957534,1.8858021234707834,0.8450689169483894,0.040869266588638466,0.021672086418812252,0.0006874355317535998,40.86926658863847,21.67208641881225,687.4355317535999,3.4533273599999994,2.2797356399999997
285,486.0,84.38477631085024,0.9642857142857143,31.390125324783384,20.271441295603132,1.5484900588490413,0.857665471510204,0.07057316316269749,0.04557547060725269,0.0024565710914135996,70.57316316269748,45.57547060725269,2456.5710914135993,3.4533273599999994,2.2797356399999997
286,76.0,30.14213562373095,0.9620253164556962,10.457709831097464,9.309350456374084,1.1233554779256487,1.051175952546438,0.023511650704863184,0.020929840257047597,0.00038415515009759994,23.511650704863182,20.929840257047594,384.1551500975999,3.4533273599999994,2.2797356399999997
287,430.0,83.79898987322332,0.979498861047836,36.17798658817574,15.333114332489194,2.3594676074069665,0.7694860526056754,0.08133752012673198,0.03447282762916215,0.0021735094018679995,81.33752012673199,34.47282762916215,2173.5094018679997,3.4533273599999994,2.2797356399999997
288,81.0,30.727922061357855,0.9642857142857143,11.194144882485729,9.195205942098658,1.217389251852998,1.0780241689052945,0.02516734817349736,0.020673213711382726,0.00040942851523559994,25.16734817349736,20.673213711382726,409.4285152355999,3.4533273599999994,2.2797356399999997
289,260.0,63.21320343559643,0.9154929577464789,24.62671199101859,13.703637177626847,1.7970931127120928,0.8176503236929722,0.055367251500927445,0.03080933932097133,0.0013142149871759998,55.367251500927445,30.809339320971333,1314.2149871759998,3.4533273599999994,2.2797356399999997
290,291.0,62.38477631085023,0.9540983606557377,19.7940437604482,18.98235478498113,1.0427601835842453,0.9396056262222577,0.04450215682486527,0.042677268968881674,0.0014709098510315996,44.50215682486527,42.67726896888167,1470.9098510315996,3.4533273599999994,2.2797356399999997
291,300.0,67.21320343559643,0.9463722397476341,26.94848166797862,14.4634574862751,1.863211593324142,0.8344915229033162,0.0605871933948496,0.032517612928092854,0.0015164019082799997,60.5871933948496,32.51761292809285,1516.4019082799996,3.4533273599999994,2.2797356399999997
292,74.0,30.142135623730947,0.925,9.783029638300757,9.663596615145357,1.0123590654610124,1.0235134274794266,0.021994794214606057,0.0217262777259667,0.0003740458040423999,21.994794214606056,21.726277725966696,374.04580404239994,3.4533273599999994,2.2797356399999997
293,148.0,42.72792206135785,0.9866666666666667,16.037785216704567,11.80452398310754,1.358613463758038,1.018704052577557,0.036057110991308206,0.026539639090261354,0.0007480916080847998,36.05711099130821,26.539639090261353,748.0916080847999,3.4533273599999994,2.2797356399999997
294,107.0,35.55634918610404,0.981651376146789,13.009624769352076,10.468678545281024,1.242718907938618,1.0635534397053956,0.029249018983943494,0.023536311226213514,0.0005408500139531999,29.249018983943493,23.536311226213513,540.8500139531999,3.4533273599999994,2.2797356399999997
295,463.0,85.21320343559643,0.93158953722334,33.00175113662104,18.381053729032622,1.7954221571364664,0.8012666568327205,0.07419651701041961,0.04132538785683488,0.0023403136117787996,74.19651701041961,41.32538785683488,2340.3136117787994,3.4533273599999994,2.2797356399999997
296,258.0,59.79898987322333,0.9381818181818182,20.760493783461495,16.00631707517568,1.2970187761467693,0.9066546100091073,0.04667498775360514,0.03598636242743447,0.0013041056411207997,46.67498775360514,35.98636242743447,1304.1056411207996,3.4533273599999994,2.2797356399999997
297,167.0,46.14213562373095,0.9597701149425287,15.987233916269345,13.370200248275461,1.1957363105561143,0.9856686699065432,0.035943458524591715,0.030059686410187785,0.0008441303956091998,35.94345852459171,30.059686410187783,844.1303956091998,3.4533273599999994,2.2797356399999997
298,146.0,42.970562748477136,0.954248366013072,15.113693497319442,12.328538329713808,1.2259112226542663,0.993620715242376,0.0339795125422834,0.027717759585162365,0.0007379822620295998,33.9795125422834,27.717759585162362,737.9822620295998,3.4533273599999994,2.2797356399999997
299,623.0,94.62741699796952,0.9658914728682171,35.29936173640799,23.01872655970857,1.5335062799779355,0.8743069680823963,0.07936214301749661,0.05175208217513038,0.0031490612961947995,79.3621430174966,51.752082175130376,3149.0612961947995,3.4533273599999994,2.2797356399999997
300,83.0,31.556349186104043,0.9431818181818182,11.251899927785782,9.395554452591886,1.1975770013957823,1.0474045356262338,0.02529719653164366,0.02112364925358423,0.0004195378612907999,25.29719653164366,21.123649253584233,419.5378612907999,3.4533273599999994,2.2797356399999997
301,103.0,35.55634918610404,0.9363636363636364,12.073157315657179,10.886903485888121,1.1089615455218014,1.0237944326136053,0.027143596666499407,0.024476589631182825,0.0005206313218427999,27.143596666499406,24.476589631182822,520.6313218427999,3.4533273599999994,2.2797356399999997
302,340.0,69.45584412271572,0.9392265193370166,25.391996464725814,17.345558049467947,1.4638904319082822,0.8856684892637219,0.057087809971784455,0.038997324340296805,0.0017185888293839997,57.08780997178445,38.9973243402968,1718.5888293839996,3.4533273599999994,2.2797356399999997
303,396.0,73.79898987322332,0.9682151589242054,26.587239975854395,19.21694829703412,1.3835308064994785,0.9137012416142696,0.0597750281481144,0.043204696178289925,0.0020016505189295996,59.775028148114394,43.20469617828992,2001.6505189295997,3.4533273599999994,2.2797356399999997
304,95.0,33.55634918610404,0.9693877551020408,12.155145299918534,9.93141185093171,1.2239090959437158,1.0601908685338755,0.02732792697199484,0.022328396007975725,0.0004801939376219999,27.327926971994838,22.328396007975723,480.1939376219999,3.4533273599999994,2.2797356399999997
305,302.0,64.04163056034261,0.9617834394904459,23.414866405373928,16.529238368922396,1.4165726141016644,0.9253202044041035,0.05264270754454598,0.03716202545531346,0.0015265112543351997,52.64270754454598,37.16202545531346,1526.5112543351997,3.4533273599999994,2.2797356399999997
306,251.0,62.970562748477136,0.9507575757575758,26.75353056141948,12.102954987812689,2.210495749869307,0.7954418501540106,0.06014889262001696,0.027210589580899752,0.0012687229299275997,60.14889262001695,27.210589580899754,1268.7229299275998,3.4533273599999994,2.2797356399999997
307,362.0,75.79898987322333,0.9402597402597402,32.01947735150396,14.75917327955101,2.169462797477097,0.7917564287676451,0.07198811015029229,0.03318245891748335,0.0018297916359911997,71.98811015029229,33.18245891748335,1829.7916359911997,3.4533273599999994,2.2797356399999997
308,284.0,61.21320343559643,0.9692832764505119,21.229992052557968,17.185020512333562,1.235377754557893,0.9524407942400194,0.047730541932083974,0.03863639421705905,0.0014355271398383998,47.73054193208397,38.63639421705905,1435.5271398383998,3.4533273599999994,2.2797356399999997
309,520.0,96.38477631085024,0.9629629629629629,42.817034362557365,15.921106354998667,2.689325314953023,0.7033902111100531,0.09626382567596321,0.0357947865736893,0.0026284299743519995,96.2638256759632,35.7947865736893,2628.4299743519996,3.4533273599999994,2.2797356399999997
310,292.0,65.21320343559643,0.9700996677740864,25.28624628516876,15.070411057185808,1.6778736949654658,0.8628228675064917,0.05685005607309351,0.03388220236342856,0.0014759645240591996,56.85005607309351,33.88220236342856,1475.9645240591997,3.4533273599999994,2.2797356399999997
311,248.0,58.38477631085023,0.9575289575289575,20.65119361111657,15.630292320494434,1.3212288796440956,0.9142443889008091,0.046429252548128935,0.03514096101247481,0.0012535589108447996,46.429252548128936,35.14096101247481,1253.5589108447998,3.4533273599999994,2.2797356399999997
312,130.0,40.384776310850235,0.9774436090225563,14.87222959403874,11.30781710723164,1.3152166729445567,1.0016542843214846,0.03343663890709354,0.025422912889504604,0.0006571074935879999,33.43663890709354,25.422912889504605,657.1074935879999,3.4533273599999994,2.2797356399999997
313,105.0,35.55634918610404,0.9545454545454546,11.963628819902592,11.199583850756134,1.0682208356424665,1.0436739361595004,0.0268973481306342,0.025179576388300984,0.0005307406678979998,26.8973481306342,25.179576388300983,530.7406678979999,3.4533273599999994,2.2797356399999997
314,95.0,33.55634918610404,0.9595959595959596,11.979328331582762,10.08406563369894,1.1879462874131077,1.0601908685338755,0.026932644714764257,0.022671601401619976,0.0004801939376219999,26.93264471476426,22.671601401619974,480.1939376219999,3.4533273599999994,2.2797356399999997
315,235.0,57.798989873223334,0.9475806451612904,22.29687922828651,13.670393926846055,1.6310341419276644,0.8839693954688309,0.050129181693787425,0.030734599849970907,0.0011878481614859997,50.12918169378742,30.734599849970905,1187.8481614859998,3.4533273599999994,2.2797356399999997
316,84.0,31.899494936611667,0.9333333333333333,10.611256511136476,10.087816763118122,1.0518883084724628,1.0373409829167106,0.023856863563727692,0.022680034915847944,0.0004245925343183999,23.856863563727693,22.680034915847944,424.5925343183999,3.4533273599999994,2.2797356399999997
317,101.0,34.72792206135786,0.9528301886792453,11.732820747540755,10.93727245594353,1.0727373570331886,1.0523825578310106,0.026378431573865976,0.024589832171799598,0.0005105219757875999,26.378431573865974,24.589832171799596,510.5219757875999,3.4533273599999994,2.2797356399999997
318,118.0,39.31370849898476,0.9833333333333333,16.068218060037534,9.443779034753192,1.7014606124207636,0.9594091255755067,0.03612553193565998,0.02123207065267421,0.0005964514172567999,36.12553193565998,21.232070652674206,596.4514172567999,3.4533273599999994,2.2797356399999997
319,575.0,102.5269119345812,0.9472817133443163,42.581844673222534,17.62504352970617,2.4159852202040164,0.687388014034958,0.09573505810501928,0.039625680366097184,0.0029064369908699994,95.73505810501928,39.625680366097185,2906.4369908699996,3.4533273599999994,2.2797356399999997
320,406.0,87.21320343559643,0.9398148148148148,38.49791300253214,13.853118736415711,2.779006932304177,0.6707665853374019,0.08655331788707289,0.03114541273033398,0.0020521972492055997,86.5533178870729,31.145412730333984,2052.1972492055997,3.4533273599999994,2.2797356399999997
321,112.0,40.14213562373095,0.9180327868852459,15.88922943671973,9.338612521442709,1.701455050226779,0.8734276553678861,0.0357231189733995,0.020995628987458784,0.0005661233790911999,35.7231189733995,20.995628987458783,566.1233790911999,3.4533273599999994,2.2797356399999997
322,705.0,105.21320343559641,0.9463087248322147,39.05089349558268,23.833401749669683,1.6384943242994634,0.8003104605083888,0.0877965618103787,0.053583683817712356,0.0035635444844579994,87.7965618103787,53.583683817712355,3563.5444844579993,3.4533273599999994,2.2797356399999997
323,124.0,38.970562748477136,0.96875,14.115399964964505,11.217832724279344,1.2583000934230195,1.0260255951415216,0.0317350891252311,0.025220604600688274,0.0006267794554223998,31.73508912523109,25.220604600688272,626.7794554223999,3.4533273599999994,2.2797356399999997
324,105.0,36.384776310850235,0.9292035398230089,12.314081368002928,10.871696535027613,1.132673389873244,0.9966891821308292,0.02768525657642626,0.02444240045184118,0.0005307406678979998,27.68525657642626,24.442400451841177,530.7406678979999,3.4533273599999994,2.2797356399999997
325,323.0,65.79898987322333,0.9584569732937686,21.33554865329088,19.603371726856263,1.088361173300691,0.9375057354964683,0.04796786061524774,0.04407347651862186,0.0016326593879147997,47.967860615247744,44.07347651862186,1632.6593879147997,3.4533273599999994,2.2797356399999997
326,202.0,50.384776310850235,0.9665071770334929,16.542794138444386,15.604793254747086,1.0601097924454688,0.9999138038367569,0.03719250234969897,0.03508363248291768,0.0010210439515751998,37.19250234969897,35.08363248291768,1021.0439515751998,3.4533273599999994,2.2797356399999997
327,136.0,40.97056274847714,0.9714285714285714,14.720302621836924,11.846680234987907,1.2425677345761454,1.0181339372994447,0.03309506757257108,0.02663441730511391,0.0006874355317535998,33.095067572571075,26.63441730511391,687.4355317535999,3.4533273599999994,2.2797356399999997
328,90.0,32.72792206135786,0.9574468085106383,11.33454012302263,10.105532170375973,1.1216173410688308,1.055882298018549,0.025482993176986858,0.022719863757369483,0.0004549205724839999,25.482993176986856,22.71986375736948,454.9205724839999,3.4533273599999994,2.2797356399999997
329,147.0,43.55634918610404,0.9483870967741935,15.480648157545035,12.15876176049542,1.2732092677268037,0.9736979532359775,0.034804522026682196,0.02733605771565143,0.0007430369350571998,34.80452202668219,27.336057715651428,743.0369350571998,3.4533273599999994,2.2797356399999997
330,87.0,32.14213562373095,0.9456521739130435,10.886923807889097,10.186187456817793,1.068792799469078,1.0582289981091215,0.02447663532032474,0.022901197811665167,0.0004397565534011999,24.47663532032474,22.901197811665167,439.7565534011999,3.4533273599999994,2.2797356399999997
331,148.0,44.14213562373095,0.961038961038961,15.396892785449422,12.476858435712671,1.2340360247559352,0.954475747722085,0.034616218173814516,0.02805122174667537,0.0007480916080847998,34.61621817381452,28.051221746675367,748.0916080847999,3.4533273599999994,2.2797356399999997
332,529.0,88.38477631085024,0.9688644688644689,33.591103838953465,20.775164705635714,1.6168874863283829,0.8509628520792588,0.07552153511696551,0.04670797180109255,0.0026739220316003994,75.52153511696551,46.70797180109254,2673.9220316003994,3.4533273599999994,2.2797356399999997
333,393.0,73.79898987322333,0.9703703703703703,26.298781164174358,19.498531125912127,1.3487570419714947,0.9067792625111306,0.059126497740166636,0.04383776758914319,0.0019864864998467998,59.126497740166634,43.83776758914319,1986.4864998467997,3.4533273599999994,2.2797356399999997
334,336.0,76.38477631085024,0.9464788732394366,32.74481224749174,13.330800265892629,2.456327571816571,0.7236615850714634,0.07361885158354577,0.029971105005795758,0.0016983701372735997,73.61885158354576,29.971105005795756,1698.3701372735995,3.4533273599999994,2.2797356399999997
335,74.0,29.31370849898476,0.9736842105263158,10.398293573517831,9.071968837549598,1.1462003187751781,1.082181372265754,0.023378067509597197,0.020396144658709255,0.0003740458040423999,23.378067509597198,20.396144658709257,374.04580404239994,3.4533273599999994,2.2797356399999997
336,103.0,35.55634918610404,0.944954128440367,12.512757671785415,10.491684446734036,1.1926357235877907,1.0237944326136053,0.028131932563168274,0.023588034474214262,0.0005206313218427999,28.131932563168274,23.58803447421426,520.6313218427999,3.4533273599999994,2.2797356399999997
337,138.0,41.798989873223334,0.965034965034965,15.602149729777668,11.260670826753346,1.3855435408616814,0.9925613895068652,0.035077689151469936,0.025316915792956474,0.0006975448778087999,35.07768915146993,25.316915792956475,697.5448778087998,3.4533273599999994,2.2797356399999997
338,222.0,54.04163056034261,0.9487179487179487,16.96592474260235,16.76649745022957,1.0118943919542391,0.9552255934835905,0.03814380996180316,0.037695445557453126,0.0011221374121271998,38.14380996180316,37.69544555745313,1122.1374121271997,3.4533273599999994,2.2797356399999997
339,237.0,55.798989873223334,0.9673469387755103,18.983095120599433,16.27397284685059,1.1664696321693275,0.9565452865839005,0.042678933435838874,0.036588122192660305,0.0011979575075411998,42.67893343583888,36.5881221926603,1197.9575075411997,3.4533273599999994,2.2797356399999997
340,232.0,55.21320343559643,0.9626556016597511,19.572908810195777,15.273865107863386,1.281464034936326,0.956339201025066,0.04400498796161075,0.034339619967404936,0.0011726841424031997,44.00498796161075,34.339619967404936,1172.6841424031998,3.4533273599999994,2.2797356399999997
341,474.0,80.62741699796952,0.973305954825462,25.43897738899543,24.22303194105635,1.0501979046594137,0.916268406340503,0.05719343530458286,0.05445967379179935,0.0023959150150823995,57.193435304582856,54.45967379179935,2395.9150150823993,3.4533273599999994,2.2797356399999997
342,192.0,49.798989873223334,0.9458128078817734,16.578677410433688,14.827637264532527,1.1180929985446584,0.9729040819938798,0.03727317727478164,0.0333363837563579,0.0009704972212991997,37.27317727478164,33.3363837563579,970.4972212991997,3.4533273599999994,2.2797356399999997
343,171.0,48.384776310850235,0.95,18.498649069981155,11.833253916486552,1.563276610181424,0.9178854787564641,0.04158977275807583,0.026604231450280052,0.0008643490877195999,41.589772758075824,26.60423145028005,864.3490877195998,3.4533273599999994,2.2797356399999997
344,208.0,51.798989873223334,0.9585253456221198,16.885371598673334,15.88785060921184,1.062785144069968,0.97416072802632,0.03796270555043331,0.035720019010666605,0.0010513719897407997,37.962705550433306,35.720019010666604,1051.3719897407998,3.4533273599999994,2.2797356399999997
345,108.0,36.970562748477136,0.9391304347826087,13.589751409317316,10.151276936267621,1.338723344327747,0.9929365491729245,0.030553294503511744,0.02282270988473304,0.0005459046869807999,30.553294503511744,22.822709884733037,545.9046869807999,3.4533273599999994,2.2797356399999997
346,220.0,54.04163056034261,0.9523809523809523,18.11893284616743,15.574299919117408,1.163386665228303,0.9466199575062609,0.04073607196072438,0.0350150755361549,0.0011120280660719998,40.73607196072438,35.015075536154896,1112.0280660719998,3.4533273599999994,2.2797356399999997
347,286.0,62.62741699796952,0.9533333333333334,23.10617829469874,15.986514782431842,1.4453543257652977,0.9163194330265169,0.05194869641283938,0.035941841724750206,0.0014456364858935996,51.94869641283938,35.941841724750205,1445.6364858935997,3.4533273599999994,2.2797356399999997
348,189.0,48.384776310850235,0.9692307692307692,16.684340666701644,14.420633134621738,1.1569769864434793,1.014505002836092,0.037510735747318634,0.032421332651244666,0.0009553332022163998,37.510735747318634,32.42133265124467,955.3332022163997,3.4533273599999994,2.2797356399999997
349,309.0,64.97056274847714,0.9566563467492261,23.073071809521313,17.379270111411135,1.3276203006000613,0.9198882817657241,0.05187426442647438,0.039073117820681194,0.0015618939655283996,51.87426442647438,39.07311782068119,1561.8939655283996,3.4533273599999994,2.2797356399999997
350,106.0,36.384776310850235,0.9380530973451328,12.360938967621077,10.939312683768124,1.1299557225347785,1.0061814600558847,0.02779060464334376,0.02459441913440852,0.0005357953409255999,27.79060464334376,24.59441913440852,535.7953409255999,3.4533273599999994,2.2797356399999997
351,502.0,84.38477631085024,0.984313725490196,31.14456223010136,20.993455000969554,1.4835367607982102,0.8859013718068363,0.07002107347944768,0.0471987451404798,0.0025374458598551993,70.02107347944768,47.1987451404798,2537.4458598551996,3.4533273599999994,2.2797356399999997
352,720.0,115.698484809835,0.9242618741976893,49.404313365821956,19.423142931706302,2.543579766649117,0.6759071141100091,0.11107374156784286,0.043668275327638006,0.0036393645798719993,111.07374156784286,43.66827532763801,3639.364579871999,3.4533273599999994,2.2797356399999997
353,192.0,48.970562748477136,0.9746192893401016,17.78915229191477,13.755824585993345,1.2932087190198907,1.0060994305352318,0.0399946395318203,0.030926670183705395,0.0009704972212991997,39.9946395318203,30.926670183705394,970.4972212991997,3.4533273599999994,2.2797356399999997
354,1098.0,139.1126983722081,0.9648506151142355,58.35620621887091,24.73366130017811,2.359384060072444,0.7129821460200784,0.13119992419363868,0.05560770135473843,0.005550030984304799,131.19992419363868,55.60770135473843,5550.030984304799,3.4533273599999994,2.2797356399999997
355,140.0,42.384776310850235,0.958904109589041,15.393129028533348,11.69800903767893,1.3158759733346548,0.9793053086529954,0.034607756269690385,0.026300165799052026,0.0007076542238639999,34.607756269690384,26.300165799052024,707.6542238639998,3.4533273599999994,2.2797356399999997
356,78.0,30.14213562373095,0.9629629629629629,11.10521363742316,8.915023772857225,1.2456740352430928,1.0788384776134494,0.024967407612472993,0.020043291347563982,0.0003942644961527999,24.967407612472993,20.043291347563983,394.2644961527999,3.4533273599999994,2.2797356399999997
357,161.0,47.55634918610404,0.9526627218934911,18.660277105804372,11.16605357862724,1.6711613440151947,0.8945790547417359,0.041953154605895736,0.025104191618684477,0.0008138023574435999,41.95315460589573,25.104191618684474,813.8023574435998,3.4533273599999994,2.2797356399999997
358,548.0,106.2842712474619,0.9303904923599321,47.72953709549436,15.378662334234404,3.103620851941313,0.6096104797854895,0.10730840907031614,0.034575231379565835,0.0027699608191247994,107.30840907031613,34.575231379565835,2769.9608191247994,3.4533273599999994,2.2797356399999997
359,624.0,96.2842712474619,0.9483282674772037,35.14890353078534,23.17808158983663,1.51647164561703,0.8458313119952863,0.07902387385212344,0.0521103537151661,0.0031541159692223993,79.02387385212344,52.11035371516609,3154.115969222399,3.4533273599999994,2.2797356399999997
360,104.0,36.14213562373095,0.9454545454545454,12.920952983611274,10.28607854651759,1.2561592763634626,1.0004965163477828,0.02904966175493388,0.023125778952993635,0.0005256859948703998,29.04966175493388,23.125778952993635,525.6859948703999,3.4533273599999994,2.2797356399999997
361,372.0,76.62741699796952,0.9417721518987342,31.741662553904714,15.384281948220327,2.063252783635874,0.7961308098295363,0.0713635102534418,0.03458786573290583,0.0018803383662671996,71.3635102534418,34.587865732905826,1880.3383662671995,3.4533273599999994,2.2797356399999997
362,206.0,50.970562748477136,0.9809523809523809,17.72044955937219,14.937498041249851,1.1863064022125545,0.996410343895419,0.039840177926354116,0.03358337934622039,0.0010412626436855999,39.840177926354116,33.58337934622038,1041.2626436855999,3.4533273599999994,2.2797356399999997
363,1289.0,140.62741699796953,0.9809741248097412,53.064799235748396,31.94313539428692,1.6612270079548648,0.819073323711094,0.11930346552976367,0.0718164735815595,0.006515473532576399,119.30346552976367,71.8164735815595,6515.473532576399,3.4533273599999994,2.2797356399999997
364,177.0,48.384776310850235,0.9619565217391305,18.40901791556897,12.32234136816902,1.4939545469112718,0.9500919867830068,0.04138825861885709,0.027703827204399678,0.0008946771258851998,41.38825861885709,27.70382720439968,894.6771258851998,3.4533273599999994,2.2797356399999997
365,319.0,67.21320343559643,0.9579579579579579,23.90158989482577,17.365686227565654,1.3763688679854909,0.8873426526871928,0.053736988496940974,0.039042577717986755,0.0016124406958043997,53.736988496940974,39.04257771798675,1612.4406958043996,3.4533273599999994,2.2797356399999997
366,144.0,44.384776310850235,0.972972972972973,16.315599573602256,11.89892388269694,1.3711827837917272,0.9185531380021443,0.036681709897347,0.026751874608512218,0.0007278729159743998,36.681709897347005,26.751874608512217,727.8729159743998,3.4533273599999994,2.2797356399999997
367,120.0,38.970562748477136,0.9523809523809523,14.101382503461421,10.908249189487783,1.292726473195244,0.9929279952982467,0.03170357422723217,0.0245245803227578,0.0006065607633119999,31.70357422723217,24.5245803227578,606.5607633119998,3.4533273599999994,2.2797356399999997
368,463.0,82.6274169979695,0.9468302658486708,28.43703513471087,21.35243980106721,1.3317932470316376,0.8522019074285504,0.06393384861196506,0.04800583630714736,0.0023403136117787996,63.933848611965054,48.005836307147355,2340.3136117787994,3.4533273599999994,2.2797356399999997
369,145.0,43.55634918610404,0.9539473684210527,16.231356507299395,11.495709712541395,1.4119490586641714,0.960450362035488,0.03649230958110093,0.025845344318318312,0.0007329275890019998,36.49230958110093,25.84534431831831,732.9275890019999,3.4533273599999994,2.2797356399999997
370,70.0,28.72792206135785,0.958904109589041,10.777455468539062,8.277232392088376,1.3020602730497786,1.0658583117993152,0.024230522031697628,0.01860937049783661,0.00035382711193199994,24.230522031697628,18.609370497836608,353.8271119319999,3.4533273599999994,2.2797356399999997
371,585.0,91.21320343559643,0.9717607973421927,33.93258825252338,22.411620487671716,1.514062237096562,0.8835890252331984,0.07628928086461821,0.05038714987761281,0.0029569837211459995,76.2892808646182,50.387149877612806,2956.9837211459994,3.4533273599999994,2.2797356399999997
372,108.0,35.798989873223334,0.9642857142857143,11.883063870766332,11.605539222403205,1.0239131196788682,1.0589905252970795,0.02671621717808911,0.026092269612160227,0.0005459046869807999,26.71621717808911,26.092269612160226,545.9046869807999,3.4533273599999994,2.2797356399999997
373,391.0,78.62741699796952,0.9559902200488998,32.6227520307248,15.492343920868473,2.105733786788799,0.7947647629237778,0.07334442848059733,0.03483081714353175,0.0019763771537915998,73.34442848059733,34.830817143531746,1976.3771537915995,3.4533273599999994,2.2797356399999997
374,71.0,29.556349186104043,0.9342105263157895,10.644020971676698,8.503298603711025,1.2517519926950953,1.0213312848548906,0.02393052658978185,0.019117626118779346,0.00035888178495959995,23.93052658978185,19.11762611877935,358.88178495959994,3.4533273599999994,2.2797356399999997
375,450.0,81.35533905932738,0.9355509355509356,30.204186325450966,19.450421113792387,1.552880842463253,0.8543783976582666,0.06790686394805838,0.04372960377329487,0.0022746028624199997,67.90686394805837,43.72960377329487,2274.6028624199994,3.4533273599999994,2.2797356399999997
376,283.0,63.21320343559643,0.9593220338983051,23.738940157226235,15.560989664658136,1.5255417983562913,0.8899809292504275,0.05337130959788545,0.034985150623464294,0.0014304724668107998,53.37130959788545,34.98515062346429,1430.4724668107997,3.4533273599999994,2.2797356399999997
377,101.0,34.14213562373095,0.9805825242718447,11.56530717231488,11.108468239941256,1.0411252859085494,1.0888044105943473,0.02600181750322865,0.024974724805130327,0.0005105219757875999,26.001817503228647,24.974724805130325,510.5219757875999,3.4533273599999994,2.2797356399999997
378,309.0,63.79898987322333,0.9686520376175548,21.755699119693674,18.190103804011176,1.1960184149634283,0.9539832253609037,0.04891246810284249,0.040896082778406166,0.0015618939655283996,48.91246810284249,40.89608277840616,1561.8939655283996,3.4533273599999994,2.2797356399999997
379,292.0,70.62741699796952,0.8875379939209727,28.730326127567636,13.417259589059304,2.141296137028973,0.7356073646929077,0.0645932430195652,0.03016548804369847,0.0014759645240591996,64.59324301956521,30.165488043698467,1475.9645240591997,3.4533273599999994,2.2797356399999997
380,338.0,72.72792206135784,0.9797101449275363,30.711405250486017,14.280379063895111,2.150601543073408,0.8030160128958365,0.06904722396845768,0.03210600503419282,0.0017084794833287997,69.04722396845769,32.10600503419282,1708.4794833287997,3.4533273599999994,2.2797356399999997
381,249.0,58.04163056034261,0.9576923076923077,19.389012025959143,16.46758794523305,1.177404492415161,0.9288166714789562,0.0435915401774829,0.03702341927374965,0.0012586135838723997,43.5915401774829,37.02341927374965,1258.6135838723997,3.4533273599999994,2.2797356399999997
382,70.0,28.72792206135786,0.9459459459459459,10.333340804888838,8.629187918718069,1.1974870523417613,1.0658583117993146,0.023232036797999376,0.01940065803013708,0.00035382711193199994,23.232036797999378,19.400658030137084,353.8271119319999,3.4533273599999994,2.2797356399999997
383,227.0,56.87005768508881,0.934156378600823,21.66335047555015,13.546083918596162,1.599233446783136,0.8819995908620519,0.048704844340160376,0.030455118630823005,0.0011474107772651997,48.70484434016037,30.455118630823005,1147.4107772651998,3.4533273599999994,2.2797356399999997
384,76.0,30.72792206135785,0.926829268292683,11.044679628735075,8.77818905840731,1.2581956887972279,1.0114794671210172,0.024831311422099916,0.019735651332454817,0.00038415515009759994,24.831311422099915,19.735651332454818,384.1551500975999,3.4533273599999994,2.2797356399999997
385,434.0,80.04163056034261,0.9559471365638766,30.14869720809964,18.721481969799353,1.6103798436862078,0.8512708047491595,0.06778210998508209,0.042090759053421085,0.0021937280939783995,67.78210998508209,42.09075905342109,2193.7280939783996,3.4533273599999994,2.2797356399999997
386,251.0,58.2842712474619,0.9543726235741445,20.137795464709438,16.020455686278925,1.257005160093973,0.9284977253859446,0.045275000031487635,0.03601814970123345,0.0012687229299275997,45.275000031487636,36.018149701233455,1268.7229299275998,3.4533273599999994,2.2797356399999997
387,335.0,72.04163056034261,0.925414364640884,24.58484637836138,18.656798446814264,1.3177419720991497,0.8111246565195325,0.05527312671861475,0.04194533367603463,0.0016933154642459996,55.27312671861475,41.94533367603463,1693.3154642459997,3.4533273599999994,2.2797356399999997
388,73.0,28.72792206135785,0.9864864864864865,10.622691247653494,8.708486239860878,1.2198091556981314,1.1115379537335714,0.02388257182444944,0.019578941273629618,0.0003689911310147999,23.882571824449442,19.578941273629617,368.9911310147999,3.4533273599999994,2.2797356399999997
389,139.0,40.97056274847714,0.9788732394366197,14.621985227239724,12.133043562479163,1.2051374539243798,1.0405927741516383,0.032874024506993976,0.027278236519779397,0.0007025995508363999,32.874024506993976,27.278236519779398,702.5995508363999,3.4533273599999994,2.2797356399999997
390,169.0,47.55634918610404,0.9441340782122905,17.28680151359571,12.622232755608147,1.3695517939102384,0.9390301878966049,0.038865224370956686,0.02837806101512357,0.0008542397416643998,38.86522437095668,28.37806101512357,854.2397416643998,3.4533273599999994,2.2797356399999997
391,246.0,58.384776310850235,0.9609375,21.331660853458473,14.980886648602333,1.4239251223123464,0.906871450280641,0.047959119830396545,0.03368092821658668,0.0012434495647895998,47.95911983039654,33.68092821658668,1243.4495647895997,3.4533273599999994,2.2797356399999997
392,448.0,80.97056274847714,0.9781659388646288,32.16757646291528,18.16653772027832,1.7707048507657217,0.8586843796745431,0.07232107545851389,0.04084310009499293,0.0022644935163647997,72.32107545851389,40.843100094992934,2264.4935163647997,3.4533273599999994,2.2797356399999997
393,372.0,70.62741699796952,0.9738219895287958,23.869533460503586,20.078753565514152,1.1887955785014568,0.9371436289923344,0.053664917297911785,0.04514225849120284,0.0018803383662671996,53.664917297911785,45.14225849120284,1880.3383662671995,3.4533273599999994,2.2797356399999997
394,210.0,55.79898987322333,0.9210526315789473,20.730852001187333,13.52626846436863,1.5326364441011406,0.8475717729224438,0.046608345320189426,0.030410568337701414,0.0010614813357959997,46.60834532018943,30.410568337701413,1061.4813357959997,3.4533273599999994,2.2797356399999997
395,298.0,65.79898987322333,0.9490445859872612,25.4801068575049,15.060760075918708,1.6918207798984946,0.8649433720679491,0.05728590504345396,0.03386050444828499,0.0015062925622247997,57.28590504345396,33.86050444828499,1506.2925622247997,3.4533273599999994,2.2797356399999997
396,409.0,79.11269837220809,0.9511627906976744,30.85271093395425,17.14878364692916,1.7991194926223852,0.8211845629919763,0.06936491588437198,0.03855492432204495,0.0020673612682883995,69.36491588437197,38.55492432204495,2067.3612682883995,3.4533273599999994,2.2797356399999997
397,129.0,41.798989873223334,0.9485294117647058,15.565349585609502,10.611790763230792,1.4667976341507307,0.9278291249738088,0.03499495285934241,0.023858064701341258,0.0006520528205603999,34.99495285934241,23.858064701341256,652.0528205603998,3.4533273599999994,2.2797356399999997
398,120.0,38.970562748477136,0.9523809523809523,13.3552832478584,11.594432017736667,1.1518704174062222,0.9929279952982467,0.030026149114830123,0.026067297728196635,0.0006065607633119999,30.026149114830122,26.067297728196635,606.5607633119998,3.4533273599999994,2.2797356399999997
399,316.0,64.38477631085023,0.9844236760124611,23.16739746232267,17.586049332668473,1.3173736195136267,0.9579229191778218,0.05208633301864156,0.039538011272665215,0.0015972766767215997,52.086333018641554,39.538011272665216,1597.2766767215996,3.4533273599999994,2.2797356399999997
400,388.0,72.8700576850888,0.9627791563275434,25.085791951802662,20.043625827049794,1.2515595814978862,0.9182128431028648,0.05639938261355985,0.04506328220192297,0.0019612131347087995,56.399382613559844,45.063282201922966,1961.2131347087995,3.4533273599999994,2.2797356399999997
401,88.0,34.97056274847714,0.9565217391304348,12.845790626095889,9.057787501933149,1.4182040176317108,0.9042474527884362,0.02888067723302634,0.020364261329096217,0.0004448112264287999,28.88067723302634,20.36426132909622,444.8112264287999,3.4533273599999994,2.2797356399999997
402,103.0,34.72792206135785,0.9809523809523809,12.579505935683118,10.412573728197245,1.2081072618595556,1.073221816401922,0.028282000014958925,0.023410173010156736,0.0005206313218427999,28.28200001495892,23.410173010156736,520.6313218427999,3.4533273599999994,2.2797356399999997
403,210.0,53.55634918610404,0.9767441860465116,21.493216891918923,12.598516792438602,1.7060116874090097,0.9200411026185406,0.04832233980942563,0.02832474136376801,0.0010614813357959997,48.32233980942563,28.32474136376801,1061.4813357959997,3.4533273599999994,2.2797356399999997
404,113.0,38.72792206135786,0.9416666666666667,15.103795029414574,9.619744492289419,1.5700827648302742,0.946760033270221,0.033957258212831604,0.021627686752234608,0.0005711780521187999,33.957258212831604,21.627686752234606,571.1780521187999,3.4533273599999994,2.2797356399999997
405,92.0,33.55634918610404,0.9484536082474226,12.340810167492421,9.560634270869974,1.290794085188813,1.0267111568959635,0.027745349867166508,0.021494791605826125,0.0004650299185391999,27.745349867166507,21.494791605826126,465.0299185391999,3.4533273599999994,2.2797356399999997
406,312.0,68.38477631085023,0.9719626168224299,28.08969560847871,14.40814839831899,1.9495701204573903,0.8383890485477188,0.06315293904871834,0.032393263718004654,0.0015770579846111996,63.15293904871834,32.39326371800465,1577.0579846111996,3.4533273599999994,2.2797356399999997
407,261.0,59.798989873223334,0.9595588235294118,22.143121532650515,15.21226384641036,1.4556098787279206,0.9171971054743292,0.04978349441699684,0.03420112431533055,0.0013192696602035998,49.78349441699684,34.20112431533055,1319.2696602035996,3.4533273599999994,2.2797356399999997
408,652.0,99.45584412271572,0.965925925925926,38.200353193267944,22.19940027830455,1.7207831164070277,0.828317513978999,0.08588432607029657,0.04991002366970099,0.003295646813995199,85.88432607029658,49.91002366970098,3295.6468139951994,3.4533273599999994,2.2797356399999997
409,224.0,52.970562748477136,0.9781659388646288,17.930907271584644,15.968932309697804,1.1228620000283518,1.0032027378460355,0.040313341582412884,0.03590231175460118,0.0011322467581823998,40.31334158241289,35.90231175460118,1132.2467581823998,3.4533273599999994,2.2797356399999997
410,121.0,38.970562748477136,0.952755905511811,13.2834556786968,11.677661672879676,1.1375098928877547,1.0012023952590656,0.029864662064186864,0.026254419632668457,0.0006116154363395999,29.864662064186863,26.25441963266846,611.6154363395999,3.4533273599999994,2.2797356399999997
411,194.0,51.55634918610404,0.9556650246305419,20.365804229524336,12.279639653597144,1.6585017805109994,0.9171645940997776,0.04578762301707038,0.02760782264759631,0.0009806065673543998,45.78762301707038,27.60782264759631,980.6065673543998,3.4533273599999994,2.2797356399999997
413,93.0,34.14213562373095,0.9393939393939394,12.309234463488222,9.678418575271296,1.2718229086452981,1.0025624770819237,0.02767435947488203,0.021759601346039444,0.0004700845915667999,27.674359474882028,21.759601346039442,470.0845915667999,3.4533273599999994,2.2797356399999997
414,85.0,32.14213562373095,0.9550561797752809,11.913353768870438,9.108118089184472,1.307992897349132,1.0339018947043142,0.026784316744400648,0.02047741757518988,0.0004296472073459999,26.78431674440065,20.47741757518988,429.6472073459999,3.4533273599999994,2.2797356399999997
415,87.0,32.72792206135785,0.9354838709677419,11.383965669606031,9.73688676603361,1.1691586790675363,1.020686221417931,0.025594114656348452,0.021891053040602723,0.0004397565534011999,25.594114656348452,21.89105304060272,439.7565534011999,3.4533273599999994,2.2797356399999997
416,294.0,68.38477631085024,0.9514563106796117,29.30025353049964,12.963260283570365,2.2602534308159172,0.7900204495930423,0.06587458800248111,0.029144779565139906,0.0014860738701143997,65.8745880024811,29.144779565139906,1486.0738701143996,3.4533273599999994,2.2797356399999997
417,107.0,37.55634918610404,0.9385964912280702,14.2241693122841,9.628791319596663,1.4772538774762782,0.9532940997757563,0.03197963089803585,0.021648026372196393,0.0005408500139531999,31.979630898035847,21.64802637219639,540.8500139531999,3.4533273599999994,2.2797356399999997
418,94.0,32.97056274847714,0.9791666666666666,11.100106314791772,10.819643628074225,1.0259216196354026,1.0866382742315586,0.024955925023293746,0.024325371983254154,0.0004751392645943999,24.955925023293744,24.325371983254154,475.1392645943999,3.4533273599999994,2.2797356399999997
419,72.0,29.31370849898476,0.9473684210526315,10.485384264027896,8.79277485639103,1.1925000281801361,1.0529332270693823,0.023573870025443356,0.019768443998629696,0.0003639364579871999,23.573870025443355,19.768443998629696,363.9364579871999,3.4533273599999994,2.2797356399999997
420,226.0,57.21320343559643,0.9456066945606695,22.094255771237858,13.273210196466664,1.6645751437824259,0.8676124451051759,0.04967363148024322,0.029841627556308137,0.0011423561042375999,49.67363148024322,29.841627556308136,1142.3561042375998,3.4533273599999994,2.2797356399999997
421,181.0,48.970562748477136,0.9526315789473684,16.169273322472847,14.467261213395277,1.11764577164762,0.9484583173274842,0.0363527304399828,0.032526164695628065,0.0009148958179955998,36.3527304399828,32.52616469562806,914.8958179955998,3.4533273599999994,2.2797356399999997
422,244.0,57.798989873223334,0.9420849420849421,20.908178113202588,15.030817893094618,1.391020652496104,0.9178235425293394,0.04700702052478885,0.0337931866363289,0.0012333402187343998,47.00702052478884,33.7931866363289,1233.3402187343997,3.4533273599999994,2.2797356399999997
423,1330.0,166.42640687119285,0.8715596330275229,67.77118434309749,27.930353085843908,2.4264349302997648,0.6034162911575225,0.15236724291121234,0.06279469562877942,0.006722715126707999,152.36724291121234,62.794695628779415,6722.715126707999,3.4533273599999994,2.2797356399999997
424,892.0,126.2842712474619,0.9469214437367304,51.63652876363459,22.841543765655317,2.260640930989769,0.7028719203121155,0.11609234215812908,0.05135372918657222,0.004508768340619199,116.09234215812909,51.35372918657222,4508.768340619199,3.4533273599999994,2.2797356399999997
425,187.0,49.55634918610404,0.9739583333333334,19.22114573802871,12.526371853705198,1.5344543465986324,0.9568698303536319,0.04321413311698042,0.028162540783811245,0.0009452238561611998,43.21413311698042,28.162540783811245,945.2238561611998,3.4533273599999994,2.2797356399999997
426,116.0,37.55634918610404,0.9586776859504132,13.375221557945792,11.034159478022994,1.2121649668545709,1.0334777156447452,0.030070975619867202,0.024807659388059976,0.0005863420712015999,30.070975619867202,24.807659388059975,586.3420712015999,3.4533273599999994,2.2797356399999997
427,74.0,29.31370849898476,0.961038961038961,10.582143488157175,8.89353346628854,1.189869417849431,1.082181372265754,0.02379140991868425,0.019994975550917872,0.0003740458040423999,23.79140991868425,19.99497555091787,374.04580404239994,3.4533273599999994,2.2797356399999997
428,131.0,40.970562748477136,0.9424460431654677,13.318570660793295,12.7191691109735,1.0471258416795999,0.980702542545789,0.02994360967383513,0.028595999145437277,0.0006621621666155999,29.94360967383513,28.595999145437276,662.1621666155999,3.4533273599999994,2.2797356399999997
429,343.0,72.62741699796952,0.9661971830985916,29.68753109506451,14.927651336999,1.988761019724673,0.8171518845920204,0.06674528865978974,0.03356124139492137,0.0017337528484667997,66.74528865978972,33.56124139492137,1733.7528484667996,3.4533273599999994,2.2797356399999997
430,148.0,43.21320343559643,0.9548387096774194,14.981655809584653,12.615078320668227,1.1875991118532405,0.9959525664881796,0.03368265749045679,0.028361975985225545,0.0007480916080847998,33.68265749045679,28.361975985225545,748.0916080847999,3.4533273599999994,2.2797356399999997
431,101.0,34.970562748477136,0.9619047619047619,13.050617303174365,9.839272190189286,1.3263803511998686,1.0378294628594558,0.029341180858034794,0.02212124209431496,0.0005105219757875999,29.341180858034793,22.12124209431496,510.5219757875999,3.4533273599999994,2.2797356399999997
432,134.0,41.21320343559643,0.950354609929078,14.36056073364088,11.947803724460115,1.2019414668020745,0.9913840255116857,0.03228627427501544,0.026861769201554697,0.0006773261856983998,32.28627427501544,26.861769201554697,677.3261856983999,3.4533273599999994,2.2797356399999997
433,248.0,56.970562748477136,0.9725490196078431,20.478446426454326,15.67164489142607,1.3067196563175094,0.9601974009092512,0.0460408719627402,0.03523393234359757,0.0012535589108447996,46.0408719627402,35.23393234359757,1253.5589108447998,3.4533273599999994,2.2797356399999997
434,106.0,36.970562748477136,0.9380530973451328,12.565434386411155,10.943568525552465,1.1482026504491425,0.9745488352993519,0.028250363513592742,0.02460398737325858,0.0005357953409255999,28.250363513592742,24.60398737325858,535.7953409255999,3.4533273599999994,2.2797356399999997
435,146.0,43.79898987322333,0.9419354838709677,15.80210294646372,11.798571272485276,1.3393234300592678,0.9563889080747483,0.035527235970416515,0.026526255849077744,0.0007379822620295998,35.52723597041652,26.526255849077742,737.9822620295998,3.4533273599999994,2.2797356399999997
436,72.0,29.31370849898476,0.9473684210526315,10.163415168080947,9.06533511587947,1.1211295598193611,1.0529332270693823,0.02284999978578967,0.020381230327627176,0.0003639364579871999,22.849999785789667,20.381230327627176,363.9364579871999,3.4533273599999994,2.2797356399999997
437,120.0,40.384776310850235,0.9375,15.73620920880137,9.838560631128441,1.5994422150546317,0.9246039547582934,0.035379089715779764,0.022119642324540827,0.0006065607633119999,35.37908971577976,22.119642324540827,606.5607633119998,3.4533273599999994,2.2797356399999997
438,332.0,70.2842712474619,0.9458689458689459,27.42336026925032,15.600914926863792,1.7578046158067961,0.8445622303153956,0.061654843958944716,0.035074912993470785,0.0016781514451631996,61.65484395894472,35.07491299347078,1678.1514451631997,3.4533273599999994,2.2797356399999997
439,190.0,50.72792206135785,0.9844559585492227,20.40011932868763,11.961860261029267,1.7054303330351968,0.9278319408133456,0.045864772281915246,0.026893371950461657,0.0009603878752439998,45.86477228191524,26.893371950461656,960.3878752439998,3.4533273599999994,2.2797356399999997
440,207.0,51.21320343559643,0.9672897196261683,16.911754557060416,15.641007459905701,1.0812445809780578,0.9917822353928707,0.03802202130045665,0.035165051431807585,0.0010463173167131997,38.02202130045664,35.16505143180759,1046.3173167131997,3.4533273599999994,2.2797356399999997
441,185.0,48.970562748477136,0.9487179487179487,15.96565538296518,14.878383881369448,1.0730772582738104,0.9694187221303014,0.03589494437130529,0.03345047534512767,0.0009351145101059998,35.89494437130529,33.45047534512767,935.1145101059998,3.4533273599999994,2.2797356399999997
442,233.0,61.21320343559643,0.9395161290322581,25.29542984565858,12.088948079899628,2.0924425912389726,0.78140389104903,0.05687070310480036,0.027179098410115135,0.0011777388154307997,56.870703104800356,27.179098410115134,1177.7388154307998,3.4533273599999994,2.2797356399999997
443,72.0,30.556349186104043,0.9473684210526315,11.185081220155238,8.489580110006004,1.3175069997834472,0.9690349295560667,0.025146970704026213,0.0190867833781221,0.0003639364579871999,25.146970704026213,19.086783378122096,363.9364579871999,3.4533273599999994,2.2797356399999997
444,289.0,66.62741699796952,0.9413680781758957,26.65938883559441,14.102967138690646,1.8903390026667488,0.8180912599588536,0.05993723754351348,0.03170713689923263,0.0014608005049763996,59.93723754351348,31.707136899232626,1460.8005049763997,3.4533273599999994,2.2797356399999997
445,1009.0,126.04163056034261,0.9545884578997161,47.85962877708766,27.860129014827123,1.7178538100673126,0.7981288407552395,0.10760088899437509,0.06263681365887522,0.0051001650848483985,107.60088899437508,62.63681365887522,5100.165084848399,3.4533273599999994,2.2797356399999997
446,72.0,28.727922061357855,0.972972972972973,10.026432367473596,9.148212381823399,1.0959990814593608,1.0963114064221524,0.022542026834496184,0.020567559969558273,0.0003639364579871999,22.542026834496184,20.56755996955827,363.9364579871999,3.4533273599999994,2.2797356399999997
447,228.0,56.38477631085023,0.9620253164556962,22.175801185813434,13.302257783653712,1.6670704737855742,0.9011995938694168,0.04985696677401691,0.02990693408467729,0.0011524654502927997,49.856966774016904,29.90693408467729,1152.4654502927997,3.4533273599999994,2.2797356399999997
448,150.0,42.970562748477136,0.967741935483871,15.06221046803387,12.696912758400318,1.1862891991652589,1.0208432005914823,0.033863765306861825,0.028545961078201097,0.0007582009541399999,33.86376530686182,28.545961078201096,758.2009541399998,3.4533273599999994,2.2797356399999997
449,335.0,70.38477631085024,0.9654178674351584,28.361382751327024,15.350526676859248,1.8475836919707451,0.8497617953003297,0.06376376238449849,0.03451197510651557,0.0016933154642459996,63.763762384498484,34.51197510651557,1693.3154642459997,3.4533273599999994,2.2797356399999997
450,207.0,54.384776310850235,0.9409090909090909,20.27239572435961,13.317088448838954,1.5222843793702558,0.8794790858253089,0.04557761641124873,0.029940277275986662,0.0010463173167131997,45.57761641124873,29.940277275986663,1046.3173167131997,3.4533273599999994,2.2797356399999997
451,108.0,38.384776310850235,0.9310344827586207,14.738631314555615,9.395759232505867,1.5686471896348066,0.9211186833996168,0.033136275239262804,0.021124109652073637,0.0005459046869807999,33.1362752392628,21.12410965207364,545.9046869807999,3.4533273599999994,2.2797356399999997
452,255.0,62.38477631085024,0.9514925373134329,25.26717983619466,13.315836699817595,1.8975285147902707,0.8233657549370297,0.056807189738523,0.029937463018731902,0.0012889416220379997,56.807189738523,29.9374630187319,1288.9416220379997,3.4533273599999994,2.2797356399999997
453,71.0,28.727922061357855,0.9594594594594594,10.242932290377729,8.854284094333327,1.1568334809737046,1.0810848591107336,0.023028774951164628,0.019906732757925844,0.00035888178495959995,23.02877495116463,19.90673275792584,358.88178495959994,3.4533273599999994,2.2797356399999997
454,161.0,44.970562748477136,0.9698795180722891,15.052232900976215,13.68028237099966,1.1002867113974857,1.0004124678580197,0.03384133314194878,0.03075683164342369,0.0008138023574435999,33.84133314194878,30.75683164342369,813.8023574435998,3.4533273599999994,2.2797356399999997
455,135.0,40.384776310850235,0.9642857142857143,13.708288710398527,12.53373917131387,1.093711024541891,1.04017944910308,0.030819797176040588,0.028179104429298118,0.0006823808587259998,30.819797176040588,28.179104429298118,682.3808587259998,3.4533273599999994,2.2797356399999997
456,92.0,33.55634918610404,0.9484536082474226,11.78552285147299,9.96180490561431,1.1830710361363193,1.0267111568959635,0.026496919606052664,0.022396727497096425,0.0004650299185391999,26.49691960605266,22.396727497096425,465.0299185391999,3.4533273599999994,2.2797356399999997
457,334.0,70.97056274847714,0.9681159420289855,29.505045079381574,14.709984697428535,2.005783533176576,0.8332970282561666,0.06633501265017042,0.03307187019584067,0.0016882607912183996,66.33501265017041,33.071870195840674,1688.2607912183996,3.4533273599999994,2.2797356399999997
458,196.0,53.21320343559643,0.9560975609756097,21.3735549214187,11.853136616401901,1.803198226184521,0.869815468790776,0.0480533085876288,0.026648932929191734,0.0009907159134095998,48.053308587628806,26.648932929191734,990.7159134095998,3.4533273599999994,2.2797356399999997
459,288.0,60.38477631085023,0.9829351535836177,20.08898125052791,18.42105383226613,1.090544625375355,0.9925386515317048,0.045165252986311875,0.04141531848893064,0.0014557458319487996,45.16525298631188,41.41531848893064,1455.7458319487996,3.4533273599999994,2.2797356399999997
460,540.0,102.8700576850888,0.919931856899489,45.83159727428028,15.536068920930209,2.950012484338036,0.6412474588754961,0.10304134688787336,0.034929122312170546,0.0027295234349039993,103.04134688787336,34.92912231217055,2729.5234349039993,3.4533273599999994,2.2797356399999997
461,433.0,80.62741699796952,0.9433551198257081,30.8423561691514,18.2026562642961,1.6943876608628627,0.837013122247759,0.06934163568085631,0.04092430397276634,0.0021886734209507997,69.34163568085631,40.92430397276634,2188.6734209507995,3.4533273599999994,2.2797356399999997
462,94.0,33.55634918610404,0.9791666666666666,12.282244311358733,9.853259315099766,1.2465158906897573,1.0490309646545715,0.027613678595455382,0.0221526887877662,0.0004751392645943999,27.613678595455383,22.1526887877662,475.1392645943999,3.4533273599999994,2.2797356399999997
464,186.0,49.55634918610404,0.9587628865979382,18.595777148513495,12.774349578299189,1.4557122485596943,0.9517528793891739,0.041808141931916946,0.028720059182906932,0.0009401691831335998,41.80814193191694,28.72005918290693,940.1691831335997,3.4533273599999994,2.2797356399999997
465,247.0,57.798989873223334,0.946360153256705,20.740063082183042,15.331904925032081,1.3527388268838776,0.9291082582161755,0.04662905422514884,0.03447010856675262,0.0012485042378171996,46.62905422514884,34.47010856675262,1248.5042378171997,3.4533273599999994,2.2797356399999997
466,160.0,46.14213562373095,0.9580838323353293,17.418135050123617,11.81026339145978,1.4748303634548061,0.9443532166769276,0.03916049630779092,0.02655254277248336,0.0008087476844159999,39.160496307790915,26.55254277248336,808.7476844159999,3.4533273599999994,2.2797356399999997
467,102.0,35.55634918610404,0.9714285714285714,13.957930776646833,9.286735177069593,1.5029965332823483,1.0138546808406577,0.031381057447904,0.02087899522919848,0.0005155766488151999,31.381057447904006,20.87899522919848,515.5766488151999,3.4533273599999994,2.2797356399999997
468,214.0,52.62741699796952,0.9511111111111111,17.98431923121816,15.177110373630047,1.1849633288867416,0.9709559500123787,0.04043342555477853,0.03412209016861748,0.0010817000279063997,40.43342555477853,34.12209016861748,1081.7000279063998,3.4533273599999994,2.2797356399999997
469,121.0,40.14213562373095,0.937984496124031,15.636290505647372,9.929749431130741,1.5746913468557489,0.9436138062456627,0.03515444649222676,0.022324658456033996,0.0006116154363395999,35.154446492226754,22.324658456033998,611.6154363395999,3.4533273599999994,2.2797356399999997
470,361.0,69.79898987322332,0.967828418230563,24.557190442665675,18.999007654061568,1.2925512158218375,0.931148162880316,0.05521094898462753,0.042714708948320454,0.0018247369629635997,55.21094898462752,42.71470894832046,1824.7369629635996,3.4533273599999994,2.2797356399999997
471,222.0,54.14213562373095,0.961038961038961,18.525639594031496,15.433148059078356,1.2003798267932784,0.9516824786888888,0.04165045447367725,0.0346977294553035,0.0011221374121271998,41.65045447367724,34.6977294553035,1122.1374121271997,3.4533273599999994,2.2797356399999997
472,213.0,57.21320343559643,0.9301310043668122,23.331717459250626,11.943773660475857,1.9534627934602922,0.8177055345460286,0.05245576709493481,0.02685270856990145,0.0010766453548787997,52.45576709493481,26.85270856990145,1076.6453548787997,3.4533273599999994,2.2797356399999997
473,209.0,51.21320343559643,0.9766355140186916,18.4622707542349,14.448598977416225,1.277789686259008,1.0013646724498069,0.041507984845916154,0.0324842071369658,0.0010564266627683997,41.507984845916155,32.4842071369658,1056.4266627683999,3.4533273599999994,2.2797356399999997
474,370.0,76.62741699796952,0.9414758269720102,30.5171870029866,15.979447998761579,1.9097772967721856,0.7918505366584098,0.06861057085133464,0.0359259537576957,0.0018702290202119996,68.61057085133464,35.9259537576957,1870.2290202119996,3.4533273599999994,2.2797356399999997
475,72.0,28.14213562373095,1.0,10.39421146854869,8.766370790468526,1.1856915155642376,1.1424264698803188,0.023368889876279275,0.019709080793378766,0.0003639364579871999,23.368889876279276,19.709080793378767,363.9364579871999,3.4533273599999994,2.2797356399999997
476,243.0,61.55634918610404,0.94921875,25.78479400934237,12.282580557457564,2.0992977728679927,0.8058800940931596,0.05797092097944407,0.02761443456410954,0.0012282855457067998,57.97092097944407,27.61443456410954,1228.2855457067997,3.4533273599999994,2.2797356399999997
477,249.0,56.62741699796952,0.9613899613899614,18.146689817261144,17.606636817710708,1.0306732628804607,0.9757885253114915,0.04079847684855554,0.03958429729178627,0.0012586135838723997,40.79847684855554,39.58429729178627,1258.6135838723997,3.4533273599999994,2.2797356399999997
478,94.0,33.55634918610404,0.9494949494949495,11.35882468302748,10.54298618431357,1.0773821082994266,1.0490309646545715,0.02553759118186336,0.023703374118744822,0.0004751392645943999,25.53759118186336,23.703374118744822,475.1392645943999,3.4533273599999994,2.2797356399999997
479,340.0,69.21320343559643,0.9523809523809523,25.435673484813478,17.53657795229932,1.450435401593186,0.8918891490837649,0.05718600726896674,0.039426786747036466,0.0017185888293839997,57.18600726896674,39.426786747036466,1718.5888293839996,3.4533273599999994,2.2797356399999997
480,132.0,42.14213562373095,0.9428571428571428,15.48566886342731,11.060951890779904,1.4000303966908785,0.9340082543723568,0.03481580987888908,0.024867895697964826,0.0006672168396431999,34.815809878889084,24.867895697964823,667.2168396431998,3.4533273599999994,2.2797356399999997
481,275.0,61.798989873223334,0.9683098591549296,22.50378447364492,15.81577730105179,1.4228693313826795,0.9048566968545689,0.050594358480716924,0.035557979474862694,0.0013900350825899997,50.59435848071692,35.55797947486269,1390.0350825899998,3.4533273599999994,2.2797356399999997
482,99.0,34.72792206135786,0.9519230769230769,12.144080206997911,10.397906485380638,1.1679351246399818,1.0315432992600997,0.02730304976618512,0.02337719723482187,0.0005004126297323999,27.30304976618512,23.37719723482187,500.4126297323999,3.4533273599999994,2.2797356399999997
483,160.0,45.21320343559643,0.9467455621301775,15.42128652064019,13.251822404798563,1.1637106240614914,0.9835564468270763,0.03467106163289451,0.029793542239812416,0.0008087476844159999,34.671061632894514,29.793542239812414,808.7476844159999,3.4533273599999994,2.2797356399999997
484,185.0,48.384776310850235,0.9685863874345549,17.210477708510314,13.773304354875341,1.2495532854770843,0.9930339974850634,0.0386936286129354,0.03096596924889203,0.0009351145101059998,38.69362861293539,30.96596924889203,935.1145101059998,3.4533273599999994,2.2797356399999997
485,143.0,42.384776310850235,0.9533333333333334,13.945661952032385,13.117434848417822,1.0631394105010141,1.0002904224098454,0.03135347394027633,0.02949140407230385,0.0007228182429467998,31.353473940276324,29.49140407230385,722.8182429467998,3.4533273599999994,2.2797356399999997
486,298.0,62.87005768508881,0.9675324675324676,22.029425533139605,17.429901846525418,1.2638869528419683,0.9474109729628888,0.049527876249136446,0.03918695112546923,0.0015062925622247997,49.52787624913644,39.18695112546923,1506.2925622247997,3.4533273599999994,2.2797356399999997
487,198.0,50.384776310850235,0.9658536585365853,17.396421986582148,14.595276222990009,1.1919213943467453,0.9801135304934548,0.039111679695553174,0.032813975721099516,0.0010008252594647998,39.11167969555317,32.81397572109951,1000.8252594647998,3.4533273599999994,2.2797356399999997
488,847.0,123.4558441227157,0.9506172839506173,51.15106131508294,21.82879270558153,2.3432840288049386,0.698344903121555,0.11500088511224836,0.04907680148825073,0.004281308054377199,115.00088511224835,49.07680148825072,4281.308054377199,3.4533273599999994,2.2797356399999997
489,533.0,88.04163056034261,0.9655797101449275,32.88379950137403,21.210260347008774,1.5503722709378032,0.8640938588145447,0.07393133106695916,0.04768617992776594,0.0026941407237107994,73.93133106695916,47.68617992776594,2694.1407237107996,3.4533273599999994,2.2797356399999997
490,121.0,38.970562748477136,0.952755905511811,13.340587017653744,11.568225187460646,1.15320948559285,1.0012023952590656,0.029993108168310204,0.02600837795996027,0.0006116154363395999,29.993108168310204,26.008377959960267,611.6154363395999,3.4533273599999994,2.2797356399999997
491,509.0,100.52691193458118,0.8385502471169687,37.766090085030044,20.032217961935547,1.8852675303749051,0.6329406122990449,0.08490798969456964,0.045037634355101205,0.0025728285710483996,84.90798969456964,45.03763435510121,2572.828571048399,3.4533273599999994,2.2797356399999997
492,210.0,52.62741699796952,0.963302752293578,18.882255824583922,14.364339427015537,1.314523088271736,0.952807240666353,0.04245222048017904,0.032294769760181946,0.0010614813357959997,42.452220480179044,32.29476976018195,1061.4813357959997,3.4533273599999994,2.2797356399999997
493,420.0,79.698484809835,0.9523809523809523,29.608816863332134,18.432079283686328,1.6063742135450771,0.8309196407678862,0.0665683186011551,0.04144010657034062,0.0021229626715919994,66.5683186011551,41.44010657034062,2122.9626715919994,3.4533273599999994,2.2797356399999997
494,174.0,45.79898987322333,0.9830508474576272,15.639841250110003,14.198243108954097,1.1015335580672487,1.04243098886639,0.03516242948897231,0.03192134205213713,0.0008795131068023998,35.16242948897231,31.921342052137135,879.5131068023998,3.4533273599999994,2.2797356399999997
495,246.0,57.21320343559643,0.9534883720930233,20.00593116853694,15.7173757997674,1.2728544143376024,0.9443923075038639,0.04497853480897485,0.03533674731558505,0.0012434495647895998,44.97853480897486,35.33674731558505,1243.4495647895997,3.4533273599999994,2.2797356399999997
496,494.0,96.76955262170047,0.8666666666666667,35.869448097839616,19.63226012561953,1.8270666682452432,0.6629172902130018,0.08064384538044889,0.04413842515002536,0.0024970084756343993,80.64384538044888,44.13842515002536,2497.0084756343995,3.4533273599999994,2.2797356399999997
497,177.0,48.14213562373095,0.9672131147540983,16.19897658347925,14.226791974322477,1.138624688736316,0.9596932193792672,0.036419511093573054,0.03198552732419025,0.0008946771258851998,36.41951109357306,31.985527324190247,894.6771258851998,3.4533273599999994,2.2797356399999997
498,245.0,56.72792206135785,0.9760956175298805,18.612936888213344,17.088655707995994,1.0891984253333702,0.9567141493264736,0.041846721488294526,0.03841974108205907,0.0012383948917619998,41.84672148829453,38.41974108205907,1238.3948917619998,3.4533273599999994,2.2797356399999997
499,104.0,36.14213562373095,0.9369369369369369,12.852363212261553,10.38590659105377,1.237481109577121,1.0004965163477828,0.028895454115599156,0.023350218352402547,0.0005256859948703998,28.895454115599154,23.350218352402546,525.6859948703999,3.4533273599999994,2.2797356399999997
500,131.0,39.55634918610404,0.9703703703703703,13.38068125004531,12.45590419149006,1.0742440728780704,1.05207997801417,0.030083250427226864,0.02800411115755944,0.0006621621666155999,30.083250427226865,28.00411115755944,662.1621666155999,3.4533273599999994,2.2797356399999997
501,99.0,34.14213562373095,0.9611650485436893,11.476684850372898,10.982674547165622,1.0449808742930262,1.0672439272162415,0.025802571481699368,0.02469190787741058,0.0005004126297323999,25.802571481699367,24.69190787741058,500.4126297323999,3.4533273599999994,2.2797356399999997
502,101.0,35.31370849898476,0.9439252336448598,11.81656024813202,10.917516041873172,1.0823487872892188,1.0177581347121052,0.026566699743465295,0.024545414616301775,0.0005105219757875999,26.566699743465293,24.545414616301777,510.5219757875999,3.4533273599999994,2.2797356399999997
503,209.0,52.38477631085024,0.954337899543379,18.437438049359734,14.538816808613694,1.2681525802317184,0.9570749791692508,0.04145215446885351,0.03268704027813382,0.0010564266627683997,41.45215446885351,32.68704027813382,1056.4266627683999,3.4533273599999994,2.2797356399999997
504,183.0,50.384776310850235,0.953125,18.551330474254456,12.976993082596147,1.4295553951657898,0.9058625054560718,0.04170821425204732,0.02917565446787761,0.0009250051640507998,41.70821425204732,29.17565446787761,925.0051640507997,3.4533273599999994,2.2797356399999997
505,804.0,114.62741699796952,0.9640287769784173,47.3078202683833,22.428151876747258,2.109305328783262,0.7689337094056883,0.10636027999659543,0.050424316738415784,0.004063957114190399,106.36027999659542,50.42431673841578,4063.9571141903994,3.4533273599999994,2.2797356399999997
506,175.0,54.384776310850235,0.9562841530054644,23.766110403435285,9.609353243643032,2.47322684480951,0.743520966277435,0.053432395375627405,0.02160432452355288,0.0008845677798299998,53.43239537562741,21.60432452355288,884.5677798299998,3.4533273599999994,2.2797356399999997
507,165.0,52.38477631085023,0.8823529411764706,21.109763173715926,10.666505324982596,1.9790702325225127,0.7555855098704614,0.04746023615293856,0.023981077261945368,0.0008340210495539998,47.46023615293856,23.98107726194537,834.0210495539998,3.4533273599999994,2.2797356399999997
508,414.0,83.79898987322332,0.9409090909090909,34.691241864688465,15.73052833159959,2.205344991178743,0.7408540134389525,0.07799493143470448,0.03536631762680209,0.0020926346334263993,77.99493143470448,35.366317626802086,2092.6346334263994,3.4533273599999994,2.2797356399999997
509,290.0,64.38477631085023,0.9602649006622517,25.16234523742675,14.81515346408663,1.6984194796512042,0.8791064764606592,0.056571494303497054,0.0333083169271674,0.0014658551780039996,56.571494303497055,33.308316927167404,1465.8551780039998,3.4533273599999994,2.2797356399999997
510,88.0,32.14213562373095,0.967032967032967,11.45843310118094,9.801320376035815,1.1690703559896642,1.070392549811525,0.02576153680406106,0.02203591654862628,0.0004448112264287999,25.76153680406106,22.03591654862628,444.8112264287999,3.4533273599999994,2.2797356399999997
511,162.0,45.79898987322333,0.9642857142857143,16.923206281826044,12.241355455858974,1.3824617986831054,0.9705391965307769,0.038047767755178215,0.027521749817189495,0.0008188570304711999,38.047767755178214,27.521749817189495,818.8570304711998,3.4533273599999994,2.2797356399999997
512,96.0,34.72792206135785,0.9411764705882353,12.308891600354931,9.96294558817492,1.2354671107472903,1.0002844114037333,0.027673588629413975,0.022399292048070143,0.00048524861064959987,27.673588629413974,22.39929204807014,485.24861064959987,3.4533273599999994,2.2797356399999997
513,132.0,40.62741699796952,0.9565217391304348,13.86416667887502,12.266617889212544,1.1302354735503244,1.00495212255364,0.03117025137744755,0.02757854633560099,0.0006672168396431999,31.170251377447546,27.57854633560099,667.2168396431998,3.4533273599999994,2.2797356399999997
514,213.0,52.62741699796952,0.9594594594594594,18.607953224911792,14.61454841741212,1.2732485940339995,0.9664187726758723,0.04183551691744018,0.03285730462493097,0.0010766453548787997,41.83551691744018,32.85730462493097,1076.6453548787997,3.4533273599999994,2.2797356399999997
515,602.0,92.76955262170047,0.9616613418530351,33.957413517934725,22.987013556380983,1.477243376337091,0.879013268745457,0.07634509451583192,0.0516807830982691,0.0030429131626151995,76.34509451583192,51.6807830982691,3042.9131626151993,3.4533273599999994,2.2797356399999997
516,204.0,54.384776310850235,0.9230769230769231,20.461850110770353,13.050066350754404,1.5679498908898255,0.8667330121176958,0.04600355913004055,0.029339942173747094,0.0010311532976303999,46.00355913004055,29.339942173747094,1031.1532976303997,3.4533273599999994,2.2797356399999997
517,87.0,41.798989873223334,0.8130841121495327,16.894285926759398,7.6169310506699315,2.217991184950203,0.6257452238195454,0.03798274727769608,0.017124841403979178,0.0004397565534011999,37.98274727769608,17.12484140397918,439.7565534011999,3.4533273599999994,2.2797356399999997
518,125.0,39.798989873223334,0.9398496240601504,14.102373260726889,11.325027700413598,1.2452396262317187,0.991689643993332,0.031705801707161835,0.025461606777731873,0.0006318341284499998,31.705801707161832,25.461606777731873,631.8341284499999,3.4533273599999994,2.2797356399999997
519,333.0,70.04163056034261,0.943342776203966,26.091143654113303,16.650126179819512,1.5670237794195583,0.8529854081222394,0.05865967463179677,0.037433812685041014,0.0016832061181907996,58.65967463179677,37.43381268504101,1683.2061181907995,3.4533273599999994,2.2797356399999997
520,113.0,40.38477631085023,0.9186991869918699,16.068712581775067,9.163387573888224,1.7535777519183076,0.87066872406406,0.03612664374910161,0.020601677746869936,0.0005711780521187999,36.12664374910161,20.601677746869935,571.1780521187999,3.4533273599999994,2.2797356399999997
521,109.0,38.384776310850235,0.9316239316239316,14.576180655524055,9.688450567912154,1.5044903778319219,0.9296475600977614,0.03277104392058851,0.021782155873814178,0.0005509593600083999,32.77104392058851,21.782155873814176,550.9593600083999,3.4533273599999994,2.2797356399999997
522,165.0,46.14213562373095,0.9593023255813954,15.408491202615135,13.77742648629585,1.1183867479127307,0.9738642546980815,0.0346422944311915,0.030975236872079506,0.0008340210495539998,34.6422944311915,30.975236872079503,834.0210495539998,3.4533273599999994,2.2797356399999997
523,133.0,40.14213562373095,0.9708029197080292,14.035187687765447,12.100886328026741,1.1598479076081138,1.0371953407493648,0.03155475107089554,0.027205938695849398,0.0006722715126707998,31.554751070895538,27.205938695849397,672.2715126707999,3.4533273599999994,2.2797356399999997
524,345.0,73.11269837220809,0.9452054794520548,28.311218450465763,15.861974531627,1.7848483109096138,0.8110419791310558,0.06365097999344414,0.03566184286047572,0.0017438621945219995,63.650979993444146,35.661842860475716,1743.8621945219995,3.4533273599999994,2.2797356399999997
525,93.0,34.384776310850235,0.9207920792079208,12.055889269305284,9.83284808604265,1.2260831413045175,0.9884629733114125,0.027104773608608294,0.02210679903792625,0.0004700845915667999,27.104773608608294,22.106799037926248,470.0845915667999,3.4533273599999994,2.2797356399999997
526,189.0,49.798989873223334,0.9642857142857143,18.2226774004693,13.312252827136133,1.3688650326204441,0.9577024557127254,0.040969316692379104,0.02992940554113708,0.0009553332022163998,40.9693166923791,29.92940554113708,955.3332022163997,3.4533273599999994,2.2797356399999997
527,160.0,54.66295090390226,0.8465608465608465,19.180033142951398,12.2505644210904,1.565644853875575,0.6728894219869885,0.0431217013139719,0.027542453965360703,0.0008087476844159999,43.121701313971904,27.5424539653607,808.7476844159999,3.4533273599999994,2.2797356399999997
528,75.0,32.72792206135785,0.974025974025974,13.91410856841516,7.049417980051044,1.9737953697440438,0.8799019150154578,0.03128253373002507,0.015848924467829557,0.00037910047706999993,31.282533730025065,15.848924467829558,379.1004770699999,3.4533273599999994,2.2797356399999997
529,187.0,56.04163056034261,0.9166666666666666,22.254430286524915,11.080937420199506,2.00835267293877,0.7482210891142024,0.0500337454359825,0.02491282836433774,0.0009452238561611998,50.033745435982496,24.912828364337738,945.2238561611998,3.4533273599999994,2.2797356399999997
530,155.0,45.21320343559643,0.9337349397590361,15.258094360036463,12.983699249383992,1.1751731203077873,0.9528203078637303,0.03430416322589557,0.029190731674420052,0.0007834743192779998,34.30416322589557,29.19073167442005,783.4743192779998,3.4533273599999994,2.2797356399999997
531,142.0,45.31370849898476,0.9659863945578231,19.155105545874033,9.527979207843849,2.010405892794635,0.8690384568156306,0.04306565759456675,0.02142137453382701,0.0007177635699191999,43.065657594566744,21.42137453382701,717.7635699191999,3.4533273599999994,2.2797356399999997
532,79.0,30.727922061357855,0.9404761904761905,11.245320809516853,8.930039865425085,1.2592688251097248,1.0514062881915835,0.025282404963204358,0.0200770514278406,0.0003993191691803999,25.282404963204357,20.0770514278406,399.3191691803999,3.4533273599999994,2.2797356399999997
533,121.0,38.14213562373095,0.983739837398374,13.562068342344821,11.420749924288316,1.1874936788084818,1.0451658769021421,0.030491055771360163,0.025676815224780446,0.0006116154363395999,30.491055771360163,25.676815224780444,611.6154363395999,3.4533273599999994,2.2797356399999997
534,73.0,29.31370849898476,0.9733333333333334,11.143126988932435,8.335950305911934,1.3367554483895645,1.0675572996675682,0.025052646684137234,0.018741383634769564,0.0003689911310147999,25.052646684137233,18.741383634769562,368.9911310147999,3.4533273599999994,2.2797356399999997
535,916.0,121.55634918610406,0.9817792068595927,50.016228343285,24.155405060600348,2.070601930201783,0.7790225723189343,0.11244948553507392,0.054307630981545334,0.004630080493281599,112.44948553507392,54.30763098154533,4630.080493281599,3.4533273599999994,2.2797356399999997
536,103.0,36.384776310850235,0.9537037037037037,14.238943573665084,9.196238391021424,1.5483443303913274,0.9777046262807181,0.03201284727892826,0.020675534924997824,0.0005206313218427999,32.012847278928255,20.675534924997823,520.6313218427999,3.4533273599999994,2.2797356399999997
537,91.0,33.31370849898476,0.9578947368421052,11.882020940577451,9.778740266304233,1.215087078396053,1.0303986803634004,0.026713872399862656,0.021985150591121154,0.00045997524551159993,26.71387239986266,21.98515059112115,459.9752455115999,3.4533273599999994,2.2797356399999997
538,147.0,43.21320343559643,0.9607843137254902,15.629632315367703,11.976106248449845,1.3050679403742564,0.9892231572551514,0.035139477149348584,0.026925400634139847,0.0007430369350571998,35.139477149348586,26.925400634139844,743.0369350571998,3.4533273599999994,2.2797356399999997
539,576.0,92.62741699796952,0.9746192893401016,36.28815357914859,20.62282799303535,1.7596109317016884,0.8436323801836813,0.0815852041658566,0.04636547926362165,0.002911491663897599,81.5852041658566,46.36547926362165,2911.491663897599,3.4533273599999994,2.2797356399999997
540,94.0,32.72792206135786,0.9894736842105263,11.536979665473574,10.349831623720883,1.1147021598913605,1.1028104001527068,0.025938129902697615,0.02326911244634671,0.0004751392645943999,25.938129902697614,23.26911244634671,475.1392645943999,3.4533273599999994,2.2797356399999997
541,199.0,51.798989873223334,0.943127962085308,18.48160676759158,13.947481095664934,1.3250856295002194,0.9320095426790274,0.04155145723130544,0.03135756384813964,0.0010058799324923998,41.551457231305434,31.35756384813964,1005.8799324923998,3.4533273599999994,2.2797356399999997
542,691.0,105.4558441227157,0.9517906336088154,43.19139049260281,21.06410783698742,2.050473289771195,0.780812229183862,0.09710547558889918,0.047357591085585335,0.0034927790620715993,97.10547558889917,47.357591085585334,3492.779062071599,3.4533273599999994,2.2797356399999997
543,326.0,71.21320343559643,0.9532163742690059,28.81663331132158,14.764277652205747,1.951780777234059,0.8078047811520409,0.06478728400851184,0.03319393487434809,0.0016478234069975996,64.78728400851185,33.19393487434809,1647.8234069975997,3.4533273599999994,2.2797356399999997
544,243.0,56.97056274847714,0.972,20.394179837872954,15.348871920181303,1.3287087118798537,0.9408385823425324,0.045851418762296245,0.034508254783266815,0.0012282855457067998,45.85141876229624,34.508254783266814,1228.2855457067997,3.4533273599999994,2.2797356399999997
545,94.0,34.384776310850235,0.9591836734693877,13.179393578634173,9.086990164033407,1.450358517036656,0.9990916074330408,0.029630703407100063,0.020429916506189746,0.0004751392645943999,29.63070340710006,20.429916506189745,475.1392645943999,3.4533273599999994,2.2797356399999997
546,107.0,36.14213562373095,0.963963963963964,13.107641103956814,10.423608736391282,1.2574955023201264,1.0293569927808919,0.029469385188381943,0.02343498257767906,0.0005408500139531999,29.469385188381942,23.43498257767906,540.8500139531999,3.4533273599999994,2.2797356399999997
548,238.0,54.970562748477136,0.9754098360655737,18.049998034408272,16.921214651570658,1.0667081770476117,0.9897521529533527,0.04058108858083874,0.03804329005254024,0.0012030121805687998,40.58108858083874,38.04329005254024,1203.0121805687997,3.4533273599999994,2.2797356399999997
549,126.0,39.55634918610404,0.9618320610687023,14.529727542917135,11.08260029823186,1.3110395712128349,1.0119242536624842,0.03266660524563887,0.02491656694650276,0.0006368888014775998,32.66660524563887,24.91656694650276,636.8888014775998,3.4533273599999994,2.2797356399999997
550,88.0,34.384776310850235,0.8979591836734694,12.399679771126674,9.093409170044117,1.3635897757657502,0.9353198027032721,0.027877704042233255,0.020444348100643384,0.0004448112264287999,27.877704042233255,20.444348100643385,444.8112264287999,3.4533273599999994,2.2797356399999997
551,76.0,30.142135623730947,0.9382716049382716,10.836419656899187,8.922953571117091,1.2144431292319886,1.0511759525464381,0.024363088857820164,0.02006111959579971,0.00038415515009759994,24.363088857820163,20.06111959579971,384.1551500975999,3.4533273599999994,2.2797356399999997
