label,area,perimeter,solidity,major_axis_length,minor_axis_length,aspect_ratio,circularity,length_um,width_um,area_um2,length_nm,width_nm,area_nm2,scan_width,scan_height
1,109.0,36.97056274847714,0.956140350877193,13.726307256910586,10.118907721807398,1.3565008827315257,1.0021304061097105,0.0308603075534217,0.0227499354746306,0.0005509593600083,30.860307553421787,22.749935474630696,550.9593600083999,3.4533273599999994,2.27973564
2,114.0,39.21320343559643,0.926829268292683,14.014648812818628,10.614059315686006,1.32038538658881,0.9316441695943486,0.0315085743399076,0.0238631649970842,0.0005762327251463,31.508574339907604,23.86316499708422,576.2327251463998,3.4533273599999994,2.27973564
3,102.0,35.798989873223334,0.9532710280373832,13.360532173475132,9.745779837435656,1.3709043705414343,1.0001577183361308,0.0300379500643371,0.021911046977313,0.0005155766488151,30.037950064337195,21.911046977313084,515.5766488151999,3.4533273599999994,2.27973564
4,182.0,53.31370849898475,0.9837837837837838,23.692135624352584,9.92333562903644,2.3875173137374874,0.8046434231012534,0.0532660808388069,0.0223102385613374,0.0009199504910231,53.266080838806936,22.310238561337464,919.9504910231998,3.4533273599999994,2.27973564
5,177.0,47.55634918610404,0.9672131147540984,17.10499628744217,13.388382298812584,1.2775999299750511,0.9834813210514738,0.0384564789532047,0.0301005643871283,0.0008946771258851,38.45647895320473,30.100564387128376,894.6771258851998,3.4533273599999994,2.27973564
6,235.0,58.62741699796952,0.951417004048583,22.91041273914515,13.279581476220626,1.72523605357369,0.8591642651434196,0.0515085645449104,0.0298559518497277,0.0011878481614859,51.50856454491047,29.85595184972778,1187.8481614859998,3.4533273599999994,2.27973564
7,76.0,29.31370849898476,0.987012987012987,10.671925068722803,9.054729795585072,1.1786022675051275,1.1114295174621258,0.0239932622550067,0.020357386810222,0.0003841551500975,23.99326225500673,20.35738681022209,384.1551500975999,3.4533273599999994,2.27973564
8,204.0,52.14213562373095,0.966824644549763,19.58582237465106,13.489324762734542,1.451949798759285,0.9428929784076296,0.0440340210120329,0.0303275092910655,0.0010311532976303,44.03402101203299,30.32750929106556,1031.1532976303995,3.4533273599999994,2.27973564
9,311.0,64.62741699796952,0.9569230769230768,21.94469146556064,18.28348353713007,1.2002467374991963,0.935700056964954,0.0493373720343613,0.041106024697188,0.0015720033115835,49.33737203436135,41.10602469718805,1572.0033115835995,3.4533273599999994,2.27973564
10,281.0,64.38477631085024,0.9656357388316152,26.00113559432563,14.115659677229802,1.8420064091137365,0.8518238616739486,0.0584573131112985,0.0317356730259286,0.0014203631207555,58.45731311129853,31.73567302592867,1420.3631207555998,3.4533273599999994,2.27973564
11,138.0,41.21320343559643,0.965034965034965,14.240319949672983,12.450789188442862,1.143728299800563,1.0209775785120343,0.0320159417300517,0.0279926113008085,0.0006975448778087,32.01594173005178,27.992611300808544,697.5448778087998,3.4533273599999994,2.27973564
12,120.0,38.14213562373095,0.9836065573770492,13.894668126825962,11.036272412208652,1.2590001050948387,1.0365281423822896,0.0312388265628177,0.0248124098134722,0.0006065607633119,31.23882656281773,24.812409813472215,606.5607633119998,3.4533273599999994,2.27973564
13,199.0,52.970562748477136,0.9521531100478468,21.4165589052718,11.92848516154102,1.7954131321151787,0.8912381465685763,0.0481499927243663,0.0268183360492862,0.0010058799324923,48.14999272436636,26.81833604928621,1005.8799324923998,3.4533273599999994,2.27973564
14,664.0,114.6274169979695,0.9273743016759776,51.14288879519806,17.27142486468156,2.9611273647596077,0.6350397799071856,0.1149825111626919,0.0388306536662689,0.0033563028903263,114.98251116269198,38.83065366626896,3356.3028903263994,3.4533273599999994,2.27973564
15,105.0,35.55634918610404,0.9545454545454546,12.073876821032432,11.111767867079068,1.0865846880048504,1.0436739361595004,0.0271452143016543,0.0249821432248391,0.0005307406678979,27.14521430165437,24.982143224839184,530.7406678979999,3.4533273599999994,2.27973564
16,450.0,83.79898987322332,0.9453781512605042,32.69064078086717,18.18401659857612,1.7977678695820691,0.8052761015640788,0.0734970600419924,0.0408823971579147,0.0022746028624199,73.49706004199241,40.88239715791474,2274.6028624199994,3.4533273599999994,2.27973564
17,219.0,60.38477631085024,0.935897435897436,25.916412150250384,11.0184367167522,2.3520952033828557,0.754742932935567,0.0582668327809219,0.0247723105328053,0.0011069733930443,58.26683278092192,24.7723105328053,1106.9733930443997,3.4533273599999994,2.27973564
18,257.0,57.79898987322333,0.9625468164794008,19.27849029267765,17.170803821752887,1.1227482704248612,0.966723977172296,0.0433430585854154,0.0386044314002941,0.0012990509680931,43.343058585415456,38.60443140029414,1299.0509680931998,3.4533273599999994,2.27973564
19,111.0,36.72792206135785,0.9823008849557522,13.87447671962896,10.23563741259272,1.355506859060818,1.0340466369389885,0.031193431029673,0.0230123741692357,0.0005610687060635,31.193431029673,23.01237416923571,561.0687060635998,3.4533273599999994,2.27973564
20,119.0,40.14213562373095,0.952,15.753938661263632,9.75157056795965,1.6155283450468714,0.928016883828379,0.0354189501345725,0.0219240660451209,0.0006015060902843,35.41895013457257,21.92406604512096,601.5060902843999,3.4533273599999994,2.27973564
21,71.0,29.556349186104043,0.9342105263157896,11.15925110908266,8.129016811851569,1.372767625823237,1.0213312848548906,0.0250888978985061,0.0182761433374134,0.0003588817849595,25.088897898506172,18.276143337413405,358.88178495959994,3.4533273599999994,2.27973564
22,223.0,54.38477631085024,0.9653679653679652,19.244064038000477,14.909194117738446,1.2907514575254304,0.947458145599246,0.0432656594140749,0.0335197447671466,0.0011271920851547,43.26565941407494,33.51974476714663,1127.1920851547998,3.4533273599999994,2.27973564
23,819.0,107.21320343559644,0.9808383233532936,37.908437181033854,28.210347869107924,1.343777728545699,0.895359035616392,0.0852280229766311,0.0634241967002005,0.0041397772096043,85.22802297663117,63.424196700200575,4139.777209604399,3.4533273599999994,2.27973564
24,76.0,30.14213562373095,0.9620253164556962,10.33365594443275,9.394820181080211,1.099931211588617,1.051175952546438,0.0232327453136303,0.0211219984203153,0.0003841551500975,23.23274531363037,21.1219984203154,384.1551500975999,3.4533273599999994,2.27973564
25,248.0,58.8700576850888,0.9575289575289576,21.77173815040944,14.681043601156537,1.4829830046069965,0.8992337990029823,0.0489485280140395,0.0330068030867361,0.0012535589108447,48.948528014039525,33.00680308673619,1253.5589108447998,3.4533273599999994,2.27973564
26,232.0,56.14213562373095,0.9830508474576272,21.26504164149382,14.104833898370966,1.5076421172141432,0.9249536934520636,0.0478093425209048,0.0317113338603515,0.0011726841424031,47.80934252090489,31.711333860351505,1172.6841424031998,3.4533273599999994,2.27973564
27,340.0,70.42640687119285,0.9392265193370166,25.47913238438185,17.294621035032026,1.473240282789155,0.8614254892654145,0.0572837141745103,0.0388828046882211,0.0017185888293839,57.28371417451034,38.8828046882211,1718.5888293839996,3.4533273599999994,2.27973564
28,154.0,45.55634918610404,0.9447852760736196,17.229082866475835,11.564159927401764,1.4898689549986937,0.932465470266474,0.0387354578453829,0.0259992381983802,0.0007784196462503,38.73545784538295,25.999238198380286,778.4196462503999,3.4533273599999994,2.27973564
29,119.0,42.38477631085024,0.9444444444444444,18.09233730186129,8.58822737449422,2.106643957237658,0.832409512355046,0.0406762782622826,0.0193085680769803,0.0006015060902843,40.67627826228266,19.30856807698037,601.5060902843999,3.4533273599999994,2.27973564
30,528.0,98.5269119345812,0.9328621908127208,41.54553418179274,16.640452360044797,2.49665894188954,0.6834929576295344,0.0934051626795573,0.0374120634229943,0.0026688673585727,93.40516267955734,37.41206342299431,2668.8673585727997,3.4533273599999994,2.27973564
31,354.0,73.79898987322332,0.9725274725274724,30.100287706964316,15.326468545618752,1.963941505335802,0.8167935341703318,0.0676732728400595,0.0344578861723728,0.0017893542517703,67.67327284005958,34.45788617237281,1789.3542517703995,3.4533273599999994,2.27973564
32,307.0,64.38477631085024,0.956386292834891,21.788969664924327,18.332693277784195,1.1885307485795606,0.9306403043911112,0.0489872689388627,0.041216660988711,0.0015517846194731,48.98726893886276,41.21666098871109,1551.7846194731997,3.4533273599999994,2.27973564
33,184.0,49.21320343559643,0.9583333333333334,17.888428039560974,13.198620199312428,1.355325615058827,0.9546944900041954,0.0402178372242233,0.0296739298493061,0.0009300598370783,40.21783722422335,29.673929849306155,930.0598370783998,3.4533273599999994,2.27973564
34,212.0,54.970562748477136,0.9636363636363636,21.668209017944537,12.626896774562244,1.7160359670949905,0.8816279681769361,0.0487157676066839,0.0283885469423773,0.0010715906818511,48.71576760668398,28.388546942377307,1071.5906818512,3.4533273599999994,2.27973564
35,87.0,32.384776310850235,0.9456521739130436,11.320722612539472,9.802585272726716,1.1548711179321849,1.04243098886639,0.0254519278208679,0.0220387603652605,0.0004397565534011,25.45192782086799,22.03876036526056,439.7565534011999,3.4533273599999994,2.27973564
36,134.0,42.72792206135786,0.9571428571428572,17.051505422246578,10.158841224075807,1.6784892140882757,0.922340155712112,0.03833621758062,0.0228397163704406,0.0006773261856983,38.33621758062009,22.839716370440676,677.3261856983999,3.4533273599999994,2.27973564
37,201.0,51.79898987322333,0.9710144927536232,19.24968586914341,13.535777515796669,1.4221337375469147,0.9413764727562036,0.0432782987521603,0.030431947157665,0.0010159892785475,43.278298752160346,30.43194715766501,1015.9892785475998,3.4533273599999994,2.27973564
38,81.0,30.72792206135785,0.9759036144578314,11.30446510962368,9.128957220191364,1.238308476746998,1.0780241689052947,0.0254153767273625,0.0205242693598674,0.0004094285152355,25.41537672736253,20.52426935986744,409.4285152355999,3.4533273599999994,2.27973564
39,168.0,45.21320343559643,0.9767441860465116,15.520923121893102,13.76833075717031,1.1272915646517332,1.0327342691684305,0.0348950706180273,0.0309547873081157,0.0008491850686367,34.89507061802738,30.95478730811572,849.1850686367998,3.4533273599999994,2.27973564
40,625.0,110.62741699796952,0.9342301943198804,50.408485633146064,16.367497475573558,3.0797918685110184,0.6417477234724821,0.1133313819095769,0.036798389874433,0.0031591706422499,113.33138190957696,36.798389874433,3159.170642249999,3.4533273599999994,2.27973564
41,124.0,38.38477631085024,0.9763779527559056,13.126565105652457,12.063793762853612,1.0880959475676126,1.0575807105699304,0.0295119312644341,0.0271225449652732,0.0006267794554223,29.51193126443419,27.122544965273256,626.7794554223999,3.4533273599999994,2.27973564
42,211.0,52.62741699796952,0.9590909090909092,18.223191216457472,14.853870806634143,1.2268311373974317,0.9573444180028594,0.0409704718843126,0.0333953635797232,0.0010665360088235,40.97047188431267,33.39536357972328,1066.5360088235998,3.4533273599999994,2.27973564
43,524.0,86.04163056034261,0.966789667896679,27.04308072735388,25.415407193656957,1.0640427879551404,0.8894548077413543,0.0607998766760806,0.0571404433772111,0.0026486486664623,60.79987667608062,57.14044337721118,2648.6486664623994,3.4533273599999994,2.27973564
44,137.0,41.79898987322333,0.9716312056737588,15.441658433026404,11.456025359366656,1.3479071448110074,0.985368915669859,0.0347168629886359,0.0257561235744496,0.0006924902047811,34.71686298863594,25.756123574449678,692.4902047811999,3.4533273599999994,2.27973564
45,95.0,33.55634918610404,0.9693877551020408,12.2506965795529,9.900535314856311,1.23737719122824,1.0601908685338757,0.0275427510919456,0.0222589775269788,0.0004801939376219,27.5427510919456,22.258977526978853,480.1939376219999,3.4533273599999994,2.27973564
46,436.0,81.79898987322332,0.956140350877193,31.994600173249744,17.90433808885795,1.7869747551941226,0.8188426818194838,0.0719321797855104,0.0402536071516557,0.0022038374400335,71.93217978551046,40.25360715165577,2203.8374400336,3.4533273599999994,2.27973564
47,246.0,57.55634918610404,0.9723320158102768,21.792635309688883,14.652813633427584,1.4872662585411696,0.9331651122092404,0.0489955102613611,0.0329433347794898,0.0012434495647895,48.99551026136112,32.943334779489895,1243.4495647895997,3.4533273599999994,2.27973564
48,106.0,36.38477631085024,0.9464285714285714,12.626502575800398,10.691524949894363,1.1809823794991146,1.0061814600558847,0.028387660681069,0.0240373278838495,0.0005357953409255,28.387660681069,24.037327883849503,535.7953409255999,3.4533273599999994,2.27973564
49,118.0,37.55634918610404,0.9672131147540984,12.721591420486815,11.845976362054634,1.0739166643314413,1.051296296948965,0.0286014451270236,0.0266328348157529,0.0005964514172567,28.601445127023684,26.632834815752947,596.4514172567999,3.4533273599999994,2.27973564
50,221.0,54.38477631085024,0.9608695652173912,19.451715275898167,14.600292402120202,1.3322825831264489,0.938960763127504,0.0437325133861908,0.0328252533959907,0.0011170827390995,43.7325133861908,32.82525339599076,1117.0827390995998,3.4533273599999994,2.27973564
51,388.0,76.04163056034261,0.9603960396039604,30.64066172130341,16.414582208343482,1.8666732623708728,0.843215823720891,0.0688881741215376,0.0369042485957303,0.0019612131347087,68.88817412153759,36.90424859573032,1961.2131347087995,3.4533273599999994,2.27973564
52,863.0,114.62741699796952,0.967488789237668,44.77360263098566,25.268800680181943,1.7718926670746635,0.8253604368372001,0.1006626998511398,0.0568108338172258,0.0043621828228187,100.6626998511398,56.81083381722585,4362.182822818799,3.4533273599999994,2.27973564
53,267.0,58.970562748477136,0.978021978021978,21.0195227417209,16.40693551785464,1.2811364266560727,0.9648295161154816,0.0472573521993014,0.0368870568473718,0.0013495976983691,47.25735219930142,36.88705684737187,1349.5976983691996,3.4533273599999994,2.27973564
54,367.0,73.4558441227157,0.9532467532467532,27.90125637141219,17.249132556798312,1.6175454782748258,0.8547187291815512,0.0627292786495911,0.0387805347621473,0.0018550650011291,62.729278649591166,38.78053476214737,1855.0650011292,3.4533273599999994,2.27973564
55,96.0,34.384776310850235,0.96,12.055730372374027,10.31204075986237,1.169092583429134,1.0203488756762968,0.0271044163669936,0.0231841487587681,0.0004852486106495,27.104416366993625,23.18414875876817,485.2486106495999,3.4533273599999994,2.27973564
56,249.0,61.21320343559643,0.946768060836502,25.005175973489475,12.84008510080599,1.9474307044834045,0.8350625273442422,0.0562181369341574,0.028867849728738,0.0012586135838723,56.21813693415744,28.86784972873807,1258.6135838723997,3.4533273599999994,2.27973564
57,147.0,43.55634918610404,0.9671052631578948,16.671882411332803,11.25961626180008,1.4806794497868137,0.9736979532359776,0.037482726350103,0.0253145448567546,0.0007430369350571,37.48272635010308,25.314544856754644,743.0369350571998,3.4533273599999994,2.27973564
58,438.0,82.62741699796952,0.9460043196544276,33.64464339528462,16.971647038186276,1.9824029641662964,0.8061866856451512,0.0756419059598825,0.0381566751700726,0.0022139467860887,75.64190595988258,38.156675170072674,2213.9467860887994,3.4533273599999994,2.27973564
59,187.0,52.38477631085024,0.9444444444444444,21.32482893609861,11.241391771199773,1.896991882333681,0.8563302445198561,0.047943759903873,0.0252735714635175,0.0009452238561611,47.94375990387306,25.2735714635176,945.2238561611998,3.4533273599999994,2.27973564
60,144.0,41.79898987322333,0.972972972972973,14.137292616787638,12.99657174875006,1.0877709052887188,1.0357162325289029,0.0317843094986189,0.0292196723998448,0.0007278729159743,31.78430949861897,29.219672399844804,727.8729159743998,3.4533273599999994,2.27973564
61,96.0,34.970562748477136,0.9504950495049505,13.286865169900024,9.212433781532429,1.4422752428935062,0.9864517666782944,0.0298723274868794,0.020711946373668,0.0004852486106495,29.872327486879424,20.71194637366809,485.2486106495999,3.4533273599999994,2.27973564
62,630.0,100.0416305603426,0.9487951807228916,38.26062937651069,21.759912077049307,1.7583080869552354,0.7910225973328078,0.0860198426020339,0.0489219399263468,0.0031844440073879,86.01984260203392,48.92193992634687,3184.444007387999,3.4533273599999994,2.27973564
63,166.0,47.21320343559643,0.9485714285714286,15.729655128068655,13.901701098555302,1.1314913920644805,0.9358171826802828,0.0353643544382316,0.0312546385118379,0.0008390757225815,35.36435443823164,31.25463851183794,839.0757225815998,3.4533273599999994,2.27973564
64,177.0,47.21320343559643,0.9672131147540984,16.76021158162038,13.525854290100522,1.2391240672973285,0.9978291646651208,0.0376813132904938,0.0304096371662613,0.0008946771258851,37.68131329049383,30.409637166261398,894.6771258851998,3.4533273599999994,2.27973564
65,279.0,62.38477631085024,0.9653979238754326,24.04888296647668,14.992516319275865,1.6040591488672953,0.900859002460515,0.0540681416182108,0.0337070747399751,0.0014102537747003,54.06814161821085,33.70707473997515,1410.2537747003996,3.4533273599999994,2.27973564
66,107.0,35.55634918610404,0.9727272727272728,12.129809735931188,11.238458537023996,1.0793125850819063,1.0635534397053956,0.0272709660369046,0.0252669767904495,0.0005408500139531,27.27096603690465,25.26697679044956,540.8500139531999,3.4533273599999994,2.27973564
67,82.0,30.970562748477143,0.9761904761904762,11.264614156338029,9.295829905479817,1.2117921983165407,1.0742998693442376,0.0253257814231285,0.020899442543294,0.0004144831882631,25.32578142312853,20.89944254329405,414.4831882631999,3.4533273599999994,2.27973564
68,116.0,37.55634918610404,0.9747899159663864,13.644981172497626,10.83861644856892,1.2589227820031628,1.0334777156447452,0.0306774653708795,0.0243680278166595,0.0005863420712015,30.67746537087951,24.36802781665956,586.3420712015999,3.4533273599999994,2.27973564
69,82.0,30.72792206135785,0.9761904761904762,11.09810152464557,9.388147742736,1.1821396327334786,1.09133310926215,0.0249514177337996,0.0211069970440836,0.0004144831882631,24.951417733799644,21.106997044083634,414.4831882631999,3.4533273599999994,2.27973564
70,75.0,30.14213562373095,0.9493670886075948,11.412270673934664,8.366456189807122,1.364050730085489,1.0373446900129322,0.0256577516653803,0.0188099687932957,0.0003791004770699,25.657751665380346,18.80996879329576,379.1004770699999,3.4533273599999994,2.27973564
72,75.0,30.14213562373095,0.986842105263158,12.336624958510944,7.735151809882834,1.5948781952474451,1.0373446900129322,0.0277359404292218,0.0173906324080871,0.0003791004770699,27.735940429221813,17.39063240808718,379.1004770699999,3.4533273599999994,2.27973564
73,85.0,31.556349186104043,0.9659090909090908,11.726508755037768,9.214303385589734,1.27264192031889,1.0726431991352996,0.0263642405736012,0.0207161497296859,0.0004296472073459,26.364240573601208,20.71614972968597,429.6472073459999,3.4533273599999994,2.27973564
74,98.0,33.55634918610404,0.98989898989899,12.179683218097162,10.21404443053378,1.192444706984759,1.0936705801717872,0.0273830945919191,0.0229638275313918,0.0004953579567047,27.38309459191912,22.96382753139187,495.3579567047999,3.4533273599999994,2.27973564
75,393.0,77.21320343559643,0.9562043795620438,31.933091906369548,16.09210306358071,1.9843951893795544,0.8283602920685281,0.0717938932094143,0.0361792316337259,0.0019864864998467,71.79389320941439,36.17923163372596,1986.4864998468,3.4533273599999994,2.27973564
76,132.0,40.38477631085024,0.9705882352941176,14.331364584909592,11.775776921308546,1.2170207265880395,1.0170643502341228,0.0322206337416688,0.0264750082211011,0.0006672168396431,32.22063374166884,26.47500822110115,667.2168396431998,3.4533273599999994,2.27973564
77,70.0,28.72792206135785,0.958904109589041,11.10059451954257,8.000182733018107,1.3875426212114554,1.0658583117993152,0.0249570226345067,0.0179864908313352,0.0003538271119319,24.95702263450677,17.98649083133529,353.8271119319999,3.4533273599999994,2.27973564
78,209.0,52.38477631085023,0.972093023255814,20.14896472692357,13.296947340786309,1.5153075522168735,0.9570749791692512,0.0453001114369531,0.0298949948283962,0.0010564266627683,45.30011143695318,29.89499482839622,1056.4266627684,3.4533273599999994,2.27973564
79,135.0,40.970562748477136,0.9574468085106383,14.54900912109906,11.884047542597813,1.224246963751097,1.0106476583487138,0.0327099552466021,0.0267184287281209,0.0006823808587259,32.70995524660217,26.71842872812095,682.3808587259998,3.4533273599999994,2.27973564
80,274.0,61.55634918610404,0.9891696750902528,24.703281425687084,14.298333111512198,1.727703588455176,0.9086878427223282,0.0555393994981152,0.0321463704012884,0.0013849804095623,55.53939949811524,32.14637040128841,1384.9804095623997,3.4533273599999994,2.27973564
81,137.0,40.97056274847714,0.958041958041958,13.371470010143412,13.048216362599844,1.0247737804586157,1.0256202162501755,0.030062541165005,0.0293357829193787,0.0006924902047811,30.062541165005022,29.33578291937873,692.4902047811999,3.4533273599999994,2.27973564
82,303.0,65.79898987322333,0.9588607594936708,25.11971014960957,15.713372766049927,1.598619884069882,0.879455844753653,0.0564756395409612,0.0353277474549994,0.0015315659273627,56.47563954096121,35.327747454999404,1531.5659273627996,3.4533273599999994,2.27973564
83,104.0,36.14213562373095,0.9454545454545454,12.866380633132046,10.311668621440187,1.2477496228282647,1.0004965163477828,0.0289269689222454,0.0231833120948391,0.0005256859948703,28.92696892224545,23.183312094839117,525.6859948703999,3.4533273599999994,2.27973564
84,216.0,56.62741699796952,0.9152542372881356,21.412377346609503,13.308122268535028,1.6089705906321372,0.846467154487077,0.0481405914932882,0.0299201189714565,0.0010918093739615,48.14059149328828,29.92011897145656,1091.8093739615997,3.4533273599999994,2.27973564
85,98.0,33.55634918610404,0.98,11.629716779433878,10.698082986770888,1.0870841807653795,1.0936705801717872,0.02614662704653,0.0240520720558375,0.0004953579567047,26.146627046530007,24.052072055837517,495.3579567047999,3.4533273599999994,2.27973564
86,87.0,31.556349186104047,0.9886363636363636,11.020922064260317,10.068806659798549,1.0945608984889197,1.0978818626443652,0.0247778982401938,0.0226372952609586,0.0004397565534011,24.777898240193892,22.63729526095868,439.7565534011999,3.4533273599999994,2.27973564
87,157.0,44.38477631085024,0.9691358024691358,15.378311144488803,13.191809392063885,1.1657469182158064,1.0014780740717824,0.0345744418137083,0.0296586173838015,0.0007935836653331,34.57444181370839,29.65861738380154,793.5836653331999,3.4533273599999994,2.27973564
88,161.0,47.79898987322333,0.9470588235294116,18.91613396114402,10.988756550597833,1.721408047766324,0.885519853029349,0.0425283873394816,0.024705581802447,0.0008138023574435,42.52838733948165,24.70558180244708,813.8023574435998,3.4533273599999994,2.27973564
89,241.0,57.21320343559643,0.964,21.795160576407827,14.15475690508782,1.539776396200328,0.925197341904192,0.0490011877175146,0.0318235737594327,0.0012181761996515,49.001187717514654,31.823573759432737,1218.1761996515995,3.4533273599999994,2.27973564
90,217.0,52.97056274847714,0.96875,18.833899462626984,14.765026691098482,1.2755750366493777,0.9718526522883464,0.0423435028058457,0.033195618908529,0.0010968640469891,42.34350280584574,33.19561890852907,1096.8640469891998,3.4533273599999994,2.27973564
91,279.0,63.79898987322333,0.9620689655172414,24.696307916982946,14.677483942316892,1.6825981901285283,0.8613634947433403,0.055523721237436,0.0329988000481533,0.0014102537747003,55.52372123743607,32.99880004815338,1410.2537747003996,3.4533273599999994,2.27973564
92,273.0,61.4558441227157,0.978494623655914,24.51512929738499,14.275767971592796,1.717254675627076,0.9083351793553872,0.0551163845941387,0.0320956380998132,0.0013799257365347,55.11638459413877,32.09563809981322,1379.9257365347996,3.4533273599999994,2.27973564
93,182.0,49.4558441227157,0.9430051813471504,17.482043711994013,13.349805148879836,1.3095354963634738,0.9350740704971332,0.0393041795959276,0.0300138329240205,0.0009199504910231,39.30417959592766,30.013832924020573,919.9504910231998,3.4533273599999994,2.27973564
94,102.0,35.21320343559643,0.9532710280373832,11.90938339477115,10.941585718568394,1.0884513178524349,1.0337105871184975,0.0267753903111281,0.0245995295076285,0.0005155766488151,26.77539031112818,24.59952950762857,515.5766488151999,3.4533273599999994,2.27973564
95,983.0,133.45584412271572,0.9656188605108056,57.06568632026496,22.589330261104998,2.526223029220234,0.6935666286863711,0.1282984999263988,0.0507866876528319,0.0049687435861307,128.29849992639888,50.78668765283191,4968.743586130799,3.4533273599999994,2.27973564
96,1138.0,174.4619407771256,0.8210678210678211,59.98461646287203,28.019582674321388,2.1408104881535253,0.4698407999376242,0.1348610138088166,0.0629953069433698,0.0057522179054087,134.8610138088167,62.9953069433698,5752.217905408799,3.4533273599999994,2.27973564
97,73.0,29.556349186104047,0.9733333333333334,10.703008379394316,8.733536524948192,1.225506797712489,1.0501011802029152,0.024063145619057,0.01963526082758,0.0003689911310147,24.063145619057064,19.63526082758002,368.9911310147999,3.4533273599999994,2.27973564
98,102.0,34.97056274847714,0.9532710280373832,12.02222142679578,10.795494476867608,1.1136332339900483,1.0481050020956877,0.0270290795450078,0.0242710784125623,0.0005155766488151,27.02907954500788,24.271078412562364,515.5766488151999,3.4533273599999994,2.27973564
99,211.0,55.21320343559643,0.9547511312217196,22.33552165545402,12.16470401167279,1.836092488072188,0.8697740147253833,0.050216059917091,0.0273494174412834,0.0010665360088235,50.21605991709105,27.34941744128346,1066.5360088235998,3.4533273599999994,2.27973564
100,411.0,84.04163056034261,0.9383561643835616,35.78326531620056,15.021893073991308,2.3820742924974745,0.7312447247357639,0.080450084079801,0.0337731213225316,0.0020774706143435,80.45008407980104,33.77312132253169,2077.4706143436,3.4533273599999994,2.27973564
101,796.0,116.2842712474619,0.9660194174757282,49.234749758767634,21.23980961311145,2.318041011458725,0.7397431984847825,0.1106925184926469,0.0477526143607739,0.0040235197299695,110.69251849264693,47.752614360773954,4023.519729969599,3.4533273599999994,2.27973564
102,125.0,38.970562748477136,0.9765625,14.79297139661501,10.722763695005597,1.37958569426511,1.0342999951023404,0.0332584458721536,0.0241075607049332,0.0006318341284499,33.25844587215366,24.10756070493328,631.8341284499999,3.4533273599999994,2.27973564
103,145.0,42.970562748477136,0.9539473684210528,14.81330063590775,12.661443081934385,1.169953577964875,0.9868150939050996,0.0333041512876859,0.0284662160233897,0.0007329275890019,33.304151287685954,28.4662160233898,732.9275890019999,3.4533273599999994,2.27973564
104,153.0,43.55634918610404,0.9745222929936306,15.652574541482103,12.518567817235514,1.2503486636811365,1.013440726837446,0.0351910572386325,0.0281449952807779,0.0007733649732227,35.19105723863255,28.144995280777916,773.3649732227998,3.4533273599999994,2.27973564
105,335.0,68.14213562373095,0.9911242603550297,26.06617815084453,16.688504592190437,1.5619241380706137,0.9066156048760003,0.0586035456894177,0.037520097334438,0.0016933154642459,58.603545689417714,37.52009733443807,1693.3154642459997,3.4533273599999994,2.27973564
106,210.0,52.38477631085024,0.963302752293578,17.667840757913858,15.313556063987228,1.1537386015429285,0.961654285289678,0.0397218996623874,0.0344288555564199,0.0010614813357959,39.72189966238741,34.42885555641992,1061.4813357959997,3.4533273599999994,2.27973564
107,450.0,86.2842712474619,0.9453781512605042,35.61212294507359,16.538001374664947,2.153351069351636,0.7595547901090706,0.0800653115324911,0.0371817269706042,0.0022746028624199,80.06531153249114,37.18172697060421,2274.6028624199994,3.4533273599999994,2.27973564
108,376.0,77.45584412271572,0.9376558603491272,30.692068720570244,16.34664305876115,1.8775762467095969,0.7875702931628388,0.0690037504217092,0.0367515037232903,0.0019005570583775,69.00375042170924,36.751503723290334,1900.5570583776,3.4533273599999994,2.27973564
109,182.0,48.62741699796952,0.9430051813471504,16.385321670703064,14.176485786859809,1.1558098330610698,0.9672057050681564,0.0368384632993748,0.0318724259351654,0.0009199504910231,36.83846329937487,31.87242593516543,919.9504910231998,3.4533273599999994,2.27973564
110,140.0,42.72792206135786,0.9722222222222222,16.969273200148596,10.530562503995474,1.6114308417722385,0.9636389686544454,0.038151338164966,0.0236754424552328,0.0007076542238639,38.15133816496608,23.67544245523286,707.6542238639998,3.4533273599999994,2.27973564
111,86.0,32.14213562373095,0.9555555555555556,11.69339095843322,9.356477844823557,1.2497641903681258,1.0460654464067178,0.026289783156207,0.021035794879403,0.0004347018803735,26.28978315620707,21.035794879403007,434.7018803735999,3.4533273599999994,2.27973564
112,175.0,46.38477631085024,0.9722222222222222,15.598233875174898,14.317098596442094,1.0894828844058653,1.022108452029601,0.0350688852922007,0.0321885600904369,0.0008845677798299,35.06888529220071,32.188560090436894,884.5677798299998,3.4533273599999994,2.27973564
113,288.0,62.38477631085024,0.979591836734694,22.01338169978893,17.05067315831676,1.2910564583223816,0.9299189702818216,0.0494918055403674,0.0383343464349172,0.0014557458319487,49.49180554036745,38.33434643491723,1455.7458319487996,3.4533273599999994,2.27973564
114,89.0,40.04163056034261,0.8240740740740741,14.805748456186222,8.911721138024536,1.6613792360504918,0.6975516365680544,0.0332871720241052,0.020035866165775,0.0004498658994563,33.28717202410523,20.03586616577504,449.8658994563999,3.4533273599999994,2.27973564
115,105.0,35.55634918610404,0.9545454545454546,12.442977413479232,10.766205427205891,1.1557440081940278,1.0436739361595004,0.0279750483996288,0.0242052290137699,0.0005307406678979,27.97504839962881,24.205229013769912,530.7406678979999,3.4533273599999994,2.27973564
116,157.0,44.38477631085024,0.9691358024691358,15.117617621316857,13.43446536544472,1.1252861360751605,1.0014780740717824,0.0339883349933018,0.0302041711025147,0.0007935836653331,33.98833499330183,30.204171102514746,793.5836653331999,3.4533273599999994,2.27973564
117,119.0,41.21320343559643,0.9444444444444444,16.755002729230547,9.19856369009969,1.8214803195050733,0.8804082017603776,0.0376696024360198,0.0206807628019035,0.0006015060902843,37.669602436019865,20.680762801903526,601.5060902843999,3.4533273599999994,2.27973564
118,577.0,101.698484809835,0.92914653784219,43.10694558992449,17.8641925948316,2.413036321742077,0.7010624596307733,0.0969156214920036,0.040163349643256,0.0029165463369251,96.91562149200362,40.16334964325609,2916.5463369251997,3.4533273599999994,2.27973564
119,350.0,70.14213562373095,0.9887005649717514,27.235830269124104,16.66385599104358,1.6344254465330657,0.8939638122700084,0.0612332277608609,0.0374646808704236,0.0017691355596599,61.23322776086095,37.46468087042364,1769.1355596599997,3.4533273599999994,2.27973564
120,429.0,91.45584412271572,0.8956158663883089,39.83306899808872,14.573418259587974,2.733268769794774,0.6445316242519137,0.0895550957056429,0.0327648333363012,0.0021684547288403,89.55509570564293,32.76483333630126,2168.4547288404,3.4533273599999994,2.27973564
121,79.0,30.72792206135785,0.9518072289156626,11.392850868243103,8.82539602583904,1.290916672168258,1.0514062881915835,0.0256140908930362,0.0198417848690528,0.0003993191691803,25.61409089303624,19.84178486905288,399.3191691803999,3.4533273599999994,2.27973564
122,114.0,37.79898987322333,0.9421487603305784,13.21754079012529,11.072061779869626,1.1937741183991954,1.0026614721333842,0.029716468256807,0.0248928736172096,0.0005762327251463,29.71646825680708,24.892873617209684,576.2327251463998,3.4533273599999994,2.27973564
123,70.0,28.14213562373095,0.9722222222222222,10.361096113043487,8.564445583492356,1.2097801325300157,1.110692401272532,0.0232944379471111,0.0192551004275425,0.0003538271119319,23.29443794711115,19.255100427542523,353.8271119319999,3.4533273599999994,2.27973564
125,489.0,87.79898987322333,0.9644970414201184,35.54618604182961,17.98259615570841,1.9766993449689296,0.7971493281181891,0.0799170682304038,0.0404295516330329,0.0024717351104963,79.91706823040383,40.429551633032986,2471.7351104964,3.4533273599999994,2.27973564
126,291.0,62.970562748477136,0.9797979797979798,22.993423973900452,16.443282488397646,1.398347561694241,0.922205491612817,0.0516951953835614,0.0369687742873648,0.0014709098510315,51.69519538356143,36.96877428736489,1470.9098510315996,3.4533273599999994,2.27973564
127,160.0,44.62741699796952,0.963855421686747,15.86190404711868,12.83744522870497,1.2355966288098286,1.009546540362635,0.035661684392975,0.0288619146098882,0.0008087476844159,35.66168439297504,28.86191460988823,808.7476844159999,3.4533273599999994,2.27973564
128,447.0,77.21320343559643,0.9802631578947368,26.236508839936025,22.02160099674252,1.1913987926589436,0.9421807902153488,0.0589864933644745,0.0495102846569363,0.0022594388433371,58.98649336447456,49.51028465693633,2259.4388433372,3.4533273599999994,2.27973564
129,324.0,66.8700576850888,0.9557522123893806,24.39037056568145,17.080841669097218,1.42793727839587,0.9105241696839982,0.0548358945279989,0.0384021730909645,0.0016377140609423,54.83589452799898,38.4021730909645,1637.7140609423996,3.4533273599999994,2.27973564
130,98.0,34.14213562373095,0.9702970297029704,12.021607081992409,10.410119715320578,1.1548000801854568,1.0564636855271885,0.0270276983381602,0.0234046557511666,0.0004953579567047,27.02769833816025,23.40465575116664,495.3579567047999,3.4533273599999994,2.27973564
131,82.0,30.72792206135785,0.9647058823529412,10.81405914725054,9.632427933229332,1.1226722091472798,1.09133310926215,0.0243128166183974,0.0216562024251621,0.0004144831882631,24.3128166183975,21.65620242516217,414.4831882631999,3.4533273599999994,2.27973564
132,160.0,44.970562748477136,0.963855421686747,14.682760342198716,14.007508655487475,1.04820640867116,0.9941987258216344,0.0330106627669516,0.0314925214097862,0.0008087476844159,33.01066276695168,31.49252140978627,808.7476844159999,3.4533273599999994,2.27973564
133,87.0,32.14213562373095,0.9666666666666668,12.23580215372536,9.03603469649791,1.3541119046906251,1.0582289981091215,0.0275092645501345,0.0203153553667483,0.0004397565534011,27.509264550134574,20.315355366748392,439.7565534011999,3.4533273599999994,2.27973564
134,131.0,40.38477631085024,0.9703703703703704,13.880130926447569,12.208404056876027,1.1369324656837505,1.0093593172778037,0.031206143156695,0.027447666504912,0.0006621621666155,31.206143156695003,27.447666504912096,662.1621666155999,3.4533273599999994,2.27973564
135,93.0,33.31370849898476,0.96875,12.001243195110742,9.90843691578264,1.211214573712891,1.053044805206552,0.0269819150258396,0.0222767423802774,0.0004700845915667,26.981915025839672,22.276742380277472,470.0845915667999,3.4533273599999994,2.27973564
136,80.0,32.384776310850235,0.9411764705882352,12.734243462287882,8.01929195398062,1.5879510978480902,0.958557231141508,0.0286298902065233,0.0180294533284564,0.0004043738422079,28.62989020652335,18.029453328456466,404.3738422079999,3.4533273599999994,2.27973564
137,130.0,39.79898987322333,0.9774436090225564,14.035712315656976,11.916810706948873,1.1778077759909822,1.031357229753065,0.0315559305707989,0.0267920888400048,0.0006571074935879,31.55593057079895,26.79208884000487,657.1074935879999,3.4533273599999994,2.27973564
138,205.0,52.87005768508881,0.949074074074074,19.259025283450484,13.606976675843,1.4153787238896196,0.9216035873409156,0.0432992961837703,0.0305920213812307,0.0010362079706579,43.29929618377038,30.59202138123078,1036.2079706579998,3.4533273599999994,2.27973564
139,191.0,52.04163056034261,0.9317073170731708,18.66364884928525,13.416154543006211,1.391132517850619,0.8862197831033973,0.041960735161894,0.0301630036128591,0.0009654425482715,41.96073516189406,30.16300361285914,965.4425482715998,3.4533273599999994,2.27973564
140,78.0,30.14213562373095,0.9873417721518988,10.871100696774446,9.161239455723967,1.1866408196526457,1.0788384776134494,0.0244410608525301,0.0205968482187259,0.0003942644961527,24.441060852530114,20.596848218725963,394.2644961527999,3.4533273599999994,2.27973564
141,618.0,99.45584412271572,0.9349470499243572,38.59788430251265,21.277862079522343,1.8139925974827595,0.7851230423911372,0.086778079361967,0.0478381661989069,0.0031237879310567,86.77807936196707,47.8381661989069,3123.787931056799,3.4533273599999994,2.27973564
142,254.0,57.45584412271571,0.9548872180451128,19.0988572818318,16.993321912060004,1.1239036946788796,0.9668857542750928,0.0429391968724511,0.038205405922008,0.0012838869490103,42.93919687245116,38.20540592200802,1283.8869490103998,3.4533273599999994,2.27973564
143,380.0,71.79898987322333,0.9693877551020408,26.14383230550745,18.79926854309673,1.390683485667197,0.9263109375718824,0.0587781324191801,0.0422656434947026,0.0019207757504879,58.77813241918017,42.26564349470265,1920.775750488,3.4533273599999994,2.27973564
144,308.0,64.14213562373095,0.990353697749196,23.97234003368544,16.612208449158953,1.4430555760874235,0.9407489646672932,0.0538960532041336,0.0373485637679061,0.0015568392925007,53.89605320413362,37.3485637679061,1556.8392925007995,3.4533273599999994,2.27973564
145,131.0,39.55634918610404,0.9776119402985076,14.229989101775692,11.703862663573103,1.2158369856872004,1.05207997801417,0.0319927152979582,0.0263133262720048,0.0006621621666155,31.992715297958217,26.313326272004865,662.1621666155999,3.4533273599999994,2.27973564
146,110.0,36.38477631085024,0.9565217391304348,12.069516632257862,11.618828748492309,1.0387894419929409,1.0441505717561068,0.02713541146364,0.0261221479220853,0.0005560140330359,27.135411463640057,26.122147922085315,556.0140330359999,3.4533273599999994,2.27973564
147,366.0,73.79898987322333,0.953125,29.377870843187708,16.26301784302365,1.8064218539728123,0.8444814505828849,0.0660490919019052,0.0365634924957563,0.0018500103281015,66.04909190190519,36.56349249575635,1850.0103281015995,3.4533273599999994,2.27973564
148,286.0,62.14213562373095,0.9896193771626296,23.895593722212496,15.4771932951934,1.543922936572325,0.9306867869020512,0.0537235075419014,0.0347967545978515,0.0014456364858935,53.72350754190146,34.79675459785151,1445.6364858935997,3.4533273599999994,2.27973564
149,288.0,60.62741699796952,0.976271186440678,21.143231266043767,17.395777567735937,1.215423178625729,0.9846099502425256,0.0475354811261955,0.039110230874438,0.0014557458319487,47.53548112619556,39.110230874438,1455.7458319487996,3.4533273599999994,2.27973564
150,259.0,59.45584412271571,0.9592592592592591,20.746436933879032,16.135409610758156,1.285770701479218,0.9207050587368716,0.0466433843009628,0.0362765960114831,0.0013091603141483,46.64338430096287,36.27659601148313,1309.1603141483995,3.4533273599999994,2.27973564
151,448.0,82.62741699796952,0.9739130434782608,33.44253846389899,17.44278642839366,1.917270420135436,0.8245927743585106,0.0751875215268455,0.0392159190155003,0.0022644935163647,75.18752152684553,39.215919015500326,2264.4935163648,3.4533273599999994,2.27973564
152,145.0,43.21320343559643,0.9666666666666668,15.554509220212491,12.145517872563516,1.2806789618538887,0.9757643387890949,0.0349705808994349,0.0273062820121696,0.0007329275890019,34.970580899434935,27.306282012169643,732.9275890019999,3.4533273599999994,2.27973564
153,192.0,49.45584412271571,0.9696969696969696,16.848737523176794,14.601589482069135,1.1538974947807683,0.9864517666782944,0.0378803426238574,0.0328281695689567,0.0009704972212991,37.88034262385745,32.82816956895675,970.4972212991996,3.4533273599999994,2.27973564
154,168.0,46.04163056034261,0.9710982658959536,16.377406926625326,13.18969992392097,1.2416815409820734,0.9959046365521118,0.0368206688968546,0.0296538747509545,0.0008491850686367,36.82066889685465,29.653874750954557,849.1850686367998,3.4533273599999994,2.27973564
155,110.0,36.14213562373095,0.9821428571428572,13.592692046843402,10.274917495106733,1.3229003593767743,1.058217469214001,0.0305599058212361,0.0231006860075486,0.0005560140330359,30.559905821236143,23.10068600754866,556.0140330359999,3.4533273599999994,2.27973564
156,366.0,76.97056274847714,0.9556135770234988,32.709377634793256,14.51448160329647,2.253568437977449,0.7763215211675445,0.0735391853612002,0.0326323284094273,0.0018500103281015,73.53918536120028,32.63232840942732,1850.0103281015995,3.4533273599999994,2.27973564
157,72.0,28.970562748477143,0.972972972972973,10.623738846391856,8.660988173040138,1.2266197152261855,1.0780241689052945,0.0238849270987889,0.0194721532699192,0.0003639364579871,23.884927098788957,19.472153269919215,363.9364579871999,3.4533273599999994,2.27973564
158,103.0,35.55634918610404,0.9537037037037036,12.264923922732574,10.756972854776889,1.1401835895947292,1.0237944326136053,0.0275747378585227,0.0241844717904806,0.0005206313218427,27.57473785852273,24.18447179048069,520.6313218427999,3.4533273599999994,2.27973564
159,844.0,116.97056274847716,0.976851851851852,47.80169823774369,23.38355495109997,2.044244270715351,0.775173918501002,0.1074706460799896,0.05257231125436,0.0042661440352943,107.47064607998962,52.57231125436001,4266.144035294399,3.4533273599999994,2.27973564
160,550.0,96.0416305603426,0.9532062391681108,40.02681009987776,18.096061226300296,2.2119073095146224,0.7492961550001122,0.0899906760751511,0.0406846506126419,0.0027800701651799,89.99067607515117,40.684650612641896,2780.0701651799995,3.4533273599999994,2.27973564
161,105.0,34.97056274847714,0.9813084112149532,12.470962116173157,10.701278964248624,1.1653711820649455,1.0789316198043843,0.0280379652873074,0.0240592574441616,0.0005307406678979,28.037965287307458,24.05925744416161,530.7406678979999,3.4533273599999994,2.27973564
162,1148.0,147.698484809835,0.9386753883892068,62.8014277466499,24.174646680856647,2.597821948578092,0.6613017500087346,0.141193937945683,0.0543508911467027,0.0058027646356847,141.19393794568307,54.35089114670276,5802.764635684799,3.4533273599999994,2.27973564
163,179.0,49.55634918610404,0.952127659574468,19.70356326737834,11.70349005199868,1.6835630380198798,0.9159342226379684,0.044298733151516,0.0263124885443065,0.0009047864719403,44.29873315151602,26.312488544306547,904.7864719403998,3.4533273599999994,2.27973564
164,159.0,46.62741699796952,0.9352941176470588,17.291682250915077,11.936774693736956,1.4486059002175653,0.9190185404405204,0.0388761975374423,0.026836973072941,0.0008036930113883,38.87619753744232,26.83697307294105,803.6930113883998,3.4533273599999994,2.27973564
165,222.0,55.21320343559643,0.9736842105263158,21.336715382715965,13.37733768887949,1.594989666774508,0.9151176837395028,0.0479704837263449,0.0300757332324001,0.0011221374121271,47.97048372634499,30.0757332324002,1122.1374121271997,3.4533273599999994,2.27973564
166,162.0,45.21320343559643,0.9642857142857144,14.90773142439729,13.973870965660508,1.0668290455115592,0.9958509024124148,0.0335164562522154,0.0314168951372558,0.0008188570304711,33.51645625221545,31.41689513725589,818.8570304711998,3.4533273599999994,2.27973564
167,209.0,53.55634918610404,0.9587155963302753,20.356678821683705,13.298329650421788,1.5307696046652028,0.9156599545108332,0.0457671067276386,0.0298981026198572,0.0010564266627683,45.7671067276386,29.898102619857287,1056.4266627684,3.4533273599999994,2.27973564
168,82.0,32.384776310850235,0.9647058823529412,13.146633211861824,7.96415621090676,1.6507251821426807,0.9825211619200456,0.0295570495849004,0.0179054938427332,0.0004144831882631,29.557049584900454,17.905493842733232,414.4831882631999,3.4533273599999994,2.27973564
169,412.0,76.2842712474619,0.9716981132075472,29.636123770497584,17.821993170034165,1.6628961467860763,0.8896866555447986,0.0666297116282588,0.040068474364461,0.0020825252873711,66.62971162825889,40.06847436446101,2082.5252873712,3.4533273599999994,2.27973564
170,115.0,36.970562748477136,0.9745762711864406,13.267922831732667,11.03950770403482,1.201858197615405,1.057293547730429,0.0298297401856712,0.0248196835906733,0.0005812873981739,29.829740185671284,24.81968359067332,581.2873981739999,3.4533273599999994,2.27973564
171,260.0,59.21320343559643,0.9629629629629628,22.100822085943665,15.135273481577771,1.460219540323745,0.931850189521912,0.0496883942629436,0.034028029957692,0.0013142149871759,49.68839426294369,34.028029957692034,1314.2149871759998,3.4533273599999994,2.27973564
172,70.0,28.14213562373095,0.9859154929577464,10.165523424893914,8.759420050458942,1.1605247112634245,1.110692401272532,0.0228547396952519,0.0196934537226448,0.0003538271119319,22.85473969525199,19.69345372264482,353.8271119319999,3.4533273599999994,2.27973564
173,502.0,100.8700576850888,0.9489603024574668,45.85744040286464,14.323972014940086,3.20144722113634,0.6199962215577385,0.1030994489601444,0.0322040133223092,0.0025374458598551,103.09944896014444,32.204013322309194,2537.4458598552,3.4533273599999994,2.27973564
174,90.0,32.97056274847714,0.9574468085106383,11.833517369428238,9.713499070793407,1.2182548516434524,1.0403983476685137,0.0266048237609907,0.0218384714209019,0.0004549205724839,26.60482376099073,21.838471420901985,454.9205724839999,3.4533273599999994,2.27973564
175,469.0,85.21320343559643,0.9417670682730924,33.24025212896671,18.63636588646295,1.7836230696195818,0.8116502420184577,0.0747327292514706,0.0418993959678991,0.0023706416499443,74.73272925147069,41.89939596789919,2370.6416499443994,3.4533273599999994,2.27973564
176,176.0,48.62741699796952,0.946236559139785,16.78481735867935,13.57823859197391,1.2361557241011252,0.935319802703272,0.0377366334748244,0.0305274106967912,0.0008896224528575,37.73663347482444,30.52741069679126,889.6224528575998,3.4533273599999994,2.27973564
177,190.0,49.21320343559643,0.964467005076142,16.82742270972904,14.539725125357377,1.1573411852457858,0.9858258320695495,0.0378324213813754,0.0326890824103359,0.0009603878752439,37.83242138137541,32.68908241033597,960.3878752439998,3.4533273599999994,2.27973564
178,188.0,48.38477631085024,0.9791666666666666,17.1103269601645,14.026246097315262,1.219879277851795,1.0091372514983348,0.0384684636914594,0.03153464805075,0.0009502785291887,38.46846369145944,31.534648050750008,950.2785291887998,3.4533273599999994,2.27973564
179,267.0,59.79898987322333,0.967391304347826,20.48223945614143,16.81154497088278,1.2183436734468014,0.938282096404774,0.0460493996796645,0.0377967240962369,0.0013495976983691,46.049399679664525,37.79672409623692,1349.5976983691996,3.4533273599999994,2.27973564
180,120.0,37.79898987322333,0.9836065573770492,14.064032278656468,10.85897971769694,1.2951522743648038,1.055433128561457,0.0316196012108121,0.0244138097401093,0.0006065607633119,31.619601210812185,24.41380974010932,606.5607633119998,3.4533273599999994,2.27973564
181,84.0,31.31370849898476,0.9767441860465116,11.760348264906884,9.070040642661432,1.2966147262440526,1.076515138101083,0.0264403205900595,0.0203918095752699,0.0004245925343183,26.44032059005955,20.39180957526999,424.5925343183999,3.4533273599999994,2.27973564
182,146.0,42.970562748477136,0.9668874172185432,16.183584535925817,11.544541101713753,1.401838703967489,0.993620715242376,0.0363849057687405,0.0259551299773389,0.0007379822620295,36.38490576874057,25.95512997733896,737.9822620295998,3.4533273599999994,2.27973564
183,82.0,30.72792206135785,0.9647058823529412,10.814059147250545,9.632427933229334,1.1226722091472798,1.09133310926215,0.0243128166183975,0.0216562024251621,0.0004144831882631,24.312816618397505,21.656202425162174,414.4831882631999,3.4533273599999994,2.27973564
184,259.0,58.97056274847714,0.9773584905660376,22.554625675838853,14.770638557020527,1.526990562308396,0.93592076656895,0.0507086627219614,0.0332082358422069,0.0013091603141483,50.70866272196145,33.20823584220697,1309.1603141483995,3.4533273599999994,2.27973564
185,102.0,35.55634918610404,0.9902912621359224,14.37553830428019,9.024966010773763,1.5928634287507624,1.0138546808406577,0.0323199477479809,0.0202904700833822,0.0005155766488151,32.319947747980976,20.29047008338222,515.5766488151999,3.4533273599999994,2.27973564
186,236.0,55.55634918610404,0.98744769874477,20.4060171992793,14.946224803051422,1.365295749807885,0.9608475103745584,0.0458780322284516,0.0336029993757083,0.0011929028345135,45.87803222845167,33.602999375708386,1192.9028345135998,3.4533273599999994,2.27973564
187,84.0,31.556349186104043,0.9655172413793104,11.60501662449012,9.22553181219762,1.2579238639821764,1.0600238673807667,0.0260910946761761,0.0207413941520914,0.0004245925343183,26.09109467617615,20.741394152091416,424.5925343183999,3.4533273599999994,2.27973564
188,250.0,57.79898987322333,0.9615384615384616,20.821487300447785,15.487706692641478,1.3443880177780287,0.9403929739030116,0.0468121170381047,0.0348203914487981,0.0012636682568999,46.81211703810473,34.82039144879813,1263.6682568999995,3.4533273599999994,2.27973564
189,102.0,34.970562748477136,0.9532710280373832,11.480938741087105,11.306792769490809,1.0154018893904373,1.048105002095688,0.0258121353340364,0.0254206099119354,0.0005155766488151,25.812135334036487,25.4206099119354,515.5766488151999,3.4533273599999994,2.27973564
190,73.0,28.72792206135785,0.9733333333333334,10.1063996464768,9.167440126307026,1.1024233054411037,1.1115379537335712,0.0227218140691879,0.020610788938371,0.0003689911310147,22.721814069187925,20.610788938371037,368.9911310147999,3.4533273599999994,2.27973564
191,202.0,50.38477631085024,0.971153846153846,17.317297491188167,14.918838784761345,1.1607671174030447,0.9999138038367568,0.0389337872575387,0.0335414284862275,0.0010210439515751,38.933787257538704,33.54142848622753,1021.0439515751998,3.4533273599999994,2.27973564
192,247.0,56.62741699796952,0.9840637450199204,21.20267258179856,14.901364643634524,1.4228678439095703,0.9679508664736484,0.0476691206587544,0.0335021420736977,0.0012485042378171,47.669120658754416,33.50214207369775,1248.5042378171995,3.4533273599999994,2.27973564
193,600.0,106.62741699796952,0.9508716323296356,47.950256047804594,16.44517661318564,2.9157641280275683,0.6631676564021315,0.1078046426620371,0.0369730327723607,0.0030328038165599,107.80464266203714,36.973032772360746,3032.803816559999,3.4533273599999994,2.27973564
194,118.0,37.79898987322333,0.9516129032258064,12.694723154051282,11.840459828913792,1.0721478166795029,1.037842576418766,0.0285410382783273,0.0266204322149537,0.0005964514172567,28.54103827832733,26.62043221495372,596.4514172567999,3.4533273599999994,2.27973564
195,91.0,32.970562748477136,0.9578947368421052,11.061588346579358,10.477567027585112,1.055740165389221,1.0519583293092751,0.0248693266160805,0.0235562948454385,0.0004599752455115,24.869326616080503,23.556294845438504,459.9752455115999,3.4533273599999994,2.27973564
196,230.0,54.97056274847714,0.9787234042553192,20.07491746957188,14.788864230394392,1.3574346992998607,0.9564831730221474,0.0451336339501396,0.0332492118946264,0.0011625747963479,45.13363395013966,33.24921189462649,1162.5747963479998,3.4533273599999994,2.27973564
197,418.0,80.8700576850888,0.947845804988662,32.468240526693705,16.885742492536245,1.9228198310524487,0.8031758471038002,0.0729970464465443,0.0379635394162695,0.0021128533255367,72.99704644654437,37.96353941626953,2112.8533255368,3.4533273599999994,2.27973564
198,75.0,29.31370849898476,1.0,11.478210906856106,8.309031695153347,1.3814137829744155,1.09680544486394,0.0258060024534483,0.0186808635989454,0.0003791004770699,25.806002453448304,18.68086359894546,379.1004770699999,3.4533273599999994,2.27973564
199,176.0,47.45584412271571,0.9513513513513514,15.20443661174655,14.847510152635165,1.0240394824076304,0.9820715413787474,0.0341835266567252,0.0333810631757635,0.0008896224528575,34.18352665672529,33.38106317576353,889.6224528575998,3.4533273599999994,2.27973564
200,279.0,74.04163056034261,0.827893175074184,29.02607608169945,14.038991573522516,2.0675328373615183,0.6395317624759642,0.0652581658114416,0.0315633031950877,0.0014102537747003,65.2581658114416,31.563303195087727,1410.2537747003996,3.4533273599999994,2.27973564
201,454.0,81.79898987322333,0.9763440860215054,31.585381081286684,18.691942568657,1.6897859045559898,0.852648113637719,0.0710121488698136,0.0420243467994087,0.0022948215545303,71.01214886981359,42.02434679940878,2294.8215545304,3.4533273599999994,2.27973564
202,156.0,44.72792206135786,0.975,17.219828067111347,11.584390355381531,1.4864682161812572,0.9798893045656032,0.0387146506501637,0.02604472146039,0.0007885289923055,38.71465065016376,26.044721460390083,788.5289923055998,3.4533273599999994,2.27973564
203,499.0,85.21320343559643,0.965183752417795,32.22855783022429,20.219093871990967,1.593966477146127,0.8635681679471437,0.07245817742738,0.0454577799886424,0.0025222818407723,72.45817742738005,45.45777998864241,2522.2818407723994,3.4533273599999994,2.27973564
204,1264.0,176.76955262170048,0.9060931899641576,80.60992032637624,20.97661323136648,3.842847243130729,0.5083256356465894,0.1812320594729786,0.0471608804635519,0.0063891067068863,181.23205947297865,47.16088046355199,6389.106706886399,3.4533273599999994,2.27973564
205,159.0,44.38477631085024,0.9754601226993864,15.304730684373023,13.34667437080766,1.1467074313169805,1.0142357565440343,0.0344090138084484,0.030006794120912,0.0008036930113883,34.40901380844849,30.006794120912023,803.6930113883998,3.4533273599999994,2.27973564
206,722.0,114.76955262170048,0.9002493765586035,43.909936690524,22.66326037055759,1.9374942516024083,0.6888008654399342,0.0987209542638374,0.0509529017607098,0.0036494739259271,98.72095426383748,50.9529017607098,3649.473925927199,3.4533273599999994,2.27973564
207,125.0,39.79898987322333,0.9541984732824428,14.74942581753878,10.810657244262275,1.364341268461452,0.991689643993332,0.0331605440885397,0.0243051682559851,0.0006318341284499,33.16054408853974,24.305168255985105,631.8341284499999,3.4533273599999994,2.27973564
208,147.0,44.04163056034261,0.9545454545454546,14.421570653972712,13.601569928456248,1.0602872116843598,0.9523584064739208,0.0324234404385006,0.030579865607351,0.0007430369350571,32.423440438500684,30.57986560735104,743.0369350571998,3.4533273599999994,2.27973564
209,464.0,88.87005768508881,0.9411764705882352,37.20187177443978,16.3739079794217,2.272021549235169,0.7382728889566375,0.0836394802356019,0.0368128023538146,0.0023453682848063,83.63948023560197,36.81280235381463,2345.3682848063995,3.4533273599999994,2.27973564
210,76.0,29.556349186104043,0.9620253164556962,10.12828297050792,9.56503561049221,1.0588860703663106,1.093256023224953,0.0227710134712741,0.0215046869616452,0.0003841551500975,22.77101347127413,21.504686961645213,384.1551500975999,3.4533273599999994,2.27973564
211,169.0,48.38477631085024,0.949438202247191,17.82770143655557,12.233024541634627,1.4573420805197992,0.90714997608095,0.0400813080317504,0.0275030197559754,0.0008542397416643,40.08130803175042,27.503019755975465,854.2397416643998,3.4533273599999994,2.27973564
212,235.0,55.45584412271571,0.9552845528455284,18.768335695268924,15.97518803400361,1.1748428660320007,0.9602472800643506,0.0421960984102453,0.0359163762493289,0.0011878481614859,42.196098410245305,35.91637624932895,1187.8481614859998,3.4533273599999994,2.27973564
213,260.0,70.2842712474619,0.858085808580858,28.52296742929356,12.922943132466887,2.207157234765975,0.6614041562710928,0.0641270467525835,0.029054136127,0.0013142149871759,64.12704675258354,29.054136127,1314.2149871759998,3.4533273599999994,2.27973564
214,224.0,54.87005768508881,0.9655172413793104,19.760398464225982,14.841182859107429,1.331457111728789,0.9349471214181396,0.0444265134511807,0.0333668377748168,0.0011322467581823,44.42651345118071,33.36683777481686,1132.2467581823998,3.4533273599999994,2.27973564
215,242.0,62.62741699796952,0.906367041198502,25.200295841051407,12.628794320449192,1.9954633199026603,0.7753472125608989,0.0566568171276022,0.028392813118893,0.0012232308726791,56.65681712760223,28.39281311889309,1223.2308726791998,3.4533273599999994,2.27973564
216,491.0,81.79898987322333,0.9742063492063492,28.719691613127143,22.21118889502252,1.2930281106907864,0.9221370568196476,0.0645693338661292,0.0499365275451233,0.0024818444565515,64.56933386612923,49.936527545123326,2481.8444565515997,3.4533273599999994,2.27973564
217,171.0,46.97056274847714,0.9606741573033708,16.692786805794533,13.245825425134552,1.2602300173848895,0.9739898868533604,0.0375297248639956,0.029780059470313,0.0008643490877195,37.52972486399561,29.78005947031301,864.3490877195998,3.4533273599999994,2.27973564
218,201.0,52.87005768508881,0.9348837209302324,19.05177951521925,13.781080877876017,1.3824590163899806,0.9036210783196296,0.0428333538128868,0.0309834528944935,0.0010159892785475,42.83335381288682,30.983452894493528,1015.9892785475998,3.4533273599999994,2.27973564
219,605.0,96.0416305603426,0.9542586750788644,36.65306063338546,21.716380669251045,1.6878070610211655,0.8242257705001234,0.0824056100996151,0.0488240700034503,0.0030580771816979,82.40561009961517,48.824070003450345,3058.0771816979995,3.4533273599999994,2.27973564
220,73.0,29.31370849898476,0.9605263157894736,11.364450098705603,8.131908623961575,1.397513256017042,1.0675572996675682,0.0255502385789158,0.0182826448829078,0.0003689911310147,25.55023857891586,18.28264488290785,368.9911310147999,3.4533273599999994,2.27973564
221,300.0,64.62741699796952,0.9584664536741214,23.86884960933735,16.24426792899756,1.4693705935943835,0.9026045565578334,0.0536633798226887,0.036521337814048,0.0015164019082799,53.66337982268878,36.521337814048046,1516.4019082799996,3.4533273599999994,2.27973564
222,185.0,52.62741699796952,0.9438775510204082,21.47578166829833,11.17812116045782,1.9212335740525064,0.8393778072536918,0.0482831408935684,0.0251313226802108,0.0009351145101059,48.2831408935684,25.131322680210896,935.1145101059998,3.4533273599999994,2.27973564
223,1175.0,143.59797974644664,0.9377494014365524,55.13901357972194,28.07942581038533,1.9636802387650127,0.7160627313466856,0.1239668386707456,0.0631298498724569,0.0059392408074299,123.96683867074564,63.12984987245692,5939.240807429998,3.4533273599999994,2.27973564
224,562.0,98.38477631085024,0.952542372881356,41.68539068883641,17.8090599146599,2.340684510501433,0.7296093225112709,0.0937195964700833,0.0400393970437332,0.0028407262415111,93.71959647008332,40.03939704373327,2840.7262415111995,3.4533273599999994,2.27973564
225,120.0,38.970562748477136,0.96,15.02526854564872,10.17497882160096,1.4766879429518656,0.9929279952982468,0.0337807102604401,0.0228759978854525,0.0006065607633119,33.78071026044019,22.875997885452573,606.5607633119998,3.4533273599999994,2.27973564
226,131.0,40.97056274847714,0.9562043795620438,14.910478731312264,11.227483681095826,1.328033881395673,0.9807025425457886,0.0335226329124601,0.0252423024608605,0.0006621621666155,33.52263291246011,25.2423024608605,662.1621666155999,3.4533273599999994,2.27973564
227,84.0,31.556349186104043,0.9655172413793104,11.450388505810016,9.315808857849715,1.2291351916437887,1.0600238673807667,0.0257434504620724,0.0209443604227492,0.0004245925343183,25.74345046207242,20.9443604227492,424.5925343183999,3.4533273599999994,2.27973564
228,521.0,96.97056274847714,0.9867424242424242,43.77336878895181,15.623751638985787,2.8017194461619943,0.6962540836665267,0.0984139141134488,0.0351262558598661,0.0026334846473795,98.4139141134488,35.126255859866184,2633.4846473796,3.4533273599999994,2.27973564
229,204.0,53.21320343559643,0.9315068493150684,19.78982290265212,13.238575157029434,1.4948604867151505,0.905318140986318,0.0444926672391166,0.0297637589825429,0.0010311532976303,44.49266723911665,29.763758982542992,1031.1532976303995,3.4533273599999994,2.27973564
230,314.0,66.62741699796952,0.9515151515151516,24.49127499794052,16.615237765397485,1.4740249488903183,0.8888604000937025,0.0550627539268697,0.0373553744584325,0.0015871673306663,55.06275392686975,37.35537445843254,1587.1673306663995,3.4533273599999994,2.27973564
231,79.0,30.14213562373095,0.9875,11.349080247145972,8.87034810528374,1.2794402330598211,1.0926697401469552,0.0255156831564484,0.0199428488311852,0.0003993191691803,25.5156831564484,19.94284883118522,399.3191691803999,3.4533273599999994,2.27973564
232,74.0,29.556349186104043,0.961038961038961,10.823869039289162,8.711982755639584,1.2424116694081468,1.0644861278769282,0.0243348718062722,0.0195868023501942,0.0003740458040423,24.33487180627225,19.586802350194247,374.0458040424,3.4533273599999994,2.27973564
233,157.0,43.79898987322333,0.98125,14.93251764781892,13.411084670653311,1.113445930327684,1.0284456066283252,0.0335721821268853,0.030151605221643,0.0007935836653331,33.57218212688536,30.151605221643013,793.5836653331999,3.4533273599999994,2.27973564
234,310.0,62.62741699796952,0.9872611464968152,21.75282910396331,18.250713878837452,1.191889218601291,0.9932133714623084,0.0489060155612765,0.041032349985235,0.0015669486385559,48.90601556127655,41.03234998523509,1566.9486385559997,3.4533273599999994,2.27973564
235,401.0,79.4558441227157,0.9303944315545244,31.323472355918007,16.967770100922223,1.846057093513751,0.7981831307068655,0.0704233099589162,0.0381479588070994,0.0020269238840675,70.4233099589162,38.14795880709939,2026.9238840676,3.4533273599999994,2.27973564
236,256.0,57.79898987322333,0.973384030418251,20.995640881734644,15.650454500576268,1.3415355369367428,0.962962405276684,0.0472036595687687,0.0351862908354655,0.0012939962950655,47.20365956876873,35.18629083546559,1293.9962950655995,3.4533273599999994,2.27973564
237,215.0,67.45584412271572,0.8237547892720306,30.50877334814485,10.37894836845283,2.9394859927116808,0.5937575723656981,0.0685916547677001,0.0233345744588577,0.0010867547009339,68.59165476770012,23.33457445885776,1086.754700934,3.4533273599999994,2.27973564
238,290.0,68.38477631085023,0.9477124183006536,28.610179098735067,13.27519950339989,2.1551600103190736,0.7792718720475592,0.0643231212605221,0.0298461000355138,0.0014658551780039,64.32312126052209,29.84610003551383,1465.8551780039998,3.4533273599999994,2.27973564
240,112.0,36.970562748477136,0.9411764705882352,12.140755569692018,11.733325690016986,1.0347241600922816,1.02971197692007,0.0272955751171157,0.0263795668158375,0.0005661233790911,27.29557511711577,26.379566815837588,566.1233790911999,3.4533273599999994,2.27973564
241,641.0,121.59797974644668,0.8523936170212766,52.15117030809825,17.236626301014848,3.025601959301498,0.5447724976120202,0.1172493901568849,0.0387524174475196,0.0032400454106915,117.24939015688496,38.75241744751964,3240.0454106915995,3.4533273599999994,2.27973564
242,88.0,32.14213562373095,0.9565217391304348,10.971814421461382,10.22583177098323,1.0729508041189322,1.070392549811525,0.0246674914911947,0.0229903285374307,0.0004448112264287,24.667491491194763,22.99032853743076,444.8112264287999,3.4533273599999994,2.27973564
243,206.0,50.970562748477136,0.976303317535545,17.783755092781107,14.850945171054107,1.1974830482468766,0.996410343895419,0.039982505224896,0.0333887859902741,0.0010412626436855,39.982505224896045,33.38878599027411,1041.2626436856,3.4533273599999994,2.27973564
244,138.0,41.79898987322333,0.9517241379310344,15.257727864249729,11.619460587481804,1.313118431735773,0.9925613895068652,0.034303339248078,0.0261235684604118,0.0006975448778087,34.30333924807809,26.123568460411835,697.5448778087998,3.4533273599999994,2.27973564
245,365.0,73.698484809835,0.935897435897436,26.42142986025286,17.91689897163407,1.4746653370141294,0.8444726919272831,0.059402243897612,0.040281847281966,0.0018449556550739,59.40224389761209,40.28184728196601,1844.955655074,3.4533273599999994,2.27973564
246,356.0,71.45584412271572,0.9417989417989416,25.207751913167765,18.421919621468923,1.368356416222261,0.8761618799971944,0.0566735803162985,0.0414172650081637,0.0017994635978255,56.67358031629856,41.41726500816372,1799.4635978255997,3.4533273599999994,2.27973564
247,110.0,36.38477631085024,0.9734513274336284,13.273364104703443,10.595131599391909,1.252779541262635,1.0441505717561068,0.0298419735820405,0.0238206105696488,0.0005560140330359,29.84197358204056,23.82061056964885,556.0140330359999,3.4533273599999994,2.27973564
248,110.0,36.14213562373095,0.9649122807017544,12.81042225893964,10.904189378879744,1.1748165602985643,1.058217469214001,0.0288011599478836,0.0245154528129601,0.0005560140330359,28.80115994788363,24.51545281296017,556.0140330359999,3.4533273599999994,2.27973564
249,162.0,45.45584412271571,0.9585798816568049,16.03262384350341,12.990256838231074,1.2342037608000538,0.9852476878946992,0.0360455068823949,0.0292054748391213,0.0008188570304711,36.04550688239497,29.20547483912139,818.8570304711998,3.4533273599999994,2.27973564
250,74.0,30.14213562373095,0.9487179487179488,10.982700643715294,8.603073003003407,1.2766020513694512,1.0235134274794264,0.0246919665492393,0.0193419449097324,0.0003740458040423,24.691966549239343,19.34194490973244,374.0458040424,3.4533273599999994,2.27973564
251,245.0,58.62741699796952,0.95703125,23.088031766723788,13.720664768887328,1.6827196171338352,0.8957244466388843,0.0519078982998544,0.0308476217732986,0.0012383948917619,51.907898299854416,30.84762177329862,1238.3948917619998,3.4533273599999994,2.27973564
252,272.0,63.79898987322333,0.96113074204947,25.2553270328857,13.992034179340536,1.8049789408158816,0.8397522242659089,0.0567805415549555,0.0314577307640441,0.0013748710635071,56.7805415549556,31.457730764044157,1374.8710635071998,3.4533273599999994,2.27973564
253,89.0,32.14213562373095,0.9888888888888888,12.178387520596628,9.282583816572698,1.3119609541099857,1.082556101513929,0.0273801815270565,0.0208696618914477,0.0004498658994563,27.38018152705657,20.86966189144773,449.8658994563999,3.4533273599999994,2.27973564
254,503.0,84.38477631085024,0.9785992217898832,32.229021230126946,20.33300058562001,1.5850597699249611,0.8876661155753757,0.0724592192708452,0.045713871896626,0.0025425005328827,72.4592192708452,45.71387189662603,2542.5005328827992,3.4533273599999994,2.27973564
255,70.0,28.14213562373095,0.9859154929577464,9.744240807263498,9.18267977361482,1.0611543740490927,1.110692401272532,0.0219075868373382,0.0206450516278272,0.0003538271119319,21.90758683733823,20.64505162782725,353.8271119319999,3.4533273599999994,2.27973564
256,215.0,54.62741699796952,0.9429824561403508,20.035432818855195,14.007272068796064,1.430359367652181,0.9053718606040558,0.0450448621893193,0.0314919895013914,0.0010867547009339,45.044862189319375,31.49198950139144,1086.754700934,3.4533273599999994,2.27973564
257,460.0,86.62741699796952,0.9465020576131687,35.914850810371675,16.800643997084148,2.137706793656536,0.7702947990513952,0.0807459224829262,0.0377722158728844,0.0023251495926959,80.74592248292622,37.7722158728844,2325.149592696,3.4533273599999994,2.27973564
258,215.0,54.38477631085024,0.9817351598173516,22.09983741779313,12.42840474546359,1.7781716857796772,0.9134686157122774,0.0496861804729275,0.0279422852530359,0.0010867547009339,49.68618047292758,27.94228525303597,1086.754700934,3.4533273599999994,2.27973564
259,176.0,48.62741699796952,0.9617486338797814,18.85040073659528,12.038514103569195,1.565841147372705,0.935319802703272,0.0423806019600577,0.0270657097184904,0.0008896224528575,42.380601960057696,27.065709718490474,889.6224528575998,3.4533273599999994,2.27973564
260,248.0,56.62741699796952,0.9763779527559056,20.006738123756808,15.924369014274156,1.2563598661788942,0.97186969589257,0.0449803490541174,0.035802121880032,0.0012535589108447,44.98034905411748,35.80212188003201,1253.5589108447998,3.4533273599999994,2.27973564
261,155.0,44.97056274847714,0.950920245398773,16.383665156222243,12.22021622653179,1.3407017398473708,0.963130015639708,0.0368347390241282,0.0274742233334623,0.0007834743192779,36.83473902412821,27.47422333346236,783.4743192779998,3.4533273599999994,2.27973564
262,410.0,75.79898987322332,0.9647058823529412,28.287622136863856,18.786640412652293,1.5057307488470857,0.8967407066152888,0.0635979293454255,0.0422372521741496,0.0020724159413159,63.59792934542553,42.23725217414964,2072.415941316,3.4533273599999994,2.27973564
263,114.0,36.97056274847714,0.957983193277311,12.082633358560484,12.00562087729014,1.006414702084756,1.048099690793642,0.0271649012747171,0.0269917571935763,0.0005762327251463,27.16490127471719,26.99175719357633,576.2327251463998,3.4533273599999994,2.27973564
264,166.0,46.38477631085024,0.9485714285714286,16.68449187142591,12.806392648609537,1.302825263071833,0.9695428744966504,0.037511075694852,0.0287921003361628,0.0008390757225815,37.51107569485201,28.792100336162868,839.0757225815998,3.4533273599999994,2.27973564
265,312.0,65.21320343559643,0.96,22.34530973533685,18.18420392026677,1.228830793655609,0.9219203241850186,0.0502380660655684,0.0408828183057789,0.0015770579846111,50.23806606556843,40.88281830577897,1577.0579846111996,3.4533273599999994,2.27973564
266,341.0,68.38477631085024,0.9827089337175792,26.801744310220503,16.348608943731445,1.63938989564596,0.916316235752474,0.0602572896628963,0.0367559235438336,0.0017236435024115,60.25728966289634,36.75592354383365,1723.6435024115997,3.4533273599999994,2.27973564
267,287.0,61.55634918610404,0.986254295532646,22.449032059902606,16.500302239913886,1.3605224761034296,0.951800769566818,0.0504712608189966,0.0370969695139087,0.0014506911589211,50.47126081899663,37.09696951390879,1450.6911589211998,3.4533273599999994,2.27973564
268,120.0,38.14213562373095,0.9836065573770492,13.415754070202464,11.470677033930253,1.1695695058381188,1.0365281423822896,0.0301621032458733,0.025789064348304,0.0006065607633119,30.16210324587339,25.789064348304027,606.5607633119998,3.4533273599999994,2.27973564
269,159.0,50.14213562373095,0.9464285714285714,21.56192419726626,9.724002806235534,2.2173918114708524,0.7946965614614284,0.0484768116957458,0.0218620865491471,0.0008036930113883,48.47681169574584,21.862086549147097,803.6930113883998,3.4533273599999994,2.27973564
270,163.0,44.970562748477136,0.9760479041916168,16.44065902949054,12.66366599759352,1.2982543153471326,1.01283995193079,0.0369628760696423,0.0284712137157496,0.0008239117034987,36.9628760696424,28.47121371574961,823.9117034987999,3.4533273599999994,2.27973564
271,204.0,52.04163056034261,0.9488372093023256,18.100764749822787,14.479530986400912,1.2500933052888878,0.9465384070842568,0.0406952253564365,0.0325537503354857,0.0010311532976303,40.69522535643657,32.55375033548572,1031.1532976303995,3.4533273599999994,2.27973564
272,150.0,42.970562748477136,0.967741935483871,14.877478776085796,12.871011474558935,1.1558904135461985,1.0208432005914825,0.0334484404331226,0.0289373802577918,0.0007582009541399,33.44844043312264,28.93738025779187,758.2009541399998,3.4533273599999994,2.27973564
273,409.0,81.45584412271572,0.9359267734553776,33.550446667047346,15.981033102055068,2.0993916008304216,0.7746199445591656,0.0754301272236558,0.0359295174820263,0.0020673612682883,75.43012722365586,35.92951748202632,2067.3612682883995,3.4533273599999994,2.27973564
274,136.0,41.55634918610404,0.9645390070921984,15.609270294138303,11.13212514735152,1.4021824303558028,0.9896326125031936,0.0350936980314993,0.0250279116837845,0.0006874355317535,35.09369803149938,25.027911683784527,687.4355317535999,3.4533273599999994,2.27973564
275,295.0,72.04163056034261,0.9305993690851736,31.384501561025143,12.350022859847186,2.541250483273476,0.7142739512634689,0.0705605194795903,0.02776606239488,0.0014911285431419,70.56051947959038,27.76606239488003,1491.1285431419997,3.4533273599999994,2.27973564
276,411.0,78.8700576850888,0.9383561643835616,30.12305008718033,17.88613804711316,1.684156188878472,0.8302853383360995,0.067724448589004,0.0402126887258026,0.0020774706143435,67.72444858900406,40.21268872580263,2077.4706143436,3.4533273599999994,2.27973564
277,144.0,42.38477631085024,0.96,14.94103581382832,12.304866473609389,1.2142379477154672,1.0072854603287953,0.0335913331787976,0.027664539097957,0.0007278729159743,33.591333178797655,27.66453909795704,727.8729159743998,3.4533273599999994,2.27973564
278,77.0,34.97056274847714,0.875,13.634296495793532,7.895187823816692,1.7269122407277246,0.7912165211898817,0.0306534434396327,0.0177504349767741,0.0003892098231251,30.65344343963276,17.750434976774113,389.20982312519993,3.4533273599999994,2.27973564
279,181.0,48.14213562373095,0.9679144385026738,16.789913665390607,13.840107358839155,1.2131346405103944,0.9813812017381208,0.037748091297351,0.0311161597705837,0.0009148958179955,37.74809129735108,31.11615977058372,914.8958179955998,3.4533273599999994,2.27973564
280,162.0,45.55634918610404,0.9878048780487804,17.78974697506439,11.66299429899772,1.5253155852603977,0.9809052349556416,0.0399959765341582,0.0262214435626646,0.0008188570304711,39.99597653415826,26.22144356266461,818.8570304711998,3.4533273599999994,2.27973564
281,229.0,53.55634918610404,0.9870689655172412,18.200277132160814,16.169778037270838,1.125573714754138,1.00328291666498,0.0409189550651518,0.0363538651700745,0.0011575201233203,40.91895506515186,36.35386517007453,1157.5201233203998,3.4533273599999994,2.27973564
282,234.0,54.970562748477136,0.9629629629629628,17.972617201337638,16.800749473788393,1.0697509197061434,0.9731176629877504,0.0404071163490793,0.0377724530119394,0.0011827934884583,40.40711634907935,37.77245301193949,1182.7934884583997,3.4533273599999994,2.27973564
283,557.0,90.04163056034261,0.9537671232876712,31.42386136882434,23.241246034141597,1.3520730051505163,0.863333030758348,0.070649010561073,0.0522523638087191,0.0028154528763731,70.649010561073,52.25236380871917,2815.4528763732,3.4533273599999994,2.27973564
284,161.0,45.79898987322333,0.9526627218934912,15.718394912893938,13.162415384627254,1.194187727220027,0.9645482138361424,0.0353390385468629,0.029592532012642,0.0008138023574435,35.33903854686292,29.592532012642067,813.8023574435998,3.4533273599999994,2.27973564
285,129.0,39.79898987322333,0.9699248120300752,13.630574501752514,12.088177294495756,1.127595514996217,1.0234237126011188,0.0306450754293101,0.027177365484123,0.0006520528205603,30.645075429310104,27.177365484123023,652.0528205603998,3.4533273599999994,2.27973564
286,127.0,39.55634918610404,0.9769230769230768,14.187853543155736,11.432154119702693,1.241048134463456,1.0199553985328214,0.0318979836069353,0.0257024548211627,0.0006419434745051,31.89798360693531,25.702454821162767,641.9434745051999,3.4533273599999994,2.27973564
287,326.0,68.14213562373095,0.9702380952380952,26.708567272752827,15.900501398351476,1.6797311357440532,0.8822587677300779,0.0600478034566392,0.0357484612738576,0.0016478234069975,60.04780345663927,35.74846127385768,1647.8234069975997,3.4533273599999994,2.27973564
288,179.0,46.970562748477136,0.9781420765027322,16.58061128815045,13.785775054284068,1.2027333409156316,1.0195566651856816,0.0372775251346971,0.0309940066235446,0.0009047864719403,37.27752513469713,30.994006623544696,904.7864719403998,3.4533273599999994,2.27973564
289,143.0,43.21320343559643,0.934640522875817,15.103049844323309,12.120613829344247,1.2460631166846123,0.9623055203230384,0.0339555828429983,0.0272502912479614,0.0007228182429467,33.95558284299832,27.2502912479615,722.8182429467998,3.4533273599999994,2.27973564
290,201.0,50.38477631085024,0.9617224880382776,16.60756856192624,15.46425066979285,1.0739329642636155,0.9949637355009312,0.0373381320950362,0.0347676562108684,0.0010159892785475,37.33813209503628,34.767656210868466,1015.9892785475998,3.4533273599999994,2.27973564
291,220.0,57.79898987322333,0.944206008583691,23.59019519716146,12.143190302597976,1.9426686570261893,0.8275458170346505,0.0530368922539702,0.0273010490297189,0.0011120280660719,53.036892253970215,27.301049029718925,1112.0280660719998,3.4533273599999994,2.27973564
292,302.0,62.970562748477136,0.9901639344262296,23.65508280836508,16.424184658026544,1.4402591849090527,0.9570654930139888,0.0531827764747348,0.0369258373992547,0.0015265112543351,53.18277647473487,36.92583739925475,1526.5112543351995,3.4533273599999994,2.27973564
293,233.0,57.79898987322333,0.939516129032258,20.91286337666083,14.636795452435257,1.4287870213545526,0.8764462516776068,0.0470175542152114,0.032907321743892,0.0011777388154307,47.01755421521147,32.90732174389208,1177.7388154307998,3.4533273599999994,2.27973564
294,674.0,117.94112549695429,0.8269938650306748,39.78521723545609,25.18195965225644,1.579909498103382,0.608890537323815,0.0894475125017865,0.056615592607782,0.0034068496206023,89.44751250178649,56.615592607782055,3406.849620602399,3.4533273599999994,2.27973564
295,259.0,59.21320343559643,0.9592592592592591,21.556522667228688,15.600035646725397,1.381825218569524,0.9282661503314432,0.0484646676518235,0.0350729361431068,0.0013091603141483,48.46466765182356,35.07293614310683,1309.1603141483995,3.4533273599999994,2.27973564
296,98.0,34.14213562373095,0.9702970297029704,12.296691042833602,10.183001203576868,1.2075704202523596,1.0564636855271885,0.027646158603961,0.0228940342859537,0.0004953579567047,27.646158603961076,22.89403428595373,495.3579567047999,3.4533273599999994,2.27973564
297,389.0,74.87005768508881,0.9534313725490196,27.031777155168747,18.77854718453769,1.4395031143531056,0.8720535007912359,0.0607744633068796,0.0422190564931087,0.0019662678077363,60.77446330687968,42.2190564931087,1966.2678077364,3.4533273599999994,2.27973564
298,293.0,70.87005768508881,0.9015384615384616,29.668131006777696,12.975853427492796,2.28641076847538,0.7330809126575955,0.066701672217298,0.0291730922268949,0.0014810191970867,66.70167221729801,29.173092226894948,1481.0191970867995,3.4533273599999994,2.27973564
299,157.0,45.21320343559643,0.940119760479042,15.29050410818562,13.143366864689089,1.16336280236269,0.9651147634490688,0.0343770287662694,0.0295497059872058,0.0007935836653331,34.3770287662694,29.549705987205883,793.5836653331999,3.4533273599999994,2.27973564
300,197.0,50.62741699796952,0.9609756097560976,17.664973117323793,14.283107673639964,1.2367737834760704,0.9658385809422442,0.0397154524607543,0.0321121396583377,0.0009957705864371,39.71545246075439,32.11213965833778,995.7705864371998,3.4533273599999994,2.27973564
301,214.0,53.21320343559643,0.9553571428571428,19.787767166160613,13.803742917397514,1.4335073671374412,0.9496964812307452,0.0444880454089922,0.0310344030514681,0.0010817000279063,44.48804540899226,31.03440305146813,1081.7000279063998,3.4533273599999994,2.27973564
302,221.0,53.21320343559643,0.9692982456140352,18.55629540406645,15.205823331184224,1.220341378425136,0.9807613194018444,0.0417193767051464,0.0341866443625682,0.0011170827390995,41.71937670514643,34.18664436256824,1117.0827390995998,3.4533273599999994,2.27973564
303,89.0,32.14213562373095,0.9888888888888888,11.269273147025244,10.169505117494966,1.1081437116972692,1.082556101513929,0.0253362560455309,0.0228636915754592,0.0004498658994563,25.336256045530973,22.863691575459228,449.8658994563999,3.4533273599999994,2.27973564
304,441.0,82.04163056034261,0.9423076923076924,31.309262355495605,18.36832109900528,1.7045249909743316,0.823341273645211,0.0703913621833665,0.0412967615940496,0.0022291108051715,70.39136218336654,41.29676159404961,2229.1108051716,3.4533273599999994,2.27973564
305,258.0,77.01219330881976,0.821656050955414,30.7934255608255,12.402462201700429,2.4828477652287138,0.546651551962731,0.0692316269513815,0.027883959669595,0.0013041056411207,69.23162695138153,27.883959669595,1304.1056411207996,3.4533273599999994,2.27973564
306,258.0,60.04163056034261,0.9591078066914498,22.68634354186808,14.69786551676042,1.5435127989161528,0.899341458108872,0.0510047987314403,0.0330446231267117,0.0013041056411207,51.00479873144032,33.04462312671178,1304.1056411207996,3.4533273599999994,2.27973564
307,174.0,46.97056274847714,0.9613259668508288,16.784080257069355,13.259088798300631,1.265854728963012,0.9910774287279808,0.0377349762787587,0.0298098789816673,0.0008795131068023,37.73497627875874,29.809878981667374,879.5131068023998,3.4533273599999994,2.27973564
308,420.0,97.84062043356596,0.8879492600422833,40.17851557343712,14.22506784691416,2.8244867445151085,0.5513415951141375,0.0903317494231357,0.0319816510375032,0.0021229626715919,90.33174942313572,31.981651037503223,2122.9626715919994,3.4533273599999994,2.27973564
309,334.0,81.59797974644667,0.8413098236775819,30.75286700437553,16.076163560640524,1.9129481289720247,0.6303728764104916,0.0691404407712573,0.0361433954868456,0.0016882607912183,69.14044077125732,36.143395486845655,1688.2607912183996,3.4533273599999994,2.27973564
310,219.0,56.14213562373095,0.9776785714285714,21.86417786395924,13.130405559172114,1.6651563247935044,0.8731243916638014,0.0491563565244249,0.0295205656024642,0.0011069733930443,49.15635652442499,29.52056560246429,1106.9733930443997,3.4533273599999994,2.27973564
311,79.0,29.556349186104047,1.0,10.35774141608242,9.683602217085031,1.0696165728294773,1.1364108662469907,0.0232868957161214,0.0217712555205835,0.0003993191691803,23.28689571612146,21.771255520583598,399.3191691803999,3.4533273599999994,2.27973564
312,123.0,38.14213562373095,0.9919354838709676,13.863812962730156,11.3404051930586,1.222514780266945,1.062441345941847,0.0311694561315876,0.0254961793793459,0.0006217247823947,31.16945613158769,25.49617937934592,621.7247823947998,3.4533273599999994,2.27973564
313,84.0,31.556349186104043,0.9545454545454546,11.142342135751209,9.59013350842704,1.161854746439162,1.0600238673807667,0.025050882130124,0.0215611135616561,0.0004245925343183,25.05088213012401,21.56111356165617,424.5925343183999,3.4533273599999994,2.27973564
314,336.0,69.55634918610404,0.9710982658959536,27.69613634562911,15.781884574748084,1.7549321321196651,0.8727213153469812,0.0622681155004241,0.0354817798140231,0.0016983701372735,62.268115500424095,35.48177981402312,1698.3701372735995,3.4533273599999994,2.27973564
315,128.0,40.38477631085024,0.9552238805970148,14.86998252331726,10.9704337485461,1.3554598536532765,0.9862442184088464,0.0334315869078732,0.0246643873795062,0.0006469981475327,33.43158690787326,24.66438737950625,646.9981475327999,3.4533273599999994,2.27973564
316,105.0,35.31370849898476,0.9813084112149532,13.001318661169362,10.29761651133375,1.2625561115875568,1.0580653875719903,0.0292303446931606,0.0231517192977712,0.0005307406678979,29.230344693160628,23.151719297771216,530.7406678979999,3.4533273599999994,2.27973564
317,442.0,76.38477631085024,0.9822222222222222,25.003554761719325,22.881810913335965,1.0927262206832924,0.9519595851237704,0.056214492028583,0.0514442602040167,0.0022341654781991,56.21449202858308,51.44426020401671,2234.1654781992,3.4533273599999994,2.27973564
318,86.0,32.72792206135785,0.9662921348314608,13.31294355477596,8.187284268034658,1.6260512178321749,1.0089541958843915,0.0299309584764605,0.0184071437284516,0.0004347018803735,29.930958476460592,18.4071437284516,434.7018803735999,3.4533273599999994,2.27973564
319,294.0,65.45584412271572,0.9514563106796116,23.72749975306056,16.372934861232242,1.4491903836521345,0.8623038767151483,0.0533455885948159,0.036810614531114,0.0014860738701143,53.34558859481592,36.810614531114,1486.0738701143996,3.4533273599999994,2.27973564
320,460.0,85.11269837220809,0.9330628803245437,32.86457671552121,18.19305768094552,1.80643503098118,0.7979560593080255,0.0738881132464377,0.0409027238617625,0.0023251495926959,73.88811324643771,40.902723861762574,2325.149592696,3.4533273599999994,2.27973564
321,975.0,127.79898987322332,0.986842105263158,54.96431217083904,23.230997631740017,2.365990175804696,0.7501699051362395,0.1235740644812105,0.0522293227355358,0.0049283062019099,123.57406448121056,52.2293227355358,4928.306201909999,3.4533273599999994,2.27973564
322,129.0,39.55634918610404,0.9772727272727272,14.375157890116844,11.456351561191676,1.2547762534463944,1.0360176882734955,0.032319092478034,0.0257568569609647,0.0006520528205603,32.319092478034094,25.756856960964797,652.0528205603998,3.4533273599999994,2.27973564
323,282.0,61.79898987322333,0.9825783972125436,24.05446872021647,15.056692774019488,1.597593115649059,0.9278894127745034,0.0540806998449138,0.033851360096117,0.0014254177937831,54.08069984491387,33.85136009611705,1425.4177937831996,3.4533273599999994,2.27973564
324,319.0,66.38477631085024,0.960843373493976,24.038157818165622,17.346319822924624,1.3857785434347392,0.9096274437399856,0.054044028696269,0.0389990370050885,0.0016124406958043,54.044028696269045,38.99903700508851,1612.4406958043996,3.4533273599999994,2.27973564
325,140.0,41.55634918610404,0.9722222222222222,14.69287235338932,12.2026892304929,1.2040683881937913,1.0187394540474053,0.033033397197231,0.0274348180893479,0.0007076542238639,33.03339719723107,27.43481808934796,707.6542238639998,3.4533273599999994,2.27973564
326,919.0,121.21320343559644,0.9787007454739084,50.49758318466962,23.859326614242395,2.116471432790815,0.7860053778297587,0.1135316963707653,0.0536419696537366,0.0046452445123643,113.53169637076532,53.6419696537366,4645.244512364399,3.4533273599999994,2.27973564
327,638.0,108.0416305603426,0.9410029498525072,46.46036899731744,18.10963748661723,2.5655051920090064,0.6868284603930536,0.1044549892019088,0.040715173575662,0.0032248813916087,104.45498920190887,40.71517357566205,3224.8813916087997,3.4533273599999994,2.27973564
329,143.0,41.79898987322333,0.9662162162162162,14.448319722467163,12.590874861110814,1.147523097627902,1.0285237586918965,0.032483579299234,0.0283075603152409,0.0007228182429467,32.48357929923402,28.307560315240995,722.8182429467998,3.4533273599999994,2.27973564
330,232.0,55.79898987322333,0.978902953586498,22.05665546458114,13.45688591361428,1.6390608946358465,0.9363650062762232,0.0495890962147991,0.0302545783241424,0.0011726841424031,49.58909621479919,30.25457832414244,1172.6841424031998,3.4533273599999994,2.27973564
331,465.0,85.79898987322333,0.9489795918367347,34.62597142276234,17.716517044683844,1.9544457488698368,0.7937769201395735,0.0778481865109396,0.0398313366108808,0.0023504229578339,77.84818651093966,39.831336610880896,2350.422957834,3.4533273599999994,2.27973564
332,829.0,123.21320343559644,0.9463470319634704,53.51421818859813,20.52784461013013,2.6069087722044526,0.6861987088893775,0.1203138761846976,0.0461519319231711,0.0041903239398803,120.31387618469762,46.15193192317116,4190.323939880399,3.4533273599999994,2.27973564
333,249.0,62.04163056034261,0.9688715953307392,25.59322322152537,12.607908031582983,2.029934161751021,0.81291063355733,0.0575402200400266,0.0283458553110867,0.0012586135838723,57.54022004002663,28.34585531108676,1258.6135838723997,3.4533273599999994,2.27973564
334,178.0,50.970562748477136,0.9518716577540108,21.08407015667928,10.865804032872822,1.9404058910774264,0.8609759282203137,0.0474024715704557,0.0244291525749466,0.0008997317989127,47.40247157045575,24.429152574946645,899.7317989127998,3.4533273599999994,2.27973564
335,218.0,53.21320343559643,0.9688888888888888,19.75026659043795,14.07207368506363,1.4035079002891566,0.967447817328516,0.044403734364618,0.0316376803831811,0.0011019187200167,44.40373436461802,31.637680383181152,1101.9187200168,3.4533273599999994,2.27973564
336,73.0,28.970562748477143,0.9733333333333334,10.448599599736063,8.903138389278775,1.1735861156913323,1.0929967268067566,0.0234911685361026,0.0200165699150798,0.0003689911310147,23.4911685361026,20.01656991507989,368.9911310147999,3.4533273599999994,2.27973564
337,202.0,52.38477631085024,0.957345971563981,19.554323136949364,13.30891878836556,1.4692645922554908,0.9250198363262616,0.0439632025358777,0.0299219097551307,0.0010210439515751,43.96320253587777,29.92190975513075,1021.0439515751998,3.4533273599999994,2.27973564
338,132.0,40.38477631085024,0.9705882352941176,13.275900710481029,12.8188355479983,1.0356557474172527,1.0170643502341228,0.029847676531346,0.0288200752091426,0.0006672168396431,29.84767653134607,28.82007520914265,667.2168396431998,3.4533273599999994,2.27973564
339,567.0,88.04163056034261,0.9759036144578314,31.34128799101252,23.40389282961921,1.3391485006010624,0.9192142925850784,0.0704633641386738,0.0526180360931196,0.0028659996066491,70.4633641386738,52.61803609311967,2865.9996066491994,3.4533273599999994,2.27973564
340,416.0,77.45584412271572,0.9563218390804598,29.027138024184158,18.50105594269649,1.568944935580445,0.8713543669035663,0.0652605533342522,0.0415951840337268,0.0021027439794815,65.26055333425226,41.5951840337268,2102.7439794816,3.4533273599999994,2.27973564
341,741.0,114.38477631085024,0.9635890767230167,49.793525317186834,19.67900288780681,2.530287006972244,0.7116912355915327,0.1119487912296184,0.0442435150325405,0.0037455127134515,111.94879122961844,44.243515032540536,3745.512713451599,3.4533273599999994,2.27973564
342,109.0,36.38477631085024,0.981981981981982,13.03167776773268,10.84169872312662,1.201995932605522,1.0346582938310511,0.0292985998580826,0.0243749575712566,0.0005509593600083,29.29859985808267,24.37495757125665,550.9593600083999,3.4533273599999994,2.27973564
343,99.0,35.21320343559643,0.9519230769230768,12.856625186932476,9.83536114692692,1.307183843569339,1.0033073345561887,0.0289050361427728,0.0221124490521899,0.0005004126297323,28.905036142772804,22.11244905218992,500.4126297323999,3.4533273599999994,2.27973564
344,685.0,118.42640687119284,0.8488228004956629,38.35804155367365,25.50193571702227,1.504122745006767,0.6137667113677979,0.0862388505034622,0.0573349819951524,0.0034624510239059,86.23885050346229,57.33498199515248,3462.451023905999,3.4533273599999994,2.27973564
346,231.0,58.62741699796952,0.9506172839506172,23.928300253946496,12.459217590219383,1.9205299273953171,0.8445401925452338,0.0537970403289377,0.0280115605393866,0.0011676294693755,53.79704032893774,28.011560539386632,1167.6294693755997,3.4533273599999994,2.27973564
347,124.0,39.79898987322333,0.9612403100775194,13.55403571730148,11.892812967058427,1.139682912263434,0.9837561268413854,0.0304729963417802,0.0267381356813187,0.0006267794554223,30.472996341780224,26.73813568131878,626.7794554223999,3.4533273599999994,2.27973564
348,75.0,29.556349186104043,0.9615384615384616,10.407631045410232,9.193648436728951,1.1320457941192723,1.0788710755509408,0.023399060574154,0.0206697120343602,0.0003791004770699,23.399060574154007,20.66971203436023,379.1004770699999,3.4533273599999994,2.27973564
349,165.0,47.79898987322333,0.9482758620689656,19.17316476218219,11.15162553549667,1.719315690896561,0.907520346272314,0.0431062594082237,0.0250717536264357,0.0008340210495539,43.10625940822372,25.07175362643574,834.0210495539998,3.4533273599999994,2.27973564
350,327.0,68.38477631085024,0.9849397590361446,27.479134388370344,15.36429719136436,1.788505783643344,0.8786962143432818,0.0617802386799975,0.0345429348034568,0.0016528780800251,61.7802386799975,34.54293480345683,1652.8780800251996,3.4533273599999994,2.27973564
351,134.0,41.55634918610404,0.950354609929078,15.323044292577682,11.26186573850008,1.3606132987533284,0.9750791917310878,0.0344501875612306,0.0253196022652401,0.0006773261856983,34.4501875612307,25.319602265240185,677.3261856983999,3.4533273599999994,2.27973564
352,74.0,29.556349186104043,0.9487179487179488,10.003625050506372,9.469520831721608,1.056402454598926,1.0644861278769282,0.0224907500560514,0.0212899449051264,0.0003740458040423,22.490750056051453,21.28994490512642,374.0458040424,3.4533273599999994,2.27973564
353,82.0,30.72792206135785,0.9761904761904762,11.372290358222404,9.146633204645424,1.2433307539266587,1.09133310926215,0.0255678655207771,0.0205640095686761,0.0004144831882631,25.5678655207771,20.56400956867612,414.4831882631999,3.4533273599999994,2.27973564
354,118.0,37.55634918610404,0.975206611570248,13.039452132790354,11.529995693320435,1.1309156117330017,1.051296296948965,0.0293160786520672,0.0259224281174645,0.0005964514172567,29.31607865206724,25.9224281174646,596.4514172567999,3.4533273599999994,2.27973564
355,95.0,33.55634918610404,0.979381443298969,12.257559461757449,9.872662556695534,1.2415657267091036,1.0601908685338757,0.0275581806354907,0.0221963123197162,0.0004801939376219,27.558180635490796,22.1963123197163,480.1939376219999,3.4533273599999994,2.27973564
356,117.0,37.55634918610404,0.9831932773109244,14.421905392584256,10.303390759959154,1.399724200370076,1.042387006296855,0.0324241930179314,0.0231647013099857,0.0005913967442291,32.42419301793147,23.16470130998576,591.3967442291998,3.4533273599999994,2.27973564
357,536.0,90.38477631085024,0.9710144927536232,36.29106503014808,19.25423984524784,1.8848349933225284,0.8244875055156077,0.0815917498646807,0.0432885372744769,0.0027093047427935,81.59174986468071,43.28853727447691,2709.3047427935994,3.4533273599999994,2.27973564
358,185.0,49.21320343559643,0.9585492227979274,17.71429175403929,13.427853230462905,1.3192199415653445,0.9598830470150876,0.0398263335789363,0.0301893053039205,0.0009351145101059,39.82633357893637,30.189305303920523,935.1145101059998,3.4533273599999994,2.27973564
359,94.0,33.55634918610404,0.9690721649484536,12.395207874092396,9.647256117395012,1.2848428323305876,1.0490309646545717,0.0278676500550069,0.0216895400384945,0.0004751392645943,27.867650055006965,21.68954003849451,475.1392645943999,3.4533273599999994,2.27973564
360,139.0,41.55634918610404,0.972027972027972,15.416822140212956,11.48430301849462,1.342425579975146,1.0114627436613524,0.0346610245449551,0.0258196991043607,0.0007025995508363,34.66102454495518,25.819699104360712,702.5995508363999,3.4533273599999994,2.27973564
361,178.0,48.62741699796952,0.967391304347826,18.87597229340877,11.993608342278538,1.5738359761898584,0.9459484368249004,0.0424380934683792,0.0269647498916111,0.0008997317989127,42.4380934683792,26.96474989161114,899.7317989127998,3.4533273599999994,2.27973564
362,110.0,40.38477631085024,0.9322033898305084,17.081633694120665,8.466146796480144,2.017639677736567,0.8475536251951024,0.0384039537691437,0.0190340991966544,0.0005560140330359,38.40395376914372,19.034099196654445,556.0140330359999,3.4533273599999994,2.27973564
363,85.0,31.556349186104043,0.9659090909090908,11.024829085871197,9.88907308420252,1.114849591260784,1.0726431991352996,0.0247866822406007,0.0222332074522891,0.0004296472073459,24.78668224060077,22.23320745228915,429.6472073459999,3.4533273599999994,2.27973564
364,131.0,40.38477631085024,0.9776119402985076,15.174120512492742,11.027351690046451,1.3760439440948693,1.0093593172778037,0.0341153681834169,0.0247923537106638,0.0006621621666155,34.115368183416926,24.792353710663832,662.1621666155999,3.4533273599999994,2.27973564
365,159.0,45.21320343559643,0.9636363636363636,16.54289181430654,12.260031170245531,1.3493352165739425,0.9774092190344073,0.0371927219504328,0.0275637376788162,0.0008036930113883,37.19272195043281,27.563737678816214,803.6930113883998,3.4533273599999994,2.27973564
366,100.0,34.970562748477136,0.9615384615384616,12.913507128785266,9.857775288309838,1.3099818925776454,1.0275539236232234,0.0290329215373627,0.0221628418696954,0.0005054673027599,29.03292153736276,22.162841869695477,505.4673027599999,3.4533273599999994,2.27973564
367,475.0,89.4558441227157,0.927734375,36.93832566761059,16.91670935265764,2.183540835133372,0.745909326392086,0.0830469600654621,0.038033160969206,0.0024009696881099,83.04696006546217,38.03316096920607,2400.9696881099994,3.4533273599999994,2.27973564
368,80.0,31.556349186104043,0.9523809523809524,12.17900327942886,8.372686493573084,1.4546111679659235,1.009546540362635,0.0273815659130087,0.0188239761360406,0.0004043738422079,27.38156591300872,18.82397613604062,404.3738422079999,3.4533273599999994,2.27973564
369,139.0,43.21320343559643,0.9586206896551724,16.86919500884451,10.57921936836137,1.5945595248071127,0.9353878833909256,0.0379263363705847,0.0237848357371121,0.0007025995508363,37.92633637058476,23.78483573711213,702.5995508363999,3.4533273599999994,2.27973564
370,74.0,30.14213562373095,0.9367088607594936,11.388809819281793,8.29786378568057,1.3724990085924518,1.0235134274794264,0.0256050055642984,0.0186557552347941,0.0003740458040423,25.60500556429848,18.6557552347942,374.0458040424,3.4533273599999994,2.27973564
371,183.0,48.72792206135786,0.9786096256684492,18.136229992705186,12.99375772253634,1.3957648264635374,0.9685123656994028,0.0407749604433993,0.0292133457372695,0.0009250051640507,40.77496044339935,29.213345737269545,925.0051640507996,3.4533273599999994,2.27973564
372,318.0,68.87005768508881,0.9520958083832336,26.952121753999958,15.342203882735896,1.756730777403391,0.8425119907179258,0.0605953772546479,0.0344932633013998,0.0016073860227767,60.59537725464793,34.4932633013998,1607.3860227767996,3.4533273599999994,2.27973564
373,609.0,101.11269837220809,0.9515625,38.9837587542275,20.64220975776916,1.8885458103416024,0.7485412804083245,0.0876456254567795,0.046409054510002,0.0030782958738083,87.64562545677951,46.40905451000209,3078.2958738083994,3.4533273599999994,2.27973564
374,234.0,55.45584412271571,0.9669421487603306,20.166111576655783,15.020569877654326,1.342566343415261,0.9561611214257788,0.0453386620133321,0.0337701464331351,0.0011827934884583,45.338662013332126,33.77014643313511,1182.7934884583997,3.4533273599999994,2.27973564
375,1166.0,131.94112549695427,0.9765494137353434,49.26729861006228,30.8075362718543,1.5991963192159828,0.8416820117069176,0.1107656967730586,0.0692633514985591,0.0058937487501815,110.7656967730586,69.26335149855913,5893.748750181599,3.4533273599999994,2.27973564
376,273.0,67.21320343559643,0.9285714285714286,27.729429555046536,13.344701487698826,2.077935544725941,0.7593872858420178,0.0623429672914289,0.0300023585667337,0.0013799257365347,62.34296729142892,30.00235856673376,1379.9257365347996,3.4533273599999994,2.27973564
377,256.0,59.79898987322333,0.9588014981273408,22.871156372031606,14.419074794341975,1.58617364139107,0.8996262796989591,0.0514203060249837,0.0324178290971272,0.0012939962950655,51.42030602498377,32.41782909712729,1293.9962950655995,3.4533273599999994,2.27973564
378,169.0,47.79898987322333,0.949438202247191,18.24418448292412,11.910793607364678,1.5317354228725264,0.9295208395152792,0.0410176702055789,0.0267785608356937,0.0008542397416643,41.01767020557897,26.778560835693707,854.2397416643998,3.4533273599999994,2.27973564
379,112.0,37.31370849898476,0.991150442477876,14.822003976747878,9.668591805481562,1.5330054546665848,1.0108601073016557,0.0333237186607631,0.0217375082125919,0.0005661233790911,33.32371866076318,21.737508212591973,566.1233790911999,3.4533273599999994,2.27973564
380,167.0,46.38477631085024,0.9653179190751444,17.50944889484917,12.20613709503523,1.4344791278783058,0.9753834942225338,0.0393657935723335,0.0274425697852839,0.0008441303956091,39.3657935723336,27.4425697852839,844.1303956091998,3.4533273599999994,2.27973564
381,158.0,46.38477631085024,0.9404761904761904,17.572996011879628,11.62824531073164,1.5112336850738444,0.9228179166895828,0.0395086640136684,0.0261433188023055,0.0007986383383607,39.508664013668486,26.143318802305515,798.6383383607998,3.4533273599999994,2.27973564
382,119.0,38.14213562373095,0.9754098360655736,14.039683640523773,10.833698764200587,1.2959270832706922,1.0278904078624371,0.0315648591416439,0.0243569715836016,0.0006015060902843,31.564859141643968,24.356971583601613,601.5060902843999,3.4533273599999994,2.27973564
383,237.0,55.21320343559643,0.9634146341463414,18.08594666522658,16.853652637673964,1.073117326792294,0.9769499596678476,0.0406619104495623,0.0378913930791768,0.0011979575075411,40.66191044956231,37.89139307917686,1197.9575075411997,3.4533273599999994,2.27973564
384,255.0,56.970562748477136,0.9807692307692308,18.55014931636159,17.73196772202504,1.0461416131115713,0.9872997469026576,0.0417055587020031,0.03986607375072,0.0012889416220379,41.7055587020031,39.86607375072001,1288.9416220379997,3.4533273599999994,2.27973564
385,152.0,43.55634918610404,0.9743589743589745,15.695585069477977,12.396708745474823,1.2661090448872037,1.006816931237201,0.0352877560883045,0.0278710244041012,0.0007683103001951,35.28775608830455,27.871024404101224,768.3103001951998,3.4533273599999994,2.27973564
386,88.0,31.556349186104047,0.9887640449438202,11.018087948417126,10.147898163388271,1.0857507407956002,1.110501194398898,0.0247715264109082,0.0228151135248193,0.0004448112264287,24.771526410908283,22.815113524819317,444.8112264287999,3.4533273599999994,2.27973564
387,150.0,45.79898987322333,0.9493670886075948,18.29080083050364,10.525846731892493,1.737703511783422,0.8986474041951636,0.0411224758751881,0.0236648401734446,0.0007582009541399,41.1224758751881,23.664840173444613,758.2009541399998,3.4533273599999994,2.27973564
388,207.0,52.970562748477136,0.9627906976744186,20.50229222179298,12.96211565037199,1.581708786960607,0.927066815777363,0.0460944835105682,0.0291422061321053,0.0010463173167131,46.09448351056828,29.14220613210533,1046.3173167131995,3.4533273599999994,2.27973564
389,210.0,52.38477631085024,0.967741935483871,18.538555662045063,14.51387807972434,1.2772985662559158,0.961654285289678,0.0416794931527494,0.032630971531521,0.0010614813357959,41.67949315274943,32.63097153152104,1061.4813357959997,3.4533273599999994,2.27973564
390,284.0,61.698484809834994,0.953020134228188,20.89921288323591,17.477259536915334,1.195794617519569,0.9375171187212212,0.0469868643568639,0.0392934235264652,0.0014355271398383,46.98686435686396,39.29342352646526,1435.5271398383998,3.4533273599999994,2.27973564
391,258.0,59.21320343559643,0.9772727272727272,22.415155774685555,14.97417830941742,1.4969205863261577,0.9246821111409744,0.0503950981219945,0.0336658461259308,0.0013041056411207,50.395098121994536,33.665846125930805,1304.1056411207996,3.4533273599999994,2.27973564
392,265.0,59.79898987322333,0.960144927536232,22.294546496234837,15.299395942779718,1.457217433918125,0.9312537660946256,0.0501239371056249,0.0343970199223139,0.0013394883523139,50.12393710562492,34.39701992231392,1339.4883523139997,3.4533273599999994,2.27973564
393,601.0,98.0416305603426,0.9756493506493508,39.96736747924323,19.66050765741235,2.0328756599616518,0.785711817092888,0.0898570336088833,0.0442019329458538,0.0030378584895875,89.85703360888337,44.20193294585388,3037.8584895875997,3.4533273599999994,2.27973564
394,95.0,34.14213562373095,0.95,11.751208897707032,10.36235212295034,1.1340291044231818,1.0241229604600297,0.0264197729163588,0.0232972617839443,0.0004801939376219,26.41977291635881,23.29726178394433,480.1939376219999,3.4533273599999994,2.27973564
395,200.0,51.21320343559643,0.9523809523809524,17.630374006366797,14.523302392900389,1.2139369910100666,0.958243705693595,0.0396376646635542,0.0326521598378622,0.0010109346055199,39.63766466355421,32.65215983786222,1010.9346055199998,3.4533273599999994,2.27973564
396,1463.0,161.84062043356596,0.9457013574660632,61.83037024671508,31.55377751803977,1.9595235534435052,0.7019062681947844,0.1390107482108796,0.070941095842708,0.0073949866393787,139.01074821087963,70.94109584270808,7394.986639378799,3.4533273599999994,2.27973564
397,397.0,77.45584412271572,0.9520383693045564,30.72567870219103,16.968803200819018,1.8107157198162345,0.8315569318767206,0.069079314398988,0.0381502814842733,0.0020067051919571,69.07931439898799,38.15028148427336,2006.7051919571995,3.4533273599999994,2.27973564
398,182.0,47.79898987322333,0.9578947368421052,16.17184906440185,14.387384690480658,1.1240297950121452,1.0010224425549163,0.0363585213775321,0.03234658150422,0.0009199504910231,36.3585213775321,32.34658150422004,919.9504910231998,3.4533273599999994,2.27973564
399,109.0,36.970562748477136,0.9478260869565216,13.274223268298853,10.503542894619796,1.263785315248084,1.0021304061097107,0.0298439052051855,0.0236146953482579,0.0005509593600083,29.84390520518557,23.6146953482579,550.9593600083999,3.4533273599999994,2.27973564
400,133.0,40.97056274847714,0.9851851851851852,15.649940674367556,10.933599599575182,1.4313621540499455,0.9956751004472508,0.0351851356205535,0.0245815746357408,0.0006722715126707,35.185135620553595,24.581574635740896,672.2715126707999,3.4533273599999994,2.27973564
401,243.0,56.04163056034261,0.9604743083003952,19.48342048880473,15.930711766586654,1.2230100433848528,0.97228729761899,0.0438037949481601,0.0358163820363461,0.0012282855457067,43.80379494816012,35.816382036346106,1228.2855457067997,3.4533273599999994,2.27973564
402,703.0,108.97056274847714,0.96831955922865,44.583951571238,20.822338527307675,2.1411596739130863,0.7439552307566003,0.1002363149595515,0.0468140308174047,0.0035534351384027,100.23631495955152,46.81403081740475,3553.435138402799,3.4533273599999994,2.27973564
403,76.0,29.899494936611667,0.987012987012987,11.345518997269124,8.579236469849587,1.3224392446974986,1.0683062071425138,0.0255076765408002,0.019288354185704,0.0003841551500975,25.50767654080028,19.28835418570403,384.1551500975999,3.4533273599999994,2.27973564
404,154.0,43.79898987322333,0.9565217391304348,15.639172105706082,12.53509304362415,1.2476311146059496,1.0087937797500768,0.0351609250783747,0.0281821482862584,0.0007784196462503,35.16092507837475,28.18214828625843,778.4196462503999,3.4533273599999994,2.27973564
405,115.0,37.55634918610404,0.9663865546218487,13.740797255455954,10.725635741110864,1.2811172770662085,1.0245684249926357,0.0308928848375514,0.0241140178113099,0.0005812873981739,30.8928848375514,24.114017811309907,581.2873981739999,3.4533273599999994,2.27973564
406,120.0,39.21320343559643,0.9448818897637796,12.942892372792617,12.006497468902046,1.077990680155967,0.980678073257209,0.0290989872060547,0.0269937279994337,0.0006065607633119,29.09898720605472,26.99372799943371,606.5607633119998,3.4533273599999994,2.27973564
407,129.0,41.21320343559643,0.9626865671641792,15.671400880940933,10.496301861736514,1.4930402238211016,0.9543920842612496,0.0352333837445842,0.0235984156236677,0.0006520528205603,35.23338374458425,23.598415623667734,652.0528205603998,3.4533273599999994,2.27973564
408,116.0,38.38477631085024,0.9508196721311476,13.574238551700756,10.967218483874165,1.237710233607534,0.9893496969847736,0.0305184175662467,0.0246571586285549,0.0005863420712015,30.518417566246736,24.65715862855492,586.3420712015999,3.4533273599999994,2.27973564
409,81.0,31.31370849898476,0.9642857142857144,11.441829841944251,9.082993856170852,1.2596980712665398,1.038068168883187,0.0257242083604495,0.0204209317670746,0.0004094285152355,25.72420836044958,20.42093176707468,409.4285152355999,3.4533273599999994,2.27973564
410,102.0,34.14213562373095,0.9902912621359224,11.491888158219314,11.282654407905822,1.0185447273973829,1.0995846522834003,0.0258367524705981,0.0253663405991183,0.0005155766488151,25.836752470598157,25.36634059911834,515.5766488151999,3.4533273599999994,2.27973564
411,171.0,47.21320343559643,0.95,16.502676044056027,13.263729377854496,1.244195774350566,0.9640044472188454,0.0371023064428094,0.0298203122110551,0.0008643490877195,37.1023064428094,29.820312211055143,864.3490877195998,3.4533273599999994,2.27973564
412,473.0,105.49747468305831,0.8808193668528864,43.44434378139596,14.932679260338151,2.9093468776755977,0.5340560961916918,0.0976741803499612,0.0335725454738478,0.0023908603420547,97.67418034996126,33.572545473847846,2390.8603420547997,3.4533273599999994,2.27973564
413,148.0,42.72792206135785,0.9866666666666668,15.882366154725895,11.93656717726361,1.3305639652393628,1.018704052577557,0.035707688531024,0.0268365065219546,0.0007480916080847,35.70768853102404,26.83650652195468,748.0916080847999,3.4533273599999994,2.27973564
414,214.0,52.38477631085024,0.9727272727272728,18.67545850809673,14.72222430613428,1.2685215304263,0.979971509771386,0.0419872863454135,0.0330993880185094,0.0010817000279063,41.98728634541355,33.09938801850946,1081.7000279063998,3.4533273599999994,2.27973564
415,468.0,91.79898987322332,0.9649484536082474,40.32898170793434,15.28544486526638,2.638391101038558,0.6978786500535548,0.0906700364146804,0.0343656542727837,0.0023655869769167,90.67003641468044,34.36565427278379,2365.5869769168,3.4533273599999994,2.27973564
416,419.0,79.21320343559643,0.9610091743119266,29.972768156764268,18.358880852060395,1.632603228829194,0.8391290057172639,0.0673865757361268,0.0412755374644532,0.0021179079985643,67.38657573612683,41.2755374644533,2117.9079985644,3.4533273599999994,2.27973564
417,349.0,70.38477631085024,0.9640883977900552,26.980117255629043,16.797336014899255,1.6062140586874996,0.8852742285367614,0.0606583184211405,0.0377647786688573,0.0017640808866323,60.65831842114054,37.7647786688574,1764.0808866323996,3.4533273599999994,2.27973564
418,353.0,73.4558441227157,0.9463806970509384,28.841748467768152,16.222861150259142,1.7778459792406864,0.8221136550438354,0.0648437494101444,0.0364732098096816,0.0017842995787427,64.84374941014441,36.47320980968161,1784.2995787427997,3.4533273599999994,2.27973564
419,182.0,47.79898987322333,0.978494623655914,17.718311740694837,13.118332690676986,1.350652720775026,1.001022442554916,0.0398353715541345,0.0294934226551414,0.0009199504910231,39.83537155413457,29.49342265514144,919.9504910231998,3.4533273599999994,2.27973564
420,193.0,50.38477631085024,0.9507389162561576,18.431948788749228,13.506302516214353,1.364692429080544,0.9553631888143272,0.0414398131837933,0.030365679695104,0.0009755518943267,41.43981318379333,30.36567969510408,975.5518943267998,3.4533273599999994,2.27973564
421,71.0,29.31370849898476,0.9466666666666668,10.348591391568997,8.805131571247284,1.1752909434495906,1.0383091544711966,0.0232663240820089,0.0197962251063724,0.0003588817849595,23.26632408200891,19.79622510637241,358.88178495959994,3.4533273599999994,2.27973564
422,171.0,48.38477631085024,0.95,18.397659001421506,11.961930703949257,1.5380175204783184,0.917885478756464,0.0413627208265359,0.0268935303244609,0.0008643490877195,41.3627208265359,26.893530324460954,864.3490877195998,3.4533273599999994,2.27973564
423,106.0,35.55634918610404,0.9724770642201837,12.393025755478758,10.899878854659557,1.136987476716854,1.053613687932448,0.0278627440850126,0.0245057616337768,0.0005357953409255,27.862744085012668,24.50576163377689,535.7953409255999,3.4533273599999994,2.27973564
424,105.0,34.72792206135786,0.9905660377358492,11.781615304247763,11.337649388527677,1.039158550463673,1.094061074972833,0.026488134423928,0.0254899836142512,0.0005307406678979,26.488134423928077,25.489983614251223,530.7406678979999,3.4533273599999994,2.27973564
425,362.0,76.8700576850888,0.9501312335958004,32.03173700810473,14.786483253128711,2.166285009069147,0.7698462889715464,0.0720156730458415,0.0332438588386791,0.0018297916359911,72.01567304584152,33.24385883867916,1829.7916359912,3.4533273599999994,2.27973564
426,442.0,77.55634918610404,0.9910313901345292,28.685431381502564,19.975473320313117,1.4360326246854072,0.923416049839234,0.0644923079577769,0.0449100576471271,0.0022341654781991,64.49230795777694,44.910057647127154,2234.1654781992,3.4533273599999994,2.27973564
427,236.0,56.62741699796952,0.9516129032258064,19.722009171184528,15.430082833021416,1.2781531625337812,0.92484374286551,0.0443402043392073,0.0346908380301687,0.0011929028345135,44.34020433920732,34.69083803016873,1192.9028345135998,3.4533273599999994,2.27973564
428,155.0,44.04163056034261,0.9567901234567902,14.635152558696722,13.506510917298924,1.083562783039123,1.0041874353976714,0.0329036280916154,0.0303661482349264,0.0007834743192779,32.90362809161549,30.36614823492648,783.4743192779998,3.4533273599999994,2.27973564
429,228.0,55.21320343559643,0.9702127659574468,20.48915751541417,14.380847234543507,1.424753158228272,0.9398505941108406,0.046064953275605,0.0323318836035347,0.0011524654502927,46.06495327560506,32.331883603534784,1152.4654502927997,3.4533273599999994,2.27973564
430,106.0,36.97056274847714,0.9464285714285714,13.87991502966526,9.79236950891382,1.4174214950764084,0.9745488352993514,0.0312056577645952,0.0220157926721105,0.0005357953409255,31.205657764595216,22.01579267211058,535.7953409255999,3.4533273599999994,2.27973564
431,74.0,29.556349186104043,0.9736842105263158,10.951170887470068,8.700955470433593,1.2586170478268566,1.0644861278769282,0.0246210794594634,0.019562010145957,0.0003740458040423,24.62107945946345,19.56201014595703,374.0458040424,3.4533273599999994,2.27973564
432,367.0,74.04163056034261,0.9786666666666668,29.44296985080832,16.464414444214004,1.7882791975729992,0.8412478739379171,0.0661954513967783,0.0370162844183485,0.0018550650011291,66.1954513967783,37.01628441834857,1855.0650011292,3.4533273599999994,2.27973564
433,175.0,47.21320343559643,0.9776536312849162,17.270285500606104,12.99999740788842,1.3284837649372505,0.9865542588496956,0.0388280920795926,0.0292273741722592,0.0008845677798299,38.82809207959267,29.227374172259218,884.5677798299998,3.4533273599999994,2.27973564
434,71.0,28.72792206135785,0.9594594594594594,10.456218560213772,8.645900977724493,1.2093844918133374,1.081084859110734,0.0235082979401862,0.0194382333321788,0.0003588817849595,23.50829794018621,19.438233332178864,358.88178495959994,3.4533273599999994,2.27973564
435,181.0,49.45584412271571,0.9627659574468084,16.81174877568783,14.103038804179109,1.1920656965579686,0.929936300879017,0.0377971823024279,0.0317072980218837,0.0009148958179955,37.79718230242791,31.70729802188372,914.8958179955998,3.4533273599999994,2.27973564
436,245.0,55.79898987322333,0.9760956175298804,19.01761169626593,16.58404314452185,1.1467415714332576,0.988833735076184,0.0427565356722468,0.0372852408401026,0.0012383948917619,42.756535672246834,37.28524084010269,1238.3948917619998,3.4533273599999994,2.27973564
437,99.0,34.97056274847714,0.9519230769230768,12.456576935036075,10.236580157378729,1.2168689878383976,1.0172783843869908,0.0280056236599642,0.0230144937046282,0.0005004126297323,28.005623659964204,23.014493704628293,500.4126297323999,3.4533273599999994,2.27973564
438,437.0,79.79898987322332,0.9689578713968958,31.47248081526508,18.05449207178109,1.743193920390378,0.8623757053281941,0.0707583197177278,0.0405911923453025,0.0022088921130611,70.75831971772784,40.59119234530255,2208.8921130612,3.4533273599999994,2.27973564
439,360.0,74.97056274847714,0.96514745308311,31.15530517584157,15.007941811749902,2.07592124000972,0.8048794203361621,0.0700452264146375,0.0337417552576848,0.0018196822899359,70.04522641463755,33.74175525768483,1819.6822899359995,3.4533273599999994,2.27973564
440,153.0,43.55634918610404,0.9807692307692308,16.049544432980543,12.240734990166665,1.311158557543612,1.013440726837446,0.0360835487668928,0.0275203548489921,0.0007733649732227,36.08354876689283,27.520354848992103,773.3649732227998,3.4533273599999994,2.27973564
441,218.0,53.79898987322333,0.956140350877193,18.833601769618543,14.91221450565917,1.262964783833495,0.946494543717218,0.0423428335145625,0.0335265353844932,0.0011019187200167,42.34283351456258,33.52653538449328,1101.9187200168,3.4533273599999994,2.27973564
442,164.0,45.79898987322333,0.9647058823529412,17.237326473819017,12.142769636318103,1.419554763047096,0.9825211619200456,0.0387539916180283,0.0273001032625485,0.0008289663765263,38.75399161802834,27.300103262548536,828.9663765263998,3.4533273599999994,2.27973564
443,781.0,111.79898987322332,0.95593635250918,44.72414804474736,23.05263649389052,1.9400882001761612,0.7852087646671654,0.1005515130830836,0.0518283205237542,0.0039476996345555,100.55151308308368,51.82832052375429,3947.699634555599,3.4533273599999994,2.27973564
444,362.0,76.62741699796952,0.9378238341968912,31.595815225932004,15.099551441604287,2.0925002539396647,0.7747294439739036,0.0710356075398538,0.0339477175241012,0.0018297916359911,71.03560753985387,33.94771752410125,1829.7916359912,3.4533273599999994,2.27973564
445,171.0,45.79898987322333,0.9715909090909092,16.098643955771763,13.521708614712114,1.1905776418119118,1.0244580407824866,0.0361939372600034,0.0304003166101126,0.0008643490877195,36.193937260003416,30.40031661011265,864.3490877195998,3.4533273599999994,2.27973564
446,577.0,91.94112549695429,0.9584717607973422,33.84626568867847,22.01212461967956,1.53761921093336,0.8577605047760702,0.0760952052972282,0.0494889792974407,0.0029165463369251,76.09520529722825,49.48897929744077,2916.5463369251997,3.4533273599999994,2.27973564
447,137.0,41.55634918610404,0.9647887323943662,15.174372112324676,11.5278114559525,1.3163272291801094,0.9969093228892466,0.034115933845255,0.0259175173839597,0.0006924902047811,34.11593384525507,25.91751738395976,692.4902047811999,3.4533273599999994,2.27973564
448,194.0,56.38477631085024,0.9371980676328504,24.38690810905464,10.300095959591582,2.367638923435974,0.7668101807485387,0.0548281100252631,0.0231572937421113,0.0009806065673543,54.82811002526317,23.157293742111367,980.6065673543998,3.4533273599999994,2.27973564
449,320.0,68.62741699796952,0.960960960960961,27.52082792055933,15.000248933499805,1.8346914136269783,0.8538164855516379,0.0618739765806767,0.0337244596672302,0.0016174953688319,61.87397658067671,33.72445966723026,1617.4953688319997,3.4533273599999994,2.27973564
450,313.0,65.21320343559643,0.9690402476780186,24.45932435631704,16.52487349945066,1.480151987676647,0.9248751970189448,0.0549909205773333,0.0371522120938749,0.0015821126576387,54.99092057733334,37.15221209387494,1582.1126576387996,3.4533273599999994,2.27973564
451,396.0,74.62741699796952,0.9658536585365852,24.969764646351887,20.75306514242816,1.203184419987339,0.893528130561285,0.056138523063807,0.0466582862371155,0.0020016505189295,56.138523063807085,46.658286237115526,2001.6505189296,3.4533273599999994,2.27973564
452,86.0,32.14213562373095,0.9662921348314608,12.014135402424378,9.138569033942645,1.3146626520849436,1.0460654464067178,0.0270109000598546,0.0205458792162518,0.0004347018803735,27.010900059854627,20.545879216251887,434.7018803735999,3.4533273599999994,2.27973564
453,125.0,39.79898987322333,0.9689922480620154,14.189926695202525,11.43028242804082,1.2414327278905843,0.991689643993332,0.031902644591756,0.025698246771667,0.0006318341284499,31.902644591756022,25.698246771667048,631.8341284499999,3.4533273599999994,2.27973564
454,199.0,50.62741699796952,0.9567307692307692,17.08194598907833,14.963286980663868,1.1415904814999722,0.9756440487690692,0.0384046558894052,0.0336413595871473,0.0010058799324923,38.40465588940524,33.64135958714734,1005.8799324923998,3.4533273599999994,2.27973564
455,225.0,58.87005768508881,0.907258064516129,22.432370862879694,13.450367719553746,1.6677886679832683,0.8158371160309313,0.0504338021161778,0.0302399237291639,0.0011373014312099,50.43380211617789,30.239923729163905,1137.3014312099997,3.4533273599999994,2.27973564
456,294.0,64.04163056034261,0.9514563106796116,23.781039411771683,15.897568994057432,1.4958915681171834,0.9008084109099552,0.0534659596679098,0.0357418684665795,0.0014860738701143,53.4659596679098,35.741868466579554,1486.0738701143996,3.4533273599999994,2.27973564
457,525.0,85.21320343559643,0.9813084112149532,31.80339472287982,21.4608048091775,1.4819292661978554,0.9085637037520048,0.0715023002196617,0.0482494690202814,0.0026537033394899,71.50230021966178,48.2494690202814,2653.7033394899995,3.4533273599999994,2.27973564
458,324.0,69.21320343559643,0.9671641791044776,28.499516204494796,14.600093520651347,1.9520091542004967,0.8499178950092348,0.0640743223019174,0.0328248062587396,0.0016377140609423,64.07432230191745,32.8248062587396,1637.7140609423996,3.4533273599999994,2.27973564
459,159.0,44.970562748477136,0.9578313253012049,14.596817803748989,13.968374913290743,1.0449904082872437,0.9879849837852492,0.0328174415954567,0.031404538582555,0.0008036930113883,32.8174415954567,31.404538582555045,803.6930113883998,3.4533273599999994,2.27973564
460,81.0,30.970562748477143,0.9759036144578314,11.87987505814406,8.672157862616313,1.369886854730295,1.0611986514254057,0.0267090478982229,0.0194972656362057,0.0004094285152355,26.70904789822296,19.49726563620575,409.4285152355999,3.4533273599999994,2.27973564
461,122.0,38.38477631085024,0.976,13.88857907525179,11.207727213273005,1.2391967444393122,1.0405229571736412,0.0312251367917255,0.0251978847845131,0.0006166701093671,31.225136791725586,25.19788478451316,616.6701093671999,3.4533273599999994,2.27973564
462,95.0,33.55634918610404,0.9595959595959596,11.411155804371036,10.5898626430373,1.077554656657773,1.0601908685338757,0.0256552451487352,0.023808764585835,0.0004801939376219,25.65524514873522,23.80876458583504,480.1939376219999,3.4533273599999994,2.27973564
463,159.0,45.21320343559643,0.9636363636363636,16.90139331414414,11.9663818430142,1.4124063176214727,0.9774092190344073,0.0379987265324577,0.0269035376423751,0.0008036930113883,37.9987265324577,26.903537642375102,803.6930113883998,3.4533273599999994,2.27973564
464,83.0,30.72792206135785,0.988095238095238,11.283420282554411,9.338297781016502,1.2082951890324254,1.1046420496190057,0.0253680624844557,0.0209949213691481,0.0004195378612907,25.36806248445578,20.99492136914816,419.5378612907999,3.4533273599999994,2.27973564
465,247.0,55.79898987322333,0.98015873015873,18.55631993508565,17.052450576618728,1.0881908058733174,0.9969058471992552,0.0417194318572556,0.0383383425333888,0.0012485042378171,41.71943185725566,38.33834253338882,1248.5042378171995,3.4533273599999994,2.27973564
466,410.0,90.8700576850888,0.9030837004405288,39.75045805673516,13.777626352479263,2.885145600539684,0.6239533391796382,0.0893693648306353,0.030975686223225,0.0020724159413159,89.36936483063539,30.97568622322503,2072.415941316,3.4533273599999994,2.27973564
467,114.0,37.79898987322333,0.957983193277311,13.83442571195795,10.560143791819865,1.310060353787457,1.002661472133384,0.0311033859511665,0.0237419488813969,0.0005762327251463,31.103385951166576,23.74194888139693,576.2327251463998,3.4533273599999994,2.27973564
468,87.0,32.14213562373095,0.9775280898876404,12.384342569370183,8.91473815745979,1.3891986899252955,1.0582289981091215,0.0278432220250122,0.0200426492098905,0.0004397565534011,27.843222025012203,20.042649209890545,439.7565534011999,3.4533273599999994,2.27973564
469,159.0,44.38477631085024,0.9636363636363636,15.62172535913496,12.95004391465731,1.206306747844596,1.0142357565440343,0.0351217002559287,0.0291150657315674,0.0008036930113883,35.121700255928765,29.11506573156744,803.6930113883998,3.4533273599999994,2.27973564
470,1226.0,159.84062043356596,0.842032967032967,63.55142008592163,28.02428216789688,2.26772695568712,0.6030120919308275,0.1428801157223741,0.0630058726267958,0.0061970291318375,142.88011572237414,63.00587262679583,6197.029131837599,3.4533273599999994,2.27973564
471,279.0,68.04163056034261,0.9331103678929766,29.18598195402196,12.4734886963898,2.339841135421019,0.7572942200878252,0.0656176757879494,0.0280436456965453,0.0014102537747003,65.6176757879494,28.04364569654533,1410.2537747003996,3.4533273599999994,2.27973564
472,116.0,37.55634918610404,0.9666666666666668,13.409336243387177,11.008673424733113,1.218070127619601,1.0334777156447452,0.0301476743025576,0.0247503601138904,0.0005863420712015,30.14767430255765,24.750360113890466,586.3420712015999,3.4533273599999994,2.27973564
473,143.0,43.79898987322333,0.9285714285714286,16.303382757898333,11.352530092957709,1.4361012588737183,0.9367370811964998,0.0366542433192725,0.025523439306793,0.0007228182429467,36.6542433192725,25.52343930679309,722.8182429467998,3.4533273599999994,2.27973564
474,352.0,74.62741699796952,0.946236559139785,31.04961261039918,14.887103275460378,2.085671875574396,0.7942472271655865,0.069807602047456,0.0334700788100865,0.0017792449057151,69.80760204745606,33.47007881008655,1779.2449057151996,3.4533273599999994,2.27973564
475,91.0,32.970562748477136,0.9680851063829788,11.947061895085223,9.732975926984189,1.2274829388987385,1.0519583293092751,0.0268601013762443,0.0218822604576014,0.0004599752455115,26.860101376244305,21.88226045760147,459.9752455115999,3.4533273599999994,2.27973564
476,117.0,37.79898987322333,0.9590163934426228,13.696972160558088,10.89759055456108,1.2568807840578444,1.0290473003474203,0.0307943546296963,0.0245006169401974,0.0005913967442291,30.79435462969632,24.50061694019749,591.3967442291998,3.4533273599999994,2.27973564
477,195.0,49.21320343559643,0.975,16.34140905611493,15.320602948825387,1.0666296300934948,1.0117686171240114,0.0367397363245009,0.0344446987857261,0.0009856612403819,36.73973632450095,34.44469878572617,985.6612403819998,3.4533273599999994,2.27973564
478,118.0,37.55634918610404,0.9833333333333332,13.760431838834087,10.928648020393217,1.2591156575961335,1.051296296948965,0.0309370284859771,0.0245704421983292,0.0005964514172567,30.93702848597712,24.57044219832925,596.4514172567999,3.4533273599999994,2.27973564
479,229.0,54.62741699796952,0.9662447257383966,19.196974241815663,15.281578343312251,1.256216721240507,0.964326307341064,0.0431597893089044,0.0343569613261352,0.0011575201233203,43.15978930890448,34.3569613261352,1157.5201233203998,3.4533273599999994,2.27973564
480,643.0,106.38477631085024,0.9455882352941176,45.37300706319052,18.76445929685913,2.418029016737256,0.7139402507522672,0.1020103168598887,0.0421873832587565,0.0032501547567467,102.0103168598887,42.18738325875649,3250.154756746799,3.4533273599999994,2.27973564
481,98.0,34.970562748477136,0.9607843137254902,13.132200599339605,9.62850747684703,1.363887459288747,1.0070028451507589,0.0295246013194712,0.0216473882198961,0.0004953579567047,29.52460131947125,21.6473882198961,495.3579567047999,3.4533273599999994,2.27973564
482,544.0,92.0416305603426,0.9679715302491104,37.14025116020798,19.023712740638462,1.952313497715352,0.8069379787505153,0.0835009410734491,0.0427702524062678,0.0027497421270143,83.50094107344918,42.77025240626782,2749.7421270144,3.4533273599999994,2.27973564
483,113.0,36.97056274847714,0.982608695652174,14.151586994980272,10.14195347761992,1.3953512039084326,1.0389058338568558,0.0318164469773343,0.0228017483255937,0.0005711780521187,31.816446977334344,22.80174832559376,571.1780521187999,3.4533273599999994,2.27973564
484,366.0,73.11269837220809,0.953125,27.54814125029087,17.10275578315292,1.6107428299611917,0.8604097517738156,0.0619353840473789,0.0384514417170313,0.0018500103281015,61.93538404737894,38.45144171703138,1850.0103281015995,3.4533273599999994,2.27973564
485,173.0,46.62741699796952,0.9664804469273744,16.15346778782615,13.747947889187143,1.1749730154658908,0.9999384119258492,0.036317195488658,0.0309089613213438,0.0008744584337747,36.31719548865801,30.908961321343888,874.4584337747998,3.4533273599999994,2.27973564
486,180.0,50.14213562373095,0.9574468085106383,20.294347179008888,11.428930843791775,1.7756995344873252,0.8996564846733152,0.0456269689886785,0.0256952080588632,0.0009098411449679,45.62696898867851,25.69520805886329,909.8411449679998,3.4533273599999994,2.27973564
487,445.0,84.04163056034261,0.959051724137931,34.59247733245859,16.796968812557946,2.059447613345341,0.7917369890691359,0.0777728830874733,0.0377639531025215,0.0022493294972819,77.77288308747335,37.76395310252152,2249.3294972819995,3.4533273599999994,2.27973564
488,239.0,64.38477631085024,0.9227799227799228,27.858410160320062,11.234110185250827,2.4798056722725708,0.7245049926693016,0.0626329492270411,0.025257200565092,0.0012080668535963,62.63294922704117,25.25720056509202,1208.0668535963998,3.4533273599999994,2.27973564
489,208.0,53.45584412271571,0.9585253456221198,20.105922068542828,13.235633771148944,1.5190751282624448,0.9147087114199296,0.045203340349822,0.0297571459823233,0.0010513719897407,45.20334034982209,29.75714598232332,1051.3719897407998,3.4533273599999994,2.27973564
490,244.0,57.79898987322333,0.9606299212598424,22.158811455888053,14.302702375190238,1.5492744569952868,0.9178235425293394,0.0498187694438148,0.0321561936420452,0.0012333402187343,49.81876944381487,32.1561936420452,1233.3402187343995,3.4533273599999994,2.27973564
491,176.0,47.21320343559643,0.9565217391304348,16.291810607401043,13.788842436100868,1.1815212685835832,0.992191711757408,0.0366282261161954,0.0310009028953881,0.0008896224528575,36.62822611619546,31.000902895388133,889.6224528575998,3.4533273599999994,2.27973564
492,238.0,55.21320343559643,0.9794238683127572,19.82768452262197,15.533317158172837,1.2764617061970989,0.9810721113964038,0.04457779000483,0.0349229356340336,0.0012030121805687,44.57779000483007,34.92293563403366,1203.0121805687995,3.4533273599999994,2.27973564
493,295.0,62.970562748477136,0.9800664451827242,23.54278212601579,16.123015353003467,1.460197215630024,0.9348818557586976,0.0529302953426362,0.0362487304975435,0.0014911285431419,52.930295342636256,36.24873049754357,1491.1285431419997,3.4533273599999994,2.27973564
494,100.0,34.14213562373095,0.9803921568627452,12.42780584272962,10.231443785478934,1.214667851703187,1.0780241689052945,0.0279409387639752,0.0230029458051408,0.0005054673027599,27.940938763975293,23.002945805140865,505.4673027599999,3.4533273599999994,2.27973564
495,121.0,38.970562748477136,0.968,14.729899369919927,10.494654628616594,1.4035620886231703,1.0012023952590656,0.0331166435574161,0.0235947122153335,0.0006116154363395,33.116643557416175,23.59471221533354,611.6154363395999,3.4533273599999994,2.27973564
496,571.0,94.62741699796952,0.9677966101694916,38.10778851704395,19.534159701570445,1.950828144093666,0.8013311055779265,0.0856762166113292,0.0439178698906527,0.0028862182987595,85.67621661132922,43.91786989065276,2886.2182987595997,3.4533273599999994,2.27973564
497,155.0,44.38477631085024,0.9627329192546584,15.389302713128844,12.90833434702198,1.1921989545211336,0.9887203915995304,0.034599153717819,0.0290212917790356,0.0007834743192779,34.59915371781905,29.021291779035632,783.4743192779998,3.4533273599999994,2.27973564
498,133.0,40.970562748477136,0.9708029197080292,15.512843742309492,10.941262473176083,1.417829412313362,0.9956751004472514,0.0348769060720847,0.0245988027679428,0.0006722715126707,34.876906072084736,24.59880276794286,672.2715126707999,3.4533273599999994,2.27973564
500,143.0,42.38477631085024,0.9794520547945206,15.047424879206554,12.258346857803025,1.2275248085045127,1.0002904224098454,0.0338305234589249,0.0275599509065242,0.0007228182429467,33.83052345892492,27.559950906524225,722.8182429467998,3.4533273599999994,2.27973564
501,204.0,52.970562748477136,0.966824644549763,21.336970512869268,12.33399303006705,1.72993210397114,0.913631064824068,0.0479710573252634,0.0277300231697785,0.0010311532976303,47.97105732526345,27.730023169778544,1031.1532976303995,3.4533273599999994,2.27973564
502,155.0,43.55634918610404,0.9872611464968152,15.840545032737316,12.529600535111369,1.2642498049596853,1.0266883180379354,0.035613663775302,0.0281697996990694,0.0007834743192779,35.613663775301994,28.169799699069483,783.4743192779998,3.4533273599999994,2.27973564
503,128.0,38.970562748477136,0.9770992366412212,13.227968043153524,12.311879827500311,1.0744068516334118,1.0591231949847966,0.0297399114327003,0.0276803069409758,0.0006469981475327,29.73991143270034,27.68030694097585,646.9981475327999,3.4533273599999994,2.27973564
504,123.0,38.72792206135786,0.9609375,13.606757409314817,11.523164173240737,1.180817803577999,1.0305441070109485,0.0305915284130661,0.0259070690841302,0.0006217247823947,30.59152841306612,25.90706908413021,621.7247823947998,3.4533273599999994,2.27973564
