label,area,perimeter,solidity,major_axis_length,minor_axis_length,aspect_ratio,circularity,length_um,width_um,area_um2,length_nm,width_nm,area_nm2,scan_width,scan_height
1,74.0,29.31370849898476,0.961038961038961,10.562366154814445,8.920452801709404,1.1840616602769767,1.082181372265754,0.02374694533122312,0.02005549721597118,0.0003740458040423999,23.74694533122312,20.055497215971183,374.04580404239994,3.4533273599999994,2.2797356399999997
2,539.0,88.97056274847714,0.9625,33.652704599024936,21.050642210861312,1.5986545332883693,0.855669307161136,0.0756600296418038,0.04732731685699105,0.0027244687618763995,75.66002964180379,47.32731685699105,2724.4687618763996,3.4533273599999994,2.2797356399999997
3,490.0,82.14213562373095,0.9859154929577465,29.066575866916594,21.977857319448578,1.3225391103615496,0.9125863408329778,0.0653492198585539,0.04941193749702345,0.0024767897835239997,65.3492198585539,49.41193749702345,2476.7897835239996,3.4533273599999994,2.2797356399999997
4,82.0,31.556349186104043,0.9534883720930233,11.081913566653919,9.503760902752697,1.166055594206302,1.0347852038717007,0.024915022995365337,0.021366925487222778,0.0004144831882631999,24.915022995365337,21.366925487222776,414.4831882631999,3.4533273599999994,2.2797356399999997
5,303.0,70.38477631085024,0.9528301886792453,29.123347920208367,13.655226325922527,2.132762008120055,0.7685905193313429,0.06547685819508765,0.030700499139518576,0.0015315659273627998,65.47685819508766,30.700499139518577,1531.5659273627996,3.4533273599999994,2.2797356399999997
6,126.0,39.55634918610404,0.9473684210526315,13.39988099037652,11.985872036327134,1.1179729726601257,1.0119242536624842,0.030126416435423912,0.026947356664392838,0.0006368888014775998,30.12641643542391,26.94735666439284,636.8888014775998,3.4533273599999994,2.2797356399999997
7,113.0,38.14213562373095,0.9576271186440678,14.867959383427296,9.68821320246069,1.5346441157644026,0.9760640007433228,0.03342703836338425,0.021781622214564266,0.0005711780521187999,33.42703836338425,21.781622214564266,571.1780521187999,3.4533273599999994,2.2797356399999997
8,112.0,38.14213562373095,0.9256198347107438,14.083415015250605,10.145083914421944,1.3882009389030334,0.9674262662234704,0.031663178642187324,0.022808786361438276,0.0005661233790911999,31.663178642187322,22.808786361438276,566.1233790911999,3.4533273599999994,2.2797356399999997
9,1091.0,135.79898987322332,0.9811151079136691,55.90881125036448,25.669276776760398,2.1780438824432076,0.7434324875950203,0.12569754398174443,0.05771120820611933,0.005514648273111599,125.69754398174443,57.71120820611932,5514.648273111598,3.4533273599999994,2.2797356399999997
10,258.0,64.97056274847714,0.9347826086956522,27.488383748025182,12.334990648711242,2.2284884140465206,0.7680620605034201,0.06180103364533509,0.027732266075871533,0.0013041056411207997,61.80103364533509,27.732266075871536,1304.1056411207996,3.4533273599999994,2.2797356399999997
11,294.0,66.04163056034261,0.939297124600639,25.07448349061484,15.220755790631111,1.6473875433997194,0.8470745224671243,0.05637395825260971,0.0342202164138443,0.0014860738701143997,56.37395825260971,34.2202164138443,1486.0738701143996,3.4533273599999994,2.2797356399999997
12,120.0,39.31370849898476,0.9836065573770492,15.772218970236713,9.74197093219817,1.6189967184266565,0.9756702971954305,0.03546004902202439,0.021902483568023854,0.0006065607633119999,35.460049022024386,21.902483568023854,606.5607633119998,3.4533273599999994,2.2797356399999997
13,71.0,28.485281374238568,0.9861111111111112,10.639794237303718,8.49140993138079,1.2530067825348268,1.0995808945896266,0.023921023791960455,0.019090897292326173,0.00035888178495959995,23.921023791960454,19.090897292326172,358.88178495959994,3.4533273599999994,2.2797356399999997
14,90.0,33.55634918610404,0.9375,11.917363757432113,9.687927912917345,1.2301251479733,1.0043913491373557,0.026793332241284322,0.02178098080949555,0.0004549205724839999,26.79333224128432,21.78098080949555,454.9205724839999,3.4533273599999994,2.2797356399999997
15,134.0,40.970562748477136,0.950354609929078,14.264921673667788,12.072278162918364,1.1816263244732403,1.0031613793979826,0.03207125280204034,0.02714162010256284,0.0006773261856983998,32.071252802040334,27.141620102562836,677.3261856983999,3.4533273599999994,2.2797356399999997
16,234.0,56.384776310850235,0.9512195121951219,20.461057578556048,14.825621871868377,1.3801146255713503,0.9249153726554539,0.046001777311564414,0.033331852629646795,0.0011827934884583997,46.00177731156441,33.33185262964679,1182.7934884583997,3.4533273599999994,2.2797356399999997
17,173.0,50.2842712474619,0.9251336898395722,20.117937851436157,11.184362023167274,1.7987559603099295,0.8597885283599692,0.04523035495386985,0.025145353762206054,0.0008744584337747998,45.23035495386985,25.145353762206053,874.4584337747998,3.4533273599999994,2.2797356399999997
18,189.0,49.21320343559643,0.9642857142857143,16.79010276587381,14.553027515165923,1.153718891026393,0.9806372750586573,0.037748516444403454,0.032718989641246934,0.0009553332022163998,37.74851644440345,32.718989641246935,955.3332022163997,3.4533273599999994,2.2797356399999997
19,504.0,85.31370849898475,0.9882352941176471,32.5013623935036,20.23982106270463,1.6058127338582542,0.8701673002967437,0.07307151301481839,0.04550438010243631,0.0025475552059103994,73.0715130148184,45.50438010243631,2547.5552059103993,3.4533273599999994,2.2797356399999997
20,80.0,32.14213562373095,0.9195402298850575,12.071129897948556,8.455934187708205,1.4275335675501715,0.9730841361922956,0.027139038504361817,0.01901113859685685,0.0004043738422079999,27.139038504361817,19.01113859685685,404.3738422079999,3.4533273599999994,2.2797356399999997
21,184.0,48.970562748477136,0.9435897435897436,17.03341676800894,13.898965383335568,1.225516885482101,0.9641786209295972,0.03829554958284378,0.031248487912738022,0.0009300598370783998,38.295549582843776,31.24848791273802,930.0598370783998,3.4533273599999994,2.2797356399999997
22,214.0,55.79898987322333,0.9385964912280702,22.200159356898435,12.530203994118343,1.7717316786956663,0.8637159971685855,0.049911730275740473,0.028171156431816502,0.0010817000279063997,49.91173027574047,28.171156431816502,1081.7000279063998,3.4533273599999994,2.2797356399999997
23,641.0,97.79898987322332,0.9567164179104478,36.71749451648242,22.914914606326903,1.6023404471402467,0.8421688140450695,0.08255047422162676,0.051518685912820515,0.003240045410691599,82.55047422162676,51.518685912820516,3240.0454106915995,3.4533273599999994,2.2797356399999997
24,231.0,56.72792206135786,0.9788135593220338,22.728932178483984,13.064383423775206,1.739763097975275,0.9020447693649606,0.0511005490595984,0.029372130676336844,0.0011676294693755997,51.10054905959839,29.37213067633684,1167.6294693755997,3.4533273599999994,2.2797356399999997
25,545.0,106.87005768508881,0.9128978224455612,48.65795522585461,14.960298369964116,3.2524722450419494,0.5996450854842703,0.10939573441607987,0.03363464041325552,0.0027547968000419996,109.39573441607986,33.63464041325552,2754.7968000419996,3.4533273599999994,2.2797356399999997
26,360.0,77.21320343559643,0.9278350515463918,31.592391437505746,14.997425731373216,2.106520945885894,0.7588033209788044,0.07102790997328666,0.033718112374817144,0.0018196822899359997,71.02790997328665,33.71811237481714,1819.6822899359995,3.4533273599999994,2.2797356399999997
27,169.0,49.798989873223334,0.9234972677595629,19.194566068239254,11.85340434503123,1.6193293934400652,0.8563582805050296,0.04315437510857958,0.02664953485275991,0.0008542397416643998,43.15437510857958,26.64953485275991,854.2397416643998,3.4533273599999994,2.2797356399999997
28,190.0,54.14213562373095,0.9405940594059405,23.022732558340934,10.727162378463511,2.1462090109275067,0.8145030223013012,0.05176108870161558,0.024117450089004372,0.0009603878752439998,51.761088701615584,24.11745008900437,960.3878752439998,3.4533273599999994,2.2797356399999997
29,118.0,38.970562748477136,0.944,13.707502692358563,11.063153589891032,1.2390230851430832,0.9763791953766093,0.03081803000312206,0.02487284569000841,0.0005964514172567999,30.818030003122058,24.872845690008408,596.4514172567999,3.4533273599999994,2.2797356399999997
30,181.0,50.38477631085024,0.9427083333333334,18.74327977119917,12.464984087580412,1.50367458470117,0.8959623687844205,0.04213976617839624,0.028024525124743533,0.0009148958179955998,42.139766178396236,28.024525124743533,914.8958179955998,3.4533273599999994,2.2797356399999997
31,115.0,38.14213562373095,0.9504132231404959,13.293127612853555,11.118059452128135,1.1956337947364624,0.9933394697830278,0.02988640708687413,0.024996288343841596,0.0005812873981739998,29.88640708687413,24.996288343841595,581.2873981739999,3.4533273599999994,2.2797356399999997
32,122.0,38.970562748477136,0.9682539682539683,14.425960156436188,10.793422172647734,1.3365510887727425,1.0094767952198842,0.03243330918130922,0.024266419333876993,0.0006166701093671999,32.43330918130922,24.266419333876993,616.6701093671999,3.4533273599999994,2.2797356399999997
33,81.0,30.727922061357855,0.9642857142857143,10.288590303571377,10.060120689989638,1.0227104247177747,1.0780241689052945,0.02313142603590738,0.0226177669424761,0.00040942851523559994,23.13142603590738,22.617766942476102,409.4285152355999,3.4533273599999994,2.2797356399999997
34,341.0,72.62741699796952,0.9368131868131868,28.82856568082619,15.523060263032692,1.8571444800404353,0.8123871505710755,0.06481411107757429,0.03489987546696587,0.0017236435024115997,64.81411107757428,34.899875466965874,1723.6435024115997,3.4533273599999994,2.2797356399999997
35,279.0,63.21320343559643,0.93,22.81477110935011,15.874871542713485,1.4371625652506157,0.8774016935013048,0.051293537294307474,0.035690838694621016,0.0014102537747003997,51.29353729430748,35.690838694621014,1410.2537747003996,3.4533273599999994,2.2797356399999997
36,106.0,36.14213562373095,0.954954954954955,13.361524699202677,10.133819260972455,1.3185082894324767,1.0197368339698556,0.030040181520229407,0.02278346049167393,0.0005357953409255999,30.040181520229407,22.783460491673928,535.7953409255999,3.4533273599999994,2.2797356399999997
37,198.0,54.97056274847714,0.9209302325581395,21.93331016147334,11.822083455240252,1.8552829748254898,0.8234072532973269,0.04931178390363405,0.026579117349078446,0.0010008252594647998,49.311783903634044,26.579117349078444,1000.8252594647998,3.4533273599999994,2.2797356399999997
38,284.0,62.38477631085023,0.9562289562289562,21.999296742867617,16.73549422815102,1.3145292539889428,0.917003429027908,0.04946013889511954,0.037625742253382805,0.0014355271398383998,49.46013889511954,37.6257422533828,1435.5271398383998,3.4533273599999994,2.2797356399999997
39,133.0,40.970562748477136,0.9637681159420289,14.242095313300219,12.095263635582752,1.1774935828105273,0.9956751004472514,0.032019933209080344,0.027193297421335274,0.0006722715126707998,32.01993320908034,27.193297421335274,672.2715126707999,3.4533273599999994,2.2797356399999997
40,308.0,65.21320343559643,0.9716088328075709,25.534593403396478,15.52599078805973,1.6446353570577839,0.9101008328493132,0.05740840496512016,0.034906464049163165,0.0015568392925007996,57.408404965120155,34.90646404916316,1556.8392925007997,3.4533273599999994,2.2797356399999997
41,150.0,43.79898987322333,0.9433962264150944,14.842275606533287,12.955109216818936,1.1456696626890912,0.9825913439124128,0.03336929455514452,0.02912645384780534,0.0007582009541399999,33.36929455514452,29.126453847805337,758.2009541399998,3.4533273599999994,2.2797356399999997
42,475.0,83.79898987322332,0.9519038076152304,32.23981220627135,19.25558436929327,1.674309726880267,0.8500136627620832,0.07248348019087163,0.043291560114107286,0.0024009696881099993,72.48348019087162,43.291560114107284,2400.9696881099994,3.4533273599999994,2.2797356399999997
43,73.0,29.31370849898476,0.9733333333333334,11.421996492670237,8.132141693859618,1.4045496159141828,1.0675572996675682,0.025679617834610785,0.01828316888463682,0.0003689911310147999,25.679617834610784,18.283168884636822,368.9911310147999,3.4533273599999994,2.2797356399999997
44,251.0,59.79898987322333,0.9616858237547893,21.793618013367773,14.969499375162968,1.4558681935300533,0.882055453923589,0.048997719634734226,0.03365532666520389,0.0012687229299275997,48.997719634734224,33.65532666520389,1268.7229299275998,3.4533273599999994,2.2797356399999997
45,183.0,49.21320343559643,0.9481865284974094,17.77292337266547,13.139541318816505,1.3526289039643813,0.949505932993303,0.03995815270182887,0.029541105165442394,0.0009250051640507998,39.958152701828865,29.541105165442392,925.0051640507997,3.4533273599999994,2.2797356399999997
46,169.0,49.21320343559643,0.9184782608695652,17.569274290601363,12.429753856666954,1.4134852944958136,0.8768661348408099,0.03950029661658742,0.027945318405790044,0.0008542397416643998,39.50029661658741,27.945318405790044,854.2397416643998,3.4533273599999994,2.2797356399999997
47,216.0,53.79898987322333,0.9557522123893806,18.0712466340243,15.378099478913159,1.175128738034505,0.937811107536326,0.040628860957411465,0.03457396593446129,0.0010918093739615998,40.62886095741146,34.57396593446129,1091.8093739615997,3.4533273599999994,2.2797356399999997
48,231.0,58.970562748477136,0.9506172839506173,24.269073332289835,12.280200034594916,1.9762767107962989,0.8347401431560908,0.05456318681005394,0.027609082529778364,0.0011676294693755997,54.563186810053935,27.609082529778362,1167.6294693755997,3.4533273599999994,2.2797356399999997
49,102.0,36.14213562373095,0.9444444444444444,13.717061614637357,9.465403036700046,1.4491788211714205,0.98125619872571,0.03083952094572458,0.021280687031291243,0.0005155766488151999,30.83952094572458,21.280687031291244,515.5766488151999,3.4533273599999994,2.2797356399999997
50,75.0,30.72792206135785,0.9259259259259259,11.231095888260077,8.597554990540875,1.3063127715515228,0.9981705267641617,0.025250423641739596,0.019329538983033426,0.00037910047706999993,25.250423641739598,19.329538983033423,379.1004770699999,3.4533273599999994,2.2797356399999997
51,545.0,87.21320343559643,0.9697508896797153,31.569377799195383,22.366596230401885,1.4114520365098995,0.9004132734208966,0.070976169330819,0.050285923640963334,0.0027547968000419996,70.976169330819,50.28592364096334,2754.7968000419996,3.4533273599999994,2.2797356399999997
52,271.0,64.62741699796952,0.9217687074829932,24.39374120141997,15.155891408846733,1.609522036241363,0.8153527827572429,0.05484347259350446,0.03407438441885375,0.0013698163904795997,54.84347259350446,34.074384418853754,1369.8163904795997,3.4533273599999994,2.2797356399999997
53,219.0,56.38477631085024,0.9647577092511013,23.17772411566741,12.1983531104119,1.9000699443504445,0.8656259256903605,0.052109550020290406,0.027425069364014655,0.0011069733930443998,52.109550020290406,27.425069364014654,1106.9733930443997,3.4533273599999994,2.2797356399999997
55,91.0,33.31370849898476,0.9578947368421052,12.464549930981411,9.33886468696415,1.3346964913604877,1.0303986803634004,0.028023549027828262,0.020996195921114017,0.00045997524551159993,28.023549027828263,20.99619592111402,459.9752455115999,3.4533273599999994,2.2797356399999997
56,368.0,72.38477631085024,0.9761273209549072,27.300703668322026,17.468525052054098,1.5628511043129985,0.8825985495550867,0.06137908002934167,0.03927378613353114,0.0018601196741567995,61.37908002934167,39.27378613353114,1860.1196741567996,3.4533273599999994,2.2797356399999997
57,179.0,52.87005768508881,0.9040404040404041,19.31984686411017,12.570156461269915,1.5369615265837635,0.8047172787025558,0.04343603891070432,0.028260979965614698,0.0009047864719403998,43.43603891070432,28.260979965614695,904.7864719403998,3.4533273599999994,2.2797356399999997
58,291.0,64.62741699796952,0.9572368421052632,22.246192346123067,17.527565304577998,1.2692117792488051,0.8755264198610985,0.050015224404094644,0.03940652397167053,0.0014709098510315996,50.01522440409464,39.406523971670524,1470.9098510315996,3.4533273599999994,2.2797356399999997
59,146.0,43.798989873223334,0.9605263157894737,16.28836465614868,11.446307000583818,1.4230235704247574,0.956388908074748,0.03662047872183283,0.025734274177132574,0.0007379822620295998,36.620478721832825,25.734274177132573,737.9822620295998,3.4533273599999994,2.2797356399999997
60,334.0,69.79898987322333,0.9515669515669516,26.047648314895515,16.700284005705274,1.5597128950619596,0.8615055024986855,0.05856188580044698,0.03754658051866694,0.0016882607912183996,58.56188580044698,37.546580518666936,1688.2607912183996,3.4533273599999994,2.2797356399999997
61,372.0,72.97056274847714,0.9587628865979382,27.2354237510935,17.796877827331134,1.5303484136564303,0.877924993020165,0.06123231380263346,0.04001200854407549,0.0018803383662671996,61.23231380263346,40.01200854407549,1880.3383662671995,3.4533273599999994,2.2797356399999997
62,248.0,58.62741699796952,0.9358490566037736,20.28429638580004,15.890419650792255,1.2765110570751175,0.9066925010875236,0.045604372192338795,0.035725794884090195,0.0012535589108447996,45.60437219233879,35.72579488409019,1253.5589108447998,3.4533273599999994,2.2797356399999997
63,219.0,53.55634918610404,0.9690265486725663,18.197587033226064,15.542194868515159,1.1708505257574724,0.9594714355879066,0.04091290702332083,0.034942895035087886,0.0011069733930443998,40.91290702332083,34.942895035087886,1106.9733930443997,3.4533273599999994,2.2797356399999997
64,161.0,46.970562748477136,0.9640718562874252,18.841664047780363,10.999292845632231,1.7129886722910828,0.9170314139379594,0.042360959612062675,0.02472927013312112,0.0008138023574435999,42.36095961206267,24.72927013312112,813.8023574435998,3.4533273599999994,2.2797356399999997
65,108.0,38.384776310850235,0.9473684210526315,15.22298422306181,9.131570504390094,1.6670718597357603,0.9211186833996168,0.03422522650934094,0.02053014470220007,0.0005459046869807999,34.22522650934094,20.53014470220007,545.9046869807999,3.4533273599999994,2.2797356399999997
66,201.0,50.384776310850235,0.9757281553398058,16.927749135984875,15.216980797948008,1.1124249521473775,0.9949637355009313,0.03805798127246935,0.034211729248794585,0.0010159892785475998,38.05798127246935,34.21172924879458,1015.9892785475998,3.4533273599999994,2.2797356399999997
67,92.0,32.97056274847714,0.9787234042553191,12.254450272702325,9.58715362745569,1.2782156987250137,1.063518310950036,0.027551190370105727,0.02155441401446353,0.0004650299185391999,27.551190370105726,21.554414014463525,465.0299185391999,3.4533273599999994,2.2797356399999997
68,126.0,41.79898987322333,0.9264705882352942,16.11180618661583,10.118697222394692,1.5922806891540537,0.9062517034627903,0.0362235293771209,0.022749462217221086,0.0006368888014775998,36.223529377120904,22.749462217221087,636.8888014775998,3.4533273599999994,2.2797356399999997
69,159.0,46.72792206135786,0.9520958083832335,17.843281147594237,11.531825854402271,1.5473075446055726,0.9150694376531622,0.04011633527289021,0.025926542795418447,0.0008036930113883998,40.11633527289021,25.926542795418445,803.6930113883998,3.4533273599999994,2.2797356399999997
70,73.0,29.31370849898476,0.9605263157894737,10.304733300458636,9.021800301979551,1.1422036573118988,1.0675572996675682,0.02316771969008913,0.020283352746928544,0.0003689911310147999,23.16771969008913,20.283352746928543,368.9911310147999,3.4533273599999994,2.2797356399999997
71,344.0,79.35533905932738,0.8797953964194374,27.16200586860244,17.871617662827084,1.5198403625822487,0.6864612130464718,0.06106725131414411,0.04018004312662762,0.0017388075214943997,61.06725131414411,40.180043126627616,1738.8075214943997,3.4533273599999994,2.2797356399999997
72,523.0,101.21320343559643,0.9406474820143885,45.54358659536954,15.096824198304795,3.0167660427869047,0.6415599008139801,0.10239382399890551,0.03394158597208073,0.0026435939934347993,102.3938239989055,33.94158597208073,2643.5939934347994,3.4533273599999994,2.2797356399999997
73,462.0,79.21320343559643,0.9726315789473684,28.466686293108488,20.980667971347177,1.3568055284028515,0.9252448702658137,0.06400051212534408,0.047169996573261,0.0023352589387511994,64.00051212534407,47.169996573260995,2335.2589387511994,3.4533273599999994,2.2797356399999997
74,346.0,73.55634918610404,0.9637883008356546,30.31915133872666,14.896202374633207,2.035361132737915,0.8036105528680274,0.06816533518880559,0.03349053595079285,0.0017489168675495995,68.16533518880559,33.49053595079285,1748.9168675495996,3.4533273599999994,2.2797356399999997
75,102.0,36.14213562373095,0.9444444444444444,13.644788987131475,9.60530432292622,1.4205472859994344,0.98125619872571,0.030677033288208207,0.0215952214970621,0.0005155766488151999,30.677033288208207,21.5952214970621,515.5766488151999,3.4533273599999994,2.2797356399999997
76,144.0,48.384776310850235,0.9056603773584906,19.615942554823377,9.713383990662923,2.019475660972466,0.7729561926370224,0.0441017390083072,0.02183821269084782,0.0007278729159743998,44.1017390083072,21.83821269084782,727.8729159743998,3.4533273599999994,2.2797356399999997
77,301.0,65.79898987322332,0.9709677419354839,26.179843110341267,14.81714592156598,1.7668613948275402,0.8736508556793718,0.05885909407125585,0.03331279648961993,0.0015214565813075997,58.859094071255846,33.31279648961993,1521.4565813075997,3.4533273599999994,2.2797356399999997
78,189.0,51.798989873223334,0.945,20.332679889788682,12.047715726151065,1.6876792540559429,0.8851748922931466,0.0457131508890163,0.02708639735847639,0.0009553332022163998,45.7131508890163,27.08639735847639,955.3332022163997,3.4533273599999994,2.2797356399999997
79,76.0,29.899494936611667,0.9743589743589743,11.471380528690132,8.413990753521064,1.3633697569598136,1.0683062071425138,0.025790645987432873,0.018916838851511266,0.00038415515009759994,25.79064598743287,18.916838851511265,384.1551500975999,3.4533273599999994,2.2797356399999997
80,92.0,32.72792206135785,0.968421052631579,11.615391734321877,10.06676530495908,1.153835555160893,1.0793463490856283,0.0261144206206065,0.0226327057645273,0.0004650299185391999,26.1144206206065,22.632705764527298,465.0299185391999,3.4533273599999994,2.2797356399999997
81,116.0,37.55634918610404,0.9747899159663865,13.740310113325151,10.812501098777176,1.2707799969499278,1.0334777156447452,0.0308917896153844,0.024309313720336772,0.0005863420712015999,30.8917896153844,24.30931372033677,586.3420712015999,3.4533273599999994,2.2797356399999997
82,97.0,34.14213562373095,0.9603960396039604,12.03958850635414,10.292055384528442,1.1697943760050766,1.0456834438381355,0.027068125255295755,0.02313921643881991,0.0004903032836771999,27.068125255295755,23.13921643881991,490.3032836771999,3.4533273599999994,2.2797356399999997
83,308.0,69.45584412271572,0.9305135951661632,26.726780113500745,15.034110446415786,1.7777427010902767,0.8023114549800775,0.060088750657979174,0.03380058915225875,0.0015568392925007996,60.088750657979176,33.80058915225875,1556.8392925007997,3.4533273599999994,2.2797356399999997
84,293.0,64.38477631085024,0.9638157894736842,24.596638054056218,15.47436293949273,1.5895089284278172,0.8882006813895621,0.05529963747141243,0.03479039122234392,0.0014810191970867997,55.299637471412424,34.79039122234392,1481.0191970867997,3.4533273599999994,2.2797356399999997
85,533.0,93.21320343559643,0.9400352733686067,37.177148408883944,19.046068056826417,1.9519592336833562,0.7708718841006889,0.0835838956817574,0.042820512969440554,0.0026941407237107994,83.58389568175741,42.82051296944056,2694.1407237107996,3.4533273599999994,2.2797356399999997
86,131.0,39.89949493661167,0.9924242424242424,14.425960831907828,11.666791278681773,1.236497721380151,1.0340614864804887,0.03243331069994509,0.02622998016020908,0.0006621621666155999,32.43331069994509,26.229980160209077,662.1621666155999,3.4533273599999994,2.2797356399999997
87,214.0,56.970562748477136,0.9596412556053812,23.939767155601654,11.52873931235426,2.0765294892172355,0.8285574346555635,0.05382282090525297,0.025919603446393585,0.0010817000279063997,53.82282090525297,25.919603446393584,1081.7000279063998,3.4533273599999994,2.2797356399999997
88,93.0,36.384776310850235,0.93,14.835525048761365,8.079851675297471,1.8361135383361076,0.8827818470301629,0.03335411754612822,0.01816560732750429,0.0004700845915667999,33.35411754612822,18.16560732750429,470.0845915667999,3.4533273599999994,2.2797356399999997
89,156.0,45.55634918610404,0.968944099378882,17.68361872912929,11.356818837144667,1.5570926139361845,0.9445754114387659,0.03975737264395221,0.025533081518798868,0.0007885289923055998,39.75737264395221,25.533081518798866,788.5289923055998,3.4533273599999994,2.2797356399999997
90,88.0,32.14213562373095,0.967032967032967,11.348453159962869,9.938956625824114,1.1418153421131247,1.070392549811525,0.025514273301418117,0.02234535862357532,0.0004448112264287999,25.514273301418115,22.34535862357532,444.8112264287999,3.4533273599999994,2.2797356399999997
91,202.0,54.384776310850235,0.9483568075117371,22.30297192839301,11.665973660427808,1.911796869904396,0.8582356296459537,0.05014287966772886,0.02622814194179342,0.0010210439515751998,50.14287966772886,26.22814194179342,1021.0439515751998,3.4533273599999994,2.2797356399999997
92,759.0,111.21320343559643,0.9595448798988622,44.38229332124575,22.579066286654676,1.9656390019758185,0.7711501347803217,0.09978293478242395,0.050763611569634236,0.003836496827948399,99.78293478242395,50.763611569634236,3836.496827948399,3.4533273599999994,2.2797356399999997
93,594.0,96.38477631085023,0.9627228525121556,38.73858177024866,20.08087108805932,1.9291285522610502,0.8034880488449455,0.08709440385077924,0.045147019232440244,0.0030024757783943994,87.09440385077923,45.14701923244024,3002.475778394399,3.4533273599999994,2.2797356399999997
94,151.0,43.89949493661166,0.9741935483870968,14.57806271115308,13.456532358237974,1.0833446777414775,0.9846179840151051,0.03277527527097702,0.030253783439732104,0.0007632556271675999,32.77527527097702,30.253783439732103,763.2556271675999,3.4533273599999994,2.2797356399999997
95,131.0,41.798989873223334,0.9562043795620438,16.04745405940258,10.465350588801074,1.5333890559361565,0.9422140726478213,0.03607884906359244,0.0235288291147779,0.0006621621666155999,36.078849063592436,23.5288291147779,662.1621666155999,3.4533273599999994,2.2797356399999997
96,143.0,44.384776310850235,0.934640522875817,15.22340818966541,12.061175797973926,1.2621827626642077,0.9121742967660184,0.03422617969649715,0.027116659099552853,0.0007228182429467998,34.22617969649715,27.116659099552855,722.8182429467998,3.4533273599999994,2.2797356399999997
97,150.0,44.97056274847714,0.9433962264150944,16.877338575347604,11.524392408750293,1.4644883631811167,0.9320613054577821,0.037944645225411,0.02590983047689693,0.0007582009541399999,37.944645225411,25.90983047689693,758.2009541399998,3.4533273599999994,2.2797356399999997
98,117.0,38.14213562373095,0.9590163934426229,14.082688557892734,10.598016746297697,1.328804142795148,1.0106149388227326,0.031661545377167914,0.02382709713003126,0.0005913967442291999,31.661545377167915,23.827097130031255,591.3967442291998,3.4533273599999994,2.2797356399999997
99,389.0,72.62741699796952,0.9652605459057072,23.2005450455808,21.662928677802824,1.07097915478776,0.9267407670737491,0.05216085740417748,0.04870389602915697,0.0019662678077363997,52.160857404177484,48.70389602915697,1966.2678077363996,3.4533273599999994,2.2797356399999997
100,287.0,62.384776310850235,0.9828767123287672,22.74165470975222,16.317315758950883,1.3937129761846556,0.9266900849683434,0.05112915261774752,0.03668556832821891,0.0014506911589211996,51.129152617747515,36.685568328218906,1450.6911589211998,3.4533273599999994,2.2797356399999997
101,149.0,44.97056274847714,0.9675324675324676,18.12762942750465,10.54660420545842,1.7188119582720904,0.9258475634213968,0.0407556241366816,0.023711508370963946,0.0007531462811123999,40.755624136681604,23.711508370963944,753.1462811123998,3.4533273599999994,2.2797356399999997
102,127.0,41.55634918610404,0.9548872180451128,16.331729251022626,9.951168332088194,1.6411871155228974,0.9241422190287176,0.036717973605904126,0.0223728137143006,0.0006419434745051999,36.71797360590413,22.3728137143006,641.9434745051999,3.4533273599999994,2.2797356399999997
103,165.0,47.55634918610404,0.9375,18.108261870087393,11.680574861174335,1.5502885847064238,0.9168046213191703,0.040712080832042676,0.02626096923738381,0.0008340210495539998,40.71208083204267,26.260969237383808,834.0210495539998,3.4533273599999994,2.2797356399999997
104,122.0,38.970562748477136,0.9682539682539683,14.544025185600606,10.798312549720118,1.346879442378946,1.0094767952198842,0.03269875006377842,0.024277414173033748,0.0006166701093671999,32.69875006377841,24.277414173033748,616.6701093671999,3.4533273599999994,2.2797356399999997
105,408.0,82.04163056034261,0.96,34.53110281328899,15.389871105833175,2.2437551670072646,0.7617307021479504,0.0776348972110051,0.03460043161240049,0.0020623065952607997,77.6348972110051,34.60043161240049,2062.3065952607994,3.4533273599999994,2.2797356399999997
106,75.0,30.14213562373095,0.9375,10.957927419630442,8.718282450593895,1.2568906182758488,1.0373446900129322,0.024636269900458335,0.019600965702372228,0.00037910047706999993,24.636269900458334,19.60096570237223,379.1004770699999,3.4533273599999994,2.2797356399999997
107,267.0,60.62741699796952,0.9501779359430605,21.277856064449328,16.267184736992576,1.3080232633039557,0.9128154747040083,0.04783815267545884,0.03657286075679093,0.0013495976983691996,47.838152675458836,36.572860756790924,1349.5976983691996,3.4533273599999994,2.2797356399999997
108,322.0,70.04163056034261,0.9442815249266863,27.278969351804427,15.408337869259402,1.770403114422074,0.8248087129590423,0.061330215634887816,0.03464194969794114,0.0016276047148871997,61.330215634887814,34.641949697941136,1627.6047148871996,3.4533273599999994,2.2797356399999997
109,137.0,40.970562748477136,0.9716312056737588,13.951729669109909,12.565959749000571,1.110279672049686,1.0256202162501762,0.03136711574587304,0.028251544665288023,0.0006924902047811998,31.36711574587304,28.25154466528802,692.4902047811999,3.4533273599999994,2.2797356399999997
110,186.0,49.79898987322333,0.9441624365482234,17.522282538006735,13.622387925391061,1.2862856816275636,0.9425008294315713,0.03939464693889902,0.030626669877139703,0.0009401691831335998,39.394646938899015,30.626669877139705,940.1691831335997,3.4533273599999994,2.2797356399999997
111,170.0,46.97056274847714,0.9497206703910615,16.6605376746116,13.09108547810011,1.272662813368897,0.9682940395618204,0.037457220432322275,0.02943216383699335,0.0008592944146919998,37.45722043232227,29.43216383699335,859.2944146919998,3.4533273599999994,2.2797356399999997
112,85.0,32.384776310850235,0.9239130434782609,11.484507519245245,9.435224283641276,1.2171949679200527,1.018467058087852,0.02582015887521831,0.021212837347939332,0.0004296472073459999,25.82015887521831,21.21283734793933,429.6472073459999,3.4533273599999994,2.2797356399999997
113,109.0,37.31370849898477,0.9646017699115044,14.00237538709641,9.966823670739034,1.4048984761519456,0.9837834972846466,0.031480980487793374,0.022408010985975738,0.0005509593600083999,31.48098048779337,22.408010985975736,550.9593600083999,3.4533273599999994,2.2797356399999997
114,190.0,50.384776310850235,0.9595959595959596,18.89205478328913,12.910729722423875,1.463283268216563,0.9405129838068506,0.042474251087077614,0.0290266772057367,0.0009603878752439998,42.47425108707761,29.026677205736696,960.3878752439998,3.4533273599999994,2.2797356399999997
115,131.0,41.89949493661167,0.9562043795620438,16.380258913079555,10.338376886702696,1.5844130169164152,0.9376992827101717,0.036827080903920235,0.0232433592192982,0.0006621621666155999,36.82708090392023,23.2433592192982,662.1621666155999,3.4533273599999994,2.2797356399999997
116,129.0,44.62741699796952,0.8716216216216216,15.853386028368208,11.274089819505017,1.4061787942243167,0.8139468981673743,0.035642533672139105,0.025347085177600346,0.0006520528205603999,35.6425336721391,25.347085177600345,652.0528205603998,3.4533273599999994,2.2797356399999997
117,73.0,29.31370849898476,0.9733333333333334,11.337114606134955,8.217976360765261,1.3795506470742924,1.0675572996675682,0.025488781284388973,0.018476147532854103,0.0003689911310147999,25.48878128438897,18.476147532854103,368.9911310147999,3.4533273599999994,2.2797356399999997
118,275.0,60.62741699796952,0.9548611111111112,19.4579124274826,18.348988514400688,1.0604351521726445,0.940165751099634,0.04374644619421203,0.04125329691738649,0.0013900350825899997,43.74644619421203,41.253296917386486,1390.0350825899998,3.4533273599999994,2.2797356399999997
119,71.0,28.72792206135785,0.9466666666666667,9.997061103151228,9.026798428633262,1.107486910468751,1.081084859110734,0.022475992595770777,0.020294589835159013,0.00035888178495959995,22.475992595770776,20.294589835159016,358.88178495959994,3.4533273599999994,2.2797356399999997
120,162.0,44.97056274847714,0.9529411764705882,15.472795720470408,13.307382152515439,1.1627227311230144,1.0066262098944045,0.0347868677065048,0.02991845499821436,0.0008188570304711999,34.78686770650479,29.918454998214358,818.8570304711998,3.4533273599999994,2.2797356399999997
121,252.0,64.38477631085024,0.9,24.669285499909897,13.798839095436009,1.787779778377828,0.7639132140278828,0.05546296781802742,0.031023377984704958,0.0012737776029551997,55.462967818027415,31.023377984704958,1273.7776029551997,3.4533273599999994,2.2797356399999997
124,111.0,36.97056274847714,0.9568965517241379,13.192258136247844,10.72601297041559,1.2299312123372061,1.0205181199832831,0.029659626277400573,0.024114865920866552,0.0005610687060635999,29.659626277400573,24.114865920866553,561.0687060635998,3.4533273599999994,2.2797356399999997
125,189.0,49.21320343559643,0.9545454545454546,16.257754522034162,14.96221720155302,1.0865872552863802,0.9806372750586573,0.03655165918170852,0.03363895444556359,0.0009553332022163998,36.55165918170852,33.63895444556359,955.3332022163997,3.4533273599999994,2.2797356399999997
126,138.0,41.31370849898476,0.965034965034965,13.92338518529283,12.686462009043336,1.0974994585068536,1.0160160969774508,0.031303389976686455,0.028522465076451765,0.0006975448778087999,31.303389976686454,28.522465076451766,697.5448778087998,3.4533273599999994,2.2797356399999997
127,235.0,66.04163056034261,0.8736059479553904,24.800876727708907,13.122034354695007,1.8900176647407771,0.6770833768019531,0.055758819111838824,0.029501744958286592,0.0011878481614859997,55.75881911183882,29.501744958286594,1187.8481614859998,3.4533273599999994,2.2797356399999997
128,265.0,63.4558441227157,0.9201388888888888,23.911746411549863,14.831666465705922,1.6122090168922747,0.8270132860024915,0.05375982298723109,0.03334544244818799,0.0013394883523139998,53.75982298723109,33.345442448187995,1339.4883523139997,3.4533273599999994,2.2797356399999997
129,572.0,97.21320343559641,0.9377049180327869,38.35913879192001,19.663683178089514,1.950760620200702,0.7605983584177799,0.08624131738032208,0.04420907234197152,0.002891272971787199,86.24131738032207,44.20907234197153,2891.2729717871994,3.4533273599999994,2.2797356399999997
130,71.0,36.384776310850235,0.8160919540229885,15.627542796511772,6.65394965388203,2.3486115178816225,0.6739517326789417,0.035134779367685554,0.014959808848836811,0.00035888178495959995,35.13477936768555,14.959808848836811,358.88178495959994,3.4533273599999994,2.2797356399999997
131,76.0,30.14213562373095,0.9620253164556962,10.991957711737536,8.89362317918864,1.2359369730729164,1.051175952546438,0.02471277884499103,0.01999517724884265,0.00038415515009759994,24.71277884499103,19.99517724884265,384.1551500975999,3.4533273599999994,2.2797356399999997
132,436.0,79.79898987322332,0.9582417582417583,29.64151914085085,19.1982881031883,1.5439667839930071,0.8604023055448343,0.06664184182360933,0.04316274321087412,0.0022038374400335996,66.64184182360933,43.162743210874126,2203.8374400335997,3.4533273599999994,2.2797356399999997
133,262.0,60.87005768508881,0.9424460431654677,21.800265316304927,15.647573665535077,1.3932041978061813,0.8885947207064897,0.04901266450003571,0.035179813969275886,0.0013243243332311998,49.01266450003571,35.17981396927589,1324.3243332311997,3.4533273599999994,2.2797356399999997
134,127.0,38.970562748477136,0.9769230769230769,13.753514668989723,11.75236830619844,1.1702760082608914,1.0508487950239778,0.030921476889702832,0.0264223795680937,0.0006419434745051999,30.92147688970283,26.4223795680937,641.9434745051999,3.4533273599999994,2.2797356399999997
135,230.0,57.21320343559643,0.9583333333333334,22.908806995208778,12.90041626266514,1.7758192083699453,0.8829684175849135,0.05150495441504808,0.02900348986669952,0.0011625747963479997,51.50495441504808,29.00348986669952,1162.5747963479998,3.4533273599999994,2.2797356399999997
136,439.0,80.97056274847714,0.9543478260869566,30.21618172821388,19.135748913878697,1.5790435934440388,0.841434023832867,0.06793383273227413,0.04302213885311691,0.0022190014591163994,67.93383273227413,43.022138853116914,2219.0014591163995,3.4533273599999994,2.2797356399999997
137,122.0,38.384776310850235,0.976,14.287495426274749,10.86224699022456,1.3153351639980868,1.0405229571736412,0.03212200446707646,0.024421155418242267,0.0006166701093671999,32.122004467076465,24.421155418242268,616.6701093671999,3.4533273599999994,2.2797356399999997
138,76.0,38.384776310850235,0.8539325842696629,16.305336665843384,6.662853288346909,2.4472003149702894,0.6481946290589896,0.03665863621234904,0.01497982653405882,0.00038415515009759994,36.658636212349045,14.97982653405882,384.1551500975999,3.4533273599999994,2.2797356399999997
139,175.0,47.21320343559643,0.9668508287292817,16.11608221589659,13.968017993384843,1.1537844684570893,0.9865542588496955,0.03623314300271167,0.031403736133807404,0.0008845677798299998,36.233143002711664,31.403736133807403,884.5677798299998,3.4533273599999994,2.2797356399999997
140,106.0,36.970562748477136,0.9298245614035088,12.73149582839891,10.864819070299486,1.1718092815003471,0.9745488352993519,0.028623712811156127,0.02442693812299152,0.0005357953409255999,28.62371281115613,24.42693812299152,535.7953409255999,3.4533273599999994,2.2797356399999997
141,76.0,30.72792206135785,0.9156626506024096,10.920728313013166,8.878731662734117,1.2299874270161508,1.0114794671210172,0.024552636637014978,0.019961697248058602,0.00038415515009759994,24.552636637014977,19.961697248058602,384.1551500975999,3.4533273599999994,2.2797356399999997
142,104.0,36.14213562373095,0.9719626168224299,14.268660408835018,9.279200126595779,1.5377037044323023,1.0004965163477828,0.03207965845076741,0.020862054476620224,0.0005256859948703998,32.07965845076741,20.862054476620223,525.6859948703999,3.4533273599999994,2.2797356399999997
143,436.0,76.38477631085024,0.9819819819819819,27.242444611356444,20.670344695187467,1.3179482496825083,0.9390370568189226,0.06124809852192823,0.04647230916440217,0.0022038374400335996,61.24809852192823,46.47230916440217,2203.8374400335997,3.4533273599999994,2.2797356399999997
144,97.0,35.55634918610404,0.9326923076923077,12.762418756651801,9.884766825246913,1.2911198597072628,0.9641559219759195,0.028693235593829976,0.02222352586252962,0.0004903032836771999,28.693235593829975,22.223525862529623,490.3032836771999,3.4533273599999994,2.2797356399999997
145,172.0,51.45584412271571,0.8958333333333334,18.575214013851554,12.964791394489156,1.4327429920505452,0.8163359015547743,0.04176191065878189,0.029148221900574187,0.0008694037607471999,41.761910658781886,29.148221900574185,869.4037607471998,3.4533273599999994,2.2797356399999997
146,350.0,74.6274169979695,0.9433962264150944,29.835697579204552,15.20179470349292,1.9626431063661973,0.7897344588294188,0.06707840543942242,0.03417758696007499,0.0017691355596599996,67.07840543942241,34.17758696007499,1769.1355596599997,3.4533273599999994,2.2797356399999997
147,280.0,70.2842712474619,0.8695652173913043,27.20359534500877,13.872771462837521,1.9609344403807094,0.7122813990611769,0.06116075527036941,0.03118959716903908,0.0014153084477279997,61.160755270369414,31.189597169039082,1415.3084477279997,3.4533273599999994,2.2797356399999997
148,116.0,37.55634918610404,0.9586776859504132,13.053697046908601,11.31268034421688,1.1538995754955403,1.0334777156447452,0.02934810492268273,0.02543384671068904,0.0005863420712015999,29.348104922682726,25.43384671068904,586.3420712015999,3.4533273599999994,2.2797356399999997
149,190.0,53.31370849898475,0.9595959595959596,21.72420076037147,11.347121320621532,1.9145120728454095,0.8400123647760338,0.048841651601512756,0.025511278980300565,0.0009603878752439998,48.84165160151276,25.511278980300563,960.3878752439998,3.4533273599999994,2.2797356399999997
150,341.0,69.698484809835,0.9445983379501385,23.57919013707061,18.83401857505145,1.2519468451785893,0.8820994860794044,0.05301215001757037,0.042343770601545164,0.0017236435024115997,53.01215001757036,42.34377060154517,1723.6435024115997,3.4533273599999994,2.2797356399999997
151,432.0,85.55634918610404,0.9536423841059603,35.8095708603063,16.01261114663959,2.236335506581093,0.741633129943483,0.08050922578239224,0.03600051313654392,0.0021836187479231995,80.50922578239224,36.000513136543915,2183.6187479231994,3.4533273599999994,2.2797356399999997
152,116.0,38.72792206135785,0.9508196721311475,13.61587394042849,10.950776717958805,1.243370611154827,0.9718952553924397,0.03061202474530775,0.02462019326391806,0.0005863420712015999,30.612024745307753,24.620193263918058,586.3420712015999,3.4533273599999994,2.2797356399999997
153,130.0,41.55634918610404,0.9558823529411765,15.425440359506725,10.875973318855687,1.4183043583569317,0.9459723501868762,0.03468040054266459,0.024452015773850484,0.0006571074935879999,34.680400542664586,24.452015773850484,657.1074935879999,3.4533273599999994,2.2797356399999997
154,91.0,34.14213562373095,0.9285714285714286,12.27320738379092,9.477265834085374,1.295015629892941,0.9810019937038179,0.02759336123268177,0.02130735768414078,0.00045997524551159993,27.59336123268177,21.30735768414078,459.9752455115999,3.4533273599999994,2.2797356399999997
155,552.0,91.698484809835,0.9452054794520548,33.87998228743275,21.323339734350128,1.5888684750848348,0.8249442931944807,0.07617100897754356,0.047940411791150016,0.0027901795112351994,76.17100897754355,47.94041179115001,2790.1795112351992,3.4533273599999994,2.2797356399999997
156,343.0,68.97056274847714,0.9828080229226361,26.814882334068454,16.509418282597185,1.6242172725331216,0.9061006564011886,0.060286827356392736,0.037117464748031945,0.0017337528484667997,60.286827356392735,37.11746474803194,1733.7528484667996,3.4533273599999994,2.2797356399999997
157,276.0,62.384776310850235,0.9517241379310345,23.07239816005983,15.492600518535538,1.4892527650510146,0.8911723465200794,0.05187274988733611,0.0348313940418027,0.0013950897556175997,51.872749887336106,34.8313940418027,1395.0897556175996,3.4533273599999994,2.2797356399999997
158,228.0,54.62741699796952,0.957983193277311,19.45163339346965,14.957040468889005,1.300500151345415,0.9601152754312778,0.04373232929320207,0.03362731580458439,0.0011524654502927997,43.73232929320207,33.62731580458439,1152.4654502927997,3.4533273599999994,2.2797356399999997
159,361.0,72.62741699796952,0.9601063829787234,28.48630156574749,16.377605441705445,1.739344720883759,0.8600344907805227,0.06404461235820744,0.03682111521036868,0.0018247369629635997,64.04461235820744,36.82111521036868,1824.7369629635996,3.4533273599999994,2.2797356399999997
160,93.0,34.14213562373095,0.9393939393939394,11.284441378352787,10.531709436173417,1.0714729120416056,1.0025624770819237,0.025370358173295433,0.023678021056971244,0.0004700845915667999,25.370358173295433,23.678021056971243,470.0845915667999,3.4533273599999994,2.2797356399999997
161,555.0,90.38477631085024,0.9702797202797203,33.42691340630865,21.736717367793176,1.5378087151207378,0.8537137417185864,0.07515239233486748,0.04886979218931468,0.0028053435303179992,75.15239233486747,48.86979218931468,2805.3435303179995,3.4533273599999994,2.2797356399999997
162,130.0,40.14213562373095,0.9701492537313433,14.812435596299599,11.206424097569618,1.3217807453415966,1.0137999571234393,0.033302206453736535,0.025194955041601866,0.0006571074935879999,33.30220645373653,25.194955041601865,657.1074935879999,3.4533273599999994,2.2797356399999997
163,74.0,29.31370849898476,0.961038961038961,10.271928331487596,9.169190143370786,1.1202656037091865,1.082181372265754,0.0230939655905503,0.020614723431734802,0.0003740458040423999,23.093965590550297,20.6147234317348,374.04580404239994,3.4533273599999994,2.2797356399999997
164,341.0,72.97056274847714,0.9419889502762431,29.280481589023395,15.412061268245953,1.8998420184943767,0.8047645769351512,0.06583013553733773,0.034650320866946645,0.0017236435024115997,65.83013553733772,34.65032086694664,1723.6435024115997,3.4533273599999994,2.2797356399999997
165,318.0,70.04163056034261,0.9408284023668639,27.192076991443148,15.280978949870896,1.7794721843833758,0.8145626419906071,0.061134859016781964,0.034355613733836735,0.0016073860227767997,61.13485901678197,34.355613733836734,1607.3860227767996,3.4533273599999994,2.2797356399999997
166,81.0,31.899494936611667,0.9310344827586207,11.206855854393648,9.299273795429926,1.205132368497548,1.0002930906696852,0.025195925743199062,0.020907185303313282,0.00040942851523559994,25.19592574319906,20.907185303313284,409.4285152355999,3.4533273599999994,2.2797356399999997
167,161.0,44.97056274847714,0.9698795180722891,16.060575635710386,12.804740770346351,1.2542679249629174,1.0004124678580193,0.03610834977874223,0.028788386484338884,0.0008138023574435999,36.10834977874223,28.788386484338883,813.8023574435998,3.4533273599999994,2.2797356399999997
168,133.0,40.384776310850235,0.9637681159420289,13.772290471758884,12.343779883577861,1.115727159885726,1.0247693831904419,0.030963689776036626,0.02775202656105276,0.0006722715126707998,30.963689776036624,27.75202656105276,672.2715126707999,3.4533273599999994,2.2797356399999997
169,175.0,48.04163056034262,0.9562841530054644,17.896841764006883,12.587991758289016,1.4217392343160746,0.9528234440444334,0.04023675346434611,0.02830107835049086,0.0008845677798299998,40.23675346434611,28.301078350490858,884.5677798299998,3.4533273599999994,2.2797356399999997
170,177.0,48.62741699796952,0.946524064171123,17.670459043892695,12.868792251404185,1.373124897712493,0.9406341197640863,0.039727786250022185,0.02893239086714197,0.0008946771258851998,39.727786250022184,28.93239086714197,894.6771258851998,3.4533273599999994,2.2797356399999997
171,181.0,49.55634918610404,0.9783783783783784,19.893500913803432,11.650671069280627,1.7074982887686796,0.9261681245668842,0.0447257623644677,0.026193737738220858,0.0009148958179955998,44.7257623644677,26.193737738220857,914.8958179955998,3.4533273599999994,2.2797356399999997
172,226.0,56.62741699796952,0.9658119658119658,21.37320046084486,13.749894142398745,1.554426546088026,0.8856554486762935,0.04805251166809906,0.030913337004589397,0.0011423561042375999,48.05251166809906,30.913337004589398,1142.3561042375998,3.4533273599999994,2.2797356399999997
173,162.0,45.21320343559643,0.9700598802395209,15.341566671023147,13.524594016516557,1.1343458186092432,0.9958509024124148,0.034491830683794494,0.03040680374357351,0.0008188570304711999,34.4918306837945,30.406803743573512,818.8570304711998,3.4533273599999994,2.2797356399999997
174,321.0,66.14213562373095,0.9668674698795181,23.30895995398819,17.921087094247643,1.3006443097679024,0.9220584866891305,0.05240460230615348,0.0402912632705132,0.0016225500418595997,52.40460230615348,40.2912632705132,1622.5500418595996,3.4533273599999994,2.2797356399999997
175,303.0,64.8700576850888,0.9498432601880877,23.045768267513314,16.9868232051496,1.356685001615071,0.9048236099122003,0.05181287896511948,0.038190795139209636,0.0015315659273627998,51.812878965119474,38.19079513920964,1531.5659273627996,3.4533273599999994,2.2797356399999997
176,146.0,44.14213562373095,0.954248366013072,16.925391799677367,11.128611470803405,1.5208898112834806,0.9415774268069216,0.03805268136754263,0.02502001202534846,0.0007379822620295998,38.05268136754263,25.02001202534846,737.9822620295998,3.4533273599999994,2.2797356399999997
177,94.0,34.384776310850235,0.9494949494949495,12.72362172034178,9.455712110293847,1.3456016397210702,0.9990916074330408,0.028606009768975607,0.02125889930908924,0.0004751392645943999,28.606009768975607,21.25889930908924,475.1392645943999,3.4533273599999994,2.2797356399999997
178,242.0,59.798989873223334,0.9641434262948207,24.15020054784568,12.945582746973106,1.8655166800808873,0.8504279675279222,0.05429592988369952,0.02910503586670975,0.0012232308726791998,54.29592988369952,29.105035866709752,1223.2308726791998,3.4533273599999994,2.2797356399999997
179,207.0,51.55634918610404,0.9627906976744186,16.705140840630346,15.910121714337388,1.0499693931050527,0.9786240772095565,0.03755749994635558,0.03577009024547617,0.0010463173167131997,37.55749994635558,35.77009024547617,1046.3173167131997,3.4533273599999994,2.2797356399999997
180,379.0,78.04163056034261,0.9404466501240695,32.232909464481594,15.373043750012906,2.0967161733638164,0.7819813664173991,0.07246796103261538,0.034562599341404016,0.0019157210774603996,72.46796103261538,34.56259934140401,1915.7210774603996,3.4533273599999994,2.2797356399999997
181,145.0,42.970562748477136,0.9539473684210527,14.434923022403927,12.882632667582186,1.1204948083886548,0.9868150939050996,0.03245346003434985,0.028963507721218324,0.0007329275890019998,32.453460034349845,28.96350772121832,732.9275890019999,3.4533273599999994,2.2797356399999997
182,86.0,32.14213562373095,0.9662921348314607,11.480773131709498,9.602221875996722,1.1956371431500357,1.0460654464067178,0.025811763001097193,0.021588291354928388,0.00043470188037359993,25.81176300109719,21.588291354928387,434.7018803735999,3.4533273599999994,2.2797356399999997
183,180.0,48.62741699796952,0.9375,15.631234753234622,14.874530600428956,1.0508724727611805,0.9565770709465284,0.03514307984630727,0.0334418121677204,0.0009098411449679998,35.143079846307266,33.4418121677204,909.8411449679998,3.4533273599999994,2.2797356399999997
184,127.0,39.55634918610404,0.9621212121212122,13.739045003216605,11.792773467735069,1.1650393387786613,1.0199553985328214,0.03088894531893176,0.026513220876570043,0.0006419434745051999,30.88894531893176,26.513220876570042,641.9434745051999,3.4533273599999994,2.2797356399999997
185,1424.0,147.45584412271572,0.9693669162695712,54.211133071640326,34.590288214755496,1.56723565687189,0.8229924935185063,0.12188072203964606,0.07776796138170618,0.0071978543913023985,121.88072203964606,77.76796138170619,7197.854391302399,3.4533273599999994,2.2797356399999997
186,185.0,52.38477631085023,0.9343434343434344,21.1506583474389,11.216217937554779,1.8857210572398972,0.8471716322790022,0.04755217913621297,0.025216974140286903,0.0009351145101059998,47.55217913621297,25.216974140286904,935.1145101059998,3.4533273599999994,2.2797356399999997
187,755.0,118.76955262170046,0.8966745843230404,49.0734180239581,20.714438754286807,2.369044056952905,0.672584066200428,0.11032980280654402,0.04657144407371285,0.003816278135837999,110.32980280654402,46.57144407371285,3816.2781358379993,3.4533273599999994,2.2797356399999997
188,258.0,58.38477631085023,0.9591078066914498,20.31798467999097,16.392704233105935,1.2394528926446269,0.9511090820016481,0.0456801122366365,0.03685506121912274,0.0013041056411207997,45.6801122366365,36.855061219122746,1304.1056411207996,3.4533273599999994,2.2797356399999997
189,335.0,67.79898987322332,0.9626436781609196,23.290308397783487,18.751024027463895,1.2420819451604925,0.915815994708311,0.0523626687584007,0.042157177279985976,0.0016933154642459996,52.362668758400694,42.15717727998597,1693.3154642459997,3.4533273599999994,2.2797356399999997
190,726.0,125.35533905932738,0.8325688073394495,37.91684112578565,28.821526812225656,1.3155736464905774,0.5805783181091795,0.08524691722945885,0.06479828587085444,0.0036696926180375994,85.24691722945884,64.79828587085444,3669.692618037599,3.4533273599999994,2.2797356399999997
191,303.0,75.21320343559643,0.9439252336448598,33.212271384669315,12.086928861524509,2.7477841364973745,0.6730763329778136,0.07466982126329662,0.02717455868221109,0.0015315659273627998,74.66982126329663,27.17455868221109,1531.5659273627996,3.4533273599999994,2.2797356399999997
192,561.0,97.79898987322332,0.949238578680203,40.55830153371072,18.276136814161163,2.2191944581135084,0.7370619417773541,0.09118560700618045,0.04108950735380597,0.0028356715684835993,91.18560700618045,41.08950735380597,2835.6715684835995,3.4533273599999994,2.2797356399999997
193,139.0,44.62741699796952,0.9144736842105263,16.260179145252373,11.257074834748336,1.4444408857495072,0.877043556940039,0.036557110365105096,0.02530883106797129,0.0007025995508363999,36.557110365105096,25.30883106797129,702.5995508363999,3.4533273599999994,2.2797356399999997
194,215.0,52.727922061357845,0.9684684684684685,17.535444632447472,15.854513438172429,1.106022250435508,0.971777882920581,0.03942423874934635,0.03564506838250554,0.0010867547009339997,39.42423874934635,35.64506838250554,1086.7547009339999,3.4533273599999994,2.2797356399999997
195,74.0,29.31370849898476,0.9736842105263158,10.24915821649325,9.197653524689235,1.114323146548352,1.082181372265754,0.02304277245181311,0.02067871651341782,0.0003740458040423999,23.04277245181311,20.678716513417818,374.04580404239994,3.4533273599999994,2.2797356399999997
196,251.0,56.62741699796952,0.9691119691119691,19.054928804529197,16.878918179728338,1.1289188443021343,0.983626184149335,0.04284043423407081,0.03794819658675603,0.0012687229299275997,42.840434234070806,37.948196586756026,1268.7229299275998,3.4533273599999994,2.2797356399999997
197,72.0,29.31370849898476,0.96,10.228663367265028,8.991305885222657,1.1376171045494055,1.0529332270693823,0.02299669470208727,0.020214793369510688,0.0003639364579871999,22.996694702087268,20.214793369510687,363.9364579871999,3.4533273599999994,2.2797356399999997
198,109.0,36.14213562373095,0.9732142857142857,11.979472388451873,11.63242089849535,1.0298348463303466,1.0485973104029644,0.026932968592060805,0.026152706609251154,0.0005509593600083999,26.932968592060803,26.152706609251155,550.9593600083999,3.4533273599999994,2.2797356399999997
199,101.0,36.384776310850235,0.9351851851851852,13.326220654153085,9.74035640067363,1.3681450766248617,0.9587200704306071,0.029960808847906212,0.02189885368137849,0.0005105219757875999,29.96080884790621,21.89885368137849,510.5219757875999,3.4533273599999994,2.2797356399999997
200,619.0,92.97056274847714,0.9702194357366771,29.22198057603149,27.726580282457057,1.0539338165161534,0.8999317901357765,0.06569861004986856,0.062336561385836896,0.0031288426040843994,65.69861004986855,62.336561385836895,3128.842604084399,3.4533273599999994,2.2797356399999997
201,880.0,141.698484809835,0.9381663113006397,66.69309723882346,17.612322992402422,3.7867291706831305,0.5507596604326515,0.1499434227981572,0.039597081290898666,0.004448112264287999,149.9434227981572,39.597081290898664,4448.112264287999,3.4533273599999994,2.2797356399999997
202,108.0,37.55634918610404,0.9230769230769231,13.032395757224895,10.736794022196642,1.2138070014459117,0.9622033904278662,0.02930021408513844,0.02413910452834382,0.0005459046869807999,29.30021408513844,24.13910452834382,545.9046869807999,3.4533273599999994,2.2797356399999997
204,73.0,29.899494936611667,0.9605263157894737,11.458601609932185,8.15666516531464,1.4048145139828323,1.026136225281625,0.02576191565554613,0.01833830402457029,0.0003689911310147999,25.76191565554613,18.33830402457029,368.9911310147999,3.4533273599999994,2.2797356399999997
205,180.0,49.21320343559643,0.9473684210526315,18.038592977729163,12.798023687171401,1.4094826997242433,0.933940261960626,0.040555447048109365,0.028773284734919972,0.0009098411449679998,40.555447048109365,28.773284734919972,909.8411449679998,3.4533273599999994,2.2797356399999997
206,193.0,49.89949493661167,0.9747474747474747,17.461592187715798,14.24117713809881,1.2261340490598598,0.9740356966075756,0.03925819925195392,0.03201786891250202,0.0009755518943267997,39.25819925195391,32.017868912502024,975.5518943267998,3.4533273599999994,2.2797356399999997
207,90.0,33.55634918610404,0.9278350515463918,11.860964228710964,9.678230460636364,1.225530253381782,1.0043913491373557,0.02666653143684171,0.02175917841543031,0.0004549205724839999,26.66653143684171,21.75917841543031,454.9205724839999,3.4533273599999994,2.2797356399999997
208,81.0,31.31370849898476,0.9529411764705882,11.704681258403989,8.853649840551428,1.3220176389622147,1.038068168883187,0.02631516668601935,0.019905306790518152,0.00040942851523559994,26.31516668601935,19.90530679051815,409.4285152355999,3.4533273599999994,2.2797356399999997
209,85.0,32.48528137423857,0.9444444444444444,11.85831854625576,9.140006981524069,1.297408040303096,1.01217480841536,0.02666058325480497,0.0205491120962813,0.0004296472073459999,26.66058325480497,20.5491120962813,429.6472073459999,3.4533273599999994,2.2797356399999997
210,156.0,47.55634918610404,0.9230769230769231,18.521260711992706,10.858439226120394,1.705701926980362,0.8667970965199429,0.04164060960834472,0.024412594574517436,0.0007885289923055998,41.64060960834472,24.412594574517435,788.5289923055998,3.4533273599999994,2.2797356399999997
211,157.0,43.55634918610404,0.9751552795031055,14.728713103535261,13.579548283218942,1.0846246720692772,1.0399359092384248,0.033113976522154184,0.030530355223229815,0.0007935836653331998,33.11397652215418,30.530355223229815,793.5836653331999,3.4533273599999994,2.2797356399999997
212,363.0,75.21320343559643,0.928388746803069,28.936611971299914,16.461581593294337,1.7578269625737122,0.8063587751516381,0.06505702723059474,0.037009915432939924,0.0018348463090187997,65.05702723059474,37.00991543293992,1834.8463090187995,3.4533273599999994,2.2797356399999997
213,118.0,38.72792206135786,0.959349593495935,14.165558952285519,10.759066333627283,1.3166160067264665,0.9886520701405846,0.03184785957006544,0.024189178475240873,0.0005964514172567999,31.847859570065435,24.189178475240873,596.4514172567999,3.4533273599999994,2.2797356399999997
214,83.0,30.72792206135785,0.9764705882352941,10.601411246762495,9.939064146619744,1.066640791363442,1.1046420496190057,0.023834728849646245,0.022345600358279302,0.0004195378612907999,23.834728849646243,22.345600358279302,419.5378612907999,3.4533273599999994,2.2797356399999997
215,187.0,50.14213562373095,0.9790575916230366,20.071332004207427,11.944486484316235,1.680384672088012,0.9346431257439441,0.04512557289177938,0.026854311183228816,0.0009452238561611998,45.125572891779385,26.854311183228813,945.2238561611998,3.4533273599999994,2.2797356399999997
216,80.0,30.14213562373095,0.9876543209876543,10.86898900608629,9.346661328280561,1.1628739529910603,1.106501002680461,0.02443631322282356,0.02101372479792005,0.0004043738422079999,24.436313222823557,21.01372479792005,404.3738422079999,3.4533273599999994,2.2797356399999997
217,74.0,29.31370849898476,0.9736842105263158,10.497322255962466,9.044033286727576,1.1606903605018395,1.082181372265754,0.02360070973519017,0.020333338277218137,0.0003740458040423999,23.600709735190172,20.333338277218136,374.04580404239994,3.4533273599999994,2.2797356399999997
218,93.0,33.31370849898476,0.9789473684210527,11.974282726668866,9.995192326041995,1.1980042340426453,1.053044805206552,0.026921300883060544,0.02247179109894717,0.0004700845915667999,26.921300883060542,22.471791098947172,470.0845915667999,3.4533273599999994,2.2797356399999997
219,137.0,45.21320343559643,0.9194630872483222,17.893062706024857,9.840772892787003,1.818257864597195,0.8421702075956842,0.04022825715944744,0.022124616063937303,0.0006924902047811998,40.22825715944744,22.124616063937303,692.4902047811999,3.4533273599999994,2.2797356399999997
220,100.0,34.72792206135785,0.9803921568627451,12.58037445836428,10.29476461544098,1.2220167170694844,1.0419629285455556,0.028283952679762074,0.023145307494311335,0.0005054673027599999,28.283952679762074,23.145307494311336,505.4673027599999,3.4533273599999994,2.2797356399999997
221,235.0,55.21320343559643,0.9631147540983607,19.313904201857913,15.537622789713536,1.243041130760647,0.9687056562107349,0.04342267826086907,0.034932615813201354,0.0011878481614859997,43.42267826086906,34.93261581320135,1187.8481614859998,3.4533273599999994,2.2797356399999997
222,105.0,36.72792206135785,0.9292035398230089,12.716386090835744,10.715001503271152,1.186783416404897,0.9781522241314755,0.028589742192582368,0.024090109279744396,0.0005307406678979998,28.589742192582367,24.090109279744397,530.7406678979999,3.4533273599999994,2.2797356399999997
223,259.0,59.55634918610404,0.9592592592592593,20.980820436199128,16.050959225824347,1.3071381056431282,0.9176001860636669,0.04717033935388905,0.03608672958905184,0.0013091603141483998,47.17033935388905,36.08672958905184,1309.1603141483997,3.4533273599999994,2.2797356399999997
224,113.0,36.97056274847714,0.9741379310344828,13.476979634353494,10.754697821020418,1.2531249002656575,1.0389058338568558,0.030299754232731582,0.024179356923087363,0.0005711780521187999,30.299754232731583,24.17935692308736,571.1780521187999,3.4533273599999994,2.2797356399999997
225,107.0,36.384776310850235,0.9469026548672567,12.05867948927708,11.32696732944453,1.064599123362037,1.0156737379809402,0.027111046748562087,0.025465967568096957,0.0005408500139531999,27.111046748562085,25.465967568096957,540.8500139531999,3.4533273599999994,2.2797356399999997
226,80.0,31.556349186104047,0.9090909090909091,10.940160398781096,9.341996063419307,1.1710731116254438,1.0095465403626347,0.024596325018163584,0.021003236069543088,0.0004043738422079999,24.596325018163583,21.00323606954309,404.3738422079999,3.4533273599999994,2.2797356399999997
227,464.0,82.62741699796952,0.945010183299389,31.17546210135245,19.459508198278318,1.602068345391725,0.8540425162998861,0.07009054442398666,0.043750033901861204,0.0023453682848063994,70.09054442398666,43.75003390186121,2345.3682848063995,3.4533273599999994,2.2797356399999997
228,660.0,106.62741699796952,0.953757225433526,44.34163305770776,19.68436333644272,2.252632320376637,0.7294844220423449,0.09969151993832204,0.0442555667147907,0.003336084198215999,99.69151993832203,44.2555667147907,3336.084198215999,3.4533273599999994,2.2797356399999997
229,175.0,47.31370849898476,0.9722222222222222,16.01998390636114,14.114673842520991,1.134987891686192,0.9823673798678608,0.03601708901731549,0.03173345661318624,0.0008845677798299998,36.01708901731549,31.73345661318624,884.5677798299998,3.4533273599999994,2.2797356399999997
230,261.0,62.97056274847714,0.9666666666666667,26.78552714408984,12.654254963947892,2.1167209938792992,0.8271327605187119,0.06022082925697142,0.028450055265245484,0.0013192696602035998,60.22082925697142,28.450055265245485,1319.2696602035996,3.4533273599999994,2.2797356399999997
231,225.0,54.38477631085023,0.974025974025974,19.93169969291588,14.551787101426546,1.369708033383881,0.9559555280709882,0.044811643151595054,0.03271620086865324,0.0011373014312099998,44.81164315159506,32.716200868653246,1137.3014312099997,3.4533273599999994,2.2797356399999997
232,176.0,49.798989873223334,0.946236559139785,19.410755674679258,11.797838351059976,1.645280694402403,0.891828741827723,0.04364042555315439,0.0265246080511541,0.0008896224528575998,43.64042555315439,26.5246080511541,889.6224528575998,3.4533273599999994,2.2797356399999997
233,140.0,42.384776310850235,0.9395973154362416,14.792948558684511,12.121346471702418,1.2204047292286393,0.9793053086529954,0.03325839452654804,0.027251938418469675,0.0007076542238639999,33.25839452654803,27.251938418469674,707.6542238639998,3.4533273599999994,2.2797356399999997
234,519.0,105.698484809835,0.8979238754325259,48.92302818036492,14.298297145067767,3.42159822837652,0.5837672116680169,0.10999168733678723,0.03214628953937006,0.0026233753013243993,109.99168733678722,32.14628953937005,2623.3753013243995,3.4533273599999994,2.2797356399999997
235,333.0,77.79898987322333,0.9652173913043478,34.27091792763582,12.633069890089274,2.7127941368013473,0.6913630757412781,0.0770499339399865,0.028402425711092107,0.0016832061181907996,77.0499339399865,28.402425711092107,1683.2061181907995,3.4533273599999994,2.2797356399999997
236,205.0,52.62741699796952,0.9447004608294931,17.246334502172708,15.280523302628266,1.1286481595303952,0.9301213539838207,0.038774244007854806,0.03435458932036702,0.0010362079706579999,38.774244007854804,34.35458932036702,1036.2079706579998,3.4533273599999994,2.2797356399999997
237,184.0,51.21320343559643,0.9292929292929293,19.02824771726271,12.637410502077163,1.5057078120660168,0.8815842092381073,0.04278044821281305,0.0284121845354,0.0009300598370783998,42.78044821281305,28.412184535399998,930.0598370783998,3.4533273599999994,2.2797356399999997
238,258.0,59.45584412271571,0.9626865671641791,21.564851731966648,15.480249948566087,1.3930557842164666,0.9171502129502426,0.04848339355491133,0.03480362674936319,0.0013041056411207997,48.48339355491133,34.80362674936318,1304.1056411207996,3.4533273599999994,2.2797356399999997
239,277.0,59.798989873223334,0.9719298245614035,20.272669408955178,17.58267485371589,1.1529912017152948,0.9734237479555142,0.04557823172537756,0.039530424566615284,0.0014001444286451997,45.57823172537756,39.53042456661528,1400.1444286451997,3.4533273599999994,2.2797356399999997
240,96.0,33.55634918610404,0.96,11.357205250901787,10.739335795724676,1.0575333025179345,1.0713507724131794,0.02553395027739245,0.02414481909609596,0.00048524861064959987,25.53395027739245,24.144819096095958,485.24861064959987,3.4533273599999994,2.2797356399999997
241,424.0,84.62741699796952,0.954954954954955,35.7248427576247,15.659181908564626,2.2813990517656206,0.7439667901803887,0.0803187349782573,0.035205912317749506,0.0021431813637023994,80.3187349782573,35.2059123177495,2143.1813637023997,3.4533273599999994,2.2797356399999997
242,234.0,56.384776310850235,0.9512195121951219,19.74382638776365,15.36446943918849,1.285031446475152,0.9249153726554539,0.0443892551145535,0.03454332206134991,0.0011827934884583997,44.3892551145535,34.54332206134991,1182.7934884583997,3.4533273599999994,2.2797356399999997
243,140.0,41.55634918610404,0.9790209790209791,13.904929092105684,13.072759026929473,1.0636568044635388,1.0187394540474053,0.03126189588061752,0.029390961209884454,0.0007076542238639999,31.261895880617523,29.390961209884455,707.6542238639998,3.4533273599999994,2.2797356399999997
244,295.0,69.21320343559643,0.9485530546623794,29.36901212125194,12.967796755965589,2.2647649923832502,0.773844996999149,0.06602917519172588,0.02915497873456719,0.0014911285431419997,66.02917519172588,29.15497873456719,1491.1285431419997,3.4533273599999994,2.2797356399999997
245,81.0,31.556349186104043,0.9529411764705882,11.330853117157192,9.124290440111997,1.2418338928959072,1.0221658721171678,0.025474703829179827,0.020513777224886197,0.00040942851523559994,25.474703829179823,20.513777224886194,409.4285152355999,3.4533273599999994,2.2797356399999997
246,75.0,29.31370849898476,0.9868421052631579,11.38216913395567,8.341809237904112,1.3644724794516463,1.09680544486394,0.025590075577107175,0.018754556037210296,0.00037910047706999993,25.59007557710717,18.754556037210296,379.1004770699999,3.4533273599999994,2.2797356399999997
247,186.0,51.55634918610404,0.9637305699481865,20.522173585557507,11.698166407681823,1.754306860610329,0.879343373724529,0.046139181985465516,0.026300519607734732,0.0009401691831335998,46.13918198546551,26.30051960773473,940.1691831335997,3.4533273599999994,2.2797356399999997
248,163.0,46.384776310850235,0.9421965317919075,16.32459279005198,12.775188386656367,1.277835777913299,0.9520210153189999,0.03670192898616226,0.02872194504218404,0.0008239117034987998,36.70192898616226,28.72194504218404,823.9117034987999,3.4533273599999994,2.2797356399999997
249,98.0,35.55634918610404,0.9514563106796117,13.48297135901908,9.32090147364918,1.4465308315012615,0.9740956737488671,0.030313225187628235,0.020955809947146502,0.0004953579567047999,30.313225187628234,20.955809947146502,495.3579567047999,3.4533273599999994,2.2797356399999997
250,118.0,38.72792206135786,0.9516129032258065,13.897155590359793,10.890370895742203,1.27609571091772,0.9886520701405846,0.031244419027582303,0.024484385270061363,0.0005964514172567999,31.244419027582303,24.484385270061363,596.4514172567999,3.4533273599999994,2.2797356399999997
251,270.0,60.970562748477136,0.9642857142857143,22.393677410645218,15.718248922897521,1.424692885352088,0.9127108665105773,0.05034680917525721,0.03533871032339358,0.0013647617174519996,50.346809175257214,35.33871032339358,1364.7617174519996,3.4533273599999994,2.2797356399999997
252,115.0,37.55634918610404,0.9583333333333334,13.264455352461155,11.099839454820575,1.1950132618089808,1.0245684249926355,0.029821944390724314,0.024955325052694904,0.0005812873981739998,29.821944390724312,24.955325052694903,581.2873981739999,3.4533273599999994,2.2797356399999997
253,181.0,46.970562748477136,0.9783783783783784,15.590140783415373,14.802882954099093,1.0531827368869575,1.0309483597687619,0.03505068991772144,0.033280729630382824,0.0009148958179955998,35.05068991772144,33.28072963038282,914.8958179955998,3.4533273599999994,2.2797356399999997
254,267.0,60.14213562373095,0.9709090909090909,21.334435440942364,16.244940760162272,1.3132972139400558,0.9276057542640662,0.047965357824453075,0.03652285051344243,0.0013495976983691996,47.96535782445307,36.52285051344243,1349.5976983691996,3.4533273599999994,2.2797356399999997
255,285.0,65.79898987322332,0.9344262295081968,25.343145375553917,14.77649289918522,1.7150988092006152,0.8272109430851196,0.056977980022042844,0.03322139792552216,0.0014405818128659998,56.97798002204284,33.221397925522155,1440.5818128659996,3.4533273599999994,2.2797356399999997
256,352.0,73.21320343559643,0.9696969696969697,28.629578368914604,15.942481377110003,1.7958044103486024,0.8252275302391291,0.06436673586369594,0.03584284318090133,0.0017792449057151996,64.36673586369594,35.84284318090133,1779.2449057151996,3.4533273599999994,2.2797356399999997
257,118.0,38.97056274847714,0.944,14.312314376703375,10.567246865017626,1.3544033331977525,0.976379195376609,0.03217780392056713,0.023757918436744525,0.0005964514172567999,32.17780392056712,23.757918436744525,596.4514172567999,3.4533273599999994,2.2797356399999997
258,328.0,69.79898987322333,0.9452449567723343,27.05237147814352,15.745530339290479,1.7180984631961624,0.8460293557472119,0.06082076469945094,0.035400046040613205,0.0016579327530527996,60.82076469945094,35.400046040613205,1657.9327530527996,3.4533273599999994,2.2797356399999997
259,75.0,29.31370849898476,0.974025974025974,10.38313723260929,9.190094612493416,1.1298183174843488,1.09680544486394,0.023343992114586157,0.020661722113484444,0.00037910047706999993,23.343992114586158,20.661722113484444,379.1004770699999,3.4533273599999994,2.2797356399999997
260,550.0,95.55634918610404,0.9683098591549296,39.527335020299724,18.326526529125452,2.156837246680699,0.7569260569105337,0.08886772623273904,0.04120279653437158,0.0027800701651799994,88.86772623273905,41.202796534371586,2780.0701651799995,3.4533273599999994,2.2797356399999997
261,201.0,54.87005768508881,0.9262672811059908,20.69238281655534,12.495232305354861,1.6560222580005632,0.83894808662967,0.04652185659114871,0.028092530982837118,0.0010159892785475998,46.521856591148705,28.092530982837115,1015.9892785475998,3.4533273599999994,2.2797356399999997
262,91.0,34.14213562373095,0.9479166666666666,13.28802260890923,8.736664840171619,1.5209491095286434,0.9810019937038179,0.029874929710706263,0.01964229409356424,0.00045997524551159993,29.87492971070626,19.642294093564242,459.9752455115999,3.4533273599999994,2.2797356399999997
263,140.0,42.384776310850235,0.9459459459459459,14.365507060967388,12.571248486683773,1.1427271584190068,0.9793053086529954,0.03229739490489054,0.028263435122671658,0.0007076542238639999,32.29739490489054,28.263435122671655,707.6542238639998,3.4533273599999994,2.2797356399999997
264,762.0,117.94112549695429,0.9158653846153846,48.09846503235213,20.918138796375956,2.2993663776953777,0.688389598576776,0.10813785499363598,0.047029414730340204,0.0038516608470311993,108.13785499363598,47.0294147303402,3851.660847031199,3.4533273599999994,2.2797356399999997
265,193.0,50.14213562373095,0.9554455445544554,15.852133862593911,15.676079341965549,1.0112307750418854,0.9646316752330546,0.03563971847791538,0.03524390214136746,0.0009755518943267997,35.63971847791538,35.24390214136746,975.5518943267998,3.4533273599999994,2.2797356399999997
266,144.0,43.55634918610404,0.9536423841059603,15.063554172551394,12.457637446656486,1.2091822576354003,0.9538265664352432,0.03386678630398039,0.028008007965819908,0.0007278729159743998,33.86678630398039,28.008007965819907,727.8729159743998,3.4533273599999994,2.2797356399999997
267,128.0,43.55634918610404,0.920863309352518,17.255952561713084,9.634414613141148,1.7910743158360978,0.8478458368313273,0.03879586790639705,0.021660668998140717,0.0006469981475327999,38.79586790639705,21.660668998140714,646.9981475327999,3.4533273599999994,2.2797356399999997
268,90.0,32.970562748477136,0.9574468085106383,12.243868199440923,9.372604558289938,1.3063463974495109,1.040398347668514,0.027527399118075047,0.021072051924220934,0.0004549205724839999,27.527399118075046,21.072051924220933,454.9205724839999,3.4533273599999994,2.2797356399999997
269,604.0,104.52691193458118,0.9179331306990881,42.54353524848311,18.633998234823068,2.2831136244811963,0.6946892244107737,0.09564892855775463,0.041894072871423306,0.0030530225086703995,95.64892855775463,41.894072871423305,3053.0225086703995,3.4533273599999994,2.2797356399999997
270,97.0,34.14213562373095,0.97,12.42772079325315,9.97177689681762,1.2462894950266403,1.0456834438381355,0.02794074755063932,0.02241914712603918,0.0004903032836771999,27.940747550639323,22.419147126039178,490.3032836771999,3.4533273599999994,2.2797356399999997
271,477.0,81.55634918610404,0.9916839916839917,30.89041876124303,20.075331061768058,1.5387252477281177,0.9011823758457521,0.06944969288415224,0.04513456381293065,0.0024110790341651993,69.44969288415224,45.134563812930644,2411.0790341651996,3.4533273599999994,2.2797356399999997
272,485.0,83.21320343559643,0.958498023715415,30.38724507502715,20.727331486157066,1.4660471414432457,0.8801711314628522,0.06831842761238054,0.04660043028706748,0.0024515164183859994,68.31842761238053,46.60043028706748,2451.5164183859993,3.4533273599999994,2.2797356399999997
273,169.0,46.970562748477136,0.949438202247191,16.274862332151667,13.299341806901829,1.2237344199775106,0.9625981922702804,0.0365901219868833,0.029900378210785103,0.0008542397416643998,36.590121986883304,29.900378210785103,854.2397416643998,3.4533273599999994,2.2797356399999997
274,205.0,50.970562748477136,0.9715639810426541,17.31265783717888,15.183388727386093,1.1402367513618517,0.991573400478451,0.03892335610901578,0.034136205540233056,0.0010362079706579999,38.92335610901578,34.13620554023306,1036.2079706579998,3.4533273599999994,2.2797356399999997
275,149.0,44.384776310850235,0.9490445859872612,14.673905683099308,13.09399034559635,1.1206595770886834,0.9504473441827743,0.032990755191084846,0.029438694734390446,0.0007531462811123999,32.990755191084844,29.438694734390445,753.1462811123998,3.4533273599999994,2.2797356399999997
276,136.0,40.970562748477136,0.9645390070921985,14.311630435487121,12.118356733409735,1.180987715605915,1.0181339372994451,0.032176266242888274,0.027245216709455768,0.0006874355317535998,32.17626624288827,27.245216709455768,687.4355317535999,3.4533273599999994,2.2797356399999997
277,553.0,103.21320343559643,0.9357021996615905,45.99391794186873,15.940866538804503,2.885283421067904,0.6523256870421333,0.10340628595198578,0.03583921260453261,0.002795234184262799,103.40628595198578,35.839212604532605,2795.2341842627993,3.4533273599999994,2.2797356399999997
278,702.0,106.38477631085023,0.9512195121951219,42.53117064341102,21.715147638155404,1.9585945880782343,0.779449542811962,0.09562112971075526,0.04882129782895926,0.003548380465375199,95.62112971075526,48.82129782895926,3548.380465375199,3.4533273599999994,2.2797356399999997
279,88.0,32.14213562373095,0.9777777777777777,11.283696127979063,10.028497578147055,1.1251631702606373,1.070392549811525,0.025368682656690206,0.022546669965044897,0.0004448112264287999,25.368682656690204,22.546669965044895,444.8112264287999,3.4533273599999994,2.2797356399999997
280,95.0,34.384776310850235,0.9595959595959596,12.70350053002873,9.54928429340371,1.3303091770766355,1.0097202415546689,0.02856077210164239,0.021469273905487824,0.0004801939376219999,28.56077210164239,21.469273905487825,480.1939376219999,3.4533273599999994,2.2797356399999997
281,116.0,40.04163056034261,0.928,15.255130681902218,9.735033685746949,1.5670341957046576,0.9091684251898237,0.034297500106893475,0.021886886834317432,0.0005863420712015999,34.29750010689347,21.886886834317433,586.3420712015999,3.4533273599999994,2.2797356399999997
282,142.0,42.97056274847714,0.9530201342281879,15.550656040193191,11.790530636432642,1.318910617317069,0.9663982298932697,0.03496191794892474,0.02650817840866605,0.0007177635699191999,34.961917948924736,26.508178408666048,717.7635699191999,3.4533273599999994,2.2797356399999997
283,71.0,29.31370849898476,0.9594594594594594,10.765054314849504,8.421459795459265,1.2782883937359497,1.0383091544711966,0.024202641013903542,0.018933631199739245,0.00035888178495959995,24.20264101390354,18.933631199739246,358.88178495959994,3.4533273599999994,2.2797356399999997
284,319.0,70.38477631085024,0.9219653179190751,27.88294936768645,15.077268579185803,1.8493369154529031,0.8091761573158364,0.06268811974539473,0.03389761985584027,0.0016124406958043997,62.68811974539473,33.89761985584027,1612.4406958043996,3.4533273599999994,2.2797356399999997
285,954.0,127.21320343559641,0.9520958083832335,50.455792234704596,25.03730959780157,2.0152242012110966,0.740787867159093,0.11343773944959694,0.056290381676353356,0.004822158068330399,113.43773944959695,56.29038167635335,4822.158068330399,3.4533273599999994,2.2797356399999997
286,407.0,77.79898987322333,0.9531615925058547,27.46536735831251,19.54587451736971,1.4051746486914685,0.8449993147948955,0.06174928681699968,0.043944207842421625,0.0020572519222331995,61.74928681699967,43.94420784242162,2057.2519222331994,3.4533273599999994,2.2797356399999997
287,131.0,39.55634918610404,0.9776119402985075,13.271452294686764,12.574371158651969,1.0554366597931348,1.05207997801417,0.02983767533605246,0.028270455701150873,0.0006621621666155999,29.83767533605246,28.270455701150873,662.1621666155999,3.4533273599999994,2.2797356399999997
288,73.0,29.31370849898476,0.9605263157894737,10.372019179847031,9.004915896763134,1.1518174404688566,1.0675572996675682,0.023318995841282886,0.02024539221405668,0.0003689911310147999,23.318995841282884,20.24539221405668,368.9911310147999,3.4533273599999994,2.2797356399999997
289,80.0,31.31370849898476,0.9523809523809523,11.603231783281306,8.78521554564545,1.320768024756394,1.0252525124772216,0.026087081889080026,0.019751448702652837,0.0004043738422079999,26.087081889080025,19.751448702652837,404.3738422079999,3.4533273599999994,2.2797356399999997
290,154.0,44.970562748477136,0.9565217391304348,16.96681654035011,11.733202339680576,1.4460516446537317,0.9569162736033232,0.03814581495500753,0.02637928949221025,0.0007784196462503998,38.14581495500753,26.379289492210248,778.4196462503999,3.4533273599999994,2.2797356399999997
291,543.0,87.79898987322333,0.9766187050359713,30.506070820984988,23.156628734001227,1.31737962254378,0.88517808827848,0.0685855787839877,0.05206212211750559,0.0027446874539867995,68.5855787839877,52.062122117505595,2744.6874539867995,3.4533273599999994,2.2797356399999997
292,131.0,41.55634918610404,0.9492753623188406,15.836895681648777,10.590866567415107,1.495335209903797,0.9532490605729292,0.035605459085223674,0.023811021668856687,0.0006621621666155999,35.60545908522367,23.811021668856686,662.1621666155999,3.4533273599999994,2.2797356399999997
293,181.0,51.21320343559643,0.9329896907216495,19.766840020405613,11.790590064016186,1.6764928568530442,0.8672105536527034,0.044440995744277116,0.026508312017325026,0.0009148958179955998,44.44099574427712,26.50831201732503,914.8958179955998,3.4533273599999994,2.2797356399999997
294,835.0,148.18376618407356,0.8688865764828304,62.897893751245554,18.546967866883552,3.3912763640224224,0.4778538425043292,0.14141081860517532,0.04169840597639961,0.004220651978045999,141.4108186051753,41.698405976399606,4220.651978045999,3.4533273599999994,2.2797356399999997
295,84.0,31.31370849898476,0.9767441860465116,11.114019310375875,9.629538300207757,1.1541591054408173,1.0765151381010827,0.02498720505474566,0.02164970577882509,0.0004245925343183999,24.98720505474566,21.64970577882509,424.5925343183999,3.4533273599999994,2.2797356399999997
296,178.0,47.798989873223334,0.956989247311828,15.463137841680531,14.826184483010415,1.0429613808866343,0.979021949311951,0.034765154283936665,0.03333311752577299,0.0008997317989127998,34.76515428393667,33.33311752577299,899.7317989127998,3.4533273599999994,2.2797356399999997
297,180.0,50.970562748477136,0.9326424870466321,19.742629506382702,11.81386243384465,1.6711409682428264,0.8706498150542498,0.04438656421401997,0.026560634355515568,0.0009098411449679998,44.38656421401997,26.560634355515568,909.8411449679998,3.4533273599999994,2.2797356399999997
298,122.0,39.55634918610404,0.976,15.533101093995722,10.010306817905505,1.5517107893447937,0.9797996741811354,0.03492244986558682,0.022505772406424228,0.0006166701093671999,34.92244986558681,22.505772406424228,616.6701093671999,3.4533273599999994,2.2797356399999997
299,116.0,37.55634918610404,0.9586776859504132,13.309018100493617,11.092396582037383,1.1998325160899628,1.0334777156447452,0.029922133034615776,0.024938591539531364,0.0005863420712015999,29.922133034615776,24.938591539531362,586.3420712015999,3.4533273599999994,2.2797356399999997
300,106.0,37.79898987322333,0.9298245614035088,13.129908883201123,10.558754717844446,1.2435092237734617,0.9322992635626205,0.029519448945745753,0.023738825881940952,0.0005357953409255999,29.519448945745754,23.73882588194095,535.7953409255999,3.4533273599999994,2.2797356399999997
301,251.0,57.55634918610404,0.9616858237547893,18.69130261029407,17.331278397425805,1.0784722385551355,0.9521318827825991,0.042022908006619744,0.03896521996979654,0.0012687229299275997,42.02290800661974,38.965219969796536,1268.7229299275998,3.4533273599999994,2.2797356399999997
302,257.0,59.798989873223334,0.9625468164794008,21.17403169680124,16.03174819884004,1.3207562540392983,0.903140444854033,0.04760472850265035,0.03604353820552411,0.0012990509680931997,47.60472850265035,36.04353820552411,1299.0509680931998,3.4533273599999994,2.2797356399999997
303,154.0,44.384776310850235,0.9447852760736196,15.598074594357962,12.649235371069286,1.2331239111917482,0.9823415503634044,0.03506852718751123,0.02843876991536023,0.0007784196462503998,35.06852718751123,28.43876991536023,778.4196462503999,3.4533273599999994,2.2797356399999997
304,94.0,33.55634918610404,0.9591836734693877,12.4194921830609,9.60994553619776,1.2923582278672057,1.0490309646545715,0.027922247495488495,0.021605656151211974,0.0004751392645943999,27.922247495488495,21.60565615121197,475.1392645943999,3.4533273599999994,2.2797356399999997
305,180.0,49.112698372208094,0.9473684210526315,17.818886995467526,13.018556824714246,1.3687298243105104,0.9377666356909996,0.040061490876429816,0.029269100566732046,0.0009098411449679998,40.061490876429815,29.269100566732046,909.8411449679998,3.4533273599999994,2.2797356399999997
306,110.0,36.97056274847714,0.9482758620689655,12.90801725041309,10.929735757139296,1.180999937897088,1.0113242630464967,0.02902057886341373,0.02457288771334599,0.0005560140330359999,29.020578863413732,24.57288771334599,556.0140330359999,3.4533273599999994,2.2797356399999997
307,70.0,28.727922061357855,0.9459459459459459,9.939332493874925,8.946181273153393,1.1110139835531705,1.0658583117993148,0.022346203672679237,0.020113341509179844,0.00035382711193199994,22.346203672679238,20.113341509179843,353.8271119319999,3.4533273599999994,2.2797356399999997
308,342.0,84.5269119345812,0.8300970873786407,30.74238100689321,16.626341530649945,1.8490165710971926,0.6015143107081736,0.06911686552255772,0.03738033860969904,0.0017286981754391997,69.11686552255772,37.38033860969904,1728.6981754391995,3.4533273599999994,2.2797356399999997
309,304.0,63.21320343559643,0.9743589743589743,23.00591663399034,16.90625003170708,1.3607935876284536,0.9560219169333213,0.05172328213153511,0.03800964569628576,0.0015366206003903998,51.723282131535115,38.00964569628576,1536.6206003903997,3.4533273599999994,2.2797356399999997
310,397.0,82.04163056034261,0.9566265060240964,35.37514763238555,14.638898896914842,2.416516971767657,0.7411938449821969,0.07953252941598712,0.03291205083397776,0.0020067051919571994,79.53252941598713,32.91205083397776,2006.7051919571995,3.4533273599999994,2.2797356399999997
311,309.0,69.69848480983498,0.9307228915662651,26.726741763318508,15.130567354412998,1.7664071106707944,0.7993218216965868,0.06008866443679846,0.034017449360232564,0.0015618939655283996,60.08866443679846,34.01744936023256,1561.8939655283996,3.4533273599999994,2.2797356399999997
312,148.0,43.55634918610404,0.9548387096774194,14.68082267613436,12.971034397965877,1.131815877262388,0.9803217488362223,0.033006306389845835,0.02916225779557076,0.0007480916080847998,33.00630638984583,29.162257795570756,748.0916080847999,3.4533273599999994,2.2797356399999997
313,124.0,38.72792206135786,0.96875,12.894291958918917,12.326695931549418,1.0460460800299918,1.0389225143850211,0.02898972083955904,0.027713617395065292,0.0006267794554223998,28.98972083955904,27.71361739506529,626.7794554223999,3.4533273599999994,2.2797356399999997
314,212.0,52.62741699796952,0.9636363636363636,18.71243545449215,14.63952681877118,1.2782131339449156,0.9618815953393659,0.04207042013491652,0.03291346256557049,0.0010715906818511997,42.07042013491652,32.91346256557049,1071.5906818511999,3.4533273599999994,2.2797356399999997
315,179.0,47.89949493661166,0.9835164835164835,17.418725517532025,13.27484353813377,1.3121605137939591,0.9803948623815272,0.03916182383204655,0.029845299733044624,0.0009047864719403998,39.161823832046544,29.845299733044623,904.7864719403998,3.4533273599999994,2.2797356399999997
316,108.0,36.14213562373095,0.9473684210526315,12.041952193970213,11.41153853672438,1.0552435287509259,1.0389771515919282,0.027073439439615467,0.025656105630575955,0.0005459046869807999,27.073439439615466,25.656105630575954,545.9046869807999,3.4533273599999994,2.2797356399999997
317,249.0,57.45584412271571,0.9613899613899614,19.239759825025683,16.797041544093197,1.14542550689776,0.9478525701358193,0.04325598242421224,0.037764116621922965,0.0012586135838723997,43.255982424212235,37.764116621922966,1258.6135838723997,3.4533273599999994,2.2797356399999997
318,117.0,39.21320343559643,0.9285714285714286,13.475121278191732,11.30584943862658,1.1918716370088749,0.9561611214257789,0.030295576164907342,0.025418489058886592,0.0005913967442291999,30.29557616490734,25.418489058886593,591.3967442291998,3.4533273599999994,2.2797356399999997
319,124.0,38.970562748477136,0.96875,14.053932258593255,11.253765494745581,1.2488204294958056,1.0260255951415216,0.03159689373970487,0.025301390811216698,0.0006267794554223998,31.596893739704868,25.301390811216695,626.7794554223999,3.4533273599999994,2.2797356399999997
320,673.0,103.21320343559643,0.97677793904209,41.94100053504194,20.765401820657157,2.019753862567666,0.7938791815178224,0.09429427386291338,0.046686022297310656,0.003401794947574799,94.29427386291337,46.68602229731066,3401.794947574799,3.4533273599999994,2.2797356399999997
321,71.0,28.727922061357855,0.9726027397260274,10.736683967208261,8.450091001863294,1.2705998035809034,1.0810848591107336,0.024138857096115643,0.018998001595849166,0.00035888178495959995,24.138857096115643,18.998001595849168,358.88178495959994,3.4533273599999994,2.2797356399999997
322,80.0,32.14213562373095,0.9523809523809523,12.850125116473915,7.960011588620097,1.6143349759496444,0.9730841361922956,0.02889042229436364,0.017896175654231017,0.0004043738422079999,28.890422294363642,17.89617565423102,404.3738422079999,3.4533273599999994,2.2797356399999997
323,91.0,32.72792206135785,0.9578947368421052,11.441098731202787,10.106040431608799,1.1321049830177117,1.0676143235520887,0.025722564633413977,0.022721006460768797,0.00045997524551159993,25.722564633413974,22.721006460768795,459.9752455115999,3.4533273599999994,2.2797356399999997
324,172.0,46.384776310850235,0.9662921348314607,16.027589988953626,13.748811799016353,1.1657436455781804,1.0045865928519508,0.036034189468564876,0.030910903615256502,0.0008694037607471999,36.034189468564875,30.9109036152565,869.4037607471998,3.4533273599999994,2.2797356399999997
325,211.0,52.62741699796952,0.9590909090909091,18.42115318790435,14.72260179130047,1.2512158821540185,0.9573444180028594,0.041415541866237825,0.03310023670330919,0.0010665360088235997,41.415541866237824,33.10023670330919,1066.5360088235998,3.4533273599999994,2.2797356399999997
326,90.0,33.55634918610404,0.9574468085106383,13.035868816967382,8.801456149959332,1.4811036486306433,1.0043913491373557,0.02930802242643508,0.019787961803707566,0.0004549205724839999,29.30802242643508,19.787961803707564,454.9205724839999,3.4533273599999994,2.2797356399999997
327,124.0,38.97056274847714,0.9538461538461539,13.498014052682436,11.701111039898338,1.1535668712703464,1.0260255951415214,0.030347045074083808,0.026307139906561836,0.0006267794554223998,30.34704507408381,26.307139906561833,626.7794554223999,3.4533273599999994,2.2797356399999997
328,149.0,44.97056274847714,0.9254658385093167,15.869128786020799,12.159123315113458,1.3051211320717429,0.9258475634213968,0.03567792748445912,0.02733687058443698,0.0007531462811123999,35.67792748445912,27.33687058443698,753.1462811123998,3.4533273599999994,2.2797356399999997
329,386.0,71.79898987322333,0.9674185463659147,23.052722284928326,21.6433933300052,1.065115896266105,0.9409368997440699,0.05182851340431295,0.048659975488117485,0.0019511037886535995,51.82851340431295,48.65997548811748,1951.1037886535996,3.4533273599999994,2.2797356399999997
330,121.0,40.384776310850235,0.9453125,15.091896501030723,10.268945591874218,1.469663692928015,0.9323089877146126,0.03393050722740733,0.023087259616387128,0.0006116154363395999,33.930507227407325,23.087259616387126,611.6154363395999,3.4533273599999994,2.2797356399999997
331,151.0,43.55634918610404,0.949685534591195,14.87196639069972,12.929900203922255,1.1501996269227464,1.0001931356369564,0.03343604715755455,0.029069777432470245,0.0007632556271675999,33.43604715755455,29.069777432470246,763.2556271675999,3.4533273599999994,2.2797356399999997
332,132.0,39.55634918610404,0.9777777777777777,13.558027959339855,12.390711848506204,1.0942089627380351,1.0601111228845073,0.030481971939865418,0.027857541820522556,0.0006672168396431999,30.481971939865417,27.857541820522552,667.2168396431998,3.4533273599999994,2.2797356399999997
333,486.0,82.38477631085024,0.9818181818181818,30.53994866642847,20.671837854944282,1.4773697859246673,0.8998128679250901,0.06866174498878447,0.046475666175757026,0.0024565710914135996,68.66174498878446,46.47566617575703,2456.5710914135993,3.4533273599999994,2.2797356399999997
334,275.0,63.79898987322333,0.9548611111111112,24.344015928094073,14.827562537610541,1.6418083462028754,0.8490141973276651,0.054731677250496776,0.03333621575080827,0.0013900350825899997,54.73167725049677,33.33621575080827,1390.0350825899998,3.4533273599999994,2.2797356399999997
335,218.0,54.04163056034261,0.9478260869565217,18.632236039549284,14.97882080306452,1.2439053971282779,0.9380143215289312,0.041890110998277066,0.033676283658697834,0.0011019187200167998,41.890110998277066,33.676283658697834,1101.9187200167999,3.4533273599999994,2.2797356399999997
336,236.0,57.21320343559643,0.9477911646586346,20.65003714874592,14.780058857911195,1.3971552716579847,0.9060023763045199,0.046426652520039496,0.03322941512788742,0.0011929028345135997,46.4266525200395,33.22941512788742,1192.9028345135998,3.4533273599999994,2.2797356399999997
337,91.0,33.55634918610404,0.9479166666666666,11.903835107322234,9.8029592133794,1.214310377939295,1.0155512530166595,0.026762916318388282,0.02203960108107237,0.00045997524551159993,26.76291631838828,22.03960108107237,459.9752455115999,3.4533273599999994,2.2797356399999997
338,109.0,36.384776310850235,0.956140350877193,12.68374228615988,10.960659849214036,1.1572060861891817,1.0346582938310511,0.02851635043228181,0.024642413112593946,0.0005509593600083999,28.516350432281808,24.642413112593946,550.9593600083999,3.4533273599999994,2.2797356399999997
339,256.0,60.526911934581186,0.9377289377289377,22.564757734384965,14.902660056107061,1.5141429549778935,0.8781178300651283,0.05073144222390834,0.033505054497743256,0.0012939962950655997,50.73144222390834,33.50505449774326,1293.9962950655997,3.4533273599999994,2.2797356399999997
340,137.0,41.55634918610404,0.9647887323943662,13.792874332917902,12.876297138301794,1.0711832901005103,0.9969093228892466,0.031009967647726,0.02894926380415839,0.0006924902047811998,31.009967647726,28.949263804158388,692.4902047811999,3.4533273599999994,2.2797356399999997
341,443.0,84.62741699796952,0.9365750528541226,34.813183800444165,16.83489971187599,2.0679175044853753,0.7773049246460192,0.07826908861118659,0.037849231626222314,0.0022392201512267994,78.26908861118659,37.84923162622231,2239.2201512267993,3.4533273599999994,2.2797356399999997
342,148.0,44.384776310850235,0.9426751592356688,16.09459249254645,11.857408314792806,1.3573448822258662,0.9440685029466483,0.036184828517292475,0.026658536817816072,0.0007480916080847998,36.18482851729248,26.65853681781607,748.0916080847999,3.4533273599999994,2.2797356399999997
343,86.0,31.31370849898476,0.9772727272727273,10.653092137638877,10.24227868102469,1.040109576141028,1.1021464509130132,0.02395092092936798,0.023027305467400568,0.00043470188037359993,23.950920929367978,23.027305467400566,434.7018803735999,3.4533273599999994,2.2797356399999997
344,92.0,35.55634918610404,0.92,13.646316951765964,8.612271962666949,1.5845199746270124,0.9144571631111813,0.030680468549977344,0.019362626562785593,0.0004650299185391999,30.68046854997734,19.362626562785593,465.0299185391999,3.4533273599999994,2.2797356399999997
345,73.0,29.31370849898476,0.948051948051948,10.023536940417483,9.272227033579346,1.0810279886501128,1.0675572996675682,0.022535517161663007,0.0208463771505151,0.0003689911310147999,22.535517161663005,20.8463771505151,368.9911310147999,3.4533273599999994,2.2797356399999997
346,503.0,89.79898987322333,0.9636015325670498,36.494887857393906,18.04957080449247,2.021925521260066,0.7838535800882064,0.08204999657426441,0.040580128056908235,0.0025425005328827996,82.04999657426441,40.58012805690823,2542.5005328827992,3.4533273599999994,2.2797356399999997
347,263.0,61.4558441227157,0.9326241134751773,22.305897219397927,15.22073370305647,1.465494216939009,0.8750628284632486,0.050149456482483576,0.03422016675523374,0.0013293790062587998,50.14945648248358,34.220166755233734,1329.3790062587998,3.4533273599999994,2.2797356399999997
348,347.0,76.97056274847714,0.9302949061662198,33.11254808689427,13.721937287318026,2.413110291467173,0.7360206771725081,0.07444561736184091,0.03085048272558562,0.0017539715405771995,74.4456173618409,30.85048272558562,1753.9715405771997,3.4533273599999994,2.2797356399999997
349,166.0,47.798989873223334,0.9378531073446328,16.568408004754883,12.958781206069428,1.2785467816213174,0.9130204695830554,0.03725008898077021,0.02913470943435765,0.0008390757225815998,37.25008898077021,29.13470943435765,839.0757225815998,3.4533273599999994,2.2797356399999997
350,100.0,36.384776310850235,0.9345794392523364,13.618046320961884,9.495431238239604,1.4341682835972585,0.9492277925055517,0.03061690882156576,0.02134819823568457,0.0005054673027599999,30.61690882156576,21.34819823568457,505.4673027599999,3.4533273599999994,2.2797356399999997
351,352.0,80.62741699796952,0.9048843187660668,34.75376089798917,13.452120602095915,2.583515411880439,0.6804356097718502,0.07813549047651312,0.03024386466486816,0.0017792449057151996,78.13549047651311,30.24386466486816,1779.2449057151996,3.4533273599999994,2.2797356399999997
352,305.0,65.45584412271572,0.9472049689440993,21.10227875521147,18.72706111937608,1.1268334428287763,0.8945669469323818,0.047443409234191734,0.04210330243224846,0.0015416752734179998,47.44340923419173,42.10330243224846,1541.6752734179997,3.4533273599999994,2.2797356399999997
353,140.0,41.55634918610404,0.9790209790209791,15.611247881714286,11.426748103845316,1.3662021547898484,1.0187394540474053,0.035098144162542956,0.025690300691951266,0.0007076542238639999,35.09814416254296,25.69030069195127,707.6542238639998,3.4533273599999994,2.2797356399999997
354,285.0,63.79898987322333,0.9375,21.344403800141258,17.369471609440332,1.228845890081109,0.879887440866853,0.04798776928770558,0.03905108824064032,0.0014405818128659998,47.987769287705575,39.05108824064032,1440.5818128659996,3.4533273599999994,2.2797356399999997
355,73.0,28.727922061357855,0.9733333333333334,10.354863485114148,8.928980848663109,1.1596915326192607,1.1115379537335712,0.02328042537904273,0.02007467048281532,0.0003689911310147999,23.280425379042732,20.074670482815318,368.9911310147999,3.4533273599999994,2.2797356399999997
356,358.0,74.2842712474619,0.9496021220159151,28.039640552804936,16.75590901958021,1.673418047331187,0.8152656725570872,0.06304040226924922,0.037671640012361396,0.0018095729438807997,63.04040226924922,37.671640012361394,1809.5729438807996,3.4533273599999994,2.2797356399999997
357,157.0,44.14213562373095,0.9691358024691358,14.712485363868101,13.633313979217373,1.0791569376525632,1.0125181918403199,0.033077492344170095,0.030651234486915247,0.0007935836653331998,33.07749234417009,30.651234486915246,793.5836653331999,3.4533273599999994,2.2797356399999997
358,288.0,62.38477631085023,0.976271186440678,23.44769998141955,15.871637482749117,1.4773333883731188,0.9299189702818221,0.052716525960226315,0.035683567686965526,0.0014557458319487996,52.71652596022631,35.683567686965525,1455.7458319487996,3.4533273599999994,2.2797356399999997
359,110.0,36.14213562373095,0.9649122807017544,12.041580852258877,11.630680430341437,1.0353290097151588,1.058217469214001,0.027072604566899538,0.026148793584319437,0.0005560140330359999,27.07260456689954,26.148793584319435,556.0140330359999,3.4533273599999994,2.2797356399999997
360,206.0,55.798989873223334,0.9363636363636364,22.35609159133672,11.959717458158577,1.869282587113798,0.8314275486763016,0.05026230648113869,0.0268885543724796,0.0010412626436855999,50.26230648113869,26.8885543724796,1041.2626436855999,3.4533273599999994,2.2797356399999997
361,339.0,69.79898987322332,0.9685714285714285,27.25822594769325,16.147154862883763,1.6881132421879264,0.8744022914582468,0.06128357906916082,0.036303002392027044,0.0017135341563563997,61.28357906916082,36.30300239202705,1713.5341563563995,3.4533273599999994,2.2797356399999997
362,407.0,74.62741699796952,0.9553990610328639,25.632646750545124,20.602257634290407,1.2441668872192986,0.9183483564102095,0.05762885438338058,0.046319231748869746,0.0020572519222331995,57.62885438338057,46.31923174886975,2057.2519222331994,3.4533273599999994,2.2797356399999997
363,203.0,52.38477631085023,0.9441860465116279,18.45948926277518,14.181991537059957,1.3016147425090046,0.929599142446689,0.04150173132992692,0.031884804293110414,0.0010260986246027998,41.50173132992692,31.884804293110417,1026.0986246027999,3.4533273599999994,2.2797356399999997
364,142.0,42.970562748477136,0.9594594594594594,15.884874834646409,11.411060892925724,1.3920594223184124,0.96639822989327,0.03571332869574213,0.025655031763129183,0.0007177635699191999,35.71332869574213,25.655031763129184,717.7635699191999,3.4533273599999994,2.2797356399999997
365,183.0,48.14213562373095,0.973404255319149,17.236206070117838,13.6315439429771,1.2644353524604115,0.9922251929175474,0.038751472659203125,0.030647254985237692,0.0009250051640507998,38.751472659203124,30.64725498523769,925.0051640507997,3.4533273599999994,2.2797356399999997
366,115.0,38.970562748477136,0.9349593495934959,13.278573249778677,11.122283998125125,1.1938710836746333,0.9515559954941533,0.029853685094547406,0.02500578622162479,0.0005812873981739998,29.853685094547405,25.005786221624792,581.2873981739999,3.4533273599999994,2.2797356399999997
367,83.0,30.727922061357855,0.9880952380952381,11.352151463031584,9.277181342053721,1.2236638526803358,1.1046420496190055,0.025522588048275386,0.020857515724085698,0.0004195378612907999,25.522588048275384,20.857515724085697,419.5378612907999,3.4533273599999994,2.2797356399999997
368,282.0,64.2842712474619,0.9431438127090301,23.241072629281486,15.846410233146539,1.4666459019637932,0.8575303950194605,0.05225197394950839,0.03562685027077404,0.0014254177937831998,52.25197394950839,35.626850270774035,1425.4177937831996,3.4533273599999994,2.2797356399999997
370,73.0,29.556349186104043,0.948051948051948,11.121368470979295,8.359571564521298,1.3303754127997764,1.0501011802029157,0.025003727878563906,0.018794490365650653,0.0003689911310147999,25.003727878563907,18.794490365650653,368.9911310147999,3.4533273599999994,2.2797356399999997
371,357.0,72.97056274847714,0.9321148825065274,25.917955447362857,18.302409525544615,1.4160952639153468,0.8425247916887069,0.05827030251408801,0.04114857523990093,0.0018045182708531996,58.27030251408801,41.14857523990093,1804.5182708531995,3.4533273599999994,2.2797356399999997
372,135.0,40.970562748477136,0.9507042253521126,14.35911716336794,12.04856228162117,1.1917701737136954,1.0106476583487138,0.032283028753713604,0.027088300635277607,0.0006823808587259998,32.2830287537136,27.08830063527761,682.3808587259998,3.4533273599999994,2.2797356399999997
373,254.0,59.55634918610404,0.9769230769230769,22.3998162354185,14.84186958186879,1.5092314422963728,0.8998858967574186,0.05036061084944199,0.03336838170613232,0.0012838869490103997,50.36061084944199,33.368381706132325,1283.8869490103998,3.4533273599999994,2.2797356399999997
374,197.0,50.970562748477136,0.9752475247524752,19.846825406926495,12.718660369582853,1.5604493578892091,0.9528778531427066,0.04462082368937656,0.02859485536251834,0.0009957705864371998,44.62082368937656,28.59485536251834,995.7705864371998,3.4533273599999994,2.2797356399999997
375,759.0,106.62741699796953,0.9743260590500642,39.45214781569953,25.268547167973452,1.5613144496769107,0.8389070853486964,0.08869868584812463,0.05681026385586799,0.003836496827948399,88.69868584812463,56.81026385586799,3836.496827948399,3.4533273599999994,2.2797356399999997
376,181.0,61.21320343559643,0.8264840182648402,22.10974217336317,12.322738260553692,1.7942231430930127,0.6070133230895898,0.04970844893868547,0.02770471952167244,0.0009148958179955998,49.70844893868547,27.704719521672438,914.8958179955998,3.4533273599999994,2.2797356399999997
377,93.0,33.55634918610404,0.9393939393939394,11.149501054078652,10.637310716536014,1.0481503597282744,1.0378710607752675,0.025066977239842865,0.023915440191559258,0.0004700845915667999,25.066977239842867,23.915440191559256,470.0845915667999,3.4533273599999994,2.2797356399999997
378,107.0,38.72792206135786,0.9469026548672567,14.844289493149109,9.401977378372274,1.578847607876189,0.8964895890257845,0.03337382229586741,0.021138089660699248,0.0005408500139531999,33.37382229586741,21.138089660699247,540.8500139531999,3.4533273599999994,2.2797356399999997
379,197.0,50.38477631085023,0.9563106796116505,16.26391778622982,15.5434924554116,1.0463489999358153,0.9751634621576295,0.03656551580206905,0.03494581234780368,0.0009957705864371998,36.565515802069044,34.94581234780368,995.7705864371998,3.4533273599999994,2.2797356399999997
380,412.0,76.14213562373095,0.9832935560859188,28.356751453183907,18.844270815893218,1.504794307523318,0.893011337613432,0.06375335002213524,0.04236682030454008,0.0020825252873711998,63.753350022135244,42.36682030454008,2082.5252873711997,3.4533273599999994,2.2797356399999997
381,157.0,46.04163056034261,0.9457831325301205,16.424777696032624,12.462358232486226,1.317951016142143,0.9306965948731044,0.0369271707028823,0.028018621519769478,0.0007935836653331998,36.9271707028823,28.01862151976948,793.5836653331999,3.4533273599999994,2.2797356399999997
382,175.0,46.72792206135786,0.9831460674157303,15.5868074660702,14.53878263000713,1.0720847723453828,1.0071518967880715,0.03504319575366698,0.032686963435739826,0.0008845677798299998,35.043195753666986,32.68696343573983,884.5677798299998,3.4533273599999994,2.2797356399999997
383,93.0,34.14213562373095,0.9393939393939394,12.035618698505573,9.912482335991958,1.2141881610022711,1.0025624770819237,0.027059200095102137,0.022285837536717278,0.0004700845915667999,27.059200095102135,22.285837536717278,470.0845915667999,3.4533273599999994,2.2797356399999997
384,331.0,66.97056274847714,0.9650145772594753,22.500345226689344,19.024890917631886,1.18267932910125,0.9274061279184547,0.05058662615935658,0.04277290125447506,0.0016730967721355996,50.58662615935658,42.77290125447506,1673.0967721355996,3.4533273599999994,2.2797356399999997
385,536.0,92.62741699796952,0.9420035149384886,37.80765614397412,18.61380422233626,2.031162232737226,0.7850467982264812,0.08500144100225125,0.04184867148090971,0.0027093047427935993,85.00144100225124,41.848671480909715,2709.3047427935994,3.4533273599999994,2.2797356399999997
386,152.0,44.62741699796952,0.9382716049382716,14.71061392891953,13.22114476356754,1.1126581088088834,0.959069213344503,0.03307328487183262,0.029724570926138356,0.0007683103001951999,33.07328487183262,29.724570926138355,768.3103001951998,3.4533273599999994,2.2797356399999997
387,78.0,29.899494936611667,0.975,10.475757357224213,9.483685786113737,1.1046082286449317,1.0964195283831062,0.023552226235952906,0.02132179140548807,0.0003942644961527999,23.552226235952904,21.321791405488067,394.2644961527999,3.4533273599999994,2.2797356399999997
388,304.0,65.21320343559643,0.9529780564263323,22.52670374370758,17.492964771706728,1.287757909404955,0.8982813415136078,0.050645886958828,0.039328732977637365,0.0015366206003903998,50.645886958827994,39.328732977637365,1536.6206003903997,3.4533273599999994,2.2797356399999997
389,96.0,34.14213562373095,0.96,12.255947054275122,10.001219960169554,1.225445205993384,1.0349032021490827,0.027554555524244583,0.022485342787650797,0.00048524861064959987,27.55455552424458,22.485342787650797,485.24861064959987,3.4533273599999994,2.2797356399999997
390,459.0,95.35533905932738,0.8453038674033149,31.446541309403475,22.06239156425104,1.4253459883450763,0.6343552231379613,0.07070000096427945,0.04960199245824304,0.0023200949196683996,70.70000096427945,49.60199245824304,2320.0949196683996,3.4533273599999994,2.2797356399999997
391,209.0,53.21320343559643,0.9330357142857143,18.312207749970078,14.6686442958948,1.2483912882866055,0.9275073111085316,0.04117060419594772,0.03297892622468844,0.0010564266627683997,41.170604195947725,32.97892622468844,1056.4266627683999,3.4533273599999994,2.2797356399999997
392,271.0,63.55634918610404,0.9644128113879004,25.214455899618425,14.066595177247326,1.7925059747509284,0.8430654079654161,0.056688652620876114,0.03162536327319807,0.0013698163904795997,56.68865262087611,31.62536327319807,1369.8163904795997,3.4533273599999994,2.2797356399999997
393,109.0,36.970562748477136,0.956140350877193,13.492829094262403,10.35771069755847,1.3026844916071025,1.0021304061097107,0.030335387939466385,0.023286826652892806,0.0005509593600083999,30.335387939466386,23.286826652892803,550.9593600083999,3.4533273599999994,2.2797356399999997
394,285.0,67.4558441227157,0.9105431309904153,26.1377734941807,14.285801200563997,1.8296330130331642,0.7870739912754606,0.058764510636026696,0.03211819540718001,0.0014405818128659998,58.76451063602669,32.11819540718,1440.5818128659996,3.4533273599999994,2.2797356399999997
395,155.0,44.970562748477136,0.9393939393939394,14.99947886059674,13.33032283777925,1.1252149736454216,0.9631300156397085,0.03372272834312522,0.029970031623265572,0.0007834743192779998,33.722728343125226,29.97003162326557,783.4743192779998,3.4533273599999994,2.2797356399999997
396,179.0,48.970562748477136,0.9521276595744681,18.381162309384766,12.56581358070795,1.4627912622868295,0.9379781149260755,0.04132563197369739,0.02825121604096245,0.0009047864719403998,41.32563197369739,28.25121604096245,904.7864719403998,3.4533273599999994,2.2797356399999997
397,115.0,36.72792206135785,0.9829059829059829,12.792912333034458,11.459691620437008,1.1163400165341106,1.0713095788106637,0.028761793081868048,0.025764366282563705,0.0005812873981739998,28.761793081868046,25.764366282563703,581.2873981739999,3.4533273599999994,2.2797356399999997
398,135.0,40.970562748477136,0.9642857142857143,15.099584802958294,11.389601951140849,1.325734197536713,1.0106476583487138,0.03394779252909901,0.025606786482671923,0.0006823808587259998,33.94779252909901,25.60678648267192,682.3808587259998,3.4533273599999994,2.2797356399999997
399,79.0,30.14213562373095,0.9634146341463414,10.205444746775756,9.833292121205014,1.037846188334852,1.0926697401469552,0.022944493206386057,0.022107797344420383,0.0003993191691803999,22.944493206386056,22.107797344420383,399.3191691803999,3.4533273599999994,2.2797356399999997
400,214.0,55.21320343559643,0.9427312775330396,20.539615876103884,13.431229108296161,1.5292432070432807,0.8821404699110522,0.04617839678960931,0.030196895155017923,0.0010817000279063997,46.17839678960931,30.196895155017923,1081.7000279063998,3.4533273599999994,2.2797356399999997
401,216.0,53.55634918610404,0.9515418502202643,17.43561764947567,15.972292277040667,1.0916164910492188,0.9463279912647845,0.03919980173661017,0.035909865834779446,0.0010918093739615998,39.19980173661016,35.909865834779445,1091.8093739615997,3.4533273599999994,2.2797356399999997
402,123.0,39.55634918610404,0.9461538461538461,13.051022810468462,12.056451667647801,1.08249285695637,0.9878308190514726,0.029342092543863822,0.027106038026305842,0.0006217247823947999,29.34209254386382,27.106038026305843,621.7247823947998,3.4533273599999994,2.2797356399999997
403,132.0,42.14213562373095,0.9705882352941176,16.605697682660505,10.219273013651579,1.624939235939535,0.9340082543723568,0.0373339258720183,0.022975582745672296,0.0006672168396431999,37.333925872018305,22.975582745672295,667.2168396431998,3.4533273599999994,2.2797356399999997
404,1144.0,160.42640687119285,0.8673237300985596,62.89275953911502,25.403420724347022,2.4757594743466043,0.5585784484450318,0.14139927556141071,0.05711349467772043,0.005782545943574398,141.39927556141072,57.113494677720425,5782.545943574399,3.4533273599999994,2.2797356399999997
405,213.0,51.55634918610404,0.9815668202764977,18.111674868483647,15.041967355254304,1.2040761983276784,1.0069899924909929,0.04071975413981704,0.03381825352612404,0.0010766453548787997,40.719754139817034,33.81825352612404,1076.6453548787997,3.4533273599999994,2.2797356399999997
406,96.0,34.14213562373095,0.96,12.829833354745487,9.520695351619494,1.3475731426027722,1.0349032021490827,0.028844801138140086,0.021404998531232042,0.00048524861064959987,28.844801138140085,21.404998531232042,485.24861064959987,3.4533273599999994,2.2797356399999997
407,95.0,35.31370849898476,0.9405940594059405,13.157454572177182,9.305766462688714,1.4139033710905742,0.9572972554222772,0.029581378816443068,0.020921782507404528,0.0004801939376219999,29.581378816443067,20.921782507404526,480.1939376219999,3.4533273599999994,2.2797356399999997
408,764.0,112.87005768508881,0.9720101781170484,45.48451404948147,22.039450818068367,2.0637771070135917,0.7536083964846759,0.1022610135568872,0.04955041569623038,0.0038617701930863993,102.26101355688719,49.55041569623038,3861.770193086399,3.4533273599999994,2.2797356399999997
409,311.0,67.21320343559643,0.9539877300613497,25.939973614369034,15.647140687602862,1.6578091890565747,0.8650895454097711,0.05831980507824132,0.035178840522310004,0.0015720033115835996,58.319805078241316,35.178840522310004,1572.0033115835997,3.4533273599999994,2.2797356399999997
410,95.0,38.14213562373095,0.9313725490196079,13.857722513691384,9.409129937433871,1.4727953175095343,0.8205847793859794,0.031155763218631786,0.021154170473135073,0.0004801939376219999,31.155763218631787,21.15417047313507,480.1939376219999,3.4533273599999994,2.2797356399999997
411,80.0,32.14213562373095,0.9090909090909091,11.218177346133253,9.151502446631524,1.2258290276983348,0.9730841361922956,0.025221379400217545,0.020574956890663788,0.0004043738422079999,25.221379400217543,20.574956890663785,404.3738422079999,3.4533273599999994,2.2797356399999997
412,120.0,37.89949493661167,0.9836065573770492,12.902751325971703,11.90434595702678,1.0838689813408517,1.0498427784764353,0.02900873969612914,0.026764064841345026,0.0006065607633119999,29.008739696129137,26.764064841345025,606.5607633119998,3.4533273599999994,2.2797356399999997
413,162.0,46.14213562373095,0.9585798816568047,16.31376049616311,12.749443472418372,1.2795664792314767,0.9561576318853892,0.03667757517310367,0.028664063781299327,0.0008188570304711999,36.67757517310367,28.664063781299326,818.8570304711998,3.4533273599999994,2.2797356399999997
414,95.0,33.55634918610404,0.9693877551020408,12.401252433356627,9.746275181443485,1.2724094284725422,1.0601908685338755,0.027881239795818365,0.02191216063943213,0.0004801939376219999,27.881239795818367,21.912160639432127,480.1939376219999,3.4533273599999994,2.2797356399999997
415,99.0,34.97056274847714,0.9428571428571428,11.623126061773712,10.882917162500595,1.0680156697161736,1.0172783843869908,0.026131809399643362,0.024467627339763584,0.0005004126297323999,26.131809399643362,24.467627339763585,500.4126297323999,3.4533273599999994,2.2797356399999997
416,91.0,33.55634918610404,0.9578947368421052,13.137736665371115,8.795015435832502,1.4937707342554025,1.0155512530166595,0.02953704783528726,0.019773481403764778,0.00045997524551159993,29.537047835287257,19.773481403764777,459.9752455115999,3.4533273599999994,2.2797356399999997
417,87.0,32.14213562373095,0.9775280898876404,10.911024770366254,10.389349001692885,1.0502125560117737,1.0582289981091215,0.024530820550223632,0.023357957786546042,0.0004397565534011999,24.53082055022363,23.35795778654604,439.7565534011999,3.4533273599999994,2.2797356399999997
418,417.0,76.38477631085024,0.9630484988452656,26.751831226734893,20.30549138401613,1.3174678081316036,0.8981157171869054,0.060145072073818986,0.045652024059028094,0.0021077986525091996,60.14507207381898,45.65202405902809,2107.7986525091997,3.4533273599999994,2.2797356399999997
419,701.0,111.11269837220809,0.9199475065616798,42.73044877139446,21.76477286701524,1.963284847146415,0.713510704208226,0.09606915875477529,0.04893286824599567,0.0035433257923475994,96.06915875477529,48.93286824599568,3543.3257923475994,3.4533273599999994,2.2797356399999997
420,232.0,55.79898987322333,0.9469387755102041,19.400453627222966,15.344912344119036,1.2642922417643019,0.9363650062762237,0.0436172638719403,0.03449935262678906,0.0011726841424031997,43.6172638719403,34.49935262678906,1172.6841424031998,3.4533273599999994,2.2797356399999997
421,181.0,48.14213562373095,0.9627659574468085,16.208613550832098,14.37429533265779,1.1276110011463878,0.9813812017381207,0.03644117750179377,0.0323171532246012,0.0009148958179955998,36.44117750179377,32.3171532246012,914.8958179955998,3.4533273599999994,2.2797356399999997
422,105.0,36.72792206135786,0.963302752293578,14.388747989710101,9.332572089737933,1.5417773204808054,0.9781522241314752,0.032349646555345626,0.020982048526474204,0.0005307406678979998,32.34964655534563,20.982048526474202,530.7406678979999,3.4533273599999994,2.2797356399999997
423,234.0,62.384776310850235,0.924901185770751,26.83596387964737,11.371515084194424,2.359928618214419,0.7555591633539803,0.06033422415205599,0.025566122503190954,0.0011827934884583997,60.33422415205599,25.566122503190954,1182.7934884583997,3.4533273599999994,2.2797356399999997
424,351.0,69.21320343559643,0.9616438356164384,23.053847220726855,19.781046007911502,1.1654513725667683,0.9207443862600044,0.051831042552471354,0.04447293449774711,0.0017741902326875996,51.83104255247135,44.47293449774711,1774.1902326875995,3.4533273599999994,2.2797356399999997
425,374.0,71.21320343559643,0.961439588688946,24.09241836032946,20.093937076427657,1.1989894398839565,0.9267453624259612,0.05416602050279431,0.04517639497144924,0.0018904477123223996,54.166020502794304,45.17639497144924,1890.4477123223996,3.4533273599999994,2.2797356399999997
426,134.0,41.55634918610404,0.9571428571428572,15.841149180215545,10.830899431348806,1.4625885209833211,0.9750791917310878,0.0356150220559114,0.024350677955524265,0.0006773261856983998,35.615022055911396,24.350677955524265,677.3261856983999,3.4533273599999994,2.2797356399999997
427,138.0,44.38477631085023,0.9324324324324325,17.631765841088036,10.163546965859185,1.7348043847601307,0.8802800905853887,0.03964079386988458,0.02285029610146257,0.0006975448778087999,39.64079386988458,22.85029610146257,697.5448778087998,3.4533273599999994,2.2797356399999997
428,89.0,32.72792206135785,0.956989247311828,11.557405749003722,9.874220306648013,1.1704626178152489,1.04415027248501,0.025984053049255107,0.02219981454662446,0.0004498658994563999,25.984053049255106,22.19981454662446,449.8658994563999,3.4533273599999994,2.2797356399999997
429,123.0,38.384776310850235,0.968503937007874,13.107264023477983,11.960408500840941,1.0958876548870722,1.0490518338717858,0.029468537413424607,0.02689010801610065,0.0006217247823947999,29.468537413424606,26.89010801610065,621.7247823947998,3.4533273599999994,2.2797356399999997
430,418.0,79.21320343559643,0.9414414414414415,28.914677718286402,19.02518506228695,1.5198105891544305,0.8371263111928791,0.06500771332691457,0.042773562568137254,0.0021128533255367994,65.00771332691458,42.77356256813726,2112.8533255367997,3.4533273599999994,2.2797356399999997
431,1438.0,172.5269119345812,0.9283408650742414,76.28766912261379,25.107586370819647,3.038431014272096,0.6070927579838689,0.17151451498160766,0.05644838213405897,0.007268619813688798,171.51451498160768,56.448382134058974,7268.619813688799,3.4533273599999994,2.2797356399999997
432,90.0,34.384776310850235,0.9183673469387755,12.980281091794208,8.855838922706495,1.4657313897741056,0.9565770709465284,0.029183046767437243,0.0199102284163641,0.0004549205724839999,29.18304676743724,19.910228416364102,454.9205724839999,3.4533273599999994,2.2797356399999997
433,137.0,42.14213562373095,0.9647887323943662,15.715168396826668,11.190172472396258,1.404372312901575,0.9693873549167642,0.03533178449984952,0.025158417162789607,0.0006924902047811998,35.33178449984952,25.158417162789608,692.4902047811999,3.4533273599999994,2.2797356399999997
434,218.0,53.55634918610404,0.9646017699115044,19.058634576120276,14.79172787465002,1.2884657382578582,0.9550902874801992,0.042848765772108166,0.03325565011146065,0.0011019187200167998,42.848765772108166,33.255650111460646,1101.9187200167999,3.4533273599999994,2.2797356399999997
435,185.0,52.38477631085024,0.9113300492610837,19.85575453935862,12.213680584133302,1.6256978723639686,0.8471716322790017,0.04464089870065841,0.027459529510083534,0.0009351145101059998,44.640898700658404,27.459529510083534,935.1145101059998,3.4533273599999994,2.2797356399999997
436,123.0,38.970562748477136,0.9609375,13.414005817316143,11.780515950912328,1.138660299193204,1.017751195180703,0.03015817271883919,0.026485662791798148,0.0006217247823947999,30.15817271883919,26.48566279179815,621.7247823947998,3.4533273599999994,2.2797356399999997
437,160.0,45.55634918610404,0.9580838323353293,15.506866700207835,13.331690070729422,1.163158355612703,0.9687952937833496,0.034863468127409265,0.029973105518418128,0.0008087476844159999,34.86346812740926,29.973105518418127,808.7476844159999,3.4533273599999994,2.2797356399999997
438,141.0,43.798989873223334,0.9463087248322147,17.22026061220184,10.45280467287533,1.6474296756819562,0.9236358632776676,0.03871562312398891,0.023500622633838685,0.0007127088968915999,38.715623123988905,23.500622633838685,712.7088968915998,3.4533273599999994,2.2797356399999997
439,114.0,37.55634918610404,0.95,13.383433289990617,10.8915466237274,1.2287908919046082,1.0156591343405255,0.0300894377285543,0.024487028612261364,0.0005762327251463998,30.089437728554298,24.487028612261362,576.2327251463998,3.4533273599999994,2.2797356399999997
440,153.0,44.14213562373095,0.9807692307692307,16.803263806880278,11.658688010010342,1.4412654144662518,0.9867215500099933,0.03777810588645665,0.02621176190538585,0.0007733649732227998,37.77810588645665,26.21176190538585,773.3649732227998,3.4533273599999994,2.2797356399999997
441,282.0,65.79898987322333,0.9368770764119602,26.284332521464723,14.089580878521128,1.8655155712640037,0.8185034594736968,0.05909401343470827,0.03167704110594391,0.0014254177937831998,59.09401343470827,31.677041105943907,1425.4177937831996,3.4533273599999994,2.2797356399999997
442,161.0,44.970562748477136,0.9698795180722891,16.36300092415512,12.581584069517882,1.3005517297141216,1.0004124678580197,0.036788280457740984,0.028286672200134273,0.0008138023574435999,36.78828045774099,28.28667220013427,813.8023574435998,3.4533273599999994,2.2797356399999997
443,838.0,125.94112549695429,0.8991416309012875,51.89713867181931,21.960010175774038,2.3632565857857153,0.6639245721404986,0.11667826099030447,0.049371812477785736,0.004235815997128799,116.67826099030448,49.37181247778573,4235.815997128799,3.4533273599999994,2.2797356399999997
444,170.0,49.798989873223334,0.9392265193370166,20.472220442665805,10.62423405787196,1.9269361283976083,0.8614254892654144,0.04602687433242782,0.02388604046295121,0.0008592944146919998,46.026874332427816,23.886040462951208,859.2944146919998,3.4533273599999994,2.2797356399999997
445,114.0,37.55634918610404,0.9661016949152542,12.390982204300053,11.806119546692413,1.0495389408259461,1.0156591343405255,0.027858149650639635,0.02654322633204668,0.0005762327251463998,27.858149650639636,26.543226332046682,576.2327251463998,3.4533273599999994,2.2797356399999997
446,267.0,64.04163056034261,0.9335664335664335,25.23089650310064,13.855314767206877,1.8210265827246155,0.818081107867204,0.05672561537206104,0.03115034997852053,0.0013495976983691996,56.72561537206104,31.15034997852053,1349.5976983691996,3.4533273599999994,2.2797356399999997
447,226.0,54.62741699796952,0.9576271186440678,18.77043318639047,15.587959720307934,1.2041622844288224,0.9516932116117053,0.042200814115634235,0.03504578632077951,0.0011423561042375999,42.20081411563423,35.04578632077951,1142.3561042375998,3.4533273599999994,2.2797356399999997
448,133.0,42.72792206135786,0.95,16.890591984595588,10.167804824316276,1.661183733995541,0.9154570202217232,0.03797444233528687,0.022859868874317308,0.0006722715126707998,37.974442335286874,22.859868874317307,672.2715126707999,3.4533273599999994,2.2797356399999997
449,183.0,50.04163056034261,0.953125,17.904809146856994,13.19413931170681,1.35702744406909,0.9183284711943805,0.0402546662125127,0.029663855648937948,0.0009250051640507998,40.2546662125127,29.663855648937947,925.0051640507997,3.4533273599999994,2.2797356399999997
450,269.0,61.798989873223334,0.9572953736654805,22.71389643867862,15.416084766742154,1.473389435927362,0.8851143689231965,0.05106674480722359,0.03465936673767571,0.0013597070444243996,51.066744807223586,34.65936673767571,1359.7070444243998,3.4533273599999994,2.2797356399999997
451,90.0,33.21320343559643,0.9473684210526315,11.831355360692582,9.74455305694562,1.214150643087684,1.0252525124772216,0.0265999630032307,0.021908288855808557,0.0004549205724839999,26.5999630032307,21.908288855808557,454.9205724839999,3.4533273599999994,2.2797356399999997
452,88.0,33.071067811865476,0.967032967032967,11.559951270386128,9.811538460245503,1.1781996592302892,1.0111046333787348,0.025989776043158313,0.02205888945863155,0.0004448112264287999,25.98977604315831,22.05888945863155,444.8112264287999,3.4533273599999994,2.2797356399999997
453,209.0,52.384776310850235,0.9587155963302753,16.95038391905351,16.10922502786482,1.052215974991578,0.9570749791692509,0.038108870149851246,0.03621772626114736,0.0010564266627683997,38.10887014985124,36.217726261147355,1056.4266627683999,3.4533273599999994,2.2797356399999997
454,86.0,32.970562748477136,0.9555555555555556,12.445203778204094,8.819724241349451,1.4110649536929207,0.9941584211054687,0.027980053846385133,0.019829033222856316,0.00043470188037359993,27.980053846385132,19.829033222856314,434.7018803735999,3.4533273599999994,2.2797356399999997
455,143.0,43.79898987322333,0.9407894736842105,15.900489462453548,11.591735498469696,1.3717091340250716,0.9367370811965001,0.03574843443885581,0.026061235251789477,0.0007228182429467998,35.74843443885581,26.061235251789473,722.8182429467998,3.4533273599999994,2.2797356399999997
456,172.0,46.48528137423857,0.9885057471264368,15.64155037187539,14.214576281779236,1.1003880848650622,1.0002472885515576,0.03516627203907256,0.03195806327127298,0.0008694037607471999,35.16627203907256,31.95806327127298,869.4037607471998,3.4533273599999994,2.2797356399999997
457,115.0,38.970562748477136,0.9504132231404959,15.279850933198297,9.599954339637941,1.591658709261587,0.9515559954941533,0.0343530776590724,0.021583193343634396,0.0005812873981739998,34.3530776590724,21.583193343634395,581.2873981739999,3.4533273599999994,2.2797356399999997
458,890.0,136.72792206135784,0.9955257270693513,64.2984912827104,18.22081426688452,3.5288484005662637,0.598253769136979,0.14455972601126646,0.04096512788366579,0.004498658994563999,144.55972601126646,40.96512788366579,4498.658994563999,3.4533273599999994,2.2797356399999997
459,376.0,83.45584412271572,0.9170731707317074,35.056222687854856,14.364823193549556,2.44042145284438,0.6783974401946739,0.07881550322019655,0.03229585739312972,0.0019005570583775996,78.81550322019655,32.29585739312972,1900.5570583775996,3.4533273599999994,2.2797356399999997
460,135.0,41.31370849898476,0.9642857142857143,14.997168221375327,11.541784597914369,1.2993803596096705,0.9939287905214191,0.03371753342538929,0.025948932640106954,0.0006823808587259998,33.71753342538929,25.948932640106953,682.3808587259998,3.4533273599999994,2.2797356399999997
461,635.0,108.04163056034261,0.9477611940298507,46.688791076063005,17.799159549886777,2.623089643373639,0.6835988594821144,0.1049685414246694,0.04001713844962844,0.003209717372525999,104.9685414246694,40.01713844962844,3209.7173725259995,3.4533273599999994,2.2797356399999997
462,207.0,51.31370849898476,0.9904306220095693,17.49790108346438,15.310374107725625,1.1428787409338959,0.9879009521414858,0.03933983108990963,0.034421701691435214,0.0010463173167131997,39.33983108990962,34.42170169143521,1046.3173167131997,3.4533273599999994,2.2797356399999997
463,142.0,44.72792206135786,0.9466666666666667,18.36891449180321,9.97514073504901,1.8414692062700968,0.8919505208225362,0.04129809569534148,0.022426709908981286,0.0007177635699191999,41.29809569534148,22.426709908981284,717.7635699191999,3.4533273599999994,2.2797356399999997
464,314.0,68.62741699796952,0.9486404833836858,25.754348275460814,15.830243944023726,1.6269078585604273,0.8378074264475447,0.05790247105378752,0.03559050424959078,0.0015871673306663996,57.90247105378752,35.59050424959078,1587.1673306663997,3.4533273599999994,2.2797356399999997
465,477.0,86.38477631085023,0.9520958083832335,34.73535362579603,18.028059791564353,1.9267383194529517,0.803255701878881,0.07809410614273217,0.04053176570698247,0.0024110790341651993,78.09410614273217,40.53176570698247,2411.0790341651996,3.4533273599999994,2.2797356399999997
466,112.0,39.55634918610404,0.9655172413793104,15.659083264877673,9.416984171987586,1.662855430028041,0.8994882254777637,0.03520569054109387,0.02117182883451281,0.0005661233790911999,35.20569054109387,21.17182883451281,566.1233790911999,3.4533273599999994,2.2797356399999997
467,136.0,41.31370849898476,0.9444444444444444,13.668340404444304,12.676982383554108,1.0782014197776506,1.001291226006763,0.03072998299769595,0.028501152413649356,0.0006874355317535998,30.72998299769595,28.501152413649354,687.4355317535999,3.4533273599999994,2.2797356399999997
468,151.0,45.21320343559643,0.9556962025316456,16.887556253102513,11.592758131551888,1.4567332520411884,0.9282313966930533,0.037967617221600254,0.026063534396842843,0.0007632556271675999,37.96761722160025,26.063534396842844,763.2556271675999,3.4533273599999994,2.2797356399999997
469,197.0,51.45584412271571,0.9425837320574163,18.308781592697613,13.777238465453891,1.3289151986885082,0.9349893756179682,0.04116290130359833,0.03097481415234136,0.0009957705864371998,41.16290130359833,30.97481415234136,995.7705864371998,3.4533273599999994,2.2797356399999997
470,171.0,47.31370849898476,0.9827586206896551,18.154714053467213,12.138863873116449,1.4955859331839014,0.9599132683280241,0.04081651741784819,0.027291322091372784,0.0008643490877195999,40.81651741784819,27.291322091372784,864.3490877195998,3.4533273599999994,2.2797356399999997
471,278.0,63.79898987322333,0.952054794520548,24.992034121111033,14.469722508848008,1.7271951211109124,0.8582761703894215,0.05618859063312909,0.03253169832774262,0.0014051991016727997,56.18859063312908,32.53169832774262,1405.1991016727998,3.4533273599999994,2.2797356399999997
472,174.0,48.14213562373095,0.9613259668508287,17.163698265977033,13.101779882822791,1.3100279824178436,0.943427232610127,0.03858845626346552,0.029456207639355164,0.0008795131068023998,38.58845626346552,29.456207639355164,879.5131068023998,3.4533273599999994,2.2797356399999997
473,170.0,48.970562748477136,0.9289617486338798,18.629902321763783,11.72860161668579,1.588416328785505,0.8908172041197365,0.04188486419392864,0.02636894587072999,0.0008592944146919998,41.884864193928635,26.36894587072999,859.2944146919998,3.4533273599999994,2.2797356399999997
474,99.0,34.97056274847714,0.9519230769230769,12.90218436941199,9.814019937806107,1.3146686527209392,1.0172783843869908,0.0290074650303742,0.022064468465371957,0.0005004126297323999,29.0074650303742,22.064468465371956,500.4126297323999,3.4533273599999994,2.2797356399999997
475,285.0,62.72792206135785,0.9661016949152542,21.992293926716275,16.987064733482033,1.2946494448430976,0.9101918061918551,0.04944439474367913,0.03819133815769831,0.0014405818128659998,49.444394743679126,38.19133815769831,1440.5818128659996,3.4533273599999994,2.2797356399999997
476,320.0,68.38477631085024,0.963855421686747,26.06105596744386,15.996130957570928,1.6292099656204195,0.8598862036386855,0.058592029689365326,0.035963461386668415,0.0016174953688319997,58.592029689365326,35.96346138666841,1617.4953688319997,3.4533273599999994,2.2797356399999997
477,377.0,73.21320343559643,0.9568527918781726,27.265742015901747,17.879767772447142,1.5249494491711724,0.8838374400572492,0.06130047714467125,0.04019836669208201,0.0019056117314051996,61.300477144671255,40.198366692082004,1905.6117314051996,3.4533273599999994,2.2797356399999997
478,94.0,34.14213562373095,0.9306930693069307,12.069981956156056,9.925640648236842,1.2160405946491855,1.0133427187709767,0.027136457632747413,0.02231542084380496,0.0004751392645943999,27.136457632747412,22.315420843804958,475.1392645943999,3.4533273599999994,2.2797356399999997
479,444.0,86.04163056034261,0.9487179487179487,34.6938576496573,16.775427528422057,2.068135526851798,0.7536601806052697,0.07800081239941851,0.03771552269505017,0.0022442748242543996,78.00081239941852,37.71552269505017,2244.2748242543994,3.4533273599999994,2.2797356399999997
480,252.0,62.2842712474619,0.9197080291970803,23.62813156643235,14.413044025630224,1.639357482320546,0.8163072055490748,0.05312218307554719,0.03240427036106341,0.0012737776029551997,53.12218307554719,32.4042703610634,1273.7776029551997,3.4533273599999994,2.2797356399999997
481,352.0,70.38477631085024,0.9777777777777777,26.36220298731736,17.31830209152045,1.5222163724829045,0.8928840356588538,0.05926908648826612,0.038936045860281765,0.0017792449057151996,59.26908648826612,38.936045860281766,1779.2449057151996,3.4533273599999994,2.2797356399999997
482,146.0,42.970562748477136,0.9605263157894737,15.07188970614964,12.395575846468887,1.2159087962374215,0.993620715242376,0.03388552675074799,0.027868477352582136,0.0007379822620295998,33.885526750747985,27.868477352582136,737.9822620295998,3.4533273599999994,2.2797356399999997
483,164.0,45.798989873223334,0.9479768786127167,15.39535089568677,13.601376695563559,1.1318965160863725,0.9825211619200456,0.03461275160473673,0.030579431169567725,0.0008289663765263998,34.61275160473673,30.579431169567723,828.9663765263998,3.4533273599999994,2.2797356399999997
484,92.0,33.31370849898476,0.968421052631579,12.601608902436856,9.300538703632958,1.3549332252673107,1.041721742784976,0.028331693230992685,0.02091002914582983,0.0004650299185391999,28.331693230992684,20.91002914582983,465.0299185391999,3.4533273599999994,2.2797356399999997
485,258.0,60.142135623730944,0.9735849056603774,23.879509087883434,13.960770472436131,1.7104721501603843,0.8963381445697721,0.053687345101924806,0.03138744182235925,0.0013041056411207997,53.687345101924805,31.387441822359254,1304.1056411207996,3.4533273599999994,2.2797356399999997
486,255.0,64.04163056034261,0.9306569343065694,25.769306606801557,13.079890547536177,1.9701469605688444,0.7813134176259814,0.05793610127180766,0.02940699472240368,0.0012889416220379997,57.93610127180766,29.40699472240368,1288.9416220379997,3.4533273599999994,2.2797356399999997
487,156.0,44.72792206135786,0.9629629629629629,16.038016396472653,12.52593542763768,1.2803847256856993,0.9798893045656031,0.0360576307435336,0.02816155958454069,0.0007885289923055998,36.0576307435336,28.161559584540687,788.5289923055998,3.4533273599999994,2.2797356399999997
488,166.0,51.798989873223334,0.9021739130434783,20.642139840554275,10.688311037595629,1.931281730850321,0.7774551964056209,0.04640889731792455,0.024030102173384745,0.0008390757225815998,46.40889731792455,24.030102173384744,839.0757225815998,3.4533273599999994,2.2797356399999997
489,208.0,50.970562748477136,0.9765258215962441,17.36619297373821,15.315977701728096,1.1338612076837113,1.0060842307293554,0.03904371701513667,0.03443430002768721,0.0010513719897407997,39.043717015136664,34.43430002768721,1051.3719897407998,3.4533273599999994,2.2797356399999997
490,262.0,61.21320343559643,0.9290780141843972,22.313259668116284,15.227311696562865,1.465344646038399,0.8786601693341024,0.05016600918143911,0.03423495579491442,0.0013243243332311998,50.16600918143911,34.23495579491442,1324.3243332311997,3.4533273599999994,2.2797356399999997
491,165.0,45.798989873223334,0.9482758620689655,15.2490583292165,13.785506078180997,1.1061660154321022,0.98851214461468,0.03428384787924428,0.030993401895331205,0.0008340210495539998,34.283847879244284,30.993401895331207,834.0210495539998,3.4533273599999994,2.2797356399999997
492,374.0,75.31370849898475,0.9739583333333334,30.205551336600124,16.27115440239626,1.8563864978229043,0.828578004020402,0.06790993284802459,0.03658178559673141,0.0018904477123223996,67.90993284802458,36.58178559673141,1890.4477123223996,3.4533273599999994,2.2797356399999997
493,124.0,39.55634918610404,0.9465648854961832,13.357932114022885,11.922730296038662,1.1203752649224206,0.9958619639218098,0.030032104454673088,0.02680539761537188,0.0006267794554223998,30.03210445467309,26.805397615371877,626.7794554223999,3.4533273599999994,2.2797356399999997
494,107.0,35.798989873223334,0.9553571428571429,11.96634392961318,11.400102941792275,1.0496698135720415,1.0491850574702548,0.026903452403192123,0.025630395439913897,0.0005408500139531999,26.903452403192123,25.630395439913897,540.8500139531999,3.4533273599999994,2.2797356399999997
495,71.0,28.485281374238568,0.9726027397260274,9.705523329454808,9.34090623334093,1.039034445588634,1.0995808945896266,0.021820539880680064,0.021000785848171076,0.00035888178495959995,21.820539880680062,21.000785848171073,358.88178495959994,3.4533273599999994,2.2797356399999997
496,232.0,53.798989873223334,0.9747899159663865,17.868964911665685,16.575540630906314,1.0780321022137695,1.007278596983461,0.04017407905230149,0.03726612497884142,0.0011726841424031997,40.17407905230149,37.266124978841425,1172.6841424031998,3.4533273599999994,2.2797356399999997
497,215.0,53.21320343559643,0.9641255605381166,19.88735260194131,13.89883441332637,1.430864776896189,0.954134315255188,0.044711939360840565,0.03124819345810514,0.0010867547009339997,44.71193936084056,31.24819345810514,1086.7547009339999,3.4533273599999994,2.2797356399999997
498,291.0,64.14213562373095,0.9765100671140939,25.17399207364832,14.983971822656638,1.6800613596712575,0.8888245088252671,0.05659767941950057,0.03368786449000601,0.0014709098510315996,56.597679419500565,33.68786449000601,1470.9098510315996,3.4533273599999994,2.2797356399999997
499,90.0,33.55634918610404,0.9375,12.08425497700902,9.471642741284844,1.2758351752791903,1.0043913491373557,0.0271685470946103,0.021294715509521063,0.0004549205724839999,27.168547094610297,21.294715509521062,454.9205724839999,3.4533273599999994,2.2797356399999997
500,90.0,32.970562748477136,0.9574468085106383,12.307707222877958,9.290741293358419,1.3247282250423063,1.040398347668514,0.027670925840907596,0.020888002020205996,0.0004549205724839999,27.670925840907596,20.888002020205995,454.9205724839999,3.4533273599999994,2.2797356399999997
501,102.0,36.14213562373095,0.9357798165137615,12.315703940337238,10.605962977460358,1.1612056318233805,0.98125619872571,0.027688904540902597,0.023844962323705022,0.0005155766488151999,27.688904540902595,23.844962323705023,515.5766488151999,3.4533273599999994,2.2797356399999997
502,330.0,69.21320343559643,0.9593023255813954,25.09628810410985,17.148018065629888,1.463509544255195,0.8656571152871835,0.056422980692946004,0.03855320309623305,0.0016680420991079996,56.422980692946005,38.55320309623305,1668.0420991079995,3.4533273599999994,2.2797356399999997
503,722.0,114.97056274847714,0.9537648612945839,48.39313016325592,19.910137892640705,2.4305773482936677,0.6863944248617451,0.10880033882084174,0.04476316661850838,0.0036494739259271994,108.80033882084173,44.763166618508386,3649.473925927199,3.4533273599999994,2.2797356399999997
504,125.0,39.65685424949238,0.984251968503937,13.526819787010906,11.993624741908937,1.1278341684098698,0.9988110876277523,0.030411807854345135,0.026964786762244182,0.0006318341284499998,30.411807854345135,26.96478676224418,631.8341284499999,3.4533273599999994,2.2797356399999997
505,161.0,44.970562748477136,0.9817073170731707,16.134424391646426,12.908736671497643,1.249884074811989,1.0004124678580197,0.03627438098276299,0.029022196309061287,0.0008138023574435999,36.27438098276299,29.022196309061286,813.8023574435998,3.4533273599999994,2.2797356399999997
506,331.0,68.14213562373095,0.9678362573099415,25.36990711547684,16.97648378697033,1.494414711187046,0.8957903439222571,0.05703814737144195,0.03816754943889391,0.0016730967721355996,57.03814737144195,38.16754943889391,1673.0967721355996,3.4533273599999994,2.2797356399999997
507,379.0,80.8700576850888,0.9266503667481663,33.18632967739466,15.027240601402589,2.2084114148207066,0.7282383876850245,0.07461149756049931,0.03378514395450938,0.0019157210774603996,74.6114975604993,33.78514395450938,1915.7210774603996,3.4533273599999994,2.2797356399999997
508,90.0,34.384776310850235,0.9375,14.019650070448641,8.175031516589474,1.714935293154377,0.9565770709465284,0.031519818467386856,0.018379596357487447,0.0004549205724839999,31.51981846738686,18.379596357487447,454.9205724839999,3.4533273599999994,2.2797356399999997
509,130.0,41.89949493661167,0.9774436090225563,16.41935379043683,10.179273165091725,1.6130182896303948,0.9305412729184909,0.036914976352887506,0.02288565268614912,0.0006571074935879999,36.9149763528875,22.88565268614912,657.1074935879999,3.4533273599999994,2.2797356399999997
510,441.0,85.79898987322333,0.9264705882352942,34.260955641266605,17.14730204675165,1.9980376824211206,0.752807788777531,0.07702753613003405,0.038551593299629865,0.0022291108051715994,77.02753613003405,38.551593299629864,2229.1108051715996,3.4533273599999994,2.2797356399999997
511,108.0,36.970562748477136,0.9391304347826087,12.591140472900396,10.98712673461533,1.1459902827216477,0.9929365491729245,0.028308157479603042,0.02470191755236626,0.0005459046869807999,28.30815747960304,24.701917552366258,545.9046869807999,3.4533273599999994,2.2797356399999997
512,106.0,36.970562748477136,0.9217391304347826,12.348740938938198,10.94982975494569,1.12775643231902,0.9745488352993519,0.02776318030337719,0.024618064244854194,0.0005357953409255999,27.76318030337719,24.618064244854192,535.7953409255999,3.4533273599999994,2.2797356399999997
513,652.0,106.38477631085024,0.9602356406480118,44.575588856369365,19.33997234379934,2.3048424301734283,0.7239331936088306,0.10021751340222097,0.043481286221670294,0.003295646813995199,100.21751340222097,43.481286221670295,3295.6468139951994,3.4533273599999994,2.2797356399999997
514,125.0,40.72792206135786,0.9689922480620154,16.432956569981435,9.734263730200858,1.688156087141719,0.946968147382843,0.03694555893802646,0.02188515577406138,0.0006318341284499998,36.94555893802646,21.885155774061378,631.8341284499999,3.4533273599999994,2.2797356399999997
515,196.0,50.970562748477136,0.9702970297029703,19.487703458856117,12.87187078017682,1.5139760017532133,0.9480409097257385,0.04381342417840785,0.028939312200240336,0.0009907159134095998,43.81342417840785,28.939312200240334,990.7159134095998,3.4533273599999994,2.2797356399999997
516,234.0,59.55634918610404,0.936,23.804101337497602,12.760309338365476,1.8654799586972062,0.829028739532425,0.053517808873042354,0.02868849307307356,0.0011827934884583997,53.517808873042355,28.68849307307356,1182.7934884583997,3.4533273599999994,2.2797356399999997
517,132.0,40.14213562373095,0.9777777777777777,14.658867918431609,11.483491443778087,1.2765166404485793,1.029396879540723,0.03295694638629305,0.02581787447338852,0.0006672168396431999,32.95694638629305,25.817874473388517,667.2168396431998,3.4533273599999994,2.2797356399999997
518,386.0,79.45584412271572,0.9414634146341463,32.46495577420727,15.583623660184132,2.0832738573605716,0.7683259063662093,0.07298966146891922,0.03503603773024557,0.0019511037886535995,72.98966146891922,35.036037730245575,1951.1037886535996,3.4533273599999994,2.2797356399999997
519,246.0,62.62741699796952,0.924812030075188,26.44021134120902,12.043201223545971,2.195447111646286,0.7881628689668642,0.05944446954998659,0.02707624758284946,0.0012434495647895998,59.444469549986586,27.07624758284946,1243.4495647895997,3.4533273599999994,2.2797356399999997
520,636.0,93.55634918610403,0.9891135303265941,32.246738380144244,25.662819856780835,1.2565547574314502,0.9131044248524885,0.07249905203054309,0.057696691371206074,0.0032147720455535994,72.49905203054308,57.69669137120607,3214.772045553599,3.4533273599999994,2.2797356399999997
521,227.0,55.45584412271571,0.9458333333333333,18.899048158723215,15.652861958356613,1.2073861130956665,0.927558010955777,0.04248997401333105,0.03519170342649484,0.0011474107772651997,42.48997401333105,35.19170342649483,1147.4107772651998,3.4533273599999994,2.2797356399999997
522,96.0,34.14213562373095,0.9504950495049505,12.454128031891294,9.79993837671859,1.2708373821490735,1.0349032021490827,0.02800011788897992,0.022032809454841335,0.00048524861064959987,28.00011788897992,22.032809454841335,485.24861064959987,3.4533273599999994,2.2797356399999997
523,363.0,70.14213562373095,0.9945205479452055,26.512005992266594,17.762479102866905,1.4925847815909603,0.9271681824400375,0.05960588259217329,0.03993467126781154,0.0018348463090187997,59.60588259217329,39.934671267811545,1834.8463090187995,3.4533273599999994,2.2797356399999997
524,160.0,45.55634918610404,0.975609756097561,17.758096963468468,11.585524038042125,1.532783230621087,0.9687952937833496,0.03992481907908761,0.026047270273768585,0.0008087476844159999,39.92481907908761,26.047270273768586,808.7476844159999,3.4533273599999994,2.2797356399999997
525,629.0,104.62741699796952,0.953030303030303,44.821201353482806,18.428327112887043,2.4321904575993263,0.722053706960907,0.10076971415498125,0.041431670714819416,0.0031793893343603995,100.76971415498124,41.43167071481942,3179.3893343603995,3.4533273599999994,2.2797356399999997
526,206.0,50.97056274847714,0.9671361502347418,17.061721229188134,15.456308750095838,1.1038677801439714,0.9964103438954187,0.03835918537073451,0.03474980071049046,0.0010412626436855999,38.35918537073451,34.74980071049046,1041.2626436855999,3.4533273599999994,2.2797356399999997
528,171.0,46.970562748477136,0.9661016949152542,17.689447496234926,12.347009907918528,1.432690799485803,0.9739898868533606,0.03977047722788513,0.027759288495576906,0.0008643490877195999,39.77047722788513,27.759288495576907,864.3490877195998,3.4533273599999994,2.2797356399999997
529,144.0,44.97056274847714,0.9230769230769231,16.781338133946086,11.212459683876773,1.496668760207648,0.8947788532394708,0.037728811273025624,0.025208524608872792,0.0007278729159743998,37.72881127302562,25.20852460887279,727.8729159743998,3.4533273599999994,2.2797356399999997
530,78.0,30.727922061357855,0.9397590361445783,10.638628156444092,9.408984677334567,1.1306882220853893,1.038097347834728,0.023918402139006992,0.02115384389066421,0.0003942644961527999,23.918402139006993,21.153843890664213,394.2644961527999,3.4533273599999994,2.2797356399999997
531,160.0,46.384776310850235,0.963855421686747,17.787768402081635,11.595485986965182,1.5340252596637498,0.9344991561413497,0.039991528187664056,0.026069667325054335,0.0008087476844159999,39.99152818766405,26.069667325054336,808.7476844159999,3.4533273599999994,2.2797356399999997
532,118.0,38.970562748477136,0.9291338582677166,13.334389809377996,11.416905402214818,1.167951326529446,0.9763791953766093,0.02997917523283217,0.025668171739583485,0.0005964514172567999,29.97917523283217,25.66817173958348,596.4514172567999,3.4533273599999994,2.2797356399999997
533,78.0,31.31370849898476,0.9512195121951219,12.371125947247995,8.085462490069862,1.5300455555191257,0.9996211996652911,0.027813507622159773,0.018178221897924465,0.0003942644961527999,27.813507622159772,18.178221897924466,394.2644961527999,3.4533273599999994,2.2797356399999997
534,267.0,61.55634918610404,0.967391304347826,23.552843226204043,14.802780818062615,1.5911093676037171,0.8854731898060643,0.052952915311745494,0.03328050000201745,0.0013495976983691996,52.95291531174549,33.28050000201745,1349.5976983691996,3.4533273599999994,2.2797356399999997
535,466.0,91.79898987322333,0.9191321499013807,39.97184132350755,15.572753914889763,2.5667805156343473,0.6948962626601636,0.08986709197398907,0.03501159971669005,0.0023554776308615994,89.86709197398906,35.01159971669005,2355.4776308615997,3.4533273599999994,2.2797356399999997
536,390.0,95.59797974644665,0.8441558441558441,40.67042291421142,14.11237189648161,2.881898465583313,0.5362620227972765,0.09143768502110496,0.03172828123998374,0.0019713224807639995,91.43768502110495,31.72828123998374,1971.3224807639997,3.4533273599999994,2.2797356399999997
537,136.0,44.62741699796952,0.9251700680272109,17.373359572283547,10.278657803326638,1.690236206390755,0.8581145593082397,0.0390598293919822,0.023109095192907145,0.0006874355317535998,39.059829391982205,23.109095192907144,687.4355317535999,3.4533273599999994,2.2797356399999997
538,145.0,43.79898987322333,0.9415584415584416,16.135589845371054,11.51915865868803,1.4007611426726205,0.9498382991153322,0.036277001225753926,0.025898063645981947,0.0007329275890019998,36.27700122575392,25.898063645981946,732.9275890019999,3.4533273599999994,2.2797356399999997
539,268.0,65.45584412271572,0.9273356401384083,26.037429541973932,13.687857878876645,1.902228220980828,0.786045710747142,0.058538911342038306,0.030773863354763203,0.0013546523713967996,58.538911342038304,30.773863354763204,1354.6523713967997,3.4533273599999994,2.2797356399999997
540,559.0,94.97056274847714,0.9893805309734514,40.56697499821511,17.963333984329093,2.2583210351488785,0.7788317523661533,0.09120510720948709,0.04038624526360772,0.0028255622224283993,91.20510720948708,40.38624526360772,2825.5622224283993,3.4533273599999994,2.2797356399999997
541,403.0,74.8700576850888,0.9572446555819477,25.44411994668178,20.532448934861318,1.239215060385764,0.9034384596886071,0.057204997111326775,0.0461622836422913,0.0020370332301227994,57.204997111326776,46.1622836422913,2037.0332301227995,3.4533273599999994,2.2797356399999997
542,299.0,64.38477631085024,0.9614147909967846,22.492850239775926,17.199882664088122,1.3077327723135614,0.9063890912473689,0.05056977548007862,0.03866980819836276,0.0015113472352523997,50.56977548007862,38.66980819836276,1511.3472352523997,3.4533273599999994,2.2797356399999997
543,182.0,50.04163056034261,0.9479166666666666,18.062018693603072,13.039633710736288,1.385163041714244,0.9133102828271982,0.040608114148080035,0.029316486886499963,0.0009199504910231999,40.608114148080034,29.316486886499963,919.9504910231998,3.4533273599999994,2.2797356399999997
544,145.0,42.384776310850235,0.9731543624161074,15.240264467843314,12.170564432000443,1.2522233091976913,1.0142804982477451,0.034264076992473406,0.027362593189889314,0.0007329275890019998,34.264076992473406,27.362593189889314,732.9275890019999,3.4533273599999994,2.2797356399999997
545,227.0,57.21320343559643,0.9497907949790795,21.499824351877347,13.634978913375454,1.5768139055049617,0.8714514382251102,0.04833719509735176,0.030654977691785493,0.0011474107772651997,48.33719509735176,30.654977691785493,1147.4107772651998,3.4533273599999994,2.2797356399999997
546,119.0,38.14213562373095,0.967479674796748,13.764339531578166,11.039889597713282,1.246782353188496,1.0278904078624373,0.030945813995265924,0.024820542186954862,0.0006015060902843999,30.945813995265922,24.82054218695486,601.5060902843999,3.4533273599999994,2.2797356399999997
547,109.0,36.14213562373095,0.9732142857142857,12.565609672945657,11.071227616458867,1.1349788937827627,1.0485973104029644,0.0282507576032968,0.02489099820097981,0.0005509593600083999,28.250757603296798,24.89099820097981,550.9593600083999,3.4533273599999994,2.2797356399999997
548,227.0,55.21320343559643,0.9537815126050421,19.592239418362198,14.92778592238065,1.3124678716746812,0.9357284423822843,0.04404844819472699,0.033561543977851514,0.0011474107772651997,44.04844819472699,33.561543977851514,1147.4107772651998,3.4533273599999994,2.2797356399999997
549,93.0,34.384776310850235,0.93,12.48218182504319,9.498633689236192,1.3141028734677853,0.9884629733114125,0.0280631901099716,0.021355398178162156,0.0004700845915667999,28.063190109971597,21.355398178162158,470.0845915667999,3.4533273599999994,2.2797356399999997
550,256.0,59.55634918610404,0.9808429118773946,23.514957469857933,13.999263994163142,1.679728125683055,0.906971612479918,0.05286773828118279,0.03147398526751722,0.0012939962950655997,52.86773828118279,31.47398526751722,1293.9962950655997,3.4533273599999994,2.2797356399999997
551,91.0,32.72792206135786,0.9680851063829787,11.55975231815071,10.050588008413863,1.1501568175387797,1.0676143235520883,0.025989328746805512,0.02259633499579655,0.00045997524551159993,25.989328746805512,22.59633499579655,459.9752455115999,3.4533273599999994,2.2797356399999997
