4.994811e+002,0.000000e+000
5.004454e+002,-2.334539e-001
5.014096e+002,4.752457e-002
5.023739e+002,2.036468e-001
5.033381e+002,2.687523e-001
5.043024e+002,2.782083e-001
5.052666e+002,2.618094e-001
5.062309e+002,2.434779e-001
5.071951e+002,2.439648e-001
5.081594e+002,2.817708e-001
5.091236e+002,3.698899e-001
5.100879e+002,5.095232e-001
5.110521e+002,6.848607e-001
5.120164e+002,8.629799e-001
5.129806e+002,1.000686e+000
5.139448e+002,1.056433e+000
5.149091e+002,1.002976e+000
5.158734e+002,8.359355e-001
5.168376e+002,5.754687e-001
5.178018e+002,2.610699e-001
5.187661e+002,-5.801009e-002
5.197303e+002,-3.336393e-001
5.206946e+002,-5.284712e-001
5.216588e+002,-6.233326e-001
5.226231e+002,-6.217059e-001
5.235873e+002,-5.505614e-001
5.245516e+002,-4.560431e-001
5.255159e+002,-3.876700e-001
5.264801e+002,-3.728445e-001
5.274443e+002,-4.262661e-001
5.284086e+002,-5.327712e-001
5.293729e+002,-6.476904e-001
5.303371e+002,-7.076536e-001
5.313013e+002,-6.501689e-001
5.322656e+002,-4.361048e-001
5.332299e+002,-6.693184e-002
5.341941e+002,4.107600e-001
5.351583e+002,9.164811e-001
5.361226e+002,1.359718e+000
5.370869e+002,1.667742e+000
5.380511e+002,1.806835e+000
5.390153e+002,1.788777e+000
5.399796e+002,1.660743e+000
5.409438e+002,1.483772e+000
5.419081e+002,1.309592e+000
5.428723e+002,1.165741e+000
5.438365e+002,1.054522e+000
5.448008e+002,9.643663e-001
5.457651e+002,8.865900e-001
5.467293e+002,8.280768e-001
5.476936e+002,8.131605e-001
5.486578e+002,8.734216e-001
5.496221e+002,1.030540e+000
5.505863e+002,1.280560e+000
5.515505e+002,1.587532e+000
5.525148e+002,1.889944e+000
5.534791e+002,2.117695e+000
5.544433e+002,2.212829e+000
5.554076e+002,2.146027e+000
5.563718e+002,1.923598e+000
5.573361e+002,1.581812e+000
5.583003e+002,1.176132e+000
5.592646e+002,7.659830e-001
5.602288e+002,4.023878e-001
5.611931e+002,1.205723e-001
5.621573e+002,-6.266525e-002
5.631216e+002,-1.487052e-001
5.640858e+002,-1.558481e-001
5.650500e+002,-1.174285e-001
5.660143e+002,-7.848014e-002
5.669786e+002,-8.919540e-002
5.679428e+002,-1.948065e-001
5.689070e+002,-4.231310e-001
5.698713e+002,-7.731494e-001
5.708356e+002,-1.208809e+000
5.717998e+002,-1.661463e+000
5.727640e+002,-2.041879e+000
5.737283e+002,-2.259983e+000
5.746926e+002,-2.247639e+000
5.756568e+002,-1.978596e+000
5.766210e+002,-1.479904e+000
5.775853e+002,-8.309857e-001
5.785496e+002,-1.495654e-001
5.795138e+002,4.331229e-001
5.804780e+002,8.022376e-001
5.814423e+002,8.869604e-001
5.824066e+002,6.783592e-001
5.833708e+002,2.319351e-001
5.843350e+002,-3.466201e-001
5.852993e+002,-9.291051e-001
5.862635e+002,-1.398240e+000
5.872278e+002,-1.674830e+000
5.881920e+002,-1.741622e+000
5.891563e+002,-1.633926e+000
5.901205e+002,-1.424481e+000
5.910848e+002,-1.196717e+000
5.920491e+002,-1.018473e+000
5.930133e+002,-9.248835e-001
5.939775e+002,-9.148858e-001
5.949418e+002,-9.602165e-001
5.959060e+002,-1.021248e+000
5.968703e+002,-1.062333e+000
5.978345e+002,-1.060925e+000
5.987988e+002,-1.008781e+000
5.997631e+002,-9.075204e-001
6.007273e+002,-7.629212e-001
6.016915e+002,-5.820513e-001
6.026558e+002,-3.743784e-001
6.036200e+002,-1.550006e-001
6.045843e+002,5.339180e-002
6.055485e+002,2.230066e-001
6.065128e+002,3.279947e-001
6.074771e+002,3.534673e-001
6.084413e+002,3.020855e-001
6.094055e+002,1.946881e-001
6.103698e+002,6.399670e-002
6.113340e+002,-5.602467e-002
6.122983e+002,-1.405673e-001
6.132625e+002,-1.799352e-001
6.142267e+002,-1.790801e-001
6.151910e+002,-1.521915e-001
6.161553e+002,-1.158728e-001
6.171195e+002,-8.455439e-002
6.180837e+002,-8.449471e-002
6.190480e+002,-1.372089e-001
6.200123e+002,-2.511271e-001
6.209765e+002,-4.290406e-001
6.219408e+002,-6.641647e-001
6.229050e+002,-9.362636e-001
6.238693e+002,-1.211328e+000
6.248335e+002,-1.446942e+000
6.257977e+002,-1.602294e+000
6.267620e+002,-1.648861e+000
6.277263e+002,-1.576508e+000
6.286905e+002,-1.391804e+000
6.296548e+002,-1.109484e+000
6.306190e+002,-7.422435e-001
6.315833e+002,-2.957271e-001
6.325475e+002,2.267330e-001
6.335117e+002,8.105824e-001
6.344760e+002,1.414732e+000
6.354402e+002,1.964460e+000
6.364045e+002,2.360323e+000
6.373688e+002,2.503871e+000
6.383330e+002,2.332123e+000
6.392972e+002,1.846803e+000
6.402615e+002,1.124330e+000
6.412258e+002,2.997479e-001
6.421900e+002,-4.714068e-001
6.431542e+002,-1.059155e+000
6.441185e+002,-1.394887e+000
6.450828e+002,-1.482844e+000
6.460470e+002,-1.383598e+000
6.470112e+002,-1.178060e+000
6.479755e+002,-9.287169e-001
6.489398e+002,-7.034778e-001
6.499040e+002,-4.249166e-001
6.508682e+002,-4.102200e-002
6.518325e+002,4.863141e-001
6.527968e+002,1.152005e+000
6.537610e+002,1.897727e+000
6.547252e+002,2.624836e+000
6.556895e+002,3.223475e+000
6.566537e+002,3.605130e+000
6.576180e+002,3.725945e+000
6.585822e+002,3.593864e+000
6.595465e+002,3.260179e+000
6.605107e+002,2.801558e+000
6.614750e+002,2.300409e+000
6.624392e+002,1.829236e+000
6.634035e+002,1.440888e+000
6.643677e+002,1.163901e+000
6.653320e+002,1.001447e+000
6.662963e+002,9.334000e-001
6.672605e+002,9.221545e-001
6.682247e+002,9.227055e-001
6.691890e+002,8.955849e-001
6.701532e+002,8.191077e-001
6.711175e+002,6.962334e-001
6.720817e+002,5.526803e-001
6.730460e+002,4.262348e-001
6.740103e+002,3.510556e-001
6.749745e+002,3.431008e-001
6.759387e+002,3.923655e-001
6.769030e+002,4.647963e-001
6.778672e+002,5.127743e-001
6.788315e+002,4.901218e-001
6.797957e+002,4.005238e-001
6.807599e+002,2.178878e-001
6.817242e+002,-4.777050e-002
6.826885e+002,-3.580720e-001
6.836527e+002,-6.503136e-001
6.846169e+002,-8.478810e-001
6.855812e+002,-8.762044e-001
6.865455e+002,-6.819071e-001
6.875097e+002,-2.509667e-001
6.884740e+002,3.794982e-001
6.894382e+002,1.120773e+000
6.904025e+002,1.845842e+000
6.913667e+002,2.414783e+000
6.923309e+002,2.706370e+000
6.932952e+002,2.647251e+000
6.942595e+002,2.230338e+000
6.952237e+002,1.517164e+000
6.961880e+002,6.238788e-001
6.971522e+002,-3.045727e-001
6.981165e+002,-1.124719e+000
6.990807e+002,-1.721681e+000
7.000449e+002,-2.027738e+000
7.010092e+002,-2.030013e+000
7.019734e+002,-1.767769e+000
7.029377e+002,-1.321372e+000
7.039020e+002,-7.954806e-001
7.048662e+002,-2.991049e-001
7.058304e+002,7.450947e-002
7.067947e+002,2.646371e-001
7.077589e+002,2.527533e-001
7.087232e+002,6.226677e-002
7.096874e+002,-2.521120e-001
7.106517e+002,-6.122750e-001
7.116160e+002,-9.687281e-001
7.125802e+002,-1.281562e+000
7.135444e+002,-1.536413e+000
7.145087e+002,-1.739846e+000
7.154730e+002,-1.908095e+000
7.164372e+002,-2.054801e+000
7.174014e+002,-2.183201e+000
7.183657e+002,-2.285517e+000
7.193300e+002,-2.348457e+000
7.202942e+002,-2.360743e+000
7.212584e+002,-2.317964e+000
7.222227e+002,-2.222023e+000
7.231870e+002,-2.075924e+000
7.241512e+002,-1.877596e+000
7.251154e+002,-1.617266e+000
7.260797e+002,-1.281065e+000
7.270439e+002,-8.600059e-001
7.280082e+002,-3.602004e-001
7.289724e+002,1.911371e-001
7.299366e+002,7.477353e-001
7.309009e+002,1.254552e+000
7.318652e+002,1.662662e+000
7.328294e+002,1.942818e+000
7.337937e+002,2.092343e+000
7.347579e+002,2.132871e+000
7.357222e+002,2.100479e+000
7.366864e+002,2.032541e+000
7.376507e+002,1.956481e+000
7.386149e+002,1.884108e+000
7.395792e+002,1.812336e+000
7.405435e+002,1.728689e+000
7.415077e+002,1.638341e+000
7.424719e+002,1.514504e+000
7.434362e+002,1.348875e+000
7.444004e+002,1.140516e+000
7.453647e+002,8.960460e-001
7.463289e+002,6.288132e-001
7.472932e+002,3.571283e-001
7.482574e+002,1.015356e-001
7.492217e+002,-1.183614e-001
7.501859e+002,-2.864525e-001
7.511501e+002,-3.910176e-001
7.521144e+002,-4.239270e-001
7.530787e+002,-3.794193e-001
7.540429e+002,-2.545167e-001
7.550071e+002,-5.263719e-002
7.559714e+002,2.102558e-001
7.569357e+002,4.999976e-001
7.578999e+002,7.634859e-001
7.588641e+002,9.361183e-001
7.598284e+002,9.571820e-001
7.607927e+002,7.885735e-001
7.617569e+002,4.293868e-001
7.627212e+002,-8.047710e-002
7.636854e+002,-6.702237e-001
7.646497e+002,-1.258178e+000
7.656139e+002,-1.773580e+000
7.665781e+002,-2.171008e+000
7.675424e+002,-2.432078e+000
7.685067e+002,-2.555710e+000
7.694709e+002,-2.544152e+000
7.704352e+002,-2.394146e+000
7.713994e+002,-2.099106e+000
7.723636e+002,-1.643948e+000
7.733279e+002,-1.072434e+000
7.742921e+002,-4.534968e-001
7.752564e+002,1.182202e-001
7.762206e+002,5.545536e-001
7.771849e+002,8.092449e-001
7.781492e+002,8.977908e-001
7.791134e+002,8.900113e-001
7.800776e+002,8.775936e-001
7.810419e+002,9.321231e-001
7.820061e+002,1.074220e+000
7.829704e+002,1.268469e+000
7.839346e+002,1.445112e+000
7.848989e+002,1.535956e+000
7.858632e+002,1.505575e+000
7.868274e+002,1.363284e+000
7.877916e+002,1.152779e+000
7.887559e+002,9.283205e-001
7.897201e+002,7.319134e-001
7.906844e+002,5.826926e-001
7.916486e+002,4.806094e-001
7.926129e+002,4.178252e-001
7.935771e+002,3.880275e-001
7.945414e+002,3.878168e-001
7.955056e+002,4.115873e-001
7.964698e+002,4.468427e-001
7.974341e+002,4.763223e-001
7.983984e+002,4.876398e-001
7.993627e+002,4.839737e-001
8.003269e+002,4.867385e-001
8.012911e+002,5.250584e-001
8.022554e+002,6.156476e-001
8.032196e+002,6.396635e-001
8.041838e+002,6.630442e-001
8.051481e+002,6.406886e-001
8.061124e+002,5.431406e-001
8.070767e+002,3.779976e-001
8.080409e+002,1.953575e-001
8.090051e+002,7.197752e-002
8.099694e+002,7.949147e-002
8.109336e+002,2.506009e-001
8.118978e+002,5.593283e-001
8.128621e+002,9.255819e-001
8.138264e+002,1.243162e+000
8.147906e+002,1.419311e+000
8.157549e+002,1.408489e+000
8.167191e+002,1.225906e+000
8.176833e+002,9.358925e-001
8.186476e+002,6.219188e-001
8.196118e+002,3.529269e-001
8.205761e+002,1.612225e-001
8.215404e+002,4.043019e-002
8.225046e+002,-3.834432e-002
8.234689e+002,-1.026704e-001
8.244331e+002,-1.606571e-001
8.253973e+002,-1.977315e-001
8.263616e+002,-1.891609e-001
8.273259e+002,-1.205872e-001
8.282901e+002,-4.821844e-003
8.292544e+002,1.148695e-001
8.302186e+002,1.778660e-001
8.311829e+002,1.304050e-001
8.321471e+002,-4.980577e-002
8.331113e+002,-3.396624e-001
8.340756e+002,-6.768668e-001
8.350399e+002,-9.696311e-001
8.360041e+002,-1.134751e+000
8.369684e+002,-1.121133e+000
8.379326e+002,-9.248629e-001
8.388969e+002,-5.890082e-001
8.398611e+002,-1.897693e-001
8.408253e+002,1.853393e-001
8.417896e+002,4.598130e-001
8.427538e+002,5.847327e-001
8.437181e+002,5.460334e-001
8.446824e+002,3.621926e-001
8.456466e+002,7.464632e-002
8.466108e+002,-2.653123e-001
8.475751e+002,-6.092328e-001
8.485393e+002,-9.207038e-001
8.495036e+002,-1.179345e+000
8.504678e+002,-1.379620e+000
8.514321e+002,-1.525922e+000
8.523964e+002,-1.626179e+000
8.533606e+002,-1.686415e+000
8.543248e+002,-1.707869e+000
8.552891e+002,-1.687175e+000
8.562533e+002,-1.619067e+000
8.572176e+002,-1.500354e+000
8.581818e+002,-1.333879e+000
8.591461e+002,-1.131461e+000
8.601104e+002,-9.151037e-001
8.610746e+002,-7.158427e-001
8.620388e+002,-5.696465e-001
8.630031e+002,-5.102411e-001
8.639673e+002,-5.595910e-001
8.649316e+002,-7.165887e-001
8.658958e+002,-9.557360e-001
8.668601e+002,-1.224643e+000
8.678243e+002,-1.455395e+000
8.687886e+002,-1.582455e+000
8.697528e+002,-1.562956e+000
8.707170e+002,-1.391901e+000
8.716813e+002,-1.105371e+000
8.726456e+002,-7.688417e-001
8.736099e+002,-4.539398e-001
8.745741e+002,-2.120135e-001
8.755383e+002,-5.543521e-002
8.765026e+002,4.540638e-002
8.774668e+002,1.476478e-001
8.784310e+002,3.099889e-001
8.793953e+002,5.662119e-001
8.803596e+002,9.093921e-001
8.813239e+002,1.293086e+000
8.822881e+002,1.648082e+000
8.832523e+002,1.906453e+000
8.842166e+002,2.022309e+000
8.851808e+002,1.981253e+000
8.861450e+002,1.796892e+000
8.871093e+002,1.499460e+000
8.880735e+002,1.124587e+000
8.890378e+002,7.087911e-001
8.900021e+002,2.926412e-001
8.909663e+002,-7.311852e-002
8.919305e+002,-3.260743e-001
8.928948e+002,-4.008656e-001
8.938590e+002,-2.475650e-001
8.948233e+002,1.472200e-001
8.957876e+002,7.471096e-001
8.967518e+002,1.468352e+000
8.977161e+002,2.199517e+000
8.986803e+002,2.832316e+000
8.996445e+002,3.290724e+000
9.006088e+002,3.546772e+000
9.015731e+002,3.617373e+000
9.025373e+002,3.545220e+000
9.035016e+002,3.374088e+000
9.044658e+002,3.130671e+000
9.054301e+002,2.820980e+000
9.063943e+002,2.441258e+000
9.073585e+002,1.995799e+000
9.083228e+002,1.510617e+000
9.092870e+002,1.034565e+000
9.102513e+002,6.262605e-001
9.112156e+002,3.330048e-001
9.121798e+002,1.720696e-001
9.131440e+002,1.238502e-001
9.141083e+002,1.405787e-001
9.150725e+002,1.668422e-001
9.160367e+002,1.627045e-001
9.170010e+002,1.193688e-001
9.179653e+002,6.091254e-002
9.189296e+002,3.221131e-002
9.198938e+002,7.864038e-002
9.208580e+002,2.261571e-001
9.218223e+002,4.690224e-001
9.227865e+002,7.688909e-001
9.237508e+002,1.064272e+000
9.247150e+002,1.286429e+000
9.256793e+002,1.376485e+000
9.266436e+002,1.298174e+000
9.276078e+002,1.048593e+000
9.285720e+002,6.584758e-001
9.295363e+002,1.849727e-001
9.305005e+002,-3.011821e-001
9.314648e+002,-7.318228e-001
9.324290e+002,-1.056757e+000
9.333933e+002,-1.253931e+000
9.343575e+002,-1.330826e+000
9.353218e+002,-1.316405e+000
9.362860e+002,-1.246481e+000
9.372502e+002,-1.148317e+000
9.382145e+002,-1.030773e+000
9.391788e+002,-8.840387e-001
9.401430e+002,-6.885140e-001
9.411073e+002,-4.281572e-001
9.420715e+002,-1.014928e-001
9.430358e+002,2.750716e-001
9.440000e+002,6.728926e-001
9.449642e+002,1.062192e+000
9.459285e+002,1.422325e+000
9.468928e+002,1.745637e+000
9.478571e+002,2.033135e+000
9.488213e+002,2.284935e+000
9.497855e+002,2.491475e+000
9.507498e+002,2.631067e+000
9.517140e+002,2.675717e+000
9.526782e+002,2.602380e+000
9.536425e+002,2.403757e+000
9.546068e+002,2.092952e+000
9.555710e+002,1.699962e+000
9.565353e+002,1.262485e+000
9.574995e+002,8.261096e-001
9.584637e+002,3.697765e-001
9.594280e+002,-9.933336e-002
9.603922e+002,-5.656320e-001
9.613565e+002,-9.951915e-001
9.623207e+002,-1.336259e+000
9.632850e+002,-1.532202e+000
9.642493e+002,-1.541838e+000
9.652135e+002,-1.357514e+000
9.661777e+002,-1.011844e+000
9.671420e+002,-5.696379e-001
9.681062e+002,-1.087674e-001
9.690705e+002,3.011806e-001
9.700348e+002,6.135743e-001
9.709990e+002,8.084216e-001
9.719633e+002,8.869032e-001
9.729275e+002,8.627585e-001
9.738917e+002,7.563581e-001
9.748560e+002,5.934825e-001
9.758203e+002,4.062857e-001
9.767845e+002,2.318362e-001
9.777488e+002,1.053000e-001
9.787130e+002,4.921301e-002
9.796772e+002,6.416541e-002
9.806415e+002,1.268929e-001
9.816057e+002,1.985618e-001
9.825699e+002,2.405146e-001
9.835342e+002,2.306653e-001
9.844985e+002,1.730334e-001
9.854628e+002,9.649158e-002
9.864270e+002,4.411263e-002
9.873912e+002,5.865184e-002
9.883555e+002,1.646303e-001
9.893197e+002,3.715938e-001
9.902839e+002,6.757205e-001
9.912482e+002,1.058245e+000
9.922125e+002,1.487474e+000
9.931768e+002,1.921557e+000
9.941410e+002,2.313025e+000
9.951052e+002,2.615836e+000
9.960695e+002,2.793898e+000
9.970337e+002,2.828219e+000
9.979980e+002,2.719270e+000
9.989622e+002,2.483039e+000
9.999265e+002,2.142466e+000
1.000891e+003,1.718936e+000
1.001855e+003,1.228892e+000
1.002819e+003,6.880194e-001
1.003783e+003,1.207480e-001
1.004748e+003,-4.309702e-001
1.005712e+003,-9.064782e-001
1.006676e+003,-1.236358e+000
1.007641e+003,-1.361359e+000
1.008605e+003,-1.253146e+000
1.009569e+003,-9.280856e-001
1.010533e+003,-4.480318e-001
1.011497e+003,9.222117e-002
1.012462e+003,5.858886e-001
1.013426e+003,9.361686e-001
1.014390e+003,1.073384e+000
1.015354e+003,9.650708e-001
1.016319e+003,6.201746e-001
1.017283e+003,8.899710e-002
1.018247e+003,-5.410615e-001
1.019211e+003,-1.174849e+000
1.020176e+003,-1.682162e+000
1.021140e+003,-1.975392e+000
1.022104e+003,-2.012535e+000
1.023068e+003,-1.811751e+000
1.024033e+003,-1.448786e+000
1.024997e+003,-1.035073e+000
1.025961e+003,-6.823711e-001
1.026925e+003,-4.665831e-001
1.027890e+003,-4.050267e-001
1.028854e+003,-4.566420e-001
1.029818e+003,-5.447856e-001
1.030782e+003,-5.924296e-001
1.031747e+003,-5.539932e-001
1.032711e+003,-4.301859e-001
1.033675e+003,-2.605031e-001
1.034639e+003,-9.889792e-002
1.035604e+003,1.424013e-002
1.036568e+003,6.973997e-002
1.037532e+003,8.905814e-002
1.038496e+003,1.072192e-001
1.039461e+003,1.493286e-001
1.040425e+003,2.132313e-001
1.041389e+003,2.669109e-001
1.042353e+003,2.610644e-001
1.043318e+003,1.497583e-001
1.044282e+003,-9.118307e-002
1.045246e+003,-4.558529e-001
1.046210e+003,-9.116517e-001
1.047175e+003,-1.409868e+000
1.048139e+003,-1.896571e+000
1.049103e+003,-2.318890e+000
1.050067e+003,-2.629053e+000
1.051032e+003,-2.778859e+000
1.051996e+003,-2.732785e+000
1.052960e+003,-2.477616e+000
1.053924e+003,-2.035009e+000
1.054889e+003,-1.466893e+000
1.055853e+003,-8.670089e-001
1.056817e+003,-3.379741e-001
1.057781e+003,3.884574e-002
1.058746e+003,2.283199e-001
1.059710e+003,2.497190e-001
1.060674e+003,1.635750e-001
1.061638e+003,4.260186e-002
1.062603e+003,-5.995783e-002
1.063567e+003,-1.299384e-001
1.064531e+003,-1.908769e-001
1.065495e+003,-2.834234e-001
1.066460e+003,-4.367157e-001
1.067424e+003,-6.468803e-001
1.068388e+003,-8.737873e-001
1.069352e+003,-1.057638e+000
1.070317e+003,-1.146786e+000
1.071281e+003,-1.122529e+000
1.072245e+003,-1.008524e+000
1.073209e+003,-8.604958e-001
1.074174e+003,-7.417628e-001
1.075138e+003,-6.968081e-001
1.076102e+003,-7.350843e-001
1.077066e+003,-8.314752e-001
1.078031e+003,-9.410125e-001
1.078995e+003,-1.019201e+000
1.079959e+003,-1.037706e+000
1.080923e+003,-9.908277e-001
1.081888e+003,-8.824534e-001
1.082852e+003,-7.270865e-001
1.083816e+003,-5.409052e-001
1.084780e+003,-3.399406e-001
1.085745e+003,-1.418505e-001
1.086709e+003,3.237166e-002
1.087673e+003,1.603609e-001
1.088637e+003,2.245231e-001
1.089602e+003,2.194282e-001
1.090566e+003,1.558099e-001
1.091530e+003,5.822897e-002
1.092494e+003,-4.295018e-002
1.093459e+003,-1.207805e-001
1.094423e+003,-1.567874e-001
1.095387e+003,-1.389719e-001
1.096351e+003,-5.469850e-002
1.097316e+003,1.155368e-001
1.098280e+003,3.968673e-001
1.099244e+003,8.085097e-001
1.100208e+003,1.345505e+000
1.101173e+003,1.962877e+000
1.102137e+003,2.572537e+000
1.103101e+003,3.058796e+000
1.104065e+003,3.309881e+000
1.105030e+003,3.254604e+000
1.105994e+003,2.889302e+000
1.106958e+003,2.283138e+000
1.107922e+003,1.558461e+000
1.108887e+003,8.533658e-001
1.109851e+003,2.810198e-001
1.110815e+003,-9.880108e-002
1.111779e+003,-3.679561e-001
1.112744e+003,-4.530218e-001
1.113708e+003,-4.170031e-001
1.114672e+003,-3.189027e-001
1.115636e+003,-1.991637e-001
1.116601e+003,-7.752266e-002
1.117565e+003,4.257528e-002
1.118529e+003,1.691082e-001
1.119493e+003,3.183922e-001
1.120458e+003,5.115505e-001
1.121422e+003,7.673236e-001
1.122386e+003,1.090849e+000
1.123350e+003,1.462495e+000
1.124315e+003,1.833557e+000
1.125279e+003,2.133675e+000
1.126243e+003,2.289671e+000
1.127207e+003,2.249420e+000
1.128172e+003,2.001202e+000
1.129136e+003,1.580803e+000
1.130100e+003,1.063694e+000
1.131064e+003,5.459257e-001
1.132029e+003,1.208966e-001
1.132993e+003,-1.406241e-001
1.133957e+003,-2.028131e-001
1.134921e+003,-6.852792e-002
1.135886e+003,2.241143e-001
1.136850e+003,6.103731e-001
1.137814e+003,1.011217e+000
1.138778e+003,1.348015e+000
1.139743e+003,1.557506e+000
1.140707e+003,1.603918e+000
1.141671e+003,1.484801e+000
1.142635e+003,1.273962e+000
1.143600e+003,9.552844e-001
1.144564e+003,5.812194e-001
1.145528e+003,2.016481e-001
1.146492e+003,-1.450520e-001
1.147457e+003,-4.337994e-001
1.148421e+003,-6.495993e-001
1.149385e+003,-7.836993e-001
1.150349e+003,-8.325174e-001
1.151314e+003,-7.999618e-001
1.152278e+003,-7.005175e-001
1.153242e+003,-5.595026e-001
1.154206e+003,-4.082074e-001
1.155171e+003,-2.750480e-001
1.156135e+003,-1.765330e-001
1.157099e+003,-1.127083e-001
1.158063e+003,-6.950569e-002
1.159028e+003,-2.683443e-002
1.159992e+003,3.191699e-002
1.160956e+003,1.140151e-001
1.161920e+003,2.178185e-001
1.162885e+003,3.384472e-001
1.163849e+003,4.742317e-001
1.164813e+003,6.289584e-001
1.165777e+003,8.074359e-001
1.166742e+003,1.006238e+000
1.167706e+003,1.205055e+000
1.168670e+003,1.364871e+000
1.169634e+003,1.436291e+000
1.170599e+003,1.376332e+000
1.171563e+003,1.167187e+000
1.172527e+003,8.286613e-001
1.173491e+003,4.119637e-001
1.174456e+003,5.909607e-003
1.175420e+003,-3.052290e-001
1.176384e+003,-4.588891e-001
1.177348e+003,-4.296939e-001
1.178313e+003,-2.318144e-001
1.179277e+003,9.116089e-002
1.180241e+003,4.833138e-001
1.181205e+003,8.927202e-001
1.182170e+003,1.280728e+000
1.183134e+003,1.622006e+000
1.184098e+003,1.897776e+000
1.185062e+003,2.087655e+000
1.186027e+003,2.165746e+000
1.186991e+003,2.104223e+000
1.187955e+003,1.883752e+000
1.188919e+003,1.506660e+000
1.189884e+003,1.006986e+000
1.190848e+003,4.521173e-001
1.191812e+003,-6.654846e-002
1.192776e+003,-4.527220e-001
1.193741e+003,-6.291420e-001
1.194705e+003,-5.590924e-001
1.195669e+003,-2.582018e-001
1.196633e+003,2.082236e-001
1.197598e+003,7.426395e-001
1.198562e+003,1.242553e+000
1.199526e+003,1.628826e+000
1.200490e+003,1.865125e+000
1.201455e+003,1.961461e+000
1.202419e+003,1.960655e+000
1.203383e+003,1.913453e+000
1.204347e+003,1.846987e+000
1.205312e+003,1.771500e+000
1.206276e+003,1.661459e+000
1.207240e+003,1.477523e+000
1.208204e+003,1.191657e+000
1.209169e+003,8.082080e-001
1.210133e+003,3.701876e-001
1.211097e+003,-5.316618e-002
1.212061e+003,-3.925589e-001
1.213026e+003,-6.066518e-001
1.213990e+003,-6.987480e-001
1.214954e+003,-7.140399e-001
1.215918e+003,-7.184051e-001
1.216883e+003,-7.685180e-001
1.217847e+003,-8.872606e-001
1.218811e+003,-1.055764e+000
1.219775e+003,-1.225448e+000
1.220740e+003,-1.343781e+000
1.221704e+003,-1.381058e+000
1.222668e+003,-1.345280e+000
1.223632e+003,-1.278357e+000
1.224597e+003,-1.235887e+000
1.225561e+003,-1.260724e+000
1.226525e+003,-1.362918e+000
1.227489e+003,-1.515145e+000
1.228453e+003,-1.664774e+000
1.229418e+003,-1.755912e+000
1.230382e+003,-1.750489e+000
1.231346e+003,-1.638971e+000
1.232311e+003,-1.437228e+000
1.233275e+003,-1.173335e+000
1.234239e+003,-8.726935e-001
1.235203e+003,-5.396956e-001
1.236167e+003,-1.775205e-001
1.237132e+003,2.029453e-001
1.238096e+003,5.736021e-001
1.239060e+003,8.866655e-001
1.240025e+003,1.084595e+000
1.240989e+003,1.119012e+000
1.241953e+003,9.703672e-001
1.242917e+003,6.590139e-001
1.243882e+003,2.420294e-001
1.244846e+003,-2.036343e-001
1.245810e+003,-6.050707e-001
1.246774e+003,-9.147677e-001
1.247739e+003,-1.121105e+000
1.248703e+003,-1.244513e+000
1.249667e+003,-1.322016e+000
1.250631e+003,-1.387491e+000
1.251596e+003,-1.456306e+000
1.252560e+003,-1.520465e+000
1.253524e+003,-1.555299e+000
1.254488e+003,-1.533553e+000
1.255453e+003,-1.439519e+000
1.256417e+003,-1.276382e+000
1.257381e+003,-1.063409e+000
1.258345e+003,-8.248319e-001
1.259310e+003,-5.764201e-001
1.260274e+003,-3.170091e-001
1.261238e+003,-2.991940e-002
1.262202e+003,3.057435e-001
1.263167e+003,6.990433e-001
1.264131e+003,1.134454e+000
1.265095e+003,1.569376e+000
1.266059e+003,1.916194e+000
1.267024e+003,2.150386e+000
1.267988e+003,2.242682e+000
1.268952e+003,2.195400e+000
1.269916e+003,2.041122e+000
1.270880e+003,1.829701e+000
1.271845e+003,1.609621e+000
1.272809e+003,1.412076e+000
1.273773e+003,1.244356e+000
1.274738e+003,1.094454e+000
1.275702e+003,9.434266e-001
1.276666e+003,7.787417e-001
1.277630e+003,6.021546e-001
1.278594e+003,4.289412e-001
1.279559e+003,2.799615e-001
1.280523e+003,1.714566e-001
1.281487e+003,1.080988e-001
1.282452e+003,8.261523e-002
1.283416e+003,8.157393e-002
1.284380e+003,9.387699e-002
1.285344e+003,1.173113e-001
1.286308e+003,1.600174e-001
1.287273e+003,2.364259e-001
1.288237e+003,3.598835e-001
1.289201e+003,5.354475e-001
1.290166e+003,7.556483e-001
1.291130e+003,1.000455e+000
1.292094e+003,1.240798e+000
1.293058e+003,1.444231e+000
1.294022e+003,1.581306e+000
1.294987e+003,1.631865e+000
1.295951e+003,1.590606e+000
1.296915e+003,1.464040e+000
1.297880e+003,1.288180e+000
1.298844e+003,1.113840e+000
1.299808e+003,9.975858e-001
1.300772e+003,9.861175e-001
1.301736e+003,1.100665e+000
1.302701e+003,1.327403e+000
1.303665e+003,1.618793e+000
1.304629e+003,1.907053e+000
1.305594e+003,2.125973e+000
1.306558e+003,2.233283e+000
1.307522e+003,2.224849e+000
1.308486e+003,2.134692e+000
1.309450e+003,2.020467e+000
1.310415e+003,1.939836e+000
1.311379e+003,1.926944e+000
1.312343e+003,1.978013e+000
1.313307e+003,2.051391e+000
1.314272e+003,2.081617e+000
1.315236e+003,2.002087e+000
1.316200e+003,1.768219e+000
1.317164e+003,1.373714e+000
1.318129e+003,8.555260e-001
1.319093e+003,2.870554e-001
1.320057e+003,-2.377759e-001
1.321021e+003,-6.251832e-001
1.321986e+003,-8.023292e-001
1.322950e+003,-7.341583e-001
1.323914e+003,-4.330708e-001
1.324878e+003,4.101367e-002
1.325843e+003,5.909747e-001
1.326807e+003,1.102082e+000
1.327771e+003,1.465173e+000
1.328735e+003,1.603137e+000
1.329700e+003,1.488577e+000
1.330664e+003,1.149413e+000
1.331628e+003,6.595485e-001
1.332592e+003,1.179549e-001
1.333557e+003,-3.770204e-001
1.334521e+003,-7.498392e-001
1.335485e+003,-9.600958e-001
1.336449e+003,-1.002753e+000
1.337414e+003,-8.988588e-001
1.338378e+003,-6.823233e-001
1.339342e+003,-3.886613e-001
1.340307e+003,-4.921114e-002
1.341271e+003,3.090300e-001
1.342235e+003,6.607059e-001
1.343199e+003,9.799654e-001
1.344163e+003,1.241183e+000
1.345128e+003,1.422395e+000
1.346092e+003,1.509641e+000
1.347056e+003,1.499721e+000
1.348021e+003,1.400175e+000
1.348985e+003,1.226853e+000
1.349949e+003,1.000766e+000
1.350913e+003,7.456812e-001
1.351877e+003,4.869472e-001
1.352842e+003,2.504266e-001
1.353806e+003,6.008774e-002
1.354770e+003,-6.658101e-002
1.355734e+003,-1.241440e-001
1.356699e+003,-1.231977e-001
1.357663e+003,-8.963811e-002
1.358627e+003,-5.207258e-002
1.359591e+003,-4.850805e-002
1.360556e+003,-9.628379e-002
1.361520e+003,-1.887770e-001
1.362484e+003,-2.959502e-001
1.363448e+003,-3.742368e-001
1.364413e+003,-3.824652e-001
1.365377e+003,-2.976565e-001
1.366341e+003,-1.245077e-001
1.367305e+003,1.052591e-001
1.368270e+003,3.433366e-001
1.369234e+003,5.409443e-001
1.370198e+003,6.645244e-001
1.371162e+003,7.054307e-001
1.372127e+003,6.805382e-001
1.373091e+003,6.242198e-001
1.374055e+003,5.749134e-001
1.375019e+003,5.612152e-001
1.375984e+003,5.919983e-001
1.376948e+003,6.537526e-001
1.377912e+003,7.158879e-001
1.378876e+003,7.424466e-001
1.379841e+003,7.066199e-001
1.380805e+003,6.033905e-001
1.381769e+003,4.556693e-001
1.382733e+003,3.110413e-001
1.383698e+003,2.290058e-001
1.384662e+003,2.621612e-001
1.385626e+003,4.374463e-001
1.386590e+003,7.443701e-001
1.387555e+003,1.135107e+000
1.388519e+003,1.537162e+000
1.389483e+003,1.871965e+000
1.390447e+003,2.082609e+000
1.391412e+003,2.143053e+000
1.392376e+003,2.061770e+000
1.393340e+003,1.872711e+000
1.394304e+003,1.619906e+000
1.395269e+003,1.343366e+000
1.396233e+003,1.072424e+000
1.397197e+003,8.282349e-001
1.398161e+003,6.317409e-001
1.399126e+003,5.103379e-001
1.400090e+003,4.969813e-001
1.401054e+003,6.198559e-001
1.402018e+003,8.865389e-001
1.402983e+003,1.270726e+000
1.403947e+003,1.709786e+000
1.404911e+003,2.117033e+000
1.405875e+003,2.405876e+000
1.406840e+003,2.516860e+000
1.407804e+003,2.436611e+000
1.408768e+003,2.200684e+000
1.409732e+003,1.879047e+000
1.410697e+003,1.550415e+000
1.411661e+003,1.276145e+000
1.412625e+003,1.083901e+000
1.413589e+003,9.663171e-001
1.414554e+003,8.929660e-001
1.415518e+003,8.283478e-001
1.416482e+003,7.471854e-001
1.417446e+003,6.409756e-001
1.418411e+003,5.150163e-001
1.419375e+003,3.800343e-001
1.420339e+003,2.409310e-001
1.421303e+003,1.001823e-001
1.422268e+003,-3.857416e-002
1.423232e+003,-1.679840e-001
1.424196e+003,-2.744613e-001
1.425160e+003,-3.402197e-001
1.426125e+003,-3.492083e-001
1.427089e+003,-2.935830e-001
1.428053e+003,-1.766127e-001
1.429017e+003,-9.866595e-003
1.429982e+003,1.941274e-001
1.430946e+003,4.294020e-001
1.431910e+003,6.993366e-001
1.432874e+003,1.011816e+000
1.433839e+003,1.368045e+000
1.434803e+003,1.750191e+000
1.435767e+003,2.114729e+000
1.436731e+003,2.396573e+000
1.437696e+003,2.524579e+000
1.438660e+003,2.443781e+000
1.439624e+003,2.136147e+000
1.440588e+003,1.631500e+000
1.441553e+003,1.003698e+000
1.442517e+003,3.527832e-001
1.443481e+003,-2.208498e-001
1.444445e+003,-6.413131e-001
1.445410e+003,-8.728236e-001
1.446374e+003,-9.216419e-001
1.447338e+003,-8.250988e-001
1.448302e+003,-6.332286e-001
1.449267e+003,-3.904954e-001
1.450231e+003,-1.243059e-001
1.451195e+003,1.643248e-001
1.452159e+003,4.697560e-001
1.453124e+003,7.860209e-001
1.454088e+003,1.097474e+000
1.455052e+003,1.376259e+000
1.456016e+003,1.586735e+000
1.456981e+003,1.695095e+000
1.457945e+003,1.679976e+000
1.458909e+003,1.539404e+000
1.459873e+003,1.290990e+000
1.460838e+003,9.652476e-001
1.461802e+003,5.949649e-001
1.462766e+003,2.054839e-001
1.463730e+003,-1.897763e-001
1.464695e+003,-5.865447e-001
1.465659e+003,-9.812597e-001
1.466623e+003,-1.361357e+000
1.467587e+003,-1.699621e+000
1.468552e+003,-1.956292e+000
1.469516e+003,-2.089035e+000
1.470480e+003,-2.067143e+000
1.471444e+003,-1.884108e+000
1.472409e+003,-1.562929e+000
1.473373e+003,-1.151594e+000
1.474337e+003,-7.100565e-001
1.475301e+003,-2.936482e-001
1.476266e+003,6.102023e-002
1.477230e+003,3.428220e-001
1.478194e+003,5.640390e-001
1.479158e+003,7.513545e-001
1.480123e+003,9.341348e-001
1.481087e+003,1.134342e+000
1.482051e+003,1.354961e+000
1.483015e+003,1.596638e+000
1.483980e+003,1.842935e+000
1.484944e+003,2.069229e+000
1.485908e+003,2.246550e+000
1.486872e+003,2.345545e+000
1.487837e+003,2.341049e+000
1.488801e+003,2.217631e+000
1.489765e+003,1.975399e+000
1.490729e+003,1.634355e+000
1.491694e+003,1.235147e+000
1.492658e+003,8.346981e-001
1.493622e+003,4.968564e-001
1.494586e+003,2.799752e-001
1.495551e+003,2.246064e-001
1.496515e+003,3.445543e-001
1.497479e+003,6.235214e-001
1.498443e+003,1.017892e+000
1.499408e+003,1.464510e+000
1.500372e+003,1.891419e+000
1.501336e+003,2.229251e+000
1.502300e+003,2.421517e+000
1.503265e+003,2.432592e+000
1.504229e+003,2.252858e+000
1.505193e+003,1.900505e+000
1.506157e+003,1.419721e+000
1.507122e+003,8.750073e-001
1.508086e+003,3.417954e-001
1.509050e+003,-1.057213e-001
1.510014e+003,-4.078197e-001
1.510979e+003,-5.309662e-001
1.511943e+003,-4.752626e-001
1.512907e+003,-2.646368e-001
1.513871e+003,2.602588e-002
1.514836e+003,3.222761e-001
1.515800e+003,5.524890e-001
1.516764e+003,6.661144e-001
1.517728e+003,6.471880e-001
1.518693e+003,5.186011e-001
1.519657e+003,3.351840e-001
1.520621e+003,1.670493e-001
1.521585e+003,7.803523e-002
1.522550e+003,1.058371e-001
1.523514e+003,2.502004e-001
1.524478e+003,4.730305e-001
1.525442e+003,7.104029e-001
1.526406e+003,8.924438e-001
1.527371e+003,9.645507e-001
1.528335e+003,9.030053e-001
1.529299e+003,7.202263e-001
1.530264e+003,4.586093e-001
1.531228e+003,1.758753e-001
1.532192e+003,-7.244983e-002
1.533156e+003,-2.472540e-001
1.534120e+003,-3.324563e-001
1.535085e+003,-3.329503e-001
1.536049e+003,-2.662857e-001
1.537013e+003,-1.525341e-001
1.537978e+003,-6.895170e-003
1.538942e+003,1.622746e-001
1.539906e+003,3.501897e-001
1.540870e+003,5.497568e-001
1.541834e+003,7.466896e-001
1.542799e+003,9.184225e-001
1.543763e+003,9.901724e-001
1.544727e+003,1.009338e+000
1.545692e+003,9.589541e-001
1.546656e+003,8.213931e-001
1.547620e+003,5.842334e-001
1.548584e+003,2.456242e-001
1.549548e+003,-1.824714e-001
1.550513e+003,-6.736730e-001
1.551477e+003,-1.188994e+000
1.552441e+003,-1.680744e+000
1.553406e+003,-2.098495e+000
1.554370e+003,-2.397165e+000
1.555334e+003,-2.546429e+000
1.556298e+003,-2.539207e+000
1.557262e+003,-2.395745e+000
1.558227e+003,-2.160048e+000
1.559191e+003,-1.887669e+000
1.560155e+003,-1.627628e+000
1.561120e+003,-1.404895e+000
1.562084e+003,-1.211005e+000
1.563048e+003,-1.008260e+000
1.564012e+003,-7.475179e-001
1.564977e+003,-3.933311e-001
1.565941e+003,5.403635e-002
1.566905e+003,5.498470e-001
1.567869e+003,1.014619e+000
1.568833e+003,1.359710e+000
1.569798e+003,1.519053e+000
1.570762e+003,1.474205e+000
1.571726e+003,1.262366e+000
1.572691e+003,9.639304e-001
1.573655e+003,6.745574e-001
1.574619e+003,4.864297e-001
1.575583e+003,4.197401e-001
1.576547e+003,4.672960e-001
1.577512e+003,5.838046e-001
1.578476e+003,7.066414e-001
1.579440e+003,7.796185e-001
1.580405e+003,7.708490e-001
1.581369e+003,6.791146e-001
1.582333e+003,5.282552e-001
1.583297e+003,3.535204e-001
1.584261e+003,1.862869e-001
1.585226e+003,4.313910e-002
1.586190e+003,-7.696706e-002
1.587154e+003,-1.872296e-001
1.588119e+003,-3.020814e-001
1.589083e+003,-4.255877e-001
1.590047e+003,-5.440937e-001
1.591011e+003,-6.266289e-001
1.591975e+003,-6.336696e-001
1.592940e+003,-5.318853e-001
1.593904e+003,-3.097093e-001
1.594868e+003,1.219124e-002
1.595833e+003,3.805364e-001
1.596797e+003,7.206002e-001
1.597761e+003,9.564717e-001
1.598725e+003,1.033965e+000
1.599689e+003,9.383799e-001
1.600654e+003,7.005696e-001
1.601618e+003,3.888531e-001
1.602582e+003,8.926517e-002
1.603547e+003,-1.190198e-001
1.604511e+003,-1.849421e-001
1.605475e+003,-1.127395e-001
1.606439e+003,8.916175e-002
1.607403e+003,3.750240e-001
1.608368e+003,6.903369e-001
1.609332e+003,9.870189e-001
1.610296e+003,1.233796e+000
1.611260e+003,1.420163e+000
1.612225e+003,1.554379e+000
1.613189e+003,1.657368e+000
1.614153e+003,1.754389e+000
1.615117e+003,1.866132e+000
1.616082e+003,2.000758e+000
1.617046e+003,2.148741e+000
1.618010e+003,2.282473e+000
1.618974e+003,2.362228e+000
1.619939e+003,2.348026e+000
1.620903e+003,2.214533e+000
1.621867e+003,1.963659e+000
1.622831e+003,1.629234e+000
1.623796e+003,1.270215e+000
1.624760e+003,9.533473e-001
1.625724e+003,7.309545e-001
1.626688e+003,6.224305e-001
1.627653e+003,6.072569e-001
1.628617e+003,6.330717e-001
1.629581e+003,6.358683e-001
1.630545e+003,5.642142e-001
1.631510e+003,3.974862e-001
1.632474e+003,1.508567e-001
1.633438e+003,-1.341451e-001
1.634402e+003,-4.082505e-001
1.635367e+003,-6.331189e-001
1.636331e+003,-7.887882e-001
1.637295e+003,-8.807428e-001
1.638259e+003,-9.190226e-001
1.639224e+003,-9.072113e-001
1.640188e+003,-8.345365e-001
1.641152e+003,-6.786606e-001
1.642116e+003,-4.177932e-001
1.643081e+003,-4.572921e-002
1.644045e+003,4.183997e-001
1.645009e+003,9.311985e-001
1.645973e+003,1.437048e+000
1.646938e+003,1.885712e+000
1.647902e+003,2.247373e+000
1.648866e+003,2.518248e+000
1.649830e+003,2.714654e+000
1.650795e+003,2.858941e+000
1.651759e+003,2.964498e+000
1.652723e+003,3.027016e+000
1.653687e+003,3.025997e+000
1.654652e+003,2.935311e+000
1.655616e+003,2.737721e+000
1.656580e+003,2.436586e+000
1.657544e+003,2.059896e+000
1.658509e+003,1.655311e+000
1.659473e+003,1.278663e+000
1.660437e+003,9.804601e-001
1.661401e+003,7.947149e-001
1.662366e+003,7.327918e-001
1.663330e+003,7.827091e-001
1.664294e+003,9.128723e-001
1.665258e+003,1.078912e+000
1.666223e+003,1.232528e+000
1.667187e+003,1.331104e+000
1.668151e+003,1.348216e+000
1.669115e+003,1.279894e+000
1.670080e+003,1.146791e+000
1.671044e+003,9.889854e-001
1.672008e+003,8.540187e-001
1.672972e+003,7.814133e-001
1.673937e+003,7.889913e-001
1.674901e+003,8.665067e-001
1.675865e+003,9.795220e-001
1.676829e+003,1.082394e+000
1.677794e+003,1.135126e+000
1.678758e+003,1.117032e+000
1.679722e+003,1.031273e+000
1.680686e+003,8.985307e-001
1.681651e+003,7.429919e-001
1.682615e+003,5.775288e-001
1.683579e+003,3.952854e-001
1.684543e+003,1.720049e-001
1.685508e+003,-1.217162e-001
1.686472e+003,-5.037227e-001
1.687436e+003,-9.668192e-001
1.688400e+003,-1.474800e+000
1.689365e+003,-1.969989e+000
1.690329e+003,-2.389154e+000
1.691293e+003,-2.681079e+000
1.692257e+003,-2.818668e+000
1.693222e+003,-2.801116e+000
1.694186e+003,-2.646373e+000
1.695150e+003,-2.378319e+000
1.696114e+003,-2.015087e+000
1.697079e+003,-1.563870e+000
1.698043e+003,-1.023654e+000
1.699007e+003,-3.965675e-001
1.699971e+003,3.036239e-001
1.700936e+003,1.044369e+000
1.701900e+003,1.775551e+000
1.702864e+003,2.438147e+000
1.703828e+003,2.976868e+000
1.704793e+003,3.351814e+000
1.705757e+003,3.544885e+000
1.706721e+003,3.559317e+000
1.707685e+003,3.413785e+000
1.708650e+003,3.134808e+000
1.709614e+003,2.751418e+000
1.710578e+003,2.294336e+000
1.711542e+003,1.799100e+000
1.712507e+003,1.309971e+000
1.713471e+003,8.804643e-001
1.714435e+003,5.675312e-001
1.715399e+003,4.193036e-001
1.716364e+003,4.598848e-001
1.717328e+003,6.769934e-001
1.718292e+003,1.018292e+000
1.719256e+003,1.399700e+000
1.720221e+003,1.724652e+000
1.721185e+003,1.908864e+000
1.722149e+003,1.902630e+000
1.723113e+003,1.703044e+000
1.724078e+003,1.352074e+000
1.725042e+003,9.214412e-001
1.726006e+003,4.900804e-001
1.726970e+003,1.224602e-001
1.727935e+003,-1.447802e-001
1.728899e+003,-3.046440e-001
1.729863e+003,-3.686478e-001
1.730827e+003,-3.534812e-001
1.731792e+003,-2.676895e-001
1.732756e+003,-1.065965e-001
1.733720e+003,1.427948e-001
1.734684e+003,4.892266e-001
1.735649e+003,9.226269e-001
1.736613e+003,1.404215e+000
1.737577e+003,1.866301e+000
1.738541e+003,2.223225e+000
1.739506e+003,2.391094e+000
1.740470e+003,2.310806e+000
1.741434e+003,1.967717e+000
1.742398e+003,1.401946e+000
1.743363e+003,7.057047e-001
1.744327e+003,7.196814e-003
1.745291e+003,-5.559243e-001
1.746255e+003,-8.676986e-001
1.747220e+003,-8.619604e-001
1.748184e+003,-5.397527e-001
1.749148e+003,2.953729e-002
1.750112e+003,7.249284e-001
1.751077e+003,1.404953e+000
1.752041e+003,1.944850e+000
1.753005e+003,2.268952e+000
1.753969e+003,2.368089e+000
1.754934e+003,2.296355e+000
1.755898e+003,2.148275e+000
1.756862e+003,2.024323e+000
1.757826e+003,1.996793e+000
1.758791e+003,2.087921e+000
1.759755e+003,2.266013e+000
1.760719e+003,2.466273e+000
1.761683e+003,2.614561e+000
1.762648e+003,2.657727e+000
1.763612e+003,2.582114e+000
1.764576e+003,2.415964e+000
1.765540e+003,2.216779e+000
1.766505e+003,2.050429e+000
1.767469e+003,1.971111e+000
1.768433e+003,2.009496e+000
1.769397e+003,2.171612e+000
1.770362e+003,2.445827e+000
1.771326e+003,2.812061e+000
1.772290e+003,3.247493e+000
1.773254e+003,3.726138e+000
1.774219e+003,4.213986e+000
1.775183e+003,4.664626e+000
1.776147e+003,5.020636e+000
1.777111e+003,5.223484e+000
1.778076e+003,5.230281e+000
1.779040e+003,5.031692e+000
1.780004e+003,4.663438e+000
1.780968e+003,4.205288e+000
1.781933e+003,3.765483e+000
1.782897e+003,3.453903e+000
1.783861e+003,3.351631e+000
1.784825e+003,3.486427e+000
1.785790e+003,3.822252e+000
1.786754e+003,4.266870e+000
1.787718e+003,4.695992e+000
1.788682e+003,4.987288e+000
1.789647e+003,5.054440e+000
1.790611e+003,4.870464e+000
1.791575e+003,4.477323e+000
1.792539e+003,3.970323e+000
1.793504e+003,3.470638e+000
1.794468e+003,3.089970e+000
1.795432e+003,2.899045e+000
1.796396e+003,2.909665e+000
1.797361e+003,3.075624e+000
1.798325e+003,3.311730e+000
1.799289e+003,3.524014e+000
1.800253e+003,3.640669e+000
1.801218e+003,3.633243e+000
1.802182e+003,3.521465e+000
1.803146e+003,3.361146e+000
1.804110e+003,3.220705e+000
1.805075e+003,3.155635e+000
1.806039e+003,3.190267e+000
1.807003e+003,3.312661e+000
1.807967e+003,3.483013e+000
1.808932e+003,3.650827e+000
1.809896e+003,3.773428e+000
1.810860e+003,3.828832e+000
1.811824e+003,3.819230e+000
1.812789e+003,3.765519e+000
1.813753e+003,3.696690e+000
1.814717e+003,3.639057e+000
1.815681e+003,3.609265e+000
1.816646e+003,3.612485e+000
1.817610e+003,3.644789e+000
1.818574e+003,3.697341e+000
1.819538e+003,3.760118e+000
1.820503e+003,3.824234e+000
1.821467e+003,3.883178e+000
1.822431e+003,3.934165e+000
1.823395e+003,3.978844e+000
1.824359e+003,4.024666e+000
1.825324e+003,4.085138e+000
1.826288e+003,4.177699e+000
1.827252e+003,4.318828e+000
1.828217e+003,4.517431e+000
1.829181e+003,4.768887e+000
1.830145e+003,5.052278e+000
1.831109e+003,5.332490e+000
1.832073e+003,5.566955e+000
1.833038e+003,5.715068e+000
1.834002e+003,5.747191e+000
1.834966e+003,5.650474e+000
1.835931e+003,5.430081e+000
1.836895e+003,5.106374e+000
1.837859e+003,4.709876e+000
1.838823e+003,4.276509e+000
1.839788e+003,3.844595e+000
1.840752e+003,3.453809e+000
1.841716e+003,3.144701e+000
1.842680e+003,2.956737e+000
1.843645e+003,2.923327e+000
1.844609e+003,3.063878e+000
1.845573e+003,3.374767e+000
1.846537e+003,3.822687e+000
1.847502e+003,4.343952e+000
1.848466e+003,4.852101e+000
1.849430e+003,5.253368e+000
1.850394e+003,5.466788e+000
1.851359e+003,5.443346e+000
1.852323e+003,5.178220e+000
1.853287e+003,4.712022e+000
1.854251e+003,4.120154e+000
1.855216e+003,3.493430e+000
1.856180e+003,2.916533e+000
1.857144e+003,2.451025e+000
1.858108e+003,2.127841e+000
1.859073e+003,1.950222e+000
1.860037e+003,1.904158e+000
1.861001e+003,1.970488e+000
1.861965e+003,2.133217e+000
1.862930e+003,2.380958e+000
1.863894e+003,2.702492e+000
1.864858e+003,3.080501e+000
1.865822e+003,3.488553e+000
1.866786e+003,3.894378e+000
1.867751e+003,4.268857e+000
1.868715e+003,4.596291e+000
1.869679e+003,4.880348e+000
1.870644e+003,5.141423e+000
1.871608e+003,5.405543e+000
1.872572e+003,5.689273e+000
1.873536e+003,5.987960e+000
1.874500e+003,6.273543e+000
1.875465e+003,6.504107e+000
1.876429e+003,6.641623e+000
1.877393e+003,6.670139e+000
1.878358e+003,6.605821e+000
1.879322e+003,6.493863e+000
1.880286e+003,6.392929e+000
1.881250e+003,6.353793e+000
1.882214e+003,6.401217e+000
1.883179e+003,6.526682e+000
1.884143e+003,6.694542e+000
1.885107e+003,6.857690e+000
1.886072e+003,6.975396e+000
1.887036e+003,7.025496e+000
1.888000e+003,7.006633e+000
1.888964e+003,6.931590e+000
1.889928e+003,6.816771e+000
1.890893e+003,6.674082e+000
1.891857e+003,6.509009e+000
1.892821e+003,6.324591e+000
1.893786e+003,6.127334e+000
1.894750e+003,5.930202e+000
1.895714e+003,5.749925e+000
1.896678e+003,5.599682e+000
1.897642e+003,5.481548e+000
1.898607e+003,5.383880e+000
1.899571e+003,5.286437e+000
1.900535e+003,5.171912e+000
1.901500e+003,5.038666e+000
1.902464e+003,4.908295e+000
1.903428e+003,4.823515e+000
1.904392e+003,4.836273e+000
1.905356e+003,4.990260e+000
1.906321e+003,5.304527e+000
1.907285e+003,5.764095e+000
1.908249e+003,6.320313e+000
1.909214e+003,6.899883e+000
1.910178e+003,7.418893e+000
1.911142e+003,7.797626e+000
1.912106e+003,7.973513e+000
1.913070e+003,7.911203e+000
1.914035e+003,7.609767e+000
1.914999e+003,7.105701e+000
1.915963e+003,6.471075e+000
1.916927e+003,5.803090e+000
1.917892e+003,5.205328e+000
1.918856e+003,4.763679e+000
1.919820e+003,4.523989e+000
1.920784e+003,4.480087e+000
1.921749e+003,4.578660e+000
1.922713e+003,4.741373e+000
1.923677e+003,4.897088e+000
1.924641e+003,5.011608e+000
1.925606e+003,5.102043e+000
1.926570e+003,5.228395e+000
1.927534e+003,5.464590e+000
1.928498e+003,5.860472e+000
1.929463e+003,6.411059e+000
1.930427e+003,7.046960e+000
1.931391e+003,7.651372e+000
1.932355e+003,8.097775e+000
1.933320e+003,8.293744e+000
1.934284e+003,8.213728e+000
1.935248e+003,7.908455e+000
1.936213e+003,7.488380e+000
1.937177e+003,7.088743e+000
1.938141e+003,6.830162e+000
1.939105e+003,6.788629e+000
1.940069e+003,6.983234e+000
1.941034e+003,7.381968e+000
1.941998e+003,7.919225e+000
1.942962e+003,8.516205e+000
1.943927e+003,9.097251e+000
1.944891e+003,9.599830e+000
1.945855e+003,9.978266e+000
1.946819e+003,1.020762e+001
1.947783e+003,1.028630e+001
1.948748e+003,1.023842e+001
1.949712e+003,1.011266e+001
1.950676e+003,9.974692e+000
1.951641e+003,9.893003e+000
1.952605e+003,9.921242e+000
1.953569e+003,1.008291e+001
1.954533e+003,1.036401e+001
1.955497e+003,1.071669e+001
1.956462e+003,1.107250e+001
1.957426e+003,1.136070e+001
1.958390e+003,1.152538e+001
1.959354e+003,1.153689e+001
1.960319e+003,1.139567e+001
1.961283e+003,1.112981e+001
1.962247e+003,1.078883e+001
1.963211e+003,1.043593e+001
1.964176e+003,1.013936e+001
1.965140e+003,9.962516e+000
1.966104e+003,9.952338e+000
1.967068e+003,1.012753e+001
1.968033e+003,1.046968e+001
1.968997e+003,1.092160e+001
1.969961e+003,1.139566e+001
1.970925e+003,1.179198e+001
1.971890e+003,1.202226e+001
1.972854e+003,1.203215e+001
1.973818e+003,1.181512e+001
1.974782e+003,1.141322e+001
1.975747e+003,1.090487e+001
1.976711e+003,1.038249e+001
1.977675e+003,9.930227e+000
1.978639e+003,9.604933e+000
1.979604e+003,9.426828e+000
1.980568e+003,9.380504e+000
1.981532e+003,9.424439e+000
1.982496e+003,9.505524e+000
1.983461e+003,9.574682e+000
1.984425e+003,9.600282e+000
1.985389e+003,9.576562e+000
1.986353e+003,9.525191e+000
1.987318e+003,9.488945e+000
1.988282e+003,9.518169e+000
1.989246e+003,9.652927e+000
1.990210e+003,9.906029e+000
1.991175e+003,1.025310e+001
1.992139e+003,1.063467e+001
1.993103e+003,1.097142e+001
1.994067e+003,1.118885e+001
1.995032e+003,1.124285e+001
1.995996e+003,1.113645e+001
1.996960e+003,1.092033e+001
1.997924e+003,1.067565e+001
1.998889e+003,1.048503e+001
1.999853e+003,1.040277e+001
2.000817e+003,1.043605e+001
2.001781e+003,1.054501e+001
2.002746e+003,1.066143e+001
2.003710e+003,1.071855e+001
2.004674e+003,1.067920e+001
2.005638e+003,1.055084e+001
2.006603e+003,1.038140e+001
2.007567e+003,1.023788e+001
2.008531e+003,1.017757e+001
2.009495e+003,1.022406e+001
2.010460e+003,1.035796e+001
2.011424e+003,1.052588e+001
2.012388e+003,1.066325e+001
2.013352e+003,1.072108e+001
2.014317e+003,1.068556e+001
2.015281e+003,1.058294e+001
2.016245e+003,1.046840e+001
2.017209e+003,1.040436e+001
2.018174e+003,1.043709e+001
2.019138e+003,1.058076e+001
2.020102e+003,1.081398e+001
2.021066e+003,1.108921e+001
2.022031e+003,1.135010e+001
2.022995e+003,1.155010e+001
2.023959e+003,1.166586e+001
2.024923e+003,1.170194e+001
2.025888e+003,1.168665e+001
2.026852e+003,1.166169e+001
2.027816e+003,1.166934e+001
2.028780e+003,1.174111e+001
2.029745e+003,1.188990e+001
2.030709e+003,1.210701e+001
2.031673e+003,1.236386e+001
2.032637e+003,1.261794e+001
2.033602e+003,1.282193e+001
2.034566e+003,1.293442e+001
2.035530e+003,1.293017e+001
2.036494e+003,1.280757e+001
2.037459e+003,1.259068e+001
2.038423e+003,1.232547e+001
2.039387e+003,1.206977e+001
2.040351e+003,1.188026e+001
2.041316e+003,1.179979e+001
2.042280e+003,1.184853e+001
2.043244e+003,1.202127e+001
2.044208e+003,1.229085e+001
2.045173e+003,1.261585e+001
2.046137e+003,1.294974e+001
2.047101e+003,1.324879e+001
2.048065e+003,1.347755e+001
2.049030e+003,1.361213e+001
2.049994e+003,1.364231e+001
2.050958e+003,1.357338e+001
2.051922e+003,1.342737e+001
2.052887e+003,1.324230e+001
2.053851e+003,1.306749e+001
2.054815e+003,1.295436e+001
2.055780e+003,1.294389e+001
2.056744e+003,1.305445e+001
2.057708e+003,1.327451e+001
2.058672e+003,1.356382e+001
2.059636e+003,1.386384e+001
2.060601e+003,1.411447e+001
2.061565e+003,1.427115e+001
2.062529e+003,1.431621e+001
2.063493e+003,1.426009e+001
2.064458e+003,1.413261e+001
2.065422e+003,1.396830e+001
2.066386e+003,1.379237e+001
2.067350e+003,1.361326e+001
2.068315e+003,1.342458e+001
2.069279e+003,1.321475e+001
2.070243e+003,1.297921e+001
2.071208e+003,1.272913e+001
2.072172e+003,1.249248e+001
2.073136e+003,1.230683e+001
2.074100e+003,1.220745e+001
2.075064e+003,1.221563e+001
2.076029e+003,1.233195e+001
2.076993e+003,1.253643e+001
2.077957e+003,1.279435e+001
2.078921e+003,1.306473e+001
2.079886e+003,1.330835e+001
2.080850e+003,1.349377e+001
2.081814e+003,1.360168e+001
2.082778e+003,1.362861e+001
2.083743e+003,1.359060e+001
2.084707e+003,1.352490e+001
2.085671e+003,1.348723e+001
2.086635e+003,1.354179e+001
2.087600e+003,1.374432e+001
2.088564e+003,1.412226e+001
2.089528e+003,1.465929e+001
2.090492e+003,1.529176e+001
2.091457e+003,1.592108e+001
2.092421e+003,1.644026e+001
2.093385e+003,1.676596e+001
2.094349e+003,1.686455e+001
2.095314e+003,1.676180e+001
2.096278e+003,1.653180e+001
2.097242e+003,1.626918e+001
2.098206e+003,1.605544e+001
2.099171e+003,1.593249e+001
2.100135e+003,1.589310e+001
2.101099e+003,1.589138e+001
2.102063e+003,1.586697e+001
2.103028e+003,1.577218e+001
2.103992e+003,1.559089e+001
2.104956e+003,1.534262e+001
2.105920e+003,1.507207e+001
2.106885e+003,1.483086e+001
2.107849e+003,1.466008e+001
2.108813e+003,1.458060e+001
2.109777e+003,1.459314e+001
2.110742e+003,1.468481e+001
2.111706e+003,1.483683e+001
2.112670e+003,1.502852e+001
2.113634e+003,1.523666e+001
2.114599e+003,1.543284e+001
2.115563e+003,1.558335e+001
2.116527e+003,1.565491e+001
2.117491e+003,1.562584e+001
2.118456e+003,1.549842e+001
2.119420e+003,1.530611e+001
2.120384e+003,1.511078e+001
2.121348e+003,1.498908e+001
2.122313e+003,1.501181e+001
2.123277e+003,1.522374e+001
2.124241e+003,1.563109e+001
2.125205e+003,1.620097e+001
2.126170e+003,1.687218e+001
2.127134e+003,1.757224e+001
2.128098e+003,1.823423e+001
2.129063e+003,1.880788e+001
2.130027e+003,1.926258e+001
2.130991e+003,1.958482e+001
2.131955e+003,1.977248e+001
2.132919e+003,1.983049e+001
2.133884e+003,1.976944e+001
2.134848e+003,1.960615e+001
2.135812e+003,1.936419e+001
2.136776e+003,1.907218e+001
2.137741e+003,1.875930e+001
2.138705e+003,1.844960e+001
2.139669e+003,1.815759e+001
2.140633e+003,1.788731e+001
2.141598e+003,1.763547e+001
2.142562e+003,1.739695e+001
2.143526e+003,1.717022e+001
2.144490e+003,1.695984e+001
2.145455e+003,1.677517e+001
2.146419e+003,1.662595e+001
2.147383e+003,1.651724e+001
2.148347e+003,1.644603e+001
2.149312e+003,1.640122e+001
2.150276e+003,1.636658e+001
2.151240e+003,1.632537e+001
2.152204e+003,1.626461e+001
2.153169e+003,1.617755e+001
2.154133e+003,1.606413e+001
2.155097e+003,1.593032e+001
2.156061e+003,1.578725e+001
2.157026e+003,1.565100e+001
2.157990e+003,1.554272e+001
2.158954e+003,1.548811e+001
2.159918e+003,1.551519e+001
2.160883e+003,1.564976e+001
2.161847e+003,1.590995e+001
2.162811e+003,1.629945e+001
2.163775e+003,1.680376e+001
2.164740e+003,1.738956e+001
2.165704e+003,1.800820e+001
2.166668e+003,1.860261e+001
2.167632e+003,1.911607e+001
2.168597e+003,1.950122e+001
2.169561e+003,1.972749e+001
2.170525e+003,1.978585e+001
2.171489e+003,1.969040e+001
2.172454e+003,1.947645e+001
2.173418e+003,1.919534e+001
2.174382e+003,1.890660e+001
2.175346e+003,1.866830e+001
2.176311e+003,1.852719e+001
2.177275e+003,1.851024e+001
2.178239e+003,1.861978e+001
2.179203e+003,1.883326e+001
2.180167e+003,1.910841e+001
2.181132e+003,1.939270e+001
2.182096e+003,1.963522e+001
2.183060e+003,1.979807e+001
2.184025e+003,1.986459e+001
2.184989e+003,1.984215e+001
2.185953e+003,1.975899e+001
2.186917e+003,1.965602e+001
2.187882e+003,1.957589e+001
2.188846e+003,1.955253e+001
2.189810e+003,1.960400e+001
2.190774e+003,1.973039e+001
2.191739e+003,1.991687e+001
2.192703e+003,2.014034e+001
2.193667e+003,2.037679e+001
2.194631e+003,2.060672e+001
2.195595e+003,2.081707e+001
2.196560e+003,2.099964e+001
2.197524e+003,2.114778e+001
2.198488e+003,2.125387e+001
2.199453e+003,2.130977e+001
2.200417e+003,2.131051e+001
2.201381e+003,2.125994e+001
2.202345e+003,2.117517e+001
2.203310e+003,2.108665e+001
2.204274e+003,2.103248e+001
2.205238e+003,2.104766e+001
2.206202e+003,2.115195e+001
2.207167e+003,2.134123e+001
2.208131e+003,2.158620e+001
2.209095e+003,2.184013e+001
2.210059e+003,2.205335e+001
2.211024e+003,2.218949e+001
2.211988e+003,2.223728e+001
2.212952e+003,2.221340e+001
2.213916e+003,2.215525e+001
2.214881e+003,2.210652e+001
2.215845e+003,2.210140e+001
2.216809e+003,2.215365e+001
2.217773e+003,2.225422e+001
2.218738e+003,2.237769e+001
2.219702e+003,2.249359e+001
2.220666e+003,2.257707e+001
2.221630e+003,2.261410e+001
2.222594e+003,2.259948e+001
2.223559e+003,2.252988e+001
2.224523e+003,2.239700e+001
2.225487e+003,2.218572e+001
2.226452e+003,2.188007e+001
2.227416e+003,2.147508e+001
2.228380e+003,2.098918e+001
2.229344e+003,2.047043e+001
2.230309e+003,1.999182e+001
2.231273e+003,1.963541e+001
2.232237e+003,1.947050e+001
2.233201e+003,1.953398e+001
2.234166e+003,1.982097e+001
2.235130e+003,2.028946e+001
2.236094e+003,2.087690e+001
2.237058e+003,2.152116e+001
2.238022e+003,2.217664e+001
2.238987e+003,2.281851e+001
2.239951e+003,2.343428e+001
2.240915e+003,2.400822e+001
2.241880e+003,2.450837e+001
2.242844e+003,2.488479e+001
2.243808e+003,2.508235e+001
2.244772e+003,2.506372e+001
2.245737e+003,2.483191e+001
2.246701e+003,2.444049e+001
2.247665e+003,2.398379e+001
2.248629e+003,2.356849e+001
2.249594e+003,2.327680e+001
2.250558e+003,2.313634e+001
2.251522e+003,2.311060e+001
2.252486e+003,2.311527e+001
2.253450e+003,2.305507e+001
2.254415e+003,2.286599e+001
2.255379e+003,2.254577e+001
2.256343e+003,2.215903e+001
2.257308e+003,2.181484e+001
2.258272e+003,2.162589e+001
2.259236e+003,2.166607e+001
2.260200e+003,2.194367e+001
2.261165e+003,2.240020e+001
2.262129e+003,2.293379e+001
2.263093e+003,2.343584e+001
2.264057e+003,2.382536e+001
2.265021e+003,2.406745e+001
2.265986e+003,2.417096e+001
2.266950e+003,2.416994e+001
2.267914e+003,2.409977e+001
2.268878e+003,2.398029e+001
2.269843e+003,2.381281e+001
2.270807e+003,2.359049e+001
2.271771e+003,2.331478e+001
2.272736e+003,2.300816e+001
2.273700e+003,2.271604e+001
2.274664e+003,2.249628e+001
2.275628e+003,2.240111e+001
2.276593e+003,2.245948e+001
2.277557e+003,2.266712e+001
2.278521e+003,2.298755e+001
2.279485e+003,2.336261e+001
2.280449e+003,2.372741e+001
2.281414e+003,2.402416e+001
2.282378e+003,2.421140e+001
2.283342e+003,2.426813e+001
2.284306e+003,2.419423e+001
2.285271e+003,2.400942e+001
2.286235e+003,2.375100e+001
2.287199e+003,2.346944e+001
2.288164e+003,2.322056e+001
2.289128e+003,2.305393e+001
2.290092e+003,2.300000e+001
2.291056e+003,2.305997e+001
2.292021e+003,2.320329e+001
2.292985e+003,2.337472e+001
2.293949e+003,2.350999e+001
2.294913e+003,2.355476e+001
2.295877e+003,2.348018e+001
2.296842e+003,2.328973e+001
2.297806e+003,2.301509e+001
2.298770e+003,2.270341e+001
2.299734e+003,2.240132e+001
2.300699e+003,2.214170e+001
2.301663e+003,2.193722e+001
2.302627e+003,2.178144e+001
2.303592e+003,2.165519e+001
2.304556e+003,2.153468e+001
2.305520e+003,2.139816e+001
2.306484e+003,2.122971e+001
2.307448e+003,2.102065e+001
2.308413e+003,2.076966e+001
2.309377e+003,2.048260e+001
2.310341e+003,2.017184e+001
2.311305e+003,1.985430e+001
2.312270e+003,1.954751e+001
2.313234e+003,1.926405e+001
2.314198e+003,1.900632e+001
2.315163e+003,1.876376e+001
2.316127e+003,1.851505e+001
2.317091e+003,1.823430e+001
2.318055e+003,1.790028e+001
2.319020e+003,1.750470e+001
2.319984e+003,1.705649e+001
2.320948e+003,1.658008e+001
2.321912e+003,1.610824e+001
2.322876e+003,1.567215e+001
2.323841e+003,1.529230e+001
2.324805e+003,1.497329e+001
2.325769e+003,1.470422e+001
2.326733e+003,1.446399e+001
2.327698e+003,1.422961e+001
2.328662e+003,1.398443e+001
2.329626e+003,1.372375e+001
2.330591e+003,1.345590e+001
2.331555e+003,1.319863e+001
2.332519e+003,1.297183e+001
2.333483e+003,1.278913e+001
2.334448e+003,1.265154e+001
2.335412e+003,1.254596e+001
2.336376e+003,1.245033e+001
2.337340e+003,1.234431e+001
2.338304e+003,1.222227e+001
2.339269e+003,1.210310e+001
2.340233e+003,1.203151e+001
2.341197e+003,1.206814e+001
2.342161e+003,1.226949e+001
2.343126e+003,1.266383e+001
2.344090e+003,1.323164e+001
2.345054e+003,1.389893e+001
2.346019e+003,1.454807e+001
2.346983e+003,1.504401e+001
2.347947e+003,1.526859e+001
2.348911e+003,1.515162e+001
2.349875e+003,1.468847e+001
2.350840e+003,1.393890e+001
2.351804e+003,1.300810e+001
2.352768e+003,1.201739e+001
2.353732e+003,1.107461e+001
2.354697e+003,1.025340e+001
2.355661e+003,9.586195e+000
2.356625e+003,9.070445e+000
2.357589e+003,8.683518e+000
2.358554e+003,8.399497e+000
2.359518e+003,8.202471e+000
2.360482e+003,8.092944e+000
2.361447e+003,8.087059e+000
2.362411e+003,8.209974e+000
2.363375e+003,8.485935e+000
2.364339e+003,8.927621e+000
2.365303e+003,9.527493e+000
2.366268e+003,1.025366e+001
2.367232e+003,1.105239e+001
2.368196e+003,1.185801e+001
2.369160e+003,1.260874e+001
2.370125e+003,1.326426e+001
2.371089e+003,1.381937e+001
2.372053e+003,1.430819e+001
2.373017e+003,1.479633e+001
2.373982e+003,1.536254e+001
2.374946e+003,1.607582e+001
2.375910e+003,1.697560e+001
2.376875e+003,1.806170e+001
2.377839e+003,1.929667e+001
2.378803e+003,2.061794e+001
2.379767e+003,2.195432e+001
2.380731e+003,2.324002e+001
2.381696e+003,2.442253e+001
2.382660e+003,2.546411e+001
2.383624e+003,2.634027e+001
2.384588e+003,2.703886e+001
2.385553e+003,2.756155e+001
2.386517e+003,2.792623e+001
2.387481e+003,2.816639e+001
2.388445e+003,2.832429e+001
2.389410e+003,2.843773e+001
2.390374e+003,2.852529e+001
2.391338e+003,2.857692e+001
2.392302e+003,2.855678e+001
2.393267e+003,2.841956e+001
2.394231e+003,2.813540e+001
2.395195e+003,2.771293e+001
2.396159e+003,2.720905e+001
2.397124e+003,2.671914e+001
2.398088e+003,2.634929e+001
2.399052e+003,2.618072e+001
2.400016e+003,2.624093e+001
2.400981e+003,2.649356e+001
2.401945e+003,2.685188e+001
2.402909e+003,2.721052e+001
2.403874e+003,2.748266e+001
2.404838e+003,2.762790e+001
2.405802e+003,2.766050e+001
2.406766e+003,2.763629e+001
2.407730e+003,2.762548e+001
2.408695e+003,2.768328e+001
2.409659e+003,2.783064e+001
2.410623e+003,2.805109e+001
2.411587e+003,2.830276e+001
2.412552e+003,2.853843e+001
2.413516e+003,2.872462e+001
2.414480e+003,2.885212e+001
2.415444e+003,2.893520e+001
2.416409e+003,2.900181e+001
2.417373e+003,2.907939e+001
2.418337e+003,2.918256e+001
2.419302e+003,2.930621e+001
2.420266e+003,2.942607e+001
2.421230e+003,2.950583e+001
2.422194e+003,2.950875e+001
2.423158e+003,2.941054e+001
2.424123e+003,2.921020e+001
2.425087e+003,2.893502e+001
2.426051e+003,2.863752e+001
2.427015e+003,2.838356e+001
2.427980e+003,2.823402e+001
2.428944e+003,2.822559e+001
2.429908e+003,2.835720e+001
2.430872e+003,2.858845e+001
2.431837e+003,2.885152e+001
2.432801e+003,2.907375e+001
2.433765e+003,2.920251e+001
2.434729e+003,2.922293e+001
2.435694e+003,2.916119e+001
2.436658e+003,2.907177e+001
2.437622e+003,2.901378e+001
2.438586e+003,2.902592e+001
2.439551e+003,2.911080e+001
2.440515e+003,2.923337e+001
2.441479e+003,2.933475e+001
2.442443e+003,2.935429e+001
2.443408e+003,2.925091e+001
2.444372e+003,2.901587e+001
2.445336e+003,2.867332e+001
2.446300e+003,2.827058e+001
2.447265e+003,2.786357e+001
2.448229e+003,2.750352e+001
2.449193e+003,2.722869e+001
2.450157e+003,2.706179e+001
2.451122e+003,2.701104e+001
2.452086e+003,2.707235e+001
2.453050e+003,2.723121e+001
2.454014e+003,2.746484e+001
2.454979e+003,2.774575e+001
2.455943e+003,2.804744e+001
2.456907e+003,2.835096e+001
2.457871e+003,2.864950e+001
2.458836e+003,2.894800e+001
2.459800e+003,2.925687e+001
2.460764e+003,2.958160e+001
2.461728e+003,2.991306e+001
2.462693e+003,3.022340e+001
2.463657e+003,3.047071e+001
2.464621e+003,3.061147e+001
2.465585e+003,3.061617e+001
2.466550e+003,3.048145e+001
2.467514e+003,3.023356e+001
2.468478e+003,2.992128e+001
2.469442e+003,2.960147e+001
2.470406e+003,2.932210e+001
2.471371e+003,2.911047e+001
2.472335e+003,2.896937e+001
2.473299e+003,2.888172e+001
2.474264e+003,2.882038e+001
2.475228e+003,2.875858e+001
2.476192e+003,2.867692e+001
2.477156e+003,2.856570e+001
2.478121e+003,2.842340e+001
2.479085e+003,2.825372e+001
2.480049e+003,2.806355e+001
2.481013e+003,2.786261e+001
2.481978e+003,2.766441e+001
2.482942e+003,2.748701e+001
2.483906e+003,2.735224e+001
2.484870e+003,2.728298e+001
2.485835e+003,2.729887e+001
2.486799e+003,2.741176e+001
2.487763e+003,2.762170e+001
2.488727e+003,2.791490e+001
2.489692e+003,2.826378e+001
2.490656e+003,2.862968e+001
2.491620e+003,2.896827e+001
2.492584e+003,2.923697e+001
2.493549e+003,2.940321e+001
2.494513e+003,2.945131e+001
2.495477e+003,2.938577e+001
2.496441e+003,2.922956e+001
2.497406e+003,2.901725e+001
2.498370e+003,2.878555e+001
2.499334e+003,2.856423e+001
2.500298e+003,2.837093e+001
2.501263e+003,2.821149e+001
2.502227e+003,2.808421e+001
2.503191e+003,2.798577e+001
2.504155e+003,2.791519e+001
2.505120e+003,2.787370e+001
2.506084e+003,2.786136e+001
2.507048e+003,2.787267e+001
2.508012e+003,2.789460e+001
2.508977e+003,2.790870e+001
2.509941e+003,2.789649e+001
2.510905e+003,2.784508e+001
2.511869e+003,2.774978e+001
2.512833e+003,2.761192e+001
2.513798e+003,2.743337e+001
2.514762e+003,2.721154e+001
2.515726e+003,2.693895e+001
2.516691e+003,2.660901e+001
2.517655e+003,2.622596e+001
2.518619e+003,2.581339e+001
2.519583e+003,2.541574e+001
2.520548e+003,2.508967e+001
2.521512e+003,2.488743e+001
2.522476e+003,2.483901e+001
2.523440e+003,2.494129e+001
2.524405e+003,2.515967e+001
2.525369e+003,2.544215e+001
2.526333e+003,2.573932e+001
2.527297e+003,2.602100e+001
2.528261e+003,2.628153e+001
2.529226e+003,2.653149e+001
2.530190e+003,2.678080e+001
2.531154e+003,2.702238e+001
2.532119e+003,2.722589e+001
2.533083e+003,2.734519e+001
2.534047e+003,2.733683e+001
2.535011e+003,2.718052e+001
2.535976e+003,2.689145e+001
2.536940e+003,2.651837e+001
2.537904e+003,2.612837e+001
2.538868e+003,2.578562e+001
2.539833e+003,2.553393e+001
2.540797e+003,2.539031e+001
2.541761e+003,2.535047e+001
2.542725e+003,2.540113e+001
2.543689e+003,2.553085e+001
2.544654e+003,2.573283e+001
2.545618e+003,2.599890e+001
2.546582e+003,2.630923e+001
2.547547e+003,2.662570e+001
2.548511e+003,2.689491e+001
2.549475e+003,2.706178e+001
2.550439e+003,2.708830e+001
2.551404e+003,2.696871e+001
2.552368e+003,2.673363e+001
2.553332e+003,2.644061e+001
2.554296e+003,2.615503e+001
2.555260e+003,2.592970e+001
2.556225e+003,2.579144e+001
2.557189e+003,2.573902e+001
2.558153e+003,2.575109e+001
2.559118e+003,2.579837e+001
2.560082e+003,2.585368e+001
2.561046e+003,2.589595e+001
2.562010e+003,2.590899e+001
2.562975e+003,2.587851e+001
2.563939e+003,2.579178e+001
2.564903e+003,2.564102e+001
2.565867e+003,2.542838e+001
2.566832e+003,2.516812e+001
2.567796e+003,2.488283e+001
2.568760e+003,2.459396e+001
2.569724e+003,2.431152e+001
2.570688e+003,2.402916e+001
2.571653e+003,2.372919e+001
2.572617e+003,2.339648e+001
2.573581e+003,2.303499e+001
2.574546e+003,2.267721e+001
2.575510e+003,2.237977e+001
2.576474e+003,2.220427e+001
2.577438e+003,2.219065e+001
2.578403e+003,2.233515e+001
2.579367e+003,2.258426e+001
2.580331e+003,2.284952e+001
2.581295e+003,2.303839e+001
2.582260e+003,2.308876e+001
2.583224e+003,2.299198e+001
2.584188e+003,2.279426e+001
2.585152e+003,2.257554e+001
2.586117e+003,2.241485e+001
2.587081e+003,2.235716e+001
2.588045e+003,2.239578e+001
2.589009e+003,2.247698e+001
2.589974e+003,2.252414e+001
2.590938e+003,2.247052e+001
2.591902e+003,2.228669e+001
2.592866e+003,2.199248e+001
2.593831e+003,2.164975e+001
2.594795e+003,2.134082e+001
2.595759e+003,2.114170e+001
2.596723e+003,2.110033e+001
2.597688e+003,2.122601e+001
2.598652e+003,2.149143e+001
2.599616e+003,2.184414e+001
2.600580e+003,2.222215e+001
2.601545e+003,2.256843e+001
2.602509e+003,2.284143e+001
2.603473e+003,2.302006e+001
2.604437e+003,2.310373e+001
2.605402e+003,2.310784e+001
2.606366e+003,2.305637e+001
2.607330e+003,2.297282e+001
2.608294e+003,2.287214e+001
2.609259e+003,2.275593e+001
2.610223e+003,2.261308e+001
2.611187e+003,2.242572e+001
2.612151e+003,2.217874e+001
2.613115e+003,2.186881e+001
2.614080e+003,2.150931e+001
2.615044e+003,2.112848e+001
2.616008e+003,2.076165e+001
2.616973e+003,2.044070e+001
2.617937e+003,2.018541e+001
2.618901e+003,2.000026e+001
2.619865e+003,1.987779e+001
2.620830e+003,1.980631e+001
2.621794e+003,1.977788e+001
2.622758e+003,1.979210e+001
2.623722e+003,1.985387e+001
2.624687e+003,1.996564e+001
2.625651e+003,2.011830e+001
2.626615e+003,2.028512e+001
2.627579e+003,2.042269e+001
2.628543e+003,2.047979e+001
2.629508e+003,2.041250e+001
2.630472e+003,2.020052e+001
2.631436e+003,1.985943e+001
2.632401e+003,1.944393e+001
2.633365e+003,1.903983e+001
2.634329e+003,1.874549e+001
2.635293e+003,1.864711e+001
2.636258e+003,1.879419e+001
2.637222e+003,1.918250e+001
2.638186e+003,1.975006e+001
2.639150e+003,2.038885e+001
2.640115e+003,2.096954e+001
2.641079e+003,2.137304e+001
2.642043e+003,2.151961e+001
2.643007e+003,2.138702e+001
2.643971e+003,2.101263e+001
2.644936e+003,2.047961e+001
2.645900e+003,1.989281e+001
2.646864e+003,1.935250e+001
2.647829e+003,1.893409e+001
2.648793e+003,1.867849e+001
2.649757e+003,1.859291e+001
2.650721e+003,1.865854e+001
2.651686e+003,1.883989e+001
2.652650e+003,1.909233e+001
2.653614e+003,1.936722e+001
2.654578e+003,1.961641e+001
2.655542e+003,1.979821e+001
2.656507e+003,1.988508e+001
2.657471e+003,1.987069e+001
2.658435e+003,1.977205e+001
2.659399e+003,1.962384e+001
2.660364e+003,1.946520e+001
2.661328e+003,1.932386e+001
2.662292e+003,1.920477e+001
2.663257e+003,1.908967e+001
2.664221e+003,1.894870e+001
2.665185e+003,1.875945e+001
2.666149e+003,1.852381e+001
2.667114e+003,1.827339e+001
2.668078e+003,1.805915e+001
2.669042e+003,1.792876e+001
2.670006e+003,1.790208e+001
2.670970e+003,1.795721e+001
2.671935e+003,1.803522e+001
2.672899e+003,1.806287e+001
2.673863e+003,1.798376e+001
2.674828e+003,1.778339e+001
2.675792e+003,1.749627e+001
2.676756e+003,1.719105e+001
2.677720e+003,1.694093e+001
2.678685e+003,1.679307e+001
2.679649e+003,1.675175e+001
2.680613e+003,1.678291e+001
2.681577e+003,1.683700e+001
2.682542e+003,1.687784e+001
2.683506e+003,1.690252e+001
2.684470e+003,1.694152e+001
2.685434e+003,1.703922e+001
2.686398e+003,1.722403e+001
2.687363e+003,1.748436e+001
2.688327e+003,1.776254e+001
2.689291e+003,1.797149e+001
2.690256e+003,1.802712e+001
2.691220e+003,1.788266e+001
2.692184e+003,1.754979e+001
2.693148e+003,1.709803e+001
2.694113e+003,1.663346e+001
2.695077e+003,1.626645e+001
2.696041e+003,1.608135e+001
2.697005e+003,1.611837e+001
2.697969e+003,1.637087e+001
2.698934e+003,1.679432e+001
2.699898e+003,1.731966e+001
2.700862e+003,1.786485e+001
2.701826e+003,1.834297e+001
2.702791e+003,1.866937e+001
2.703755e+003,1.877222e+001
2.704719e+003,1.860772e+001
2.705684e+003,1.817662e+001
2.706648e+003,1.753424e+001
2.707612e+003,1.678607e+001
2.708576e+003,1.606557e+001
2.709541e+003,1.549849e+001
2.710505e+003,1.516543e+001
2.711469e+003,1.507697e+001
2.712433e+003,1.517202e+001
2.713397e+003,1.534130e+001
2.714362e+003,1.546760e+001
2.715326e+003,1.546705e+001
2.716290e+003,1.531549e+001
2.717254e+003,1.505019e+001
2.718219e+003,1.474677e+001
2.719183e+003,1.448301e+001
2.720147e+003,1.430481e+001
2.721112e+003,1.420849e+001
2.722076e+003,1.414592e+001
2.723040e+003,1.404890e+001
2.724004e+003,1.386157e+001
2.724969e+003,1.356657e+001
2.725933e+003,1.319460e+001
2.726897e+003,1.281431e+001
2.727861e+003,1.250803e+001
2.728825e+003,1.234377e+001
2.729790e+003,1.235477e+001
2.730754e+003,1.253334e+001
2.731718e+003,1.283916e+001
2.732682e+003,1.321665e+001
2.733647e+003,1.361290e+001
2.734611e+003,1.398944e+001
2.735575e+003,1.432503e+001
2.736540e+003,1.461138e+001
2.737504e+003,1.484704e+001
2.738468e+003,1.503406e+001
2.739432e+003,1.517943e+001
2.740396e+003,1.529937e+001
2.741361e+003,1.542172e+001
2.742325e+003,1.558229e+001
2.743289e+003,1.581383e+001
2.744253e+003,1.613109e+001
2.745218e+003,1.651871e+001
2.746182e+003,1.692903e+001
2.747146e+003,1.729351e+001
2.748110e+003,1.754455e+001
2.749075e+003,1.764141e+001
2.750039e+003,1.758737e+001
2.751003e+003,1.743115e+001
2.751968e+003,1.724999e+001
2.752932e+003,1.712054e+001
2.753896e+003,1.708896e+001
2.754860e+003,1.715271e+001
2.755824e+003,1.726163e+001
2.756789e+003,1.733775e+001
2.757753e+003,1.730538e+001
2.758717e+003,1.711882e+001
2.759681e+003,1.677668e+001
2.760646e+003,1.631861e+001
2.761610e+003,1.580786e+001
2.762574e+003,1.530925e+001
2.763538e+003,1.487259e+001
2.764503e+003,1.452770e+001
2.765467e+003,1.429001e+001
2.766431e+003,1.417057e+001
2.767396e+003,1.418228e+001
2.768360e+003,1.433754e+001
2.769324e+003,1.463840e+001
2.770288e+003,1.506536e+001
2.771252e+003,1.557253e+001
2.772217e+003,1.609374e+001
2.773181e+003,1.655839e+001
2.774145e+003,1.691028e+001
2.775109e+003,1.712066e+001
2.776074e+003,1.718999e+001
2.777038e+003,1.713850e+001
2.778002e+003,1.699169e+001
2.778967e+003,1.676975e+001
2.779931e+003,1.648623e+001
2.780895e+003,1.615642e+001
2.781859e+003,1.580908e+001
2.782823e+003,1.549269e+001
2.783788e+003,1.526973e+001
2.784752e+003,1.519941e+001
2.785716e+003,1.531571e+001
2.786680e+003,1.561173e+001
2.787645e+003,1.603874e+001
2.788609e+003,1.652153e+001
2.789573e+003,1.698367e+001
2.790537e+003,1.737115e+001
2.791502e+003,1.766379e+001
2.792466e+003,1.787044e+001
2.793430e+003,1.801232e+001
2.794395e+003,1.810491e+001
2.795359e+003,1.814929e+001
2.796323e+003,1.813750e+001
2.797287e+003,1.806851e+001
2.798251e+003,1.796427e+001
2.799216e+003,1.787447e+001
2.800180e+003,1.786455e+001
2.801144e+003,1.799024e+001
2.802108e+003,1.827042e+001
2.803073e+003,1.867210e+001
2.804037e+003,1.911657e+001
2.805001e+003,1.950602e+001
2.805965e+003,1.975994e+001
2.806930e+003,1.984565e+001
2.807894e+003,1.978991e+001
2.808858e+003,1.966708e+001
2.809823e+003,1.956949e+001
2.810787e+003,1.957397e+001
2.811751e+003,1.971782e+001
2.812715e+003,1.999265e+001
2.813679e+003,2.035535e+001
2.814644e+003,2.074790e+001
2.815608e+003,2.111562e+001
2.816572e+003,2.141634e+001
2.817536e+003,2.161982e+001
2.818501e+003,2.170220e+001
2.819465e+003,2.164279e+001
2.820429e+003,2.142761e+001
2.821393e+003,2.105881e+001
2.822358e+003,2.056426e+001
2.823322e+003,2.000024e+001
2.824286e+003,1.944269e+001
2.825250e+003,1.896854e+001
2.826215e+003,1.863374e+001
2.827179e+003,1.845667e+001
2.828143e+003,1.841392e+001
2.829107e+003,1.844969e+001
2.830072e+003,1.849491e+001
2.831036e+003,1.848821e+001
2.832000e+003,1.839137e+001
2.832964e+003,1.819482e+001
2.833929e+003,1.791357e+001
2.834893e+003,1.757705e+001
2.835857e+003,1.721778e+001
2.836821e+003,1.686249e+001
2.837786e+003,1.652740e+001
2.838750e+003,1.621733e+001
2.839714e+003,1.592732e+001
2.840678e+003,1.564633e+001
2.841643e+003,1.536090e+001
2.842607e+003,1.505960e+001
2.843571e+003,1.473654e+001
2.844535e+003,1.439275e+001
2.845500e+003,1.403479e+001
2.846464e+003,1.367120e+001
2.847428e+003,1.330851e+001
2.848392e+003,1.294964e+001
2.849357e+003,1.259605e+001
2.850321e+003,1.225304e+001
2.851285e+003,1.193508e+001
2.852249e+003,1.166704e+001
2.853214e+003,1.147879e+001
2.854178e+003,1.139388e+001
2.855142e+003,1.141693e+001
2.856106e+003,1.152630e+001
2.857071e+003,1.167694e+001
2.858035e+003,1.181378e+001
2.858999e+003,1.189088e+001
2.859963e+003,1.188767e+001
2.860928e+003,1.181452e+001
2.861892e+003,1.170482e+001
2.862856e+003,1.159698e+001
2.863820e+003,1.151550e+001
2.864785e+003,1.146046e+001
2.865749e+003,1.141089e+001
2.866713e+003,1.133994e+001
2.867677e+003,1.123367e+001
2.868642e+003,1.110285e+001
2.869606e+003,1.098097e+001
2.870570e+003,1.090874e+001
2.871534e+003,1.091255e+001
2.872499e+003,1.098814e+001
2.873463e+003,1.109832e+001
2.874427e+003,1.118632e+001
2.875391e+003,1.119850e+001
2.876356e+003,1.110581e+001
2.877320e+003,1.091377e+001
2.878284e+003,1.065750e+001
2.879248e+003,1.038530e+001
2.880213e+003,1.014005e+001
2.881177e+003,9.947317e+000
2.882141e+003,9.814703e+000
2.883105e+003,9.739654e+000
2.884070e+003,9.718714e+000
2.885034e+003,9.750775e+000
2.885998e+003,9.831817e+000
2.886962e+003,9.944695e+000
2.887927e+003,1.005201e+001
2.888891e+003,1.009917e+001
2.889855e+003,1.002950e+001
2.890819e+003,9.805998e+000
2.891784e+003,9.429256e+000
2.892748e+003,8.942070e+000
2.893712e+003,8.416687e+000
2.894676e+003,7.929552e+000
2.895641e+003,7.534664e+000
2.896605e+003,7.247567e+000
2.897569e+003,7.046850e+000
2.898533e+003,6.891273e+000
2.899498e+003,6.743088e+000
2.900462e+003,6.585594e+000
2.901426e+003,6.426668e+000
2.902390e+003,6.288193e+000
2.903354e+003,6.188049e+000
2.904319e+003,6.125515e+000
2.905283e+003,6.078135e+000
2.906247e+003,6.011236e+000
2.907212e+003,5.894354e+000
2.908176e+003,5.715211e+000
2.909140e+003,5.483942e+000
2.910104e+003,5.226050e+000
2.911069e+003,4.969131e+000
2.912033e+003,4.731380e+000
2.912997e+003,4.518244e+000
2.913961e+003,4.327934e+000
2.914926e+003,4.160768e+000
2.915890e+003,4.024910e+000
2.916854e+003,3.933388e+000
2.917818e+003,3.893287e+000
2.918782e+003,3.893874e+000
2.919747e+003,3.902410e+000
2.920711e+003,3.873115e+000
2.921675e+003,3.767457e+000
2.922640e+003,3.576735e+000
2.923604e+003,3.334992e+000
2.924568e+003,3.113734e+000
2.925532e+003,2.998344e+000
2.926497e+003,3.055390e+000
2.927461e+003,3.305248e+000
2.928425e+003,3.712774e+000
2.929389e+003,4.200653e+000
2.930354e+003,4.679506e+000
2.931318e+003,5.081157e+000
2.932282e+003,5.380292e+000
2.933246e+003,5.595424e+000
2.934210e+003,5.770668e+000
2.935175e+003,5.948055e+000
2.936139e+003,6.144150e+000
2.937103e+003,6.341553e+000
2.938068e+003,6.497964e+000
2.939032e+003,6.566975e+000
2.939996e+003,6.519868e+000
2.940960e+003,6.358414e+000
2.941925e+003,6.114136e+000
2.942889e+003,5.836334e+000
2.943853e+003,5.575934e+000
2.944817e+003,5.372690e+000
2.945781e+003,5.249967e+000
2.946746e+003,5.216522e+000
2.947710e+003,5.271339e+000
2.948674e+003,5.407138e+000
2.949639e+003,5.610683e+000
2.950603e+003,5.861242e+000
2.951567e+003,6.130438e+000
2.952531e+003,6.386057e+000
2.953496e+003,6.599610e+000
2.954460e+003,6.754526e+000
2.955424e+003,6.850650e+000
2.956388e+003,6.902196e+000
2.957353e+003,6.929762e+000
2.958317e+003,6.950344e+000
2.959281e+003,6.970638e+000
2.960245e+003,6.987287e+000
2.961209e+003,6.994002e+000
2.962174e+003,6.991639e+000
2.963138e+003,6.995522e+000
2.964102e+003,7.035294e+000
2.965067e+003,7.146832e+000
2.966031e+003,7.359203e+000
2.966995e+003,7.682700e+000
2.967959e+003,8.103410e+000
2.968924e+003,8.586812e+000
2.969888e+003,9.088853e+000
2.970852e+003,9.569843e+000
2.971816e+003,1.000580e+001
2.972781e+003,1.039346e+001
2.973745e+003,1.074819e+001
2.974709e+003,1.109668e+001
2.975673e+003,1.146780e+001
2.976637e+003,1.188450e+001
2.977602e+003,1.235867e+001
2.978566e+003,1.288913e+001
2.979530e+003,1.346262e+001
2.980495e+003,1.405702e+001
2.981459e+003,1.464660e+001
2.982423e+003,1.520838e+001
2.983387e+003,1.572842e+001
2.984352e+003,1.620581e+001
2.985316e+003,1.665285e+001
2.986280e+003,1.709039e+001
2.987244e+003,1.753977e+001
2.988208e+003,1.801439e+001
2.989173e+003,1.851446e+001
2.990137e+003,1.902767e+001
2.991101e+003,1.953566e+001
2.992065e+003,2.002391e+001
2.993030e+003,2.049060e+001
2.993994e+003,2.095074e+001
2.994958e+003,2.143378e+001
2.995923e+003,2.197588e+001
2.996887e+003,2.261020e+001
2.997851e+003,2.335915e+001
2.998815e+003,2.423077e+001
2.999780e+003,2.521968e+001
3.000744e+003,2.631076e+001
3.001708e+003,2.748311e+001
3.002672e+003,2.871281e+001
3.003636e+003,2.997426e+001
3.004601e+003,3.124150e+001
3.005565e+003,3.249054e+001
3.006529e+003,3.370324e+001
3.007493e+003,3.487180e+001
3.008458e+003,3.600194e+001
3.009422e+003,3.711358e+001
3.010386e+003,3.823827e+001
3.011351e+003,3.941459e+001
3.012315e+003,4.068304e+001
3.013279e+003,4.208164e+001
3.014243e+003,4.364248e+001
3.015208e+003,4.538850e+001
3.016172e+003,4.732996e+001
3.017136e+003,4.946069e+001
3.018100e+003,5.175580e+001
3.019064e+003,5.417302e+001
3.020029e+003,5.665893e+001
3.020993e+003,5.915950e+001
3.021957e+003,6.163195e+001
3.022921e+003,6.405369e+001
3.023886e+003,6.642501e+001
3.024850e+003,6.876488e+001
3.025814e+003,7.110219e+001
3.026779e+003,7.346714e+001
3.027743e+003,7.588651e+001
3.028707e+003,7.838447e+001
3.029671e+003,8.098661e+001
3.030635e+003,8.372285e+001
3.031600e+003,8.662517e+001
3.032564e+003,8.971921e+001
3.033528e+003,9.301311e+001
3.034492e+003,9.648885e+001
3.035457e+003,1.001020e+002
3.036421e+003,1.037916e+002
3.037385e+003,1.074961e+002
3.038349e+003,1.111699e+002
3.039314e+003,1.147917e+002
3.040278e+003,1.183620e+002
3.041242e+003,1.218913e+002
3.042207e+003,1.253861e+002
3.043171e+003,1.288408e+002
3.044135e+003,1.322390e+002
3.045099e+003,1.355644e+002
3.046063e+003,1.388134e+002
3.047028e+003,1.420029e+002
3.047992e+003,1.451660e+002
3.048956e+003,1.483382e+002
3.049920e+003,1.515404e+002
3.050885e+003,1.547677e+002
3.051849e+003,1.579906e+002
3.052813e+003,1.611675e+002
3.053778e+003,1.642633e+002
3.054742e+003,1.672625e+002
3.055706e+003,1.701692e+002
3.056670e+003,1.729940e+002
3.057635e+003,1.757340e+002
3.058599e+003,1.783575e+002
3.059563e+003,1.808035e+002
3.060527e+003,1.829980e+002
3.061491e+003,1.848814e+002
3.062456e+003,1.864335e+002
3.063420e+003,1.876857e+002
3.064384e+003,1.887109e+002
3.065348e+003,1.895991e+002
3.066313e+003,1.904256e+002
3.067277e+003,1.912290e+002
3.068241e+003,1.920059e+002
3.069206e+003,1.927239e+002
3.070170e+003,1.933431e+002
3.071134e+003,1.938355e+002
3.072098e+003,1.941919e+002
3.073063e+003,1.944143e+002
3.074027e+003,1.945004e+002
3.074991e+003,1.944312e+002
3.075955e+003,1.941696e+002
3.076919e+003,1.936732e+002
3.077884e+003,1.929147e+002
3.078848e+003,1.919007e+002
3.079812e+003,1.906771e+002
3.080776e+003,1.893196e+002
3.081741e+003,1.879108e+002
3.082705e+003,1.865172e+002
3.083669e+003,1.851728e+002
3.084634e+003,1.838790e+002
3.085598e+003,1.826153e+002
3.086562e+003,1.813568e+002
3.087526e+003,1.800865e+002
3.088490e+003,1.787973e+002
3.089455e+003,1.774847e+002
3.090419e+003,1.761351e+002
3.091383e+003,1.747195e+002
3.092347e+003,1.731957e+002
3.093312e+003,1.715214e+002
3.094276e+003,1.696711e+002
3.095240e+003,1.676498e+002
3.096204e+003,1.654963e+002
3.097169e+003,1.632751e+002
3.098133e+003,1.610615e+002
3.099097e+003,1.589245e+002
3.100062e+003,1.569153e+002
3.101026e+003,1.550643e+002
3.101990e+003,1.533822e+002
3.102954e+003,1.518648e+002
3.103918e+003,1.504943e+002
3.104883e+003,1.492370e+002
3.105847e+003,1.480413e+002
3.106811e+003,1.468371e+002
3.107775e+003,1.455424e+002
3.108740e+003,1.440775e+002
3.109704e+003,1.423820e+002
3.110668e+003,1.404300e+002
3.111632e+003,1.382377e+002
3.112597e+003,1.358600e+002
3.113561e+003,1.333763e+002
3.114525e+003,1.308716e+002
3.115490e+003,1.284161e+002
3.116454e+003,1.260523e+002
3.117418e+003,1.237895e+002
3.118382e+003,1.216088e+002
3.119346e+003,1.194747e+002
3.120311e+003,1.173500e+002
3.121275e+003,1.152101e+002
3.122239e+003,1.130525e+002
3.123203e+003,1.108982e+002
3.124168e+003,1.087861e+002
3.125132e+003,1.067595e+002
3.126096e+003,1.048508e+002
3.127060e+003,1.030690e+002
3.128025e+003,1.013944e+002
3.128989e+003,9.978410e+001
3.129953e+003,9.818613e+001
3.130917e+003,9.655838e+001
3.131882e+003,9.488414e+001
3.132846e+003,9.317836e+001
3.133810e+003,9.148162e+001
3.134774e+003,8.984380e+001
3.135739e+003,8.830379e+001
3.136703e+003,8.687357e+001
3.137667e+003,8.553262e+001
3.138631e+003,8.423481e+001
3.139596e+003,8.292421e+001
3.140560e+003,8.155318e+001
3.141524e+003,8.009561e+001
3.142489e+003,7.855081e+001
3.143453e+003,7.693818e+001
3.144417e+003,7.528639e+001
3.145381e+003,7.362263e+001
3.146345e+003,7.196616e+001
3.147310e+003,7.032798e+001
3.148274e+003,6.871455e+001
3.149238e+003,6.713279e+001
3.150202e+003,6.559276e+001
3.151167e+003,6.410728e+001
3.152131e+003,6.268859e+001
3.153095e+003,6.134455e+001
3.154059e+003,6.007614e+001
3.155024e+003,5.887678e+001
3.155988e+003,5.773358e+001
3.156952e+003,5.662904e+001
3.157917e+003,5.554311e+001
3.158881e+003,5.445546e+001
3.159845e+003,5.334910e+001
3.160809e+003,5.221532e+001
3.161773e+003,5.105947e+001
3.162738e+003,4.990511e+001
3.163702e+003,4.879410e+001
3.164666e+003,4.778085e+001
3.165630e+003,4.692093e+001
3.166595e+003,4.625711e+001
3.167559e+003,4.580704e+001
3.168523e+003,4.555704e+001
3.169487e+003,4.546409e+001
3.170452e+003,4.546570e+001
3.171416e+003,4.549424e+001
3.172380e+003,4.549111e+001
3.173344e+003,4.541666e+001
3.174309e+003,4.525346e+001
3.175273e+003,4.500321e+001
3.176237e+003,4.467944e+001
3.177201e+003,4.429916e+001
3.178166e+003,4.387646e+001
3.179130e+003,4.341978e+001
3.180094e+003,4.293319e+001
3.181058e+003,4.242057e+001
3.182023e+003,4.189058e+001
3.182987e+003,4.136047e+001
3.183951e+003,4.085621e+001
3.184915e+003,4.040865e+001
3.185880e+003,4.004609e+001
3.186844e+003,3.978577e+001
3.187808e+003,3.962764e+001
3.188772e+003,3.955343e+001
3.189737e+003,3.953246e+001
3.190701e+003,3.953295e+001
3.191665e+003,3.953499e+001
3.192629e+003,3.953999e+001
3.193594e+003,3.957245e+001
3.194558e+003,3.967287e+001
3.195522e+003,3.988406e+001
3.196486e+003,4.023639e+001
3.197451e+003,4.073764e+001
3.198415e+003,4.137153e+001
3.199379e+003,4.210477e+001
3.200343e+003,4.289905e+001
3.201308e+003,4.372241e+001
3.202272e+003,4.455555e+001
3.203236e+003,4.539143e+001
3.204200e+003,4.623032e+001
3.205165e+003,4.707427e+001
3.206129e+003,4.792461e+001
3.207093e+003,4.878353e+001
3.208057e+003,4.965758e+001
3.209021e+003,5.055936e+001
3.209986e+003,5.150471e+001
3.210950e+003,5.250529e+001
3.211914e+003,5.356024e+001
3.212879e+003,5.465197e+001
3.213843e+003,5.574986e+001
3.214807e+003,5.682176e+001
3.215771e+003,5.784881e+001
3.216736e+003,5.883651e+001
3.217700e+003,5.981591e+001
3.218664e+003,6.083298e+001
3.219628e+003,6.193026e+001
3.220593e+003,6.312785e+001
3.221557e+003,6.441266e+001
3.222521e+003,6.573963e+001
3.223485e+003,6.704468e+001
3.224450e+003,6.826267e+001
3.225414e+003,6.934343e+001
3.226378e+003,7.025969e+001
3.227342e+003,7.100642e+001
3.228307e+003,7.159474e+001
3.229271e+003,7.204576e+001
3.230235e+003,7.238796e+001
3.231199e+003,7.265777e+001
3.232164e+003,7.289984e+001
3.233128e+003,7.316258e+001
3.234092e+003,7.348701e+001
3.235056e+003,7.389211e+001
3.236021e+003,7.436284e+001
3.236985e+003,7.484853e+001
3.237949e+003,7.527467e+001
3.238913e+003,7.556566e+001
3.239878e+003,7.567022e+001
3.240842e+003,7.557871e+001
3.241806e+003,7.532509e+001
3.242770e+003,7.497279e+001
3.243735e+003,7.459068e+001
3.244699e+003,7.422987e+001
3.245663e+003,7.391044e+001
3.246627e+003,7.362237e+001
3.247592e+003,7.333769e+001
3.248556e+003,7.302585e+001
3.249520e+003,7.266444e+001
3.250484e+003,7.224116e+001
3.251448e+003,7.174883e+001
3.252413e+003,7.117958e+001
3.253377e+003,7.052451e+001
3.254341e+003,6.978106e+001
3.255306e+003,6.896446e+001
3.256270e+003,6.811610e+001
3.257234e+003,6.730134e+001
3.258198e+003,6.659464e+001
3.259163e+003,6.605647e+001
3.260127e+003,6.571154e+001
3.261091e+003,6.553889e+001
3.262055e+003,6.547900e+001
3.263020e+003,6.545552e+001
3.263984e+003,6.540240e+001
3.264948e+003,6.528416e+001
3.265912e+003,6.510117e+001
3.266876e+003,6.487856e+001
3.267841e+003,6.464589e+001
3.268805e+003,6.441859e+001
3.269769e+003,6.419113e+001
3.270734e+003,6.394525e+001
3.271698e+003,6.366863e+001
3.272662e+003,6.337416e+001
3.273626e+003,6.310909e+001
3.274591e+003,6.294858e+001
3.275555e+003,6.297559e+001
3.276519e+003,6.325515e+001
3.277483e+003,6.381411e+001
3.278448e+003,6.463422e+001
3.279412e+003,6.566093e+001
3.280376e+003,6.682353e+001
3.281340e+003,6.805853e+001
3.282304e+003,6.932832e+001
3.283269e+003,7.063002e+001
3.284233e+003,7.199426e+001
3.285197e+003,7.347646e+001
3.286162e+003,7.514481e+001
3.287126e+003,7.706760e+001
3.288090e+003,7.930137e+001
3.289054e+003,8.187996e+001
3.290019e+003,8.480526e+001
3.290983e+003,8.804166e+001
3.291947e+003,9.151685e+001
3.292911e+003,9.513098e+001
3.293875e+003,9.877407e+001
3.294840e+003,1.023475e+002
3.295804e+003,1.057842e+002
3.296768e+003,1.090604e+002
3.297732e+003,1.121955e+002
3.298697e+003,1.152402e+002
3.299661e+003,1.182570e+002
3.300625e+003,1.213000e+002
3.301590e+003,1.244001e+002
3.302554e+003,1.275602e+002
3.303518e+003,1.307587e+002
3.304482e+003,1.339597e+002
3.305447e+003,1.371235e+002
3.306411e+003,1.402140e+002
3.307375e+003,1.432002e+002
3.308339e+003,1.460539e+002
3.309303e+003,1.487443e+002
3.310268e+003,1.512346e+002
3.311232e+003,1.534829e+002
3.312196e+003,1.554480e+002
3.313160e+003,1.571001e+002
3.314125e+003,1.584337e+002
3.315089e+003,1.594784e+002
3.316053e+003,1.603040e+002
3.317018e+003,1.610179e+002
3.317982e+003,1.617528e+002
3.318946e+003,1.626478e+002
3.319910e+003,1.638271e+002
3.320875e+003,1.653815e+002
3.321839e+003,1.673580e+002
3.322803e+003,1.697592e+002
3.323767e+003,1.725527e+002
3.324731e+003,1.756853e+002
3.325696e+003,1.790975e+002
3.326660e+003,1.827340e+002
3.327624e+003,1.865471e+002
3.328589e+003,1.904955e+002
3.329553e+003,1.945399e+002
3.330517e+003,1.986407e+002
3.331481e+003,2.027575e+002
3.332446e+003,2.068523e+002
3.333410e+003,2.108915e+002
3.334374e+003,2.148484e+002
3.335338e+003,2.186998e+002
3.336302e+003,2.224229e+002
3.337267e+003,2.259923e+002
3.338231e+003,2.293793e+002
3.339195e+003,2.325560e+002
3.340159e+003,2.355003e+002
3.341124e+003,2.381999e+002
3.342088e+003,2.406519e+002
3.343052e+003,2.428565e+002
3.344017e+003,2.448071e+002
3.344981e+003,2.464813e+002
3.345945e+003,2.478363e+002
3.346909e+003,2.488127e+002
3.347874e+003,2.493455e+002
3.348838e+003,2.493784e+002
3.349802e+003,2.488780e+002
3.350766e+003,2.478421e+002
3.351730e+003,2.463004e+002
3.352695e+003,2.443094e+002
3.353659e+003,2.419420e+002
3.354623e+003,2.392766e+002
3.355587e+003,2.363847e+002
3.356552e+003,2.333221e+002
3.357516e+003,2.301212e+002
3.358480e+003,2.267887e+002
3.359445e+003,2.233091e+002
3.360409e+003,2.196550e+002
3.361373e+003,2.158043e+002
3.362337e+003,2.117569e+002
3.363302e+003,2.075476e+002
3.364266e+003,2.032457e+002
3.365230e+003,1.989417e+002
3.366194e+003,1.947209e+002
3.367158e+003,1.906362e+002
3.368123e+003,1.866883e+002
3.369087e+003,1.828258e+002
3.370051e+003,1.789648e+002
3.371015e+003,1.750222e+002
3.371980e+003,1.709506e+002
3.372944e+003,1.667588e+002
3.373908e+003,1.625106e+002
3.374873e+003,1.583007e+002
3.375837e+003,1.542187e+002
3.376801e+003,1.503160e+002
3.377765e+003,1.465899e+002
3.378729e+003,1.429907e+002
3.379694e+003,1.394481e+002
3.380658e+003,1.359043e+002
3.381622e+003,1.323381e+002
3.382586e+003,1.287720e+002
3.383551e+003,1.252571e+002
3.384515e+003,1.218475e+002
3.385479e+003,1.185739e+002
3.386443e+003,1.154296e+002
3.387408e+003,1.123746e+002
3.388372e+003,1.093537e+002
3.389336e+003,1.063190e+002
3.390301e+003,1.032473e+002
3.391265e+003,1.001437e+002
3.392229e+003,9.703285e+001
3.393193e+003,9.394304e+001
3.394157e+003,9.089364e+001
3.395122e+003,8.789149e+001
3.396086e+003,8.493835e+001
3.397050e+003,8.204374e+001
3.398014e+003,7.923524e+001
3.398979e+003,7.655898e+001
3.399943e+003,7.406743e+001
3.400907e+003,7.179884e+001
3.401871e+003,6.975708e+001
3.402836e+003,6.790124e+001
3.403800e+003,6.615135e+001
3.404764e+003,6.440968e+001
3.405729e+003,6.259044e+001
3.406693e+003,6.064741e+001
3.407657e+003,5.858865e+001
3.408621e+003,5.647297e+001
3.409585e+003,5.438897e+001
3.410550e+003,5.242437e+001
3.411514e+003,5.063684e+001
3.412478e+003,4.903667e+001
3.413442e+003,4.758733e+001
3.414407e+003,4.622306e+001
3.415371e+003,4.487682e+001
3.416335e+003,4.350739e+001
3.417300e+003,4.211582e+001
3.418264e+003,4.074469e+001
3.419228e+003,3.946049e+001
3.420192e+003,3.832582e+001
3.421156e+003,3.737163e+001
3.422121e+003,3.658034e+001
3.423085e+003,3.588609e+001
3.424049e+003,3.519279e+001
3.425013e+003,3.440345e+001
3.425978e+003,3.345080e+001
3.426942e+003,3.231871e+001
3.427906e+003,3.104692e+001
3.428870e+003,2.971871e+001
3.429835e+003,2.843619e+001
3.430799e+003,2.729208e+001
3.431763e+003,2.634703e+001
3.432728e+003,2.561880e+001
3.433692e+003,2.508450e+001
3.434656e+003,2.469284e+001
3.435620e+003,2.438028e+001
3.436584e+003,2.408546e+001
3.437549e+003,2.375818e+001
3.438513e+003,2.336238e+001
3.439477e+003,2.287529e+001
3.440441e+003,2.228556e+001
3.441406e+003,2.159262e+001
3.442370e+003,2.080763e+001
3.443334e+003,1.995468e+001
3.444298e+003,1.907026e+001
3.445263e+003,1.819941e+001
3.446227e+003,1.738860e+001
3.447191e+003,1.667688e+001
3.448156e+003,1.608788e+001
3.449120e+003,1.562535e+001
3.450084e+003,1.527357e+001
3.451048e+003,1.500276e+001
3.452012e+003,1.477747e+001
3.452977e+003,1.456563e+001
3.453941e+003,1.434524e+001
3.454905e+003,1.410716e+001
3.455869e+003,1.385328e+001
3.456834e+003,1.359132e+001
3.457798e+003,1.332830e+001
3.458762e+003,1.306541e+001
3.459726e+003,1.279594e+001
3.460691e+003,1.250724e+001
3.461655e+003,1.218562e+001
3.462619e+003,1.182226e+001
3.463583e+003,1.141761e+001
3.464548e+003,1.098250e+001
3.465512e+003,1.053533e+001
3.466476e+003,1.009702e+001
3.467440e+003,9.685411e+000
3.468405e+003,9.311932e+000
3.469369e+003,8.981363e+000
3.470333e+003,8.694513e+000
3.471297e+003,8.451836e+000
3.472262e+003,8.255837e+000
3.473226e+003,8.110630e+000
3.474190e+003,8.018798e+000
3.475154e+003,7.977047e+000
3.476119e+003,7.973177e+000
3.477083e+003,7.986188e+000
3.478047e+003,7.990042e+000
3.479011e+003,7.959733e+000
3.479976e+003,7.877342e+000
3.480940e+003,7.735657e+000
3.481904e+003,7.538324e+000
3.482868e+003,7.296893e+000
3.483833e+003,7.026655e+000
3.484797e+003,6.743109e+000
3.485761e+003,6.460411e+000
3.486725e+003,6.191566e+000
3.487690e+003,5.949427e+000
3.488654e+003,5.746842e+000
3.489618e+003,5.595585e+000
3.490582e+003,5.504020e+000
3.491547e+003,5.474732e+000
3.492511e+003,5.503069e+000
3.493475e+003,5.577168e+000
3.494439e+003,5.679077e+000
3.495404e+003,5.786479e+000
3.496368e+003,5.874504e+000
3.497332e+003,5.918080e+000
3.498296e+003,5.895420e+000
3.499261e+003,5.793115e+000
3.500225e+003,5.611726e+000
3.501189e+003,5.369586e+000
3.502153e+003,5.101622e+000
3.503118e+003,4.851334e+000
3.504082e+003,4.656563e+000
3.505046e+003,4.533483e+000
3.506010e+003,4.465269e+000
3.506975e+003,4.401958e+000
3.507939e+003,4.274199e+000
3.508903e+003,4.018133e+000
3.509867e+003,3.603082e+000
3.510832e+003,3.051146e+000
3.511796e+003,2.439497e+000
3.512760e+003,1.882280e+000
3.513724e+003,1.496815e+000
3.514689e+003,1.365527e+000
3.515653e+003,1.507127e+000
3.516617e+003,1.867766e+000
3.517581e+003,2.335396e+000
3.518546e+003,2.772295e+000
3.519510e+003,3.054313e+000
3.520474e+003,3.103883e+000
3.521438e+003,2.907123e+000
3.522403e+003,2.511920e+000
3.523367e+003,2.010370e+000
3.524331e+003,1.513432e+000
3.525295e+003,1.126059e+000
3.526260e+003,9.286492e-001
3.527224e+003,9.666061e-001
3.528188e+003,1.246931e+000
3.529152e+003,1.739411e+000
3.530117e+003,2.380964e+000
3.531081e+003,3.083010e+000
3.532045e+003,3.742750e+000
3.533009e+003,4.258419e+000
3.533974e+003,4.546839e+000
3.534938e+003,4.559372e+000
3.535902e+003,4.291799e+000
3.536866e+003,3.784530e+000
3.537831e+003,3.112647e+000
3.538795e+003,2.368433e+000
3.539759e+003,1.641678e+000
3.540723e+003,1.003367e+000
3.541688e+003,4.968958e-001
3.542652e+003,1.378629e-001
3.543616e+003,-7.933942e-002
3.544580e+003,-1.718876e-001
3.545545e+003,-1.596102e-001
3.546509e+003,-5.959624e-002
3.547473e+003,1.149739e-001
3.548437e+003,3.525575e-001
3.549402e+003,6.393864e-001
3.550366e+003,9.559895e-001
3.551330e+003,1.275543e+000
3.552294e+003,1.564832e+000
3.553259e+003,1.787979e+000
3.554223e+003,1.912268e+000
3.555187e+003,1.914937e+000
3.556151e+003,1.789305e+000
3.557115e+003,1.548530e+000
3.558080e+003,1.225544e+000
3.559044e+003,8.685917e-001
3.560008e+003,5.329661e-001
3.560973e+003,2.707079e-001
3.561937e+003,1.205154e-001
3.562901e+003,1.003398e-001
3.563865e+003,2.041560e-001
3.564830e+003,4.036035e-001
3.565794e+003,6.539739e-001
3.566758e+003,9.033999e-001
3.567722e+003,1.103647e+000
3.568687e+003,1.220548e+000
3.569651e+003,1.242049e+000
3.570615e+003,1.181692e+000
3.571579e+003,1.075951e+000
3.572543e+003,9.749239e-001
3.573508e+003,9.278551e-001
3.574472e+003,9.670558e-001
3.575436e+003,1.095258e+000
3.576401e+003,1.281324e+000
3.577365e+003,1.467031e+000
3.578329e+003,1.584102e+000
3.579293e+003,1.576497e+000
3.580258e+003,1.420705e+000
3.581222e+003,1.136468e+000
3.582186e+003,7.835929e-001
3.583150e+003,4.452722e-001
3.584115e+003,2.033626e-001
3.585079e+003,1.140302e-001
3.586043e+003,1.920494e-001
3.587007e+003,4.087338e-001
3.587972e+003,7.035026e-001
3.588936e+003,1.004250e+000
3.589900e+003,1.249054e+000
3.590864e+003,1.401954e+000
3.591829e+003,1.458462e+000
3.592793e+003,1.440407e+000
3.593757e+003,1.383411e+000
3.594721e+003,1.322210e+000
3.595686e+003,1.278864e+000
3.596650e+003,1.257106e+000
3.597614e+003,1.243591e+000
3.598578e+003,1.214471e+000
3.599542e+003,1.144586e+000
3.600507e+003,1.016133e+000
3.601471e+003,8.244509e-001
3.602435e+003,5.796626e-001
3.603400e+003,3.042122e-001
3.604364e+003,2.751644e-002
3.605328e+003,-2.204359e-001
3.606292e+003,-4.145552e-001
3.607257e+003,-5.377071e-001
3.608221e+003,-5.811560e-001
3.609185e+003,-5.431226e-001
3.610149e+003,-4.271932e-001
3.611114e+003,-2.419283e-001
3.612078e+003,-2.253950e-003
3.613042e+003,2.684012e-001
3.614006e+003,5.372708e-001
3.614970e+003,7.648750e-001
3.615935e+003,9.118548e-001
3.616899e+003,9.487033e-001
3.617863e+003,8.650340e-001
3.618828e+003,6.745137e-001
3.619792e+003,4.126964e-001
3.620756e+003,1.279067e-001
3.621720e+003,-1.317359e-001
3.622685e+003,-3.300858e-001
3.623649e+003,-4.490797e-001
3.624613e+003,-4.871743e-001
3.625577e+003,-4.519142e-001
3.626542e+003,-3.510461e-001
3.627506e+003,-1.873492e-001
3.628470e+003,3.993940e-002
3.629434e+003,3.278116e-001
3.630398e+003,6.606039e-001
3.631363e+003,1.005017e+000
3.632327e+003,1.313098e+000
3.633291e+003,1.533365e+000
3.634256e+003,1.626190e+000
3.635220e+003,1.577040e+000
3.636184e+003,1.401903e+000
3.637148e+003,1.142397e+000
3.638113e+003,8.526913e-001
3.639077e+003,5.835122e-001
3.640041e+003,3.695021e-001
3.641005e+003,2.239580e-001
3.641969e+003,1.415121e-001
3.642934e+003,1.055966e-001
3.643898e+003,9.647031e-002
3.644862e+003,9.659135e-002
3.645826e+003,9.244099e-002
3.646791e+003,7.434498e-002
3.647755e+003,3.683111e-002
3.648719e+003,-1.921253e-002
3.649684e+003,-8.339135e-002
3.650648e+003,-1.344994e-001
3.651612e+003,-1.437077e-001
3.652576e+003,-8.310337e-002
3.653541e+003,6.285672e-002
3.654505e+003,2.876288e-001
3.655469e+003,5.595255e-001
3.656433e+003,8.278258e-001
3.657397e+003,1.036561e+000
3.658362e+003,1.140805e+000
3.659326e+003,1.119117e+000
3.660290e+003,9.772893e-001
3.661254e+003,7.427058e-001
3.662219e+003,4.526722e-001
3.663183e+003,1.425632e-001
3.664147e+003,-1.609991e-001
3.665112e+003,-4.398596e-001
3.666076e+003,-6.789905e-001
3.667040e+003,-8.607131e-001
3.668004e+003,-9.632331e-001
3.668969e+003,-9.654214e-001
3.669933e+003,-8.560564e-001
3.670897e+003,-6.427247e-001
3.671861e+003,-3.552720e-001
3.672825e+003,-4.079583e-002
3.673790e+003,2.476176e-001
3.674754e+003,4.665769e-001
3.675718e+003,5.936075e-001
3.676682e+003,6.311189e-001
3.677647e+003,6.018655e-001
3.678611e+003,5.387033e-001
3.679575e+003,4.732558e-001
3.680540e+003,4.278356e-001
3.681504e+003,4.125482e-001
3.682468e+003,4.268678e-001
3.683432e+003,4.630862e-001
3.684396e+003,5.092551e-001
3.685361e+003,5.505916e-001
3.686325e+003,5.703503e-001
3.687289e+003,5.518818e-001
3.688253e+003,4.831073e-001
3.689218e+003,3.625149e-001
3.690182e+003,2.042054e-001
3.691146e+003,3.860483e-002
3.692111e+003,-9.299964e-002
3.693075e+003,-1.495461e-001
3.694039e+003,-1.033489e-001
3.695003e+003,4.956695e-002
3.695968e+003,2.862114e-001
3.696932e+003,5.619388e-001
3.697896e+003,8.225114e-001
3.698860e+003,1.018430e+000
3.699824e+003,1.116508e+000
3.700789e+003,1.105131e+000
3.701753e+003,9.925548e-001
3.702717e+003,8.002676e-001
3.703681e+003,5.544624e-001
3.704646e+003,2.804095e-001
3.705610e+003,4.511625e-004
3.706574e+003,-2.661705e-001
3.707539e+003,-5.016052e-001
3.708503e+003,-6.882789e-001
3.709467e+003,-8.092628e-001
3.710431e+003,-8.499845e-001
3.711396e+003,-8.002589e-001
3.712360e+003,-6.557485e-001
3.713324e+003,-4.185643e-001
3.714288e+003,-9.748651e-002
3.715252e+003,2.915303e-001
3.716217e+003,7.243706e-001
3.717181e+003,1.168039e+000
3.718145e+003,1.581589e+000
3.719109e+003,1.919971e+000
3.720074e+003,2.140946e+000
3.721038e+003,2.213715e+000
3.722002e+003,2.126530e+000
3.722967e+003,1.890506e+000
3.723931e+003,1.537788e+000
3.724895e+003,1.114351e+000
3.725859e+003,6.696481e-001
3.726823e+003,2.465397e-001
3.727788e+003,-1.254746e-001
3.728752e+003,-4.321557e-001
3.729716e+003,-6.720775e-001
3.730680e+003,-8.517978e-001
3.731645e+003,-9.811130e-001
3.732609e+003,-1.069927e+000
3.733573e+003,-1.126971e+000
3.734537e+003,-1.157551e+000
3.735502e+003,-1.167546e+000
3.736466e+003,-1.156581e+000
3.737430e+003,-1.118690e+000
3.738395e+003,-1.042881e+000
3.739359e+003,-9.168494e-001
3.740323e+003,-7.335901e-001
3.741287e+003,-4.989469e-001
3.742251e+003,-2.365929e-001
3.743216e+003,1.284915e-002
3.744180e+003,2.001556e-001
3.745144e+003,2.818580e-001
3.746108e+003,2.362500e-001
3.747073e+003,7.496306e-002
3.748037e+003,-1.550205e-001
3.749001e+003,-3.811835e-001
3.749965e+003,-5.248947e-001
3.750930e+003,-5.246338e-001
3.751894e+003,-3.551684e-001
3.752858e+003,-3.614935e-002
3.753823e+003,3.730832e-001
3.754787e+003,7.907319e-001
3.755751e+003,1.136182e+000
3.756715e+003,1.352325e+000
3.757679e+003,1.419783e+000
3.758644e+003,1.359246e+000
3.759608e+003,1.222260e+000
3.760572e+003,1.074332e+000
3.761536e+003,9.760972e-001
3.762501e+003,9.680754e-001
3.763465e+003,1.062727e+000
3.764429e+003,1.244845e+000
3.765393e+003,1.480082e+000
3.766358e+003,1.722452e+000
3.767322e+003,1.930245e+000
3.768286e+003,2.073774e+000
3.769250e+003,2.139803e+000
3.770215e+003,2.130685e+000
3.771179e+003,2.059313e+000
3.772143e+003,1.942002e+000
3.773107e+003,1.792041e+000
3.774072e+003,1.616158e+000
3.775036e+003,1.415138e+000
3.776000e+003,1.188038e+000
3.776964e+003,9.380871e-001
3.777929e+003,6.774403e-001
3.778893e+003,4.284367e-001
3.779857e+003,2.203203e-001
3.780821e+003,8.235827e-002
3.781786e+003,3.563842e-002
3.782750e+003,8.648295e-002
3.783714e+003,2.235058e-001
3.784678e+003,4.189775e-001
3.785643e+003,6.335785e-001
3.786607e+003,8.229008e-001
3.787571e+003,9.442601e-001
3.788535e+003,9.631807e-001
3.789500e+003,8.595299e-001
3.790464e+003,6.332176e-001
3.791428e+003,3.082990e-001
3.792392e+003,-6.659037e-002
3.793357e+003,-4.239599e-001
3.794321e+003,-6.903660e-001
3.795285e+003,-8.047228e-001
3.796250e+003,-7.371048e-001
3.797214e+003,-5.008963e-001
3.798178e+003,-1.531447e-001
3.799142e+003,2.199520e-001
3.800106e+003,5.283012e-001
3.801071e+003,7.057444e-001
3.802035e+003,7.303399e-001
3.802999e+003,6.292924e-001
3.803963e+003,4.666543e-001
3.804928e+003,3.185805e-001
3.805892e+003,2.459466e-001
3.806856e+003,2.747148e-001
3.807820e+003,3.907969e-001
3.808785e+003,5.496770e-001
3.809749e+003,6.951849e-001
3.810713e+003,7.786811e-001
3.811677e+003,7.713377e-001
3.812642e+003,6.663605e-001
3.813606e+003,4.733838e-001
3.814570e+003,2.103718e-001
3.815534e+003,-1.017341e-001
3.816499e+003,-4.393718e-001
3.817463e+003,-7.735832e-001
3.818427e+003,-1.068342e+000
3.819391e+003,-1.283970e+000
3.820356e+003,-1.386436e+000
3.821320e+003,-1.359528e+000
3.822284e+003,-1.214200e+000
3.823248e+003,-9.898711e-001
3.824213e+003,-7.457350e-001
3.825177e+003,-5.444556e-001
3.826141e+003,-4.343635e-001
3.827105e+003,-4.282078e-001
3.828070e+003,-5.279009e-001
3.829034e+003,-6.990174e-001
3.829998e+003,-8.944413e-001
3.830962e+003,-1.068616e+000
3.831927e+003,-1.188112e+000
3.832891e+003,-1.236468e+000
3.833855e+003,-1.214083e+000
3.834819e+003,-1.135258e+000
3.835784e+003,-1.024221e+000
3.836748e+003,-9.104465e-001
3.837712e+003,-8.228817e-001
3.838676e+003,-7.828518e-001
3.839641e+003,-7.970917e-001
3.840605e+003,-8.535739e-001
3.841569e+003,-9.230189e-001
3.842533e+003,-9.669133e-001
3.843498e+003,-9.499996e-001
3.844462e+003,-8.524314e-001
3.845426e+003,-6.765625e-001
3.846390e+003,-4.452099e-001
3.847354e+003,-1.924686e-001
3.848319e+003,4.851240e-002
3.849283e+003,2.549664e-001
3.850247e+003,4.171988e-001
3.851212e+003,5.343927e-001
3.852176e+003,6.074128e-001
3.853140e+003,6.338554e-001
3.854104e+003,6.091834e-001
3.855069e+003,5.335578e-001
3.856033e+003,4.201563e-001
3.856997e+003,2.989448e-001
3.857961e+003,2.143855e-001
3.858926e+003,2.058234e-001
3.859890e+003,2.964315e-001
3.860854e+003,4.814317e-001
3.861818e+003,7.274683e-001
3.862783e+003,9.833727e-001
3.863747e+003,1.198162e+000
3.864711e+003,1.338389e+000
3.865675e+003,1.397537e+000
3.866640e+003,1.393685e+000
3.867604e+003,1.357521e+000
3.868568e+003,1.316742e+000
3.869532e+003,1.284361e+000
3.870497e+003,1.255774e+000
3.871461e+003,1.215127e+000
3.872425e+003,1.147050e+000
3.873389e+003,1.047817e+000
3.874354e+003,9.307259e-001
3.875318e+003,8.236612e-001
3.876282e+003,7.601905e-001
3.877246e+003,7.680621e-001
3.878211e+003,8.594322e-001
3.879175e+003,1.026008e+000
3.880139e+003,1.240324e+000
3.881103e+003,1.462551e+000
3.882068e+003,1.650836e+000
3.883032e+003,1.772604e+000
3.883996e+003,1.813625e+000
3.884960e+003,1.782035e+000
3.885925e+003,1.705150e+000
3.886889e+003,1.619057e+000
3.887853e+003,1.553651e+000
3.888817e+003,1.512390e+000
3.889781e+003,1.485774e+000
3.890746e+003,1.433423e+000
3.891710e+003,1.306172e+000
3.892674e+003,1.067988e+000
3.893639e+003,7.152526e-001
3.894603e+003,2.843674e-001
3.895567e+003,-1.569001e-001
3.896531e+003,-5.317360e-001
3.897496e+003,-7.811729e-001
3.898460e+003,-8.836545e-001
3.899424e+003,-8.584252e-001
3.900388e+003,-7.511999e-001
3.901353e+003,-6.091663e-001
3.902317e+003,-4.577149e-001
3.903281e+003,-2.907409e-001
3.904245e+003,-7.980788e-002
3.905209e+003,2.020542e-001
3.906174e+003,5.538778e-001
3.907138e+003,9.317203e-001
3.908102e+003,1.254307e+000
3.909067e+003,1.429070e+000
3.910031e+003,1.388449e+000
3.910995e+003,1.120999e+000
3.911959e+003,6.834270e-001
3.912924e+003,1.876510e-001
3.913888e+003,-2.325439e-001
3.914852e+003,-4.625466e-001
3.915816e+003,-4.403527e-001
3.916781e+003,-1.711427e-001
3.917745e+003,2.801100e-001
3.918709e+003,8.126605e-001
3.919673e+003,1.320860e+000
3.920637e+003,1.719835e+000
3.921602e+003,1.959646e+000
3.922566e+003,2.028086e+000
3.923530e+003,1.944438e+000
3.924495e+003,1.749545e+000
3.925459e+003,1.496101e+000
3.926423e+003,1.240616e+000
3.927387e+003,1.036518e+000
3.928352e+003,9.273182e-001
3.929316e+003,9.400046e-001
3.930280e+003,1.079979e+000
3.931244e+003,1.329611e+000
3.932208e+003,1.651507e+000
3.933173e+003,1.995954e+000
3.934137e+003,2.310323e+000
3.935101e+003,2.547684e+000
3.936065e+003,2.672801e+000
3.937030e+003,2.665139e+000
3.937994e+003,2.519778e+000
3.938958e+003,2.247228e+000
3.939923e+003,1.872369e+000
3.940887e+003,1.431675e+000
3.941851e+003,9.676790e-001
3.942815e+003,5.207747e-001
3.943780e+003,1.203901e-001
3.944744e+003,-2.209154e-001
3.945708e+003,-5.071341e-001
3.946672e+003,-7.512689e-001
3.947636e+003,-9.632046e-001
3.948601e+003,-1.138616e+000
3.949565e+003,-1.255089e+000
3.950529e+003,-1.293500e+000
3.951493e+003,-1.209425e+000
3.952458e+003,-9.930612e-001
3.953422e+003,-6.700252e-001
3.954386e+003,-3.004445e-001
3.955351e+003,3.741321e-002
3.956315e+003,2.737224e-001
3.957279e+003,3.733247e-001
3.958243e+003,3.502639e-001
3.959208e+003,2.634957e-001
3.960172e+003,1.943989e-001
3.961136e+003,2.143593e-001
3.962100e+003,3.552160e-001
3.963064e+003,5.943518e-001
3.964029e+003,8.605182e-001
3.964993e+003,1.058179e+000
3.965957e+003,1.101155e+000
3.966922e+003,9.431054e-001
3.967886e+003,5.941967e-001
3.968850e+003,1.188943e-001
3.969814e+003,-3.831372e-001
3.970779e+003,-8.055438e-001
3.971743e+003,-1.063349e+000
3.972707e+003,-1.112246e+000
3.973671e+003,-9.545805e-001
3.974635e+003,-6.324329e-001
3.975600e+003,-2.117421e-001
3.976564e+003,2.364258e-001
3.977528e+003,6.519880e-001
3.978492e+003,9.954563e-001
3.979457e+003,1.249972e+000
3.980421e+003,1.417012e+000
3.981385e+003,1.517868e+000
3.982350e+003,1.559311e+000
3.983314e+003,1.554276e+000
3.984278e+003,1.513536e+000
3.985242e+003,1.447438e+000
3.986207e+003,1.368166e+000
3.987171e+003,1.290301e+000
3.988135e+003,1.228360e+000
3.989099e+003,1.191864e+000
3.990063e+003,1.180005e+000
3.991028e+003,1.179016e+000
3.991992e+003,1.164306e+000
3.992956e+003,1.107708e+000
3.993920e+003,9.875139e-001
3.994885e+003,7.975193e-001
3.995849e+003,5.511419e-001
3.996813e+003,2.787392e-001
3.997778e+003,1.898471e-002
3.998742e+003,-1.921204e-001
3.999706e+003,-3.302171e-001
4.000670e+003,-3.862234e-001
4.001635e+003,-3.640963e-001
4.002599e+003,-2.749375e-001
4.003563e+003,-1.313384e-001
4.004527e+003,5.490987e-002
4.005491e+003,2.707062e-001
4.006456e+003,4.971824e-001
4.007420e+003,7.063665e-001
4.008384e+003,8.624099e-001
4.009348e+003,9.282656e-001
4.010313e+003,8.759981e-001
4.011277e+003,6.965215e-001
4.012241e+003,4.039879e-001
4.013206e+003,3.564952e-002
4.014170e+003,-3.585793e-001
4.015134e+003,-7.271370e-001
4.016098e+003,-1.027361e+000
4.017063e+003,-1.232381e+000
4.018027e+003,-1.333550e+000
4.018991e+003,-1.339590e+000
4.019955e+003,-1.273728e+000
4.020919e+003,-1.169702e+000
4.021884e+003,-1.066155e+000
4.022848e+003,-9.989730e-001
4.023812e+003,-9.918079e-001
4.024776e+003,-1.047187e+000
4.025741e+003,-1.141742e+000
4.026705e+003,-1.229286e+000
4.027669e+003,-1.252765e+000
4.028634e+003,-1.162733e+000
4.029598e+003,-9.361892e-001
4.030562e+003,-5.885751e-001
4.031526e+003,-1.733464e-001
4.032490e+003,2.317476e-001
4.033455e+003,5.474966e-001
4.034419e+003,7.169756e-001
4.035383e+003,7.218122e-001
4.036347e+003,5.853835e-001
4.037312e+003,3.627011e-001
4.038276e+003,1.214499e-001
4.039240e+003,-7.837147e-002
4.040204e+003,-1.995696e-001
4.041169e+003,-2.336227e-001
4.042133e+003,-1.975141e-001
4.043097e+003,-1.238311e-001
4.044062e+003,-5.112641e-002
4.045026e+003,-1.146453e-002
4.045990e+003,-2.382493e-002
4.046954e+003,-9.037519e-002
4.047918e+003,-1.964200e-001
4.048883e+003,-3.140783e-001
4.049847e+003,-4.096958e-001
4.050811e+003,-4.540019e-001
4.051775e+003,-4.326533e-001
4.052740e+003,-3.534760e-001
4.053704e+003,-2.469349e-001
4.054668e+003,-1.581874e-001
4.055633e+003,-1.324482e-001
4.056597e+003,-1.983393e-001
4.057561e+003,-3.557927e-001
4.058525e+003,-5.732487e-001
4.059490e+003,-7.959684e-001
4.060454e+003,-9.622850e-001
4.061418e+003,-1.021868e+000
4.062382e+003,-9.492931e-001
4.063346e+003,-7.486606e-001
4.064311e+003,-4.490485e-001
4.065275e+003,-9.409777e-002
4.066239e+003,2.693291e-001
4.067203e+003,5.993904e-001
4.068168e+003,8.630903e-001
4.069132e+003,1.036955e+000
4.070096e+003,1.107163e+000
4.071061e+003,1.070801e+000
4.072025e+003,9.381402e-001
4.072989e+003,7.337388e-001
4.073953e+003,5.011165e-001
4.074917e+003,2.749972e-001
4.075882e+003,9.286490e-002
4.076846e+003,-2.065095e-002
4.077810e+003,-5.845590e-002
4.078774e+003,-2.951063e-002
4.079739e+003,4.788794e-002
4.080703e+003,1.545383e-001
4.081667e+003,2.763358e-001
4.082631e+003,4.050525e-001
4.083596e+003,5.341604e-001
4.084560e+003,6.526454e-001
4.085524e+003,7.410060e-001
4.086489e+003,7.724940e-001
4.087453e+003,7.198993e-001
4.088417e+003,5.652139e-001
4.089381e+003,3.079904e-001
4.090345e+003,-3.135547e-002
4.091310e+003,-4.145549e-001
4.092274e+003,-7.935039e-001
4.093238e+003,-1.119980e+000
4.094202e+003,-1.353894e+000
4.095167e+003,-1.468304e+000
4.096131e+003,-1.451414e+000
4.097095e+003,-1.306842e+000
4.098059e+003,-1.053404e+000
4.099023e+003,-7.242392e-001
4.099988e+003,-3.641297e-001
4.100952e+003,-2.353489e-002
4.101917e+003,2.505788e-001
4.102880e+003,4.251452e-001
4.103845e+003,4.889863e-001
4.104809e+003,4.619096e-001
4.105773e+003,3.714264e-001
4.106737e+003,2.551403e-001
4.107702e+003,1.459950e-001
4.108666e+003,6.448829e-002
4.109630e+003,1.771224e-002
4.110595e+003,4.695117e-003
4.111559e+003,2.421218e-002
4.112523e+003,8.002940e-002
4.113487e+003,1.799662e-001
4.114452e+003,3.289495e-001
4.115416e+003,5.198426e-001
4.116380e+003,7.278362e-001
4.117344e+003,9.127672e-001
4.118309e+003,1.029983e+000
4.119273e+003,1.045670e+000
4.120237e+003,9.499173e-001
4.121201e+003,7.610680e-001
4.122166e+003,5.189366e-001
4.123130e+003,2.694892e-001
4.124094e+003,4.777622e-002
4.125058e+003,-1.331943e-001
4.126022e+003,-2.827789e-001
4.126987e+003,-4.224505e-001
4.127951e+003,-5.700289e-001
4.128915e+003,-7.260072e-001
4.129879e+003,-8.682110e-001
4.130844e+003,-9.572145e-001
4.131808e+003,-9.499860e-001
4.132772e+003,-8.161449e-001
4.133736e+003,-5.504833e-001
4.134701e+003,-1.777619e-001
4.135665e+003,2.512307e-001
4.136629e+003,6.694285e-001
4.137594e+003,1.007334e+000
4.138558e+003,1.206083e+000
4.139522e+003,1.228800e+000
4.140486e+003,1.068912e+000
4.141451e+003,7.542571e-001
4.142415e+003,3.452945e-001
4.143379e+003,-7.415092e-002
4.144343e+003,-4.137357e-001
4.145308e+003,-5.981564e-001
4.146272e+003,-5.876558e-001
4.147236e+003,-3.901463e-001
4.148200e+003,-5.958390e-002
4.149165e+003,3.204171e-001
4.150129e+003,6.626371e-001
4.151093e+003,9.026344e-001
4.152057e+003,1.015361e+000
4.153021e+003,1.015876e+000
4.153986e+003,9.447774e-001
4.154950e+003,8.456715e-001
4.155914e+003,7.453059e-001
4.156878e+003,6.453143e-001
4.157843e+003,5.284798e-001
4.158807e+003,3.752664e-001
4.159771e+003,1.811527e-001
4.160735e+003,-3.478073e-002
4.161700e+003,-2.349380e-001
4.162664e+003,-3.796455e-001
4.163628e+003,-4.466728e-001
4.164592e+003,-4.436271e-001
4.165557e+003,-4.065306e-001
4.166521e+003,-3.831090e-001
4.167485e+003,-4.135468e-001
4.168450e+003,-5.111613e-001
4.169414e+003,-6.558065e-001
4.170378e+003,-8.023858e-001
4.171342e+003,-8.999481e-001
4.172307e+003,-9.122870e-001
4.173271e+003,-8.308901e-001
4.174235e+003,-6.751428e-001
4.175199e+003,-4.810470e-001
4.176164e+003,-2.847622e-001
4.177128e+003,-1.090049e-001
4.178092e+003,4.205734e-002
4.179056e+003,1.784056e-001
4.180021e+003,3.140414e-001
4.180985e+003,4.569486e-001
4.181949e+003,6.040932e-001
4.182913e+003,7.429472e-001
4.183877e+003,8.575319e-001
4.184842e+003,9.349248e-001
4.185806e+003,9.687895e-001
4.186770e+003,9.588534e-001
4.187734e+003,9.079903e-001
4.188699e+003,8.199010e-001
4.189663e+003,6.997538e-001
4.190627e+003,5.578025e-001
4.191591e+003,4.136605e-001
4.192556e+003,2.977875e-001
4.193520e+003,2.477157e-001
4.194484e+003,2.989163e-001
4.195448e+003,4.731429e-001
4.196413e+003,7.685304e-001
4.197377e+003,1.206574e+000
4.198341e+003,1.670611e+000
4.199306e+003,2.084248e+000
4.200270e+003,2.380383e+000
4.201234e+003,2.515007e+000
4.202198e+003,2.474597e+000
4.203163e+003,2.276206e+000
4.204127e+003,1.961184e+000
4.205091e+003,1.584724e+000
4.206055e+003,1.203746e+000
4.207020e+003,8.656456e-001
4.207984e+003,6.001789e-001
4.208948e+003,4.161936e-001
4.209912e+003,3.037930e-001
4.210876e+003,2.412035e-001
4.211841e+003,2.040444e-001
4.212805e+003,1.739443e-001
4.213769e+003,1.435396e-001
4.214733e+003,1.164015e-001
4.215698e+003,1.023503e-001
4.216662e+003,1.105034e-001
4.217626e+003,1.431253e-001
4.218590e+003,1.926772e-001
4.219555e+003,2.430396e-001
4.220519e+003,2.740225e-001
4.221483e+003,2.671963e-001
4.222447e+003,2.109572e-001
4.223412e+003,1.034933e-001
4.224376e+003,-4.666895e-002
4.225340e+003,-2.221297e-001
4.226304e+003,-3.994541e-001
4.227269e+003,-5.529462e-001
4.228233e+003,-6.664890e-001
4.229197e+003,-7.109122e-001
4.230162e+003,-6.791992e-001
4.231125e+003,-5.790868e-001
4.232090e+003,-4.320404e-001
4.233054e+003,-2.696466e-001
4.234019e+003,-1.281368e-001
4.234983e+003,-4.191786e-002
4.235947e+003,-3.698158e-002
4.236911e+003,-1.249825e-001
4.237875e+003,-2.989390e-001
4.238840e+003,-5.316949e-001
4.239804e+003,-7.784687e-001
4.240768e+003,-9.842048e-001
4.241732e+003,-1.095313e+000
4.242697e+003,-1.073414e+000
4.243661e+003,-9.072634e-001
4.244625e+003,-6.184447e-001
4.245589e+003,-2.578852e-001
4.246554e+003,1.068556e-001
4.247518e+003,4.099160e-001
4.248482e+003,6.049280e-001
4.249446e+003,6.757593e-001
4.250411e+003,6.364212e-001
4.251375e+003,5.205733e-001
4.252339e+003,3.655208e-001
4.253303e+003,1.978458e-001
4.254268e+003,2.676488e-002
4.255232e+003,-1.526005e-001
4.256196e+003,-3.487257e-001
4.257161e+003,-5.622339e-001
4.258125e+003,-7.799528e-001
4.259089e+003,-9.936786e-001
4.260053e+003,-1.162256e+000
4.261018e+003,-1.265907e+000
4.261981e+003,-1.300255e+000
4.262946e+003,-1.275026e+000
4.263910e+003,-1.205151e+000
4.264875e+003,-1.099465e+000
4.265839e+003,-9.536709e-001
4.266803e+003,-7.524562e-001
4.267767e+003,-4.804996e-001
4.268731e+003,-1.372300e-001
4.269696e+003,2.526955e-001
4.270660e+003,6.396891e-001
4.271624e+003,9.620878e-001
4.272588e+003,1.167116e+000
4.273553e+003,1.231362e+000
4.274517e+003,1.171608e+000
4.275481e+003,1.040925e+000
4.276445e+003,9.109569e-001
4.277410e+003,8.473738e-001
4.278374e+003,8.880197e-001
4.279338e+003,1.032008e+000
4.280302e+003,1.242988e+000
4.281267e+003,1.464214e+000
4.282231e+003,1.638537e+000
4.283195e+003,1.725505e+000
4.284159e+003,1.710041e+000
4.285124e+003,1.601409e+000
4.286088e+003,1.425154e+000
4.287052e+003,1.212967e+000
4.288017e+003,9.948830e-001
4.288980e+003,7.960537e-001
4.289945e+003,6.388924e-001
4.290909e+003,5.372618e-001
4.291874e+003,5.074840e-001
4.292837e+003,5.608385e-001
4.293802e+003,6.987521e-001
4.294766e+003,9.084690e-001
4.295730e+003,1.161776e+000
4.296695e+003,1.418684e+000
4.297659e+003,1.635884e+000
4.298623e+003,1.777955e+000
4.299587e+003,1.827895e+000
4.300552e+003,1.793481e+000
4.301516e+003,1.706781e+000
4.302480e+003,1.616370e+000
4.303444e+003,1.573729e+000
4.304409e+003,1.617674e+000
4.305373e+003,1.761102e+000
4.306337e+003,1.984547e+000
4.307301e+003,2.238806e+000
4.308266e+003,2.456665e+000
4.309230e+003,2.570817e+000
4.310194e+003,2.533051e+000
4.311158e+003,2.329126e+000
4.312123e+003,1.984893e+000
4.313087e+003,1.561440e+000
4.314051e+003,1.140405e+000
4.315015e+003,8.031799e-001
4.315979e+003,6.097471e-001
4.316944e+003,5.829130e-001
4.317908e+003,7.023734e-001
4.318873e+003,9.103885e-001
4.319836e+003,1.127784e+000
4.320801e+003,1.277482e+000
4.321765e+003,1.300858e+000
4.322729e+003,1.179646e+000
4.323694e+003,9.385492e-001
4.324658e+003,6.368386e-001
4.325622e+003,3.492914e-001
4.326586e+003,1.421005e-001
4.327551e+003,5.154324e-002
4.328515e+003,7.244676e-002
4.329479e+003,1.606742e-001
4.330443e+003,2.489086e-001
4.331408e+003,2.705057e-001
4.332372e+003,1.830637e-001
4.333336e+003,-1.654255e-002
4.334300e+003,-2.909188e-001
4.335265e+003,-5.748022e-001
4.336229e+003,-7.967974e-001
4.337193e+003,-9.022109e-001
4.338157e+003,-8.691532e-001
4.339122e+003,-7.128518e-001
4.340086e+003,-4.779059e-001
4.341050e+003,-2.223370e-001
4.342014e+003,3.297329e-004
4.342979e+003,1.549159e-001
4.343943e+003,2.306852e-001
4.344907e+003,2.392924e-001
4.345872e+003,2.067861e-001
4.346835e+003,1.632782e-001
4.347800e+003,1.336869e-001
4.348764e+003,1.317872e-001
4.349729e+003,1.584685e-001
4.350692e+003,2.040070e-001
4.351657e+003,2.531640e-001
4.352621e+003,2.913759e-001
4.353585e+003,3.136480e-001
4.354550e+003,3.267742e-001
4.355514e+003,3.479207e-001
4.356478e+003,3.979273e-001
4.357442e+003,4.910663e-001
4.358407e+003,6.249782e-001
4.359371e+003,7.754386e-001
4.360335e+003,8.996042e-001
4.361299e+003,9.483880e-001
4.362264e+003,8.846806e-001
4.363228e+003,7.009006e-001
4.364192e+003,4.284389e-001
4.365156e+003,1.338958e-001
4.366121e+003,-9.831011e-002
4.367085e+003,-1.917980e-001
4.368049e+003,-1.036789e-001
4.369013e+003,1.596876e-001
4.369978e+003,5.425407e-001
4.370942e+003,9.553439e-001
4.371906e+003,1.300492e+000
4.372870e+003,1.498997e+000
4.373834e+003,1.509356e+000
4.374799e+003,1.333334e+000
4.375763e+003,1.008770e+000
4.376728e+003,5.939891e-001
4.377691e+003,1.506112e-001
4.378656e+003,-2.693910e-001
4.379620e+003,-6.295499e-001
4.380584e+003,-9.083040e-001
4.381548e+003,-1.094984e+000
4.382513e+003,-1.183102e+000
4.383477e+003,-1.176952e+000
4.384441e+003,-1.084135e+000
4.385406e+003,-9.184641e-001
4.386370e+003,-7.002707e-001
4.387334e+003,-4.553111e-001
4.388298e+003,-2.123847e-001
4.389263e+003,-2.600141e-004
4.390227e+003,1.554918e-001
4.391191e+003,2.355769e-001
4.392155e+003,2.300118e-001
4.393120e+003,1.409818e-001
4.394084e+003,-1.533215e-002
4.395048e+003,-2.093395e-001
4.396012e+003,-4.023210e-001
4.396977e+003,-5.545765e-001
4.397941e+003,-6.357633e-001
4.398905e+003,-6.341212e-001
4.399869e+003,-5.608197e-001
4.400833e+003,-4.468241e-001
4.401798e+003,-3.324314e-001
4.402762e+003,-2.527164e-001
4.403726e+003,-2.242996e-001
4.404690e+003,-2.388384e-001
4.405655e+003,-2.663399e-001
4.406619e+003,-2.676066e-001
4.407583e+003,-2.112764e-001
4.408547e+003,-8.886868e-002
4.409512e+003,7.834336e-002
4.410476e+003,2.437747e-001
4.411440e+003,3.501631e-001
4.412405e+003,3.493693e-001
4.413369e+003,2.213696e-001
4.414333e+003,-1.941895e-002
4.415297e+003,-3.228880e-001
4.416262e+003,-6.192302e-001
4.417226e+003,-8.388822e-001
4.418190e+003,-9.323287e-001
4.419154e+003,-8.837166e-001
4.420119e+003,-7.143750e-001
4.421083e+003,-4.756457e-001
4.422047e+003,-2.336225e-001
4.423011e+003,-5.063111e-002
4.423976e+003,3.115949e-002
4.424940e+003,-4.481971e-004
4.425904e+003,-1.265904e-001
4.426868e+003,-3.044671e-001
4.427833e+003,-4.798622e-001
4.428797e+003,-6.010764e-001
4.429761e+003,-6.303864e-001
4.430725e+003,-5.506279e-001
4.431689e+003,-3.662821e-001
4.432654e+003,-1.002391e-001
4.433618e+003,2.117930e-001
4.434583e+003,5.273632e-001
4.435546e+003,8.029943e-001
4.436511e+003,9.995113e-001
4.437475e+003,1.087473e+000
4.438439e+003,1.052656e+000
4.439403e+003,9.005934e-001
4.440368e+003,6.582638e-001
4.441332e+003,3.710015e-001
4.442296e+003,9.393848e-002
4.443261e+003,-1.206881e-001
4.444225e+003,-2.295208e-001
4.445189e+003,-2.228606e-001
4.446153e+003,-1.177790e-001
4.447118e+003,4.662001e-002
4.448082e+003,2.224214e-001
4.449046e+003,3.684940e-001
4.450010e+003,4.630377e-001
4.450975e+003,5.087807e-001
4.451939e+003,5.293081e-001
4.452903e+003,5.583509e-001
4.453867e+003,6.262238e-001
4.454832e+003,7.483464e-001
4.455796e+003,9.195075e-001
4.456760e+003,1.115184e+000
4.457724e+003,1.298697e+000
4.458688e+003,1.431329e+000
4.459653e+003,1.482192e+000
4.460617e+003,1.435332e+000
4.461581e+003,1.292786e+000
4.462545e+003,1.073488e+000
4.463510e+003,8.086858e-001
4.464474e+003,5.349835e-001
4.465438e+003,2.863635e-001
4.466402e+003,8.688515e-002
4.467367e+003,-5.415040e-002
4.468331e+003,-1.430654e-001
4.469295e+003,-1.981150e-001
4.470259e+003,-2.420717e-001
4.471224e+003,-2.934225e-001
4.472188e+003,-3.592468e-001
4.473152e+003,-4.324527e-001
4.474117e+003,-4.944616e-001
4.475081e+003,-5.225011e-001
4.476045e+003,-4.973435e-001
4.477009e+003,-4.125223e-001
4.477974e+003,-2.752729e-001
4.478938e+003,-1.043648e-001
4.479902e+003,7.493744e-002
4.480866e+003,2.362886e-001
4.481831e+003,3.562126e-001
4.482795e+003,4.162998e-001
4.483759e+003,4.047903e-001
4.484723e+003,3.190529e-001
4.485688e+003,1.693608e-001
4.486652e+003,-1.760211e-002
4.487616e+003,-1.984760e-001
4.488580e+003,-3.190829e-001
4.489544e+003,-3.270469e-001
4.490509e+003,-1.885322e-001
4.491473e+003,9.673014e-002
4.492437e+003,4.887258e-001
4.493401e+003,9.132630e-001
4.494366e+003,1.280769e+000
4.495330e+003,1.512366e+000
4.496294e+003,1.564244e+000
4.497258e+003,1.441258e+000
4.498223e+003,1.194302e+000
4.499187e+003,9.020857e-001
4.500151e+003,6.439134e-001
4.501116e+003,4.734565e-001
4.502080e+003,4.029143e-001
4.503044e+003,4.028440e-001
4.504008e+003,4.168193e-001
4.504973e+003,3.847367e-001
4.505937e+003,2.706248e-001
4.506901e+003,6.163787e-002
4.507865e+003,-2.191488e-001
4.508830e+003,-5.222034e-001
4.509794e+003,-7.888622e-001
4.510758e+003,-9.705643e-001
4.511722e+003,-1.043490e+000
4.512687e+003,-1.014147e+000
4.513651e+003,-9.148731e-001
4.514615e+003,-7.916050e-001
4.515579e+003,-6.885265e-001
4.516543e+003,-6.348453e-001
4.517508e+003,-6.379592e-001
4.518472e+003,-6.846172e-001
4.519436e+003,-7.490922e-001
4.520400e+003,-8.047484e-001
4.521365e+003,-8.345168e-001
4.522329e+003,-8.361683e-001
4.523293e+003,-8.205707e-001
4.524257e+003,-8.039341e-001
4.525222e+003,-7.976440e-001
4.526186e+003,-8.003841e-001
4.527150e+003,-7.965448e-001
4.528114e+003,-7.620105e-001
4.529079e+003,-6.754326e-001
4.530043e+003,-5.300570e-001
4.531007e+003,-3.407618e-001
4.531972e+003,-1.424457e-001
4.532936e+003,2.040169e-002
4.533900e+003,1.094992e-001
4.534864e+003,1.077682e-001
4.535829e+003,2.765711e-002
4.536792e+003,-8.602504e-002
4.537757e+003,-1.821694e-001
4.538721e+003,-2.059741e-001
4.539686e+003,-1.205337e-001
4.540650e+003,8.257698e-002
4.541614e+003,3.815646e-001
4.542578e+003,7.307724e-001
4.543542e+003,1.072150e+000
4.544507e+003,1.347574e+000
4.545471e+003,1.509086e+000
4.546435e+003,1.525678e+000
4.547399e+003,1.387120e+000
4.548364e+003,1.105741e+000
4.549328e+003,7.166570e-001
4.550292e+003,2.755680e-001
4.551256e+003,-1.471488e-001
4.552221e+003,-4.771604e-001
4.553185e+003,-6.506414e-001
4.554149e+003,-6.294274e-001
4.555113e+003,-4.121450e-001
4.556078e+003,-3.695160e-002
4.557042e+003,4.263532e-001
4.558006e+003,8.933604e-001
4.558970e+003,1.286516e+000
4.559935e+003,1.554319e+000
4.560899e+003,1.682192e+000
4.561863e+003,1.691896e+000
4.562828e+003,1.630275e+000
4.563792e+003,1.551626e+000
4.564756e+003,1.500011e+000
4.565720e+003,1.497001e+000
4.566685e+003,1.538192e+000
4.567648e+003,1.601961e+000
4.568613e+003,1.649182e+000
4.569577e+003,1.645728e+000
4.570542e+003,1.568356e+000
4.571506e+003,1.409353e+000
4.572470e+003,1.176327e+000
4.573434e+003,8.881476e-001
4.574398e+003,5.692947e-001
4.575363e+003,2.444630e-001
4.576327e+003,-6.499583e-002
4.577291e+003,-3.424843e-001
4.578255e+003,-5.757945e-001
4.579220e+003,-7.560708e-001
4.580184e+003,-8.771102e-001
4.581148e+003,-9.356515e-001
4.582112e+003,-9.324539e-001
4.583077e+003,-8.734629e-001
4.584041e+003,-7.699302e-001
4.585005e+003,-6.367919e-001
4.585969e+003,-4.893622e-001
4.586934e+003,-3.395064e-001
4.587898e+003,-1.928515e-001
4.588862e+003,-4.855144e-002
4.589826e+003,9.791994e-002
4.590791e+003,2.499007e-001
4.591755e+003,4.047099e-001
4.592719e+003,5.511876e-001
4.593684e+003,6.710321e-001
4.594647e+003,7.435780e-001
4.595612e+003,7.520455e-001
4.596576e+003,6.883606e-001
4.597541e+003,5.544162e-001
4.598504e+003,3.615868e-001
4.599469e+003,1.136889e-001
4.600433e+003,-1.801957e-001
4.601397e+003,-5.143698e-001
4.602361e+003,-8.826951e-001
4.603326e+003,-1.271376e+000
4.604290e+003,-1.652404e+000
4.605254e+003,-1.982109e+000
4.606219e+003,-2.207367e+000
4.607183e+003,-2.278433e+000
4.608147e+003,-2.164055e+000
4.609111e+003,-1.862994e+000
4.610076e+003,-1.407311e+000
4.611040e+003,-8.560516e-001
4.612004e+003,-2.820123e-001
4.612968e+003,2.434322e-001
4.613933e+003,6.621757e-001
4.614897e+003,9.352114e-001
4.615861e+003,1.042939e+000
4.616825e+003,9.827958e-001
4.617790e+003,7.674835e-001
4.618754e+003,4.251257e-001
4.619718e+003,1.387605e-004
4.620682e+003,-4.482684e-001
4.621646e+003,-8.527073e-001
4.622611e+003,-1.149634e+000
4.623575e+003,-1.293803e+000
4.624539e+003,-1.270021e+000
4.625503e+003,-1.097152e+000
4.626468e+003,-8.221311e-001
4.627432e+003,-5.056775e-001
4.628396e+003,-2.048700e-001
4.629360e+003,4.062519e-002
4.630325e+003,2.183657e-001
4.631289e+003,3.375880e-001
4.632253e+003,4.214597e-001
4.633217e+003,4.962513e-001
4.634182e+003,5.825701e-001
4.635146e+003,6.906848e-001
4.636110e+003,8.194547e-001
4.637075e+003,9.573065e-001
4.638039e+003,1.083997e+000
4.639003e+003,1.173385e+000
4.639967e+003,1.198358e+000
4.640932e+003,1.138604e+000
4.641896e+003,9.899704e-001
4.642860e+003,7.718516e-001
4.643824e+003,5.280156e-001
4.644789e+003,3.179026e-001
4.645753e+003,1.992287e-001
4.646717e+003,2.073876e-001
4.647681e+003,3.397691e-001
4.648646e+003,5.525572e-001
4.649610e+003,7.728661e-001
4.650574e+003,9.228387e-001
4.651538e+003,9.466213e-001
4.652502e+003,8.295160e-001
4.653467e+003,6.015003e-001
4.654431e+003,3.237950e-001
4.655395e+003,6.441305e-002
4.656359e+003,-1.270169e-001
4.657324e+003,-2.348917e-001
4.658288e+003,-2.780873e-001
4.659252e+003,-2.964222e-001
4.660216e+003,-3.174041e-001
4.661181e+003,-3.753706e-001
4.662145e+003,-4.708838e-001
4.663109e+003,-5.786909e-001
4.664073e+003,-6.583491e-001
4.665038e+003,-6.692338e-001
4.666002e+003,-5.837716e-001
4.666966e+003,-3.947266e-001
4.667931e+003,-1.156522e-001
4.668895e+003,2.236410e-001
4.669859e+003,5.835658e-001
4.670823e+003,9.208919e-001
4.671788e+003,1.193752e+000
4.672752e+003,1.366018e+000
4.673716e+003,1.411777e+000
4.674680e+003,1.319737e+000
4.675645e+003,1.096314e+000
4.676609e+003,7.656988e-001
4.677573e+003,3.658192e-001
4.678537e+003,-5.912307e-002
4.679501e+003,-4.672478e-001
4.680466e+003,-8.257056e-001
4.681430e+003,-1.113132e+000
4.682394e+003,-1.317528e+000
4.683358e+003,-1.431451e+000
4.684323e+003,-1.447701e+000
4.685287e+003,-1.358471e+000
4.686251e+003,-1.159030e+000
4.687215e+003,-8.544925e-001
4.688180e+003,-4.663079e-001
4.689144e+003,-3.459173e-002
4.690108e+003,3.860521e-001
4.691072e+003,7.260214e-001
4.692037e+003,9.466685e-001
4.693001e+003,1.020975e+000
4.693965e+003,9.507196e-001
4.694930e+003,7.645442e-001
4.695894e+003,5.079043e-001
4.696858e+003,2.284909e-001
4.697822e+003,-3.751767e-002
4.698787e+003,-2.732802e-001
4.699750e+003,-4.803469e-001
4.700715e+003,-6.695958e-001
4.701679e+003,-8.479427e-001
4.702644e+003,-1.006685e+000
4.703608e+003,-1.116913e+000
4.704572e+003,-1.134875e+000
4.705536e+003,-1.016298e+000
4.706500e+003,-7.348218e-001
4.707465e+003,-2.975879e-001
4.708429e+003,2.485566e-001
4.709393e+003,8.237827e-001
4.710357e+003,1.333806e+000
4.711322e+003,1.694576e+000
4.712286e+003,1.855003e+000
4.713250e+003,1.809911e+000
4.714214e+003,1.598836e+000
4.715179e+003,1.291421e+000
4.716143e+003,9.648596e-001
4.717107e+003,6.816513e-001
4.718071e+003,4.751926e-001
4.719036e+003,3.473430e-001
4.720000e+003,2.771783e-001
4.720964e+003,2.358740e-001
4.721928e+003,2.040863e-001
4.722893e+003,1.685120e-001
4.723857e+003,1.330291e-001
4.724821e+003,1.076677e-001
4.725786e+003,9.941563e-002
4.726750e+003,1.062177e-001
4.727714e+003,1.171492e-001
4.728678e+003,1.184267e-001
4.729643e+003,1.018319e-001
4.730606e+003,7.094266e-002
4.731571e+003,4.167099e-002
4.732535e+003,3.645980e-002
4.733500e+003,7.456275e-002
4.734464e+003,1.627674e-001
4.735428e+003,2.907919e-001
4.736392e+003,4.334773e-001
4.737356e+003,5.589550e-001
4.738321e+003,6.393962e-001
4.739285e+003,6.601508e-001
4.740249e+003,6.239613e-001
4.741213e+003,5.492505e-001
4.742178e+003,4.638743e-001
4.743142e+003,3.973004e-001
4.744106e+003,3.741129e-001
4.745070e+003,4.105413e-001
4.746035e+003,5.138894e-001
4.746999e+003,6.834365e-001
4.747963e+003,9.111536e-001
4.748927e+003,1.181354e+000
4.749892e+003,1.469775e+000
4.750856e+003,1.743648e+000
4.751820e+003,1.964344e+000
4.752784e+003,2.091954e+000
4.753749e+003,2.097403e+000
4.754713e+003,1.966673e+000
4.755677e+003,1.708057e+000
4.756642e+003,1.352502e+000
4.757605e+003,9.479557e-001
4.758570e+003,5.490453e-001
4.759534e+003,2.051254e-001
4.760499e+003,-4.977407e-002
4.761463e+003,-2.021797e-001
4.762427e+003,-2.584075e-001
4.763391e+003,-2.385905e-001
4.764355e+003,-1.679734e-001
4.765320e+003,-6.849599e-002
4.766284e+003,4.657292e-002
4.767248e+003,1.736534e-001
4.768212e+003,3.157941e-001
4.769177e+003,4.771955e-001
4.770141e+003,6.576880e-001
4.771105e+003,8.493053e-001
4.772069e+003,1.036192e+000
4.773034e+003,1.197733e+000
4.773998e+003,1.313768e+000
4.774962e+003,1.369979e+000
4.775926e+003,1.361755e+000
4.776891e+003,1.295371e+000
4.777855e+003,1.186334e+000
4.778819e+003,1.055681e+000
4.779783e+003,9.254037e-001
4.780748e+003,8.143580e-001
4.781712e+003,7.354768e-001
4.782676e+003,6.946207e-001
4.783641e+003,6.904106e-001
4.784604e+003,7.166059e-001
4.785569e+003,7.625980e-001
4.786533e+003,8.154179e-001
4.787498e+003,8.617078e-001
4.788461e+003,8.897637e-001
4.789426e+003,8.913932e-001
4.790390e+003,8.633004e-001
4.791354e+003,8.075090e-001
4.792319e+003,7.306454e-001
4.793283e+003,6.420684e-001
4.794247e+003,5.514482e-001
4.795211e+003,4.664438e-001
4.796176e+003,3.913325e-001
4.797140e+003,3.268973e-001
4.798104e+003,2.716239e-001
4.799068e+003,2.234530e-001
4.800033e+003,1.814438e-001
4.800997e+003,1.465102e-001
4.801961e+003,1.211166e-001
4.802925e+003,1.079674e-001
4.803890e+003,1.083801e-001
4.804854e+003,1.210717e-001
4.805818e+003,1.417905e-001
4.806782e+003,1.640281e-001
4.807747e+003,1.805900e-001
4.808711e+003,1.854641e-001
4.809675e+003,1.754881e-001
4.810639e+003,1.510757e-001
4.811604e+003,1.157891e-001
4.812568e+003,7.456854e-002
4.813532e+003,3.117321e-002
4.814497e+003,-1.504123e-002
4.815460e+003,-6.942132e-002
4.816425e+003,-1.424383e-001
4.817389e+003,-2.461724e-001
4.818354e+003,-3.887641e-001
4.819317e+003,-5.681278e-001
4.820282e+003,-7.674442e-001
4.821246e+003,-9.549233e-001
4.822210e+003,-1.089480e+000
4.823175e+003,-1.131579e+000
4.824139e+003,-1.056556e+000
4.825103e+003,-8.656274e-001
4.826067e+003,-5.901909e-001
4.827032e+003,-2.864697e-001
4.827996e+003,-2.123928e-002
4.828960e+003,1.473590e-001
4.829924e+003,1.872669e-001
4.830889e+003,1.021361e-001
4.831853e+003,-7.085175e-002
4.832817e+003,-2.740996e-001
4.833781e+003,-4.490096e-001
4.834746e+003,-5.542619e-001
4.835710e+003,-5.762625e-001
4.836674e+003,-5.281111e-001
4.837638e+003,-4.381939e-001
4.838603e+003,-3.336115e-001
4.839567e+003,-2.255902e-001
4.840531e+003,-1.029240e-001
4.841495e+003,6.374615e-002
4.842459e+003,3.086995e-001
4.843424e+003,6.540947e-001
4.844388e+003,1.095730e+000
4.845353e+003,1.595622e+000
4.846316e+003,2.091849e+000
4.847281e+003,2.504953e+000
4.848245e+003,2.758894e+000
4.849209e+003,2.799715e+000
4.850174e+003,2.609445e+000
4.851138e+003,2.211873e+000
4.852102e+003,1.669054e+000
4.853066e+003,1.069442e+000
4.854031e+003,5.102569e-001
4.854995e+003,7.788675e-002
4.855959e+003,-1.693520e-001
4.856923e+003,-2.121797e-001
4.857888e+003,-7.211527e-002
4.858852e+003,1.963767e-001
4.859816e+003,5.214983e-001
4.860780e+003,8.330027e-001
4.861745e+003,1.079072e+000
4.862709e+003,1.236383e+000
4.863673e+003,1.311064e+000
4.864637e+003,1.331334e+000
4.865602e+003,1.335288e+000
4.866566e+003,1.358557e+000
4.867530e+003,1.425622e+000
4.868494e+003,1.546383e+000
4.869458e+003,1.717049e+000
4.870423e+003,1.922928e+000
4.871387e+003,2.140865e+000
4.872352e+003,2.340574e+000
4.873315e+003,2.486101e+000
4.874280e+003,2.539397e+000
4.875244e+003,2.467376e+000
4.876208e+003,2.253553e+000
4.877172e+003,1.898884e+000
4.878137e+003,1.435684e+000
4.879101e+003,9.198170e-001
4.880065e+003,4.178593e-001
4.881030e+003,-1.058503e-002
4.881994e+003,-3.290520e-001
4.882958e+003,-5.326036e-001
4.883922e+003,-6.449654e-001
4.884887e+003,-7.055699e-001
4.885851e+003,-7.518930e-001
4.886815e+003,-8.044413e-001
4.887779e+003,-8.605163e-001
4.888744e+003,-8.987939e-001
4.889708e+003,-8.921019e-001
4.890672e+003,-8.222260e-001
4.891636e+003,-6.901096e-001
4.892601e+003,-5.172688e-001
4.893565e+003,-3.384004e-001
4.894529e+003,-1.891628e-001
4.895493e+003,-9.478737e-002
4.896458e+003,-6.433813e-002
4.897422e+003,-9.222277e-002
4.898386e+003,-1.651572e-001
4.899350e+003,-2.703606e-001
4.900314e+003,-4.008018e-001
4.901279e+003,-5.551789e-001
4.902243e+003,-7.332807e-001
4.903208e+003,-9.296459e-001
4.904171e+003,-1.129120e+000
4.905136e+003,-1.306822e+000
4.906100e+003,-1.432849e+000
4.907064e+003,-1.485068e+000
4.908028e+003,-1.439820e+000
4.908993e+003,-1.294923e+000
4.909957e+003,-1.065320e+000
4.910921e+003,-7.807540e-001
4.911886e+003,-4.804838e-001
4.912850e+003,-2.062460e-001
4.913814e+003,5.208433e-003
4.914778e+003,1.289985e-001
4.915743e+003,1.573375e-001
4.916707e+003,1.020860e-001
4.917671e+003,-6.317627e-003
4.918635e+003,-1.239880e-001
4.919600e+003,-2.022440e-001
4.920564e+003,-1.981916e-001
4.921528e+003,-8.474424e-002
4.922492e+003,1.424916e-001
4.923457e+003,4.633051e-001
4.924421e+003,8.365182e-001
4.925385e+003,1.208105e+000
4.926349e+003,1.521821e+000
4.927313e+003,1.729726e+000
4.928278e+003,1.800521e+000
4.929242e+003,1.724175e+000
4.930206e+003,1.512409e+000
4.931170e+003,1.195288e+000
4.932135e+003,8.149192e-001
4.933099e+003,4.176671e-001
4.934063e+003,4.651615e-002
4.935027e+003,-2.647983e-001
4.935992e+003,-4.947603e-001
4.936956e+003,-6.338897e-001
4.937920e+003,-6.852483e-001
4.938884e+003,-6.516974e-001
4.939849e+003,-5.417562e-001
4.940813e+003,-3.671221e-001
4.941777e+003,-1.438255e-001
4.942742e+003,1.065808e-001
4.943706e+003,3.577070e-001
4.944670e+003,5.820116e-001
4.945634e+003,7.570717e-001
4.946599e+003,8.722413e-001
4.947563e+003,9.326457e-001
4.948527e+003,9.580276e-001
4.949491e+003,9.758850e-001
4.950456e+003,1.010984e+000
4.951420e+003,1.075175e+000
4.952384e+003,1.161744e+000
4.953348e+003,1.246853e+000
4.954313e+003,1.297681e+000
4.955277e+003,1.284051e+000
4.956241e+003,1.188797e+000
4.957205e+003,1.012916e+000
4.958169e+003,7.738556e-001
4.959134e+003,4.984452e-001
4.960098e+003,2.140934e-001
4.961062e+003,-5.772805e-002
4.962026e+003,-3.033284e-001
4.962991e+003,-5.140728e-001
4.963955e+003,-6.815277e-001
4.964919e+003,-7.937214e-001
4.965883e+003,-8.349042e-001
4.966848e+003,-7.892402e-001
4.967812e+003,-6.467918e-001
4.968776e+003,-4.091401e-001
4.969741e+003,-9.236337e-002
4.970705e+003,2.739834e-001
4.971669e+003,6.510628e-001
4.972633e+003,9.969368e-001
4.973598e+003,1.273170e+000
4.974562e+003,1.450921e+000
4.975526e+003,1.515932e+000
4.976490e+003,1.471973e+000
4.977455e+003,1.341764e+000
4.978419e+003,1.164246e+000
4.979383e+003,9.874194e-001
4.980347e+003,8.574072e-001
4.981312e+003,8.063529e-001
4.982276e+003,8.430599e-001
4.983240e+003,9.503279e-001
4.984204e+003,1.090826e+000
4.985168e+003,1.220108e+000
4.986133e+003,1.302115e+000
4.987097e+003,1.321055e+000
4.988061e+003,1.284734e+000
4.989025e+003,1.217901e+000
4.989990e+003,1.148628e+000
4.990954e+003,1.093878e+000
4.991918e+003,1.050882e+000
4.992882e+003,9.982765e-001
4.993847e+003,9.064564e-001
4.994811e+003,7.523951e-001
4.995775e+003,5.321163e-001
4.996739e+003,2.653399e-001
4.997704e+003,-9.558037e-003
4.998668e+003,-2.476642e-001
4.999632e+003,-4.118666e-001
5.000597e+003,-4.807524e-001
5.001561e+003,-4.513319e-001
5.002525e+003,-3.345454e-001
5.003489e+003,-1.473781e-001
5.004454e+003,9.368497e-002
5.005417e+003,3.747425e-001
5.006382e+003,6.820250e-001
5.007346e+003,9.975559e-001
5.008311e+003,1.296608e+000
5.009275e+003,1.549564e+000
5.010239e+003,1.728217e+000
5.011203e+003,1.813913e+000
5.012167e+003,1.803891e+000
5.013132e+003,1.712758e+000
5.014096e+003,1.568465e+000
5.015060e+003,1.404423e+000
5.016024e+003,1.251047e+000
5.016989e+003,1.129609e+000
5.017953e+003,1.049868e+000
5.018917e+003,1.010962e+000
5.019881e+003,1.003828e+000
5.020846e+003,1.013489e+000
5.021810e+003,1.020571e+000
5.022774e+003,1.002747e+000
5.023738e+003,9.372200e-001
5.024703e+003,8.050349e-001
5.025667e+003,5.966007e-001
5.026631e+003,3.165482e-001
5.027595e+003,-1.425326e-002
5.028560e+003,-3.610314e-001
5.029524e+003,-6.815720e-001
5.030488e+003,-9.379029e-001
5.031453e+003,-1.096088e+000
5.032417e+003,-1.139228e+000
5.033381e+003,-1.067425e+000
5.034345e+003,-8.960593e-001
5.035310e+003,-6.516833e-001
5.036274e+003,-3.670934e-001
5.037238e+003,-7.658607e-002
5.038202e+003,1.883968e-001
5.039167e+003,4.032735e-001
5.040131e+003,5.539302e-001
5.041095e+003,6.391885e-001
5.042059e+003,6.709653e-001
5.043023e+003,6.714225e-001
5.043988e+003,6.672761e-001
5.044952e+003,6.828566e-001
5.045916e+003,7.342024e-001
5.046880e+003,8.262920e-001
5.047845e+003,9.539912e-001
5.048809e+003,1.105795e+000
5.049773e+003,1.268009e+000
5.050737e+003,1.427227e+000
5.051702e+003,1.570230e+000
5.052666e+003,1.682287e+000
5.053630e+003,1.746068e+000
5.054594e+003,1.743276e+000
5.055559e+003,1.659521e+000
5.056523e+003,1.490795e+000
5.057487e+003,1.248284e+000
5.058452e+003,9.586190e-001
5.059416e+003,6.583848e-001
5.060380e+003,3.846074e-001
5.061344e+003,1.690272e-001
5.062309e+003,1.966634e-002
5.063272e+003,-6.721541e-002
5.064237e+003,-1.051676e-001
5.065201e+003,-1.101128e-001
5.066166e+003,-9.536584e-002
5.067130e+003,-7.178050e-002
5.068094e+003,-5.209661e-002
5.069058e+003,-5.559719e-002
5.070022e+003,-1.079667e-001
5.070987e+003,-2.335808e-001
5.071951e+003,-4.417140e-001
5.072915e+003,-7.127725e-001
5.073879e+003,-9.925663e-001
5.074844e+003,-1.200546e+000
5.075808e+003,-1.252238e+000
5.076772e+003,-1.089271e+000
5.077736e+003,-7.054502e-001
5.078701e+003,-1.575377e-001
5.079665e+003,4.456835e-001
5.080629e+003,9.738070e-001
5.081593e+003,1.314460e+000
5.082558e+003,1.407763e+000
5.083522e+003,1.263042e+000
5.084486e+003,9.521102e-001
5.085450e+003,5.826212e-001
5.086415e+003,2.623020e-001
5.087379e+003,6.752300e-002
5.088343e+003,2.662545e-002
5.089308e+003,1.215609e-001
5.090271e+003,3.040365e-001
5.091236e+003,5.173800e-001
5.092200e+003,7.194133e-001
5.093165e+003,8.740990e-001
5.094128e+003,9.725261e-001
5.095093e+003,1.016066e+000
5.096057e+003,1.007367e+000
5.097021e+003,9.455000e-001
5.097986e+003,8.268038e-001
5.098950e+003,6.496428e-001
5.099914e+003,4.194116e-001
5.100878e+003,1.507640e-001
5.101843e+003,-1.340614e-001
5.102807e+003,-4.095198e-001
5.103771e+003,-6.513747e-001
5.104735e+003,-8.396530e-001
5.105700e+003,-9.595448e-001
5.106664e+003,-1.001133e+000
5.107628e+003,-9.594989e-001
5.108592e+003,-8.358158e-001
5.109557e+003,-6.390418e-001
5.110521e+003,-3.866179e-001
5.111485e+003,-1.027861e-001
5.112449e+003,1.856750e-001
5.113414e+003,4.550478e-001
5.114378e+003,6.894147e-001
5.115342e+003,8.823948e-001
5.116306e+003,1.035399e+000
5.117271e+003,1.153411e+000
5.118235e+003,1.240714e+000
5.119199e+003,1.298767e+000
5.120164e+003,1.327207e+000
5.121127e+003,1.327046e+000
5.122092e+003,1.303913e+000
5.123056e+003,1.274369e+000
5.124021e+003,1.246201e+000
5.124985e+003,1.231594e+000
5.125949e+003,1.236061e+000
5.126913e+003,1.254544e+000
5.127877e+003,1.271509e+000
5.128842e+003,1.265316e+000
5.129806e+003,1.215250e+000
5.130770e+003,1.108493e+000
5.131734e+003,9.446152e-001
5.132699e+003,7.362393e-001
5.133663e+003,5.062684e-001
5.134627e+003,2.830243e-001
5.135591e+003,9.513742e-002
5.136556e+003,-3.258965e-002
5.137520e+003,-8.172373e-002
5.138484e+003,-4.146340e-002
5.139448e+003,9.090665e-002
5.140413e+003,3.096879e-001
5.141377e+003,6.003414e-001
5.142341e+003,9.389771e-001
5.143305e+003,1.292264e+000
5.144270e+003,1.618549e+000
5.145234e+003,1.871128e+000
5.146198e+003,2.004330e+000
5.147163e+003,1.982231e+000
5.148126e+003,1.788442e+000
5.149091e+003,1.434246e+000
5.150055e+003,9.615536e-001
5.151020e+003,4.380511e-001
5.151983e+003,-5.602846e-002
5.152948e+003,-4.468397e-001
5.153912e+003,-6.858647e-001
5.154876e+003,-7.655045e-001
5.155841e+003,-7.168157e-001
5.156805e+003,-6.008297e-001
5.157769e+003,-4.890869e-001
5.158733e+003,-4.413078e-001
5.159698e+003,-4.879837e-001
5.160662e+003,-6.237273e-001
5.161626e+003,-8.132164e-001
5.162590e+003,-1.006619e+000
5.163555e+003,-1.158185e+000
5.164519e+003,-1.240706e+000
5.165483e+003,-1.250992e+000
5.166447e+003,-1.205297e+000
5.167412e+003,-1.127950e+000
5.168376e+003,-1.038632e+000
5.169340e+003,-9.440301e-001
5.170304e+003,-8.369268e-001
5.171269e+003,-7.026283e-001
5.172233e+003,-5.292912e-001
5.173197e+003,-3.173936e-001
5.174161e+003,-8.405089e-002
5.175125e+003,1.397835e-001
5.176090e+003,3.183099e-001
5.177054e+003,4.226008e-001
5.178019e+003,4.406670e-001
5.178982e+003,3.819354e-001
5.179947e+003,2.745685e-001
5.180911e+003,1.564426e-001
5.181875e+003,6.311768e-002
5.182839e+003,1.694697e-002
5.183804e+003,2.111179e-002
5.184768e+003,4.146791e-002
5.185732e+003,7.461184e-002
5.186697e+003,9.307456e-002
5.187661e+003,7.342115e-002
5.188625e+003,3.061324e-003
5.189589e+003,-1.163036e-001
5.190554e+003,-2.689225e-001
5.191518e+003,-4.280613e-001
5.192482e+003,-5.607771e-001
5.193446e+003,-6.333426e-001
5.194411e+003,-6.169007e-001
5.195375e+003,-4.930950e-001
5.196339e+003,-2.593406e-001
5.197303e+003,6.737131e-002
5.198268e+003,4.498071e-001
5.199232e+003,8.347260e-001
5.200196e+003,1.162560e+000
5.201160e+003,1.381292e+000
5.202125e+003,1.460940e+000
5.203089e+003,1.403844e+000
5.204053e+003,1.246391e+000
5.205017e+003,1.050194e+000
5.205981e+003,8.844600e-001
5.206946e+003,8.047413e-001
5.207910e+003,8.351037e-001
5.208875e+003,9.600412e-001
5.209838e+003,1.129162e+000
5.210803e+003,1.273243e+000
5.211767e+003,1.326130e+000
5.212731e+003,1.245052e+000
5.213695e+003,1.022730e+000
5.214660e+003,6.878023e-001
5.215624e+003,2.947935e-001
5.216588e+003,-9.367568e-002
5.217553e+003,-4.249723e-001
5.218517e+003,-6.684421e-001
5.219481e+003,-8.201824e-001
5.220445e+003,-8.997226e-001
5.221410e+003,-9.409406e-001
5.222374e+003,-9.807078e-001
5.223338e+003,-1.048703e+000
5.224302e+003,-1.160695e+000
5.225267e+003,-1.316196e+000
5.226231e+003,-1.500167e+000
5.227195e+003,-1.687723e+000
5.228159e+003,-1.850350e+000
5.229124e+003,-1.962169e+000
5.230088e+003,-2.004843e+000
5.231052e+003,-1.970135e+000
5.232016e+003,-1.859668e+000
5.232980e+003,-1.682273e+000
5.233945e+003,-1.450064e+000
5.234909e+003,-1.174858e+000
5.235873e+003,-8.663474e-001
5.236837e+003,-5.326865e-001
5.237802e+003,-1.830054e-001
5.238766e+003,1.696815e-001
5.239730e+003,5.070237e-001
5.240694e+003,8.066744e-001
5.241659e+003,1.046535e+000
5.242623e+003,1.210546e+000
5.243587e+003,1.293757e+000
5.244552e+003,1.304373e+000
5.245516e+003,1.261527e+000
5.246480e+003,1.189148e+000
5.247444e+003,1.107860e+000
5.248409e+003,1.028149e+000
5.249373e+003,9.468493e-001
5.250337e+003,8.486193e-001
5.251301e+003,7.119339e-001
5.252266e+003,5.175398e-001
5.253230e+003,2.565583e-001
5.254194e+003,-6.442928e-002
5.255158e+003,-4.228430e-001
5.256123e+003,-7.841003e-001
5.257087e+003,-1.108800e+000
5.258051e+003,-1.360860e+000
5.259015e+003,-1.514515e+000
5.259979e+003,-1.558537e+000
5.260944e+003,-1.497223e+000
5.261908e+003,-1.348480e+000
5.262872e+003,-1.139929e+000
5.263836e+003,-9.041361e-001
5.264801e+003,-6.738117e-001
5.265765e+003,-4.775420e-001
5.266729e+003,-3.364448e-001
5.267693e+003,-2.620488e-001
5.268658e+003,-2.557314e-001
5.269622e+003,-3.099312e-001
5.270586e+003,-4.110456e-001
5.271550e+003,-5.432812e-001
5.272515e+003,-6.922627e-001
5.273479e+003,-8.469980e-001
5.274443e+003,-9.992825e-001
5.275408e+003,-1.140601e+000
5.276372e+003,-1.257930e+000
5.277336e+003,-1.330592e+000
5.278300e+003,-1.330970e+000
5.279265e+003,-1.229005e+000
5.280229e+003,-1.001006e+000
5.281193e+003,-6.394068e-001
5.282157e+003,-1.599412e-001
5.283122e+003,3.969841e-001
5.284086e+003,9.719478e-001
5.285050e+003,1.497838e+000
5.286014e+003,1.913257e+000
5.286979e+003,2.173795e+000
5.287943e+003,2.257922e+000
5.288907e+003,2.166713e+000
5.289871e+003,1.919092e+000
5.290835e+003,1.545710e+000
5.291800e+003,1.084386e+000
5.292764e+003,5.782496e-001
5.293728e+003,7.541485e-002
5.294692e+003,-3.722484e-001
5.295657e+003,-7.136696e-001
5.296621e+003,-9.068210e-001
5.297585e+003,-9.286357e-001
5.298549e+003,-7.827492e-001
5.299514e+003,-5.012707e-001
5.300478e+003,-1.387162e-001
5.301442e+003,2.404439e-001
5.302406e+003,5.766640e-001
5.303371e+003,8.273635e-001
5.304335e+003,9.723780e-001
5.305299e+003,1.011888e+000
5.306264e+003,9.590704e-001
5.307228e+003,8.316985e-001
5.308192e+003,6.490718e-001
5.309156e+003,4.242395e-001
5.310121e+003,1.732326e-001
5.311085e+003,-8.266813e-002
5.312049e+003,-3.157520e-001
5.313013e+003,-4.951975e-001
5.313978e+003,-5.940999e-001
5.314942e+003,-5.974935e-001
5.315906e+003,-5.078679e-001
5.316870e+003,-3.458095e-001
5.317834e+003,-1.454179e-001
5.318799e+003,5.373094e-002
5.319763e+003,2.153804e-001
5.320727e+003,3.135564e-001
5.321691e+003,3.364695e-001
5.322656e+003,2.871674e-001
5.323620e+003,1.817788e-001
5.324584e+003,4.597121e-002
5.325548e+003,-8.982189e-002
5.326513e+003,-1.962822e-001
5.327477e+003,-2.514484e-001
5.328441e+003,-2.461073e-001
5.329405e+003,-1.864976e-001
5.330370e+003,-9.288260e-002
5.331334e+003,6.218530e-003
5.332298e+003,8.254337e-002
5.333263e+003,1.164151e-001
5.334227e+003,1.017545e-001
5.335191e+003,4.611108e-002
5.336155e+003,-3.378309e-002
5.337120e+003,-1.184139e-001
5.338083e+003,-1.904686e-001
5.339048e+003,-2.350463e-001
5.340012e+003,-2.409034e-001
5.340977e+003,-1.949563e-001
5.341941e+003,-8.310318e-002
5.342905e+003,1.056377e-001
5.343869e+003,3.713082e-001
5.344833e+003,6.951705e-001
5.345798e+003,1.036547e+000
5.346762e+003,1.338041e+000
5.347726e+003,1.539215e+000
5.348690e+003,1.594874e+000
5.349655e+003,1.491243e+000
5.350619e+003,1.253434e+000
5.351583e+003,9.405906e-001
5.352547e+003,6.298296e-001
5.353512e+003,3.944441e-001
5.354476e+003,2.840075e-001
5.355440e+003,3.129359e-001
5.356404e+003,4.605395e-001
5.357369e+003,6.812515e-001
5.358333e+003,9.202669e-001
5.359297e+003,1.128865e+000
5.360261e+003,1.274993e+000
5.361226e+003,1.347206e+000
5.362190e+003,1.352951e+000
5.363154e+003,1.313343e+000
5.364119e+003,1.256874e+000
5.365083e+003,1.213357e+000
5.366047e+003,1.208590e+000
5.367011e+003,1.259734e+000
5.367976e+003,1.371745e+000
5.368939e+003,1.535683e+000
5.369904e+003,1.732938e+000
5.370868e+003,1.928877e+000
5.371833e+003,2.090888e+000
5.372797e+003,2.191715e+000
5.373761e+003,2.214035e+000
5.374725e+003,2.151429e+000
5.375689e+003,2.006135e+000
5.376654e+003,1.785360e+000
5.377618e+003,1.498448e+000
5.378582e+003,1.156429e+000
5.379546e+003,7.738879e-001
5.380511e+003,3.715257e-001
5.381475e+003,-2.281219e-002
5.382439e+003,-3.762179e-001
5.383403e+003,-6.558373e-001
5.384368e+003,-8.353907e-001
5.385332e+003,-9.005074e-001
5.386296e+003,-8.509557e-001
5.387260e+003,-6.991435e-001
5.388225e+003,-4.661145e-001
5.389189e+003,-1.770971e-001
5.390153e+003,1.415579e-001
5.391117e+003,4.634936e-001
5.392082e+003,7.624109e-001
5.393046e+003,1.012787e+000
5.394010e+003,1.192492e+000
5.394975e+003,1.287203e+000
5.395938e+003,1.294861e+000
5.396903e+003,1.227698e+000
5.397867e+003,1.109914e+000
5.398832e+003,9.708496e-001
5.399796e+003,8.357506e-001
5.400760e+003,7.197189e-001
5.401724e+003,6.177255e-001
5.402688e+003,5.137825e-001
5.403653e+003,3.871362e-001
5.404617e+003,2.228150e-001
5.405581e+003,1.996509e-002
5.406545e+003,-2.056274e-001
5.407510e+003,-4.261062e-001
5.408474e+003,-6.114550e-001
5.409438e+003,-7.407733e-001
5.410402e+003,-8.102205e-001
5.411367e+003,-8.342076e-001
5.412331e+003,-8.390596e-001
5.413295e+003,-8.514439e-001
5.414259e+003,-8.859682e-001
5.415224e+003,-9.370249e-001
5.416188e+003,-9.783727e-001
5.417152e+003,-9.713455e-001
5.418116e+003,-8.791260e-001
5.419081e+003,-6.822108e-001
5.420045e+003,-3.893293e-001
5.421009e+003,-3.947048e-002
5.421974e+003,3.064044e-001
5.422938e+003,5.816705e-001
5.423902e+003,7.332056e-001
5.424866e+003,7.370021e-001
5.425831e+003,6.050426e-001
5.426794e+003,3.811938e-001
5.427759e+003,1.277927e-001
5.428723e+003,-9.237174e-002
5.429688e+003,-2.326014e-001
5.430652e+003,-2.723259e-001
5.431616e+003,-2.182263e-001
5.432580e+003,-9.758880e-002
5.433544e+003,5.291493e-002
5.434509e+003,1.985738e-001
5.435473e+003,3.146938e-001
5.436437e+003,3.898966e-001
5.437401e+003,4.251791e-001
5.438366e+003,4.303787e-001
5.439330e+003,4.198186e-001
5.440294e+003,4.082382e-001
5.441258e+003,4.074548e-001
5.442223e+003,4.238787e-001
5.443187e+003,4.572968e-001
5.444151e+003,5.014934e-001
5.445115e+003,5.471678e-001
5.446080e+003,5.865785e-001
5.447044e+003,6.181602e-001
5.448008e+003,6.485581e-001
5.448972e+003,6.900592e-001
5.449937e+003,7.533172e-001
5.450901e+003,8.380151e-001
5.451865e+003,9.260144e-001
5.452830e+003,9.816641e-001
5.453793e+003,9.612962e-001
5.454758e+003,8.297389e-001
5.455722e+003,5.775620e-001
5.456687e+003,2.311178e-001
5.457650e+003,-1.506589e-001
5.458615e+003,-4.933941e-001
5.459579e+003,-7.327546e-001
5.460543e+003,-8.381267e-001
5.461508e+003,-8.240492e-001
5.462472e+003,-7.424468e-001
5.463436e+003,-6.629317e-001
5.464400e+003,-6.392235e-001
5.465365e+003,-6.858367e-001
5.466329e+003,-7.701083e-001
5.467293e+003,-8.248588e-001
5.468257e+003,-7.768042e-001
5.469222e+003,-5.790430e-001
5.470186e+003,-2.339164e-001
5.471150e+003,2.033452e-001
5.472114e+003,6.417043e-001
5.473079e+003,9.849865e-001
5.474043e+003,1.163738e+000
5.475007e+003,1.155883e+000
5.475971e+003,9.891391e-001
5.476936e+003,7.258044e-001
5.477900e+003,4.375443e-001
5.478864e+003,1.807998e-001
5.479828e+003,-1.803303e-002
5.480792e+003,-1.636186e-001
5.481757e+003,-2.807546e-001
5.482721e+003,-3.977795e-001
5.483686e+003,-5.316171e-001
5.484649e+003,-6.799059e-001
5.485614e+003,-8.218633e-001
5.486578e+003,-9.261335e-001
5.487542e+003,-9.617283e-001
5.488507e+003,-9.081033e-001
5.489471e+003,-7.614562e-001
5.490435e+003,-5.361459e-001
5.491399e+003,-2.613465e-001
5.492364e+003,2.595872e-002
5.493328e+003,2.919276e-001
5.494292e+003,5.094900e-001
5.495256e+003,6.699656e-001
5.496221e+003,7.833809e-001
5.497185e+003,8.742684e-001
5.498149e+003,9.719294e-001
5.499113e+003,1.098074e+000
5.500078e+003,1.256181e+000
5.501042e+003,1.427129e+000
5.502006e+003,1.573475e+000
5.502970e+003,1.651575e+000
5.503935e+003,1.627175e+000
5.504899e+003,1.488524e+000
5.505863e+003,1.251568e+000
5.506827e+003,9.551213e-001
5.507792e+003,6.479040e-001
5.508756e+003,3.728372e-001
5.509720e+003,1.549089e-001
5.510685e+003,-2.858348e-003
5.511648e+003,-1.145287e-001
5.512613e+003,-2.004685e-001
5.513577e+003,-2.759716e-001
5.514542e+003,-3.442454e-001
5.515505e+003,-3.961792e-001
5.516470e+003,-4.159328e-001
5.517434e+003,-3.888868e-001
5.518398e+003,-3.079444e-001
5.519363e+003,-1.757280e-001
5.520327e+003,-2.664503e-003
5.521291e+003,1.968369e-001
5.522255e+003,4.074593e-001
5.523220e+003,6.137117e-001
5.524184e+003,7.997760e-001
5.525148e+003,9.458829e-001
5.526112e+003,1.032236e+000
5.527077e+003,1.043851e+000
5.528041e+003,9.778725e-001
5.529005e+003,8.493730e-001
5.529969e+003,6.920551e-001
5.530934e+003,5.517983e-001
5.531898e+003,4.742224e-001
5.532862e+003,4.902544e-001
5.533826e+003,6.052090e-001
5.534791e+003,7.957847e-001
5.535755e+003,1.016538e+000
5.536719e+003,1.213415e+000
5.537683e+003,1.339322e+000
5.538647e+003,1.365962e+000
5.539612e+003,1.288090e+000
5.540576e+003,1.119709e+000
5.541541e+003,8.851045e-001
5.542504e+003,6.094742e-001
5.543469e+003,3.134862e-001
5.544433e+003,1.351553e-002
5.545397e+003,-2.737543e-001
5.546361e+003,-5.262023e-001
5.547326e+003,-7.147019e-001
5.548290e+003,-8.075765e-001
5.549254e+003,-7.803449e-001
5.550219e+003,-6.270283e-001
5.551183e+003,-3.678782e-001
5.552147e+003,-4.924803e-002
5.553111e+003,2.657245e-001
5.554076e+003,5.132959e-001
5.555040e+003,6.450403e-001
5.556004e+003,6.450293e-001
5.556968e+003,5.307430e-001
5.557933e+003,3.466033e-001
5.558897e+003,1.487986e-001
5.559861e+003,-1.227087e-002
5.560825e+003,-1.056731e-001
5.561790e+003,-1.253686e-001
5.562754e+003,-8.641180e-002
5.563718e+003,-1.452608e-002
5.564682e+003,6.609756e-002
5.565646e+003,1.418735e-001
5.566611e+003,2.126911e-001
5.567575e+003,2.884406e-001
5.568539e+003,3.817414e-001
5.569503e+003,5.005817e-001
5.570468e+003,6.441438e-001
5.571432e+003,8.032391e-001
5.572396e+003,9.644011e-001
5.573360e+003,1.115231e+000
5.574325e+003,1.248278e+000
5.575289e+003,1.361751e+000
5.576253e+003,1.457102e+000
5.577217e+003,1.535057e+000
5.578182e+003,1.592301e+000
5.579146e+003,1.620606e+000
5.580110e+003,1.608838e+000
5.581075e+003,1.547057e+000
5.582039e+003,1.430919e+000
5.583003e+003,1.264666e+000
5.583967e+003,1.061642e+000
5.584932e+003,8.422837e-001
5.585896e+003,6.304496e-001
5.586860e+003,4.484909e-001
5.587824e+003,3.148903e-001
5.588789e+003,2.420922e-001
5.589753e+003,2.354130e-001
5.590717e+003,2.927082e-001
5.591681e+003,4.048024e-001
5.592646e+003,5.565325e-001
5.593610e+003,7.285351e-001
5.594574e+003,8.995566e-001
5.595538e+003,1.049012e+000
5.596502e+003,1.159429e+000
5.597467e+003,1.218490e+000
5.598431e+003,1.220496e+000
5.599395e+003,1.167328e+000
5.600359e+003,1.068794e+000
5.601324e+003,9.420990e-001
5.602288e+003,8.099857e-001
5.603252e+003,6.971096e-001
5.604216e+003,6.248699e-001
5.605181e+003,6.056966e-001
5.606145e+003,6.385434e-001
5.607109e+003,7.076392e-001
5.608074e+003,7.856902e-001
5.609038e+003,8.414086e-001
5.610002e+003,8.492418e-001
5.610966e+003,7.980736e-001
5.611931e+003,6.955448e-001
5.612895e+003,5.660607e-001
5.613859e+003,4.428300e-001
5.614823e+003,3.566631e-001
5.615788e+003,3.256101e-001
5.616752e+003,3.485516e-001
5.617716e+003,4.075517e-001
5.618680e+003,4.736568e-001
5.619645e+003,5.170357e-001
5.620609e+003,5.160057e-001
5.621573e+003,4.622529e-001
5.622537e+003,3.610964e-001
5.623501e+003,2.277139e-001
5.624466e+003,8.159296e-002
5.625430e+003,-5.835584e-002
5.626394e+003,-1.765878e-001
5.627358e+003,-2.614695e-001
5.628323e+003,-3.045740e-001
5.629287e+003,-2.999166e-001
5.630251e+003,-2.438769e-001
5.631215e+003,-1.357096e-001
5.632180e+003,2.196828e-002
5.633144e+003,2.233131e-001
5.634108e+003,4.599941e-001
5.635072e+003,7.219881e-001
5.636037e+003,9.976531e-001
5.637001e+003,1.272797e+000
5.637965e+003,1.529355e+000
5.638930e+003,1.745031e+000
5.639894e+003,1.895318e+000
5.640858e+003,1.958360e+000
5.641822e+003,1.921582e+000
5.642787e+003,1.787609e+000
5.643750e+003,1.576571e+000
5.644715e+003,1.322794e+000
5.645679e+003,1.066059e+000
5.646644e+003,8.399991e-001
5.647608e+003,6.622811e-001
5.648572e+003,5.285091e-001
5.649536e+003,4.166559e-001
5.650500e+003,2.969547e-001
5.651465e+003,1.457290e-001
5.652429e+003,-4.250558e-002
5.653393e+003,-2.494625e-001
5.654357e+003,-4.365277e-001
5.655322e+003,-5.563297e-001
5.656286e+003,-5.684642e-001
5.657250e+003,-4.539231e-001
5.658214e+003,-2.231235e-001
5.659179e+003,8.520447e-002
5.660143e+003,4.138173e-001
5.661107e+003,7.021040e-001
5.662071e+003,9.016194e-001
5.663036e+003,9.872091e-001
5.664000e+003,9.607159e-001
5.664964e+003,8.468581e-001
5.665928e+003,6.834317e-001
5.666893e+003,5.095763e-001
5.667857e+003,3.559323e-001
5.668821e+003,2.393714e-001
5.669786e+003,1.630032e-001
5.670750e+003,1.202047e-001
5.671714e+003,1.001588e-001
5.672678e+003,9.243199e-002
5.673643e+003,8.900884e-002
5.674607e+003,8.394855e-002
5.675571e+003,7.198691e-002
5.676535e+003,4.802084e-002
5.677500e+003,8.656561e-003
5.678464e+003,-4.458755e-002
5.679428e+003,-1.008120e-001
5.680392e+003,-1.404121e-001
5.681356e+003,-1.380145e-001
5.682321e+003,-7.049209e-002
5.683285e+003,7.283354e-002
5.684249e+003,2.818509e-001
5.685213e+003,5.233243e-001
5.686178e+003,7.469468e-001
5.687142e+003,8.989139e-001
5.688106e+003,9.388809e-001
5.689070e+003,8.541315e-001
5.690035e+003,6.653581e-001
5.690999e+003,4.211671e-001
5.691963e+003,1.827882e-001
5.692927e+003,4.307434e-003
5.693892e+003,-8.434275e-002
5.694856e+003,-8.539540e-002
5.695820e+003,-2.958792e-002
5.696785e+003,3.730150e-002
5.697749e+003,7.210898e-002
5.698713e+003,4.914723e-002
5.699677e+003,-3.309955e-002
5.700642e+003,-1.551804e-001
5.701605e+003,-2.873405e-001
5.702570e+003,-4.024723e-001
5.703534e+003,-4.857686e-001
5.704499e+003,-5.376533e-001
5.705463e+003,-5.697880e-001
5.706427e+003,-5.971102e-001
5.707391e+003,-6.301033e-001
5.708355e+003,-6.707925e-001
5.709320e+003,-7.134259e-001
5.710284e+003,-7.495756e-001
5.711248e+003,-7.718872e-001
5.712212e+003,-7.766148e-001
5.713177e+003,-7.625970e-001
5.714141e+003,-7.280481e-001
5.715105e+003,-6.676669e-001
5.716069e+003,-5.724927e-001
5.717034e+003,-4.333909e-001
5.717998e+003,-2.469310e-001
5.718962e+003,-2.082098e-002
5.719926e+003,2.240500e-001
5.720891e+003,4.566036e-001
5.721855e+003,6.428335e-001
5.722819e+003,7.546721e-001
5.723783e+003,7.769449e-001
5.724748e+003,7.098336e-001
5.725712e+003,5.663234e-001
5.726676e+003,3.662597e-001
5.727641e+003,1.300422e-001
5.728604e+003,-1.253197e-001
5.729569e+003,-3.866147e-001
5.730533e+003,-6.420488e-001
5.731498e+003,-8.782985e-001
5.732461e+003,-1.079280e+000
5.733426e+003,-1.227743e+000
5.734390e+003,-1.309039e+000
5.735354e+003,-1.315099e+000
5.736319e+003,-1.246424e+000
5.737283e+003,-1.111076e+000
5.738247e+003,-9.212709e-001
5.739211e+003,-6.897108e-001
5.740176e+003,-4.318136e-001
5.741140e+003,-1.548991e-001
5.742104e+003,1.264824e-001
5.743068e+003,3.909765e-001
5.744033e+003,6.102903e-001
5.744997e+003,7.538136e-001
5.745961e+003,7.972748e-001
5.746925e+003,7.322531e-001
5.747890e+003,5.722919e-001
5.748854e+003,3.521874e-001
5.749818e+003,1.196730e-001
5.750782e+003,-7.802991e-002
5.751747e+003,-2.078603e-001
5.752711e+003,-2.594644e-001
5.753675e+003,-2.452042e-001
5.754639e+003,-1.917566e-001
5.755604e+003,-1.268448e-001
5.756568e+003,-6.674846e-002
5.757532e+003,-9.937391e-003
5.758497e+003,6.050107e-002
5.759460e+003,1.665925e-001
5.760425e+003,3.216224e-001
5.761389e+003,5.184896e-001
5.762354e+003,7.252628e-001
5.763318e+003,8.902620e-001
5.764282e+003,9.554598e-001
5.765246e+003,8.740462e-001
5.766210e+003,6.265882e-001
5.767175e+003,2.306818e-001
5.768139e+003,-2.589767e-001
5.769103e+003,-7.602445e-001
5.770067e+003,-1.180470e+000
5.771032e+003,-1.413707e+000
5.771996e+003,-1.432395e+000
5.772960e+003,-1.219435e+000
5.773924e+003,-7.997122e-001
5.774889e+003,-2.339321e-001
5.775853e+003,3.948731e-001
5.776817e+003,9.986216e-001
5.777781e+003,1.501076e+000
5.778746e+003,1.850535e+000
5.779710e+003,2.026000e+000
5.780674e+003,2.036344e+000
5.781638e+003,1.913865e+000
5.782603e+003,1.704706e+000
5.783567e+003,1.458776e+000
5.784531e+003,1.221112e+000
5.785496e+003,1.025610e+000
5.786459e+003,8.913083e-001
5.787424e+003,8.211462e-001
5.788388e+003,8.033016e-001
5.789353e+003,8.153533e-001
5.790316e+003,8.310646e-001
5.791281e+003,8.286241e-001
5.792245e+003,7.979560e-001
5.793209e+003,7.442243e-001
5.794174e+003,6.853292e-001
5.795138e+003,6.434156e-001
5.796102e+003,6.331655e-001
5.797066e+003,6.517118e-001
5.798031e+003,6.751950e-001
5.798995e+003,6.646986e-001
5.799959e+003,5.804030e-001
5.800923e+003,3.987848e-001
5.801888e+003,1.228329e-001
5.802852e+003,-2.055291e-001
5.803816e+003,-5.233060e-001
5.804780e+003,-7.630930e-001
5.805745e+003,-8.751119e-001
5.806709e+003,-8.433949e-001
5.807673e+003,-6.900393e-001
5.808637e+003,-4.664729e-001
5.809602e+003,-2.357564e-001
5.810566e+003,-5.315763e-002
5.811530e+003,4.796804e-002
5.812494e+003,6.092356e-002
5.813458e+003,1.317248e-003
5.814423e+003,-1.027737e-001
5.815387e+003,-2.211889e-001
5.816352e+003,-3.289657e-001
5.817315e+003,-4.091538e-001
5.818280e+003,-4.523481e-001
5.819244e+003,-4.549939e-001
5.820208e+003,-4.181458e-001
5.821172e+003,-3.470666e-001
5.822137e+003,-2.508411e-001
5.823101e+003,-1.409782e-001
5.824065e+003,-2.875622e-002
5.825030e+003,7.789771e-002
5.825994e+003,1.764195e-001
5.826958e+003,2.692228e-001
5.827922e+003,3.606868e-001
5.828887e+003,4.526469e-001
5.829851e+003,5.403506e-001
5.830815e+003,6.108892e-001
5.831779e+003,6.450931e-001
5.832744e+003,6.303416e-001
5.833708e+003,5.542414e-001
5.834672e+003,4.151873e-001
5.835636e+003,2.239809e-001
5.836601e+003,2.848387e-003
5.837565e+003,-2.179858e-001
5.838529e+003,-4.053929e-001
5.839493e+003,-5.292087e-001
5.840458e+003,-5.679089e-001
5.841422e+003,-5.131403e-001
5.842386e+003,-3.720366e-001
5.843350e+003,-1.665212e-001
5.844314e+003,7.074469e-002
5.845279e+003,3.031368e-001
5.846243e+003,4.981052e-001
5.847208e+003,6.342573e-001
5.848171e+003,7.055547e-001
5.849136e+003,7.213828e-001
5.850100e+003,7.026933e-001
5.851064e+003,6.755592e-001
5.852028e+003,6.642025e-001
5.852993e+003,6.853443e-001
5.853957e+003,7.450455e-001
5.854921e+003,8.381670e-001
5.855886e+003,9.500299e-001
5.856850e+003,1.059546e+000
5.857814e+003,1.143352e+000
5.858778e+003,1.180565e+000
5.859743e+003,1.157629e+000
5.860707e+003,1.072295e+000
5.861671e+003,9.354060e-001
5.862635e+003,7.692026e-001
5.863600e+003,6.040053e-001
5.864564e+003,4.620777e-001
5.865528e+003,3.600291e-001
5.866492e+003,3.004903e-001
5.867457e+003,2.727214e-001
5.868421e+003,2.586437e-001
5.869385e+003,2.419263e-001
5.870349e+003,2.160027e-001
5.871313e+003,1.872123e-001
5.872278e+003,1.712250e-001
5.873242e+003,1.841840e-001
5.874206e+003,2.325978e-001
5.875170e+003,3.070274e-001
5.876135e+003,3.829748e-001
5.877099e+003,4.292583e-001
5.878063e+003,4.203649e-001
5.879027e+003,3.473916e-001
5.879992e+003,2.224215e-001
5.880956e+003,7.426330e-002
5.881920e+003,-6.271231e-002
5.882885e+003,-1.615807e-001
5.883849e+003,-2.120191e-001
5.884813e+003,-2.216814e-001
5.885777e+003,-2.097204e-001
5.886742e+003,-1.959383e-001
5.887706e+003,-1.909846e-001
5.888670e+003,-1.920761e-001
5.889634e+003,-1.858423e-001
5.890599e+003,-1.562064e-001
5.891563e+003,-9.303071e-002
5.892527e+003,2.891477e-003
5.893491e+003,1.205548e-001
5.894456e+003,2.438219e-001
5.895420e+003,3.592344e-001
5.896384e+003,4.596363e-001
5.897348e+003,5.442709e-001
5.898313e+003,6.150638e-001
5.899277e+003,6.721462e-001
5.900241e+003,7.119123e-001
5.901205e+003,7.290694e-001
5.902169e+003,7.214676e-001
5.903134e+003,6.942656e-001
5.904098e+003,6.599551e-001
5.905063e+003,6.328347e-001
5.906026e+003,6.199482e-001
5.906991e+003,6.132274e-001
5.907955e+003,5.880792e-001
5.908919e+003,5.110495e-001
5.909883e+003,3.549150e-001
5.910848e+003,1.151054e-001
5.911812e+003,-1.803168e-001
5.912776e+003,-4.732824e-001
5.913741e+003,-6.918812e-001
5.914705e+003,-7.751186e-001
5.915669e+003,-6.966676e-001
5.916633e+003,-4.777106e-001
5.917598e+003,-1.826376e-001
5.918562e+003,1.017181e-001
5.919526e+003,2.958860e-001
5.920490e+003,3.552145e-001
5.921455e+003,2.843582e-001
5.922419e+003,1.332520e-001
5.923383e+003,-2.345499e-002
5.924347e+003,-1.151816e-001
5.925312e+003,-1.009380e-001
5.926276e+003,1.791794e-002
5.927240e+003,2.021694e-001
5.928204e+003,3.931090e-001
5.929168e+003,5.369597e-001
5.930133e+003,6.051089e-001
5.931097e+003,6.026205e-001
5.932061e+003,5.625854e-001
5.933025e+003,5.299092e-001
5.933990e+003,5.419548e-001
5.934954e+003,6.141993e-001
5.935918e+003,7.361571e-001
5.936882e+003,8.782092e-001
5.937847e+003,1.005268e+000
5.938811e+003,1.090896e+000
5.939775e+003,1.125727e+000
5.940739e+003,1.117286e+000
5.941704e+003,1.082173e+000
5.942668e+003,1.035093e+000
5.943632e+003,9.802159e-001
5.944597e+003,9.091235e-001
5.945561e+003,8.062186e-001
5.946525e+003,6.590632e-001
5.947489e+003,4.686518e-001
5.948454e+003,2.546467e-001
5.949418e+003,5.265310e-002
5.950382e+003,-9.593210e-002
5.951346e+003,-1.577430e-001
5.952311e+003,-1.195446e-001
5.953275e+003,6.169856e-003
5.954239e+003,1.844714e-001
5.955203e+003,3.689533e-001
5.956167e+003,5.171478e-001
5.957132e+003,6.016892e-001
5.958096e+003,6.192006e-001
5.959060e+003,5.887197e-001
5.960024e+003,5.433000e-001
5.960989e+003,5.176669e-001
5.961953e+003,5.363942e-001
5.962917e+003,6.064247e-001
5.963881e+003,7.159885e-001
5.964846e+003,8.395759e-001
5.965810e+003,9.467716e-001
5.966774e+003,1.011723e+000
5.967738e+003,1.020193e+000
5.968703e+003,9.722204e-001
5.969667e+003,8.800434e-001
5.970631e+003,7.623237e-001
5.971596e+003,6.369298e-001
5.972560e+003,5.146752e-001
5.973524e+003,3.960587e-001
5.974488e+003,2.719272e-001
5.975453e+003,1.277111e-001
5.976417e+003,-5.036244e-002
5.977381e+003,-2.692322e-001
5.978345e+003,-5.251976e-001
5.979310e+003,-8.034915e-001
5.980274e+003,-1.081136e+000
5.981238e+003,-1.331841e+000
5.982202e+003,-1.531093e+000
5.983167e+003,-1.659850e+000
5.984131e+003,-1.706140e+000
5.985095e+003,-1.664896e+000
5.986059e+003,-1.537158e+000
5.987023e+003,-1.329917e+000
5.987988e+003,-1.056385e+000
5.988952e+003,-7.364331e-001
5.989916e+003,-3.966741e-001
5.990880e+003,-6.843266e-002
5.991845e+003,2.165684e-001
5.992809e+003,4.319075e-001
5.993773e+003,5.617524e-001
5.994737e+003,6.037769e-001
5.995702e+003,5.686778e-001
5.996666e+003,4.765946e-001
5.997630e+003,3.519888e-001
5.998594e+003,2.189828e-001
5.999559e+003,9.847850e-002
6.000523e+003,7.227123e-003
6.001487e+003,-4.220812e-002
6.002452e+003,-4.189962e-002
6.003416e+003,9.875085e-003
6.004380e+003,1.065573e-001
6.005344e+003,2.323831e-001
6.006309e+003,3.643614e-001
6.007272e+003,4.776962e-001
6.008237e+003,5.533744e-001
6.009201e+003,5.849562e-001
6.010166e+003,5.813919e-001
6.011130e+003,5.639433e-001
6.012094e+003,5.579190e-001
6.013058e+003,5.824030e-001
6.014022e+003,6.423194e-001
6.014987e+003,7.263415e-001
6.015951e+003,8.115054e-001
6.016915e+003,8.723747e-001
6.017879e+003,8.903723e-001
6.018844e+003,8.595428e-001
6.019808e+003,7.862781e-001
6.020772e+003,6.837564e-001
6.021736e+003,5.648589e-001
6.022701e+003,4.373029e-001
6.023665e+003,3.034340e-001
6.024629e+003,1.641766e-001
6.025593e+003,2.422165e-002
6.026558e+003,-1.050475e-001
6.027522e+003,-2.071903e-001
6.028486e+003,-2.662003e-001
6.029450e+003,-2.729262e-001
6.030415e+003,-2.285863e-001
6.031379e+003,-1.432255e-001
6.032343e+003,-2.975499e-002
6.033308e+003,1.028663e-001
6.034271e+003,2.530265e-001
6.035236e+003,4.237970e-001
6.036200e+003,6.149492e-001
6.037165e+003,8.139370e-001
6.038129e+003,9.914759e-001
6.039093e+003,1.105669e+000
6.040057e+003,1.114784e+000
6.041021e+003,9.939758e-001
6.041986e+003,7.488297e-001
6.042950e+003,4.190021e-001
6.043914e+003,6.937288e-002
6.044878e+003,-2.286847e-001
6.045843e+003,-4.187764e-001
6.046807e+003,-4.755895e-001
6.047771e+003,-4.097803e-001
6.048735e+003,-3.571125e-001
6.049700e+003,-3.194694e-001
6.050664e+003,-3.184421e-001
6.051628e+003,-3.451420e-001
6.052592e+003,-3.734453e-001
6.053557e+003,-3.801439e-001
6.054521e+003,-3.605992e-001
6.055485e+003,-3.319090e-001
6.056449e+003,-3.228748e-001
6.057414e+003,-3.571735e-001
6.058378e+003,-4.392473e-001
6.059342e+003,-5.502353e-001
6.060307e+003,-6.552755e-001
6.061271e+003,-7.175833e-001
6.062235e+003,-7.120538e-001
6.063199e+003,-6.325005e-001
6.064164e+003,-4.910942e-001
6.065127e+003,-3.126122e-001
6.066092e+003,-1.277375e-001
6.067056e+003,3.182249e-002
6.068021e+003,1.365237e-001
6.068985e+003,1.624324e-001
6.069949e+003,9.651927e-002
6.070913e+003,-5.709778e-002
6.071877e+003,-2.733142e-001
6.072842e+003,-5.083464e-001
6.073806e+003,-7.095857e-001
6.074770e+003,-8.304832e-001
6.075734e+003,-8.448122e-001
6.076699e+003,-7.542886e-001
6.077663e+003,-5.863556e-001
6.078627e+003,-3.833819e-001
6.079591e+003,-1.706930e-001
6.080556e+003,-1.802194e-002
6.081520e+003,6.419387e-002
6.082484e+003,8.372666e-002
6.083448e+003,6.168349e-002
6.084413e+003,2.649397e-002
6.085377e+003,8.180216e-003
6.086341e+003,3.307708e-002
6.087305e+003,1.188942e-001
6.088270e+003,2.703709e-001
6.089234e+003,4.767120e-001
6.090198e+003,7.123363e-001
6.091163e+003,9.419132e-001
6.092126e+003,1.129024e+000
6.093091e+003,1.246001e+000
6.094055e+003,1.281388e+000
6.095020e+003,1.242034e+000
6.095983e+003,1.148721e+000
6.096948e+003,1.027104e+000
6.097912e+003,8.976304e-001
6.098876e+003,7.687998e-001
6.099841e+003,6.364617e-001
6.100805e+003,4.892145e-001
6.101769e+003,3.170179e-001
6.102733e+003,1.188483e-001
6.103698e+003,-9.431848e-002
6.104662e+003,-3.025438e-001
6.105626e+003,-4.844572e-001
6.106590e+003,-6.255344e-001
6.107555e+003,-7.232472e-001
6.108519e+003,-7.865450e-001
6.109483e+003,-8.301347e-001
6.110447e+003,-8.690638e-001
6.111412e+003,-9.040992e-001
6.112376e+003,-9.266554e-001
6.113340e+003,-9.197518e-001
6.114304e+003,-8.650789e-001
6.115269e+003,-7.503934e-001
6.116233e+003,-5.738357e-001
6.117197e+003,-3.435846e-001
6.118161e+003,-7.348575e-002
6.119125e+003,2.226336e-001
6.120090e+003,5.347468e-001
6.121054e+003,8.563692e-001
6.122019e+003,1.180367e+000
6.122982e+003,1.493135e+000
6.123947e+003,1.770715e+000
6.124911e+003,1.979841e+000
6.125875e+003,2.084904e+000
6.126839e+003,2.059120e+000
6.127804e+003,1.895954e+000
6.128768e+003,1.616165e+000
6.129732e+003,1.267012e+000
6.130697e+003,9.127877e-001
6.131661e+003,6.190135e-001
6.132625e+003,4.349338e-001
6.133589e+003,3.798118e-001
6.134554e+003,4.373641e-001
6.135518e+003,5.601686e-001
6.136482e+003,6.827019e-001
6.137446e+003,7.392528e-001
6.138411e+003,6.815372e-001
6.139375e+003,4.912778e-001
6.140339e+003,1.845424e-001
6.141303e+003,-1.955246e-001
6.142268e+003,-5.834742e-001
6.143232e+003,-9.140522e-001
6.144196e+003,-1.136276e+000
6.145160e+003,-1.225129e+000
6.146125e+003,-1.186236e+000
6.147089e+003,-1.052416e+000
6.148053e+003,-8.733211e-001
6.149017e+003,-7.010477e-001
6.149981e+003,-5.759488e-001
6.150946e+003,-5.167001e-001
6.151910e+003,-5.175177e-001
6.152875e+003,-5.529771e-001
6.153838e+003,-5.885121e-001
6.154803e+003,-5.926377e-001
6.155767e+003,-5.465904e-001
6.156731e+003,-4.481875e-001
6.157696e+003,-3.092460e-001
6.158660e+003,-1.484661e-001
6.159624e+003,1.643466e-002
6.160588e+003,1.736826e-001
6.161553e+003,3.174933e-001
6.162517e+003,4.439824e-001
6.163481e+003,5.459310e-001
6.164445e+003,6.102615e-001
6.165410e+003,6.206610e-001
6.166374e+003,5.650753e-001
6.167338e+003,4.447041e-001
6.168302e+003,2.797822e-001
6.169267e+003,1.080309e-001
6.170231e+003,-2.510005e-002
6.171195e+003,-8.149882e-002
6.172159e+003,-4.423049e-002
6.173124e+003,7.364771e-002
6.174088e+003,2.346613e-001
6.175052e+003,3.905127e-001
6.176016e+003,5.012516e-001
6.176980e+003,5.515392e-001
6.177945e+003,5.570429e-001
6.178909e+003,5.578249e-001
6.179874e+003,6.012049e-001
6.180837e+003,7.210432e-001
6.181802e+003,9.220681e-001
6.182766e+003,1.175778e+000
6.183730e+003,1.429653e+000
6.184694e+003,1.625813e+000
6.185659e+003,1.721455e+000
6.186623e+003,1.702958e+000
6.187587e+003,1.588412e+000
6.188552e+003,1.418350e+000
6.189516e+003,1.239258e+000
6.190480e+003,1.086938e+000
6.191444e+003,9.762646e-001
6.192409e+003,9.005028e-001
6.193373e+003,8.391109e-001
6.194337e+003,7.694676e-001
6.195301e+003,6.770387e-001
6.196266e+003,5.599235e-001
6.197230e+003,4.269620e-001
6.198194e+003,2.915502e-001
6.199158e+003,1.651452e-001
6.200123e+003,5.376388e-002
6.201087e+003,-4.120312e-002
6.202051e+003,-1.192569e-001
6.203015e+003,-1.770267e-001
6.203979e+003,-2.074598e-001
6.204944e+003,-2.028786e-001
6.205908e+003,-1.606676e-001
6.206872e+003,-8.824217e-002
6.207836e+003,-4.070580e-003
6.208801e+003,6.700240e-002
6.209765e+003,1.029814e-001
6.210729e+003,9.488656e-002
6.211693e+003,5.323124e-002
6.212658e+003,7.270113e-003
6.213622e+003,-3.692299e-003
6.214586e+003,5.580336e-002
6.215550e+003,2.033159e-001
6.216515e+003,4.297528e-001
6.217479e+003,6.994682e-001
6.218443e+003,9.594231e-001
6.219408e+003,1.154069e+000
6.220372e+003,1.240824e+000
6.221336e+003,1.200824e+000
6.222300e+003,1.042005e+000
6.223265e+003,7.944475e-001
6.224229e+003,5.007449e-001
6.225193e+003,2.053102e-001
6.226157e+003,-5.386883e-002
6.227122e+003,-2.494863e-001
6.228086e+003,-3.655353e-001
6.229050e+003,-3.961256e-001
6.230014e+003,-3.442161e-001
6.230979e+003,-2.211185e-001
6.231943e+003,-4.619095e-002
6.232907e+003,1.545653e-001
6.233871e+003,3.524657e-001
6.234835e+003,5.201025e-001
6.235800e+003,6.398799e-001
6.236764e+003,7.077359e-001
6.237728e+003,7.337928e-001
6.238692e+003,7.384778e-001
6.239657e+003,7.454168e-001
6.240621e+003,7.735928e-001
6.241585e+003,8.316978e-001
6.242549e+003,9.164068e-001
6.243514e+003,1.014823e+000
6.244478e+003,1.109433e+000
6.245442e+003,1.183391e+000
6.246407e+003,1.224085e+000
6.247371e+003,1.224196e+000
6.248335e+003,1.180801e+000
6.249299e+003,1.093812e+000
6.250264e+003,9.649600e-001
6.251228e+003,7.978722e-001
6.252192e+003,5.987205e-001
6.253156e+003,3.766724e-001
6.254121e+003,1.433828e-001
6.255085e+003,-8.828771e-002
6.256049e+003,-3.056836e-001
6.257013e+003,-4.968998e-001
6.257978e+003,-6.502899e-001
6.258942e+003,-7.534841e-001
6.259906e+003,-7.934471e-001
6.260870e+003,-7.587394e-001
6.261834e+003,-6.442058e-001
6.262799e+003,-4.566134e-001
6.263763e+003,-2.184571e-001
6.264727e+003,3.439021e-002
6.265691e+003,2.542014e-001
6.266656e+003,3.994649e-001
6.267620e+003,4.455626e-001
6.268584e+003,3.939283e-001
6.269548e+003,2.732965e-001
6.270513e+003,1.317673e-001
6.271477e+003,2.191113e-002
6.272441e+003,-1.592800e-002
6.273405e+003,3.393947e-002
6.274370e+003,1.588680e-001
6.275334e+003,3.239869e-001
6.276298e+003,4.855112e-001
6.277263e+003,6.058389e-001
6.278227e+003,6.649085e-001
6.279191e+003,6.640757e-001
6.280155e+003,6.221550e-001
6.281120e+003,5.661128e-001
6.282083e+003,5.208117e-001
6.283048e+003,5.015144e-001
6.284012e+003,5.113085e-001
6.284977e+003,5.429007e-001
6.285941e+003,5.829566e-001
6.286905e+003,6.164112e-001
6.287869e+003,6.294878e-001
6.288833e+003,6.111696e-001
6.289798e+003,5.541124e-001
6.290762e+003,4.558207e-001
6.291726e+003,3.201962e-001
6.292690e+003,1.584433e-001
6.293655e+003,-1.197605e-002
6.294619e+003,-1.711770e-001
6.295583e+003,-3.009349e-001
6.296547e+003,-3.950306e-001
6.297512e+003,-4.581362e-001
6.298476e+003,-5.044933e-001
6.299440e+003,-5.507705e-001
6.300404e+003,-6.068729e-001
6.301369e+003,-6.688206e-001
6.302333e+003,-7.175206e-001
6.303297e+003,-7.247018e-001
6.304261e+003,-6.642441e-001
6.305226e+003,-5.240959e-001
6.306190e+003,-3.135012e-001
6.307154e+003,-6.167701e-002
6.308119e+003,1.920166e-001
6.309083e+003,4.126356e-001
6.310047e+003,5.828229e-001
6.311011e+003,7.087898e-001
6.311976e+003,8.164110e-001
6.312940e+003,9.389684e-001
6.313904e+003,1.101929e+000
6.314868e+003,1.311330e+000
6.315833e+003,1.550720e+000
6.316797e+003,1.787763e+000
6.317761e+003,1.987136e+000
6.318725e+003,2.123845e+000
6.319689e+003,2.190907e+000
6.320654e+003,2.198437e+000
6.321618e+003,2.165055e+000
6.322582e+003,2.106263e+000
6.323546e+003,2.025491e+000
6.324511e+003,1.912162e+000
6.325475e+003,1.747577e+000
6.326439e+003,1.516607e+000
6.327403e+003,1.215041e+000
6.328368e+003,8.595784e-001
6.329332e+003,4.849761e-001
6.330296e+003,1.360969e-001
6.331260e+003,-1.432020e-001
6.332225e+003,-3.201140e-001
6.333189e+003,-3.787715e-001
6.334153e+003,-3.211474e-001
6.335118e+003,-1.642524e-001
6.336082e+003,6.427762e-002
6.337046e+003,3.303211e-001
6.338010e+003,5.967703e-001
6.338975e+003,8.270358e-001
6.339938e+003,9.893908e-001
6.340903e+003,1.062202e+000
6.341867e+003,1.038718e+000
6.342832e+003,9.292795e-001
6.343796e+003,7.591179e-001
6.344760e+003,5.615528e-001
6.345724e+003,3.685788e-001
6.346688e+003,2.022209e-001
6.347653e+003,7.020666e-002
6.348617e+003,-3.240172e-002
6.349581e+003,-1.164587e-001
6.350545e+003,-1.901993e-001
6.351510e+003,-2.530440e-001
6.352474e+003,-2.947515e-001
6.353438e+003,-3.002920e-001
6.354402e+003,-2.580954e-001
6.355367e+003,-1.675716e-001
6.356331e+003,-4.224463e-002
6.357295e+003,9.128156e-002
6.358259e+003,2.065573e-001
6.359224e+003,2.811267e-001
6.360188e+003,3.045531e-001
6.361152e+003,2.798807e-001
6.362116e+003,2.200901e-001
6.363081e+003,1.417689e-001
6.364045e+003,5.893139e-002
6.365009e+003,-2.050920e-002
6.365974e+003,-9.494337e-002
6.366938e+003,-1.668158e-001
6.367902e+003,-2.397686e-001
6.368866e+003,-3.166981e-001
6.369831e+003,-3.991482e-001
6.370794e+003,-4.874056e-001
6.371759e+003,-5.801707e-001
6.372723e+003,-6.733357e-001
6.373688e+003,-7.583476e-001
6.374652e+003,-8.216863e-001
6.375616e+003,-8.468196e-001
6.376580e+003,-8.190653e-001
6.377544e+003,-7.320339e-001
6.378509e+003,-5.929932e-001
6.379473e+003,-4.243485e-001
6.380437e+003,-2.595735e-001
6.381401e+003,-1.342427e-001
6.382366e+003,-7.501835e-002
6.383330e+003,-9.067559e-002
6.384294e+003,-1.686758e-001
6.385258e+003,-2.788326e-001
6.386223e+003,-3.829095e-001
6.387187e+003,-4.467183e-001
6.388151e+003,-4.497915e-001
6.389115e+003,-3.914672e-001
6.390080e+003,-2.900516e-001
6.391044e+003,-1.750762e-001
6.392008e+003,-7.723214e-002
6.392972e+003,-1.894046e-002
6.393937e+003,-8.221664e-003
6.394901e+003,-3.736735e-002
6.395865e+003,-8.612846e-002
6.396830e+003,-1.280603e-001
6.397793e+003,-1.380616e-001
6.398758e+003,-9.905167e-002
6.399722e+003,-6.118231e-003
6.400687e+003,1.327424e-001
6.401651e+003,2.993948e-001
6.402615e+003,4.709085e-001
6.403579e+003,6.258339e-001
6.404543e+003,7.493972e-001
6.405508e+003,8.359772e-001
6.406472e+003,8.882176e-001
6.407436e+003,9.135317e-001
6.408400e+003,9.197721e-001
6.409365e+003,9.122432e-001
6.410329e+003,8.933387e-001
6.411293e+003,8.647310e-001
6.412257e+003,8.304101e-001
6.413222e+003,7.981898e-001
6.414186e+003,7.778963e-001
6.415150e+003,7.763020e-001
6.416114e+003,7.908906e-001
6.417079e+003,8.059324e-001
6.418043e+003,7.938854e-001
6.419007e+003,7.206005e-001
6.419971e+003,5.658096e-001
6.420936e+003,3.254026e-001
6.421900e+003,2.046128e-002
6.422864e+003,-3.055578e-001
6.423829e+003,-5.984862e-001
6.424792e+003,-8.099141e-001
6.425757e+003,-9.123280e-001
6.426721e+003,-9.068654e-001
6.427686e+003,-8.206937e-001
6.428649e+003,-6.952821e-001
6.429614e+003,-5.706247e-001
6.430578e+003,-4.718274e-001
6.431542e+003,-4.032580e-001
6.432507e+003,-3.516766e-001
6.433471e+003,-2.958676e-001
6.434435e+003,-2.176537e-001
6.435399e+003,-1.092025e-001
6.436364e+003,2.606675e-002
6.437328e+003,1.780830e-001
6.438292e+003,3.367383e-001
6.439256e+003,4.961964e-001
6.440221e+003,6.544762e-001
6.441185e+003,8.087035e-001
6.442149e+003,9.493876e-001
6.443113e+003,1.057749e+000
6.444078e+003,1.108850e+000
6.445042e+003,1.080087e+000
6.446006e+003,9.617065e-001
6.446970e+003,7.642876e-001
6.447935e+003,5.192466e-001
6.448899e+003,2.711891e-001
6.449863e+003,6.459760e-002
6.450827e+003,-6.965235e-002
6.451792e+003,-1.234940e-001
6.452756e+003,-1.126173e-001
6.453720e+003,-6.932355e-002
6.454685e+003,-3.055516e-002
6.455648e+003,-2.575698e-002
6.456613e+003,-6.887236e-002
6.457577e+003,-1.564532e-001
6.458542e+003,-2.714087e-001
6.459505e+003,-3.899336e-001
6.460470e+003,-4.887249e-001
6.461434e+003,-5.502313e-001
6.462398e+003,-5.652002e-001
6.463363e+003,-5.328023e-001
6.464327e+003,-4.592199e-001
6.465291e+003,-3.553652e-001
6.466255e+003,-2.342061e-001
6.467220e+003,-1.079322e-001
6.468184e+003,1.442777e-002
6.469148e+003,1.282320e-001
6.470112e+003,2.324912e-001
6.471077e+003,3.272253e-001
6.472041e+003,4.099156e-001
6.473005e+003,4.730389e-001
6.473969e+003,5.045767e-001
6.474934e+003,4.922520e-001
6.475898e+003,4.302489e-001
6.476862e+003,3.254733e-001
6.477826e+003,1.997589e-001
6.478791e+003,8.581715e-002
6.479755e+003,1.733155e-002
6.480719e+003,1.655085e-002
6.481683e+003,8.583136e-002
6.482647e+003,2.037062e-001
6.483612e+003,3.320042e-001
6.484576e+003,4.293210e-001
6.485541e+003,4.659126e-001
6.486504e+003,4.338826e-001
6.487469e+003,3.483695e-001
6.488433e+003,2.396333e-001
6.489397e+003,1.399603e-001
6.490361e+003,7.161960e-002
6.491326e+003,4.120232e-002
6.492290e+003,4.243782e-002
6.493254e+003,6.505363e-002
6.494219e+003,1.044298e-001
6.495183e+003,1.663969e-001
6.496147e+003,2.643321e-001
6.497111e+003,4.098564e-001
6.498076e+003,6.020991e-001
6.499040e+003,8.214962e-001
6.500004e+003,1.032214e+000
6.500968e+003,1.192989e+000
6.501933e+003,1.272084e+000
6.502897e+003,1.259678e+000
6.503861e+003,1.172033e+000
6.504825e+003,1.045321e+000
6.505790e+003,9.215774e-001
6.506754e+003,8.327531e-001
6.507718e+003,7.895433e-001
6.508682e+003,7.793546e-001
6.509646e+003,7.738170e-001
6.510611e+003,7.421100e-001
6.511575e+003,6.624446e-001
6.512539e+003,5.355756e-001
6.513503e+003,3.796738e-001
6.514468e+003,2.241677e-001
6.515432e+003,9.818575e-002
6.516396e+003,1.986495e-002
6.517360e+003,-9.613231e-003
6.518325e+003,-5.652867e-003
6.519289e+003,5.688593e-003
6.520253e+003,-3.240801e-003
6.521218e+003,-5.253832e-002
6.522182e+003,-1.480896e-001
6.523146e+003,-2.789742e-001
6.524110e+003,-4.194424e-001
6.525075e+003,-5.349245e-001
6.526039e+003,-5.906878e-001
6.527003e+003,-5.611348e-001
6.527967e+003,-4.373965e-001
6.528932e+003,-2.310169e-001
6.529896e+003,2.750996e-002
6.530860e+003,2.953714e-001
6.531824e+003,5.273610e-001
6.532789e+003,6.863816e-001
6.533753e+003,7.512536e-001
6.534717e+003,7.198392e-001
6.535681e+003,6.068662e-001
6.536646e+003,4.379098e-001
6.537610e+003,2.419608e-001
6.538574e+003,4.510501e-002
6.539538e+003,-1.331275e-001
6.540502e+003,-2.805172e-001
6.541467e+003,-3.910297e-001
6.542431e+003,-4.634767e-001
6.543396e+003,-4.989057e-001
6.544359e+003,-5.015844e-001
6.545324e+003,-4.776826e-001
6.546288e+003,-4.346514e-001
6.547252e+003,-3.806639e-001
6.548216e+003,-3.243135e-001
6.549181e+003,-2.748520e-001
6.550145e+003,-2.426985e-001
6.551109e+003,-2.394028e-001
6.552074e+003,-2.760868e-001
6.553038e+003,-3.598351e-001
6.554002e+003,-4.888562e-001
6.554966e+003,-6.484532e-001
6.555931e+003,-8.103852e-001
6.556895e+003,-9.374571e-001
6.557859e+003,-9.930407e-001
6.558823e+003,-9.528041e-001
6.559788e+003,-8.142099e-001
6.560752e+003,-5.995244e-001
6.561716e+003,-3.502887e-001
6.562680e+003,-1.147277e-001
6.563645e+003,6.739290e-002
6.564609e+003,1.764253e-001
6.565573e+003,2.165471e-001
6.566537e+003,2.102202e-001
6.567501e+003,1.862635e-001
6.568466e+003,1.670774e-001
6.569430e+003,1.606570e-001
6.570394e+003,1.605311e-001
6.571358e+003,1.529199e-001
6.572323e+003,1.268677e-001
6.573287e+003,8.199787e-002
6.574251e+003,3.036308e-002
6.575215e+003,-9.192884e-003
6.576180e+003,-2.022268e-002
6.577144e+003,2.903175e-003
6.578108e+003,5.153639e-002
6.579072e+003,1.059115e-001
6.580037e+003,1.430612e-001
6.581001e+003,1.456129e-001
6.581965e+003,1.073200e-001
6.582930e+003,3.327155e-002
6.583894e+003,-6.451714e-002
6.584858e+003,-1.731873e-001
6.585822e+003,-2.834021e-001
6.586787e+003,-3.900186e-001
6.587751e+003,-4.894223e-001
6.588715e+003,-5.758388e-001
6.589679e+003,-6.394073e-001
6.590644e+003,-6.676125e-001
6.591608e+003,-6.496167e-001
6.592572e+003,-5.812190e-001
6.593536e+003,-4.678615e-001
6.594500e+003,-3.240230e-001
6.595465e+003,-1.694839e-001
6.596429e+003,-2.434225e-002
6.597393e+003,9.477878e-002
6.598357e+003,1.760375e-001
6.599322e+003,2.116938e-001
6.600286e+003,1.972499e-001
6.601250e+003,1.323313e-001
6.602214e+003,2.385075e-002
6.603179e+003,-1.101237e-001
6.604143e+003,-2.393517e-001
6.605107e+003,-3.230107e-001
6.606071e+003,-3.205427e-001
6.607036e+003,-2.039837e-001
6.608000e+003,3.039885e-002
6.608964e+003,3.567123e-001
6.609929e+003,7.235866e-001
6.610893e+003,1.067238e+000
6.611857e+003,1.329288e+000
6.612821e+003,1.472847e+000
6.613786e+003,1.491097e+000
6.614750e+003,1.405565e+000
6.615714e+003,1.255444e+000
6.616678e+003,1.082653e+000
6.617643e+003,9.186255e-001
6.618607e+003,7.773578e-001
6.619571e+003,6.562644e-001
6.620535e+003,5.429885e-001
6.621500e+003,4.242929e-001
6.622464e+003,2.930127e-001
6.623428e+003,1.508088e-001
6.624392e+003,6.606549e-003
6.625356e+003,-1.273122e-001
6.626321e+003,-2.392871e-001
6.627285e+003,-3.205813e-001
6.628249e+003,-3.657850e-001
6.629213e+003,-3.721718e-001
6.630178e+003,-3.392528e-001
6.631142e+003,-2.692232e-001
6.632106e+003,-1.680762e-001
6.633070e+003,-4.638110e-002
6.634035e+003,8.121447e-002
6.634999e+003,1.974957e-001
6.635963e+003,2.884967e-001
6.636927e+003,3.443950e-001
6.637892e+003,3.622944e-001
6.638856e+003,3.463973e-001
6.639820e+003,3.063610e-001
6.640785e+003,2.546770e-001
6.641749e+003,2.038505e-001
6.642713e+003,1.640704e-001
6.643677e+003,1.415856e-001
6.644642e+003,1.378136e-001
6.645605e+003,1.491832e-001
6.646570e+003,1.678630e-001
6.647534e+003,1.835445e-001
6.648499e+003,1.862370e-001
6.649463e+003,1.695069e-001
6.650427e+003,1.331881e-001
6.651391e+003,8.444822e-002
6.652355e+003,3.660369e-002
6.653320e+003,5.868047e-003
6.654284e+003,7.199109e-003
6.655248e+003,5.068761e-002
6.656212e+003,1.398004e-001
6.657177e+003,2.716904e-001
6.658141e+003,4.389320e-001
6.659105e+003,6.312891e-001
6.660069e+003,8.364427e-001
6.661034e+003,1.039459e+000
6.661998e+003,1.221937e+000
6.662962e+003,1.362352e+000
6.663926e+003,1.438869e+000
6.664891e+003,1.434548e+000
6.665855e+003,1.343904e+000
6.666819e+003,1.175963e+000
6.667783e+003,9.559118e-001
6.668748e+003,7.197055e-001
6.669712e+003,5.049890e-001
6.670676e+003,3.408903e-001
6.671641e+003,2.404529e-001
6.672604e+003,1.985321e-001
6.673569e+003,1.958996e-001
6.674533e+003,2.078227e-001
6.675498e+003,2.136644e-001
6.676462e+003,2.038659e-001
6.677426e+003,1.819354e-001
6.678390e+003,1.612366e-001
6.679354e+003,1.584676e-001
6.680319e+003,1.866817e-001
6.681283e+003,2.505548e-001
6.682247e+003,3.452066e-001
6.683211e+003,4.583887e-001
6.684176e+003,5.745643e-001
6.685140e+003,6.791858e-001
6.686104e+003,7.617967e-001
6.687068e+003,8.174909e-001
6.688033e+003,8.468861e-001
6.688997e+003,8.550288e-001
6.689961e+003,8.496388e-001
6.690925e+003,8.388727e-001
6.691890e+003,8.288826e-001
6.692854e+003,8.216912e-001
6.693818e+003,8.141600e-001
6.694782e+003,7.988870e-001
6.695747e+003,7.671422e-001
6.696711e+003,7.130175e-001
6.697675e+003,6.378440e-001
6.698640e+003,5.519488e-001
6.699604e+003,4.729180e-001
6.700568e+003,4.206476e-001
6.701532e+003,4.108229e-001
6.702497e+003,4.496158e-001
6.703460e+003,5.319253e-001
6.704425e+003,6.440604e-001
6.705389e+003,7.695127e-001
6.706354e+003,8.949502e-001
6.707318e+003,1.013213e+000
6.708282e+003,1.121619e+000
6.709246e+003,1.216305e+000
6.710210e+003,1.285798e+000
6.711175e+003,1.307899e+000
6.712139e+003,1.252966e+000
6.713103e+003,1.093708e+000
6.714067e+003,8.183122e-001
6.715032e+003,4.413261e-001
6.715996e+003,6.949961e-003
6.716960e+003,-4.182096e-001
6.717924e+003,-7.615325e-001
6.718889e+003,-9.647106e-001
6.719853e+003,-1.000755e+000
6.720817e+003,-8.814949e-001
6.721781e+003,-6.528792e-001
6.722746e+003,-3.800575e-001
6.723710e+003,-1.279379e-001
6.724674e+003,5.576778e-002
6.725638e+003,1.496457e-001
6.726603e+003,1.579654e-001
6.727567e+003,1.029820e-001
6.728531e+003,1.246503e-002
6.729496e+003,-8.766146e-002
6.730459e+003,-1.783099e-001
6.731424e+003,-2.468410e-001
6.732388e+003,-2.844412e-001
6.733353e+003,-2.842466e-001
6.734316e+003,-2.420771e-001
6.735281e+003,-1.593195e-001
6.736245e+003,-4.570938e-002
6.737209e+003,8.065840e-002
6.738174e+003,1.974944e-001
6.739138e+003,2.857130e-001
6.740102e+003,3.370091e-001
6.741066e+003,3.579894e-001
6.742031e+003,3.683595e-001
6.742995e+003,3.933897e-001
6.743959e+003,4.534996e-001
6.744923e+003,5.553834e-001
6.745888e+003,6.884836e-001
6.746852e+003,8.284118e-001
6.747816e+003,9.457754e-001
6.748780e+003,1.016597e+000
6.749745e+003,1.029951e+000
6.750709e+003,9.899070e-001
6.751673e+003,9.115843e-001
6.752637e+003,8.137069e-001
6.753602e+003,7.115119e-001
6.754566e+003,6.131849e-001
6.755530e+003,5.210161e-001
6.756494e+003,4.359754e-001
6.757458e+003,3.626174e-001
6.758423e+003,3.100106e-001
6.759387e+003,2.933735e-001
6.760352e+003,3.242544e-001
6.761315e+003,4.052092e-001
6.762280e+003,5.253997e-001
6.763244e+003,6.608937e-001
6.764208e+003,7.800998e-001
6.765172e+003,8.526335e-001
6.766137e+003,8.584167e-001
6.767101e+003,7.937720e-001
6.768065e+003,6.724797e-001
6.769030e+003,5.216773e-001
6.769994e+003,3.743280e-001
6.770958e+003,2.608379e-001
6.771922e+003,2.023414e-001
6.772887e+003,2.072023e-001
6.773851e+003,2.709026e-001
6.774815e+003,3.785450e-001
6.775779e+003,5.086787e-001
6.776744e+003,6.373310e-001
6.777708e+003,7.417333e-001
6.778672e+003,8.035226e-001
6.779636e+003,8.115131e-001
6.780601e+003,7.638299e-001
6.781565e+003,6.690570e-001
6.782529e+003,5.456183e-001
6.783493e+003,4.190231e-001
6.784458e+003,3.169806e-001
6.785422e+003,2.632318e-001
6.786386e+003,2.715408e-001
6.787350e+003,3.415917e-001
6.788314e+003,4.581346e-001
6.789279e+003,5.915713e-001
6.790243e+003,7.115126e-001
6.791208e+003,7.878375e-001
6.792171e+003,7.998521e-001
6.793136e+003,7.413180e-001
6.794100e+003,6.217332e-001
6.795064e+003,4.635698e-001
6.796029e+003,2.963834e-001
6.796993e+003,1.496343e-001
6.797957e+003,4.624338e-002
6.798921e+003,-1.372576e-003
6.799886e+003,7.886481e-003
6.800850e+003,6.578699e-002
6.801814e+003,1.582704e-001
6.802778e+003,2.689452e-001
6.803743e+003,3.814181e-001
6.804707e+003,4.800564e-001
6.805671e+003,5.498046e-001
6.806635e+003,5.761402e-001
6.807600e+003,5.462113e-001
6.808564e+003,4.516084e-001
6.809528e+003,2.921173e-001
6.810492e+003,7.899140e-002
6.811457e+003,-1.640552e-001
6.812421e+003,-4.034507e-001
6.813385e+003,-6.020988e-001
6.814349e+003,-7.280636e-001
6.815313e+003,-7.630974e-001
6.816278e+003,-7.080529e-001
6.817242e+003,-5.830943e-001
6.818207e+003,-4.221155e-001
6.819170e+003,-2.629820e-001
6.820135e+003,-1.381939e-001
6.821099e+003,-6.192683e-002
6.822063e+003,-3.194632e-002
6.823027e+003,-3.142574e-002
6.823992e+003,-3.715183e-002
6.824956e+003,-2.935938e-002
6.825920e+003,5.866438e-004
6.826885e+003,4.746689e-002
6.827849e+003,9.529524e-002
6.828813e+003,1.246187e-001
6.829777e+003,1.209172e-001
6.830742e+003,8.061132e-002
6.831706e+003,1.229464e-002
6.832670e+003,-6.708398e-002
6.833634e+003,-1.392942e-001
6.834599e+003,-1.920936e-001
6.835563e+003,-2.237581e-001
6.836527e+003,-2.431530e-001
6.837491e+003,-2.656150e-001
6.838456e+003,-3.065259e-001
6.839420e+003,-3.750979e-001
6.840384e+003,-4.706426e-001
6.841348e+003,-5.822922e-001
6.842313e+003,-6.919467e-001
6.843277e+003,-7.791104e-001
6.844241e+003,-8.261873e-001
6.845205e+003,-8.229316e-001
6.846169e+003,-7.693024e-001
6.847134e+003,-6.762630e-001
6.848098e+003,-5.642538e-001
6.849063e+003,-4.591610e-001
6.850026e+003,-3.861108e-001
6.850991e+003,-3.607978e-001
6.851955e+003,-3.866010e-001
6.852919e+003,-4.477267e-001
6.853883e+003,-5.121120e-001
6.854848e+003,-5.392358e-001
6.855812e+003,-4.920252e-001
6.856776e+003,-3.491105e-001
6.857741e+003,-1.131454e-001
6.858705e+003,1.882100e-001
6.859669e+003,5.092694e-001
6.860633e+003,7.989967e-001
6.861598e+003,1.014819e+000
6.862562e+003,1.132789e+000
6.863526e+003,1.150969e+000
6.864490e+003,1.085896e+000
6.865455e+003,9.646788e-001
6.866419e+003,8.166108e-001
6.867383e+003,6.675140e-001
6.868347e+003,5.378746e-001
6.869312e+003,4.435056e-001
6.870276e+003,3.962908e-001
6.871240e+003,4.029934e-001
6.872204e+003,4.620645e-001
6.873168e+003,5.603684e-001
6.874133e+003,6.727161e-001
6.875097e+003,7.661196e-001
6.876061e+003,8.083849e-001
6.877025e+003,7.780821e-001
6.877990e+003,6.716682e-001
6.878954e+003,5.044113e-001
6.879918e+003,3.045408e-001
6.880882e+003,1.031398e-001
6.881847e+003,-7.537162e-002
6.882811e+003,-2.187442e-001
6.883775e+003,-3.247394e-001
6.884740e+003,-3.949095e-001
6.885704e+003,-4.275416e-001
6.886668e+003,-4.145278e-001
6.887632e+003,-3.443550e-001
6.888597e+003,-2.099831e-001
6.889561e+003,-1.729131e-002
6.890525e+003,2.107993e-001
6.891489e+003,4.375364e-001
6.892454e+003,6.221260e-001
6.893418e+003,7.319126e-001
6.894382e+003,7.514125e-001
6.895346e+003,6.841805e-001
6.896311e+003,5.470991e-001
6.897275e+003,3.604958e-001
6.898239e+003,1.394889e-001
6.899203e+003,-1.089390e-001
6.900167e+003,-3.819999e-001
6.901132e+003,-6.729590e-001
6.902096e+003,-9.640636e-001
6.903060e+003,-1.225242e+000
6.904024e+003,-1.420401e+000
6.904989e+003,-1.518889e+000
6.905953e+003,-1.506944e+000
6.906917e+003,-1.393493e+000
6.907881e+003,-1.207469e+000
6.908846e+003,-9.877198e-001
6.909810e+003,-7.702613e-001
6.910774e+003,-5.784637e-001
6.911738e+003,-4.201809e-001
6.912703e+003,-2.930322e-001
6.913667e+003,-1.892330e-001
6.914631e+003,-1.058496e-001
6.915596e+003,-4.592548e-002
6.916560e+003,-1.512191e-002
6.917524e+003,-1.543877e-002
6.918488e+003,-4.022783e-002
6.919453e+003,-7.404706e-002
6.920417e+003,-9.796435e-002
6.921381e+003,-9.792772e-002
6.922345e+003,-7.178602e-002
6.923310e+003,-3.119555e-002
6.924274e+003,2.927572e-003
6.925238e+003,9.394497e-003
6.926202e+003,-2.391911e-002
6.927167e+003,-9.464498e-002
6.928131e+003,-1.865054e-001
6.929095e+003,-2.751270e-001
6.930059e+003,-3.358914e-001
6.931023e+003,-3.502780e-001
6.931988e+003,-3.084250e-001
6.932952e+003,-2.082502e-001
6.933916e+003,-5.320640e-002
6.934880e+003,1.487283e-001
6.935845e+003,3.837547e-001
6.936809e+003,6.296830e-001
6.937773e+003,8.549318e-001
6.938737e+003,1.021813e+000
6.939702e+003,1.095017e+000
6.940666e+003,1.053224e+000
6.941630e+003,8.995121e-001
6.942594e+003,6.656183e-001
6.943559e+003,4.044715e-001
6.944523e+003,1.853621e-001
6.945487e+003,6.594504e-002
6.946452e+003,7.910672e-002
6.947416e+003,2.236315e-001
6.948380e+003,4.651391e-001
6.949344e+003,7.466731e-001
6.950309e+003,1.004896e+000
6.951273e+003,1.186440e+000
6.952237e+003,1.259521e+000
6.953201e+003,1.218254e+000
6.954166e+003,1.079782e+000
6.955130e+003,8.765378e-001
6.956094e+003,6.467047e-001
6.957058e+003,4.256313e-001
6.958022e+003,2.397343e-001
6.958987e+003,1.033814e-001
6.959951e+003,1.847273e-002
6.960915e+003,-2.376437e-002
6.961879e+003,-3.932753e-002
6.962844e+003,-4.680297e-002
6.963808e+003,-6.244972e-002
6.964772e+003,-9.596536e-002
6.965736e+003,-1.481328e-001
6.966701e+003,-2.109961e-001
6.967665e+003,-2.706186e-001
6.968629e+003,-3.113988e-001
6.969593e+003,-3.205884e-001
6.970558e+003,-2.914624e-001
6.971522e+003,-2.243384e-001
6.972486e+003,-1.254531e-001
6.973451e+003,-4.580170e-003
6.974415e+003,1.297680e-001
6.975379e+003,2.658387e-001
6.976343e+003,3.956225e-001
6.977308e+003,5.118998e-001
6.978271e+003,6.075228e-001
6.979236e+003,6.751916e-001
6.980200e+003,7.080880e-001
6.981165e+003,7.009646e-001
6.982129e+003,6.513857e-001
6.983093e+003,5.604646e-001
6.984057e+003,4.331167e-001
6.985021e+003,2.777746e-001
6.985986e+003,1.059480e-001
6.986950e+003,-6.835277e-002
6.987914e+003,-2.293014e-001
6.988878e+003,-3.603520e-001
6.989843e+003,-4.458033e-001
6.990807e+003,-4.728183e-001
6.991771e+003,-4.334535e-001
6.992735e+003,-3.262371e-001
6.993700e+003,-1.568414e-001
6.994664e+003,6.228900e-002
6.995628e+003,3.131742e-001
6.996592e+003,5.740851e-001
6.997557e+003,8.216162e-001
6.998521e+003,1.032959e+000
6.999485e+003,1.188469e+000
7.000449e+003,1.274518e+000
7.001414e+003,1.286330e+000
7.002378e+003,1.230035e+000
7.003342e+003,1.122953e+000
7.004307e+003,9.913235e-001
7.005271e+003,8.673476e-001
7.006235e+003,7.757510e-001
7.007199e+003,7.335734e-001
7.008164e+003,7.433558e-001
7.009127e+003,7.921832e-001
7.010092e+003,8.550073e-001
7.011056e+003,9.017162e-001
7.012021e+003,9.058236e-001
7.012985e+003,8.522872e-001
7.013949e+003,7.422190e-001
7.014913e+003,5.930065e-001
7.015877e+003,4.338986e-001
7.016842e+003,2.983514e-001
7.017806e+003,2.152847e-001
7.018770e+003,2.016442e-001
7.019734e+003,2.583625e-001
7.020699e+003,3.706910e-001
7.021663e+003,5.127484e-001
7.022627e+003,6.549428e-001
7.023591e+003,7.719954e-001
7.024556e+003,8.491675e-001
7.025520e+003,8.848646e-001
7.026484e+003,8.887933e-001
7.027448e+003,8.765469e-001
7.028413e+003,8.625821e-001
7.029377e+003,8.541844e-001
7.030341e+003,8.487184e-001
7.031305e+003,8.351201e-001
7.032270e+003,7.989959e-001
7.033234e+003,7.292805e-001
7.034198e+003,6.237690e-001
7.035163e+003,4.912475e-001
7.036126e+003,3.502777e-001
7.037091e+003,2.205208e-001
7.038055e+003,1.196362e-001
7.039020e+003,5.636154e-002
7.039983e+003,2.835829e-002
7.040948e+003,2.409739e-002
7.041912e+003,2.806192e-002
7.042876e+003,2.708735e-002
7.043841e+003,1.565646e-002
7.044805e+003,-1.814663e-003
7.045769e+003,-1.230182e-002
7.046733e+003,1.340687e-003
7.047698e+003,5.433890e-002
7.048662e+003,1.542774e-001
7.049626e+003,2.974925e-001
7.050590e+003,4.687068e-001
7.051555e+003,6.441377e-001
7.052519e+003,7.972836e-001
7.053483e+003,9.059426e-001
7.054447e+003,9.584038e-001
7.055412e+003,9.571062e-001
7.056376e+003,9.183404e-001
7.057340e+003,8.681073e-001
7.058304e+003,8.349997e-001
7.059269e+003,8.422011e-001
7.060233e+003,9.008427e-001
7.061197e+003,1.006509e+000
7.062161e+003,1.139685e+000
7.063125e+003,1.269768e+000
7.064090e+003,1.361296e+000
7.065054e+003,1.380888e+000
7.066019e+003,1.303534e+000
7.066982e+003,1.117221e+000
7.067947e+003,8.271095e-001
7.068911e+003,4.556736e-001
7.069875e+003,4.152770e-002
7.070840e+003,-3.651044e-001
7.071804e+003,-7.102463e-001
7.072768e+003,-9.464700e-001
7.073732e+003,-1.043472e+000
7.074697e+003,-9.958936e-001
7.075661e+003,-8.254214e-001
7.076625e+003,-5.756779e-001
7.077589e+003,-3.008823e-001
7.078554e+003,-5.161366e-002
7.079518e+003,1.375804e-001
7.080482e+003,2.546310e-001
7.081446e+003,3.085299e-001
7.082411e+003,3.212590e-001
7.083375e+003,3.168994e-001
7.084339e+003,3.125283e-001
7.085303e+003,3.142574e-001
7.086268e+003,3.192493e-001
7.087232e+003,3.215259e-001
7.088196e+003,3.179988e-001
7.089160e+003,3.113019e-001
7.090125e+003,3.082716e-001
7.091089e+003,3.151249e-001
7.092053e+003,3.324836e-001
7.093018e+003,3.530847e-001
7.093981e+003,3.637881e-001
7.094946e+003,3.509240e-001
7.095910e+003,3.064299e-001
7.096875e+003,2.317394e-001
7.097838e+003,1.381218e-001
7.098803e+003,4.154242e-002
7.099767e+003,-4.138961e-002
7.100731e+003,-9.883638e-002
7.101696e+003,-1.262580e-001
7.102660e+003,-1.263833e-001
7.103624e+003,-1.076041e-001
7.104588e+003,-8.210941e-002
7.105553e+003,-6.429096e-002
7.106517e+003,-6.901000e-002
7.107481e+003,-1.087689e-001
7.108445e+003,-1.894337e-001
7.109410e+003,-3.055049e-001
7.110374e+003,-4.374093e-001
7.111338e+003,-5.533993e-001
7.112302e+003,-6.173518e-001
7.113267e+003,-6.009518e-001
7.114231e+003,-4.961319e-001
7.115195e+003,-3.223115e-001
7.116159e+003,-1.243814e-001
7.117124e+003,3.931909e-002
7.118088e+003,1.152821e-001
7.119052e+003,7.283348e-002
7.120016e+003,-8.534657e-002
7.120980e+003,-3.242562e-001
7.121945e+003,-5.888121e-001
7.122909e+003,-8.222216e-001
7.123874e+003,-9.832122e-001
7.124837e+003,-1.055687e+000
7.125802e+003,-1.048160e+000
7.126766e+003,-9.846609e-001
7.127730e+003,-8.923887e-001
7.128694e+003,-7.910236e-001
7.129659e+003,-6.915212e-001
7.130623e+003,-5.959646e-001
7.131587e+003,-5.043060e-001
7.132552e+003,-4.194247e-001
7.133516e+003,-3.483905e-001
7.134480e+003,-2.994525e-001
7.135444e+003,-2.769814e-001
7.136409e+003,-2.775992e-001
7.137373e+003,-2.900846e-001
7.138337e+003,-2.993802e-001
7.139301e+003,-2.928121e-001
7.140266e+003,-2.652748e-001
7.141230e+003,-2.208475e-001
7.142194e+003,-1.699549e-001
7.143158e+003,-1.236003e-001
7.144123e+003,-8.751169e-002
7.145087e+003,-5.906997e-002
7.146051e+003,-2.842730e-002
7.147015e+003,1.669620e-002
7.147979e+003,8.477705e-002
7.148944e+003,1.755077e-001
7.149908e+003,2.781733e-001
7.150872e+003,3.739876e-001
7.151836e+003,4.415071e-001
7.152801e+003,4.631984e-001
7.153765e+003,4.310439e-001
7.154729e+003,3.494921e-001
7.155693e+003,2.349963e-001
7.156658e+003,1.122105e-001
7.157622e+003,7.898808e-003
7.158586e+003,-5.594689e-002
7.159551e+003,-5.356014e-002
7.160515e+003,-3.728271e-004
7.161479e+003,8.698708e-002
7.162443e+003,1.842162e-001
7.163408e+003,2.667173e-001
7.164372e+003,3.167078e-001
7.165336e+003,3.276211e-001
7.166300e+003,3.042991e-001
7.167265e+003,2.592083e-001
7.168229e+003,2.064676e-001
7.169193e+003,1.563479e-001
7.170157e+003,1.124638e-001
7.171122e+003,7.258323e-002
7.172086e+003,3.206859e-002
7.173050e+003,-1.201763e-002
7.174014e+003,-5.844521e-002
7.174979e+003,-1.020624e-001
7.175943e+003,-1.364356e-001
7.176907e+003,-1.572286e-001
7.177871e+003,-1.644487e-001
7.178835e+003,-1.623734e-001
7.179800e+003,-1.574568e-001
7.180764e+003,-1.554196e-001
7.181729e+003,-1.592084e-001
7.182692e+003,-1.686833e-001
7.183657e+003,-1.818368e-001
7.184621e+003,-1.963827e-001
7.185585e+003,-2.105425e-001
7.186549e+003,-2.225194e-001
7.187514e+003,-2.294225e-001
7.188478e+003,-2.268966e-001
7.189442e+003,-2.106548e-001
7.190407e+003,-2.001956e-001
7.191371e+003,-1.803032e-001
7.192335e+003,-1.669220e-001
7.193299e+003,-1.818558e-001
7.194264e+003,-2.430370e-001
7.195228e+003,-3.538943e-001
7.196192e+003,-4.970739e-001
7.197156e+003,-6.365713e-001
7.198121e+003,-7.283529e-001
7.199085e+003,-7.355669e-001
7.200049e+003,-6.419621e-001
7.201013e+003,-4.577448e-001
7.201978e+003,-2.154442e-001
7.202942e+003,4.195826e-002
7.203906e+003,2.752329e-001
7.204870e+003,4.591598e-001
7.205834e+003,5.852300e-001
7.206799e+003,6.570603e-001
7.207763e+003,6.823940e-001
7.208727e+003,6.667208e-001
7.209691e+003,6.120566e-001
7.210656e+003,5.207971e-001
7.211620e+003,4.015902e-001
7.212584e+003,2.726031e-001
7.213548e+003,1.591817e-001
7.214513e+003,8.591624e-002
7.215477e+003,6.670225e-002
7.216441e+003,9.769273e-002
7.217405e+003,1.572859e-001
7.218370e+003,2.137433e-001
7.219334e+003,2.375648e-001
7.220298e+003,2.130987e-001
7.221263e+003,1.427642e-001
7.222227e+003,4.866913e-002
7.223191e+003,-4.135770e-002
7.224155e+003,-1.052958e-001
7.225120e+003,-1.367370e-001
7.226084e+003,-1.476387e-001
7.227048e+003,-1.628937e-001
7.228012e+003,-2.094564e-001
7.228977e+003,-3.047229e-001
7.229941e+003,-4.490955e-001
7.230905e+003,-6.254191e-001
7.231869e+003,-8.051542e-001
7.232833e+003,-9.581940e-001
7.233798e+003,-1.062316e+000
7.234762e+003,-1.108676e+000
7.235726e+003,-1.101951e+000
7.236690e+003,-1.055989e+000
7.237655e+003,-9.876059e-001
7.238619e+003,-9.113277e-001
7.239583e+003,-8.370386e-001
7.240547e+003,-7.705700e-001
7.241512e+003,-7.159191e-001
7.242476e+003,-6.769959e-001
7.243440e+003,-6.576124e-001
7.244404e+003,-6.594582e-001
7.245369e+003,-6.794583e-001
7.246333e+003,-7.083466e-001
7.247297e+003,-7.318994e-001
7.248262e+003,-7.349268e-001
7.249226e+003,-7.065355e-001
7.250190e+003,-6.443434e-001
7.251154e+003,-5.556313e-001
7.252119e+003,-4.446082e-001
7.253083e+003,-3.372039e-001
7.254047e+003,-2.459273e-001
7.255011e+003,-1.770764e-001
7.255976e+003,-1.314313e-001
7.256940e+003,-1.072433e-001
7.257904e+003,-1.032406e-001
7.258868e+003,-1.196776e-001
7.259833e+003,-1.564160e-001
7.260797e+003,-2.093291e-001
7.261761e+003,-2.675078e-001
7.262725e+003,-3.138125e-001
7.263689e+003,-3.296450e-001
7.264654e+003,-3.024885e-001
7.265618e+003,-2.327295e-001
7.266582e+003,-1.360109e-001
7.267546e+003,-3.924229e-002
7.268511e+003,2.888466e-002
7.269475e+003,4.908222e-002
7.270439e+003,1.953162e-002
7.271403e+003,-4.277962e-002
7.272368e+003,-1.081041e-001
7.273332e+003,-1.445589e-001
7.274296e+003,-1.287429e-001
7.275260e+003,-5.183198e-002
7.276225e+003,8.061095e-002
7.277189e+003,2.538763e-001
7.278153e+003,4.506357e-001
7.279118e+003,6.549369e-001
7.280082e+003,8.517438e-001
7.281046e+003,1.023405e+000
7.282010e+003,1.146402e+000
7.282975e+003,1.189282e+000
7.283938e+003,1.130580e+000
7.284903e+003,9.576681e-001
7.285867e+003,6.815266e-001
7.286832e+003,3.413867e-001
7.287796e+003,-4.171208e-004
7.288760e+003,-2.730769e-001
7.289724e+003,-4.167572e-001
7.290688e+003,-4.000480e-001
7.291653e+003,-2.287431e-001
7.292617e+003,5.710576e-002
7.293581e+003,3.963525e-001
7.294545e+003,7.249678e-001
7.295510e+003,9.925035e-001
7.296474e+003,1.171535e+000
7.297438e+003,1.258104e+000
7.298402e+003,1.265083e+000
7.299367e+003,1.212323e+000
7.300331e+003,1.118380e+000
7.301295e+003,9.963591e-001
7.302259e+003,8.543561e-001
7.303224e+003,6.986900e-001
7.304188e+003,5.372919e-001
7.305152e+003,3.811084e-001
7.306116e+003,2.429208e-001
7.307081e+003,1.341997e-001
7.308045e+003,6.166350e-002
7.309009e+003,2.501821e-002
7.309974e+003,1.667620e-002
7.310938e+003,2.362948e-002
7.311902e+003,3.060187e-002
7.312866e+003,2.372970e-002
7.313831e+003,-6.342739e-003
7.314795e+003,-6.230903e-002
7.315759e+003,-1.398319e-001
7.316723e+003,-2.285816e-001
7.317688e+003,-3.148794e-001
7.318652e+003,-3.851365e-001
7.319616e+003,-4.293521e-001
7.320580e+003,-4.438130e-001
7.321544e+003,-4.321901e-001
7.322509e+003,-4.047280e-001
7.323473e+003,-3.757342e-001
7.324437e+003,-3.599802e-001
7.325401e+003,-3.689039e-001
7.326366e+003,-4.072971e-001
7.327330e+003,-4.712618e-001
7.328294e+003,-5.478675e-001
7.329258e+003,-6.168962e-001
7.330223e+003,-6.547478e-001
7.331187e+003,-6.401430e-001
7.332151e+003,-5.604910e-001
7.333115e+003,-4.172064e-001
7.334080e+003,-2.278947e-001
7.335044e+003,-2.396635e-002
7.336008e+003,1.565704e-001
7.336972e+003,2.793562e-001
7.337937e+003,3.238150e-001
7.338901e+003,2.895850e-001
7.339865e+003,1.965383e-001
7.340830e+003,7.813045e-002
7.341793e+003,-2.968156e-002
7.342758e+003,-9.990974e-002
7.343722e+003,-1.221067e-001
7.344687e+003,-1.031795e-001
7.345651e+003,-6.268296e-002
7.346615e+003,-2.530560e-002
7.347579e+003,-1.099508e-002
7.348543e+003,-2.969648e-002
7.349508e+003,-8.096096e-002
7.350472e+003,-1.573773e-001
7.351436e+003,-2.491450e-001
7.352400e+003,-3.472135e-001
7.353365e+003,-4.437596e-001
7.354329e+003,-5.307076e-001
7.355293e+003,-5.981853e-001
7.356257e+003,-6.347631e-001
7.357222e+003,-6.300360e-001
7.358186e+003,-5.784795e-001
7.359150e+003,-4.825566e-001
7.360114e+003,-3.532531e-001
7.361079e+003,-2.074869e-001
7.362043e+003,-6.359042e-002
7.363007e+003,6.312349e-002
7.363971e+003,1.628001e-001
7.364936e+003,2.309327e-001
7.365900e+003,2.665725e-001
7.366864e+003,2.706937e-001
7.367829e+003,2.461095e-001
7.368792e+003,1.991359e-001
7.369757e+003,1.416560e-001
7.370721e+003,9.168150e-002
7.371686e+003,7.090520e-002
7.372649e+003,9.954403e-002
7.373614e+003,1.901905e-001
7.374578e+003,3.433725e-001
7.375542e+003,5.495611e-001
7.376507e+003,7.829439e-001
7.377471e+003,1.017474e+000
7.378435e+003,1.229480e+000
7.379399e+003,1.399729e+000
7.380364e+003,1.512490e+000
7.381328e+003,1.553542e+000
7.382292e+003,1.510034e+000
7.383256e+003,1.373822e+000
7.384221e+003,1.147617e+000
7.385185e+003,8.507993e-001
7.386149e+003,5.208564e-001
7.387113e+003,2.077173e-001
7.388078e+003,-3.854018e-002
7.389042e+003,-1.828810e-001
7.390006e+003,-2.175436e-001
7.390970e+003,-1.661777e-001
7.391935e+003,-7.768026e-002
7.392899e+003,-1.165143e-002
7.393863e+003,-2.058287e-002
7.394827e+003,-1.350956e-001
7.395792e+003,-3.567890e-001
7.396756e+003,-6.601833e-001
7.397720e+003,-1.001630e+000
7.398685e+003,-1.331138e+000
7.399648e+003,-1.602859e+000
7.400613e+003,-1.781799e+000
7.401577e+003,-1.846416e+000
7.402542e+003,-1.788638e+000
7.403505e+003,-1.612998e+000
7.404470e+003,-1.336082e+000
7.405434e+003,-9.859127e-001
7.406398e+003,-5.996364e-001
7.407363e+003,-2.232476e-001
7.408327e+003,1.005658e-001
7.409291e+003,3.378070e-001
7.410255e+003,4.697776e-001
7.411220e+003,4.966223e-001
7.412184e+003,4.364325e-001
7.413148e+003,3.200847e-001
7.414112e+003,1.832063e-001
7.415077e+003,5.767823e-002
7.416041e+003,-3.495302e-002
7.417005e+003,-8.632661e-002
7.417969e+003,-9.995058e-002
7.418934e+003,-8.650547e-002
7.419898e+003,-5.789324e-002
7.420862e+003,-2.239913e-002
7.421826e+003,1.708934e-002
7.422791e+003,6.126314e-002
7.423755e+003,1.100778e-001
7.424719e+003,1.584543e-001
7.425683e+003,1.946030e-001
7.426647e+003,2.026371e-001
7.427612e+003,1.688467e-001
7.428576e+003,8.911353e-002
7.429541e+003,-2.625799e-002
7.430504e+003,-1.531490e-001
7.431469e+003,-2.602979e-001
7.432433e+003,-3.196775e-001
7.433397e+003,-3.162972e-001
7.434362e+003,-2.530073e-001
7.435326e+003,-1.481681e-001
7.436290e+003,-2.724616e-002
7.437254e+003,8.669764e-002
7.438219e+003,1.833297e-001
7.439183e+003,2.639189e-001
7.440147e+003,3.364319e-001
7.441111e+003,4.084332e-001
7.442076e+003,4.811488e-001
7.443040e+003,5.476989e-001
7.444004e+003,5.962451e-001
7.444968e+003,6.161218e-001
7.445933e+003,6.035697e-001
7.446897e+003,5.640967e-001
7.447861e+003,5.105379e-001
7.448825e+003,4.580933e-001
7.449790e+003,4.192268e-001
7.450754e+003,4.008400e-001
7.451718e+003,4.046164e-001
7.452682e+003,4.293022e-001
7.453646e+003,4.727206e-001
7.454611e+003,5.317238e-001
7.455575e+003,6.002166e-001
7.456540e+003,6.670030e-001
7.457503e+003,7.161307e-001
7.458468e+003,7.310140e-001
7.459432e+003,7.014332e-001
7.460396e+003,6.300859e-001
7.461360e+003,5.347505e-001
7.462325e+003,4.436052e-001
7.463289e+003,3.846933e-001
7.464253e+003,3.736619e-001
7.465218e+003,4.056450e-001
7.466182e+003,4.556693e-001
7.467146e+003,4.883621e-001
7.468110e+003,4.778326e-001
7.469075e+003,4.071170e-001
7.470039e+003,2.902002e-001
7.471003e+003,1.622829e-001
7.471967e+003,6.631234e-002
7.472932e+003,3.623688e-002
7.473896e+003,8.396859e-002
7.474860e+003,1.953565e-001
7.475824e+003,3.362542e-001
7.476789e+003,4.655760e-001
7.477753e+003,5.494292e-001
7.478717e+003,5.707988e-001
7.479681e+003,5.315383e-001
7.480646e+003,4.472679e-001
7.481610e+003,3.384669e-001
7.482574e+003,2.220759e-001
7.483538e+003,1.068864e-001
7.484502e+003,-6.250220e-003
7.485467e+003,-1.206760e-001
7.486431e+003,-2.389038e-001
7.487396e+003,-3.587573e-001
7.488359e+003,-4.718750e-001
7.489324e+003,-5.648770e-001
7.490288e+003,-6.224605e-001
7.491252e+003,-6.316487e-001
7.492216e+003,-5.861831e-001
7.493181e+003,-4.901546e-001
7.494145e+003,-3.596475e-001
7.495109e+003,-2.212830e-001
7.496074e+003,-1.069630e-001
7.497038e+003,-4.542777e-002
7.498002e+003,-5.272945e-002
7.498966e+003,-1.248236e-001
7.499931e+003,-2.358488e-001
7.500895e+003,-3.433906e-001
7.501859e+003,-4.003865e-001
7.502823e+003,-3.697649e-001
7.503788e+003,-2.368134e-001
7.504752e+003,-1.474679e-002
7.505716e+003,2.585798e-001
7.506680e+003,5.315430e-001
7.507645e+003,7.531556e-001
7.508609e+003,8.860037e-001
7.509573e+003,9.138812e-001
7.510537e+003,8.426120e-001
7.511501e+003,6.954400e-001
7.512466e+003,5.056460e-001
7.513430e+003,3.091941e-001
7.514394e+003,1.389662e-001
7.515358e+003,2.065650e-002
7.516323e+003,-3.027558e-002
7.517287e+003,-1.092352e-002
7.518251e+003,6.798834e-002
7.519215e+003,1.835772e-001
7.520180e+003,3.055953e-001
7.521144e+003,4.041690e-001
7.522108e+003,4.582311e-001
7.523073e+003,4.615145e-001
7.524037e+003,4.233765e-001
7.525001e+003,3.638907e-001
7.525965e+003,3.050712e-001
7.526930e+003,2.622410e-001
7.527894e+003,2.393223e-001
7.528858e+003,2.301387e-001
7.529822e+003,2.245330e-001
7.530787e+003,2.159059e-001
7.531751e+003,2.064835e-001
7.532715e+003,2.062177e-001
7.533679e+003,2.262469e-001
7.534644e+003,2.701143e-001
7.535608e+003,3.275224e-001
7.536572e+003,3.744279e-001
7.537536e+003,3.801543e-001
7.538500e+003,3.187783e-001
7.539465e+003,1.797050e-001
7.540429e+003,-2.724679e-002
7.541393e+003,-2.744761e-001
7.542357e+003,-5.254653e-001
7.543322e+003,-7.457794e-001
7.544286e+003,-9.113349e-001
7.545250e+003,-1.011000e+000
7.546214e+003,-1.043565e+000
7.547179e+003,-1.011962e+000
7.548143e+003,-9.187493e-001
7.549107e+003,-7.655843e-001
7.550071e+003,-5.568619e-001
7.551036e+003,-3.050171e-001
7.552000e+003,-3.368294e-002
7.552964e+003,2.241023e-001
7.553929e+003,4.331668e-001
7.554893e+003,5.663462e-001
7.555857e+003,6.133667e-001
7.556821e+003,5.843877e-001
7.557786e+003,5.063740e-001
7.558750e+003,4.134471e-001
7.559714e+003,3.349331e-001
7.560678e+003,2.860834e-001
7.561643e+003,2.647516e-001
7.562607e+003,2.535799e-001
7.563571e+003,2.288023e-001
7.564535e+003,1.705731e-001
7.565500e+003,7.107320e-002
7.566464e+003,-6.266990e-002
7.567428e+003,-2.117850e-001
7.568392e+003,-3.527883e-001
7.569356e+003,-4.658748e-001
7.570321e+003,-5.409255e-001
7.571285e+003,-5.791450e-001
7.572249e+003,-5.901282e-001
7.573213e+003,-5.860486e-001
7.574178e+003,-5.757835e-001
7.575142e+003,-5.615069e-001
7.576106e+003,-5.391900e-001
7.577070e+003,-5.024043e-001
7.578035e+003,-4.474699e-001
7.578999e+003,-3.772047e-001
7.579963e+003,-3.013207e-001
7.580927e+003,-2.330209e-001
7.581892e+003,-1.833617e-001
7.582856e+003,-1.560435e-001
7.583820e+003,-1.453865e-001
7.584785e+003,-1.386980e-001
7.585749e+003,-1.223012e-001
7.586713e+003,-8.847693e-002
7.587677e+003,-4.005840e-002
7.588642e+003,9.789079e-003
7.589606e+003,4.279643e-002
7.590570e+003,4.375520e-002
7.591534e+003,5.020797e-003
7.592499e+003,-6.131718e-002
7.593463e+003,-1.348341e-001
7.594427e+003,-1.909595e-001
7.595391e+003,-2.098527e-001
7.596355e+003,-1.833199e-001
7.597320e+003,-1.170385e-001
7.598284e+003,-2.738178e-002
7.599248e+003,6.541619e-002
7.600212e+003,1.447700e-001
7.601177e+003,2.027476e-001
7.602141e+003,2.409696e-001
7.603105e+003,2.675582e-001
7.604069e+003,2.920932e-001
7.605034e+003,3.209975e-001
7.605998e+003,3.552696e-001
7.606962e+003,3.911169e-001
7.607926e+003,4.227093e-001
7.608891e+003,4.454524e-001
7.609855e+003,4.582600e-001
7.610819e+003,4.639718e-001
7.611784e+003,4.680189e-001
7.612748e+003,4.760967e-001
7.613712e+003,4.919089e-001
7.614676e+003,5.157604e-001
7.615641e+003,5.445156e-001
7.616604e+003,5.727895e-001
7.617569e+003,5.950893e-001
7.618533e+003,6.081091e-001
7.619498e+003,6.124420e-001
7.620462e+003,6.128223e-001
7.621426e+003,6.164994e-001
7.622390e+003,6.284229e-001
7.623354e+003,6.514104e-001
7.624319e+003,6.791981e-001
7.625283e+003,6.979373e-001
7.626247e+003,6.898644e-001
7.627211e+003,6.400001e-001
7.628176e+003,5.434775e-001
7.629140e+003,4.104437e-001
7.630104e+003,2.657662e-001
7.631068e+003,1.428293e-001
7.632033e+003,7.305488e-002
7.632997e+003,7.503951e-002
7.633961e+003,1.475548e-001
7.634925e+003,2.694463e-001
7.635890e+003,4.065791e-001
7.636854e+003,5.231673e-001
7.637818e+003,5.929227e-001
7.638782e+003,6.059062e-001
7.639747e+003,5.689099e-001
7.640711e+003,5.002310e-001
7.641675e+003,4.218749e-001
7.642640e+003,3.528366e-001
7.643604e+003,3.057876e-001
7.644568e+003,2.872924e-001
7.645532e+003,2.996483e-001
7.646497e+003,3.421034e-001
7.647460e+003,4.101188e-001
7.648425e+003,4.935344e-001
7.649389e+003,5.757878e-001
7.650354e+003,6.364590e-001
7.651318e+003,6.574874e-001
7.652282e+003,6.310310e-001
7.653246e+003,5.647946e-001
7.654210e+003,4.820259e-001
7.655175e+003,4.123480e-001
7.656139e+003,3.791984e-001
7.657103e+003,3.875400e-001
7.658067e+003,4.184831e-001
7.659032e+003,4.345467e-001
7.659996e+003,3.946781e-001
7.660960e+003,2.733096e-001
7.661924e+003,7.536834e-002
7.662889e+003,-1.599482e-001
7.663853e+003,-3.690726e-001
7.664817e+003,-4.845307e-001
7.665781e+003,-4.580856e-001
7.666746e+003,-2.775949e-001
7.667710e+003,2.872685e-002
7.668674e+003,4.016128e-001
7.669638e+003,7.692153e-001
7.670603e+003,1.067119e+000
7.671567e+003,1.252735e+000
7.672531e+003,1.310214e+000
7.673496e+003,1.246628e+000
7.674459e+003,1.083522e+000
7.675424e+003,8.488168e-001
7.676388e+003,5.721646e-001
7.677353e+003,2.838820e-001
7.678316e+003,1.491120e-002
7.679281e+003,-2.050613e-001
7.680245e+003,-3.527867e-001
7.681209e+003,-4.184625e-001
7.682174e+003,-4.111141e-001
7.683138e+003,-3.586085e-001
7.684102e+003,-3.007605e-001
7.685066e+003,-2.770637e-001
7.686031e+003,-3.136577e-001
7.686995e+003,-4.148269e-001
7.687959e+003,-5.626838e-001
7.688923e+003,-7.250981e-001
7.689888e+003,-8.684672e-001
7.690852e+003,-9.696871e-001
7.691816e+003,-1.022374e+000
7.692780e+003,-1.034989e+000
7.693745e+003,-1.022430e+000
7.694709e+003,-9.953666e-001
7.695673e+003,-9.526368e-001
7.696637e+003,-8.802416e-001
7.697602e+003,-7.575176e-001
7.698566e+003,-5.676491e-001
7.699530e+003,-3.079500e-001
7.700494e+003,4.700780e-003
7.701458e+003,3.356258e-001
7.702423e+003,6.408991e-001
7.703387e+003,8.794984e-001
7.704352e+003,1.024706e+000
7.705315e+003,1.070751e+000
7.706280e+003,1.032625e+000
7.707244e+003,9.393823e-001
7.708208e+003,8.235171e-001
7.709173e+003,7.101175e-001
7.710137e+003,6.095119e-001
7.711101e+003,5.157216e-001
7.712065e+003,4.111364e-001
7.713030e+003,2.756327e-001
7.713994e+003,9.693682e-002
7.714958e+003,-1.216264e-001
7.715922e+003,-3.587354e-001
7.716887e+003,-5.794737e-001
7.717851e+003,-7.450482e-001
7.718815e+003,-8.247975e-001
7.719779e+003,-8.063067e-001
7.720744e+003,-7.000504e-001
7.721708e+003,-5.367370e-001
7.722672e+003,-3.582456e-001
7.723636e+003,-2.051163e-001
7.724601e+003,-1.049141e-001
7.725565e+003,-6.517659e-002
7.726529e+003,-7.305487e-002
7.727493e+003,-1.012337e-001
7.728458e+003,-1.177061e-001
7.729422e+003,-9.598739e-002
7.730386e+003,-2.264934e-002
7.731351e+003,9.967780e-002
7.732314e+003,2.538728e-001
7.733279e+003,4.133579e-001
7.734243e+003,5.487079e-001
7.735208e+003,6.341890e-001
7.736171e+003,6.529789e-001
7.737136e+003,6.004605e-001
7.738100e+003,4.852003e-001
7.739064e+003,3.274991e-001
7.740029e+003,1.555640e-001
7.740993e+003,-1.769960e-004
7.741957e+003,-1.135346e-001
7.742921e+003,-1.681763e-001
7.743886e+003,-1.607615e-001
7.744850e+003,-1.005285e-001
7.745814e+003,-5.467653e-003
7.746778e+003,1.033759e-001
7.747743e+003,2.078402e-001
7.748707e+003,2.961979e-001
7.749671e+003,3.635896e-001
7.750635e+003,4.097456e-001
7.751600e+003,4.356129e-001
7.752564e+003,4.409946e-001
7.753528e+003,4.245181e-001
7.754492e+003,3.859834e-001
7.755457e+003,3.296162e-001
7.756421e+003,2.661263e-001
7.757385e+003,2.117891e-001
7.758349e+003,1.842314e-001
7.759313e+003,1.961593e-001
7.760278e+003,2.496015e-001
7.761242e+003,3.332029e-001
7.762207e+003,4.241515e-001
7.763170e+003,4.943103e-001
7.764135e+003,5.185971e-001
7.765099e+003,4.825226e-001
7.766063e+003,3.863719e-001
7.767027e+003,2.446212e-001
7.767992e+003,8.122394e-002
7.768956e+003,-7.730077e-002
7.769920e+003,-2.083972e-001
7.770885e+003,-2.975837e-001
7.771849e+003,-3.392937e-001
7.772813e+003,-3.350016e-001
7.773777e+003,-2.900466e-001
7.774742e+003,-2.108427e-001
7.775706e+003,-1.034871e-001
7.776670e+003,2.597151e-002
7.777634e+003,1.703084e-001
7.778599e+003,3.199010e-001
7.779563e+003,4.625257e-001
7.780527e+003,5.845179e-001
7.781491e+003,6.730391e-001
7.782456e+003,7.187030e-001
7.783420e+003,7.177429e-001
7.784384e+003,6.729470e-001
7.785348e+003,5.931867e-001
7.786313e+003,4.916693e-001
7.787277e+003,3.834968e-001
7.788241e+003,2.831447e-001
7.789205e+003,2.024209e-001
7.790169e+003,1.492340e-001
7.791134e+003,1.272268e-001
7.792098e+003,1.360864e-001
7.793063e+003,1.723544e-001
7.794026e+003,2.303881e-001
7.794991e+003,3.033563e-001
7.795955e+003,3.840851e-001
7.796919e+003,4.657003e-001
7.797884e+003,5.420105e-001
7.798848e+003,6.076580e-001
7.799812e+003,6.580191e-001
7.800776e+003,6.890860e-001
7.801741e+003,6.975070e-001
7.802705e+003,6.810638e-001
7.803669e+003,6.396549e-001
7.804633e+003,5.766234e-001
7.805598e+003,4.998794e-001
7.806562e+003,4.220685e-001
7.807526e+003,3.592581e-001
7.808490e+003,3.270045e-001
7.809455e+003,3.366102e-001
7.810419e+003,3.902922e-001
7.811383e+003,4.783792e-001
7.812347e+003,5.798846e-001
7.813312e+003,6.668357e-001
7.814276e+003,7.116492e-001
7.815240e+003,6.952493e-001
7.816204e+003,6.132433e-001
7.817168e+003,4.777705e-001
7.818133e+003,3.141862e-001
7.819097e+003,1.536532e-001
7.820062e+003,2.431422e-002
7.821025e+003,-5.574000e-002
7.821990e+003,-8.121890e-002
7.822954e+003,-5.756938e-002
7.823918e+003,4.532501e-003
7.824882e+003,9.513709e-002
7.825847e+003,2.086370e-001
7.826811e+003,3.433624e-001
7.827775e+003,4.978076e-001
7.828740e+003,6.657947e-001
7.829704e+003,8.337250e-001
7.830668e+003,9.819567e-001
7.831632e+003,1.090498e+000
7.832597e+003,1.146695e+000
7.833561e+003,1.151436e+000
7.834525e+003,1.120582e+000
7.835489e+003,1.080419e+000
7.836454e+003,1.058531e+000
7.837418e+003,1.073767e+000
7.838382e+003,1.129257e+000
7.839346e+003,1.212773e+000
7.840311e+003,1.302166e+000
7.841275e+003,1.375485e+000
7.842239e+003,1.420256e+000
7.843203e+003,1.438070e+000
7.844167e+003,1.442333e+000
7.845132e+003,1.450359e+000
7.846096e+003,1.473293e+000
7.847060e+003,1.508543e+000
7.848024e+003,1.538031e+000
7.848989e+003,1.533245e+000
7.849953e+003,1.464999e+000
7.850917e+003,1.314097e+000
7.851881e+003,1.078850e+000
7.852846e+003,7.769829e-001
7.853810e+003,4.417172e-001
7.854774e+003,1.139843e-001
7.855738e+003,-1.664140e-001
7.856703e+003,-3.681283e-001
7.857667e+003,-4.728144e-001
7.858631e+003,-4.768195e-001
7.859596e+003,-3.907263e-001
7.860560e+003,-2.372853e-001
7.861524e+003,-4.795681e-002
7.862488e+003,1.422134e-001
7.863453e+003,3.011519e-001
7.864417e+003,4.067963e-001
7.865381e+003,4.525413e-001
7.866345e+003,4.488880e-001
7.867310e+003,4.197932e-001
7.868274e+003,3.942419e-001
7.869238e+003,3.947473e-001
7.870202e+003,4.304997e-001
7.871167e+003,4.916173e-001
7.872131e+003,5.530999e-001
7.873095e+003,5.841829e-001
7.874059e+003,5.601612e-001
7.875023e+003,4.719283e-001
7.875988e+003,3.296090e-001
7.876952e+003,1.590157e-001
7.877916e+003,-7.185712e-003
7.878880e+003,-1.398332e-001
7.879845e+003,-2.209947e-001
7.880809e+003,-2.466163e-001
7.881773e+003,-2.240470e-001
7.882737e+003,-1.666978e-001
7.883702e+003,-8.883119e-002
7.884666e+003,-2.809942e-003
7.885630e+003,8.083397e-002
7.886595e+003,1.518211e-001
7.887559e+003,1.992035e-001
7.888523e+003,2.125857e-001
7.889487e+003,1.854094e-001
7.890452e+003,1.185996e-001
7.891416e+003,2.233616e-002
7.892380e+003,-8.569729e-002
7.893344e+003,-1.852915e-001
7.894309e+003,-2.600626e-001
7.895273e+003,-3.023065e-001
7.896237e+003,-3.142613e-001
7.897201e+003,-3.053077e-001
7.898166e+003,-2.867182e-001
7.899130e+003,-2.665954e-001
7.900094e+003,-2.476791e-001
7.901058e+003,-2.285761e-001
7.902022e+003,-2.071476e-001
7.902987e+003,-1.845583e-001
7.903951e+003,-1.668127e-001
7.904915e+003,-1.629390e-001
7.905879e+003,-1.806679e-001
7.906844e+003,-2.217995e-001
7.907808e+003,-2.797316e-001
7.908772e+003,-3.403920e-001
7.909736e+003,-3.862517e-001
7.910701e+003,-4.014678e-001
7.911665e+003,-3.759968e-001
7.912629e+003,-3.071797e-001
7.913593e+003,-1.988263e-001
7.914558e+003,-5.901326e-002
7.915522e+003,1.017937e-001
7.916486e+003,2.714550e-001
7.917451e+003,4.360420e-001
7.918415e+003,5.800996e-001
7.919379e+003,6.884655e-001
7.920343e+003,7.497693e-001
7.921308e+003,7.603537e-001
7.922271e+003,7.264840e-001
7.923236e+003,6.630565e-001
7.924200e+003,5.886443e-001
7.925165e+003,5.186592e-001
7.926129e+003,4.598014e-001
7.927093e+003,4.087108e-001
7.928057e+003,3.559379e-001
7.929021e+003,2.936497e-001
7.929986e+003,2.234104e-001
7.930950e+003,1.596814e-001
7.931914e+003,1.274570e-001
7.932878e+003,1.529198e-001
7.933843e+003,2.523723e-001
7.934807e+003,4.234973e-001
7.935771e+003,6.432170e-001
7.936735e+003,8.733633e-001
7.937700e+003,1.071906e+000
7.938664e+003,1.205103e+000
7.939628e+003,1.255738e+000
7.940592e+003,1.224601e+000
7.941557e+003,1.125693e+000
7.942521e+003,9.782535e-001
7.943485e+003,7.999095e-001
7.944449e+003,6.039622e-001
7.945414e+003,4.013174e-001
7.946378e+003,2.048094e-001
7.947342e+003,3.245172e-002
7.948307e+003,-9.327275e-002
7.949271e+003,-1.507339e-001
7.950235e+003,-1.270781e-001
7.951199e+003,-2.517931e-002
7.952164e+003,1.338770e-001
7.953127e+003,3.144191e-001
7.954092e+003,4.748883e-001
7.955056e+003,5.785609e-001
7.956021e+003,6.024291e-001
7.956985e+003,5.414644e-001
7.957949e+003,4.073555e-001
7.958913e+003,2.230719e-001
7.959877e+003,1.578791e-002
7.960842e+003,-1.892164e-001
7.961806e+003,-3.720246e-001
7.962770e+003,-5.190459e-001
7.963734e+003,-6.215773e-001
7.964699e+003,-6.742120e-001
7.965663e+003,-6.738071e-001
7.966627e+003,-6.195949e-001
7.967591e+003,-5.143167e-001
7.968556e+003,-3.657517e-001
7.969520e+003,-1.879241e-001
7.970484e+003,-1.204267e-003
7.971448e+003,1.692102e-001
7.972413e+003,2.967552e-001
7.973377e+003,3.585218e-001
7.974341e+003,3.409432e-001
7.975305e+003,2.445302e-001
7.976270e+003,8.585462e-002
7.977234e+003,-1.045761e-001
7.978198e+003,-2.886715e-001
7.979163e+003,-4.299854e-001
7.980126e+003,-5.030586e-001
7.981091e+003,-4.998019e-001
7.982055e+003,-4.306407e-001
7.983020e+003,-3.199398e-001
7.983984e+003,-1.973729e-001
7.984948e+003,-8.833221e-002
7.985912e+003,-6.787784e-003
7.986876e+003,4.723471e-002
7.987841e+003,8.524956e-002
7.988805e+003,1.245645e-001
7.989769e+003,1.818293e-001
7.990733e+003,2.681816e-001
7.991698e+003,3.872072e-001
7.992662e+003,5.354044e-001
7.993626e+003,7.039582e-001
7.994590e+003,8.804467e-001
7.995555e+003,1.049898e+000
7.996519e+003,1.195399e+000
7.997483e+003,1.299149e+000
7.998447e+003,1.344576e+000
7.999412e+003,1.319617e+000
8.000376e+003,1.220262e+000
8.001340e+003,1.053131e+000
8.002304e+003,8.359004e-001
8.003269e+003,5.952452e-001
8.004233e+003,3.626098e-001
8.005197e+003,1.688330e-001
8.006162e+003,3.873975e-002
8.007125e+003,-1.340591e-002
8.008090e+003,1.301291e-002
8.009054e+003,1.039304e-001
8.010019e+003,2.320591e-001
8.010982e+003,3.613784e-001
8.011947e+003,4.544184e-001
8.012911e+003,4.812513e-001
8.013875e+003,4.278063e-001
8.014840e+003,3.006815e-001
8.015804e+003,1.259902e-001
8.016768e+003,-5.823627e-002
8.017732e+003,-2.141574e-001
8.018697e+003,-3.165444e-001
8.019661e+003,-3.607275e-001
8.020625e+003,-3.626564e-001
8.021589e+003,-3.507641e-001
8.022554e+003,-3.528343e-001
8.023518e+003,-3.834197e-001
8.024482e+003,-4.373957e-001
8.025446e+003,-4.922105e-001
8.026411e+003,-5.181851e-001
8.027375e+003,-4.921172e-001
8.028339e+003,-4.081315e-001
8.029303e+003,-2.810351e-001
8.030268e+003,-1.408731e-001
8.031232e+003,-2.133090e-002
8.032196e+003,5.267162e-002
8.033160e+003,7.277879e-002
8.034125e+003,4.752345e-002
8.035089e+003,-4.296398e-003
8.036053e+003,-6.320789e-002
8.037018e+003,-1.169537e-001
8.037981e+003,-1.630487e-001
8.038946e+003,-2.055448e-001
8.039910e+003,-2.482910e-001
8.040875e+003,-2.888471e-001
8.041838e+003,-3.162875e-001
8.042803e+003,-3.142295e-001
8.043767e+003,-2.675630e-001
8.044731e+003,-1.695701e-001
8.045696e+003,-2.616013e-002
8.046660e+003,1.446978e-001
8.047624e+003,3.178700e-001
8.048588e+003,4.681474e-001
8.049553e+003,5.766438e-001
8.050517e+003,6.344361e-001
8.051481e+003,6.427780e-001
8.052445e+003,6.106001e-001
8.053410e+003,5.508037e-001
8.054374e+003,4.763118e-001
8.055338e+003,3.985402e-001
8.056302e+003,3.246836e-001
8.057267e+003,2.576319e-001
8.058231e+003,1.965831e-001
8.059195e+003,1.388396e-001
8.060159e+003,8.251740e-002
8.061124e+003,2.955509e-002
8.062088e+003,-1.232703e-002
8.063052e+003,-2.996139e-002
8.064016e+003,-8.083425e-003
8.064980e+003,6.493340e-002
8.065945e+003,1.908502e-001
8.066909e+003,3.574495e-001
8.067874e+003,5.386060e-001
8.068837e+003,6.991579e-001
8.069802e+003,8.031715e-001
8.070766e+003,8.229392e-001
8.071730e+003,7.456193e-001
8.072695e+003,5.756831e-001
8.073659e+003,3.329152e-001
8.074623e+003,4.745988e-002
8.075587e+003,-2.460445e-001
8.076552e+003,-5.135711e-001
8.077516e+003,-7.256011e-001
8.078480e+003,-8.602279e-001
8.079444e+003,-9.061426e-001
8.080409e+003,-8.654044e-001
8.081373e+003,-7.548591e-001
8.082337e+003,-6.044880e-001
8.083301e+003,-4.516308e-001
8.084266e+003,-3.317325e-001
8.085230e+003,-2.686987e-001
8.086194e+003,-2.665526e-001
8.087158e+003,-3.100142e-001
8.088123e+003,-3.706714e-001
8.089087e+003,-4.184186e-001
8.090051e+003,-4.331170e-001
8.091015e+003,-4.114592e-001
8.091979e+003,-3.659688e-001
8.092944e+003,-3.167218e-001
8.093908e+003,-2.798234e-001
8.094873e+003,-2.582612e-001
8.095836e+003,-2.396637e-001
8.096801e+003,-2.021408e-001
8.097765e+003,-1.253855e-001
8.098729e+003,-1.678422e-003
8.099693e+003,1.586368e-001
8.100658e+003,3.298641e-001
8.101622e+003,4.806111e-001
8.102586e+003,5.857882e-001
8.103551e+003,6.354365e-001
8.104515e+003,6.365487e-001
8.105479e+003,6.076366e-001
8.106443e+003,5.692739e-001
8.107408e+003,5.355132e-001
8.108372e+003,5.102128e-001
8.109336e+003,4.893587e-001
8.110300e+003,4.672188e-001
8.111265e+003,4.422199e-001
8.112229e+003,4.188462e-001
8.113193e+003,4.043750e-001
8.114157e+003,4.023880e-001
8.115122e+003,4.071353e-001
8.116086e+003,4.025518e-001
8.117050e+003,3.675275e-001
8.118014e+003,2.855255e-001
8.118979e+003,1.540105e-001
8.119943e+003,-1.101284e-002
8.120907e+003,-1.782431e-001
8.121871e+003,-3.113127e-001
8.122835e+003,-3.819491e-001
8.123800e+003,-3.804386e-001
8.124764e+003,-3.188478e-001
8.125729e+003,-2.256674e-001
8.126692e+003,-1.342108e-001
8.127657e+003,-6.979583e-002
8.128621e+003,-4.104388e-002
8.129585e+003,-3.870791e-002
8.130549e+003,-4.194582e-002
8.131514e+003,-2.901030e-002
8.132478e+003,1.253493e-002
8.133442e+003,8.026607e-002
8.134407e+003,1.580761e-001
8.135371e+003,2.232116e-001
8.136335e+003,2.559449e-001
8.137299e+003,2.479318e-001
8.138264e+003,2.060280e-001
8.139228e+003,1.503577e-001
8.140192e+003,1.076427e-001
8.141156e+003,1.024395e-001
8.142121e+003,1.494541e-001
8.143085e+003,2.494814e-001
8.144049e+003,3.900452e-001
8.145013e+003,5.501695e-001
8.145978e+003,7.073522e-001
8.146942e+003,8.443801e-001
8.147906e+003,9.527862e-001
8.148870e+003,1.033513e+000
8.149834e+003,1.093311e+000
8.150799e+003,1.139198e+000
8.151763e+003,1.173121e+000
8.152727e+003,1.189154e+000
8.153691e+003,1.174469e+000
8.154656e+003,1.113955e+000
8.155620e+003,9.968058e-001
8.156584e+003,8.225384e-001
8.157548e+003,6.040588e-001
8.158513e+003,3.664298e-001
8.159477e+003,1.415585e-001
8.160441e+003,-3.950754e-002
8.161406e+003,-1.541729e-001
8.162370e+003,-1.935623e-001
8.163334e+003,-1.640603e-001
8.164298e+003,-8.515242e-002
8.165263e+003,1.552248e-002
8.166227e+003,1.083944e-001
8.167191e+003,1.680724e-001
8.168155e+003,1.783675e-001
8.169120e+003,1.355284e-001
8.170084e+003,4.925759e-002
8.171048e+003,-5.891782e-002
8.172012e+003,-1.600732e-001
8.172977e+003,-2.246836e-001
8.173941e+003,-2.304825e-001
8.174905e+003,-1.692483e-001
8.175869e+003,-5.019969e-002
8.176833e+003,1.017331e-001
8.177798e+003,2.518995e-001
8.178762e+003,3.686842e-001
8.179726e+003,4.311188e-001
8.180690e+003,4.361445e-001
8.181655e+003,3.991445e-001
8.182619e+003,3.483120e-001
8.183583e+003,3.149729e-001
8.184547e+003,3.233736e-001
8.185512e+003,3.834429e-001
8.186476e+003,4.886191e-001
8.187440e+003,6.187262e-001
8.188404e+003,7.462180e-001
8.189369e+003,8.432138e-001
8.190333e+003,8.873653e-001
8.191297e+003,8.655190e-001
8.192262e+003,7.754916e-001
8.193226e+003,6.264761e-001
8.194190e+003,4.385055e-001
8.195154e+003,2.405438e-001
8.196119e+003,6.654532e-002
8.197083e+003,-5.085579e-002
8.198047e+003,-8.813243e-002
8.199012e+003,-3.796162e-002
8.199976e+003,8.719807e-002
8.200940e+003,2.571943e-001
8.201904e+003,4.321689e-001
8.202868e+003,5.742564e-001
8.203833e+003,6.590288e-001
8.204797e+003,6.824366e-001
8.205762e+003,6.605836e-001
8.206726e+003,6.224548e-001
8.207689e+003,5.985050e-001
8.208654e+003,6.093376e-001
8.209618e+003,6.600181e-001
8.210582e+003,7.393645e-001
8.211547e+003,8.258621e-001
8.212511e+003,8.964955e-001
8.213476e+003,9.348884e-001
8.214439e+003,9.357763e-001
8.215403e+003,9.047988e-001
8.216368e+003,8.545433e-001
8.217332e+003,7.990072e-001
8.218297e+003,7.487664e-001
8.219261e+003,7.082514e-001
8.220225e+003,6.754211e-001
8.221189e+003,6.432459e-001
8.222153e+003,6.020917e-001
8.223118e+003,5.424124e-001
8.224082e+003,4.573390e-001
8.225046e+003,3.450118e-001
8.226011e+003,2.101649e-001
8.226975e+003,6.442168e-002
8.227939e+003,-7.525308e-002
8.228903e+003,-1.899848e-001
8.229867e+003,-2.634620e-001
8.230832e+003,-2.860581e-001
8.231796e+003,-2.570198e-001
8.232760e+003,-1.839058e-001
8.233725e+003,-7.959393e-002
8.234688e+003,4.174855e-002
8.235653e+003,1.679078e-001
8.236617e+003,2.897534e-001
8.237581e+003,4.001941e-001
8.238546e+003,4.920885e-001
8.239510e+003,5.575237e-001
8.240475e+003,5.862385e-001
8.241438e+003,5.703722e-001
8.242402e+003,5.074393e-001
8.243367e+003,4.029196e-001
8.244331e+003,2.703135e-001
8.245296e+003,1.283667e-001
8.246260e+003,-3.315419e-003
8.247224e+003,-1.083052e-001
8.248188e+003,-1.753440e-001
8.249152e+003,-1.979509e-001
8.250116e+003,-1.726238e-001
8.251081e+003,-9.768681e-002
8.252045e+003,2.583992e-002
8.253010e+003,1.911275e-001
8.253974e+003,3.819255e-001
8.254938e+003,5.710605e-001
8.255902e+003,7.232387e-001
8.256866e+003,8.026094e-001
8.257831e+003,7.830671e-001
8.258795e+003,6.576805e-001
8.259759e+003,4.433550e-001
8.260724e+003,1.784086e-001
8.261688e+003,-8.652889e-002
8.262652e+003,-3.014369e-001
8.263616e+003,-4.293084e-001
8.264580e+003,-4.542615e-001
8.265545e+003,-3.832935e-001
8.266509e+003,-2.420421e-001
8.267474e+003,-6.664653e-002
8.268438e+003,1.054587e-001
8.269401e+003,2.434993e-001
8.270366e+003,3.290516e-001
8.271330e+003,3.582744e-001
8.272294e+003,3.413227e-001
8.273259e+003,2.993762e-001
8.274223e+003,2.588894e-001
8.275188e+003,2.438102e-001
8.276151e+003,2.674812e-001
8.277115e+003,3.266761e-001
8.278080e+003,4.004560e-001
8.279044e+003,4.553384e-001
8.280009e+003,4.559672e-001
8.280973e+003,3.780294e-001
8.281937e+003,2.186427e-001
8.282901e+003,-2.069417e-004
8.283865e+003,-2.370979e-001
8.284830e+003,-4.440156e-001
8.285794e+003,-5.817913e-001
8.286758e+003,-6.323344e-001
8.287723e+003,-6.029628e-001
8.288687e+003,-5.214018e-001
8.289651e+003,-4.239086e-001
8.290615e+003,-3.415857e-001
8.291579e+003,-2.902273e-001
8.292544e+003,-2.672196e-001
8.293508e+003,-2.556411e-001
8.294472e+003,-2.328422e-001
8.295437e+003,-1.795059e-001
8.296400e+003,-8.561444e-002
8.297365e+003,4.798050e-002
8.298329e+003,2.115995e-001
8.299293e+003,3.903260e-001
8.300258e+003,5.671194e-001
8.301222e+003,7.244263e-001
8.302187e+003,8.464689e-001
8.303150e+003,9.195133e-001
8.304114e+003,9.345838e-001
8.305079e+003,8.901407e-001
8.306043e+003,7.934669e-001
8.307008e+003,6.594329e-001
8.307972e+003,5.062793e-001
8.308936e+003,3.498877e-001
8.309900e+003,1.991371e-001
8.310864e+003,5.482879e-002
8.311829e+003,-8.693166e-002
8.312793e+003,-2.282694e-001
8.313757e+003,-3.633884e-001
8.314722e+003,-4.762847e-001
8.315686e+003,-5.443647e-001
8.316649e+003,-5.471579e-001
8.317614e+003,-4.766099e-001
8.318578e+003,-3.441029e-001
8.319543e+003,-1.805896e-001
8.320507e+003,-2.875264e-002
8.321471e+003,7.011751e-002
8.322436e+003,8.970311e-002
8.323399e+003,2.730493e-002
8.324364e+003,-9.562248e-002
8.325328e+003,-2.412039e-001
8.326292e+003,-3.678761e-001
8.327257e+003,-4.434056e-001
8.328221e+003,-4.535929e-001
8.329186e+003,-4.043416e-001
8.330149e+003,-3.173112e-001
8.331113e+003,-2.216848e-001
8.332078e+003,-1.453577e-001
8.333042e+003,-1.078324e-001
8.334007e+003,-1.172436e-001
8.334971e+003,-1.704280e-001
8.335935e+003,-2.554234e-001
8.336899e+003,-3.551855e-001
8.337863e+003,-4.514169e-001
8.338827e+003,-5.279557e-001
8.339792e+003,-5.732647e-001
8.340756e+003,-5.817434e-001
8.341721e+003,-5.535661e-001
8.342685e+003,-4.932063e-001
8.343648e+003,-4.070865e-001
8.344613e+003,-3.014079e-001
8.345577e+003,-1.810781e-001
8.346542e+003,-5.034827e-002
8.347506e+003,8.532473e-002
8.348470e+003,2.172216e-001
8.349435e+003,3.327487e-001
8.350398e+003,4.171485e-001
8.351363e+003,4.575119e-001
8.352327e+003,4.476393e-001
8.353291e+003,3.917410e-001
8.354256e+003,3.049918e-001
8.355220e+003,2.103184e-001
8.356185e+003,1.321435e-001
8.357148e+003,8.924474e-002
8.358112e+003,8.918779e-002
8.359077e+003,1.262876e-001
8.360041e+003,1.835850e-001
8.361005e+003,2.380726e-001
8.361970e+003,2.672948e-001
8.362934e+003,2.546808e-001
8.363898e+003,1.961302e-001
8.364862e+003,9.890245e-002
8.365826e+003,-1.906455e-002
8.366791e+003,-1.329015e-001
8.367755e+003,-2.163398e-001
8.368720e+003,-2.480291e-001
8.369684e+003,-2.174094e-001
8.370647e+003,-1.284740e-001
8.371612e+003,1.436770e-004
8.372576e+003,1.395489e-001
8.373541e+003,2.587824e-001
8.374505e+003,3.345880e-001
8.375469e+003,3.592454e-001
8.376434e+003,3.433019e-001
8.377397e+003,3.114897e-001
8.378362e+003,2.929545e-001
8.379326e+003,3.093354e-001
8.380290e+003,3.656207e-001
8.381255e+003,4.477817e-001
8.382219e+003,5.286283e-001
8.383183e+003,5.796750e-001
8.384147e+003,5.841043e-001
8.385111e+003,5.451050e-001
8.386076e+003,4.857509e-001
8.387040e+003,4.400560e-001
8.388004e+003,4.388078e-001
8.388969e+003,4.960752e-001
8.389933e+003,6.022211e-001
8.390897e+003,7.264661e-001
8.391861e+003,8.281313e-001
8.392825e+003,8.719522e-001
8.393790e+003,8.420239e-001
8.394754e+003,7.457054e-001
8.395719e+003,6.121587e-001
8.396683e+003,4.806214e-001
8.397646e+003,3.861957e-001
8.398611e+003,3.480584e-001
8.399575e+003,3.642762e-001
8.400540e+003,4.145199e-001
8.401504e+003,4.689525e-001
8.402468e+003,4.993896e-001
8.403433e+003,4.884941e-001
8.404396e+003,4.339978e-001
8.405360e+003,3.472075e-001
8.406325e+003,2.471121e-001
8.407289e+003,1.529134e-001
8.408254e+003,7.786886e-002
8.409218e+003,2.649102e-002
8.410182e+003,-4.386052e-003
8.411146e+003,-2.166197e-002
8.412110e+003,-3.111120e-002
8.413075e+003,-3.376175e-002
8.414039e+003,-2.506183e-002
8.415003e+003,2.776921e-003
8.415968e+003,5.616356e-002
8.416932e+003,1.351671e-001
8.417896e+003,2.303998e-001
8.418860e+003,3.233538e-001
8.419824e+003,3.906515e-001
8.420789e+003,4.109856e-001
8.421753e+003,3.724284e-001
8.422718e+003,2.773267e-001
8.423682e+003,1.427735e-001
8.424646e+003,-3.833451e-003
8.425610e+003,-1.327455e-001
8.426574e+003,-2.204628e-001
8.427538e+003,-2.561289e-001
8.428503e+003,-2.434982e-001
8.429467e+003,-1.980812e-001
8.430432e+003,-1.410101e-001
8.431396e+003,-9.204532e-002
8.432359e+003,-6.437558e-002
8.433324e+003,-6.258108e-002
8.434288e+003,-8.384134e-002
8.435253e+003,-1.209874e-001
8.436217e+003,-1.657602e-001
8.437181e+003,-2.109326e-001
8.438146e+003,-2.510707e-001
8.439109e+003,-2.824779e-001
8.440074e+003,-3.032602e-001
8.441038e+003,-3.139448e-001
8.442002e+003,-3.184032e-001
8.442967e+003,-3.240299e-001
8.443931e+003,-3.403045e-001
8.444896e+003,-3.754129e-001
8.445859e+003,-4.319441e-001
8.446823e+003,-5.033862e-001
8.447788e+003,-5.734426e-001
8.448752e+003,-6.191794e-001
8.449716e+003,-6.176237e-001
8.450681e+003,-5.537189e-001
8.451645e+003,-4.268909e-001
8.452609e+003,-2.535824e-001
8.453573e+003,-6.460442e-002
8.454537e+003,1.021700e-001
8.455502e+003,2.109526e-001
8.456466e+003,2.390603e-001
8.457431e+003,1.812449e-001
8.458395e+003,5.186260e-002
8.459358e+003,-1.184481e-001
8.460323e+003,-2.897913e-001
8.461287e+003,-4.219028e-001
8.462252e+003,-4.827409e-001
8.463216e+003,-4.549737e-001
8.464180e+003,-3.390285e-001
8.465145e+003,-1.521902e-001
8.466108e+003,7.602754e-002
8.467073e+003,3.111221e-001
8.468037e+003,5.216848e-001
8.469001e+003,6.861640e-001
8.469966e+003,7.964959e-001
8.470930e+003,8.575449e-001
8.471894e+003,8.827723e-001
8.472858e+003,8.876394e-001
8.473822e+003,8.833098e-001
8.474787e+003,8.728333e-001
8.475751e+003,8.511559e-001
8.476715e+003,8.086773e-001
8.477680e+003,7.366422e-001
8.478644e+003,6.320269e-001
8.479608e+003,4.999334e-001
8.480572e+003,3.525608e-001
8.481536e+003,2.055669e-001
8.482501e+003,7.338455e-002
8.483465e+003,-3.438485e-002
8.484430e+003,-1.143167e-001
8.485394e+003,-1.680160e-001
8.486357e+003,-1.997202e-001
8.487322e+003,-2.130320e-001
8.488286e+003,-2.100489e-001
8.489251e+003,-1.913741e-001
8.490215e+003,-1.572606e-001
8.491179e+003,-1.087281e-001
8.492144e+003,-4.797423e-002
8.493107e+003,2.216923e-002
8.494071e+003,9.914090e-002
8.495036e+003,1.811822e-001
8.496000e+003,2.667997e-001
8.496965e+003,3.533396e-001
8.497929e+003,4.352779e-001
8.498893e+003,5.034101e-001
8.499857e+003,5.456583e-001
8.500821e+003,5.497041e-001
8.501786e+003,5.065861e-001
8.502750e+003,4.140724e-001
8.503714e+003,2.784217e-001
8.504679e+003,1.139456e-001
8.505643e+003,-5.960914e-002
8.506607e+003,-2.208418e-001
8.507571e+003,-3.504543e-001
8.508535e+003,-4.339889e-001
8.509500e+003,-4.631386e-001
8.510464e+003,-4.357849e-001
8.511429e+003,-3.553693e-001
8.512393e+003,-2.301145e-001
8.513356e+003,-7.231064e-002
8.514321e+003,1.025162e-001
8.515285e+003,2.769127e-001
8.516249e+003,4.335873e-001
8.517214e+003,5.583416e-001
8.518178e+003,6.422931e-001
8.519143e+003,6.837897e-001
8.520106e+003,6.888337e-001
8.521070e+003,6.695727e-001
8.522035e+003,6.412366e-001
8.522999e+003,6.181693e-001
8.523964e+003,6.100526e-001
8.524928e+003,6.192815e-001
8.525892e+003,6.401753e-001
8.526856e+003,6.602264e-001
8.527820e+003,6.631269e-001
8.528785e+003,6.328387e-001
8.529749e+003,5.578995e-001
8.530713e+003,4.349146e-001
8.531678e+003,2.704679e-001
8.532642e+003,8.079705e-002
8.533606e+003,-1.108460e-001
8.534570e+003,-2.788229e-001
8.535534e+003,-4.007149e-001
8.536499e+003,-4.625686e-001
8.537463e+003,-4.623258e-001
8.538427e+003,-4.103222e-001
8.539392e+003,-3.264862e-001
8.540355e+003,-2.349401e-001
8.541320e+003,-1.574452e-001
8.542284e+003,-1.077658e-001
8.543248e+003,-8.866805e-002
8.544213e+003,-9.257336e-002
8.545177e+003,-1.055096e-001
8.546142e+003,-1.129783e-001
8.547105e+003,-1.054875e-001
8.548069e+003,-8.068615e-002
8.549034e+003,-4.752142e-002
8.549998e+003,-1.751464e-002
8.550963e+003,-1.109324e-003
8.551927e+003,-2.376243e-003
8.552891e+003,-1.625171e-002
8.553855e+003,-2.959995e-002
8.554819e+003,-2.577440e-002
8.555784e+003,8.915067e-003
8.556748e+003,7.942244e-002
8.557712e+003,1.790738e-001
8.558677e+003,2.908243e-001
8.559641e+003,3.922109e-001
8.560604e+003,4.623341e-001
8.561569e+003,4.883426e-001
8.562533e+003,4.693251e-001
8.563498e+003,4.164080e-001
8.564462e+003,3.493108e-001
8.565426e+003,2.907240e-001
8.566391e+003,2.604035e-001
8.567354e+003,2.706149e-001
8.568319e+003,3.239913e-001
8.569283e+003,4.138245e-001
8.570247e+003,5.262930e-001
8.571212e+003,6.436701e-001
8.572176e+003,7.477661e-001
8.573141e+003,8.229346e-001
8.574104e+003,8.583621e-001
8.575068e+003,8.493812e-001
8.576033e+003,7.977536e-001
8.576997e+003,7.108175e-001
8.577962e+003,5.996984e-001
8.578926e+003,4.773464e-001
8.579890e+003,3.536719e-001
8.580854e+003,2.369829e-001
8.581818e+003,1.320073e-001
8.582782e+003,4.014964e-002
8.583747e+003,-3.923232e-002
8.584711e+003,-1.070251e-001
8.585676e+003,-1.627210e-001
8.586640e+003,-2.035269e-001
8.587604e+003,-2.245023e-001
8.588568e+003,-2.197121e-001
8.589532e+003,-1.840967e-001
8.590497e+003,-1.155884e-001
8.591461e+003,-1.695694e-002
8.592425e+003,1.031303e-001
8.593390e+003,2.303200e-001
8.594354e+003,3.463592e-001
8.595318e+003,4.324579e-001
8.596282e+003,4.736841e-001
8.597246e+003,4.633254e-001
8.598211e+003,4.057862e-001
8.599175e+003,3.167116e-001
8.600140e+003,2.197232e-001
8.601104e+003,1.402779e-001
8.602067e+003,9.831789e-002
8.603032e+003,1.020861e-001
8.603996e+003,1.453404e-001
8.604960e+003,2.091648e-001
8.605925e+003,2.679575e-001
8.606889e+003,2.977279e-001
8.607854e+003,2.839108e-001
8.608817e+003,2.261682e-001
8.609781e+003,1.381283e-001
8.610746e+003,4.426198e-002
8.611710e+003,-2.675624e-002
8.612675e+003,-4.981366e-002
8.613639e+003,-9.303257e-003
8.614603e+003,9.762168e-002
8.615567e+003,2.606450e-001
8.616531e+003,4.582371e-001
8.617496e+003,6.611866e-001
8.618460e+003,8.370641e-001
8.619424e+003,9.551778e-001
8.620389e+003,9.916413e-001
8.621353e+003,9.339045e-001
8.622317e+003,7.838542e-001
8.623281e+003,5.585003e-001
8.624245e+003,2.876552e-001
8.625210e+003,8.802503e-003
8.626174e+003,-2.397478e-001
8.627138e+003,-4.257063e-001
8.628103e+003,-5.279589e-001
8.629066e+003,-5.389875e-001
8.630031e+003,-4.644440e-001
8.630995e+003,-3.206284e-001
8.631959e+003,-1.310035e-001
8.632924e+003,7.732970e-002
8.633888e+003,2.768271e-001
8.634853e+003,4.424690e-001
8.635816e+003,5.547051e-001
8.636780e+003,6.022536e-001
8.637745e+003,5.841074e-001
8.638709e+003,5.098482e-001
8.639674e+003,3.975364e-001
8.640638e+003,2.692919e-001
8.641602e+003,1.453673e-001
8.642566e+003,3.946805e-002
8.643530e+003,-4.418045e-002
8.644495e+003,-1.103128e-001
8.645459e+003,-1.689484e-001
8.646423e+003,-2.300286e-001
8.647388e+003,-2.983674e-001
8.648352e+003,-3.707249e-001
8.649315e+003,-4.359053e-001
8.650280e+003,-4.776313e-001
8.651244e+003,-4.791054e-001
8.652209e+003,-4.277761e-001
8.653173e+003,-3.191386e-001
8.654137e+003,-1.588172e-001
8.655102e+003,3.729915e-002
8.656065e+003,2.447941e-001
8.657030e+003,4.342614e-001
8.657994e+003,5.762889e-001
8.658958e+003,6.473433e-001
8.659923e+003,6.354052e-001
8.660887e+003,5.438517e-001
8.661852e+003,3.921215e-001
8.662815e+003,2.122922e-001
8.663779e+003,4.199605e-002
8.664744e+003,-8.464216e-002
8.665708e+003,-1.454484e-001
8.666673e+003,-1.354726e-001
8.667637e+003,-6.749626e-002
8.668601e+003,3.219650e-002
8.669565e+003,1.313049e-001
8.670529e+003,1.998375e-001
8.671493e+003,2.172919e-001
8.672458e+003,1.755764e-001
8.673422e+003,8.049068e-002
8.674387e+003,-5.028456e-002
8.675351e+003,-1.907672e-001
8.676314e+003,-3.111715e-001
8.677279e+003,-3.829447e-001
8.678243e+003,-3.840089e-001
8.679208e+003,-3.035837e-001
8.680172e+003,-1.455363e-001
8.681136e+003,7.105464e-002
8.682101e+003,3.150026e-001
8.683064e+003,5.496582e-001
8.684029e+003,7.415143e-001
8.684993e+003,8.682352e-001
8.685957e+003,9.233596e-001
8.686922e+003,9.160385e-001
8.687886e+003,8.659137e-001
8.688851e+003,7.952557e-001
8.689814e+003,7.214389e-001
8.690778e+003,6.526601e-001
8.691743e+003,5.882611e-001
8.692707e+003,5.230339e-001
8.693672e+003,4.530357e-001
8.694636e+003,3.800245e-001
8.695601e+003,3.123163e-001
8.696564e+003,2.617013e-001
8.697528e+003,2.378825e-001
8.698493e+003,2.431158e-001
8.699457e+003,2.695629e-001
8.700421e+003,3.007334e-001
8.701386e+003,3.165299e-001
8.702350e+003,3.005061e-001
8.703314e+003,2.444989e-001
8.704278e+003,1.524805e-001
8.705242e+003,3.933191e-002
8.706207e+003,-7.345495e-002
8.707171e+003,-1.639362e-001
8.708136e+003,-2.156018e-001
8.709100e+003,-2.213730e-001
8.710063e+003,-1.847521e-001
8.711028e+003,-1.180927e-001
8.711992e+003,-3.865084e-002
8.712957e+003,3.634129e-002
8.713921e+003,9.439383e-002
8.714885e+003,1.308942e-001
8.715850e+003,1.499070e-001
8.716813e+003,1.621869e-001
8.717777e+003,1.809255e-001
8.718742e+003,2.163398e-001
8.719706e+003,2.708546e-001
8.720671e+003,3.366041e-001
8.721635e+003,3.964533e-001
8.722599e+003,4.284753e-001
8.723563e+003,4.127856e-001
8.724527e+003,3.383493e-001
8.725492e+003,2.075366e-001
8.726456e+003,3.658428e-002
8.727420e+003,-1.482076e-001
8.728385e+003,-3.174114e-001
8.729349e+003,-4.460715e-001
8.730313e+003,-5.195190e-001
8.731277e+003,-5.355083e-001
8.732241e+003,-5.024107e-001
8.733206e+003,-4.346062e-001
8.734170e+003,-3.463784e-001
8.735135e+003,-2.481677e-001
8.736099e+003,-1.448660e-001
8.737063e+003,-3.705893e-002
8.738027e+003,7.585583e-002
8.738991e+003,1.924372e-001
8.739955e+003,3.072216e-001
8.740920e+003,4.109572e-001
8.741884e+003,4.927106e-001
8.742849e+003,5.429975e-001
8.743813e+003,5.565336e-001
8.744776e+003,5.336220e-001
8.745741e+003,4.797229e-001
8.746705e+003,4.035638e-001
8.747670e+003,3.145195e-001
8.748634e+003,2.202719e-001
8.749598e+003,1.254200e-001
8.750563e+003,3.132078e-002
8.751526e+003,-6.298689e-002
8.752491e+003,-1.590866e-001
8.753455e+003,-2.572918e-001
8.754419e+003,-3.548503e-001
8.755384e+003,-4.447534e-001
8.756348e+003,-5.154494e-001
8.757313e+003,-5.518862e-001
8.758276e+003,-5.380886e-001
8.759240e+003,-4.611294e-001
8.760205e+003,-3.157244e-001
8.761169e+003,-1.081229e-001
8.762133e+003,1.422595e-001
8.763098e+003,4.047405e-001
8.764062e+003,6.450554e-001
8.765026e+003,8.276462e-001
8.765990e+003,9.310936e-001
8.766954e+003,9.524801e-001
8.767919e+003,9.087962e-001
8.768883e+003,8.323424e-001
8.769848e+003,7.612931e-001
8.770812e+003,7.283089e-001
8.771775e+003,7.509640e-001
8.772740e+003,8.271605e-001
8.773704e+003,9.368969e-001
8.774669e+003,1.049500e+000
8.775633e+003,1.133633e+000
8.776597e+003,1.166482e+000
8.777562e+003,1.139259e+000
8.778525e+003,1.057668e+000
8.779490e+003,9.380019e-001
8.780454e+003,8.008344e-001
8.781418e+003,6.648325e-001
8.782383e+003,5.425253e-001
8.783347e+003,4.388965e-001
8.784311e+003,3.523430e-001
8.785275e+003,2.770900e-001
8.786239e+003,2.058917e-001
8.787204e+003,1.323752e-001
8.788168e+003,5.269843e-002
8.789132e+003,-3.345764e-002
8.790097e+003,-1.226936e-001
8.791061e+003,-2.085293e-001
8.792025e+003,-2.830348e-001
8.792989e+003,-3.391586e-001
8.793953e+003,-3.732952e-001
8.794918e+003,-3.869439e-001
8.795882e+003,-3.870019e-001
8.796847e+003,-3.838545e-001
8.797811e+003,-3.882608e-001
8.798774e+003,-4.076895e-001
8.799739e+003,-4.436201e-001
8.800703e+003,-4.904510e-001
8.801668e+003,-5.363680e-001
8.802632e+003,-5.655680e-001
8.803596e+003,-5.611667e-001
8.804561e+003,-5.081902e-001
8.805524e+003,-3.965048e-001
8.806488e+003,-2.236376e-001
8.807453e+003,2.534673e-003
8.808417e+003,2.621092e-001
8.809382e+003,5.235347e-001
8.810346e+003,7.474425e-001
8.811310e+003,8.940142e-001
8.812274e+003,9.328315e-001
8.813238e+003,8.522075e-001
8.814203e+003,6.647494e-001
8.815167e+003,4.062299e-001
8.816131e+003,1.273720e-001
8.817096e+003,-1.193879e-001
8.818060e+003,-2.937611e-001
8.819024e+003,-3.773766e-001
8.819988e+003,-3.761034e-001
8.820952e+003,-3.145861e-001
8.821917e+003,-2.255003e-001
8.822881e+003,-1.381784e-001
8.823846e+003,-7.072178e-002
8.824810e+003,-2.815109e-002
8.825773e+003,-5.419932e-003
8.826738e+003,5.050652e-003
8.827702e+003,9.013444e-003
8.828666e+003,7.890001e-003
8.829631e+003,6.163120e-005
8.830595e+003,-1.576898e-002
8.831560e+003,-3.735629e-002
8.832523e+003,-5.791831e-002
8.833487e+003,-6.777456e-002
8.834452e+003,-5.777323e-002
8.835416e+003,-2.266333e-002
8.836381e+003,3.706621e-002
8.837345e+003,1.154571e-001
8.838309e+003,2.027535e-001
8.839273e+003,2.875139e-001
8.840237e+003,3.581596e-001
8.841202e+003,4.040698e-001
8.842166e+003,4.166537e-001
8.843130e+003,3.912057e-001
8.844095e+003,3.293062e-001
8.845059e+003,2.409468e-001
8.846023e+003,1.445994e-001
8.846987e+003,6.423046e-002
8.847951e+003,2.324975e-002
8.848916e+003,3.728519e-002
8.849880e+003,1.084658e-001
8.850844e+003,2.238998e-001
8.851809e+003,3.592883e-001
8.852772e+003,4.866179e-001
8.853737e+003,5.828171e-001
8.854701e+003,6.360570e-001
8.855665e+003,6.471966e-001
8.856630e+003,6.248761e-001
8.857594e+003,5.833501e-001
8.858559e+003,5.326287e-001
8.859522e+003,4.762616e-001
8.860486e+003,4.120791e-001
8.861451e+003,3.359168e-001
8.862415e+003,2.461414e-001
8.863380e+003,1.464002e-001
8.864344e+003,4.538608e-002
8.865308e+003,-4.605862e-002
8.866272e+003,-1.187192e-001
8.867236e+003,-1.677022e-001
8.868201e+003,-1.927452e-001
8.869165e+003,-1.964389e-001
8.870129e+003,-1.815467e-001
8.871094e+003,-1.491818e-001
8.872058e+003,-9.874328e-002
8.873021e+003,-2.961487e-002
8.873986e+003,5.658649e-002
8.874950e+003,1.544906e-001
8.875915e+003,2.551728e-001
8.876879e+003,3.478585e-001
8.877843e+003,4.223444e-001
8.878808e+003,4.709294e-001
8.879771e+003,4.892320e-001
8.880736e+003,4.759270e-001
8.881700e+003,4.321148e-001
8.882664e+003,3.610507e-001
8.883629e+003,2.685558e-001
8.884593e+003,1.635871e-001
8.885558e+003,5.821747e-002
8.886521e+003,-3.376957e-002
8.887485e+003,-9.933721e-002
8.888450e+003,-1.306803e-001
8.889414e+003,-1.263509e-001
8.890379e+003,-9.249565e-002
8.891343e+003,-4.139420e-002
8.892307e+003,1.155770e-002
8.893271e+003,5.143131e-002
8.894235e+003,6.672085e-002
8.895199e+003,5.115935e-002
8.896164e+003,4.406108e-003
8.897128e+003,-6.789477e-002
8.898093e+003,-1.544421e-001
8.899057e+003,-2.390821e-001
8.900021e+003,-3.027548e-001
8.900985e+003,-3.269808e-001
8.901949e+003,-2.987490e-001
8.902914e+003,-2.154359e-001
8.903878e+003,-8.785021e-002
8.904842e+003,6.066324e-002
8.905807e+003,1.996627e-001
8.906771e+003,3.006083e-001
8.907735e+003,3.464412e-001
8.908699e+003,3.381846e-001
8.909663e+003,2.956377e-001
8.910628e+003,2.513908e-001
8.911592e+003,2.399153e-001
8.912557e+003,2.855038e-001
8.913521e+003,3.933705e-001
8.914484e+003,5.470662e-001
8.915449e+003,7.129966e-001
8.916413e+003,8.503224e-001
8.917377e+003,9.226968e-001
8.918342e+003,9.077058e-001
8.919306e+003,8.030277e-001
8.920271e+003,6.252984e-001
8.921234e+003,4.051406e-001
8.922198e+003,1.794762e-001
8.923163e+003,-1.653086e-002
8.924127e+003,-1.559390e-001
8.925092e+003,-2.239905e-001
8.926056e+003,-2.192114e-001
8.927020e+003,-1.519443e-001
8.927984e+003,-4.085642e-002
8.928948e+003,9.171944e-002
8.929913e+003,2.246488e-001
8.930877e+003,3.418649e-001
8.931841e+003,4.344250e-001
8.932806e+003,5.002861e-001
8.933770e+003,5.423076e-001
8.934734e+003,5.654514e-001
8.935698e+003,5.745233e-001
8.936662e+003,5.732821e-001
8.937627e+003,5.650069e-001
8.938591e+003,5.535602e-001
8.939555e+003,5.437559e-001
8.940520e+003,5.400302e-001
8.941483e+003,5.436357e-001
8.942448e+003,5.496178e-001
8.943412e+003,5.455467e-001
8.944376e+003,5.136030e-001
8.945341e+003,4.362436e-001
8.946305e+003,3.038488e-001
8.947270e+003,1.213777e-001
8.948233e+003,-8.918462e-002
8.949197e+003,-2.997161e-001
8.950162e+003,-4.651801e-001
8.951126e+003,-5.508679e-001
8.952091e+003,-5.407602e-001
8.953055e+003,-4.443897e-001
8.954019e+003,-2.954135e-001
8.954983e+003,-1.417841e-001
8.955947e+003,-3.072275e-002
8.956912e+003,6.305064e-003
8.957876e+003,-3.675345e-002
8.958840e+003,-1.396349e-001
8.959805e+003,-2.637990e-001
8.960769e+003,-3.663712e-001
8.961732e+003,-4.148172e-001
8.962697e+003,-3.971418e-001
8.963661e+003,-3.241347e-001
8.964626e+003,-2.232803e-001
8.965590e+003,-1.270732e-001
8.966554e+003,-6.041649e-002
8.967519e+003,-3.201237e-002
8.968482e+003,-3.279564e-002
8.969447e+003,-4.160028e-002
8.970411e+003,-3.538571e-002
8.971375e+003,4.566796e-004
8.972340e+003,6.586073e-002
8.973304e+003,1.463518e-001
8.974269e+003,2.191651e-001
8.975232e+003,2.623282e-001
8.976196e+003,2.626860e-001
8.977161e+003,2.196340e-001
8.978125e+003,1.435695e-001
8.979090e+003,5.050097e-002
8.980054e+003,-3.994574e-002
8.981018e+003,-1.240315e-001
8.981982e+003,-1.966947e-001
8.982946e+003,-2.539743e-001
8.983910e+003,-2.899371e-001
8.984875e+003,-2.959269e-001
8.985839e+003,-2.633374e-001
8.986804e+003,-1.887082e-001
8.987768e+003,-7.844367e-002
8.988731e+003,4.986900e-002
8.989696e+003,1.710998e-001
8.990660e+003,2.603366e-001
8.991625e+003,3.018291e-001
8.992589e+003,2.953252e-001
8.993553e+003,2.569608e-001
8.994518e+003,2.141363e-001
8.995481e+003,1.962492e-001
8.996446e+003,2.247942e-001
8.997410e+003,3.063904e-001
8.998374e+003,4.310201e-001
8.999339e+003,5.755353e-001
9.000303e+003,7.108754e-001
9.001268e+003,8.102132e-001
9.002231e+003,8.555002e-001
9.003195e+003,8.407954e-001
9.004160e+003,7.720356e-001
9.005124e+003,6.639460e-001
9.006088e+003,5.355083e-001
9.007053e+003,4.054317e-001
9.008017e+003,2.887684e-001
9.008981e+003,1.952368e-001
9.009945e+003,1.292251e-001
9.010909e+003,5.540043e-002
9.011874e+003,1.504305e-002
9.012838e+003,8.345112e-003
9.013803e+003,3.166929e-002
9.014767e+003,7.743938e-002
9.015730e+003,1.349470e-001
9.016695e+003,1.923631e-001
9.017659e+003,2.397090e-001
9.018624e+003,2.718773e-001
9.019588e+003,2.904114e-001
9.020552e+003,3.030085e-001
9.021517e+003,3.204834e-001
9.022480e+003,3.520903e-001
9.023445e+003,4.009882e-001
9.024409e+003,4.618192e-001
9.025373e+003,5.218019e-001
9.026338e+003,5.652040e-001
9.027302e+003,5.797107e-001
9.028266e+003,5.620142e-001
9.029230e+003,5.202217e-001
9.030194e+003,4.716847e-001
9.031159e+003,4.368106e-001
9.032123e+003,4.310736e-001
9.033087e+003,4.583513e-001
9.034052e+003,5.083017e-001
9.035016e+003,5.589167e-001
9.035980e+003,5.834594e-001
9.036944e+003,5.591948e-001
9.037908e+003,4.747596e-001
9.038873e+003,3.337032e-001
9.039837e+003,1.530980e-001
9.040802e+003,-4.171733e-002
9.041766e+003,-2.250319e-001
9.042729e+003,-3.741109e-001
9.043694e+003,-4.757563e-001
9.044658e+003,-5.259351e-001
9.045623e+003,-5.278111e-001
9.046587e+003,-4.885325e-001
9.047551e+003,-4.164725e-001
9.048516e+003,-3.198191e-001
9.049479e+003,-2.067315e-001
9.050443e+003,-8.633040e-002
9.051408e+003,3.051889e-002
9.052372e+003,1.315883e-001
9.053337e+003,2.050695e-001
9.054301e+003,2.424376e-001
9.055265e+003,2.411802e-001
9.056229e+003,2.063946e-001
9.057193e+003,1.502518e-001
9.058158e+003,8.935262e-002
9.059122e+003,4.058551e-002
9.060086e+003,1.684439e-002
9.061051e+003,2.388860e-002
9.062015e+003,5.941948e-002
9.062979e+003,1.144860e-001
9.063943e+003,1.766389e-001
9.064907e+003,2.336414e-001
9.065872e+003,2.764337e-001
9.066836e+003,3.005345e-001
9.067801e+003,3.057294e-001
9.068765e+003,2.945459e-001
9.069729e+003,2.705330e-001
9.070693e+003,2.371054e-001
9.071657e+003,1.974209e-001
9.072621e+003,1.555054e-001
9.073586e+003,1.148949e-001
9.074550e+003,8.122903e-002
9.075515e+003,6.049463e-002
9.076479e+003,5.723855e-002
9.077442e+003,7.260822e-002
9.078407e+003,1.029877e-001
9.079371e+003,1.400630e-001
9.080336e+003,1.723928e-001
9.081300e+003,1.881273e-001
9.082264e+003,1.780112e-001
9.083229e+003,1.377551e-001
9.084192e+003,6.910428e-002
9.085157e+003,-2.048736e-002
9.086121e+003,-1.194571e-001
9.087085e+003,-2.143473e-001
9.088050e+003,-2.922359e-001
9.089014e+003,-3.428460e-001
9.089979e+003,-3.601772e-001
9.090942e+003,-3.433192e-001
9.091906e+003,-2.964431e-001
9.092871e+003,-2.277773e-001
9.093835e+003,-1.478105e-001
9.094799e+003,-6.700505e-002
9.095764e+003,6.274015e-003
9.096728e+003,6.700092e-002
9.097692e+003,1.134522e-001
9.098656e+003,1.460096e-001
9.099620e+003,1.653705e-001
9.100585e+003,1.711320e-001
9.101549e+003,1.614913e-001
9.102514e+003,1.344421e-001
9.103478e+003,8.984123e-002
9.104441e+003,3.176218e-002
9.105406e+003,-3.087178e-002
9.106370e+003,-8.530185e-002
9.107335e+003,-1.179384e-001
9.108299e+003,-1.182538e-001
9.109263e+003,-8.220677e-002
9.110228e+003,-1.379238e-002
9.111191e+003,7.581499e-002
9.112156e+003,1.712048e-001
9.113120e+003,2.565768e-001
9.114084e+003,3.191392e-001
9.115049e+003,3.509839e-001
9.116013e+003,3.492326e-001
9.116977e+003,3.149090e-001
9.117941e+003,2.515813e-001
9.118905e+003,1.645131e-001
9.119870e+003,6.064561e-002
9.120834e+003,-5.104644e-002
9.121798e+003,-1.595626e-001
9.122763e+003,-2.530082e-001
9.123727e+003,-3.209233e-001
9.124691e+003,-3.572620e-001
9.125655e+003,-3.628377e-001
9.126619e+003,-3.460771e-001
9.127584e+003,-3.214436e-001
9.128548e+003,-3.057734e-001
9.129513e+003,-3.135648e-001
9.130477e+003,-3.528063e-001
9.131440e+003,-4.226500e-001
9.132405e+003,-5.136974e-001
9.133369e+003,-6.105843e-001
9.134334e+003,-6.960669e-001
9.135298e+003,-7.544165e-001
9.136262e+003,-7.747500e-001
9.137227e+003,-7.514812e-001
9.138190e+003,-6.836044e-001
9.139154e+003,-5.733467e-001
9.140119e+003,-4.251025e-001
9.141083e+003,-2.451910e-001
9.142048e+003,-4.238921e-002
9.143012e+003,1.713798e-001
9.143976e+003,3.810281e-001
9.144940e+003,5.696213e-001
9.145904e+003,7.210967e-001
9.146869e+003,8.237795e-001
9.147833e+003,8.735235e-001
9.148797e+003,8.752863e-001
9.149762e+003,8.423063e-001
9.150726e+003,7.928243e-001
9.151690e+003,7.451509e-001
9.152654e+003,7.124996e-001
9.153618e+003,6.992249e-001
9.154583e+003,6.995705e-001
9.155547e+003,6.993512e-001
9.156512e+003,6.800579e-001
9.157476e+003,6.241528e-001
9.158439e+003,5.200676e-001
9.159404e+003,3.656315e-001
9.160368e+003,1.691527e-001
9.161332e+003,-5.182293e-002
9.162297e+003,-2.736643e-001
9.163261e+003,-4.708381e-001
9.164226e+003,-6.203313e-001
9.165189e+003,-7.059111e-001
9.166153e+003,-7.196532e-001
9.167118e+003,-6.640047e-001
9.168082e+003,-5.514340e-001
9.169047e+003,-4.024716e-001
9.170011e+003,-2.423053e-001
9.170975e+003,-9.644829e-002
9.171939e+003,1.369083e-002
9.172903e+003,7.441324e-002
9.173868e+003,8.161054e-002
9.174832e+003,4.057674e-002
9.175796e+003,-3.624973e-002
9.176761e+003,-1.328027e-001
9.177725e+003,-2.332887e-001
9.178689e+003,-3.253677e-001
9.179653e+003,-4.019781e-001
9.180617e+003,-4.614608e-001
9.181582e+003,-5.063065e-001
9.182546e+003,-5.410438e-001
9.183510e+003,-5.700084e-001
9.184475e+003,-5.955463e-001
9.185438e+003,-6.171045e-001
9.186403e+003,-6.313430e-001
9.187367e+003,-6.331709e-001
9.188331e+003,-6.173622e-001
9.189296e+003,-5.803409e-001
9.190260e+003,-5.215282e-001
9.191225e+003,-4.438597e-001
9.192188e+003,-3.531680e-001
9.193152e+003,-2.566590e-001
9.194117e+003,-1.609351e-001
9.195081e+003,-7.037922e-002
9.196046e+003,1.356556e-002
9.197010e+003,9.120023e-002
9.197974e+003,1.633494e-001
9.198938e+003,2.292671e-001
9.199902e+003,2.854605e-001
9.200867e+003,3.258884e-001
9.201831e+003,3.437284e-001
9.202795e+003,3.340620e-001
9.203760e+003,2.964936e-001
9.204724e+003,2.365115e-001
9.205688e+003,1.649610e-001
9.206652e+003,9.565940e-002
9.207616e+003,4.200090e-002
9.208581e+003,1.360790e-002
9.209545e+003,1.415971e-002
9.210509e+003,4.085535e-002
9.211474e+003,8.543936e-002
9.212438e+003,1.361804e-001
9.213402e+003,1.801275e-001
9.214366e+003,2.051261e-001
9.215330e+003,2.015379e-001
9.216295e+003,1.636372e-001
9.217259e+003,9.079260e-002
9.218224e+003,-1.183421e-002
9.219188e+003,-1.334712e-001
9.220151e+003,-2.592503e-001
9.221116e+003,-3.730220e-001
9.222080e+003,-4.609630e-001
9.223045e+003,-5.147874e-001
9.224009e+003,-5.334579e-001
9.224973e+003,-5.225868e-001
9.225938e+003,-4.917424e-001
9.226901e+003,-4.507062e-001
9.227865e+003,-4.059460e-001
9.228830e+003,-3.593020e-001
9.229794e+003,-3.088261e-001
9.230759e+003,-2.514002e-001
9.231723e+003,-1.858668e-001
9.232687e+003,-1.151052e-001
9.233651e+003,-4.613413e-002
9.234615e+003,1.170231e-002
9.235580e+003,4.961468e-002
9.236544e+003,6.200705e-002
9.237508e+003,4.792418e-002
9.238473e+003,1.110639e-002
9.239437e+003,-4.091006e-002
9.240401e+003,-9.788353e-002
9.241365e+003,-1.476555e-001
9.242329e+003,-1.768626e-001
9.243294e+003,-1.721738e-001
9.244258e+003,-1.226978e-001
9.245223e+003,-2.354350e-002
9.246187e+003,1.205603e-001
9.247150e+003,2.933499e-001
9.248115e+003,4.685054e-001
9.249079e+003,6.151235e-001
9.250043e+003,7.061013e-001
9.251008e+003,7.267005e-001
9.251972e+003,6.799807e-001
9.252937e+003,5.865571e-001
9.253900e+003,4.781729e-001
9.254864e+003,3.872012e-001
9.255829e+003,3.357903e-001
9.256793e+003,3.289594e-001
9.257758e+003,3.542631e-001
9.258722e+003,3.883923e-001
9.259686e+003,4.080567e-001
9.260650e+003,4.004965e-001
9.261614e+003,3.695569e-001
9.262579e+003,3.348716e-001
9.263543e+003,3.245168e-001
9.264507e+003,3.640526e-001
9.265472e+003,4.662049e-001
9.266436e+003,6.250176e-001
9.267400e+003,8.164386e-001
9.268364e+003,1.004848e+000
9.269328e+003,1.152985e+000
9.270293e+003,1.231706e+000
9.271257e+003,1.226491e+000
9.272221e+003,1.139188e+000
9.273186e+003,9.850643e-001
9.274149e+003,7.870536e-001
9.275114e+003,5.693823e-001
9.276078e+003,3.526850e-001
9.277042e+003,1.516675e-001
9.278007e+003,-2.468842e-002
9.278971e+003,-1.714044e-001
9.279936e+003,-2.854690e-001
9.280899e+003,-3.646147e-001
9.281863e+003,-4.074124e-001
9.282828e+003,-4.144217e-001
9.283792e+003,-3.896772e-001
9.284757e+003,-3.415088e-001
9.285721e+003,-2.820143e-001
9.286685e+003,-2.249343e-001
9.287649e+003,-1.824425e-001
9.288613e+003,-1.613724e-001
9.289578e+003,-1.622824e-001
9.290542e+003,-1.781520e-001
9.291506e+003,-1.968573e-001
9.292471e+003,-2.052639e-001
9.293435e+003,-1.938782e-001
9.294398e+003,-1.605251e-001
9.295363e+003,-1.115899e-001
9.296327e+003,-6.025869e-002
9.297292e+003,-2.217814e-002
9.298256e+003,-9.942008e-003
9.299220e+003,-2.826823e-002
9.300185e+003,-7.168051e-002
9.301148e+003,-1.256008e-001
9.302113e+003,-1.707249e-001
9.303077e+003,-1.893006e-001
9.304041e+003,-1.711448e-001
9.305006e+003,-1.172743e-001
9.305970e+003,-3.964427e-002
9.306935e+003,4.315091e-002
9.307898e+003,1.128678e-001
9.308862e+003,1.588343e-001
9.309827e+003,1.826065e-001
9.310791e+003,1.979636e-001
9.311755e+003,2.258833e-001
9.312720e+003,2.860104e-001
9.313684e+003,3.877447e-001
9.314648e+003,5.245849e-001
9.315612e+003,6.742968e-001
9.316576e+003,8.053952e-001
9.317541e+003,8.877496e-001
9.318505e+003,9.033412e-001
9.319470e+003,8.525385e-001
9.320434e+003,7.545787e-001
9.321397e+003,6.390692e-001
9.322362e+003,5.348752e-001
9.323326e+003,4.592414e-001
9.324291e+003,4.121749e-001
9.325255e+003,3.784022e-001
9.326219e+003,3.359889e-001
9.327184e+003,2.677368e-001
9.328147e+003,1.702720e-001
9.329112e+003,5.674771e-002
9.330076e+003,-4.796395e-002
9.331040e+003,-1.174503e-001
9.332005e+003,-1.347000e-001
9.332969e+003,-9.917043e-002
9.333933e+003,-2.700962e-002
9.334897e+003,5.521423e-002
9.335861e+003,1.202579e-001
9.336826e+003,1.490579e-001
9.337790e+003,1.352977e-001
9.338754e+003,8.441188e-002
9.339719e+003,8.566739e-003
9.340683e+003,-7.935519e-002
9.341647e+003,-1.697818e-001
9.342611e+003,-2.570598e-001
9.343575e+003,-3.372901e-001
9.344540e+003,-4.055872e-001
9.345504e+003,-4.549507e-001
9.346469e+003,-4.778751e-001
9.347433e+003,-4.698908e-001
9.348396e+003,-4.330775e-001
9.349361e+003,-3.772796e-001
9.350325e+003,-3.179870e-001
9.351290e+003,-2.715024e-001
9.352254e+003,-2.490829e-001
9.353218e+003,-2.531126e-001
9.354183e+003,-2.765669e-001
9.355146e+003,-3.058583e-001
9.356110e+003,-3.258380e-001
9.357075e+003,-3.248325e-001
9.358039e+003,-2.980605e-001
9.359004e+003,-2.485989e-001
9.359968e+003,-1.862449e-001
9.360932e+003,-1.250852e-001
9.361896e+003,-8.067177e-002
9.362860e+003,-6.712916e-002
9.363825e+003,-9.432466e-002
9.364789e+003,-1.650942e-001
9.365753e+003,-2.730599e-001
9.366718e+003,-4.019437e-001
9.367682e+003,-5.273882e-001
9.368646e+003,-6.214883e-001
9.369610e+003,-6.593662e-001
9.370574e+003,-6.257702e-001
9.371539e+003,-5.194930e-001
9.372503e+003,-3.538442e-001
9.373468e+003,-1.529041e-001
9.374432e+003,5.518126e-002
9.375396e+003,2.454318e-001
9.376360e+003,4.014629e-001
9.377324e+003,5.175757e-001
9.378288e+003,5.975749e-001
9.379253e+003,6.514189e-001
9.380217e+003,6.913303e-001
9.381182e+003,7.275666e-001
9.382146e+003,7.691704e-001
9.383109e+003,8.196858e-001
9.384074e+003,8.768150e-001
9.385038e+003,9.317092e-001
9.386003e+003,9.694837e-001
9.386967e+003,9.716617e-001
9.387931e+003,9.207374e-001
9.388896e+003,8.058655e-001
9.389859e+003,6.277752e-001
9.390824e+003,4.006578e-001
9.391788e+003,1.499219e-001
9.392752e+003,-9.391291e-002
9.393717e+003,-3.028799e-001
9.394681e+003,-4.579725e-001
9.395646e+003,-5.517909e-001
9.396609e+003,-5.868338e-001
9.397573e+003,-5.707863e-001
9.398538e+003,-5.116034e-001
9.399502e+003,-4.149756e-001
9.400466e+003,-2.854210e-001
9.401431e+003,-1.299874e-001
9.402395e+003,3.793581e-002
9.403359e+003,1.975641e-001
9.404323e+003,3.238307e-001
9.405287e+003,3.940771e-001
9.406252e+003,3.955607e-001
9.407216e+003,3.305789e-001
9.408181e+003,2.166986e-001
9.409145e+003,8.195643e-002
9.410108e+003,-4.318377e-002
9.411073e+003,-1.338303e-001
9.412037e+003,-1.757198e-001
9.413002e+003,-1.667421e-001
9.413966e+003,-1.134570e-001
9.414930e+003,-2.741371e-002
9.415895e+003,7.827877e-002
9.416858e+003,1.907184e-001
9.417823e+003,2.973287e-001
9.418787e+003,3.857516e-001
9.419751e+003,4.446214e-001
9.420716e+003,4.657727e-001
9.421680e+003,4.469734e-001
9.422644e+003,3.938491e-001
9.423608e+003,3.194879e-001
9.424572e+003,2.416311e-001
9.425537e+003,1.782203e-001
9.426501e+003,1.431713e-001
9.427465e+003,1.439040e-001
9.428430e+003,1.812537e-001
9.429394e+003,2.510450e-001
9.430358e+003,3.460585e-001
9.431322e+003,4.569946e-001
9.432286e+003,5.723217e-001
9.433251e+003,6.778032e-001
9.434215e+003,7.572744e-001
9.435180e+003,7.956429e-001
9.436144e+003,7.839020e-001
9.437107e+003,7.242407e-001
9.438072e+003,6.327901e-001
9.439036e+003,5.377369e-001
9.440001e+003,4.725776e-001
9.440965e+003,4.661802e-001
9.441929e+003,5.332267e-001
9.442894e+003,6.682375e-001
9.443857e+003,8.472544e-001
9.444821e+003,1.033442e+000
9.445786e+003,1.187832e+000
9.446750e+003,1.279577e+000
9.447715e+003,1.292700e+000
9.448679e+003,1.227501e+000
9.449643e+003,1.097190e+000
9.450607e+003,9.218830e-001
9.451571e+003,7.227825e-001
9.452536e+003,5.184666e-001
9.453500e+003,3.239864e-001
9.454464e+003,1.517344e-001
9.455429e+003,1.268034e-002
9.456393e+003,-8.346666e-002
9.457357e+003,-1.295007e-001
9.458321e+003,-1.227427e-001
9.459285e+003,-6.670891e-002
9.460250e+003,2.866087e-002
9.461214e+003,1.485435e-001
9.462179e+003,2.760662e-001
9.463143e+003,3.954610e-001
9.464106e+003,4.944621e-001
9.465071e+003,5.654374e-001
9.466035e+003,6.052281e-001
9.466999e+003,6.142701e-001
9.467964e+003,5.955543e-001
9.468928e+003,5.539204e-001
9.469893e+003,4.956930e-001
9.470856e+003,4.284821e-001
9.471820e+003,3.608317e-001
9.472785e+003,3.014494e-001
9.473749e+003,2.578761e-001
9.474714e+003,2.359563e-001
9.475678e+003,2.379941e-001
9.476642e+003,2.622439e-001
9.477606e+003,3.027707e-001
9.478570e+003,3.500826e-001
9.479535e+003,3.925078e-001
9.480499e+003,4.182782e-001
9.481463e+003,4.179898e-001
9.482428e+003,3.870194e-001
9.483392e+003,3.272525e-001
9.484356e+003,2.475676e-001
9.485320e+003,1.626374e-001
9.486284e+003,9.005567e-002
9.487249e+003,4.626492e-002
9.488213e+003,4.213905e-002
9.489177e+003,7.937273e-002
9.490142e+003,1.487582e-001
9.491105e+003,2.311059e-001
9.492070e+003,3.010674e-001
9.493034e+003,3.332554e-001
9.493998e+003,3.094598e-001
9.494963e+003,2.250494e-001
9.495927e+003,9.252776e-002
9.496892e+003,-5.935350e-002
9.497855e+003,-1.914738e-001
9.498819e+003,-2.642658e-001
9.499784e+003,-2.491447e-001
9.500748e+003,-1.380635e-001
9.501713e+003,5.219981e-002
9.502677e+003,2.828900e-001
9.503641e+003,5.029842e-001
9.504605e+003,6.627777e-001
9.505569e+003,7.281643e-001
9.506534e+003,6.886508e-001
9.507498e+003,5.589464e-001
9.508462e+003,3.726631e-001
9.509427e+003,1.709574e-001
9.510391e+003,-9.533510e-003
9.511354e+003,-1.453307e-001
9.512319e+003,-2.288612e-001
9.513283e+003,-2.653880e-001
9.514248e+003,-2.665962e-001
9.515212e+003,-2.441540e-001
9.516176e+003,-2.060848e-001
9.517141e+003,-1.568570e-001
9.518104e+003,-1.001641e-001
9.519069e+003,-4.197765e-002
9.520033e+003,8.335851e-003
9.520997e+003,3.982520e-002
9.521962e+003,4.395375e-002
9.522926e+003,1.871901e-002
9.523891e+003,-2.939362e-002
9.524854e+003,-8.676928e-002
9.525818e+003,-1.370625e-001
9.526783e+003,-1.667669e-001
9.527747e+003,-1.697223e-001
9.528712e+003,-1.487565e-001
9.529676e+003,-1.140474e-001
9.530640e+003,-7.913265e-002
9.531604e+003,-5.634588e-002
9.532568e+003,-5.329466e-002
9.533532e+003,-7.143170e-002
9.534497e+003,-1.066062e-001
9.535461e+003,-1.506840e-001
9.536426e+003,-1.945176e-001
9.537390e+003,-2.290255e-001
9.538354e+003,-2.468070e-001
9.539318e+003,-2.430525e-001
9.540282e+003,-2.159363e-001
9.541247e+003,-1.665622e-001
9.542211e+003,-9.822139e-002
9.543175e+003,-1.508991e-002
9.544140e+003,7.927813e-002
9.545104e+003,1.829703e-001
9.546068e+003,2.956139e-001
9.547032e+003,4.169559e-001
9.547996e+003,5.446826e-001
9.548961e+003,6.725834e-001
9.549925e+003,7.902318e-001
9.550890e+003,8.848137e-001
9.551854e+003,9.446317e-001
9.552817e+003,9.629881e-001
9.553782e+003,9.407470e-001
9.554746e+003,8.862962e-001
9.555710e+003,8.128529e-001
9.556675e+003,7.341595e-001
9.557639e+003,6.603925e-001
9.558604e+003,5.958707e-001
9.559567e+003,5.393480e-001
9.560531e+003,4.862812e-001
9.561496e+003,4.317750e-001
9.562460e+003,3.727001e-001
9.563425e+003,3.082141e-001
9.564389e+003,2.388949e-001
9.565353e+003,1.654566e-001
9.566317e+003,8.817761e-002
9.567281e+003,7.387090e-003
9.568246e+003,-7.516511e-002
9.569210e+003,-1.552530e-001
9.570174e+003,-2.263631e-001
9.571139e+003,-2.814156e-001
9.572103e+003,-3.153702e-001
9.573067e+003,-3.274433e-001
9.574031e+003,-3.217463e-001
9.574995e+003,-3.058910e-001
9.575960e+003,-2.881919e-001
9.576924e+003,-2.747889e-001
9.577888e+003,-2.680106e-001
9.578853e+003,-2.666188e-001
9.579816e+003,-2.675073e-001
9.580781e+003,-2.677346e-001
9.581745e+003,-2.656423e-001
9.582709e+003,-2.606184e-001
9.583674e+003,-2.518812e-001
9.584638e+003,-2.373785e-001
9.585603e+003,-2.138300e-001
9.586566e+003,-1.781677e-001
9.587530e+003,-1.296466e-001
9.588495e+003,-7.131238e-002
9.589459e+003,-9.649441e-003
9.590424e+003,4.773366e-002
9.591388e+003,9.543908e-002
9.592352e+003,1.328877e-001
9.593316e+003,1.647282e-001
9.594280e+003,1.985706e-001
9.595245e+003,2.410157e-001
9.596209e+003,2.938806e-001
9.597173e+003,3.525081e-001
9.598138e+003,4.069271e-001
9.599102e+003,4.452799e-001
9.600065e+003,4.577503e-001
9.601030e+003,4.391001e-001
9.601994e+003,3.888895e-001
9.602959e+003,3.098161e-001
9.603923e+003,2.057136e-001
9.604887e+003,8.075491e-002
9.605852e+003,-5.949549e-002
9.606815e+003,-2.060274e-001
9.607780e+003,-3.451467e-001
9.608744e+003,-4.597588e-001
9.609708e+003,-5.335855e-001
9.610673e+003,-5.569221e-001
9.611637e+003,-5.312213e-001
9.612602e+003,-4.698330e-001
9.613565e+003,-3.938802e-001
9.614529e+003,-3.244929e-001
9.615494e+003,-2.746454e-001
9.616458e+003,-2.443461e-001
9.617423e+003,-2.214740e-001
9.618387e+003,-1.880551e-001
9.619351e+003,-1.290753e-001
9.620315e+003,-3.977410e-002
9.621279e+003,7.196989e-002
9.622243e+003,1.890970e-001
9.623208e+003,2.928512e-001
9.624172e+003,3.705398e-001
9.625137e+003,4.199184e-001
9.626101e+003,4.482751e-001
9.627064e+003,4.670828e-001
9.628029e+003,4.848835e-001
9.628993e+003,5.028915e-001
9.629958e+003,5.141232e-001
9.630922e+003,5.070283e-001
9.631886e+003,4.712048e-001
9.632851e+003,4.023584e-001
9.633814e+003,3.041683e-001
9.634779e+003,1.866771e-001
9.635743e+003,6.246290e-002
9.636707e+003,-5.715876e-002
9.637672e+003,-1.642513e-001
9.638636e+003,-2.541635e-001
9.639601e+003,-3.242603e-001
9.640564e+003,-3.728592e-001
9.641528e+003,-3.994508e-001
9.642493e+003,-4.058992e-001
9.643457e+003,-3.974069e-001
9.644421e+003,-3.818353e-001
9.645386e+003,-3.668452e-001
9.646350e+003,-3.557853e-001
9.647314e+003,-3.445222e-001
9.648278e+003,-3.212730e-001
9.649242e+003,-2.704681e-001
9.650207e+003,-1.795061e-001
9.651171e+003,-4.570556e-002
9.652136e+003,1.198484e-001
9.653100e+003,2.936329e-001
9.654063e+003,4.461559e-001
9.655028e+003,5.510942e-001
9.655992e+003,5.935351e-001
9.656957e+003,5.739635e-001
9.657921e+003,5.067367e-001
9.658885e+003,4.141341e-001
9.659850e+003,3.191941e-001
9.660813e+003,2.369305e-001
9.661778e+003,1.728939e-001
9.662742e+003,1.247690e-001
9.663706e+003,8.649280e-002
9.664671e+003,5.243458e-002
9.665635e+003,1.989727e-002
9.666599e+003,-1.075673e-002
9.667563e+003,-3.755438e-002
9.668527e+003,-5.871066e-002
9.669492e+003,-7.359907e-002
9.670456e+003,-8.266574e-002
9.671420e+003,-8.668539e-002
9.672385e+003,-8.622244e-002
9.673349e+003,-8.171685e-002
9.674313e+003,-7.406195e-002
9.675277e+003,-6.503093e-002
9.676241e+003,-5.691491e-002
9.677206e+003,-5.120554e-002
9.678170e+003,-4.699830e-002
9.679135e+003,-4.006495e-002
9.680099e+003,-2.360205e-002
9.681063e+003,9.285443e-003
9.682027e+003,6.209304e-002
9.682991e+003,1.320093e-001
9.683956e+003,2.090356e-001
9.684920e+003,2.780005e-001
9.685884e+003,3.230112e-001
9.686849e+003,3.329146e-001
9.687813e+003,3.056653e-001
9.688776e+003,2.498856e-001
9.689741e+003,1.818426e-001
9.690705e+003,1.224978e-001
9.691670e+003,8.903356e-002
9.692634e+003,8.971591e-002
9.693598e+003,1.205477e-001
9.694563e+003,1.659230e-001
9.695526e+003,2.033269e-001
9.696491e+003,2.109057e-001
9.697455e+003,1.754403e-001
9.698419e+003,9.800334e-002
9.699384e+003,-5.080067e-003
9.700348e+003,-1.066441e-001
9.701313e+003,-1.773783e-001
9.702276e+003,-1.958531e-001
9.703240e+003,-1.561439e-001
9.704205e+003,-7.008742e-002
9.705169e+003,3.701470e-002
9.706134e+003,1.356354e-001
9.707098e+003,2.027060e-001
9.708062e+003,2.294753e-001
9.709026e+003,2.234178e-001
9.709990e+003,2.035932e-001
9.710954e+003,1.915446e-001
9.711919e+003,2.017117e-001
9.712883e+003,2.353221e-001
9.713848e+003,2.801260e-001
9.714812e+003,3.156016e-001
9.715775e+003,3.211122e-001
9.716740e+003,2.834423e-001
9.717704e+003,2.007898e-001
9.718669e+003,8.229493e-002
9.719633e+003,-5.594705e-002
9.720597e+003,-2.006270e-001
9.721562e+003,-3.319738e-001
9.722525e+003,-4.374802e-001
9.723490e+003,-5.093588e-001
9.724454e+003,-5.441080e-001
9.725418e+003,-5.421135e-001
9.726383e+003,-5.075766e-001
9.727347e+003,-4.483734e-001
9.728312e+003,-3.750411e-001
9.729275e+003,-2.985476e-001
9.730239e+003,-2.273170e-001
9.731204e+003,-1.647187e-001
9.732168e+003,-1.083368e-001
9.733132e+003,-5.172039e-002
9.734097e+003,1.205363e-002
9.735061e+003,8.647537e-002
9.736025e+003,1.693459e-001
9.736989e+003,2.531785e-001
9.737953e+003,3.281093e-001
9.738918e+003,3.857940e-001
9.739882e+003,4.223631e-001
9.740847e+003,4.389827e-001
9.741811e+003,4.400380e-001
9.742774e+003,4.300661e-001
9.743739e+003,4.114279e-001
9.744703e+003,3.839366e-001
9.745668e+003,3.465922e-001
9.746632e+003,3.001447e-001
9.747596e+003,2.486935e-001
9.748561e+003,1.989934e-001
9.749524e+003,1.575602e-001
9.750489e+003,1.270439e-001
9.751453e+003,1.030672e-001
9.752417e+003,7.815870e-002
9.753382e+003,4.324106e-002
9.754346e+003,-6.769018e-003
9.755310e+003,-6.888431e-002
9.756274e+003,-1.313369e-001
9.757238e+003,-1.769615e-001
9.758203e+003,-1.895181e-001
9.759167e+003,-1.602042e-001
9.760131e+003,-9.157367e-002
9.761096e+003,2.902716e-003
9.762060e+003,1.033038e-001
9.763024e+003,1.896902e-001
9.763988e+003,2.476552e-001
9.764952e+003,2.708819e-001
9.765917e+003,2.600830e-001
9.766881e+003,2.197487e-001
9.767846e+003,1.547521e-001
9.768810e+003,6.889971e-002
9.769773e+003,-3.405352e-002
9.770738e+003,-1.478685e-001
9.771702e+003,-2.617646e-001
9.772667e+003,-3.606725e-001
9.773631e+003,-4.284441e-001
9.774595e+003,-4.529264e-001
9.775560e+003,-4.307614e-001
9.776523e+003,-3.695396e-001
9.777487e+003,-2.861122e-001
9.778452e+003,-2.014327e-001
9.779416e+003,-1.339305e-001
9.780381e+003,-9.392549e-002
9.781345e+003,-8.121106e-002
9.782309e+003,-8.631971e-002
9.783273e+003,-9.501418e-002
9.784237e+003,-9.350746e-002
9.785202e+003,-7.316679e-002
9.786166e+003,-3.291379e-002
9.787130e+003,2.084024e-002
9.788095e+003,7.617416e-002
9.789059e+003,1.185771e-001
9.790023e+003,1.340419e-001
9.790987e+003,1.118428e-001
9.791951e+003,4.691138e-002
9.792916e+003,-5.842040e-002
9.793880e+003,-1.935355e-001
9.794845e+003,-3.401211e-001
9.795809e+003,-4.745040e-001
9.796772e+003,-5.717845e-001
9.797737e+003,-6.109007e-001
9.798701e+003,-5.794926e-001
9.799665e+003,-4.770824e-001
9.800630e+003,-3.157239e-001
9.801594e+003,-1.179096e-001
9.802559e+003,8.761441e-002
9.803522e+003,2.709862e-001
9.804486e+003,4.061626e-001
9.805451e+003,4.749174e-001
9.806415e+003,4.695168e-001
9.807380e+003,3.940986e-001
9.808344e+003,2.646228e-001
9.809308e+003,1.072530e-001
9.810272e+003,-4.519811e-002
9.811236e+003,-1.587680e-001
9.812201e+003,-2.051575e-001
9.813165e+003,-1.683065e-001
9.814129e+003,-4.893366e-002
9.815094e+003,1.338792e-001
9.816058e+003,3.467751e-001
9.817022e+003,5.500256e-001
9.817986e+003,7.073914e-001
9.818950e+003,7.949681e-001
9.819915e+003,8.062395e-001
9.820879e+003,7.518076e-001
9.821843e+003,6.540388e-001
9.822808e+003,5.387079e-001
9.823771e+003,4.265497e-001
9.824736e+003,3.276673e-001
9.825700e+003,2.404443e-001
9.826664e+003,1.550744e-001
9.827629e+003,6.000054e-002
9.828593e+003,-5.113176e-002
9.829558e+003,-1.747483e-001
9.830521e+003,-2.964204e-001
9.831485e+003,-3.941813e-001
9.832450e+003,-4.449392e-001
9.833414e+003,-4.319486e-001
9.834379e+003,-3.508904e-001
9.835343e+003,-2.126694e-001
9.836307e+003,-4.189514e-002
9.837271e+003,1.285636e-001
9.838235e+003,2.655055e-001
9.839200e+003,3.435144e-001
9.840164e+003,3.510201e-001
9.841128e+003,2.925314e-001
9.842093e+003,1.864888e-001
9.843057e+003,5.941787e-002
9.844021e+003,-6.158788e-002
9.844985e+003,-1.560584e-001
9.845949e+003,-2.147033e-001
9.846914e+003,-2.401657e-001
9.847878e+003,-2.439249e-001
9.848842e+003,-2.408068e-001
9.849807e+003,-2.430790e-001
9.850771e+003,-2.562542e-001
9.851735e+003,-2.778455e-001
9.852699e+003,-2.992812e-001
9.853663e+003,-3.099494e-001
9.854628e+003,-3.018045e-001
9.855592e+003,-2.727505e-001
9.856557e+003,-2.277864e-001
9.857521e+003,-1.775739e-001
9.858484e+003,-1.351786e-001
9.859449e+003,-1.120002e-001
9.860413e+003,-1.143288e-001
9.861378e+003,-1.412701e-001
9.862342e+003,-1.846499e-001
9.863306e+003,-2.306072e-001
9.864271e+003,-2.625408e-001
9.865234e+003,-2.646406e-001
9.866198e+003,-2.253972e-001
9.867163e+003,-1.403768e-001
9.868127e+003,-1.380046e-002
9.869092e+003,1.415591e-001
9.870056e+003,3.062120e-001
9.871020e+003,4.574536e-001
9.871984e+003,5.738093e-001
9.872948e+003,6.395636e-001
9.873913e+003,6.481478e-001
9.874877e+003,6.027408e-001
9.875841e+003,5.173653e-001
9.876806e+003,4.120801e-001
9.877770e+003,3.086977e-001
9.878734e+003,2.261651e-001
9.879698e+003,1.769968e-001
9.880662e+003,1.655892e-001
9.881627e+003,1.883970e-001
9.882591e+003,2.356037e-001
9.883556e+003,2.934678e-001
9.884520e+003,3.467619e-001
9.885483e+003,3.808831e-001
9.886448e+003,3.837425e-001
9.887412e+003,3.474307e-001
9.888376e+003,2.698350e-001
9.889341e+003,1.557635e-001
9.890305e+003,1.723455e-002
9.891270e+003,-1.277660e-001
9.892233e+003,-2.580454e-001
9.893197e+003,-3.532247e-001
9.894162e+003,-3.979022e-001
9.895126e+003,-3.848619e-001
9.896091e+003,-3.162669e-001
9.897055e+003,-2.026451e-001
9.898019e+003,-6.006211e-002
9.898983e+003,9.332123e-002
9.899947e+003,2.402258e-001
9.900912e+003,3.659580e-001
9.901876e+003,4.589377e-001
9.902840e+003,5.105900e-001
9.903805e+003,5.155717e-001
9.904769e+003,4.727120e-001
9.905733e+003,3.864766e-001
9.906697e+003,2.683940e-001
9.907661e+003,1.365459e-001
9.908626e+003,1.307768e-002
9.909590e+003,-8.043283e-002
9.910554e+003,-1.285244e-001
9.911519e+003,-1.263947e-001
9.912482e+003,-8.173345e-002
9.913447e+003,-1.285179e-002
9.914411e+003,5.645020e-002
9.915375e+003,1.037118e-001
9.916340e+003,1.140749e-001
9.917304e+003,8.410540e-002
9.918269e+003,2.199903e-002
9.919232e+003,-5.545410e-002
9.920196e+003,-1.280227e-001
9.921161e+003,-1.774468e-001
9.922125e+003,-1.916873e-001
9.923090e+003,-1.669838e-001
9.924054e+003,-1.077822e-001
9.925018e+003,-2.486053e-002
9.925982e+003,6.748630e-002
9.926946e+003,1.546169e-001
9.927910e+003,2.244554e-001
9.928875e+003,2.698082e-001
9.929839e+003,2.896476e-001
9.930804e+003,2.890660e-001
9.931768e+003,2.776149e-001
9.932731e+003,2.663198e-001
9.933696e+003,2.639504e-001
9.934660e+003,2.737912e-001
9.935625e+003,2.920556e-001
9.936589e+003,3.099831e-001
9.937553e+003,3.133749e-001
9.938518e+003,2.918194e-001
9.939481e+003,2.423477e-001
9.940446e+003,1.719784e-001
9.941410e+003,9.666917e-002
9.942374e+003,3.674890e-002
9.943339e+003,1.019242e-002
9.944303e+003,2.613091e-002
9.945268e+003,8.103305e-002
9.946231e+003,1.591759e-001
9.947195e+003,2.373997e-001
9.948160e+003,2.926132e-001
9.949124e+003,3.092871e-001
9.950088e+003,2.842771e-001
9.951053e+003,2.271519e-001
9.952017e+003,1.561192e-001
9.952981e+003,9.119165e-002
9.953945e+003,4.745427e-002
9.954909e+003,3.095172e-002
9.955874e+003,3.874758e-002
9.956838e+003,6.261708e-002
9.957803e+003,9.442857e-002
9.958767e+003,1.303820e-001
9.959730e+003,1.720822e-001
9.960695e+003,2.238061e-001
9.961659e+003,2.874497e-001
9.962624e+003,3.578023e-001
9.963588e+003,4.210240e-001
9.964552e+003,4.576916e-001
9.965517e+003,4.497926e-001
9.966480e+003,3.889174e-001
9.967445e+003,2.823138e-001
9.968409e+003,1.529125e-001
9.969373e+003,3.349128e-002
9.970338e+003,-4.352073e-002
9.971302e+003,-5.692270e-002
9.972266e+003,-4.146360e-003
9.973230e+003,9.766125e-002
9.974194e+003,2.171577e-001
9.975159e+003,3.187409e-001
9.976123e+003,3.730452e-001
9.977087e+003,3.643053e-001
9.978052e+003,2.924191e-001
9.979016e+003,1.699281e-001
9.979980e+003,1.595935e-002
9.980944e+003,-1.498658e-001
9.981908e+003,-3.113173e-001
9.982873e+003,-4.563946e-001
9.983837e+003,-5.760800e-001
9.984802e+003,-6.627024e-001
9.985766e+003,-7.096364e-001
9.986729e+003,-7.127667e-001
9.987694e+003,-6.730771e-001
9.988658e+003,-5.986772e-001
9.989623e+003,-5.047978e-001
9.990587e+003,-4.111834e-001
9.991551e+003,-3.375432e-001
9.992516e+003,-2.987212e-001
9.993479e+003,-3.013492e-001
9.994443e+003,-3.431471e-001
9.995408e+003,-4.147979e-001
9.996372e+003,-5.033582e-001
9.997337e+003,-5.957485e-001
9.998301e+003,-6.807867e-001
9.999265e+003,-7.506416e-001
1.000023e+004,-7.990661e-001
