5.014096e+002,-1.090027e-001
5.052666e+002,-4.747761e-002
5.091236e+002,-3.945708e-003
5.129806e+002,2.667543e-002
5.168376e+002,5.421051e-002
5.206946e+002,8.821782e-002
5.245516e+002,1.337191e-001
5.284086e+002,1.844221e-001
5.322656e+002,2.379339e-001
5.361226e+002,2.862355e-001
5.399796e+002,3.231730e-001
5.438365e+002,3.471829e-001
5.476936e+002,3.619415e-001
5.515505e+002,3.747021e-001
5.554076e+002,3.931074e-001
5.592646e+002,4.201578e-001
5.631216e+002,4.569770e-001
5.669786e+002,4.980564e-001
5.708356e+002,5.342852e-001
5.746926e+002,5.556558e-001
5.785496e+002,5.542269e-001
5.824066e+002,5.265645e-001
5.862635e+002,4.751825e-001
5.901205e+002,4.086432e-001
5.939775e+002,3.405161e-001
5.978345e+002,2.864114e-001
6.016915e+002,2.603769e-001
6.055485e+002,2.706967e-001
6.094055e+002,3.165217e-001
6.132625e+002,3.867179e-001
6.171195e+002,4.619157e-001
6.209765e+002,5.194908e-001
6.248335e+002,5.410962e-001
6.286905e+002,5.176362e-001
6.325475e+002,4.525315e-001
6.364045e+002,3.603573e-001
6.402615e+002,2.616980e-001
6.441185e+002,1.763178e-001
6.479755e+002,1.174608e-001
6.518325e+002,9.023617e-002
6.556895e+002,9.037731e-002
6.595465e+002,1.112085e-001
6.634035e+002,1.466092e-001
6.672605e+002,1.930171e-001
6.711175e+002,2.486556e-001
6.749745e+002,3.108633e-001
6.788315e+002,3.735894e-001
6.826885e+002,4.274048e-001
6.865455e+002,4.610720e-001
6.904025e+002,4.665349e-001
6.942595e+002,4.425783e-001
6.981165e+002,3.963185e-001
7.019734e+002,3.411933e-001
7.058304e+002,2.920682e-001
7.096874e+002,2.595440e-001
7.135444e+002,2.465539e-001
7.174014e+002,2.457029e-001
7.212584e+002,2.444098e-001
7.251154e+002,2.287213e-001
7.289724e+002,1.881863e-001
7.328294e+002,1.192275e-001
7.366864e+002,2.623420e-002
7.405435e+002,-7.939536e-002
7.444004e+002,-1.800298e-001
7.482574e+002,-2.599801e-001
7.521144e+002,-3.031901e-001
7.559714e+002,-2.981960e-001
7.598284e+002,-2.414421e-001
7.636854e+002,-1.398154e-001
7.675424e+002,-1.114850e-002
7.713994e+002,1.184721e-001
7.752564e+002,2.191735e-001
7.791134e+002,2.704800e-001
7.829704e+002,2.635811e-001
7.868274e+002,2.065999e-001
7.906844e+002,1.228649e-001
7.945414e+002,4.372410e-002
7.983984e+002,-1.746550e-003
8.022554e+002,3.720641e-003
8.061124e+002,5.780604e-002
8.099694e+002,1.477553e-001
8.138264e+002,2.502948e-001
8.176833e+002,3.427376e-001
8.215403e+002,4.105769e-001
8.253973e+002,4.506171e-001
8.292544e+002,4.689107e-001
8.331113e+002,4.752573e-001
8.369684e+002,4.764781e-001
8.408253e+002,4.771698e-001
8.446824e+002,4.758891e-001
8.485393e+002,4.709517e-001
8.523964e+002,4.644556e-001
8.562533e+002,4.637768e-001
8.601104e+002,4.791334e-001
8.639673e+002,5.180390e-001
8.678243e+002,5.814483e-001
8.716813e+002,6.558993e-001
8.755383e+002,7.210202e-001
8.793953e+002,7.529762e-001
8.832523e+002,7.323005e-001
8.871093e+002,6.510460e-001
8.909663e+002,5.163751e-001
8.948233e+002,3.490743e-001
8.986803e+002,3.142053e-001
9.025373e+002,2.653905e-001
9.063943e+002,2.100838e-001
9.102513e+002,1.548170e-001
9.141083e+002,1.045121e-001
9.179653e+002,6.220826e-002
9.218223e+002,2.916856e-002
9.256793e+002,5.254146e-003
9.295363e+002,-3.646813e-002
9.333933e+002,-8.145428e-002
9.372502e+002,-1.368951e-001
9.411073e+002,-2.045100e-001
9.449642e+002,-2.803753e-001
9.488213e+002,-3.564363e-001
9.526782e+002,-4.229659e-001
9.565353e+002,-4.710813e-001
9.603922e+002,-4.907105e-001
9.642493e+002,-4.727001e-001
9.681062e+002,-4.186381e-001
9.719633e+002,-3.341489e-001
9.758203e+002,-2.268866e-001
9.796772e+002,-1.046892e-001
9.835342e+002,2.551292e-002
9.873912e+002,1.577856e-001
9.912482e+002,2.904476e-001
9.951052e+002,4.119745e-001
9.989622e+002,5.136043e-001
1.002819e+003,5.854487e-001
1.006676e+003,6.183480e-001
1.010533e+003,6.067647e-001
1.014390e+003,5.517200e-001
1.018247e+003,4.624756e-001
1.022104e+003,3.554289e-001
1.025961e+003,2.527074e-001
1.029818e+003,1.756994e-001
1.033675e+003,1.400217e-001
1.037532e+003,1.519111e-001
1.041389e+003,2.074896e-001
1.045246e+003,2.949754e-001
1.049103e+003,3.987381e-001
1.052960e+003,5.041498e-001
1.056817e+003,5.979760e-001
1.060674e+003,6.716482e-001
1.064531e+003,7.197534e-001
1.068388e+003,7.389992e-001
1.072245e+003,7.281071e-001
1.076102e+003,6.890175e-001
1.079959e+003,6.286784e-001
1.083816e+003,5.594890e-001
1.087673e+003,4.996987e-001
1.091530e+003,4.677915e-001
1.095387e+003,4.774354e-001
1.099244e+003,5.325621e-001
1.103101e+003,6.252781e-001
1.106958e+003,7.378312e-001
1.110815e+003,8.481502e-001
1.114672e+003,9.373047e-001
1.118529e+003,9.934403e-001
1.122386e+003,1.016166e+000
1.126243e+003,1.013764e+000
1.130100e+003,9.979246e-001
1.133957e+003,9.777997e-001
1.137814e+003,9.560357e-001
1.141671e+003,9.283664e-001
1.145528e+003,8.846118e-001
1.149385e+003,8.192566e-001
1.153242e+003,7.309744e-001
1.157099e+003,6.260669e-001
1.160956e+003,5.171276e-001
1.164813e+003,4.190863e-001
1.168670e+003,3.443933e-001
1.172527e+003,2.993002e-001
1.176384e+003,2.805395e-001
1.180241e+003,2.842810e-001
1.184098e+003,3.002687e-001
1.187955e+003,3.194653e-001
1.191812e+003,3.370443e-001
1.195669e+003,3.532679e-001
1.199526e+003,3.720731e-001
1.203383e+003,3.980668e-001
1.207240e+003,4.344618e-001
1.211097e+003,4.767294e-001
1.214954e+003,5.159183e-001
1.218811e+003,5.405270e-001
1.222668e+003,5.410259e-001
1.226525e+003,5.144432e-001
1.230382e+003,4.669988e-001
1.234239e+003,4.133058e-001
1.238096e+003,3.659067e-001
1.241953e+003,3.489976e-001
1.245810e+003,3.695119e-001
1.249667e+003,4.192192e-001
1.253524e+003,4.768316e-001
1.257381e+003,5.156100e-001
1.261238e+003,5.134536e-001
1.265095e+003,4.612902e-001
1.268952e+003,3.588682e-001
1.272809e+003,2.332434e-001
1.276666e+003,1.119567e-001
1.280523e+003,1.778460e-002
1.284380e+003,-3.845143e-002
1.288237e+003,-5.937741e-002
1.292094e+003,-5.700970e-002
1.295951e+003,-4.575268e-002
1.299808e+003,-3.264376e-002
1.303665e+003,-2.542018e-002
1.307522e+003,-2.093635e-002
1.311379e+003,-1.379342e-002
1.315236e+003,-2.880848e-005
1.319093e+003,2.049859e-002
1.322950e+003,4.401779e-002
1.326807e+003,6.494291e-002
1.330664e+003,8.124155e-002
1.334521e+003,9.185491e-002
1.338378e+003,1.014654e-001
1.342235e+003,1.183507e-001
1.346092e+003,1.515878e-001
1.349949e+003,2.073488e-001
1.353806e+003,2.856554e-001
1.357663e+003,3.789527e-001
1.361520e+003,4.750747e-001
1.365377e+003,5.572869e-001
1.369234e+003,6.118934e-001
1.373091e+003,6.313545e-001
1.376948e+003,6.165806e-001
1.380805e+003,5.765573e-001
1.384662e+003,5.255755e-001
1.388519e+003,4.792826e-001
1.392376e+003,4.529297e-001
1.396233e+003,4.528213e-001
1.400090e+003,4.838135e-001
1.403947e+003,5.476977e-001
1.407804e+003,6.440305e-001
1.411661e+003,7.699749e-001
1.415518e+003,9.191537e-001
1.419375e+003,1.080453e+000
1.423232e+003,1.237261e+000
1.427089e+003,1.372988e+000
1.430946e+003,1.472454e+000
1.434803e+003,1.527982e+000
1.438660e+003,1.543201e+000
1.442517e+003,1.533559e+000
1.446374e+003,1.522851e+000
1.450231e+003,1.536694e+000
1.454088e+003,1.594354e+000
1.457945e+003,1.704849e+000
1.461802e+003,1.863817e+000
1.465659e+003,2.055512e+000
1.469516e+003,2.257309e+000
1.473373e+003,2.445159e+000
1.477230e+003,2.598311e+000
1.481087e+003,2.702442e+000
1.484944e+003,2.750537e+000
1.488801e+003,2.745738e+000
1.492658e+003,2.698577e+000
1.496515e+003,2.627095e+000
1.500372e+003,2.554686e+000
1.504229e+003,2.506196e+000
1.508086e+003,2.502666e+000
1.511943e+003,2.556036e+000
1.515800e+003,2.664903e+000
1.519657e+003,2.817330e+000
1.523514e+003,2.992915e+000
1.527371e+003,3.170285e+000
1.531228e+003,3.334039e+000
1.535085e+003,3.478990e+000
1.538942e+003,3.610120e+000
1.542799e+003,3.738556e+000
1.546656e+003,3.875087e+000
1.550513e+003,4.027328e+000
1.554370e+003,4.196210e+000
1.558227e+003,4.378718e+000
1.562084e+003,4.572002e+000
1.565941e+003,4.776890e+000
1.569798e+003,4.998563e+000
1.573655e+003,5.243741e+000
1.577512e+003,5.515387e+000
1.581369e+003,5.809325e+000
1.585226e+003,6.111855e+000
1.589083e+003,6.402787e+000
1.592940e+003,6.661236e+000
1.596797e+003,6.871925e+000
1.600654e+003,7.029277e+000
1.604511e+003,7.137656e+000
1.608368e+003,7.208107e+000
1.612225e+003,7.253865e+000
1.616082e+003,7.286528e+000
1.619939e+003,7.315127e+000
1.623796e+003,7.347636e+000
1.627653e+003,7.393355e+000
1.631510e+003,7.463984e+000
1.635367e+003,7.572044e+000
1.639224e+003,7.727077e+000
1.643081e+003,7.930757e+000
1.646938e+003,8.174608e+000
1.650795e+003,8.440730e+000
1.654652e+003,8.706110e+000
1.658509e+003,8.948750e+000
1.662366e+003,9.153173e+000
1.666223e+003,9.313389e+000
1.670080e+003,9.433166e+000
1.673937e+003,9.522678e+000
1.677794e+003,9.596987e+000
1.681651e+003,9.673787e+000
1.685508e+003,9.772522e+000
1.689365e+003,9.913477e+000
1.693222e+003,1.011560e+001
1.697079e+003,1.039256e+001
1.700936e+003,1.074895e+001
1.704793e+003,1.117479e+001
1.708650e+003,1.164831e+001
1.712507e+003,1.214050e+001
1.716364e+003,1.262380e+001
1.720221e+003,1.308098e+001
1.724078e+003,1.351055e+001
1.727935e+003,1.392637e+001
1.731792e+003,1.435228e+001
1.735649e+003,1.481029e+001
1.739506e+003,1.531494e+001
1.743363e+003,1.586848e+001
1.747220e+003,1.646247e+001
1.751077e+003,1.708322e+001
1.754934e+003,1.771770e+001
1.758791e+003,1.835692e+001
1.762648e+003,1.899611e+001
1.766505e+003,1.962902e+001
1.770362e+003,2.024737e+001
1.774219e+003,2.084000e+001
1.778076e+003,2.139659e+001
1.781933e+003,2.191343e+001
1.785790e+003,2.239765e+001
1.789647e+003,2.286652e+001
1.793504e+003,2.334136e+001
1.797361e+003,2.383606e+001
1.801218e+003,2.434945e+001
1.805075e+003,2.486187e+001
1.808932e+003,2.534067e+001
1.812789e+003,2.575289e+001
1.816646e+003,2.607970e+001
1.820503e+003,2.632638e+001
1.824360e+003,2.652302e+001
1.828217e+003,2.671433e+001
1.832073e+003,2.694407e+001
1.835931e+003,2.723884e+001
1.839788e+003,2.759900e+001
1.843645e+003,2.800006e+001
1.847501e+003,2.840347e+001
1.851359e+003,2.877190e+001
1.855216e+003,2.908257e+001
1.859073e+003,2.933289e+001
1.862929e+003,2.953790e+001
1.866787e+003,2.972037e+001
1.870644e+003,2.989903e+001
1.874500e+003,3.007997e+001
1.878357e+003,3.025410e+001
1.882215e+003,3.040110e+001
1.886072e+003,3.049710e+001
1.889928e+003,3.052370e+001
1.893786e+003,3.047362e+001
1.897643e+003,3.035289e+001
1.901500e+003,3.017923e+001
1.905356e+003,2.997772e+001
1.909214e+003,2.977536e+001
1.913071e+003,2.959570e+001
1.916927e+003,2.945389e+001
1.920784e+003,2.935487e+001
1.924642e+003,2.929135e+001
1.928499e+003,2.924608e+001
1.932355e+003,2.919629e+001
1.936212e+003,2.911963e+001
1.940070e+003,2.899981e+001
1.943927e+003,2.882982e+001
1.947783e+003,2.861100e+001
1.951640e+003,2.835069e+001
1.955498e+003,2.805546e+001
1.959354e+003,2.772730e+001
1.963211e+003,2.736266e+001
1.967068e+003,2.695557e+001
1.970926e+003,2.650323e+001
1.974782e+003,2.601113e+001
1.978639e+003,2.549402e+001
1.982497e+003,2.497530e+001
1.986354e+003,2.447735e+001
1.990210e+003,2.401410e+001
1.994067e+003,2.358525e+001
1.997925e+003,2.317567e+001
2.001781e+003,2.276026e+001
2.005638e+003,2.231218e+001
2.009495e+003,2.181025e+001
2.013353e+003,2.124641e+001
2.017209e+003,2.062380e+001
2.021066e+003,1.995391e+001
2.024923e+003,1.925157e+001
2.028781e+003,1.853092e+001
2.032637e+003,1.780420e+001
2.036494e+003,1.708300e+001
2.040351e+003,1.637923e+001
2.044208e+003,1.570927e+001
2.048065e+003,1.508895e+001
2.051922e+003,1.453090e+001
2.055779e+003,1.404015e+001
2.059636e+003,1.361145e+001
2.063493e+003,1.322954e+001
2.067350e+003,1.287265e+001
2.071207e+003,1.251715e+001
2.075064e+003,1.214476e+001
2.078921e+003,1.174403e+001
2.082778e+003,1.131192e+001
2.086635e+003,1.085254e+001
2.090492e+003,1.037469e+001
2.094349e+003,9.889403e+000
2.098206e+003,9.407969e+000
2.102063e+003,8.939520e+000
2.105920e+003,8.492581e+000
2.109777e+003,8.070735e+000
2.113634e+003,7.672602e+000
2.117491e+003,7.291821e+000
2.121348e+003,6.918559e+000
2.125205e+003,6.542515e+000
2.129062e+003,6.156671e+000
2.132919e+003,5.759863e+000
2.136776e+003,5.359995e+000
2.140633e+003,4.970864e+000
2.144490e+003,4.609542e+000
2.148347e+003,4.292050e+000
2.152204e+003,4.029418e+000
2.156061e+003,3.825211e+000
2.159918e+003,3.674898e+000
2.163775e+003,3.567525e+000
2.167632e+003,3.485588e+000
2.171489e+003,3.409231e+000
2.175346e+003,3.318767e+000
2.179203e+003,3.198034e+000
2.183060e+003,3.037989e+000
2.186917e+003,2.839817e+000
2.190774e+003,2.616398e+000
2.194631e+003,2.391737e+000
2.198488e+003,2.194160e+000
2.202345e+003,2.051013e+000
2.206202e+003,1.979783e+000
2.210059e+003,1.981921e+000
2.213916e+003,2.040949e+000
2.217773e+003,2.125885e+000
2.221630e+003,2.199161e+000
2.225487e+003,2.227766e+000
2.229344e+003,2.188129e+000
2.233201e+003,2.075534e+000
2.237058e+003,1.902442e+000
2.240915e+003,1.693535e+000
2.244772e+003,1.478007e+000
2.248629e+003,1.281754e+000
2.252486e+003,1.121781e+000
2.256343e+003,1.004481e+000
2.260200e+003,9.257722e-001
2.264057e+003,8.756713e-001
2.267914e+003,8.424052e-001
2.271771e+003,8.161380e-001
2.275628e+003,7.910827e-001
2.279485e+003,7.657387e-001
2.283342e+003,7.416351e-001
2.287199e+003,7.211629e-001
2.291056e+003,7.061559e-001
2.294913e+003,6.963345e-001
2.298770e+003,6.895284e-001
2.302627e+003,6.827423e-001
2.306484e+003,6.736689e-001
2.310341e+003,6.618814e-001
2.314198e+003,6.490656e-001
2.318055e+003,6.369445e-001
2.321912e+003,6.289869e-001
2.325769e+003,6.250662e-001
2.329626e+003,6.218937e-001
2.333483e+003,6.137679e-001
2.337340e+003,5.948149e-001
2.341197e+003,5.619181e-001
2.345054e+003,5.170966e-001
2.348911e+003,4.675671e-001
2.352768e+003,4.260345e-001
2.356625e+003,4.048156e-001
2.360482e+003,4.128676e-001
2.364339e+003,4.525110e-001
2.368196e+003,5.181366e-001
2.372053e+003,5.973927e-001
2.375910e+003,6.744603e-001
2.379767e+003,7.345109e-001
2.383624e+003,7.683861e-001
2.387481e+003,7.726203e-001
2.391338e+003,7.507277e-001
2.395195e+003,7.118607e-001
2.399052e+003,6.682841e-001
2.402909e+003,6.324100e-001
2.406766e+003,6.140989e-001
2.410623e+003,6.179030e-001
2.414480e+003,6.426470e-001
2.418337e+003,6.840875e-001
2.422194e+003,7.346447e-001
2.426051e+003,7.851412e-001
2.429908e+003,8.268671e-001
2.433765e+003,8.535346e-001
2.437622e+003,8.626419e-001
2.441479e+003,8.551326e-001
2.445336e+003,8.384064e-001
2.449193e+003,8.189964e-001
2.453050e+003,8.028294e-001
2.456907e+003,7.933237e-001
2.460764e+003,7.901825e-001
2.464621e+003,7.892869e-001
2.468478e+003,7.837898e-001
2.472335e+003,7.676365e-001
2.476192e+003,7.339518e-001
2.480049e+003,6.806602e-001
2.483906e+003,6.106931e-001
2.487763e+003,5.319401e-001
2.491620e+003,4.558365e-001
2.495477e+003,3.948631e-001
2.499334e+003,3.595742e-001
2.503191e+003,3.558541e-001
2.507048e+003,3.847644e-001
2.510905e+003,4.393791e-001
2.514762e+003,5.079191e-001
2.518619e+003,5.767412e-001
2.522476e+003,6.337040e-001
2.526333e+003,6.708955e-001
2.530190e+003,6.859243e-001
2.534047e+003,6.806926e-001
2.537904e+003,6.605531e-001
2.541761e+003,6.326293e-001
2.545618e+003,6.029916e-001
2.549475e+003,5.756742e-001
2.553332e+003,5.529869e-001
2.557189e+003,5.366006e-001
2.561046e+003,5.285231e-001
2.564903e+003,5.284432e-001
2.568760e+003,5.409772e-001
2.572617e+003,5.654727e-001
2.576474e+003,5.972348e-001
2.580331e+003,6.275589e-001
2.584188e+003,6.457654e-001
2.588045e+003,6.428041e-001
2.591902e+003,6.150838e-001
2.595759e+003,5.651576e-001
2.599616e+003,5.067372e-001
2.603473e+003,4.560419e-001
2.607330e+003,4.281184e-001
2.611187e+003,4.315501e-001
2.615044e+003,4.653500e-001
2.618901e+003,5.192996e-001
2.622758e+003,5.775879e-001
2.626615e+003,6.241921e-001
2.630472e+003,6.480768e-001
2.634329e+003,6.461653e-001
2.638186e+003,6.231965e-001
2.642043e+003,5.888979e-001
2.645900e+003,5.540476e-001
2.649757e+003,5.271966e-001
2.653614e+003,5.131947e-001
2.657471e+003,5.135949e-001
2.661328e+003,5.284078e-001
2.665185e+003,5.570499e-001
2.669042e+003,5.987958e-001
2.672899e+003,6.519523e-001
2.676756e+003,7.126214e-001
2.680613e+003,7.740951e-001
2.684470e+003,8.275898e-001
2.688327e+003,8.643504e-001
2.692184e+003,8.777739e-001
2.696041e+003,8.654438e-001
2.699898e+003,8.290963e-001
2.703755e+003,7.730597e-001
2.707612e+003,7.019137e-001
2.711469e+003,6.186954e-001
2.715326e+003,5.247034e-001
2.719183e+003,4.211846e-001
2.723040e+003,3.116721e-001
2.726897e+003,2.041760e-001
2.730754e+003,1.111395e-001
2.734611e+003,4.687525e-002
2.738468e+003,2.306057e-002
2.742325e+003,4.398420e-002
2.746182e+003,1.035587e-001
2.750039e+003,1.853967e-001
2.753896e+003,2.671924e-001
2.757753e+003,3.263255e-001
2.761610e+003,3.462676e-001
2.765467e+003,3.210869e-001
2.769324e+003,2.566532e-001
2.773181e+003,1.683271e-001
2.777038e+003,7.611296e-002
2.780895e+003,-4.492030e-004
2.784752e+003,-4.892884e-002
2.788609e+003,-6.339870e-002
2.792466e+003,-4.468179e-002
2.796323e+003,2.222035e-003
2.800180e+003,7.148314e-002
2.804037e+003,1.592030e-001
2.807894e+003,2.645335e-001
2.811751e+003,3.833354e-001
2.815608e+003,5.212021e-001
2.819465e+003,6.758998e-001
2.823322e+003,8.391271e-001
2.827179e+003,9.956728e-001
2.831036e+003,1.125022e+000
2.834893e+003,1.205407e+000
2.838750e+003,1.219388e+000
2.842607e+003,1.168974e+000
2.846464e+003,1.060224e+000
2.850321e+003,9.081063e-001
2.854178e+003,7.358859e-001
2.858035e+003,5.701967e-001
2.861892e+003,4.348601e-001
2.865749e+003,3.451607e-001
2.869606e+003,3.042548e-001
2.873463e+003,3.196154e-001
2.877320e+003,3.555116e-001
2.881177e+003,3.943332e-001
2.885034e+003,4.191759e-001
2.888891e+003,4.174646e-001
2.892748e+003,3.832057e-001
2.896605e+003,3.173925e-001
2.900462e+003,2.266638e-001
2.904319e+003,9.866871e-002
2.908176e+003,-3.155656e-002
2.912033e+003,-1.529104e-001
2.915890e+003,-2.584168e-001
2.919747e+003,-3.448571e-001
2.923604e+003,-4.110168e-001
2.927461e+003,-4.555464e-001
2.931318e+003,-4.754772e-001
2.935175e+003,-4.592340e-001
2.939032e+003,-3.990363e-001
2.942889e+003,-2.936621e-001
2.946746e+003,-1.477536e-001
2.950603e+003,2.697057e-002
2.954460e+003,2.127064e-001
2.958317e+003,3.886343e-001
2.962174e+003,5.351567e-001
2.966031e+003,6.397361e-001
2.969888e+003,6.895806e-001
2.973745e+003,6.876353e-001
2.977602e+003,6.448426e-001
2.981459e+003,5.768276e-001
2.985316e+003,5.002438e-001
2.989173e+003,4.298117e-001
2.993030e+003,3.765954e-001
2.996887e+003,3.466544e-001
3.000744e+003,3.447168e-001
3.004601e+003,3.695306e-001
3.008458e+003,4.158626e-001
3.012315e+003,4.747029e-001
3.016172e+003,5.339184e-001
3.020029e+003,5.797949e-001
3.023886e+003,5.996170e-001
3.027743e+003,5.844339e-001
3.031600e+003,5.326949e-001
3.035457e+003,4.519585e-001
3.039314e+003,3.579800e-001
3.043171e+003,2.714261e-001
3.047028e+003,2.127474e-001
3.050885e+003,1.966706e-001
3.054742e+003,2.280419e-001
3.058599e+003,3.005030e-001
3.062456e+003,3.984489e-001
3.066313e+003,5.012201e-001
3.070170e+003,5.893372e-001
3.074027e+003,6.497149e-001
3.077884e+003,6.785011e-001
3.081741e+003,6.807770e-001
3.085598e+003,6.675140e-001
3.089455e+003,6.511829e-001
3.093312e+003,6.412684e-001
3.097169e+003,6.418250e-001
3.101026e+003,6.510825e-001
3.104883e+003,6.631562e-001
3.108740e+003,6.708320e-001
3.112597e+003,6.682510e-001
3.116454e+003,6.525841e-001
3.120311e+003,6.243135e-001
3.124168e+003,5.864483e-001
3.128025e+003,5.431874e-001
3.131882e+003,4.984471e-001
3.135739e+003,4.548731e-001
3.139596e+003,4.134557e-001
3.143453e+003,3.737305e-001
3.147310e+003,3.344707e-001
3.151167e+003,2.945905e-001
3.155024e+003,2.547839e-001
3.158881e+003,2.180411e-001
3.162738e+003,1.901263e-001
3.166594e+003,1.788294e-001
3.170452e+003,1.919858e-001
3.174309e+003,2.346246e-001
3.178166e+003,3.060935e-001
3.182023e+003,3.985011e-001
3.185880e+003,4.966008e-001
3.189737e+003,5.811141e-001
3.193594e+003,6.333725e-001
3.197451e+003,6.405233e-001
3.201308e+003,5.994028e-001
3.205165e+003,5.176665e-001
3.209021e+003,4.116975e-001
3.212879e+003,3.019020e-001
3.216736e+003,2.074362e-001
3.220593e+003,1.413302e-001
3.224449e+003,1.082635e-001
3.228307e+003,1.050828e-001
3.232164e+003,1.235424e-001
3.236021e+003,1.540075e-001
3.239877e+003,1.887270e-001
3.243735e+003,2.237358e-001
3.247592e+003,2.589015e-001
3.251448e+003,2.968308e-001
3.255305e+003,3.408489e-001
3.259163e+003,3.929838e-001
3.263020e+003,4.523967e-001
3.266876e+003,5.145656e-001
3.270734e+003,5.713629e-001
3.274591e+003,6.119391e-001
3.278448e+003,6.254110e-001
3.282304e+003,6.026133e-001
3.286162e+003,5.389746e-001
3.290019e+003,4.364584e-001
3.293875e+003,3.040675e-001
3.297732e+003,1.565511e-001
3.301590e+003,1.151834e-002
3.305447e+003,-1.139013e-001
3.309303e+003,-2.083299e-001
3.313160e+003,-2.650839e-001
3.317018e+003,-2.832920e-001
3.320875e+003,-2.666709e-001
3.324731e+003,-2.217625e-001
3.328588e+003,-1.564894e-001
3.332446e+003,-7.950033e-002
3.336302e+003,-6.589290e-003
3.340159e+003,6.065378e-002
3.344016e+003,1.137350e-001
3.347874e+003,1.457122e-001
3.351730e+003,1.533176e-001
3.355587e+003,1.386919e-001
3.359444e+003,1.096890e-001
3.363302e+003,7.812082e-002
3.367158e+003,6.225454e-002
3.371015e+003,6.444044e-002
3.374873e+003,8.522294e-002
3.378729e+003,1.189811e-001
3.382586e+003,1.551461e-001
3.386443e+003,1.811066e-001
3.390301e+003,1.858604e-001
3.394157e+003,1.631686e-001
3.398014e+003,1.209941e-001
3.401871e+003,5.861457e-002
3.405729e+003,-1.537883e-002
3.409585e+003,-9.161913e-002
3.413442e+003,-1.622302e-001
3.417299e+003,-2.221270e-001
3.421156e+003,-2.689872e-001
3.425013e+003,-3.020821e-001
3.428870e+003,-3.293719e-001
3.432727e+003,-3.344311e-001
3.436584e+003,-3.100832e-001
3.440441e+003,-2.487894e-001
3.444298e+003,-1.461916e-001
3.448155e+003,-4.794484e-003
3.452012e+003,1.638295e-001
3.455869e+003,3.395209e-001
3.459726e+003,5.047160e-001
3.463583e+003,6.208172e-001
3.467440e+003,6.671499e-001
3.471297e+003,6.377557e-001
3.475154e+003,5.432776e-001
3.479011e+003,4.080202e-001
3.482868e+003,2.630947e-001
3.486725e+003,1.378485e-001
3.490582e+003,5.029391e-002
3.494439e+003,9.591024e-003
3.498296e+003,7.258313e-003
3.502153e+003,2.410947e-002
3.506010e+003,3.714376e-002
3.509867e+003,2.695223e-002
3.513724e+003,-1.648062e-002
3.517581e+003,-9.100097e-002
3.521438e+003,-1.829149e-001
3.525295e+003,-2.708355e-001
3.529152e+003,-3.309208e-001
3.533009e+003,-3.427805e-001
3.536866e+003,-2.944182e-001
3.540723e+003,-1.852763e-001
3.544580e+003,-2.681437e-002
3.548437e+003,1.594566e-001
3.552294e+003,3.421894e-001
3.556151e+003,4.981493e-001
3.560008e+003,6.052755e-001
3.563865e+003,6.505967e-001
3.567722e+003,6.325427e-001
3.571579e+003,5.607130e-001
3.575436e+003,4.531745e-001
3.579293e+003,3.320038e-001
3.583150e+003,2.186140e-001
3.587007e+003,1.278543e-001
3.590864e+003,6.745322e-002
3.594721e+003,3.792321e-002
3.598578e+003,3.425064e-002
3.602435e+003,4.857489e-002
3.606292e+003,7.283601e-002
3.610149e+003,1.005443e-001
3.614006e+003,1.259003e-001
3.617863e+003,1.480329e-001
3.621720e+003,1.647694e-001
3.625577e+003,1.736926e-001
3.629434e+003,1.723284e-001
3.633291e+003,1.591899e-001
3.637148e+003,1.352213e-001
3.641005e+003,1.048778e-001
3.644862e+003,7.619473e-002
3.648719e+003,5.882142e-002
3.652576e+003,6.192234e-002
3.656433e+003,9.099592e-002
3.660290e+003,1.455053e-001
3.664147e+003,2.181301e-001
3.668004e+003,2.960803e-001
3.671861e+003,3.642304e-001
3.675718e+003,4.109563e-001
3.679575e+003,4.253428e-001
3.683432e+003,4.066193e-001
3.687289e+003,3.616923e-001
3.691146e+003,3.026727e-001
3.695003e+003,2.429726e-001
3.698860e+003,1.933164e-001
3.702717e+003,1.589937e-001
3.706574e+003,1.382446e-001
3.710431e+003,1.260065e-001
3.714288e+003,1.150504e-001
3.718145e+003,1.001762e-001
3.722002e+003,8.081771e-002
3.725859e+003,6.167392e-002
3.729716e+003,5.112975e-002
3.733573e+003,5.805239e-002
3.737430e+003,8.665954e-002
3.741287e+003,1.383571e-001
3.745144e+003,2.054999e-001
3.749001e+003,2.747720e-001
3.752858e+003,3.308657e-001
3.756715e+003,3.610750e-001
3.760572e+003,3.592583e-001
3.764429e+003,3.278050e-001
3.768286e+003,2.752613e-001
3.772143e+003,2.180735e-001
3.776000e+003,1.710631e-001
3.779857e+003,1.442088e-001
3.783714e+003,1.398861e-001
3.787571e+003,1.529532e-001
3.791428e+003,1.735941e-001
3.795285e+003,1.918182e-001
3.799142e+003,2.017811e-001
3.802999e+003,2.046881e-001
3.806856e+003,2.081633e-001
3.810713e+003,2.233735e-001
3.814570e+003,2.603420e-001
3.818427e+003,3.234123e-001
3.822284e+003,4.085629e-001
3.826141e+003,5.035562e-001
3.829998e+003,5.907854e-001
3.833855e+003,6.519986e-001
3.837712e+003,6.728150e-001
3.841569e+003,6.461055e-001
3.845426e+003,5.731278e-001
3.849283e+003,4.624805e-001
3.853140e+003,3.275739e-001
3.856997e+003,1.836555e-001
3.860854e+003,4.577194e-002
3.864711e+003,-7.456037e-002
3.868568e+003,-1.681262e-001
3.872425e+003,-2.286810e-001
3.876282e+003,-2.529685e-001
3.880139e+003,-2.409168e-001
3.883996e+003,-1.959746e-001
3.887853e+003,-1.253050e-001
3.891710e+003,-4.143928e-002
3.895567e+003,4.502700e-002
3.899424e+003,1.213267e-001
3.903281e+003,1.764156e-001
3.907138e+003,2.031036e-001
3.910995e+003,1.995199e-001
3.914852e+003,1.693954e-001
3.918709e+003,1.209785e-001
3.922566e+003,6.588489e-002
3.926423e+003,1.272368e-002
3.930280e+003,-3.213830e-002
3.934137e+003,-6.628338e-002
3.937994e+003,-9.106457e-002
3.941851e+003,-1.100744e-001
3.945708e+003,-1.268437e-001
3.949565e+003,-1.426971e-001
3.953422e+003,-1.566864e-001
3.957279e+003,-1.632734e-001
3.961136e+003,-1.569892e-001
3.964993e+003,-1.339234e-001
3.968850e+003,-9.365458e-002
3.972707e+003,-3.997565e-002
3.976564e+003,1.998814e-002
3.980421e+003,7.801667e-002
3.984278e+003,1.292439e-001
3.988135e+003,1.702815e-001
3.991992e+003,2.017272e-001
3.995849e+003,2.270249e-001
3.999706e+003,2.503516e-001
4.003563e+003,2.741879e-001
4.007420e+003,2.975951e-001
4.011277e+003,3.160064e-001
4.015134e+003,3.218971e-001
4.018991e+003,3.093774e-001
4.022848e+003,2.756022e-001
4.026705e+003,2.236520e-001
4.030562e+003,1.624985e-001
4.034419e+003,1.047447e-001
4.038276e+003,6.297719e-002
4.042133e+003,4.610036e-002
4.045990e+003,5.880471e-002
4.049847e+003,9.871952e-002
4.053704e+003,1.572314e-001
4.057561e+003,2.240575e-001
4.061418e+003,2.903025e-001
4.065275e+003,3.498189e-001
4.069132e+003,3.985475e-001
4.072989e+003,4.326162e-001
4.076846e+003,4.464398e-001
4.080703e+003,4.307805e-001
4.084560e+003,3.785808e-001
4.088417e+003,2.870001e-001
4.092274e+003,1.607092e-001
4.096131e+003,1.298220e-002
4.099988e+003,-1.364096e-001
4.103845e+003,-2.660636e-001
4.107702e+003,-3.604038e-001
4.111559e+003,-4.080512e-001
4.115416e+003,-4.112495e-001
4.119273e+003,-3.811757e-001
4.123130e+003,-3.333204e-001
4.126987e+003,-2.823340e-001
4.130844e+003,-2.383445e-001
4.134701e+003,-2.057866e-001
4.138558e+003,-1.844404e-001
4.142415e+003,-1.718048e-001
4.146271e+003,-1.643888e-001
4.150129e+003,-1.587116e-001
4.153986e+003,-1.511745e-001
4.157843e+003,-1.378668e-001
4.161700e+003,-1.151083e-001
4.165557e+003,-8.086871e-002
4.169414e+003,-3.605929e-002
4.173271e+003,1.412008e-002
4.177128e+003,6.199107e-002
4.180985e+003,1.001304e-001
4.184842e+003,1.246220e-001
4.188699e+003,1.369458e-001
4.192556e+003,1.432567e-001
4.196413e+003,1.511087e-001
4.200270e+003,1.651537e-001
4.204126e+003,1.837988e-001
4.207984e+003,1.992178e-001
4.211841e+003,2.005894e-001
4.215698e+003,1.794553e-001
4.219555e+003,1.345802e-001
4.223412e+003,7.388927e-002
4.227269e+003,1.243028e-002
4.231125e+003,-3.272483e-002
4.234982e+003,-4.824176e-002
4.238840e+003,-2.829225e-002
4.242697e+003,2.516711e-002
4.246554e+003,1.052278e-001
4.250411e+003,2.039950e-001
4.254268e+003,3.152523e-001
4.258125e+003,4.343715e-001
4.261981e+003,5.553748e-001
4.265839e+003,6.695417e-001
4.269696e+003,7.628264e-001
4.273553e+003,8.187776e-001
4.277410e+003,8.238021e-001
4.281267e+003,7.729751e-001
4.285124e+003,6.734107e-001
4.288980e+003,5.431556e-001
4.292837e+003,4.082683e-001
4.296695e+003,2.868837e-001
4.300552e+003,1.911272e-001
4.304409e+003,1.225167e-001
4.308266e+003,7.435215e-002
4.312123e+003,3.727286e-002
4.315979e+003,5.004348e-003
4.319836e+003,-2.261266e-002
4.323693e+003,-4.155828e-002
4.327551e+003,-4.716568e-002
4.331408e+003,-3.702417e-002
4.335265e+003,-1.472836e-002
4.339122e+003,1.091484e-002
4.342979e+003,2.959984e-002
4.346835e+003,3.421478e-002
4.350692e+003,2.404282e-002
4.354550e+003,-4.400842e-003
4.358407e+003,-3.357820e-002
4.362264e+003,-5.778073e-002
4.366121e+003,-7.474614e-002
4.369978e+003,-8.644160e-002
4.373834e+003,-9.777909e-002
4.377691e+003,-1.137766e-001
4.381548e+003,-1.364152e-001
4.385406e+003,-1.675755e-001
4.389263e+003,-1.940741e-001
4.393120e+003,-2.062283e-001
4.396977e+003,-1.954178e-001
4.400833e+003,-1.574045e-001
4.404690e+003,-9.452087e-002
4.408547e+003,-1.586423e-002
4.412404e+003,6.468923e-002
4.416262e+003,1.269227e-001
4.420119e+003,1.520066e-001
4.423976e+003,1.382068e-001
4.427833e+003,9.669998e-002
4.431689e+003,4.769163e-002
4.435546e+003,1.329438e-002
4.439403e+003,1.004672e-002
4.443260e+003,4.394651e-002
4.447118e+003,1.136694e-001
4.450975e+003,2.044566e-001
4.454832e+003,2.970290e-001
4.458688e+003,3.749822e-001
4.462545e+003,4.284185e-001
4.466402e+003,4.540007e-001
4.470259e+003,4.525532e-001
4.474117e+003,4.263722e-001
4.477974e+003,3.771738e-001
4.481831e+003,3.095559e-001
4.485688e+003,2.317223e-001
4.489544e+003,1.566954e-001
4.493401e+003,1.008201e-001
4.497258e+003,7.942998e-002
4.501115e+003,1.012335e-001
4.504973e+003,1.639945e-001
4.508830e+003,2.547338e-001
4.512687e+003,3.506358e-001
4.516543e+003,4.282395e-001
4.520400e+003,4.703594e-001
4.524257e+003,4.710289e-001
4.528114e+003,4.361068e-001
4.531971e+003,3.796857e-001
4.535829e+003,3.182040e-001
4.539686e+003,2.649083e-001
4.543542e+003,2.269227e-001
4.547399e+003,2.053012e-001
4.551256e+003,1.974432e-001
4.555113e+003,1.999877e-001
4.558970e+003,2.105142e-001
4.562828e+003,2.273931e-001
4.566685e+003,2.483293e-001
4.570542e+003,2.689289e-001
4.574398e+003,2.825335e-001
4.578255e+003,2.817669e-001
4.582112e+003,2.612282e-001
4.585969e+003,2.200215e-001
4.589826e+003,1.628262e-001
4.593684e+003,9.888440e-002
4.597541e+003,3.925917e-002
4.601397e+003,-6.372828e-003
4.605254e+003,-3.274340e-002
4.609111e+003,-3.940000e-002
4.612968e+003,-2.993485e-002
4.616826e+003,-9.847524e-003
4.620683e+003,1.576916e-002
4.624540e+003,4.377153e-002
4.628396e+003,7.323127e-002
4.632253e+003,1.045671e-001
4.636110e+003,1.378172e-001
4.639967e+003,1.714351e-001
4.643824e+003,2.016366e-001
4.647682e+003,2.229883e-001
4.651539e+003,2.301120e-001
4.655396e+003,2.200344e-001
4.659252e+003,1.943827e-001
4.663109e+003,1.602926e-001
4.666966e+003,1.301218e-001
4.670823e+003,1.184804e-001
4.674681e+003,1.380637e-001
4.678538e+003,1.950690e-001
4.682395e+003,2.858871e-001
4.686251e+003,3.965282e-001
4.690108e+003,5.054645e-001
4.693965e+003,5.886838e-001
4.697822e+003,6.291969e-001
4.701679e+003,6.193177e-001
4.705537e+003,5.640317e-001
4.709394e+003,4.791136e-001
4.713250e+003,3.857479e-001
4.717107e+003,3.036563e-001
4.720964e+003,2.453368e-001
4.724821e+003,2.144955e-001
4.728678e+003,2.041866e-001
4.732535e+003,2.046519e-001
4.736393e+003,2.073230e-001
4.740250e+003,2.085217e-001
4.744106e+003,2.101915e-001
4.747963e+003,2.175707e-001
4.751820e+003,2.351392e-001
4.755677e+003,2.624760e-001
4.759534e+003,2.937520e-001
4.763392e+003,3.188469e-001
4.767249e+003,3.269978e-001
4.771105e+003,3.112095e-001
4.774962e+003,2.714065e-001
4.778819e+003,2.149236e-001
4.782676e+003,1.540856e-001
4.786533e+003,1.013970e-001
4.790390e+003,6.602506e-002
4.794248e+003,5.005966e-002
4.798104e+003,4.854693e-002
4.801961e+003,5.172002e-002
4.805818e+003,4.885735e-002
4.809675e+003,3.227771e-002
4.813532e+003,3.984105e-005
4.817389e+003,-4.368861e-002
4.821246e+003,-9.000355e-002
4.825104e+003,-1.289317e-001
4.828960e+003,-1.519993e-001
4.832817e+003,-1.543580e-001
4.836674e+003,-1.353677e-001
4.840531e+003,-9.765337e-002
4.844388e+003,-4.523458e-002
4.848245e+003,1.618071e-002
4.852103e+003,8.684759e-002
4.855959e+003,1.658259e-001
4.859816e+003,2.514377e-001
4.863673e+003,3.393236e-001
4.867530e+003,4.211868e-001
4.871387e+003,4.851190e-001
4.875244e+003,5.178723e-001
4.879101e+003,5.104059e-001
4.882958e+003,4.575664e-001
4.886815e+003,3.641102e-001
4.890672e+003,2.445686e-001
4.894529e+003,1.208839e-001
4.898386e+003,1.753138e-002
4.902243e+003,-4.455622e-002
4.906100e+003,-5.340832e-002
4.909957e+003,-7.981956e-003
4.913814e+003,8.014598e-002
4.917671e+003,1.899542e-001
4.921528e+003,2.974955e-001
4.925385e+003,3.819579e-001
4.929242e+003,4.301917e-001
4.933099e+003,4.385479e-001
4.936956e+003,4.119322e-001
4.940813e+003,3.618691e-001
4.944670e+003,2.987026e-001
4.948527e+003,2.343756e-001
4.952384e+003,1.778160e-001
4.956241e+003,1.344005e-001
4.960098e+003,1.064000e-001
4.963955e+003,9.374013e-002
4.967812e+003,9.465220e-002
4.971669e+003,1.059622e-001
4.975526e+003,1.240566e-001
4.979383e+003,1.452592e-001
4.983240e+003,1.671132e-001
4.987097e+003,1.892999e-001
4.990954e+003,2.137805e-001
4.994811e+003,2.437815e-001
4.998668e+003,2.817833e-001
5.002525e+003,3.269294e-001
5.006382e+003,3.742955e-001
5.010239e+003,4.143758e-001
5.014096e+003,4.356921e-001
5.017953e+003,4.284242e-001
5.021810e+003,3.879547e-001
5.025667e+003,3.168572e-001
5.029524e+003,2.244559e-001
5.033381e+003,1.224156e-001
5.037238e+003,2.602302e-002
5.041095e+003,-5.447767e-002
5.044952e+003,-1.142606e-001
5.048809e+003,-1.535639e-001
5.052666e+003,-1.756151e-001
5.056523e+003,-1.840484e-001
5.060380e+003,-1.810847e-001
5.064237e+003,-1.673058e-001
5.068094e+003,-1.419748e-001
5.071951e+003,-1.053474e-001
5.075808e+003,-5.928810e-002
5.079665e+003,-7.199802e-003
5.083522e+003,4.699850e-002
5.087379e+003,1.001528e-001
5.091236e+003,1.505773e-001
5.095093e+003,1.978440e-001
5.098950e+003,2.411473e-001
5.102807e+003,2.783477e-001
5.106664e+003,3.051830e-001
5.110521e+003,3.158755e-001
5.114378e+003,3.048886e-001
5.118235e+003,2.691450e-001
5.122092e+003,2.097722e-001
5.125949e+003,1.326113e-001
5.129806e+003,4.768521e-002
5.133663e+003,-3.276509e-002
5.137520e+003,-9.636943e-002
5.141377e+003,-1.326080e-001
5.145234e+003,-1.343993e-001
5.149091e+003,-9.931108e-002
5.152948e+003,-3.045520e-002
5.156805e+003,6.290193e-002
5.160662e+003,1.666133e-001
5.164519e+003,2.629642e-001
5.168376e+003,3.343001e-001
5.172233e+003,3.673598e-001
5.176090e+003,3.572054e-001
5.179947e+003,3.091976e-001
5.183804e+003,2.379117e-001
5.187661e+003,1.646032e-001
5.191518e+003,1.060291e-001
5.195375e+003,7.357645e-002
5.199232e+003,6.896980e-002
5.203089e+003,8.468555e-002
5.206946e+003,1.077514e-001
5.210803e+003,1.253668e-001
5.214660e+003,1.300211e-001
5.218517e+003,1.292296e-001
5.222374e+003,9.762184e-002
5.226231e+003,3.958132e-002
5.230088e+003,-3.605786e-002
5.233945e+003,-1.172297e-001
5.237802e+003,-1.905187e-001
5.241659e+003,-2.433928e-001
5.245516e+003,-2.664105e-001
5.249373e+003,-2.483861e-001
5.253230e+003,-2.136998e-001
5.257087e+003,-1.710802e-001
5.260944e+003,-1.297474e-001
5.264801e+003,-9.755123e-002
5.268658e+003,-7.964814e-002
5.272515e+003,-7.788395e-002
5.276372e+003,-9.087484e-002
5.280229e+003,-1.365035e-001
5.284086e+003,-1.744242e-001
5.287943e+003,-1.910467e-001
5.291800e+003,-1.775883e-001
5.295657e+003,-1.321968e-001
5.299514e+003,-6.043058e-002
5.303371e+003,2.600878e-002
5.307228e+003,1.120208e-001
5.311085e+003,1.840494e-001
5.314942e+003,2.291124e-001
5.318799e+003,2.421132e-001
5.322656e+003,2.252578e-001
5.326513e+003,1.869282e-001
5.330370e+003,1.390937e-001
5.334227e+003,9.423818e-002
5.338084e+003,6.284189e-002
5.341941e+003,5.225169e-002
5.345798e+003,6.620786e-002
5.349655e+003,1.057378e-001
5.353512e+003,1.695350e-001
5.357369e+003,2.537825e-001
5.361226e+003,3.514055e-001
5.365083e+003,4.514432e-001
5.368940e+003,5.394605e-001
5.372797e+003,5.995700e-001
5.376654e+003,6.181159e-001
5.380511e+003,5.875403e-001
5.384368e+003,5.094891e-001
5.388225e+003,3.955643e-001
5.392082e+003,2.652583e-001
5.395939e+003,1.416040e-001
5.399796e+003,4.595753e-002
5.403653e+003,-6.465910e-003
5.407510e+003,-9.007402e-003
5.411367e+003,3.663445e-002
5.415224e+003,1.220877e-001
5.419081e+003,2.347507e-001
5.422938e+003,3.599001e-001
5.426795e+003,4.820380e-001
5.430652e+003,5.857449e-001
5.434509e+003,6.565756e-001
5.438366e+003,6.834962e-001
5.442223e+003,6.604283e-001
5.446080e+003,5.890523e-001
5.449937e+003,4.801386e-001
5.453794e+003,3.527128e-001
5.457651e+003,2.307241e-001
5.461508e+003,1.378238e-001
5.465365e+003,9.189448e-002
5.469222e+003,9.982429e-002
5.473079e+003,1.570105e-001
5.476936e+003,2.484853e-001
5.480793e+003,3.531151e-001
5.484650e+003,4.491286e-001
5.488507e+003,5.193100e-001
5.492364e+003,5.544482e-001
5.496221e+003,5.542768e-001
5.500078e+003,5.260859e-001
5.503935e+003,4.812923e-001
5.507792e+003,4.318839e-001
5.511649e+003,3.873271e-001
5.515506e+003,3.528491e-001
5.519363e+003,3.293774e-001
5.523220e+003,3.148691e-001
5.527077e+003,3.064256e-001
5.530934e+003,3.019511e-001
5.534791e+003,3.013536e-001
5.538648e+003,3.061718e-001
5.542505e+003,3.181610e-001
5.546362e+003,3.373885e-001
5.550219e+003,3.607456e-001
5.554076e+003,3.816561e-001
5.557933e+003,3.913566e-001
5.561790e+003,3.814199e-001
5.565647e+003,3.467459e-001
5.569504e+003,2.878547e-001
5.573361e+003,2.116075e-001
5.577218e+003,1.299842e-001
5.581075e+003,5.727624e-002
5.584932e+003,6.584460e-003
5.588789e+003,-1.323194e-002
5.592646e+003,4.567467e-004
5.596503e+003,4.367446e-002
5.600360e+003,1.069066e-001
5.604217e+003,1.770056e-001
5.608074e+003,2.394521e-001
5.611931e+003,2.806664e-001
5.615788e+003,2.902597e-001
5.619645e+003,2.629943e-001
5.623501e+003,2.006800e-001
5.627359e+003,1.130084e-001
5.631216e+003,1.650021e-002
5.635073e+003,-6.841628e-002
5.638930e+003,-1.220124e-001
5.642787e+003,-1.304379e-001
5.646644e+003,-8.982027e-002
5.650500e+003,-7.379392e-003
5.654358e+003,9.973525e-002
5.658215e+003,2.100827e-001
5.662072e+003,3.045007e-001
5.665929e+003,3.717674e-001
5.669786e+003,4.112492e-001
5.673643e+003,4.316072e-001
5.677500e+003,4.461976e-001
5.681356e+003,4.668983e-001
5.685214e+003,4.997734e-001
5.689071e+003,5.424222e-001
5.692928e+003,5.856023e-001
5.696785e+003,6.173592e-001
5.700642e+003,6.278811e-001
5.704499e+003,6.130469e-001
5.708355e+003,5.754163e-001
5.712212e+003,5.224805e-001
5.716070e+003,4.641006e-001
5.719927e+003,4.087487e-001
5.723784e+003,3.617390e-001
5.727641e+003,3.249303e-001
5.731498e+003,2.976438e-001
5.735354e+003,2.779261e-001
5.739211e+003,2.633769e-001
5.743069e+003,2.513770e-001
5.746926e+003,2.387268e-001
5.750783e+003,2.220826e-001
5.754640e+003,1.987067e-001
5.758497e+003,1.677507e-001
5.762354e+003,1.312576e-001
5.766210e+003,9.404974e-002
5.770067e+003,6.211820e-002
5.773925e+003,3.996048e-002
5.777782e+003,2.789662e-002
5.781639e+003,2.105970e-002
5.785496e+003,1.066626e-002
5.789353e+003,-1.245238e-002
5.793209e+003,-5.339054e-002
5.797066e+003,-1.097216e-001
5.800923e+003,-1.707964e-001
5.804781e+003,-2.202047e-001
5.808638e+003,-2.419504e-001
5.812495e+003,-2.252379e-001
5.816352e+003,-1.688872e-001
5.820208e+003,-8.197703e-002
5.824065e+003,1.917179e-002
5.827922e+003,1.164434e-001
5.831779e+003,1.955521e-001
5.835637e+003,2.494452e-001
5.839494e+003,2.796142e-001
5.843351e+003,2.924933e-001
5.847208e+003,2.957779e-001
5.851064e+003,2.947853e-001
5.854921e+003,2.907313e-001
5.858778e+003,2.813659e-001
5.862636e+003,2.632733e-001
5.866493e+003,2.343081e-001
5.870350e+003,1.955470e-001
5.874207e+003,1.507063e-001
5.878063e+003,1.048755e-001
5.881920e+003,6.275737e-002
5.885777e+003,2.761829e-002
5.889634e+003,1.429154e-003
5.893492e+003,-1.410654e-002
5.897349e+003,-1.734636e-002
5.901206e+003,-4.510954e-003
5.905063e+003,2.717935e-002
5.908919e+003,7.792597e-002
5.912776e+003,1.434998e-001
5.916633e+003,2.148891e-001
5.920490e+003,2.800965e-001
5.924348e+003,3.277411e-001
5.928205e+003,3.503838e-001
5.932062e+003,3.498701e-001
5.935918e+003,3.345436e-001
5.939775e+003,3.177616e-001
5.943632e+003,3.134642e-001
5.947489e+003,3.315947e-001
5.951347e+003,3.751441e-001
5.955204e+003,4.398117e-001
5.959061e+003,5.158002e-001
5.962917e+003,5.923200e-001
5.966774e+003,6.593504e-001
5.970631e+003,7.094693e-001
5.974488e+003,7.376021e-001
5.978345e+003,7.398218e-001
5.982203e+003,7.124721e-001
5.986060e+003,6.526009e-001
5.989917e+003,5.608531e-001
5.993773e+003,4.409916e-001
5.997630e+003,3.039990e-001
6.001487e+003,1.667027e-001
6.005344e+003,4.853784e-002
6.009201e+003,-3.348449e-002
6.013059e+003,-6.981848e-002
6.016916e+003,-6.150360e-002
6.020772e+003,-2.035633e-002
6.024629e+003,3.540201e-002
6.028486e+003,8.594760e-002
6.032343e+003,1.151983e-001
6.036200e+003,1.144113e-001
6.040058e+003,8.311294e-002
6.043915e+003,2.758340e-002
6.047771e+003,-4.196680e-002
6.051628e+003,-1.135277e-001
6.055485e+003,-1.768814e-001
6.059342e+003,-2.225117e-001
6.063199e+003,-2.422099e-001
6.067056e+003,-2.295730e-001
6.070914e+003,-1.813180e-001
6.074771e+003,-9.908988e-002
6.078627e+003,9.195885e-003
6.082484e+003,1.295722e-001
6.086341e+003,2.445011e-001
6.090198e+003,3.369912e-001
6.094055e+003,3.951788e-001
6.097912e+003,4.155793e-001
6.101770e+003,4.036001e-001
6.105626e+003,3.709547e-001
6.109483e+003,3.309091e-001
6.113340e+003,2.927393e-001
6.117197e+003,2.599643e-001
6.121054e+003,2.285627e-001
6.124911e+003,1.903709e-001
6.128768e+003,1.378999e-001
6.132625e+003,6.901064e-002
6.136482e+003,-1.049353e-002
6.140339e+003,-8.743459e-002
6.144196e+003,-1.447161e-001
6.148053e+003,-1.658215e-001
6.151910e+003,-1.417532e-001
6.155767e+003,-7.366561e-002
6.159625e+003,2.675290e-002
6.163481e+003,1.398850e-001
6.167338e+003,2.429100e-001
6.171195e+003,3.152817e-001
6.175052e+003,3.453477e-001
6.178909e+003,3.262407e-001
6.182766e+003,2.649840e-001
6.186623e+003,1.771652e-001
6.190480e+003,8.255941e-002
6.194337e+003,-1.439620e-004
6.198194e+003,-5.804865e-002
6.202051e+003,-8.681227e-002
6.205908e+003,-9.128710e-002
6.209765e+003,-8.113359e-002
6.213622e+003,-6.832188e-002
6.217479e+003,-6.172418e-002
6.221336e+003,-6.426705e-002
6.225193e+003,-7.293023e-002
6.229050e+003,-8.135501e-002
6.232907e+003,-8.360715e-002
6.236764e+003,-7.946361e-002
6.240621e+003,-6.726002e-002
6.244478e+003,-5.097102e-002
6.248335e+003,-3.368137e-002
6.252192e+003,-1.490360e-002
6.256049e+003,9.400713e-003
6.259906e+003,4.375473e-002
6.263763e+003,8.865505e-002
6.267620e+003,1.390999e-001
6.271477e+003,1.749616e-001
6.275334e+003,1.770281e-001
6.279191e+003,1.352052e-001
6.283048e+003,5.574975e-002
6.286905e+003,-3.924467e-002
6.290762e+003,-1.208531e-001
6.294619e+003,-1.665823e-001
6.298476e+003,-1.723340e-001
6.302333e+003,-1.451977e-001
6.306190e+003,-1.134588e-001
6.310047e+003,-1.000734e-001
6.313904e+003,-1.091761e-001
6.317761e+003,-1.259383e-001
6.321618e+003,-1.296734e-001
6.325475e+003,-1.111306e-001
6.329332e+003,-8.589921e-002
6.333189e+003,-7.102764e-002
6.337046e+003,-8.745177e-002
6.340903e+003,-1.430393e-001
6.344760e+003,-2.249109e-001
6.348617e+003,-3.017866e-001
6.352474e+003,-3.357362e-001
6.356331e+003,-2.979565e-001
6.360188e+003,-1.917062e-001
6.364045e+003,-2.823377e-002
6.367902e+003,1.625544e-001
6.371759e+003,3.446469e-001
6.375616e+003,4.860930e-001
6.379473e+003,5.658811e-001
6.383330e+003,5.758861e-001
6.387187e+003,5.188008e-001
6.391044e+003,4.097188e-001
6.394901e+003,2.596790e-001
6.398758e+003,8.510286e-002
6.402615e+003,-9.412059e-002
6.406472e+003,-2.550921e-001
6.410329e+003,-3.744913e-001
6.414186e+003,-4.333190e-001
6.418043e+003,-4.222724e-001
6.421900e+003,-3.455800e-001
6.425757e+003,-2.210782e-001
6.429614e+003,-7.453450e-002
6.433471e+003,6.636121e-002
6.437328e+003,1.793273e-001
6.441185e+003,2.526875e-001
6.445042e+003,2.868468e-001
6.448899e+003,2.919455e-001
6.452756e+003,2.830892e-001
6.456613e+003,2.744517e-001
6.460470e+003,2.752120e-001
6.464327e+003,2.874342e-001
6.468184e+003,3.063588e-001
6.472041e+003,3.226577e-001
6.475898e+003,3.258992e-001
6.479755e+003,3.083578e-001
6.483612e+003,2.682589e-001
6.487469e+003,2.115773e-001
6.491326e+003,1.516257e-001
6.495183e+003,1.061261e-001
6.499040e+003,9.221484e-002
6.502897e+003,1.207106e-001
6.506754e+003,1.916037e-001
6.510611e+003,2.926179e-001
6.514468e+003,4.016718e-001
6.518325e+003,4.935181e-001
6.522182e+003,5.469393e-001
6.526039e+003,5.514450e-001
6.529896e+003,5.103124e-001
6.533753e+003,4.390492e-001
6.537610e+003,3.599727e-001
6.541467e+003,2.949921e-001
6.545324e+003,2.591874e-001
6.549181e+003,2.571362e-001
6.553038e+003,2.828044e-001
6.556895e+003,3.223054e-001
6.560752e+003,3.581967e-001
6.564609e+003,3.738817e-001
6.568466e+003,3.572457e-001
6.572323e+003,3.032158e-001
6.576180e+003,2.152346e-001
6.580037e+003,1.056599e-001
6.583894e+003,-5.670525e-003
6.587751e+003,-9.490001e-002
6.591608e+003,-1.397190e-001
6.595465e+003,-1.259988e-001
6.599322e+003,-5.347650e-002
6.603179e+003,6.182845e-002
6.607036e+003,1.901700e-001
6.610893e+003,2.952026e-001
6.614750e+003,3.444783e-001
6.618607e+003,3.191542e-001
6.622464e+003,2.197710e-001
6.626321e+003,6.591460e-002
6.630178e+003,-1.100728e-001
6.634035e+003,-2.729516e-001
6.637892e+003,-3.945430e-001
6.641749e+003,-4.596137e-001
6.645606e+003,-4.679288e-001
6.649463e+003,-4.307208e-001
6.653320e+003,-3.647839e-001
6.657177e+003,-2.866656e-001
6.661034e+003,-2.089644e-001
6.664891e+003,-1.393544e-001
6.668748e+003,-8.141756e-002
6.672605e+003,-3.656986e-002
6.676462e+003,-4.300177e-003
6.680319e+003,1.805037e-002
6.684176e+003,3.617374e-002
6.688033e+003,5.908130e-002
6.691890e+003,9.790963e-002
6.695747e+003,1.631003e-001
6.699604e+003,2.610972e-001
6.703461e+003,3.901256e-001
6.707318e+003,5.395777e-001
6.711175e+003,6.908658e-001
6.715032e+003,8.209690e-001
6.718889e+003,9.075443e-001
6.722746e+003,9.342723e-001
6.726603e+003,8.950303e-001
6.730460e+003,7.953382e-001
6.734317e+003,6.525860e-001
6.738174e+003,4.917362e-001
6.742031e+003,3.396586e-001
6.745888e+003,2.188768e-001
6.749745e+003,1.424639e-001
6.753602e+003,1.116508e-001
6.757459e+003,1.169275e-001
6.761316e+003,1.423254e-001
6.765173e+003,1.715699e-001
6.769030e+003,1.932467e-001
6.772887e+003,2.040868e-001
6.776744e+003,2.082291e-001
6.780601e+003,2.132039e-001
6.784458e+003,2.245363e-001
6.788315e+003,2.414728e-001
6.792172e+003,2.554298e-001
6.796029e+003,2.535757e-001
6.799886e+003,2.236112e-001
6.803743e+003,1.598253e-001
6.807600e+003,6.672452e-002
6.811457e+003,-4.118812e-002
6.815314e+003,-1.434118e-001
6.819171e+003,-2.196645e-001
6.823028e+003,-2.565849e-001
6.826885e+003,-2.484141e-001
6.830742e+003,-2.023099e-001
6.834599e+003,-1.338750e-001
6.838456e+003,-6.237173e-002
6.842313e+003,-5.436871e-003
6.846170e+003,2.535279e-002
6.850027e+003,2.715504e-002
6.853884e+003,7.135903e-003
6.857741e+003,-2.152039e-002
6.861598e+003,-4.108682e-002
6.865455e+003,-3.633809e-002
6.869312e+003,-4.253946e-004
6.873169e+003,6.131295e-002
6.877026e+003,1.315247e-001
6.880883e+003,1.857250e-001
6.884740e+003,2.016871e-001
6.888597e+003,1.638883e-001
6.892454e+003,7.762350e-002
6.896311e+003,-3.367713e-002
6.900167e+003,-1.359037e-001
6.904025e+003,-1.965778e-001
6.907882e+003,-1.970672e-001
6.911739e+003,-1.395535e-001
6.915596e+003,-4.456351e-002
6.919453e+003,5.436525e-002
6.923310e+003,1.267496e-001
6.927167e+003,1.562998e-001
6.931024e+003,1.459059e-001
6.934881e+003,1.143508e-001
6.938738e+003,8.686938e-002
6.942595e+003,8.407833e-002
6.946452e+003,1.138439e-001
6.950309e+003,1.694894e-001
6.954166e+003,2.341876e-001
6.958022e+003,2.879009e-001
6.961880e+003,3.147664e-001
6.965737e+003,3.080707e-001
6.969594e+003,2.716504e-001
6.973451e+003,2.179462e-001
6.977308e+003,1.636662e-001
6.981165e+003,1.240119e-001
6.985021e+003,1.093334e-001
6.988878e+003,1.215845e-001
6.992736e+003,1.530259e-001
6.996593e+003,1.876462e-001
7.000450e+003,2.054256e-001
7.004307e+003,1.885635e-001
7.008164e+003,1.287608e-001
7.012021e+003,2.981949e-002
7.015877e+003,-9.375320e-002
7.019735e+003,-2.200188e-001
7.023592e+003,-3.264203e-001
7.027449e+003,-3.966782e-001
7.031306e+003,-4.250603e-001
7.035163e+003,-4.164404e-001
7.039020e+003,-3.827950e-001
7.042876e+003,-3.368307e-001
7.046733e+003,-2.870089e-001
7.050591e+003,-2.360056e-001
7.054448e+003,-1.819266e-001
7.058305e+003,-1.215715e-001
7.062162e+003,-5.375348e-002
7.066019e+003,1.911362e-002
7.069875e+003,9.132056e-002
7.073732e+003,1.579809e-001
7.077589e+003,2.156879e-001
7.081447e+003,2.641398e-001
7.085304e+003,3.052597e-001
7.089161e+003,3.409908e-001
7.093018e+003,3.711205e-001
7.096875e+003,3.924560e-001
7.100731e+003,4.002320e-001
7.104588e+003,3.897955e-001
7.108445e+003,3.596762e-001
7.112303e+003,3.128603e-001
7.116160e+003,2.563883e-001
7.120017e+003,1.993712e-001
7.123874e+003,1.503219e-001
7.127730e+003,1.148998e-001
7.131587e+003,9.463703e-002
7.135444e+003,8.722605e-002
7.139302e+003,8.779354e-002
7.143159e+003,8.996788e-002
7.147016e+003,8.718366e-002
7.150873e+003,7.399803e-002
7.154729e+003,4.750081e-002
7.158586e+003,8.709727e-003
7.162443e+003,-3.673751e-002
7.166300e+003,-7.844244e-002
7.170158e+003,-1.037621e-001
7.174015e+003,-1.010651e-001
7.177872e+003,-6.388710e-002
7.181729e+003,5.776159e-003
7.185585e+003,9.654213e-002
7.189442e+003,1.898706e-001
7.193299e+003,2.646499e-001
7.197156e+003,3.054105e-001
7.201014e+003,3.044510e-001
7.204871e+003,2.650453e-001
7.208728e+003,2.002060e-001
7.212584e+003,1.285216e-001
7.216441e+003,6.864289e-002
7.220298e+003,3.434126e-002
7.224155e+003,3.232126e-002
7.228013e+003,5.917700e-002
7.231870e+003,1.068348e-001
7.235727e+003,1.641751e-001
7.239583e+003,2.199318e-001
7.243440e+003,2.649067e-001
7.247297e+003,2.933061e-001
7.251154e+003,3.033445e-001
7.255011e+003,2.966342e-001
7.258869e+003,2.793728e-001
7.262726e+003,2.596068e-001
7.266583e+003,2.458442e-001
7.270439e+003,2.446670e-001
7.274296e+003,2.584308e-001
7.278153e+003,2.839034e-001
7.282010e+003,3.125535e-001
7.285867e+003,3.319128e-001
7.289725e+003,3.316745e-001
7.293582e+003,3.043946e-001
7.297438e+003,2.488980e-001
7.301295e+003,1.708124e-001
7.305152e+003,8.100802e-002
7.309009e+003,-7.398754e-003
7.312866e+003,-8.233948e-002
7.316724e+003,-1.352689e-001
7.320581e+003,-1.621429e-001
7.324438e+003,-1.630670e-001
7.328294e+003,-1.411172e-001
7.332151e+003,-1.011686e-001
7.336008e+003,-4.923235e-002
7.339865e+003,7.709019e-003
7.343722e+003,6.181451e-002
7.347580e+003,1.047812e-001
7.351437e+003,1.296301e-001
7.355293e+003,1.325669e-001
7.359150e+003,1.146743e-001
7.363007e+003,8.242546e-002
7.366864e+003,4.643853e-002
7.370721e+003,1.860958e-002
7.374578e+003,8.514926e-003
7.378436e+003,1.963485e-002
7.382292e+003,5.061469e-002
7.386149e+003,9.346446e-002
7.390006e+003,1.376632e-001
7.393863e+003,1.739682e-001
7.397720e+003,1.973912e-001
7.401577e+003,2.081751e-001
7.405434e+003,2.104729e-001
7.409292e+003,2.083164e-001
7.413148e+003,2.059744e-001
7.417005e+003,2.030081e-001
7.420862e+003,1.958047e-001
7.424719e+003,1.801716e-001
7.428576e+003,1.547327e-001
7.432433e+003,1.233698e-001
7.436291e+003,9.523000e-002
7.440147e+003,8.147439e-002
7.444004e+003,9.178850e-002
7.447861e+003,1.273712e-001
7.451718e+003,1.787621e-001
7.455575e+003,2.269228e-001
7.459432e+003,2.484674e-001
7.463289e+003,2.235426e-001
7.467146e+003,1.435795e-001
7.471003e+003,1.563539e-002
7.474860e+003,-1.372248e-001
7.478717e+003,-2.824227e-001
7.482574e+003,-3.871335e-001
7.486431e+003,-4.279464e-001
7.490288e+003,-3.974150e-001
7.494145e+003,-3.053267e-001
7.498002e+003,-1.745408e-001
7.501859e+003,-3.317708e-002
7.505716e+003,9.323581e-002
7.509573e+003,1.878251e-001
7.513430e+003,2.439584e-001
7.517287e+003,2.630858e-001
7.521144e+003,2.505675e-001
7.525001e+003,2.118877e-001
7.528858e+003,1.510531e-001
7.532715e+003,7.158162e-002
7.536572e+003,-2.096495e-002
7.540429e+003,-1.169004e-001
7.544286e+003,-2.022241e-001
7.548143e+003,-2.610614e-001
7.552000e+003,-2.799131e-001
7.555857e+003,-2.519789e-001
7.559714e+003,-1.797471e-001
7.563571e+003,-7.505498e-002
7.567428e+003,4.442541e-002
7.571285e+003,1.587458e-001
7.575142e+003,2.499735e-001
7.578999e+003,3.051253e-001
7.582856e+003,3.176087e-001
7.586713e+003,2.875609e-001
7.590570e+003,2.216673e-001
7.594427e+003,1.327921e-001
7.598284e+003,3.861332e-002
7.602141e+003,-4.047566e-002
7.605998e+003,-8.529538e-002
7.609855e+003,-8.286816e-002
7.613712e+003,-3.102443e-002
7.617569e+003,5.933481e-002
7.621426e+003,1.658623e-001
7.625283e+003,2.604153e-001
7.629140e+003,3.177105e-001
7.632997e+003,3.230036e-001
7.636854e+003,2.770931e-001
7.640711e+003,1.960777e-001
7.644568e+003,1.059849e-001
7.648425e+003,3.424593e-002
7.652282e+003,1.137589e-003
7.656139e+003,1.424570e-002
7.659996e+003,6.701095e-002
7.663853e+003,1.427126e-001
7.667710e+003,2.200499e-001
7.671567e+003,2.792856e-001
7.675424e+003,3.068368e-001
7.679281e+003,2.975371e-001
7.683138e+003,2.548322e-001
7.686995e+003,1.904206e-001
7.690852e+003,1.199688e-001
7.694709e+003,6.264836e-002
7.698566e+003,3.725580e-002
7.702423e+003,5.793052e-002
7.706280e+003,1.296389e-001
7.710137e+003,2.448832e-001
7.713994e+003,3.833570e-001
7.717851e+003,5.151924e-001
7.721708e+003,6.113355e-001
7.725565e+003,6.482008e-001
7.729422e+003,6.155083e-001
7.733279e+003,5.192093e-001
7.737136e+003,3.791614e-001
7.740993e+003,2.223058e-001
7.744850e+003,7.396829e-002
7.748707e+003,-4.013597e-002
7.752564e+003,-1.283847e-001
7.756421e+003,-1.960179e-001
7.760278e+003,-2.519306e-001
7.764135e+003,-3.030212e-001
7.767992e+003,-3.503342e-001
7.771849e+003,-3.885865e-001
7.775706e+003,-4.091144e-001
7.779563e+003,-4.121655e-001
7.783420e+003,-3.926335e-001
7.787277e+003,-3.540070e-001
7.791134e+003,-3.052419e-001
7.794991e+003,-2.578157e-001
7.798848e+003,-2.218626e-001
7.802705e+003,-2.029079e-001
7.806562e+003,-2.003898e-001
7.810419e+003,-2.086236e-001
7.814276e+003,-2.191540e-001
7.818133e+003,-2.225356e-001
7.821990e+003,-2.122405e-001
7.825847e+003,-1.858976e-001
7.829704e+003,-1.448269e-001
7.833561e+003,-9.247506e-002
7.837418e+003,-3.274392e-002
7.841275e+003,3.373782e-002
7.845132e+003,1.001328e-001
7.848989e+003,1.603906e-001
7.852846e+003,2.068583e-001
7.856703e+003,2.309415e-001
7.860560e+003,2.253091e-001
7.864417e+003,1.869821e-001
7.868274e+003,1.199333e-001
7.872131e+003,2.827406e-002
7.875988e+003,-6.228401e-002
7.879845e+003,-1.303972e-001
7.883702e+003,-1.595506e-001
7.887559e+003,-1.430246e-001
7.891416e+003,-8.578161e-002
7.895273e+003,-2.663834e-003
7.899130e+003,8.629591e-002
7.902987e+003,1.620203e-001
7.906844e+003,2.096524e-001
7.910701e+003,2.237884e-001
7.914558e+003,2.082925e-001
7.918415e+003,1.741422e-001
7.922272e+003,1.358700e-001
7.926129e+003,1.076356e-001
7.929986e+003,9.971393e-002
7.933843e+003,1.160355e-001
7.937700e+003,1.528999e-001
7.941557e+003,1.993468e-001
7.945414e+003,2.397649e-001
7.949271e+003,2.579944e-001
7.953128e+003,2.421060e-001
7.956985e+003,1.884414e-001
7.960842e+003,1.034317e-001
7.964699e+003,2.592921e-003
7.968556e+003,-9.465405e-002
7.972413e+003,-1.698549e-001
7.976270e+003,-2.110089e-001
7.980127e+003,-2.155017e-001
7.983984e+003,-1.897217e-001
7.987841e+003,-1.457033e-001
7.991698e+003,-9.630610e-002
7.995555e+003,-5.155069e-002
7.999412e+003,-1.444541e-002
8.003269e+003,1.658983e-002
8.007126e+003,4.580190e-002
8.010983e+003,7.698581e-002
8.014840e+003,1.112035e-001
8.018697e+003,1.462726e-001
8.022554e+003,1.780612e-001
8.026411e+003,2.022071e-001
8.030268e+003,2.181405e-001
8.034125e+003,2.280741e-001
8.037982e+003,2.369853e-001
8.041839e+003,2.505324e-001
8.045696e+003,2.723581e-001
8.049553e+003,3.018125e-001
8.053410e+003,3.330018e-001
8.057267e+003,3.553748e-001
8.061124e+003,3.574511e-001
8.064981e+003,3.289889e-001
8.068838e+003,2.650001e-001
8.072695e+003,1.682369e-001
8.076552e+003,4.974654e-002
8.080409e+003,-7.283260e-002
8.084266e+003,-1.789045e-001
8.088123e+003,-2.494599e-001
8.091980e+003,-2.720393e-001
8.095837e+003,-2.424376e-001
8.099694e+003,-1.656592e-001
8.103551e+003,-5.433045e-002
8.107408e+003,7.439365e-002
8.111265e+003,2.023929e-001
8.115122e+003,3.136289e-001
8.118979e+003,3.958625e-001
8.122836e+003,4.424142e-001
8.126693e+003,4.508362e-001
8.130550e+003,4.229772e-001
8.134407e+003,3.645473e-001
8.138264e+003,2.845923e-001
8.142121e+003,1.946461e-001
8.145978e+003,1.073233e-001
8.149835e+003,3.480534e-002
8.153692e+003,-1.453480e-002
8.157549e+003,-3.627673e-002
8.161406e+003,-3.091980e-002
8.165263e+003,-3.198588e-003
8.169120e+003,3.954177e-002
8.172977e+003,8.930279e-002
8.176833e+003,1.390378e-001
8.180691e+003,1.834110e-001
8.184548e+003,2.190530e-001
8.188405e+003,2.440011e-001
8.192262e+003,2.573161e-001
8.196118e+003,2.589850e-001
8.199976e+003,2.500988e-001
8.203832e+003,2.330248e-001
8.207689e+003,2.112557e-001
8.211547e+003,1.888003e-001
8.215403e+003,1.692804e-001
8.219261e+003,1.550083e-001
8.223117e+003,1.465929e-001
8.226975e+003,1.430475e-001
8.230831e+003,1.422734e-001
8.234688e+003,1.415697e-001
8.238546e+003,1.378781e-001
8.242402e+003,1.292880e-001
8.246260e+003,1.110732e-001
8.250116e+003,7.947290e-002
8.253974e+003,3.194243e-002
8.257830e+003,-3.116398e-002
8.261688e+003,-1.050972e-001
8.265544e+003,-1.803232e-001
8.269401e+003,-2.438983e-001
8.273259e+003,-2.808723e-001
8.277115e+003,-2.874150e-001
8.280973e+003,-2.611678e-001
8.284829e+003,-2.074820e-001
8.288687e+003,-1.384412e-001
8.292543e+003,-6.961004e-002
8.296400e+003,-1.556051e-002
8.300258e+003,1.425909e-002
8.304114e+003,6.784007e-003
8.307972e+003,-2.071348e-002
8.311828e+003,-5.938633e-002
8.315686e+003,-9.957119e-002
8.319542e+003,-1.333866e-001
8.323399e+003,-1.561943e-001
8.327257e+003,-1.665501e-001
8.331113e+003,-1.649101e-001
8.334971e+003,-1.594650e-001
8.338827e+003,-1.430393e-001
8.342685e+003,-1.136374e-001
8.346541e+003,-6.874432e-002
8.350398e+003,-6.988414e-003
8.354255e+003,7.015931e-002
8.358112e+003,1.574291e-001
8.361970e+003,2.460646e-001
8.365826e+003,3.396477e-001
8.369684e+003,4.058969e-001
8.373540e+003,4.374038e-001
8.377397e+003,4.344450e-001
8.381254e+003,4.052993e-001
8.385111e+003,3.641536e-001
8.388969e+003,3.271987e-001
8.392825e+003,3.081065e-001
8.396683e+003,3.087051e-001
8.400539e+003,3.340002e-001
8.404396e+003,3.742183e-001
8.408253e+003,4.138623e-001
8.412110e+003,4.369516e-001
8.415968e+003,4.321737e-001
8.419824e+003,3.963368e-001
8.423682e+003,3.351486e-001
8.427538e+003,2.527307e-001
8.431396e+003,1.741482e-001
8.435252e+003,1.152719e-001
8.439109e+003,8.615535e-002
8.442966e+003,8.897291e-002
8.446823e+003,1.183903e-001
8.450681e+003,1.638222e-001
8.454537e+003,2.125081e-001
8.458395e+003,2.493120e-001
8.462251e+003,2.668381e-001
8.466108e+003,2.587166e-001
8.469965e+003,2.230720e-001
8.473822e+003,1.628056e-001
8.477680e+003,8.580082e-002
8.481536e+003,4.660755e-003
8.485394e+003,-6.472169e-002
8.489250e+003,-1.075178e-001
8.493107e+003,-1.051366e-001
8.496964e+003,-5.512981e-002
8.500821e+003,3.147362e-002
8.504679e+003,1.314670e-001
8.508535e+003,2.153606e-001
8.512393e+003,2.562981e-001
8.516249e+003,2.388823e-001
8.520106e+003,1.608277e-001
8.523963e+003,4.038323e-002
8.527820e+003,-8.684139e-002
8.531677e+003,-1.842689e-001
8.535534e+003,-2.260691e-001
8.539392e+003,-2.037482e-001
8.543248e+003,-1.259023e-001
8.547105e+003,-1.256526e-002
8.550962e+003,1.160075e-001
8.554819e+003,2.338923e-001
8.558676e+003,3.243079e-001
8.562533e+003,3.771733e-001
8.566391e+003,3.883602e-001
8.570247e+003,3.591460e-001
8.574104e+003,2.962279e-001
8.577961e+003,2.115224e-001
8.581818e+003,1.311449e-001
8.585675e+003,5.939730e-002
8.589532e+003,6.789421e-003
8.593389e+003,-2.049575e-002
8.597246e+003,-2.132747e-002
8.601104e+003,1.217074e-003
8.604960e+003,4.160897e-002
8.608817e+003,9.360024e-002
8.612674e+003,1.491363e-001
8.616531e+003,2.045017e-001
8.620388e+003,2.562754e-001
8.624245e+003,3.021670e-001
8.628103e+003,3.414857e-001
8.631959e+003,3.752822e-001
8.635816e+003,4.055636e-001
8.639673e+003,4.334763e-001
8.643530e+003,4.570046e-001
8.647387e+003,4.709876e-001
8.651244e+003,4.656889e-001
8.655102e+003,4.302307e-001
8.658958e+003,3.567751e-001
8.662815e+003,2.445949e-001
8.666672e+003,1.022090e-001
8.670529e+003,-5.352236e-002
8.674386e+003,-1.994785e-001
8.678243e+003,-3.176077e-001
8.682100e+003,-3.933533e-001
8.685957e+003,-4.202558e-001
8.689814e+003,-4.000369e-001
8.693671e+003,-3.406538e-001
8.697528e+003,-2.535841e-001
8.701385e+003,-1.515046e-001
8.705242e+003,-4.756185e-002
8.709099e+003,4.738142e-002
8.712956e+003,1.235209e-001
8.716813e+003,1.738340e-001
8.720670e+003,1.956077e-001
8.724526e+003,1.915239e-001
8.728384e+003,1.693570e-001
8.732241e+003,1.398479e-001
8.736098e+003,1.131658e-001
8.739955e+003,9.562542e-002
8.743812e+003,8.765627e-002
8.747669e+003,8.461572e-002
8.751525e+003,7.997249e-002
8.755383e+003,6.958140e-002
8.759240e+003,5.504113e-002
8.763097e+003,4.442999e-002
8.766954e+003,4.986133e-002
8.770811e+003,8.250165e-002
8.774668e+003,1.473670e-001
8.778524e+003,2.397763e-001
8.782382e+003,3.451808e-001
8.786238e+003,4.425944e-001
8.790096e+003,5.104953e-001
8.793953e+003,5.332133e-001
8.797810e+003,5.053911e-001
8.801667e+003,4.340855e-001
8.805523e+003,3.367880e-001
8.809381e+003,2.364327e-001
8.813237e+003,1.551753e-001
8.817095e+003,1.086782e-001
8.820952e+003,1.024660e-001
8.824809e+003,1.312545e-001
8.828666e+003,1.813846e-001
8.832522e+003,2.348446e-001
8.836380e+003,2.740625e-001
8.840236e+003,2.865963e-001
8.844094e+003,2.672610e-001
8.847951e+003,2.177968e-001
8.851808e+003,1.447299e-001
8.855665e+003,5.666775e-002
8.859521e+003,-4.073737e-002
8.863379e+003,-1.333371e-001
8.867235e+003,-2.106426e-001
8.871093e+003,-2.617496e-001
8.874949e+003,-2.761681e-001
8.878807e+003,-2.464947e-001
8.882664e+003,-1.721662e-001
8.886521e+003,-6.246082e-002
8.890378e+003,1.837777e-001
8.894234e+003,3.682836e-001
8.898092e+003,4.200646e-001
8.901948e+003,3.264400e-001
8.905806e+003,1.399700e-001
8.909663e+003,-4.804441e-002
8.913520e+003,-1.516560e-001
8.917377e+003,-1.274640e-001
8.921233e+003,-5.260831e-002
8.925091e+003,5.868760e-002
8.928947e+003,1.885917e-001
8.932805e+003,3.188079e-001
8.936662e+003,4.316379e-001
8.940519e+003,5.108656e-001
8.944376e+003,5.436069e-001
8.948232e+003,5.231920e-001
8.952090e+003,4.591553e-001
8.955946e+003,3.616772e-001
8.959804e+003,2.459233e-001
8.963660e+003,1.295871e-001
8.967518e+003,2.877709e-002
8.971375e+003,-4.517532e-002
8.975231e+003,-8.683752e-002
8.979089e+003,-9.573108e-002
8.982945e+003,-7.462803e-002
8.986803e+003,-2.786379e-002
8.990659e+003,3.889548e-002
8.994517e+003,1.172575e-001
8.998374e+003,1.950793e-001
9.002230e+003,2.571125e-001
9.006088e+003,2.880455e-001
9.009944e+003,2.772483e-001
9.013802e+003,2.231725e-001
9.017658e+003,1.352376e-001
9.021516e+003,3.210027e-002
9.025373e+003,-6.431517e-002
9.029229e+003,-1.360047e-001
9.033087e+003,-1.745183e-001
9.036943e+003,-1.826724e-001
9.040801e+003,-1.717558e-001
9.044657e+003,-1.550961e-001
9.048515e+003,-1.437802e-001
9.052371e+003,-1.413338e-001
9.056229e+003,-1.443252e-001
9.060086e+003,-1.458312e-001
9.063942e+003,-1.400550e-001
9.067800e+003,-1.256376e-001
9.071656e+003,-1.061209e-001
9.075514e+003,-8.731053e-002
9.079370e+003,-7.504098e-002
9.083228e+003,-7.093357e-002
9.087085e+003,-7.231562e-002
9.090941e+003,-7.395133e-002
9.094799e+003,-7.093556e-002
9.098655e+003,-6.110373e-002
9.102513e+003,-4.573109e-002
9.106369e+003,-2.857314e-002
9.110227e+003,-1.338335e-002
9.114084e+003,-2.596495e-003
9.117940e+003,3.113308e-003
9.121798e+003,3.841488e-003
9.125654e+003,-9.537973e-004
9.129512e+003,-1.307392e-002
9.133368e+003,-3.466152e-002
9.137226e+003,-6.555784e-002
9.141082e+003,-1.023190e-001
9.144939e+003,-1.359482e-001
9.148797e+003,-1.537575e-001
9.152653e+003,-1.431092e-001
9.156511e+003,-9.620123e-002
9.160367e+003,-1.398796e-002
9.164225e+003,9.250576e-002
9.168081e+003,2.040787e-001
9.171938e+003,2.989198e-001
9.175796e+003,3.579475e-001
9.179652e+003,3.700592e-001
9.183510e+003,3.350582e-001
9.187366e+003,2.636858e-001
9.191224e+003,1.750772e-001
9.195080e+003,9.259392e-002
9.198938e+003,3.969204e-002
9.202795e+003,3.298592e-002
9.206651e+003,8.194940e-002
9.210509e+003,1.855531e-001
9.214365e+003,3.314327e-001
9.218223e+003,4.970140e-001
9.222079e+003,6.529467e-001
9.225937e+003,7.686973e-001
9.229793e+003,8.197857e-001
9.233650e+003,7.938449e-001
9.237508e+003,6.931832e-001
9.241364e+003,5.350756e-001
9.245222e+003,3.474388e-001
9.249078e+003,1.616301e-001
9.252936e+003,4.725665e-003
9.256792e+003,-1.061679e-001
9.260649e+003,-1.653802e-001
9.264507e+003,-1.790029e-001
9.268363e+003,-1.572670e-001
9.272221e+003,-1.113488e-001
9.276077e+003,-5.060794e-002
9.279935e+003,1.772079e-002
9.283791e+003,8.710772e-002
9.287648e+003,1.502345e-001
9.291506e+003,1.982289e-001
9.295362e+003,2.251766e-001
9.299220e+003,2.286088e-001
9.303076e+003,2.127448e-001
9.306934e+003,1.884241e-001
9.310790e+003,1.699238e-001
9.314647e+003,1.696481e-001
9.318504e+003,1.929430e-001
9.322361e+003,2.348150e-001
9.326219e+003,2.833852e-001
9.330075e+003,3.228626e-001
9.333933e+003,3.403479e-001
9.337789e+003,3.306776e-001
9.341646e+003,2.977611e-001
9.345503e+003,2.519456e-001
9.349360e+003,2.048295e-001
9.353218e+003,1.639713e-001
9.357074e+003,1.304396e-001
9.360932e+003,9.931534e-002
9.364788e+003,6.353017e-002
9.368646e+003,1.850743e-002
9.372502e+003,-3.453509e-002
9.376359e+003,-8.812936e-002
9.380216e+003,-1.310253e-001
9.384073e+003,-1.525619e-001
9.387931e+003,-1.462274e-001
9.391787e+003,-1.120194e-001
9.395645e+003,-5.626824e-002
9.399501e+003,1.043217e-002
9.403358e+003,7.617762e-002
9.407215e+003,1.304873e-001
9.411072e+003,1.661403e-001
9.414930e+003,1.799102e-001
9.418786e+003,1.728804e-001
9.422644e+003,1.490441e-001
9.426500e+003,1.145725e-001
9.430357e+003,7.646407e-002
9.434214e+003,4.107204e-002
9.438071e+003,1.286019e-002
9.441929e+003,-6.162122e-003
9.445785e+003,-1.584142e-002
9.449643e+003,-1.747490e-002
9.453499e+003,-1.156228e-002
9.457356e+003,2.611711e-003
9.461213e+003,2.652894e-002
9.465070e+003,6.090458e-002
9.468927e+003,1.038758e-001
9.472784e+003,1.500638e-001
9.476642e+003,1.911582e-001
9.480498e+003,2.191068e-001
9.484355e+003,2.286247e-001
9.488212e+003,2.197264e-001
9.492069e+003,1.979075e-001
9.495926e+003,1.718430e-001
9.499783e+003,1.495503e-001
9.503641e+003,1.348462e-001
9.507497e+003,1.259606e-001
9.511354e+003,1.168870e-001
9.515211e+003,1.010962e-001
9.519068e+003,7.548033e-002
9.522925e+003,4.255663e-002
9.526782e+003,9.665519e-003
9.530640e+003,-1.453992e-002
9.534496e+003,-2.455763e-002
9.538354e+003,-2.079573e-002
9.542210e+003,-1.056727e-002
9.546067e+003,-3.942169e-003
9.549924e+003,-9.208158e-003
9.553781e+003,-2.866976e-002
9.557638e+003,-5.717882e-002
9.561495e+003,-8.412173e-002
9.565353e+003,-9.789252e-002
9.569209e+003,-9.054994e-002
9.573066e+003,-6.142122e-002
9.576923e+003,-1.593169e-002
9.580780e+003,3.694128e-002
9.584637e+003,8.867617e-002
9.588494e+003,1.343319e-001
9.592352e+003,1.734539e-001
9.596208e+003,2.086802e-001
9.600065e+003,2.427651e-001
9.603922e+003,2.773492e-001
9.607779e+003,3.111071e-001
9.611636e+003,3.408070e-001
9.615493e+003,3.629064e-001
9.619351e+003,3.749097e-001
9.623207e+003,3.757432e-001
9.627064e+003,3.652057e-001
9.630921e+003,3.432458e-001
9.634778e+003,3.100228e-001
9.638635e+003,2.666181e-001
9.642492e+003,2.167605e-001
9.646349e+003,1.678287e-001
9.650206e+003,1.301685e-001
9.654063e+003,1.143591e-001
9.657920e+003,1.271990e-001
9.661777e+003,1.675436e-001
9.665634e+003,2.264490e-001
9.669491e+003,2.880468e-001
9.673348e+003,3.345375e-001
9.677205e+003,3.521588e-001
9.681063e+003,3.360312e-001
9.684919e+003,2.919060e-001
9.688776e+003,2.340803e-001
9.692633e+003,1.800238e-001
9.696490e+003,1.447874e-001
9.700347e+003,1.356629e-001
9.704204e+003,1.504667e-001
9.708062e+003,1.788408e-001
9.711918e+003,2.060910e-001
9.715775e+003,2.180383e-001
9.719632e+003,2.052749e-001
9.723489e+003,1.659291e-001
9.727346e+003,1.055361e-001
9.731203e+003,3.516230e-002
9.735060e+003,-3.118705e-002
9.738917e+003,-7.992970e-002
9.742774e+003,-1.010622e-001
9.746631e+003,-9.046242e-002
9.750488e+003,-5.083691e-002
9.754345e+003,8.360703e-003
9.758202e+003,7.514305e-002
9.762059e+003,1.368126e-001
9.765916e+003,1.834859e-001
9.769773e+003,2.103473e-001
9.773630e+003,2.181079e-001
9.777487e+003,2.115229e-001
9.781344e+003,1.965906e-001
9.785201e+003,1.784769e-001
9.789058e+003,1.576112e-001
9.792915e+003,1.315766e-001
9.796772e+003,9.651664e-002
9.800629e+003,4.978374e-002
9.804486e+003,-7.869840e-003
9.808343e+003,-7.158410e-002
9.812200e+003,-1.334930e-001
9.816057e+003,-1.834597e-001
9.819914e+003,-2.168374e-001
9.823771e+003,-2.302652e-001
9.827628e+003,-2.234197e-001
9.831485e+003,-1.977505e-001
9.835342e+003,-1.549694e-001
9.839199e+003,-9.632291e-002
9.843056e+003,-2.322269e-002
9.846913e+003,6.042578e-002
9.850770e+003,1.482548e-001
9.854627e+003,2.296253e-001
9.858484e+003,2.912619e-001
9.862341e+003,3.205825e-001
9.866198e+003,3.098643e-001
9.870055e+003,2.596161e-001
9.873912e+003,1.795971e-001
9.877769e+003,8.754283e-002
9.881626e+003,1.488378e-003
9.885483e+003,-6.264163e-002
9.889340e+003,-9.620607e-002
9.893197e+003,-9.983740e-002
9.897054e+003,-8.231805e-002
9.900911e+003,-5.688465e-002
9.904768e+003,-3.638261e-002
9.908625e+003,-3.192861e-002
9.912481e+003,-4.144191e-002
9.916339e+003,-6.021904e-002
9.920196e+003,-7.991673e-002
9.924053e+003,-9.161347e-002
9.927910e+003,-8.856606e-002
9.931767e+003,-6.774899e-002
9.935624e+003,-2.988979e-002
9.939480e+003,1.359235e-002
9.943338e+003,6.560436e-002
9.947195e+003,1.231069e-001
9.951052e+003,1.841185e-001
9.954909e+003,2.473269e-001
9.958766e+003,3.111344e-001
9.962623e+003,3.726074e-001
9.966479e+003,4.268501e-001
9.970337e+003,4.653415e-001
9.974193e+003,4.840258e-001
9.978051e+003,4.767227e-001
9.981908e+003,4.398745e-001
9.985765e+003,3.740638e-001
9.989622e+003,2.847472e-001
9.993479e+003,1.818736e-001
9.997336e+003,7.834779e-002
1.000119e+004,-1.616097e-002
1.000505e+004,-8.346905e-002
1.000891e+004,-1.164147e-001
1.001276e+004,-1.154193e-001
1.001662e+004,-8.811940e-002
1.002048e+004,-4.702569e-002
1.002433e+004,-5.863268e-003
1.002819e+004,2.437600e-002
1.003205e+004,3.971383e-002
1.003591e+004,3.955656e-002
1.003976e+004,3.279219e-002
1.004362e+004,3.159199e-002
1.004748e+004,4.675277e-002
1.005133e+004,8.364329e-002
1.005519e+004,1.401471e-001
1.005905e+004,2.072487e-001
1.006290e+004,2.743881e-001
1.006676e+004,3.257821e-001
1.007062e+004,3.522133e-001
1.007448e+004,3.514712e-001
1.007833e+004,3.285675e-001
1.008219e+004,2.937364e-001
1.008605e+004,2.591284e-001
1.008990e+004,2.353991e-001
1.009376e+004,2.300929e-001
1.009762e+004,2.440816e-001
1.010147e+004,2.737826e-001
1.010533e+004,3.119233e-001
1.010919e+004,3.493842e-001
1.011305e+004,3.770768e-001
1.011690e+004,3.875725e-001
1.012076e+004,3.763368e-001
1.012462e+004,3.418449e-001
1.012847e+004,2.870500e-001
1.013233e+004,2.179018e-001
1.013619e+004,1.420553e-001
1.014004e+004,6.717813e-002
1.014390e+004,-4.845094e-004
1.014776e+004,-5.674965e-002
1.015162e+004,-9.908827e-002
1.015547e+004,-1.255211e-001
1.015933e+004,-1.327873e-001
1.016319e+004,-1.167551e-001
1.016704e+004,-7.298005e-002
1.017090e+004,1.070868e-003
1.017476e+004,1.033188e-001
1.017861e+004,2.251909e-001
1.018247e+004,3.517454e-001
1.018633e+004,4.646614e-001
1.019019e+004,5.453235e-001
1.019404e+004,5.814575e-001
1.019790e+004,5.702451e-001
1.020176e+004,5.190954e-001
1.020561e+004,4.431605e-001
1.020947e+004,3.604583e-001
1.021333e+004,2.863998e-001
1.021718e+004,2.294590e-001
1.022104e+004,1.907318e-001
1.022490e+004,1.647305e-001
1.022876e+004,1.435015e-001
1.023261e+004,1.207929e-001
1.023647e+004,9.484581e-002
1.024033e+004,6.881539e-002
1.024418e+004,4.888298e-002
1.024804e+004,4.102492e-002
1.025190e+004,4.826614e-002
1.025575e+004,6.875502e-002
1.025961e+004,9.632018e-002
1.026347e+004,1.225760e-001
1.026733e+004,1.397547e-001
1.027118e+004,1.431241e-001
1.027504e+004,1.321729e-001
1.027890e+004,1.098592e-001
1.028275e+004,8.247398e-002
1.028661e+004,5.664508e-002
1.029047e+004,3.796777e-002
1.029432e+004,3.001044e-002
1.029818e+004,3.404365e-002
1.030204e+004,4.925473e-002
1.030590e+004,7.312713e-002
1.030975e+004,1.014547e-001
1.031361e+004,1.295646e-001
1.031747e+004,1.517014e-001
1.032132e+004,1.621638e-001
1.032518e+004,1.563542e-001
1.032904e+004,1.319446e-001
1.033289e+004,8.978486e-002
1.033675e+004,3.414962e-002
1.034061e+004,-2.906216e-002
1.034447e+004,-9.001876e-002
1.034832e+004,-1.406896e-001
1.035218e+004,-1.754779e-001
1.035604e+004,-1.922208e-001
1.035989e+004,-1.920510e-001
1.036375e+004,-1.781958e-001
1.036761e+004,-1.542097e-001
1.037146e+004,-1.208328e-001
1.037532e+004,-7.922128e-002
1.037918e+004,-2.806186e-002
1.038304e+004,3.409403e-002
1.038689e+004,1.068317e-001
1.039075e+004,1.862754e-001
1.039461e+004,2.646667e-001
1.039846e+004,3.314892e-001
1.040232e+004,3.769211e-001
1.040618e+004,3.904780e-001
1.041003e+004,3.695752e-001
1.041389e+004,3.187388e-001
1.041775e+004,2.489104e-001
1.042161e+004,1.748261e-001
1.042546e+004,1.112144e-001
1.042932e+004,6.893911e-002
1.043318e+004,5.188095e-002
1.043703e+004,5.781484e-002
1.044089e+004,7.767376e-002
1.044475e+004,9.976021e-002
1.044860e+004,1.138497e-001
1.045246e+004,1.146053e-001
1.045632e+004,1.030753e-001
1.046018e+004,8.569288e-002
1.046403e+004,7.107349e-002
1.046789e+004,6.580359e-002
1.047175e+004,7.097515e-002
1.047560e+004,8.082063e-002
1.047946e+004,8.425832e-002
1.048332e+004,6.894839e-002
1.048717e+004,2.636322e-002
1.049103e+004,-4.413110e-002
1.049489e+004,-1.332878e-001
1.049875e+004,-2.262942e-001
1.050260e+004,-3.054560e-001
1.050646e+004,-3.559242e-001
1.051032e+004,-3.697233e-001
1.051417e+004,-3.469888e-001
1.051803e+004,-2.941652e-001
1.052189e+004,-2.202101e-001
1.052574e+004,-1.356868e-001
1.052960e+004,-4.203165e-002
1.053346e+004,5.970050e-002
1.053732e+004,1.683827e-001
1.054117e+004,2.793447e-001
1.054503e+004,3.821633e-001
1.054889e+004,4.611045e-001
1.055274e+004,4.984875e-001
1.055660e+004,4.810850e-001
1.056046e+004,4.035085e-001
1.056431e+004,2.711656e-001
1.056817e+004,1.009202e-001
1.057203e+004,-8.192514e-002
1.057589e+004,-2.488385e-001
1.057974e+004,-3.739411e-001
1.058360e+004,-4.389657e-001
1.058746e+004,-4.361458e-001
1.059131e+004,-3.699548e-001
1.059517e+004,-2.532133e-001
1.059903e+004,-1.051572e-001
1.060288e+004,5.221600e-002
1.060674e+004,1.978273e-001
1.061060e+004,3.146246e-001
1.061446e+004,3.917001e-001
1.061831e+004,4.250701e-001
1.062217e+004,4.174867e-001
1.062603e+004,3.762884e-001
1.062988e+004,3.114564e-001
1.063374e+004,2.334763e-001
1.063760e+004,1.518210e-001
1.064145e+004,7.426636e-002
1.064531e+004,6.946612e-003
1.064917e+004,-4.538437e-002
1.065303e+004,-7.892400e-002
1.065688e+004,-9.143217e-002
1.066074e+004,-8.276384e-002
1.066460e+004,-5.546926e-002
1.066845e+004,-1.481100e-002
1.067231e+004,3.205995e-002
1.067617e+004,7.772417e-002
1.068002e+004,1.165869e-001
1.068388e+004,1.459171e-001
1.068774e+004,1.670829e-001
1.069160e+004,1.849214e-001
1.069545e+004,2.062313e-001
1.069931e+004,2.376645e-001
1.070317e+004,2.834916e-001
1.070702e+004,3.437682e-001
1.071088e+004,4.136556e-001
1.071474e+004,4.821353e-001
1.071859e+004,5.347652e-001
1.072245e+004,5.562297e-001
1.072631e+004,5.343809e-001
1.073017e+004,4.645189e-001
1.073402e+004,3.524860e-001
1.073788e+004,2.151940e-001
1.074174e+004,7.692902e-002
1.074559e+004,-3.432710e-002
1.074945e+004,-9.729707e-002
1.075331e+004,-1.036244e-001
1.075716e+004,-6.109841e-002
1.076102e+004,8.436115e-003
1.076488e+004,7.607941e-002
1.076874e+004,1.155045e-001
1.077259e+004,1.114767e-001
1.077645e+004,6.469257e-002
1.078031e+004,-9.072512e-003
1.078416e+004,-8.554798e-002
1.078802e+004,-1.408384e-001
1.079188e+004,-1.590979e-001
1.079573e+004,-1.362317e-001
1.079959e+004,-7.871728e-002
1.080345e+004,2.188481e-003
1.080731e+004,9.294805e-002
1.081116e+004,1.841283e-001
1.081502e+004,2.704939e-001
1.081888e+004,3.488426e-001
1.082273e+004,4.149489e-001
1.082659e+004,4.617602e-001
1.083045e+004,4.801409e-001
1.083430e+004,4.593376e-001
1.083816e+004,3.957415e-001
1.084202e+004,2.933848e-001
1.084588e+004,1.637501e-001
1.084973e+004,2.296332e-002
1.085359e+004,-1.122461e-001
1.085745e+004,-2.280484e-001
1.086130e+004,-3.152399e-001
1.086516e+004,-3.895172e-001
1.086902e+004,-3.908034e-001
1.087287e+004,-3.243942e-001
1.087673e+004,-2.062753e-001
1.088059e+004,-6.088020e-002
1.088445e+004,8.325006e-002
1.088830e+004,1.999587e-001
1.089216e+004,2.720471e-001
1.089602e+004,3.011439e-001
1.089987e+004,2.762720e-001
1.090373e+004,2.172884e-001
1.090759e+004,1.479803e-001
1.091144e+004,9.117851e-002
1.091530e+004,6.630308e-002
1.091916e+004,8.551764e-002
1.092301e+004,1.462953e-001
1.092687e+004,2.219362e-001
1.093073e+004,2.973190e-001
1.093459e+004,3.495790e-001
1.093844e+004,3.551223e-001
1.094230e+004,2.982580e-001
1.094616e+004,1.788538e-001
1.095001e+004,1.534227e-002
1.095387e+004,-1.589853e-001
1.095773e+004,-3.016615e-001
1.096158e+004,-3.878455e-001
1.096544e+004,-4.027021e-001
1.096930e+004,-3.502670e-001
1.097316e+004,-2.506498e-001
1.097701e+004,-1.323493e-001
1.098087e+004,-2.298063e-002
1.098473e+004,5.805044e-002
1.098858e+004,1.024791e-001
1.099244e+004,1.131936e-001
1.099630e+004,9.865180e-002
1.100016e+004,6.928588e-002
1.100401e+004,3.457064e-002
1.100787e+004,1.910571e-003
1.101173e+004,-2.320947e-002
1.101558e+004,-3.684098e-002
1.101944e+004,-3.660489e-002
1.102330e+004,-2.261169e-002
1.102715e+004,2.518711e-003
1.103101e+004,3.375018e-002
1.103487e+004,6.491985e-002
1.103872e+004,9.063622e-002
1.104258e+004,1.079507e-001
1.104644e+004,1.170501e-001
1.105030e+004,1.207333e-001
1.105415e+004,1.229410e-001
1.105801e+004,1.273823e-001
1.106187e+004,1.366409e-001
1.106572e+004,1.520130e-001
1.106958e+004,1.737482e-001
1.107344e+004,2.011815e-001
1.107729e+004,2.324814e-001
1.108115e+004,2.639405e-001
1.108501e+004,2.907982e-001
1.108887e+004,3.073010e-001
1.109272e+004,3.088220e-001
1.109658e+004,2.941062e-001
1.110044e+004,2.667860e-001
1.110429e+004,2.351672e-001
1.110815e+004,2.099591e-001
1.111201e+004,2.005594e-001
1.111587e+004,2.114806e-001
1.111972e+004,2.403255e-001
1.112358e+004,2.782630e-001
1.112744e+004,3.129012e-001
1.113129e+004,3.324468e-001
1.113515e+004,3.295544e-001
1.113901e+004,3.035032e-001
1.114286e+004,2.602595e-001
1.114672e+004,2.101150e-001
1.115058e+004,1.651245e-001
1.115443e+004,1.362488e-001
1.115829e+004,1.312847e-001
1.116215e+004,1.536451e-001
1.116601e+004,2.018130e-001
1.116986e+004,2.693093e-001
1.117372e+004,3.451224e-001
1.117758e+004,4.155770e-001
1.118143e+004,4.662972e-001
1.118529e+004,4.854493e-001
1.118915e+004,4.668146e-001
1.119300e+004,4.117503e-001
1.119686e+004,3.291842e-001
1.120072e+004,2.334596e-001
1.120458e+004,1.407218e-001
1.120843e+004,6.494855e-002
1.121229e+004,1.528828e-002
1.121615e+004,-4.889698e-003
1.122000e+004,2.849873e-003
1.122386e+004,3.378600e-002
1.122772e+004,8.172458e-002
1.123158e+004,1.398800e-001
1.123543e+004,2.010366e-001
1.123929e+004,2.571305e-001
1.124315e+004,2.998464e-001
1.124700e+004,3.217566e-001
1.125086e+004,3.180831e-001
1.125472e+004,2.881826e-001
1.125857e+004,2.358911e-001
1.126243e+004,1.683555e-001
1.126629e+004,9.361513e-002
1.127014e+004,1.874162e-002
1.127400e+004,-5.181752e-002
1.127786e+004,-1.157555e-001
1.128172e+004,-1.711851e-001
1.128557e+004,-2.146803e-001
1.128943e+004,-2.403733e-001
1.129329e+004,-2.409156e-001
1.129714e+004,-2.100069e-001
1.130100e+004,-1.459368e-001
1.130486e+004,-5.391529e-002
1.130871e+004,5.373085e-002
1.131257e+004,1.598492e-001
1.131643e+004,2.465868e-001
1.132029e+004,2.999625e-001
1.132414e+004,3.134032e-001
1.132800e+004,2.890843e-001
1.133186e+004,2.375474e-001
1.133571e+004,1.750037e-001
1.133957e+004,1.197034e-001
1.134343e+004,8.815940e-002
1.134729e+004,9.182849e-002
1.135114e+004,1.347131e-001
1.135500e+004,2.122640e-001
1.135886e+004,3.120558e-001
1.136271e+004,4.156080e-001
1.136657e+004,5.025829e-001
1.137043e+004,5.553046e-001
1.137428e+004,5.628759e-001
1.137814e+004,5.235819e-001
1.138200e+004,4.448268e-001
1.138585e+004,3.406947e-001
1.138971e+004,2.279663e-001
1.139357e+004,1.226281e-001
1.139743e+004,3.682578e-002
1.140128e+004,-2.195839e-002
1.140514e+004,-5.042044e-002
1.140900e+004,-4.844386e-002
1.141285e+004,-1.849126e-002
1.141671e+004,3.428493e-002
1.142057e+004,1.015870e-001
1.142442e+004,1.720762e-001
1.142828e+004,2.326216e-001
1.143214e+004,2.708694e-001
1.143600e+004,2.783486e-001
1.143985e+004,2.528950e-001
1.144371e+004,1.993294e-001
1.144757e+004,1.280286e-001
1.145142e+004,5.204186e-002
1.145528e+004,-1.643290e-002
1.145914e+004,-6.819008e-002
1.146300e+004,-9.792268e-002
1.146685e+004,-1.037552e-001
1.147071e+004,-8.626091e-002
1.147457e+004,-4.779591e-002
1.147842e+004,7.506602e-003
1.148228e+004,7.330387e-002
1.148614e+004,1.415219e-001
1.148999e+004,2.031730e-001
1.149385e+004,2.505004e-001
1.149771e+004,2.791949e-001
1.150156e+004,2.896112e-001
1.150542e+004,2.861888e-001
1.150928e+004,2.751390e-001
1.151314e+004,2.614153e-001
1.151699e+004,2.465785e-001
1.152085e+004,2.285186e-001
1.152471e+004,2.034438e-001
1.152856e+004,1.689834e-001
1.153242e+004,1.267336e-001
1.153628e+004,8.274335e-002
1.154013e+004,4.548330e-002
1.154399e+004,2.217582e-002
1.154785e+004,1.534362e-002
1.155171e+004,2.130501e-002
1.155556e+004,3.159897e-002
1.155942e+004,3.671044e-002
1.156328e+004,3.036680e-002
1.156713e+004,1.238393e-002
1.157099e+004,-1.125068e-002
1.157485e+004,-3.106852e-002
1.157871e+004,-3.789273e-002
1.158256e+004,-2.666979e-002
1.158642e+004,2.014242e-003
1.159028e+004,4.272424e-002
1.159413e+004,8.758205e-002
1.159799e+004,1.289107e-001
1.160185e+004,1.609287e-001
1.160570e+004,1.801085e-001
1.160956e+004,1.843841e-001
1.161342e+004,1.730156e-001
1.161727e+004,1.465311e-001
1.162113e+004,1.074320e-001
1.162499e+004,6.078841e-002
1.162885e+004,1.386777e-002
1.163270e+004,-2.557251e-002
1.163656e+004,-5.199915e-002
1.164042e+004,-6.347246e-002
1.164427e+004,-6.336413e-002
1.164813e+004,-5.821233e-002
1.165199e+004,-5.437307e-002
1.165584e+004,-5.464908e-002
1.165970e+004,-5.665411e-002
1.166356e+004,-5.390164e-002
1.166742e+004,-3.868904e-002
1.167127e+004,-7.607162e-003
1.167513e+004,3.650675e-002
1.167899e+004,8.430798e-002
1.168284e+004,1.230078e-001
1.168670e+004,1.411079e-001
1.169056e+004,1.326920e-001
1.169441e+004,9.941757e-002
1.169827e+004,4.948125e-002
1.170213e+004,-5.531638e-003
1.170599e+004,-5.474298e-002
1.170984e+004,-9.116427e-002
1.171370e+004,-1.129496e-001
1.171756e+004,-1.227926e-001
1.172141e+004,-1.262177e-001
1.172527e+004,-1.296434e-001
1.172913e+004,-1.392179e-001
1.173298e+004,-1.579510e-001
1.173684e+004,-1.865831e-001
1.174070e+004,-2.223179e-001
1.174456e+004,-2.587045e-001
1.174841e+004,-2.866061e-001
1.175227e+004,-2.964558e-001
1.175613e+004,-2.813677e-001
1.175998e+004,-2.409042e-001
1.176384e+004,-1.796968e-001
1.176770e+004,-1.082026e-001
1.177155e+004,-3.889136e-002
1.177541e+004,1.800512e-002
1.177927e+004,5.788048e-002
1.178313e+004,8.274559e-002
1.178698e+004,9.934355e-002
1.179084e+004,1.155062e-001
1.179470e+004,1.354430e-001
1.179855e+004,1.581926e-001
1.180241e+004,1.781892e-001
1.180627e+004,1.884285e-001
1.181012e+004,1.845515e-001
1.181398e+004,1.677894e-001
1.181784e+004,1.452272e-001
1.182170e+004,1.271116e-001
1.182555e+004,1.225817e-001
1.182941e+004,1.352305e-001
1.183327e+004,1.611886e-001
1.183712e+004,1.903073e-001
1.184098e+004,2.100500e-001
1.184484e+004,2.104412e-001
1.184869e+004,1.879988e-001
1.185255e+004,1.466776e-001
1.185641e+004,9.703436e-002
1.186027e+004,5.157680e-002
1.186412e+004,2.014019e-002
1.186798e+004,6.425745e-003
1.187184e+004,7.032827e-003
1.187569e+004,1.320306e-002
1.187955e+004,1.445288e-002
1.188341e+004,2.113620e-003
1.188726e+004,-2.608593e-002
1.189112e+004,-6.634063e-002
1.189498e+004,-1.097069e-001
1.189883e+004,-1.452080e-001
1.190269e+004,-1.635222e-001
1.190655e+004,-1.599372e-001
1.191041e+004,-1.355609e-001
1.191426e+004,-9.645355e-002
1.191812e+004,-5.116366e-002
1.192198e+004,-7.635903e-003
1.192583e+004,2.909193e-002
1.192969e+004,5.756319e-002
1.193355e+004,7.873997e-002
1.193741e+004,9.369984e-002
1.194126e+004,1.014887e-001
1.194512e+004,9.840845e-002
1.194898e+004,7.968578e-002
1.195283e+004,4.239148e-002
1.195669e+004,-1.094073e-002
1.196055e+004,-7.026073e-002
1.196440e+004,-1.188660e-001
1.196826e+004,-1.375107e-001
1.197212e+004,-1.106530e-001
1.197598e+004,-3.414893e-002
1.197983e+004,8.522630e-002
1.198369e+004,2.272666e-001
1.198755e+004,3.640019e-001
1.199140e+004,4.674105e-001
1.199526e+004,5.174049e-001
1.199912e+004,5.073658e-001
1.200297e+004,4.453785e-001
1.200683e+004,3.509893e-001
1.201069e+004,2.483538e-001
1.201454e+004,1.584189e-001
1.201840e+004,9.350524e-002
1.202226e+004,5.487972e-002
1.202612e+004,3.418788e-002
1.202997e+004,1.788653e-002
1.203383e+004,-7.095601e-003
1.203769e+004,-4.831746e-002
1.204154e+004,-1.057934e-001
1.204540e+004,-1.721836e-001
1.204926e+004,-2.358336e-001
1.205312e+004,-2.849351e-001
1.205697e+004,-3.112784e-001
1.206083e+004,-3.122874e-001
1.206469e+004,-2.907544e-001
1.206854e+004,-2.526916e-001
1.207240e+004,-2.042722e-001
1.207626e+004,-1.495740e-001
1.208011e+004,-9.003980e-002
1.208397e+004,-2.594409e-002
1.208783e+004,4.090425e-002
1.209169e+004,1.047142e-001
1.209554e+004,1.551089e-001
1.209940e+004,1.792452e-001
1.210326e+004,1.663118e-001
1.210711e+004,1.128132e-001
1.211097e+004,2.635916e-002
1.211483e+004,-7.405156e-002
1.211868e+004,-1.620268e-001
1.212254e+004,-2.111359e-001
1.212640e+004,-2.031967e-001
1.213025e+004,-1.344649e-001
1.213411e+004,-1.741842e-002
1.213797e+004,1.227285e-001
1.214183e+004,2.556048e-001
1.214568e+004,3.545974e-001
1.214954e+004,4.040239e-001
1.215340e+004,4.022730e-001
1.215725e+004,3.602958e-001
1.216111e+004,2.965464e-001
1.216497e+004,2.306984e-001
1.216883e+004,1.782850e-001
1.217268e+004,1.478966e-001
1.217654e+004,1.410782e-001
1.218040e+004,1.540794e-001
1.218425e+004,1.801889e-001
1.218811e+004,2.116697e-001
1.219197e+004,2.410233e-001
1.219582e+004,2.617850e-001
1.219968e+004,2.695212e-001
1.220354e+004,2.629440e-001
1.220740e+004,2.448691e-001
1.221125e+004,2.222238e-001
1.221511e+004,2.045162e-001
1.221897e+004,2.008276e-001
1.222282e+004,2.161753e-001
1.222668e+004,2.489171e-001
1.223054e+004,2.902787e-001
1.223439e+004,3.266086e-001
1.223825e+004,3.437751e-001
1.224211e+004,3.320819e-001
1.224596e+004,2.897818e-001
1.224982e+004,2.237993e-001
1.225368e+004,1.474182e-001
1.225754e+004,7.587995e-002
1.226139e+004,2.187690e-002
1.226525e+004,-7.523097e-003
1.226911e+004,-1.160797e-002
1.227296e+004,5.413480e-003
1.227682e+004,3.693047e-002
1.228068e+004,7.618478e-002
1.228454e+004,1.169599e-001
1.228839e+004,1.547085e-001
1.229225e+004,1.844509e-001
1.229611e+004,2.009494e-001
1.229996e+004,1.995619e-001
1.230382e+004,1.781186e-001
1.230768e+004,1.389521e-001
1.231153e+004,8.986559e-002
1.231539e+004,4.334409e-002
1.231925e+004,1.252117e-002
1.232311e+004,8.011589e-003
1.232696e+004,3.384324e-002
1.233082e+004,8.556298e-002
1.233468e+004,1.511281e-001
1.233853e+004,2.144093e-001
1.234239e+004,2.601120e-001
1.234625e+004,2.778796e-001
1.235010e+004,2.666890e-001
1.235396e+004,2.326449e-001
1.235782e+004,1.870797e-001
1.236167e+004,1.425420e-001
1.236553e+004,1.088799e-001
1.236939e+004,9.074445e-002
1.237325e+004,8.719967e-002
1.237710e+004,9.247027e-002
1.238096e+004,1.010549e-001
1.238482e+004,1.079673e-001
1.238867e+004,1.108736e-001
1.239253e+004,1.101282e-001
1.239639e+004,1.075943e-001
1.240025e+004,1.049534e-001
1.240410e+004,1.023826e-001
1.240796e+004,9.856373e-002
1.241182e+004,9.116618e-002
1.241567e+004,7.835335e-002
1.241953e+004,6.055315e-002
1.242339e+004,4.121521e-002
1.242724e+004,2.621483e-002
1.243110e+004,2.193778e-002
1.243496e+004,3.268069e-002
1.243881e+004,5.940815e-002
1.244267e+004,9.566456e-002
1.244653e+004,1.322060e-001
1.245039e+004,1.584373e-001
1.245424e+004,1.660177e-001
1.245810e+004,1.520982e-001
1.246196e+004,1.209336e-001
1.246581e+004,8.309299e-002
1.246967e+004,5.306893e-002
1.247353e+004,4.182973e-002
1.247738e+004,5.603100e-002
1.248124e+004,9.419499e-002
1.248510e+004,1.465802e-001
1.248896e+004,1.977519e-001
1.249281e+004,2.310649e-001
1.249667e+004,2.336419e-001
1.250053e+004,1.999850e-001
1.250438e+004,1.341964e-001
1.250824e+004,4.851836e-002
1.251210e+004,-4.004201e-002
1.251596e+004,-1.142508e-001
1.251981e+004,-1.608690e-001
1.252367e+004,-1.733835e-001
1.252753e+004,-1.526576e-001
1.253138e+004,-8.019666e-002
1.253524e+004,2.469087e-002
1.253910e+004,9.281161e-002
1.254295e+004,8.442937e-002
1.254681e+004,5.281866e-003
1.255067e+004,-1.033860e-001
1.255452e+004,-1.890668e-001
1.255838e+004,-2.117086e-001
1.256224e+004,-2.102371e-001
1.256610e+004,-1.954804e-001
1.256995e+004,-1.688410e-001
1.257381e+004,-1.320130e-001
1.257767e+004,-8.719581e-002
1.258152e+004,-3.731046e-002
1.258538e+004,1.391071e-002
1.258924e+004,6.204390e-002
1.259309e+004,1.026951e-001
1.259695e+004,1.310258e-001
1.260081e+004,1.437964e-001
1.260467e+004,1.398384e-001
1.260852e+004,1.207033e-001
1.261238e+004,9.081293e-002
1.261624e+004,5.693311e-002
1.262009e+004,2.697805e-002
1.262395e+004,8.822091e-003
1.262781e+004,7.541440e-003
1.263167e+004,2.502171e-002
1.263552e+004,5.930959e-002
1.263938e+004,1.052144e-001
1.264324e+004,1.556802e-001
1.264709e+004,2.034760e-001
1.265095e+004,2.426773e-001
1.265481e+004,2.698972e-001
1.265866e+004,2.831022e-001
1.266252e+004,2.828361e-001
1.266638e+004,2.709736e-001
1.267023e+004,2.501712e-001
1.267409e+004,2.236005e-001
1.267795e+004,1.949025e-001
1.268181e+004,1.681288e-001
1.268566e+004,1.472429e-001
1.268952e+004,1.360000e-001
1.269338e+004,1.363554e-001
1.269723e+004,1.478438e-001
1.270109e+004,1.673224e-001
1.270495e+004,1.895361e-001
1.270880e+004,2.084500e-001
1.271266e+004,2.189584e-001
1.271652e+004,2.184277e-001
1.272038e+004,2.072277e-001
1.272423e+004,1.885974e-001
1.272809e+004,1.673056e-001
1.273195e+004,1.479590e-001
1.273580e+004,1.335569e-001
1.273966e+004,1.248439e-001
1.274352e+004,1.206721e-001
1.274738e+004,1.192583e-001
1.275123e+004,1.190785e-001
1.275509e+004,1.201770e-001
1.275895e+004,1.240382e-001
1.276280e+004,1.326406e-001
1.276666e+004,1.469554e-001
1.277052e+004,1.655434e-001
1.277437e+004,1.839355e-001
1.277823e+004,1.951404e-001
1.278209e+004,1.914632e-001
1.278594e+004,1.670528e-001
1.278980e+004,1.203121e-001
1.279366e+004,5.547885e-002
1.279752e+004,-1.725980e-002
1.280137e+004,-8.331650e-002
1.280523e+004,-1.266554e-001
1.280909e+004,-1.334373e-001
1.281294e+004,-9.536763e-002
1.281680e+004,-1.260851e-002
1.282066e+004,1.057426e-001
1.282451e+004,2.430569e-001
1.282837e+004,3.784602e-001
1.283223e+004,4.912758e-001
1.283609e+004,5.655831e-001
1.283994e+004,5.937777e-001
1.284380e+004,5.776401e-001
1.284766e+004,5.279780e-001
1.285151e+004,4.610540e-001
1.285537e+004,3.939401e-001
1.285923e+004,3.399009e-001
1.286308e+004,3.052365e-001
1.286694e+004,2.885628e-001
1.287080e+004,2.826495e-001
1.287466e+004,2.784048e-001
1.287851e+004,2.689587e-001
1.288237e+004,2.529434e-001
1.288623e+004,2.353595e-001
1.289008e+004,2.257663e-001
1.289394e+004,2.344346e-001
1.289780e+004,2.679198e-001
1.290165e+004,3.257234e-001
1.290551e+004,3.993714e-001
1.290937e+004,4.742551e-001
1.291323e+004,5.336331e-001
1.291708e+004,5.633705e-001
1.292094e+004,5.557588e-001
1.292480e+004,5.111957e-001
1.292865e+004,4.373394e-001
1.293251e+004,3.465674e-001
1.293637e+004,2.516524e-001
1.294022e+004,1.633998e-001
1.294408e+004,8.897372e-002
1.294794e+004,3.195910e-002
1.295180e+004,-6.515279e-003
1.295565e+004,-2.651443e-002
1.295951e+004,-2.866331e-002
1.296337e+004,-1.435972e-002
1.296722e+004,1.290034e-002
1.297108e+004,4.747773e-002
1.297494e+004,8.137117e-002
1.297879e+004,1.055410e-001
1.298265e+004,1.121888e-001
1.298651e+004,9.722735e-002
1.299037e+004,6.195623e-002
1.299422e+004,1.335542e-002
1.299808e+004,-3.806669e-002
1.300194e+004,-8.062464e-002
1.300579e+004,-1.045296e-001
1.300965e+004,-1.042165e-001
1.301351e+004,-7.930860e-002
1.301736e+004,-3.408503e-002
1.302122e+004,2.416705e-002
1.302508e+004,8.617303e-002
1.302894e+004,1.458143e-001
1.303279e+004,1.978028e-001
1.303665e+004,2.389917e-001
1.304051e+004,2.682153e-001
1.304436e+004,2.859384e-001
1.304822e+004,2.939286e-001
1.305208e+004,2.949365e-001
1.305593e+004,2.924174e-001
1.305979e+004,2.894200e-001
1.306365e+004,2.880676e-001
1.306751e+004,2.887756e-001
1.307136e+004,2.898274e-001
1.307522e+004,2.876357e-001
1.307908e+004,2.777725e-001
1.308293e+004,2.565184e-001
1.308679e+004,2.230055e-001
1.309065e+004,1.785598e-001
1.309450e+004,1.278978e-001
1.309836e+004,7.770283e-002
1.310222e+004,3.482216e-002
1.310608e+004,4.338205e-003
1.310993e+004,-1.180744e-002
1.311379e+004,-1.517591e-002
1.311765e+004,-1.026643e-002
1.312150e+004,-2.361888e-003
1.312536e+004,3.866451e-003
1.312922e+004,5.876393e-003
1.313307e+004,3.854226e-003
1.313693e+004,3.469139e-004
1.314079e+004,-8.570570e-004
1.314465e+004,3.830153e-003
1.314850e+004,1.691307e-002
1.315236e+004,3.792608e-002
1.315622e+004,6.469019e-002
1.316007e+004,9.361500e-002
1.316393e+004,1.208239e-001
1.316779e+004,1.433262e-001
1.317164e+004,1.599081e-001
1.317550e+004,1.715065e-001
1.317936e+004,1.804731e-001
1.318322e+004,1.913164e-001
1.318707e+004,2.082019e-001
1.319093e+004,2.339305e-001
1.319479e+004,2.688777e-001
1.319864e+004,3.105086e-001
1.320250e+004,3.536641e-001
1.320636e+004,3.915921e-001
1.321021e+004,4.173346e-001
1.321407e+004,4.256085e-001
1.321793e+004,4.140073e-001
1.322179e+004,3.835855e-001
1.322564e+004,3.384755e-001
1.322950e+004,2.847783e-001
1.323336e+004,2.291393e-001
1.323721e+004,1.774698e-001
1.324107e+004,1.341280e-001
1.324493e+004,1.021492e-001
1.324878e+004,8.266987e-002
1.325264e+004,7.558410e-002
1.325650e+004,7.976979e-002
1.326036e+004,9.312091e-002
1.326421e+004,1.125498e-001
1.326807e+004,1.341968e-001
1.327193e+004,1.545162e-001
1.327578e+004,1.695964e-001
1.327964e+004,1.777748e-001
1.328350e+004,1.795231e-001
1.328735e+004,1.770594e-001
1.329121e+004,1.731711e-001
1.329507e+004,1.697205e-001
1.329892e+004,1.665620e-001
1.330278e+004,1.616660e-001
1.330664e+004,1.519929e-001
1.331050e+004,1.361507e-001
1.331435e+004,1.162944e-001
1.331821e+004,9.887527e-002
1.332207e+004,9.331498e-002
1.332592e+004,1.087197e-001
1.332978e+004,1.497051e-001
1.333364e+004,2.134467e-001
1.333750e+004,2.873170e-001
1.334135e+004,3.525921e-001
1.334521e+004,3.895438e-001
1.334907e+004,3.840597e-001
1.335292e+004,3.330470e-001
1.335678e+004,2.464749e-001
1.336064e+004,1.450676e-001
1.336449e+004,5.289484e-002
1.336835e+004,-5.779691e-003
1.337221e+004,-1.811648e-002
1.337607e+004,1.512982e-002
1.337992e+004,8.056442e-002
1.338378e+004,1.570394e-001
1.338764e+004,2.225463e-001
1.339149e+004,2.606368e-001
1.339535e+004,2.634591e-001
1.339921e+004,2.345352e-001
1.340306e+004,1.845304e-001
1.340692e+004,1.274873e-001
1.341078e+004,7.663102e-002
1.341463e+004,4.152198e-002
1.341849e+004,2.699605e-002
1.342235e+004,3.351412e-002
1.342621e+004,5.818775e-002
1.343006e+004,9.592580e-002
1.343392e+004,1.392784e-001
1.343778e+004,1.796642e-001
1.344163e+004,2.084841e-001
1.344549e+004,2.188227e-001
1.344935e+004,2.074354e-001
1.345321e+004,1.762774e-001
1.345706e+004,1.318314e-001
1.346092e+004,8.650336e-002
1.346478e+004,5.302080e-002
1.346863e+004,4.111017e-002
1.347249e+004,5.441304e-002
1.347635e+004,8.937097e-002
1.348020e+004,1.365045e-001
1.348406e+004,1.835542e-001
1.348792e+004,2.206424e-001
1.349178e+004,2.382287e-001
1.349563e+004,2.343110e-001
1.349949e+004,2.120959e-001
1.350335e+004,1.777809e-001
1.350720e+004,1.380082e-001
1.351106e+004,9.802856e-002
1.351492e+004,6.103309e-002
1.351877e+004,3.094114e-002
1.352263e+004,8.405391e-003
1.352649e+004,-6.848205e-003
1.353034e+004,-1.592152e-002
1.353420e+004,-2.036210e-002
1.353806e+004,-2.136525e-002
1.354192e+004,-1.863449e-002
1.354577e+004,-9.566620e-003
1.354963e+004,2.391428e-002
1.355349e+004,7.408779e-002
1.355734e+004,1.384655e-001
1.356120e+004,2.058457e-001
1.356506e+004,2.573035e-001
1.356892e+004,2.720675e-001
1.357277e+004,2.362772e-001
1.357663e+004,1.504956e-001
1.358049e+004,4.494102e-002
1.358434e+004,-6.671736e-002
1.358820e+004,-1.639702e-001
1.359206e+004,-2.304239e-001
1.359591e+004,-2.578431e-001
1.359977e+004,-2.468464e-001
1.360363e+004,-2.044767e-001
1.360749e+004,-1.402533e-001
1.361134e+004,-7.223909e-002
1.361520e+004,2.076179e-003
1.361906e+004,7.965893e-002
1.362291e+004,1.570542e-001
1.362677e+004,2.289789e-001
1.363063e+004,2.882590e-001
1.363448e+004,3.272766e-001
1.363834e+004,3.403033e-001
1.364220e+004,3.263284e-001
1.364605e+004,2.888361e-001
1.364991e+004,2.348530e-001
1.365377e+004,1.736792e-001
1.365763e+004,1.146769e-001
1.366148e+004,6.541874e-002
1.366534e+004,3.067894e-002
1.366920e+004,1.231575e-002
1.367305e+004,9.718341e-003
1.367691e+004,2.055221e-002
1.368077e+004,4.123181e-002
1.368463e+004,6.742116e-002
1.368848e+004,9.447476e-002
1.369234e+004,1.179531e-001
1.369620e+004,1.342034e-001
1.370005e+004,1.408977e-001
1.370391e+004,1.371579e-001
1.370777e+004,1.241432e-001
1.371162e+004,1.044931e-001
1.371548e+004,8.213402e-002
1.371934e+004,6.187542e-002
1.372320e+004,4.884584e-002
1.372705e+004,4.761929e-002
1.373091e+004,6.103947e-002
1.373477e+004,8.935127e-002
1.373862e+004,1.284583e-001
1.374248e+004,1.708170e-001
1.374634e+004,2.068552e-001
1.375019e+004,2.275668e-001
1.375405e+004,2.272735e-001
1.375791e+004,2.054406e-001
1.376176e+004,1.667193e-001
1.376562e+004,1.190844e-001
1.376948e+004,7.087740e-002
1.377334e+004,2.799942e-002
1.377719e+004,-7.316433e-003
1.378105e+004,-3.584322e-002
1.378491e+004,-5.928170e-002
1.378876e+004,-7.804116e-002
1.379262e+004,-9.029144e-002
1.379648e+004,-9.318537e-002
1.380033e+004,-8.471811e-002
1.380419e+004,-6.671731e-002
1.380805e+004,-4.576524e-002
1.381191e+004,-3.181819e-002
1.381576e+004,-3.461274e-002
1.381962e+004,-5.931812e-002
1.382348e+004,-1.034015e-001
1.382733e+004,-1.560847e-001
1.383119e+004,-2.029297e-001
1.383505e+004,-2.290523e-001
1.383891e+004,-2.244535e-001
1.384276e+004,-1.871512e-001
1.384662e+004,-1.233253e-001
1.385048e+004,-4.463977e-002
1.385433e+004,3.599067e-002
1.385819e+004,1.055026e-001
1.386205e+004,1.619687e-001
1.386590e+004,2.048066e-001
1.386976e+004,2.357775e-001
1.387362e+004,2.565479e-001
1.387747e+004,2.670411e-001
1.388133e+004,2.653179e-001
1.388519e+004,2.488912e-001
1.388905e+004,2.183536e-001
1.389290e+004,1.750316e-001
1.389676e+004,1.239905e-001
1.390062e+004,7.269212e-002
1.390447e+004,2.913585e-002
1.390833e+004,-2.392679e-004
1.391219e+004,-1.217690e-002
1.391604e+004,-7.211521e-003
1.391990e+004,1.231226e-002
1.392376e+004,3.840394e-002
1.392762e+004,6.468039e-002
1.393147e+004,8.565546e-002
1.393533e+004,9.768346e-002
1.393919e+004,9.932037e-002
1.394304e+004,9.118593e-002
1.394690e+004,7.544327e-002
1.395076e+004,5.528520e-002
1.395462e+004,3.325943e-002
1.395847e+004,1.255511e-002
1.396233e+004,-3.692254e-003
1.396619e+004,-1.228488e-002
1.397004e+004,-9.887524e-003
1.397390e+004,6.721348e-003
1.397776e+004,4.000695e-002
1.398161e+004,8.696532e-002
1.398547e+004,1.487840e-001
1.398933e+004,2.207281e-001
1.399318e+004,2.951817e-001
1.399704e+004,3.627798e-001
1.400090e+004,4.142148e-001
1.400476e+004,4.422296e-001
1.400861e+004,4.431329e-001
1.401247e+004,4.164528e-001
1.401633e+004,3.680733e-001
1.402018e+004,3.036287e-001
1.402404e+004,2.293202e-001
1.402790e+004,1.508644e-001
1.403175e+004,7.314704e-002
1.403561e+004,5.403822e-004
1.403947e+004,-6.252278e-002
1.404333e+004,-1.117447e-001
1.404718e+004,-1.422909e-001
1.405104e+004,-1.505301e-001
1.405490e+004,-1.352728e-001
1.405875e+004,-9.884885e-002
1.406261e+004,-4.726999e-002
1.406647e+004,1.075101e-002
1.407032e+004,6.574784e-002
1.407418e+004,1.102413e-001
1.407804e+004,1.382515e-001
1.408190e+004,1.491393e-001
1.408575e+004,1.458949e-001
1.408961e+004,1.336238e-001
1.409347e+004,1.178158e-001
1.409732e+004,1.030778e-001
1.410118e+004,9.273899e-002
1.410504e+004,8.865054e-002
1.410889e+004,9.449065e-002
1.411275e+004,1.125520e-001
1.411661e+004,1.444726e-001
1.412047e+004,1.900724e-001
1.412432e+004,2.461344e-001
1.412818e+004,3.059141e-001
1.413204e+004,3.599741e-001
1.413589e+004,3.986668e-001
1.413975e+004,4.128754e-001
1.414361e+004,4.000930e-001
1.414746e+004,3.645109e-001
1.415132e+004,3.160712e-001
1.415518e+004,2.675630e-001
1.415904e+004,2.307169e-001
1.416289e+004,2.127241e-001
1.416675e+004,2.133494e-001
1.417061e+004,2.286116e-001
1.417446e+004,2.491918e-001
1.417832e+004,2.653393e-001
1.418218e+004,2.701759e-001
1.418603e+004,2.617132e-001
1.418989e+004,2.430589e-001
1.419375e+004,2.210014e-001
1.419761e+004,2.031368e-001
1.420146e+004,1.971688e-001
1.420532e+004,2.068785e-001
1.420918e+004,2.318848e-001
1.421303e+004,2.677995e-001
1.421689e+004,3.072932e-001
1.422075e+004,3.416899e-001
1.422460e+004,3.627859e-001
1.422846e+004,3.640758e-001
1.423232e+004,3.429660e-001
1.423618e+004,3.009335e-001
1.424003e+004,2.434073e-001
1.424389e+004,1.787284e-001
1.424775e+004,1.165124e-001
1.425160e+004,6.577913e-002
1.425546e+004,3.331069e-002
1.425932e+004,2.249064e-002
1.426317e+004,3.378927e-002
1.426703e+004,6.398718e-002
1.427089e+004,1.077514e-001
1.427475e+004,1.588914e-001
1.427860e+004,2.115271e-001
1.428246e+004,2.608954e-001
1.428632e+004,3.037009e-001
1.429017e+004,3.382348e-001
1.429403e+004,3.628395e-001
1.429789e+004,3.764504e-001
1.430174e+004,3.775775e-001
1.430560e+004,3.641257e-001
1.430946e+004,3.338498e-001
1.431332e+004,2.854029e-001
1.431717e+004,2.197071e-001
1.432103e+004,1.403344e-001
1.432489e+004,5.630500e-002
1.432874e+004,-2.105286e-002
1.433260e+004,-7.950364e-002
1.433646e+004,-1.086557e-001
1.434031e+004,-1.025509e-001
1.434417e+004,-6.128033e-002
1.434803e+004,8.912958e-003
1.435189e+004,9.820719e-002
1.435574e+004,1.919038e-001
1.435960e+004,2.762252e-001
1.436346e+004,3.396780e-001
1.436731e+004,3.743754e-001
1.437117e+004,3.765490e-001
1.437503e+004,3.464959e-001
1.437888e+004,2.882628e-001
1.438274e+004,2.084499e-001
1.438660e+004,1.173146e-001
1.439046e+004,2.626478e-002
1.439431e+004,-5.366282e-002
1.439817e+004,-1.136224e-001
1.440203e+004,-1.484061e-001
1.440588e+004,-1.570892e-001
1.440974e+004,-1.426680e-001
1.441360e+004,-1.103922e-001
1.441745e+004,-6.767151e-002
1.442131e+004,-2.176867e-002
1.442517e+004,2.107689e-002
1.442903e+004,5.627251e-002
1.443288e+004,8.135900e-002
1.443674e+004,9.645111e-002
1.444060e+004,1.044734e-001
1.444445e+004,1.107104e-001
1.444831e+004,1.214430e-001
1.445217e+004,1.416243e-001
1.445602e+004,1.721418e-001
1.445988e+004,2.082735e-001
1.446374e+004,2.403127e-001
1.446760e+004,2.566084e-001
1.447145e+004,2.480920e-001
1.447531e+004,2.117226e-001
1.447917e+004,1.541076e-001
1.448302e+004,8.826971e-002
1.448688e+004,2.895582e-002
1.449074e+004,-1.329224e-002
1.449459e+004,-3.615768e-002
1.449845e+004,-4.560821e-002
1.450231e+004,-5.181603e-002
1.450617e+004,-6.119534e-002
1.451002e+004,-7.545006e-002
1.451388e+004,-8.603500e-002
1.451774e+004,-7.872948e-002
1.452159e+004,-4.089078e-002
1.452545e+004,3.103055e-002
1.452931e+004,1.273858e-001
1.453316e+004,2.267173e-001
1.453702e+004,3.070484e-001
1.454088e+004,3.347309e-001
1.454474e+004,2.970917e-001
1.454859e+004,1.985170e-001
1.455245e+004,5.878453e-002
1.455631e+004,-9.291678e-002
1.456016e+004,-2.255753e-001
1.456402e+004,-3.131202e-001
1.456788e+004,-3.381114e-001
1.457173e+004,-2.922182e-001
1.457559e+004,-1.863981e-001
1.457945e+004,-4.549446e-002
1.458331e+004,9.642031e-002
1.458716e+004,2.039042e-001
1.459102e+004,2.499372e-001
1.459488e+004,2.245589e-001
1.459873e+004,1.417417e-001
1.460259e+004,2.802376e-002
1.460645e+004,-8.440419e-002
1.461030e+004,-1.683933e-001
1.461416e+004,-2.108450e-001
1.461802e+004,-2.152761e-001
1.462188e+004,-1.969577e-001
1.462573e+004,-1.733643e-001
1.462959e+004,-1.556511e-001
1.463345e+004,-1.430368e-001
1.463730e+004,-1.273106e-001
1.464116e+004,-9.950337e-002
1.464502e+004,-5.687051e-002
1.464887e+004,-6.439933e-003
1.465273e+004,3.689773e-002
1.465659e+004,5.693889e-002
1.466045e+004,4.637791e-002
1.466430e+004,6.658893e-003
1.466816e+004,-4.969784e-002
1.467202e+004,-1.038458e-001
1.467587e+004,-1.376943e-001
1.467973e+004,-1.403956e-001
1.468359e+004,-1.115424e-001
1.468744e+004,-6.005930e-002
1.469130e+004,-1.081638e-003
1.469516e+004,5.331844e-002
1.469902e+004,9.497759e-002
1.470287e+004,1.213919e-001
1.470673e+004,1.344572e-001
1.471059e+004,1.379537e-001
1.471444e+004,1.352531e-001
1.471830e+004,1.282492e-001
1.472216e+004,1.174025e-001
1.472601e+004,1.033914e-001
1.472987e+004,8.692228e-002
1.473373e+004,6.930698e-002
1.473758e+004,5.226311e-002
1.474144e+004,3.780250e-002
1.474530e+004,2.856182e-002
1.474916e+004,2.843057e-002
1.475301e+004,4.265058e-002
1.475687e+004,7.713015e-002
1.476073e+004,1.361399e-001
1.476458e+004,2.191904e-001
1.476844e+004,3.184893e-001
1.477230e+004,4.186014e-001
1.477616e+004,4.992664e-001
1.478001e+004,5.410368e-001
1.478387e+004,5.323269e-001
1.478773e+004,4.736515e-001
1.479158e+004,3.788210e-001
1.479544e+004,2.714246e-001
1.479930e+004,1.774905e-001
1.480315e+004,1.170392e-001
1.480701e+004,9.773869e-002
1.481087e+004,1.131137e-001
1.481472e+004,1.456400e-001
1.481858e+004,1.747351e-001
1.482244e+004,1.841693e-001
1.482630e+004,1.675521e-001
1.483015e+004,1.296826e-001
1.483401e+004,8.351629e-002
1.483787e+004,4.432092e-002
1.484172e+004,2.358919e-002
1.484558e+004,2.392018e-002
1.484944e+004,4.175489e-002
1.485329e+004,6.745058e-002
1.485715e+004,9.002921e-002
1.486101e+004,1.010307e-001
1.486487e+004,9.676515e-002
1.486872e+004,7.846445e-002
1.487258e+004,5.077727e-002
1.487644e+004,2.395963e-002
1.488029e+004,3.355021e-003
1.488415e+004,-8.948285e-003
1.488801e+004,-1.204069e-002
1.489187e+004,-6.020270e-003
1.489572e+004,8.159898e-003
1.489958e+004,2.873427e-002
1.490344e+004,5.309893e-002
1.490729e+004,8.997668e-002
1.491115e+004,1.186007e-001
1.491501e+004,1.329766e-001
1.491886e+004,1.289566e-001
1.492272e+004,1.051327e-001
1.492658e+004,6.326106e-002
1.493043e+004,8.063776e-003
1.493429e+004,-5.357838e-002
1.493815e+004,-9.548771e-002
1.494201e+004,-1.238975e-001
1.494586e+004,-1.294238e-001
1.494972e+004,-1.068020e-001
1.495358e+004,-5.679419e-002
1.495743e+004,1.383396e-002
1.496129e+004,9.427880e-002
1.496515e+004,1.728484e-001
1.496900e+004,2.408652e-001
1.497286e+004,2.913559e-001
1.497672e+004,3.231243e-001
1.498058e+004,3.378393e-001
1.498443e+004,3.377993e-001
1.498829e+004,3.241948e-001
1.499215e+004,2.967056e-001
1.499600e+004,2.545705e-001
1.499986e+004,1.985148e-001
