5.014096e+002,-6.763195e-001
5.052666e+002,-8.126923e-001
5.091236e+002,-9.215919e-001
5.129806e+002,-9.604234e-001
5.168376e+002,-8.848982e-001
5.206946e+002,-6.695523e-001
5.245516e+002,-3.230786e-001
5.284086e+002,8.281547e-002
5.322656e+002,5.063536e-001
5.361226e+002,8.888822e-001
5.399796e+002,1.192759e+000
5.438365e+002,1.412257e+000
5.476936e+002,1.570934e+000
5.515505e+002,1.707229e+000
5.554076e+002,1.855241e+000
5.592646e+002,2.014968e+000
5.631216e+002,2.191678e+000
5.669786e+002,2.358006e+000
5.708356e+002,2.480536e+000
5.746926e+002,2.532220e+000
5.785496e+002,2.500057e+000
5.824066e+002,2.385844e+000
5.862635e+002,2.201659e+000
5.901205e+002,1.960488e+000
5.939775e+002,1.681474e+000
5.978345e+002,1.387990e+000
6.016915e+002,1.109929e+000
6.055485e+002,8.846774e-001
6.094055e+002,7.517543e-001
6.132625e+002,7.405728e-001
6.171195e+002,8.554001e-001
6.209765e+002,1.063684e+000
6.248335e+002,1.294955e+000
6.286905e+002,1.458278e+000
6.325475e+002,1.476706e+000
6.364045e+002,1.319925e+000
6.402615e+002,1.023218e+000
6.441185e+002,6.825830e-001
6.479755e+002,4.250890e-001
6.518325e+002,3.584808e-001
6.556895e+002,5.572879e-001
6.595465e+002,9.924653e-001
6.634035e+002,1.551919e+000
6.672605e+002,2.076539e+000
6.711175e+002,2.413289e+000
6.749745e+002,2.465520e+000
6.788315e+002,2.222653e+000
6.826885e+002,1.756267e+000
6.865455e+002,1.205801e+000
6.904025e+002,7.270357e-001
6.942595e+002,4.494421e-001
6.981165e+002,4.456491e-001
7.019734e+002,7.202148e-001
7.058304e+002,1.216204e+000
7.096874e+002,1.833354e+000
7.135444e+002,2.449453e+000
7.174014e+002,2.947885e+000
7.212584e+002,3.231414e+000
7.251154e+002,3.239307e+000
7.289724e+002,2.957817e+000
7.328294e+002,2.423326e+000
7.366864e+002,1.715914e+000
7.405435e+002,9.430353e-001
7.444004e+002,2.502740e-001
7.482574e+002,-3.116295e-001
7.521144e+002,-6.912370e-001
7.559714e+002,-8.744237e-001
7.598284e+002,-8.782747e-001
7.636854e+002,-7.381615e-001
7.675424e+002,-4.942317e-001
7.713994e+002,-1.829139e-001
7.752564e+002,1.574875e-001
7.791134e+002,4.981030e-001
7.829704e+002,8.179146e-001
7.868274e+002,1.090854e+000
7.906844e+002,1.288558e+000
7.945414e+002,1.386824e+000
7.983984e+002,1.372971e+000
8.022554e+002,1.250626e+000
8.061124e+002,1.082983e+000
8.099694e+002,8.726150e-001
8.138264e+002,6.480486e-001
8.176833e+002,4.335102e-001
8.215403e+002,2.456040e-001
8.253973e+002,9.347285e-002
8.292544e+002,-1.827326e-002
8.331113e+002,-8.584690e-002
8.369684e+002,-1.893662e-001
8.408253e+002,-2.039151e-001
8.446824e+002,-1.199536e-001
8.485393e+002,5.288291e-002
8.523964e+002,2.817615e-001
8.562533e+002,5.162914e-001
8.601104e+002,7.038831e-001
8.639673e+002,8.097039e-001
8.678243e+002,8.373009e-001
8.716813e+002,8.270415e-001
8.755383e+002,8.484015e-001
8.793953e+002,9.668293e-001
8.832523e+002,1.209639e+000
8.871093e+002,1.545866e+000
8.909663e+002,1.891050e+000
8.948233e+002,2.136986e+000
8.986803e+002,2.191756e+000
9.025373e+002,2.016596e+000
9.063943e+002,1.657225e+000
9.102513e+002,1.222484e+000
9.141083e+002,8.428664e-001
9.179653e+002,6.204551e-001
9.218223e+002,5.911812e-001
9.256793e+002,7.142221e-001
9.295363e+002,8.886784e-001
9.333933e+002,9.987042e-001
9.372502e+002,9.500607e-001
9.411073e+002,7.022781e-001
9.449642e+002,2.773929e-001
9.488213e+002,-2.512047e-001
9.526782e+002,-7.816763e-001
9.565353e+002,-1.208782e+000
9.603922e+002,-1.441441e+000
9.642493e+002,-1.430067e+000
9.681062e+002,-1.161849e+000
9.719633e+002,-6.723278e-001
9.758203e+002,-4.600818e-002
9.796772e+002,5.929606e-001
9.835342e+002,1.102892e+000
9.873912e+002,1.357387e+000
9.912482e+002,1.283219e+000
9.951052e+002,8.788573e-001
9.989622e+002,2.199638e-001
1.002819e+003,-5.616709e-001
1.006676e+003,-1.317159e+000
1.010533e+003,-1.923285e+000
1.014390e+003,-2.312746e+000
1.018247e+003,-2.481066e+000
1.022104e+003,-2.470179e+000
1.025961e+003,-2.337596e+000
1.029818e+003,-2.128589e+000
1.033675e+003,-1.863023e+000
1.037532e+003,-1.541480e+000
1.041389e+003,-1.164537e+000
1.045246e+003,-7.524055e-001
1.049103e+003,-3.524562e-001
1.052960e+003,-2.268267e-002
1.056817e+003,1.697439e-001
1.060674e+003,1.968260e-001
1.064531e+003,7.561685e-002
1.068388e+003,-1.366946e-001
1.072245e+003,-3.638908e-001
1.076102e+003,-5.376899e-001
1.079959e+003,-6.178629e-001
1.083816e+003,-5.948980e-001
1.087673e+003,-4.862508e-001
1.091530e+003,-3.121749e-001
1.095387e+003,-8.359928e-002
1.099244e+003,2.005187e-001
1.103101e+003,5.435675e-001
1.106958e+003,9.362668e-001
1.110815e+003,1.346420e+000
1.114672e+003,1.721508e+000
1.118529e+003,1.999923e+000
1.122386e+003,2.136575e+000
1.126243e+003,2.117893e+000
1.130100e+003,1.965760e+000
1.133957e+003,1.727111e+000
1.137814e+003,1.454937e+000
1.141671e+003,1.190466e+000
1.145528e+003,9.537634e-001
1.149385e+003,7.518767e-001
1.153242e+003,5.855496e-001
1.157099e+003,4.626806e-001
1.160956e+003,4.022335e-001
1.164813e+003,4.279711e-001
1.168670e+003,5.557797e-001
1.172527e+003,7.821422e-001
1.176384e+003,1.082194e+000
1.180241e+003,1.411732e+000
1.184098e+003,1.725823e+000
1.187955e+003,1.991715e+000
1.191812e+003,2.196620e+000
1.195669e+003,2.346471e+000
1.199526e+003,2.458041e+000
1.203383e+003,2.549895e+000
1.207240e+003,2.636832e+000
1.211097e+003,2.731655e+000
1.214954e+003,2.847967e+000
1.218811e+003,3.002834e+000
1.222668e+003,3.214482e+000
1.226525e+003,3.495144e+000
1.230382e+003,3.842669e+000
1.234239e+003,4.235912e+000
1.238096e+003,4.637257e+000
1.241953e+003,5.001290e+000
1.245810e+003,5.286222e+000
1.249667e+003,5.462219e+000
1.253524e+003,5.513670e+000
1.257381e+003,5.436349e+000
1.261238e+003,5.233718e+000
1.265095e+003,4.917033e+000
1.268952e+003,4.510512e+000
1.272809e+003,4.059894e+000
1.276666e+003,3.635176e+000
1.280523e+003,3.323998e+000
1.284380e+003,3.212965e+000
1.288237e+003,3.362072e+000
1.292094e+003,3.782158e+000
1.295951e+003,4.425689e+000
1.299808e+003,5.196367e+000
1.303665e+003,5.974723e+000
1.307522e+003,6.650759e+000
1.311379e+003,7.150712e+000
1.315236e+003,7.448996e+000
1.319093e+003,7.563230e+000
1.322950e+003,7.537777e+000
1.326807e+003,7.425214e+000
1.330664e+003,7.273910e+000
1.334521e+003,7.124506e+000
1.338378e+003,7.012379e+000
1.342235e+003,6.969595e+000
1.346092e+003,7.021605e+000
1.349949e+003,7.178599e+000
1.353806e+003,7.426631e+000
1.357663e+003,7.725509e+000
1.361520e+003,8.017665e+000
1.365377e+003,8.247418e+000
1.369234e+003,8.380907e+000
1.373091e+003,8.419106e+000
1.376948e+003,8.396274e+000
1.380805e+003,8.364384e+000
1.384662e+003,8.371092e+000
1.388519e+003,8.442210e+000
1.392376e+003,8.576803e+000
1.396233e+003,8.757156e+000
1.400090e+003,8.964766e+000
1.403947e+003,9.193288e+000
1.407804e+003,9.448545e+000
1.411661e+003,9.734358e+000
1.415518e+003,1.003178e+001
1.419375e+003,1.028477e+001
1.423232e+003,1.040393e+001
1.427089e+003,1.029167e+001
1.430946e+003,9.880574e+000
1.434803e+003,9.169875e+000
1.438660e+003,8.242204e+000
1.442517e+003,7.250764e+000
1.446374e+003,6.379200e+000
1.450231e+003,5.788393e+000
1.454088e+003,5.570645e+000
1.457945e+003,5.726945e+000
1.461802e+003,6.178157e+000
1.465659e+003,6.799966e+000
1.469516e+003,7.468280e+000
1.473373e+003,8.096347e+000
1.477230e+003,8.650620e+000
1.481087e+003,9.142596e+000
1.484944e+003,9.603999e+000
1.488801e+003,1.005919e+001
1.492658e+003,1.050660e+001
1.496515e+003,1.091677e+001
1.500372e+003,1.124516e+001
1.504229e+003,1.145202e+001
1.508086e+003,1.151942e+001
1.511943e+003,1.145813e+001
1.515800e+003,1.130224e+001
1.519657e+003,1.109572e+001
1.523514e+003,1.087634e+001
1.527371e+003,1.066487e+001
1.531228e+003,1.046285e+001
1.535085e+003,1.025872e+001
1.538942e+003,1.003928e+001
1.542799e+003,9.801408e+000
1.546656e+003,9.559832e+000
1.550513e+003,9.348798e+000
1.554370e+003,9.216768e+000
1.558227e+003,9.216725e+000
1.562084e+003,9.394346e+000
1.565941e+003,9.776943e+000
1.569798e+003,1.036546e+001
1.573655e+003,1.113096e+001
1.577512e+003,1.201584e+001
1.581369e+003,1.294132e+001
1.585226e+003,1.381671e+001
1.589083e+003,1.455255e+001
1.592940e+003,1.507401e+001
1.596797e+003,1.533266e+001
1.600654e+003,1.531447e+001
1.604511e+003,1.504214e+001
1.608368e+003,1.457109e+001
1.612225e+003,1.397838e+001
1.616082e+003,1.334888e+001
1.619939e+003,1.276010e+001
1.623796e+003,1.227027e+001
1.627653e+003,1.191282e+001
1.631510e+003,1.169814e+001
1.635367e+003,1.162150e+001
1.639224e+003,1.167324e+001
1.643081e+003,1.184697e+001
1.646938e+003,1.214201e+001
1.650795e+003,1.255876e+001
1.654652e+003,1.308929e+001
1.658509e+003,1.370736e+001
1.662366e+003,1.436302e+001
1.666223e+003,1.498537e+001
1.670080e+003,1.549408e+001
1.673937e+003,1.581729e+001
1.677794e+003,1.590940e+001
1.681651e+003,1.576458e+001
1.685508e+003,1.542092e+001
1.689365e+003,1.495363e+001
1.693222e+003,1.445913e+001
1.697079e+003,1.403369e+001
1.700936e+003,1.375204e+001
1.704793e+003,1.365088e+001
1.708650e+003,1.372210e+001
1.712507e+003,1.391702e+001
1.716364e+003,1.416151e+001
1.720221e+003,1.437861e+001
1.724078e+003,1.451248e+001
1.727935e+003,1.454669e+001
1.731792e+003,1.451025e+001
1.735649e+003,1.446842e+001
1.739506e+003,1.450002e+001
1.743363e+003,1.466818e+001
1.747220e+003,1.499477e+001
1.751077e+003,1.544797e+001
1.754934e+003,1.594839e+001
1.758791e+003,1.639194e+001
1.762648e+003,1.668143e+001
1.766505e+003,1.675479e+001
1.770362e+003,1.660025e+001
1.774219e+003,1.625312e+001
1.778076e+003,1.577757e+001
1.781933e+003,1.524248e+001
1.785790e+003,1.470224e+001
1.789647e+003,1.419020e+001
1.793504e+003,1.372527e+001
1.797361e+003,1.332619e+001
1.801218e+003,1.302292e+001
1.805075e+003,1.285768e+001
1.808932e+003,1.287274e+001
1.812789e+003,1.308976e+001
1.816646e+003,1.349056e+001
1.820503e+003,1.400953e+001
1.824360e+003,1.454346e+001
1.828217e+003,1.497608e+001
1.832073e+003,1.521098e+001
1.835931e+003,1.519851e+001
1.839788e+003,1.494819e+001
1.843645e+003,1.452218e+001
1.847501e+003,1.401321e+001
1.851359e+003,1.351557e+001
1.855216e+003,1.309937e+001
1.859073e+003,1.279736e+001
1.862929e+003,1.260361e+001
1.866787e+003,1.248502e+001
1.870644e+003,1.239776e+001
1.874500e+003,1.230243e+001
1.878357e+003,1.217323e+001
1.882215e+003,1.199960e+001
1.886072e+003,1.178181e+001
1.889928e+003,1.152476e+001
1.893786e+003,1.123156e+001
1.897643e+003,1.090147e+001
1.901500e+003,1.053203e+001
1.905356e+003,1.012457e+001
1.909214e+003,9.690236e+000
1.913071e+003,9.253813e+000
1.916927e+003,8.852302e+000
1.920784e+003,8.528019e+000
1.924642e+003,8.316888e+000
1.928499e+003,8.236628e+000
1.932355e+003,8.279316e+000
1.936212e+003,8.412225e+000
1.940070e+003,8.587804e+000
1.943927e+003,8.759656e+000
1.947783e+003,8.898116e+000
1.951640e+003,8.998982e+000
1.955498e+003,9.080112e+000
1.959354e+003,9.167296e+000
1.963211e+003,9.274958e+000
1.967068e+003,9.390645e+000
1.970926e+003,9.471406e+000
1.974782e+003,9.455280e+000
1.978639e+003,9.284314e+000
1.982497e+003,8.930978e+000
1.986354e+003,8.414309e+000
1.990210e+003,7.801092e+000
1.994067e+003,7.188893e+000
1.997925e+003,6.677337e+000
2.001781e+003,6.338496e+000
2.005638e+003,6.197422e+000
2.009495e+003,6.229304e+000
2.013353e+003,6.373303e+000
2.017209e+003,6.555676e+000
2.021066e+003,6.712049e+000
2.024923e+003,6.800735e+000
2.028781e+003,6.803105e+000
2.032637e+003,6.713213e+000
2.036494e+003,6.523399e+000
2.040351e+003,6.215507e+000
2.044208e+003,5.756625e+000
2.048065e+003,5.112963e+000
2.051922e+003,4.267704e+000
2.055779e+003,3.240371e+000
2.059636e+003,2.098951e+000
2.063493e+003,9.585650e-001
2.067350e+003,-3.552854e-002
2.071207e+003,-7.366339e-001
2.075064e+003,-1.038926e+000
2.078921e+003,-8.981637e-001
2.082778e+003,-3.515990e-001
2.086635e+003,4.865344e-001
2.090492e+003,1.450828e+000
2.094349e+003,2.365405e+000
2.098206e+003,3.087676e+000
2.102063e+003,3.537155e+000
2.105920e+003,3.722486e+000
2.109777e+003,3.710910e+000
2.113634e+003,3.602841e+000
2.117491e+003,3.493395e+000
2.121348e+003,3.441183e+000
2.125205e+003,3.454966e+000
2.129062e+003,3.500997e+000
2.132919e+003,3.525475e+000
2.136776e+003,3.481227e+000
2.140633e+003,3.343175e+000
2.144490e+003,3.112585e+000
2.148347e+003,2.807581e+000
2.152204e+003,2.448401e+000
2.156061e+003,2.046870e+000
2.159918e+003,1.606261e+000
2.163775e+003,1.136003e+000
2.167632e+003,6.502737e-001
2.171489e+003,1.889420e-001
2.175346e+003,-1.918920e-001
2.179203e+003,-4.374477e-001
2.183060e+003,-5.171613e-001
2.186917e+003,-4.421159e-001
2.190774e+003,-2.676511e-001
2.194631e+003,-7.685232e-002
2.198488e+003,4.418805e-002
2.202345e+003,3.922802e-002
2.206202e+003,-1.002272e-001
2.210059e+003,-3.335657e-001
2.213916e+003,-5.874484e-001
2.217773e+003,-7.825145e-001
2.221630e+003,-8.592930e-001
2.225487e+003,-7.943170e-001
2.229344e+003,-5.983204e-001
2.233201e+003,-3.072010e-001
2.237058e+003,3.640768e-002
2.240915e+003,3.978388e-001
2.244772e+003,7.569386e-001
2.248629e+003,1.105535e+000
2.252486e+003,1.439049e+000
2.256343e+003,1.745246e+000
2.260200e+003,2.004305e+000
2.264057e+003,2.184656e+000
2.267914e+003,2.251098e+000
2.271771e+003,2.175179e+000
2.275628e+003,1.946525e+000
2.279485e+003,1.582175e+000
2.283342e+003,1.131082e+000
2.287199e+003,6.671157e-001
2.291056e+003,2.938583e-001
2.294913e+003,1.046534e-001
2.298770e+003,1.632200e-001
2.302627e+003,4.809556e-001
2.306484e+003,1.006050e+000
2.310341e+003,1.630978e+000
2.314198e+003,2.219100e+000
2.318055e+003,2.651729e+000
2.321912e+003,2.839094e+000
2.325769e+003,2.772996e+000
2.329626e+003,2.516455e+000
2.333483e+003,2.177099e+000
2.337340e+003,1.865608e+000
2.341197e+003,1.655759e+000
2.345054e+003,1.561803e+000
2.348911e+003,1.543302e+000
2.352768e+003,1.522743e+000
2.356625e+003,1.428302e+000
2.360482e+003,1.221137e+000
2.364339e+003,9.076568e-001
2.368196e+003,5.316653e-001
2.372053e+003,1.530305e-001
2.375910e+003,-1.753929e-001
2.379767e+003,-4.226810e-001
2.383624e+003,-5.798657e-001
2.387481e+003,-6.534829e-001
2.391338e+003,-6.549624e-001
2.395195e+003,-5.953950e-001
2.399052e+003,-4.874298e-001
2.402909e+003,-3.509368e-001
2.406766e+003,-2.161141e-001
2.410623e+003,-1.190365e-001
2.414480e+003,-9.042925e-002
2.418337e+003,-1.413386e-001
2.422194e+003,-2.543880e-001
2.426051e+003,-3.851861e-001
2.429908e+003,-4.740752e-001
2.433765e+003,-4.630848e-001
2.437622e+003,-3.107694e-001
2.441479e+003,-2.717078e-004
2.445336e+003,4.626093e-001
2.449193e+003,1.053470e+000
2.453050e+003,1.732839e+000
2.456907e+003,2.446110e+000
2.460764e+003,3.122114e+000
2.464621e+003,3.675951e+000
2.468478e+003,4.021122e+000
2.472335e+003,4.091281e+000
2.476192e+003,3.864724e+000
2.480049e+003,3.378424e+000
2.483906e+003,2.726621e+000
2.487763e+003,2.037762e+000
2.491620e+003,1.437567e+000
2.495477e+003,1.012447e+000
2.499334e+003,7.883610e-001
2.503191e+003,7.333452e-001
2.507048e+003,7.813791e-001
2.510905e+003,8.659613e-001
2.514762e+003,9.450825e-001
2.518619e+003,1.008881e+000
2.522476e+003,1.068605e+000
2.526333e+003,1.136216e+000
2.530190e+003,1.208441e+000
2.534047e+003,1.265038e+000
2.537904e+003,1.284256e+000
2.541761e+003,1.260997e+000
2.545618e+003,1.219349e+000
2.549475e+003,1.206739e+000
2.553332e+003,1.270511e+000
2.557189e+003,1.428115e+000
2.561046e+003,1.647452e+000
2.564903e+003,1.850405e+000
2.568760e+003,1.940890e+000
2.572617e+003,1.845376e+000
2.576474e+003,1.547840e+000
2.580331e+003,1.101219e+000
2.584188e+003,6.090750e-001
2.588045e+003,1.854280e-001
2.591902e+003,-8.876938e-002
2.595759e+003,-1.922323e-001
2.599616e+003,-1.648603e-001
2.603473e+003,-8.019432e-002
2.607330e+003,-1.020598e-002
2.611187e+003,3.504306e-003
2.615044e+003,-4.092893e-002
2.618901e+003,-1.165332e-001
2.622758e+003,-1.888548e-001
2.626615e+003,-2.338900e-001
2.630472e+003,-2.428384e-001
2.634329e+003,-2.145796e-001
2.638186e+003,-1.433181e-001
2.642043e+003,-1.378143e-002
2.645900e+003,1.899701e-001
2.649757e+003,4.657836e-001
2.653614e+003,7.767451e-001
2.657471e+003,1.057429e+000
2.661328e+003,1.209837e+000
2.665185e+003,1.165542e+000
2.669042e+003,9.138993e-001
2.672899e+003,5.171412e-001
2.676756e+003,9.352526e-002
2.680613e+003,-2.270933e-001
2.684470e+003,-3.563218e-001
2.688327e+003,-2.510525e-001
2.692184e+003,-2.517900e-002
2.696041e+003,1.714853e-001
2.699898e+003,2.031590e-001
2.703755e+003,1.033998e-002
2.707612e+003,-3.695902e-001
2.711469e+003,-8.309093e-001
2.715326e+003,-1.257863e+000
2.719183e+003,-1.804721e+000
2.723040e+003,-2.064157e+000
2.726897e+003,-2.057817e+000
2.730754e+003,-1.823155e+000
2.734611e+003,-1.357008e+000
2.738468e+003,-6.706507e-001
2.742325e+003,1.160819e-001
2.746182e+003,7.661626e-001
2.750039e+003,8.149837e-001
2.753896e+003,6.941412e-001
2.757753e+003,4.256411e-001
2.761610e+003,8.925977e-002
2.765467e+003,-2.071084e-001
2.769324e+003,-3.685856e-001
2.773181e+003,-3.462217e-001
2.777038e+003,-1.479460e-001
2.780895e+003,1.548515e-001
2.784752e+003,5.090299e-001
2.788609e+003,8.532668e-001
2.792466e+003,1.139694e+000
2.796323e+003,1.331753e+000
2.800180e+003,1.397680e+000
2.804037e+003,1.308646e+000
2.807894e+003,1.046323e+000
2.811751e+003,6.194336e-001
2.815608e+003,6.905648e-002
2.819465e+003,-5.270023e-001
2.823322e+003,-1.071197e+000
2.827179e+003,-1.473575e+000
2.831036e+003,-1.679071e+000
2.834893e+003,-1.682396e+000
2.838750e+003,-1.523710e+000
2.842607e+003,-1.267147e+000
2.846464e+003,-9.745061e-001
2.850321e+003,-6.843193e-001
2.854178e+003,-4.063986e-001
2.858035e+003,-1.321106e-001
2.861892e+003,1.481646e-001
2.865749e+003,4.318592e-001
2.869606e+003,7.033233e-001
2.873463e+003,9.457924e-001
2.877320e+003,1.154651e+000
2.881177e+003,1.349079e+000
2.885034e+003,1.564772e+000
2.888891e+003,1.833289e+000
2.892748e+003,2.156356e+000
2.896605e+003,2.488765e+000
2.900462e+003,2.740760e+000
2.904319e+003,2.797621e+000
2.908176e+003,2.567653e+000
2.912033e+003,2.013880e+000
2.915890e+003,1.177255e+000
2.919747e+003,1.733363e-001
2.923604e+003,-8.348542e-001
2.927461e+003,-1.677833e+000
2.931318e+003,-2.220550e+000
2.935175e+003,-2.392416e+000
2.939032e+003,-2.186859e+000
2.942889e+003,-1.670605e+000
2.946746e+003,-9.542115e-001
2.950603e+003,-1.639416e-001
2.954460e+003,5.852478e-001
2.958317e+003,1.210176e+000
2.962174e+003,1.669884e+000
2.966031e+003,1.969300e+000
2.969888e+003,2.130609e+000
2.973745e+003,2.193079e+000
2.977602e+003,2.186469e+000
2.981459e+003,2.118752e+000
2.985316e+003,1.977235e+000
2.989173e+003,1.743424e+000
2.993030e+003,1.415250e+000
2.996887e+003,1.023969e+000
3.000744e+003,6.429285e-001
3.004601e+003,3.670616e-001
3.008458e+003,2.811816e-001
3.012315e+003,4.251062e-001
3.016172e+003,7.723952e-001
3.020029e+003,1.233843e+000
3.023886e+003,1.686009e+000
3.027743e+003,2.014761e+000
3.031600e+003,2.146552e+000
3.035457e+003,2.076273e+000
3.039314e+003,1.855424e+000
3.043171e+003,1.562349e+000
3.047028e+003,1.266995e+000
3.050885e+003,1.006799e+000
3.054742e+003,7.831854e-001
3.058599e+003,5.738816e-001
3.062456e+003,3.647398e-001
3.066313e+003,1.568825e-001
3.070170e+003,-2.865949e-002
3.074027e+003,-1.638965e-001
3.077884e+003,-2.319559e-001
3.081741e+003,-2.385671e-001
3.085598e+003,-2.097580e-001
3.089455e+003,-1.770793e-001
3.093312e+003,-1.594873e-001
3.097169e+003,-1.523132e-001
3.101026e+003,-1.298447e-001
3.104883e+003,-6.055155e-002
3.108740e+003,7.381105e-002
3.112597e+003,2.655666e-001
3.116454e+003,4.812667e-001
3.120311e+003,6.737310e-001
3.124168e+003,7.983752e-001
3.128025e+003,8.263289e-001
3.131882e+003,7.479677e-001
3.135739e+003,5.684177e-001
3.139596e+003,3.005176e-001
3.143453e+003,-3.864595e-002
3.147310e+003,-4.252331e-001
3.151167e+003,-8.223456e-001
3.155024e+003,-1.181141e+000
3.158881e+003,-1.441382e+000
3.162738e+003,-1.546109e+000
3.166594e+003,-1.458104e+000
3.170452e+003,-1.172082e+000
3.174309e+003,-7.167833e-001
3.178166e+003,-1.462904e-001
3.182023e+003,4.556288e-001
3.185880e+003,1.049251e+000
3.189737e+003,1.585749e+000
3.193594e+003,2.024470e+000
3.197451e+003,2.329524e+000
3.201308e+003,2.469396e+000
3.205165e+003,2.422778e+000
3.209021e+003,2.188787e+000
3.212879e+003,1.821766e+000
3.216736e+003,1.360798e+000
3.220593e+003,8.680415e-001
3.224449e+003,4.041609e-001
3.228307e+003,1.076502e-002
3.232164e+003,-2.998964e-001
3.236021e+003,-5.428975e-001
3.239877e+003,-7.469510e-001
3.243735e+003,-9.354051e-001
3.247592e+003,-1.142451e+000
3.251448e+003,-1.345733e+000
3.255305e+003,-1.508232e+000
3.259163e+003,-1.588848e+000
3.263020e+003,-1.554725e+000
3.266876e+003,-1.391217e+000
3.270734e+003,-1.106452e+000
3.274591e+003,-7.495756e-001
3.278448e+003,-3.350811e-001
3.282304e+003,9.219091e-002
3.286162e+003,4.869099e-001
3.290019e+003,8.086326e-001
3.293875e+003,1.025466e+000
3.297732e+003,1.116535e+000
3.301590e+003,1.073947e+000
3.305447e+003,8.589029e-001
3.309303e+003,5.499524e-001
3.313160e+003,2.111213e-001
3.317018e+003,-8.755712e-002
3.320875e+003,-2.856223e-001
3.324731e+003,-3.480266e-001
3.328588e+003,-2.754841e-001
3.332446e+003,-1.042750e-001
3.336302e+003,1.348368e-001
3.340159e+003,3.427340e-001
3.344016e+003,4.693962e-001
3.347874e+003,5.049998e-001
3.351730e+003,4.785134e-001
3.355587e+003,4.395057e-001
3.359444e+003,4.320365e-001
3.363302e+003,4.732867e-001
3.367158e+003,5.440365e-001
3.371015e+003,6.060539e-001
3.374873e+003,6.198013e-001
3.378729e+003,5.678903e-001
3.382586e+003,4.644894e-001
3.386443e+003,3.471603e-001
3.390301e+003,2.562655e-001
3.394157e+003,2.137769e-001
3.398014e+003,2.112677e-001
3.401871e+003,2.245830e-001
3.405729e+003,2.225475e-001
3.409585e+003,1.926472e-001
3.413442e+003,1.510243e-001
3.417299e+003,1.352858e-001
3.421156e+003,1.842188e-001
3.425013e+003,3.160679e-001
3.428870e+003,5.230249e-001
3.432727e+003,7.619206e-001
3.436584e+003,9.875872e-001
3.440441e+003,1.171955e+000
3.444298e+003,1.314919e+000
3.448155e+003,1.437023e+000
3.452012e+003,1.558015e+000
3.455869e+003,1.673852e+000
3.459726e+003,1.743260e+000
3.463583e+003,1.702841e+000
3.467440e+003,1.491263e+000
3.471297e+003,1.082237e+000
3.475154e+003,5.061608e-001
3.479011e+003,-1.497329e-001
3.482868e+003,-7.634877e-001
3.486725e+003,-1.213913e+000
3.490582e+003,-1.411770e+000
3.494439e+003,-1.342222e+000
3.498296e+003,-1.039803e+000
3.502153e+003,-5.876209e-001
3.506010e+003,-9.527998e-002
3.509867e+003,3.267801e-001
3.513724e+003,5.910258e-001
3.517581e+003,6.507898e-001
3.521438e+003,5.101057e-001
3.525295e+003,2.255853e-001
3.529152e+003,-1.231394e-001
3.533009e+003,-4.453242e-001
3.536866e+003,-6.638690e-001
3.540723e+003,-7.369563e-001
3.544580e+003,-6.689736e-001
3.548437e+003,-5.063348e-001
3.552294e+003,-3.354184e-001
3.556151e+003,-2.068797e-001
3.560008e+003,-1.648197e-001
3.563865e+003,-2.240226e-001
3.567722e+003,-3.714782e-001
3.571579e+003,-5.760448e-001
3.575436e+003,-8.000177e-001
3.579293e+003,-1.006835e+000
3.583150e+003,-1.175557e+000
3.587007e+003,-1.271027e+000
3.590864e+003,-1.263670e+000
3.594721e+003,-1.127989e+000
3.598578e+003,-8.532598e-001
3.602435e+003,-4.559922e-001
3.606292e+003,1.293141e-002
3.610149e+003,4.726946e-001
3.614006e+003,8.175786e-001
3.617863e+003,9.885230e-001
3.621720e+003,9.476585e-001
3.625577e+003,7.086405e-001
3.629434e+003,3.337680e-001
3.633291e+003,-8.526894e-002
3.637148e+003,-4.558574e-001
3.641005e+003,-7.111948e-001
3.644862e+003,-8.252406e-001
3.648719e+003,-8.098014e-001
3.652576e+003,-7.016197e-001
3.656433e+003,-5.390926e-001
3.660290e+003,-3.441280e-001
3.664147e+003,-1.156952e-001
3.668004e+003,1.633429e-001
3.671861e+003,5.107182e-001
3.675718e+003,9.402188e-001
3.679575e+003,1.419447e+000
3.683432e+003,1.901429e+000
3.687289e+003,2.328218e+000
3.691146e+003,2.647417e+000
3.695003e+003,2.825970e+000
3.698860e+003,2.856503e+000
3.702717e+003,2.755328e+000
3.706574e+003,2.554208e+000
3.710431e+003,2.290860e+000
3.714288e+003,2.005225e+000
3.718145e+003,1.731065e+000
3.722002e+003,1.493038e+000
3.725859e+003,1.305009e+000
3.729716e+003,1.169238e+000
3.733573e+003,1.077283e+000
3.737430e+003,1.013608e+000
3.741287e+003,9.621998e-001
3.745144e+003,9.143860e-001
3.749001e+003,8.743857e-001
3.752858e+003,8.584077e-001
3.756715e+003,8.867181e-001
3.760572e+003,9.714577e-001
3.764429e+003,1.105809e+000
3.768286e+003,1.255163e+000
3.772143e+003,1.375473e+000
3.776000e+003,1.418166e+000
3.779857e+003,1.350273e+000
3.783714e+003,1.166137e+000
3.787571e+003,8.885049e-001
3.791428e+003,5.590140e-001
3.795285e+003,2.231643e-001
3.799142e+003,-9.503448e-002
3.802999e+003,-3.589813e-001
3.806856e+003,-5.571068e-001
3.810713e+003,-6.811883e-001
3.814570e+003,-7.196816e-001
3.818427e+003,-6.580638e-001
3.822284e+003,-4.868931e-001
3.826141e+003,-2.131419e-001
3.829998e+003,1.369609e-001
3.833855e+003,5.080641e-001
3.837712e+003,8.358585e-001
3.841569e+003,1.065414e+000
3.845426e+003,1.167879e+000
3.849283e+003,1.147557e+000
3.853140e+003,1.036687e+000
3.856997e+003,8.810576e-001
3.860854e+003,7.255194e-001
3.864711e+003,5.951955e-001
3.868568e+003,4.993854e-001
3.872425e+003,4.325174e-001
3.876282e+003,3.813277e-001
3.880139e+003,3.308563e-001
3.883996e+003,2.673131e-001
3.887853e+003,1.789144e-001
3.891710e+003,5.652249e-002
3.895567e+003,-1.015050e-001
3.899424e+003,-2.868841e-001
3.903281e+003,-4.804533e-001
3.907138e+003,-6.570354e-001
3.910995e+003,-7.953122e-001
3.914852e+003,-8.881422e-001
3.918709e+003,-9.468603e-001
3.922566e+003,-9.965665e-001
3.926423e+003,-1.058003e+000
3.930280e+003,-1.132585e+000
3.934137e+003,-1.193520e+000
3.937994e+003,-1.192143e+000
3.941851e+003,-1.078977e+000
3.945708e+003,-8.306852e-001
3.949565e+003,-4.693946e-001
3.953422e+003,-7.338822e-002
3.957279e+003,2.791948e-001
3.961136e+003,5.091054e-001
3.964993e+003,5.782393e-001
3.968850e+003,5.042609e-001
3.972707e+003,3.510265e-001
3.976564e+003,1.990763e-001
3.980421e+003,1.102784e-001
3.984278e+003,1.032363e-001
3.988135e+003,1.513886e-001
3.991992e+003,2.056646e-001
3.995849e+003,2.247596e-001
3.999706e+003,2.008349e-001
4.003563e+003,1.669813e-001
4.007420e+003,1.827414e-001
4.011277e+003,3.050619e-001
4.015134e+003,5.540799e-001
4.018991e+003,9.124762e-001
4.022848e+003,1.319622e+000
4.026705e+003,1.697403e+000
4.030562e+003,1.978340e+000
4.034419e+003,2.126083e+000
4.038276e+003,2.139884e+000
4.042133e+003,2.043346e+000
4.045990e+003,1.866074e+000
4.049847e+003,1.626873e+000
4.053704e+003,1.330459e+000
4.057561e+003,9.761357e-001
4.061418e+003,5.729280e-001
4.065275e+003,1.515514e-001
4.069132e+003,-2.346511e-001
4.072989e+003,-5.217975e-001
4.076846e+003,-6.567525e-001
4.080703e+003,-6.130893e-001
4.084560e+003,-4.059635e-001
4.088417e+003,-8.725248e-002
4.092274e+003,2.695971e-001
4.096131e+003,5.902634e-001
4.099988e+003,8.181711e-001
4.103845e+003,9.255080e-001
4.107702e+003,9.143374e-001
4.111559e+003,8.121548e-001
4.115416e+003,6.611546e-001
4.119273e+003,5.070986e-001
4.123130e+003,3.890057e-001
4.126987e+003,3.308774e-001
4.130844e+003,3.365408e-001
4.134701e+003,3.891021e-001
4.138558e+003,4.556935e-001
4.142415e+003,4.998714e-001
4.146271e+003,4.939643e-001
4.150129e+003,4.313242e-001
4.153986e+003,3.306038e-001
4.157843e+003,2.299141e-001
4.161700e+003,1.725689e-001
4.165557e+003,1.903612e-001
4.169414e+003,2.921629e-001
4.173271e+003,4.626976e-001
4.177128e+003,6.715607e-001
4.180985e+003,8.886822e-001
4.184842e+003,1.096393e+000
4.188699e+003,1.291604e+000
4.192556e+003,1.476780e+000
4.196413e+003,1.645087e+000
4.200270e+003,1.769826e+000
4.204126e+003,1.803186e+000
4.207984e+003,1.694535e+000
4.211841e+003,1.414615e+000
4.215698e+003,9.780696e-001
4.219555e+003,4.514099e-001
4.223412e+003,-5.979674e-002
4.227269e+003,-4.413612e-001
4.231125e+003,-6.067396e-001
4.234982e+003,-5.247706e-001
4.238840e+003,-2.282167e-001
4.242697e+003,2.009710e-001
4.246554e+003,6.611567e-001
4.250411e+003,1.062598e+000
4.254268e+003,1.348802e+000
4.258125e+003,1.501656e+000
4.261981e+003,1.532550e+000
4.265839e+003,1.467250e+000
4.269696e+003,1.335292e+000
4.273553e+003,1.164896e+000
4.277410e+003,9.842779e-001
4.281267e+003,8.228837e-001
4.285124e+003,7.070791e-001
4.288980e+003,6.495979e-001
4.292837e+003,6.363500e-001
4.296695e+003,6.273833e-001
4.300552e+003,5.618092e-001
4.304409e+003,3.849046e-001
4.308266e+003,7.782447e-002
4.312123e+003,-3.222789e-001
4.315979e+003,-7.241979e-001
4.319836e+003,-1.010166e+000
4.323693e+003,-1.064804e+000
4.327551e+003,-8.325576e-001
4.331408e+003,-3.746423e-001
4.335265e+003,1.622332e-001
4.339122e+003,6.003578e-001
4.342979e+003,8.009517e-001
4.346835e+003,7.184158e-001
4.350692e+003,4.143575e-001
4.354550e+003,4.734071e-002
4.358407e+003,-1.858087e-001
4.362264e+003,-1.390928e-001
4.366121e+003,1.124202e-001
4.369978e+003,3.602875e-001
4.373834e+003,4.384784e-001
4.377691e+003,3.518422e-001
4.381548e+003,2.633525e-001
4.385406e+003,2.054446e-001
4.389263e+003,3.077874e-001
4.393120e+003,5.306547e-001
4.396977e+003,7.626565e-001
4.400833e+003,8.680928e-001
4.404690e+003,7.459879e-001
4.408547e+003,3.747056e-001
4.412404e+003,-1.764020e-001
4.416262e+003,-7.617111e-001
4.420119e+003,-1.266176e+000
4.423976e+003,-1.593392e+000
4.427833e+003,-1.694881e+000
4.431689e+003,-1.575938e+000
4.435546e+003,-1.283986e+000
4.439403e+003,-8.867086e-001
4.443260e+003,-4.499890e-001
4.447118e+003,-3.864830e-002
4.450975e+003,3.323485e-001
4.454832e+003,6.441999e-001
4.458688e+003,8.798246e-001
4.462545e+003,1.018795e+000
4.466402e+003,1.040051e+000
4.470259e+003,9.315602e-001
4.474117e+003,7.019499e-001
4.477974e+003,3.874505e-001
4.481831e+003,4.896744e-002
4.485688e+003,-2.414733e-001
4.489544e+003,-4.209602e-001
4.493401e+003,-4.552338e-001
4.497258e+003,-3.499275e-001
4.501115e+003,-1.490014e-001
4.504973e+003,7.913922e-002
4.508830e+003,2.621762e-001
4.512687e+003,3.439783e-001
4.516543e+003,2.999784e-001
4.520400e+003,1.395756e-001
4.524257e+003,-1.004859e-001
4.528114e+003,-3.679007e-001
4.531971e+003,-6.067128e-001
4.535829e+003,-7.661259e-001
4.539686e+003,-8.070484e-001
4.543542e+003,-6.991792e-001
4.547399e+003,-4.351878e-001
4.551256e+003,-3.171727e-002
4.555113e+003,4.679705e-001
4.558970e+003,9.969950e-001
4.562828e+003,1.475851e+000
4.566685e+003,1.830239e+000
4.570542e+003,2.011730e+000
4.574398e+003,2.005135e+000
4.578255e+003,1.840321e+000
4.582112e+003,1.576542e+000
4.585969e+003,1.281184e+000
4.589826e+003,1.008398e+000
4.593684e+003,7.869810e-001
4.597541e+003,6.224122e-001
4.601397e+003,5.098547e-001
4.605254e+003,4.551117e-001
4.609111e+003,4.791746e-001
4.612968e+003,6.146429e-001
4.616826e+003,8.859253e-001
4.620683e+003,1.284413e+000
4.624540e+003,1.752313e+000
4.628396e+003,2.186492e+000
4.632253e+003,2.463101e+000
4.636110e+003,2.480421e+000
4.639967e+003,2.203917e+000
4.643824e+003,1.686915e+000
4.647682e+003,1.062443e+000
4.651539e+003,5.057768e-001
4.655396e+003,1.807936e-001
4.659252e+003,1.896883e-001
4.663109e+003,5.478431e-001
4.666966e+003,1.178663e+000
4.670823e+003,1.936858e+000
4.674681e+003,2.657086e+000
4.678538e+003,3.196886e+000
4.682395e+003,3.465023e+000
4.686251e+003,3.430229e+000
4.690108e+003,3.113662e+000
4.693965e+003,2.564820e+000
4.697822e+003,1.865299e+000
4.701679e+003,1.105197e+000
4.705537e+003,3.731830e-001
4.709394e+003,-2.529492e-001
4.713250e+003,-7.165935e-001
4.717107e+003,-9.920561e-001
4.720964e+003,-1.089637e+000
4.724821e+003,-1.055897e+000
4.728678e+003,-9.466493e-001
4.732535e+003,-8.258748e-001
4.736393e+003,-7.378078e-001
4.740250e+003,-6.967049e-001
4.744106e+003,-6.896477e-001
4.747963e+003,-6.901730e-001
4.751820e+003,-6.755070e-001
4.755677e+003,-6.365489e-001
4.759534e+003,-5.826155e-001
4.763392e+003,-5.327467e-001
4.767249e+003,-4.994927e-001
4.771105e+003,-4.762761e-001
4.774962e+003,-4.341963e-001
4.778819e+003,-3.303919e-001
4.782676e+003,-1.247514e-001
4.786533e+003,2.055382e-001
4.790390e+003,6.412210e-001
4.794248e+003,1.127646e+000
4.798104e+003,1.579585e+000
4.801961e+003,1.898502e+000
4.805818e+003,1.995424e+000
4.809675e+003,1.814510e+000
4.813532e+003,1.351934e+000
4.817389e+003,6.763067e-001
4.821246e+003,-1.080691e-001
4.825104e+003,-8.623347e-001
4.828960e+003,-1.445987e+000
4.832817e+003,-1.752135e+000
4.836674e+003,-1.736421e+000
4.840531e+003,-1.429320e+000
4.844388e+003,-9.261394e-001
4.848245e+003,-3.670347e-001
4.852103e+003,1.370709e-001
4.855959e+003,5.102150e-001
4.859816e+003,7.355065e-001
4.863673e+003,8.524141e-001
4.867530e+003,9.345281e-001
4.871387e+003,1.056917e+000
4.875244e+003,1.265667e+000
4.879101e+003,1.557233e+000
4.882958e+003,1.891050e+000
4.886815e+003,2.197238e+000
4.890672e+003,2.402276e+000
4.894529e+003,2.451017e+000
4.898386e+003,2.320489e+000
4.902243e+003,2.022598e+000
4.906100e+003,1.597209e+000
4.909957e+003,1.113414e+000
4.913814e+003,6.147807e-001
4.917671e+003,1.497653e-001
4.921528e+003,-2.448793e-001
4.925385e+003,-5.459815e-001
4.929242e+003,-7.436574e-001
4.933099e+003,-8.396653e-001
4.936956e+003,-8.447087e-001
4.940813e+003,-7.798397e-001
4.944670e+003,-6.601444e-001
4.948527e+003,-4.984341e-001
4.952384e+003,-3.026963e-001
4.956241e+003,-7.684559e-002
4.960098e+003,1.758543e-001
4.963955e+003,4.480059e-001
4.967812e+003,7.241462e-001
4.971669e+003,9.722522e-001
4.975526e+003,1.172879e+000
4.979383e+003,1.298239e+000
4.983240e+003,1.329098e+000
4.987097e+003,1.260882e+000
4.990954e+003,1.105814e+000
4.994811e+003,8.902354e-001
4.998668e+003,6.480777e-001
5.002525e+003,4.139625e-001
5.006382e+003,2.119288e-001
5.010239e+003,5.750385e-002
5.014096e+003,-4.304991e-002
5.017953e+003,-8.998594e-002
5.021810e+003,-8.701688e-002
5.025667e+003,-3.972876e-002
5.029524e+003,4.387280e-002
5.033381e+003,1.472120e-001
5.037238e+003,2.567818e-001
5.041095e+003,3.508421e-001
5.044952e+003,4.071122e-001
5.048809e+003,4.093308e-001
5.052666e+003,3.541183e-001
5.056523e+003,2.552709e-001
5.060380e+003,1.431385e-001
5.064237e+003,5.827213e-002
5.068094e+003,4.114381e-002
5.071951e+003,1.204463e-001
5.075808e+003,3.044849e-001
5.079665e+003,5.779995e-001
5.083522e+003,9.055837e-001
5.087379e+003,1.240416e+000
5.091236e+003,1.535263e+000
5.095093e+003,1.751974e+000
5.098950e+003,1.866316e+000
5.102807e+003,1.871150e+000
5.106664e+003,1.772223e+000
5.110521e+003,1.583273e+000
5.114378e+003,1.321907e+000
5.118235e+003,1.007693e+000
5.122092e+003,6.623231e-001
5.125949e+003,3.053718e-001
5.129806e+003,-2.932049e-002
5.133663e+003,-3.130630e-001
5.137520e+003,-5.211517e-001
5.141377e+003,-6.374521e-001
5.145234e+003,-6.572112e-001
5.149091e+003,-5.867081e-001
5.152948e+003,-4.398237e-001
5.156805e+003,-2.308741e-001
5.160662e+003,2.355446e-002
5.164519e+003,3.103683e-001
5.168376e+003,6.172701e-001
5.172233e+003,9.291993e-001
5.176090e+003,1.225736e+000
5.179947e+003,1.481883e+000
5.183804e+003,1.672951e+000
5.187661e+003,1.782674e+000
5.191518e+003,1.807010e+000
5.195375e+003,1.760430e+000
5.199232e+003,1.670210e+000
5.203089e+003,1.566777e+000
5.206946e+003,1.472350e+000
5.210803e+003,1.392960e+000
5.214660e+003,1.317926e+000
5.218517e+003,1.227732e+000
5.222374e+003,1.107265e+000
5.226231e+003,9.589883e-001
5.230088e+003,8.092431e-001
5.233945e+003,7.038912e-001
5.237802e+003,6.936479e-001
5.241659e+003,8.140504e-001
5.245516e+003,1.067724e+000
5.249373e+003,1.415676e+000
5.253230e+003,1.785859e+000
5.257087e+003,2.088131e+000
5.260944e+003,2.239326e+000
5.264801e+003,2.185966e+000
5.268658e+003,1.917915e+000
5.272515e+003,1.468893e+000
5.276372e+003,9.046183e-001
5.280229e+003,3.263046e-001
5.284086e+003,-2.193692e-001
5.287943e+003,-6.859123e-001
5.291800e+003,-1.051884e+000
5.295657e+003,-1.317522e+000
5.299514e+003,-1.496516e+000
5.303371e+003,-1.607155e+000
5.307228e+003,-1.666231e+000
5.311085e+003,-1.684527e+000
5.314942e+003,-1.688661e+000
5.318799e+003,-1.685868e+000
5.322656e+003,-1.682653e+000
5.326513e+003,-1.683378e+000
5.330370e+003,-1.687398e+000
5.334227e+003,-1.686589e+000
5.338084e+003,-1.665289e+000
5.341941e+003,-1.645200e+000
5.345798e+003,-1.566252e+000
5.349655e+003,-1.417110e+000
5.353512e+003,-1.200327e+000
5.357369e+003,-9.338608e-001
5.361226e+003,-6.481511e-001
5.365083e+003,-3.792403e-001
5.368940e+003,-1.598377e-001
5.372797e+003,-1.047065e-002
5.376654e+003,6.556673e-002
5.380511e+003,7.805911e-002
5.384368e+003,4.799684e-002
5.388225e+003,3.656000e-005
5.392082e+003,-4.552155e-002
5.395939e+003,-7.855619e-002
5.399796e+003,-1.008522e-001
5.403653e+003,-1.073936e-001
5.407510e+003,-1.246515e-001
5.411367e+003,-1.678340e-001
5.415224e+003,-2.405614e-001
5.419081e+003,-3.324747e-001
5.422938e+003,-4.226146e-001
5.426795e+003,-4.870711e-001
5.430652e+003,-5.078624e-001
5.434509e+003,-4.687641e-001
5.438366e+003,-3.906748e-001
5.442223e+003,-2.977078e-001
5.446080e+003,-2.205249e-001
5.449937e+003,-1.878275e-001
5.453794e+003,-2.191758e-001
5.457651e+003,-3.207317e-001
5.461508e+003,-4.839720e-001
5.465365e+003,-6.800730e-001
5.469222e+003,-8.752151e-001
5.473079e+003,-1.022247e+000
5.476936e+003,-1.069286e+000
5.480793e+003,-9.674191e-001
5.484650e+003,-6.813472e-001
5.488507e+003,-2.012802e-001
5.492364e+003,4.475248e-001
5.496221e+003,1.214561e+000
5.500078e+003,1.990590e+000
5.503935e+003,2.665189e+000
5.507792e+003,3.139438e+000
5.511649e+003,3.350657e+000
5.515506e+003,3.289200e+000
5.519363e+003,3.001500e+000
5.523220e+003,2.577874e+000
5.527077e+003,2.126520e+000
5.530934e+003,1.751241e+000
5.534791e+003,1.521313e+000
5.538648e+003,1.458733e+000
5.542505e+003,1.537916e+000
5.546362e+003,1.697511e+000
5.550219e+003,1.859426e+000
5.554076e+003,1.948967e+000
5.557933e+003,1.911193e+000
5.561790e+003,1.719386e+000
5.565647e+003,1.377559e+000
5.569504e+003,9.164247e-001
5.573361e+003,3.859826e-001
5.577218e+003,-1.534896e-001
5.581075e+003,-6.406332e-001
5.584932e+003,-1.021460e+000
5.588789e+003,-1.255641e+000
5.592646e+003,-1.324011e+000
5.596503e+003,-1.226392e+000
5.600360e+003,-9.814663e-001
5.604217e+003,-6.223909e-001
5.608074e+003,-1.906599e-001
5.611931e+003,2.703602e-001
5.615788e+003,7.208918e-001
5.619645e+003,1.126699e+000
5.623501e+003,1.465949e+000
5.627359e+003,1.723809e+000
5.631216e+003,1.892984e+000
5.635073e+003,1.972127e+000
5.638930e+003,1.964241e+000
5.642787e+003,1.875449e+000
5.646644e+003,1.714389e+000
5.650500e+003,1.492378e+000
5.654358e+003,1.224276e+000
5.658215e+003,9.287444e-001
5.662072e+003,6.281763e-001
5.665929e+003,3.466229e-001
5.669786e+003,1.058271e-001
5.673643e+003,-7.967362e-002
5.677500e+003,-2.064545e-001
5.681356e+003,-2.830372e-001
5.685214e+003,-3.261425e-001
5.689071e+003,-3.536083e-001
5.692928e+003,-3.761487e-001
5.696785e+003,-3.922299e-001
5.700642e+003,-3.892615e-001
5.704499e+003,-3.518665e-001
5.708355e+003,-2.743877e-001
5.712212e+003,-1.735687e-001
5.716070e+003,-8.719653e-002
5.719927e+003,-6.941396e-002
5.723784e+003,-1.694067e-001
5.727641e+003,-4.067993e-001
5.731498e+003,-7.524788e-001
5.735354e+003,-1.124489e+000
5.739211e+003,-1.403892e+000
5.743069e+003,-1.467706e+000
5.746926e+003,-1.225220e+000
5.750783e+003,-6.619362e-001
5.754640e+003,1.500015e-001
5.758497e+003,1.064682e+000
5.762354e+003,1.899722e+000
5.766210e+003,2.486534e+000
5.770067e+003,2.717492e+000
5.773925e+003,2.575902e+000
5.777782e+003,2.131857e+000
5.781639e+003,1.533103e+000
5.785496e+003,9.552149e-001
5.789353e+003,5.539465e-001
5.793209e+003,4.268388e-001
5.797066e+003,5.935021e-001
5.800923e+003,9.974186e-001
5.804781e+003,1.532098e+000
5.808638e+003,2.050336e+000
5.812495e+003,2.417953e+000
5.816352e+003,2.538270e+000
5.820208e+003,2.370220e+000
5.824065e+003,1.932884e+000
5.827922e+003,1.296918e+000
5.831779e+003,5.658229e-001
5.835637e+003,-1.624192e-001
5.839494e+003,-7.723352e-001
5.843351e+003,-1.195960e+000
5.847208e+003,-1.407397e+000
5.851064e+003,-1.419520e+000
5.854921e+003,-1.271900e+000
5.858778e+003,-1.015261e+000
5.862636e+003,-6.983035e-001
5.866493e+003,-3.563582e-001
5.870350e+003,-2.503979e-002
5.874207e+003,2.661510e-001
5.878063e+003,4.872076e-001
5.881920e+003,6.075003e-001
5.885777e+003,6.014960e-001
5.889634e+003,4.583447e-001
5.893492e+003,1.908898e-001
5.897349e+003,-1.630472e-001
5.901206e+003,-5.369493e-001
5.905063e+003,-8.544223e-001
5.908919e+003,-1.045323e+000
5.912776e+003,-1.062505e+000
5.916633e+003,-8.932486e-001
5.920490e+003,-5.623994e-001
5.924348e+003,-1.265965e-001
5.928205e+003,3.418834e-001
5.932062e+003,7.634418e-001
5.935918e+003,1.079110e+000
5.939775e+003,1.262830e+000
5.943632e+003,1.328182e+000
5.947489e+003,1.323874e+000
5.951347e+003,1.317698e+000
5.955204e+003,1.372497e+000
5.959061e+003,1.521418e+000
5.962917e+003,1.751252e+000
5.966774e+003,2.001157e+000
5.970631e+003,2.178812e+000
5.974488e+003,2.189749e+000
5.978345e+003,1.969955e+000
5.982203e+003,1.509884e+000
5.986060e+003,8.608209e-001
5.989917e+003,1.311677e-001
5.993773e+003,-5.721508e-001
5.997630e+003,-1.145722e+000
6.001487e+003,-1.521594e+000
6.005344e+003,-1.676590e+000
6.009201e+003,-1.627125e+000
6.013059e+003,-1.414858e+000
6.016916e+003,-1.090914e+000
6.020772e+003,-7.072553e-001
6.024629e+003,-3.059276e-001
6.028486e+003,7.798239e-002
6.032343e+003,4.162889e-001
6.036200e+003,6.902574e-001
6.040058e+003,8.948577e-001
6.043915e+003,1.041318e+000
6.047771e+003,1.154329e+000
6.051628e+003,1.259401e+000
6.055485e+003,1.379953e+000
6.059342e+003,1.517566e+000
6.063199e+003,1.652805e+000
6.067056e+003,1.752916e+000
6.070914e+003,1.786682e+000
6.074771e+003,1.739462e+000
6.078627e+003,1.620726e+000
6.082484e+003,1.458976e+000
6.086341e+003,1.290698e+000
6.090198e+003,1.139573e+000
6.094055e+003,1.007236e+000
6.097912e+003,8.745723e-001
6.101770e+003,7.152432e-001
6.105626e+003,5.150610e-001
6.109483e+003,2.872537e-001
6.113340e+003,7.521774e-002
6.117197e+003,-6.175725e-002
6.121054e+003,-7.109155e-002
6.124911e+003,6.812069e-002
6.128768e+003,3.304639e-001
6.132625e+003,6.466606e-001
6.136482e+003,9.231791e-001
6.140339e+003,1.072036e+000
6.144196e+003,1.040320e+000
6.148053e+003,8.279535e-001
6.151910e+003,4.883251e-001
6.155767e+003,1.143048e-001
6.159625e+003,-1.868942e-001
6.163481e+003,-3.216254e-001
6.167338e+003,-2.330863e-001
6.171195e+003,8.502010e-002
6.175052e+003,5.837210e-001
6.178909e+003,1.175991e+000
6.182766e+003,1.748507e+000
6.186623e+003,2.187166e+000
6.190480e+003,2.402359e+000
6.194337e+003,2.350171e+000
6.198194e+003,2.043884e+000
6.202051e+003,1.551606e+000
6.205908e+003,9.806020e-001
6.209765e+003,4.458176e-001
6.213622e+003,4.241964e-002
6.217479e+003,-1.778391e-001
6.221336e+003,-2.154194e-001
6.225193e+003,-1.147330e-001
6.229050e+003,5.740394e-002
6.232907e+003,2.378200e-001
6.236764e+003,3.882419e-001
6.240621e+003,5.002489e-001
6.244478e+003,5.902431e-001
6.248335e+003,6.821498e-001
6.252192e+003,7.898054e-001
6.256049e+003,9.066418e-001
6.259906e+003,1.007115e+000
6.263763e+003,1.058613e+000
6.267620e+003,1.040011e+000
6.271477e+003,9.483036e-001
6.275334e+003,8.079021e-001
6.279191e+003,6.617661e-001
6.283048e+003,5.568233e-001
6.286905e+003,5.279273e-001
6.290762e+003,5.865223e-001
6.294619e+003,7.176638e-001
6.298476e+003,8.861229e-001
6.302333e+003,1.045506e+000
6.306190e+003,1.151598e+000
6.310047e+003,1.169269e+000
6.313904e+003,1.076494e+000
6.317761e+003,8.649062e-001
6.321618e+003,5.387727e-001
6.325475e+003,1.142519e-001
6.329332e+003,-3.676630e-001
6.333189e+003,-8.805695e-001
6.337046e+003,-1.375377e+000
6.340903e+003,-1.794825e+000
6.344760e+003,-2.080147e+000
6.348617e+003,-2.180827e+000
6.352474e+003,-2.065756e+000
6.356331e+003,-1.733147e+000
6.360188e+003,-1.243304e+000
6.364045e+003,-6.432781e-001
6.367902e+003,-1.743947e-002
6.371759e+003,5.392015e-001
6.375616e+003,9.381037e-001
6.379473e+003,1.114707e+000
6.383330e+003,1.042047e+000
6.387187e+003,7.366342e-001
6.391044e+003,2.603804e-001
6.394901e+003,-3.035666e-001
6.398758e+003,-8.730251e-001
6.402615e+003,-1.375638e+000
6.406472e+003,-1.761114e+000
6.410329e+003,-2.006004e+000
6.414186e+003,-2.110457e+000
6.418043e+003,-2.089194e+000
6.421900e+003,-1.963887e+000
6.425757e+003,-1.747950e+000
6.429614e+003,-1.449665e+000
6.433471e+003,-1.074585e+000
6.437328e+003,-6.324975e-001
6.441185e+003,-1.438836e-001
6.445042e+003,3.578377e-001
6.448899e+003,8.300841e-001
6.452756e+003,1.260731e+000
6.456613e+003,1.577471e+000
6.460470e+003,1.765713e+000
6.464327e+003,1.836365e+000
6.468184e+003,1.821691e+000
6.472041e+003,1.764848e+000
6.475898e+003,1.706841e+000
6.479755e+003,1.675241e+000
6.483612e+003,1.667909e+000
6.487469e+003,1.675471e+000
6.491326e+003,1.672936e+000
6.495183e+003,1.631379e+000
6.499040e+003,1.528434e+000
6.502897e+003,1.356780e+000
6.506754e+003,1.129036e+000
6.510611e+003,8.781646e-001
6.514468e+003,6.386631e-001
6.518325e+003,4.855906e-001
6.522182e+003,4.697030e-001
6.526039e+003,6.182146e-001
6.529896e+003,9.218839e-001
6.533753e+003,1.329813e+000
6.537610e+003,1.755684e+000
6.541467e+003,2.095891e+000
6.545324e+003,2.254809e+000
6.549181e+003,2.172110e+000
6.553038e+003,1.841865e+000
6.556895e+003,1.314780e+000
6.560752e+003,6.833344e-001
6.564609e+003,5.462964e-002
6.568466e+003,-4.793100e-001
6.572323e+003,-8.631750e-001
6.576180e+003,-1.085040e+000
6.580037e+003,-1.166999e+000
6.583894e+003,-1.145869e+000
6.587751e+003,-1.054011e+000
6.591608e+003,-9.081420e-001
6.595465e+003,-7.101352e-001
6.599322e+003,-4.573948e-001
6.603179e+003,-1.558662e-001
6.607036e+003,1.679527e-001
6.610893e+003,4.816471e-001
6.614750e+003,7.435613e-001
6.618607e+003,9.198411e-001
6.622464e+003,9.932914e-001
6.626321e+003,9.639950e-001
6.630178e+003,8.423401e-001
6.634035e+003,6.396638e-001
6.637892e+003,3.653541e-001
6.641749e+003,2.530518e-002
6.645606e+003,-3.630823e-001
6.649463e+003,-7.591115e-001
6.653320e+003,-1.093987e+000
6.657177e+003,-1.280066e+000
6.661034e+003,-1.234294e+000
6.664891e+003,-9.086005e-001
6.668748e+003,-3.160051e-001
6.672605e+003,4.632609e-001
6.676462e+003,1.294646e+000
6.680319e+003,2.023071e+000
6.684176e+003,2.514756e+000
6.688033e+003,2.692445e+000
6.691890e+003,2.551793e+000
6.695747e+003,2.154358e+000
6.699604e+003,1.598414e+000
6.703461e+003,9.958228e-001
6.707318e+003,4.364250e-001
6.711175e+003,-2.346706e-002
6.715032e+003,-3.585567e-001
6.718889e+003,-5.622784e-001
6.722746e+003,-6.341362e-001
6.726603e+003,-5.743926e-001
6.730460e+003,-3.869078e-001
6.734317e+003,-9.044407e-002
6.738174e+003,2.708261e-001
6.742031e+003,6.311126e-001
6.745888e+003,9.161092e-001
6.749745e+003,1.063459e+000
6.753602e+003,1.042114e+000
6.757459e+003,8.619989e-001
6.761316e+003,5.687085e-001
6.765173e+003,2.286635e-001
6.769030e+003,-9.144531e-002
6.772887e+003,-3.440872e-001
6.776744e+003,-5.080028e-001
6.780601e+003,-5.838391e-001
6.784458e+003,-5.832338e-001
6.788315e+003,-5.188354e-001
6.792172e+003,-4.002469e-001
6.796029e+003,-2.407228e-001
6.799886e+003,-6.256479e-002
6.803743e+003,9.908837e-002
6.807600e+003,2.022493e-001
6.811457e+003,2.134781e-001
6.815314e+003,1.265655e-001
6.819171e+003,-2.509411e-002
6.823028e+003,-1.719707e-001
6.826885e+003,-2.203621e-001
6.830742e+003,-9.140348e-002
6.834599e+003,2.504087e-001
6.838456e+003,7.799271e-001
6.842313e+003,1.415715e+000
6.846170e+003,2.045299e+000
6.850027e+003,2.561779e+000
6.853884e+003,2.899930e+000
6.857741e+003,3.043940e+000
6.861598e+003,3.035959e+000
6.865455e+003,2.947640e+000
6.869312e+003,2.847485e+000
6.873169e+003,2.773133e+000
6.877026e+003,2.719046e+000
6.880883e+003,2.642923e+000
6.884740e+003,2.483500e+000
6.888597e+003,2.192724e+000
6.892454e+003,1.750286e+000
6.896311e+003,1.172957e+000
6.900167e+003,5.093337e-001
6.904025e+003,-1.742228e-001
6.907882e+003,-8.098447e-001
6.911739e+003,-1.340938e+000
6.915596e+003,-1.730073e+000
6.919453e+003,-1.955877e+000
6.923310e+003,-2.016162e+000
6.927167e+003,-1.923976e+000
6.931024e+003,-1.705729e+000
6.934881e+003,-1.398972e+000
6.938738e+003,-1.048395e+000
6.942595e+003,-6.993984e-001
6.946452e+003,-3.904735e-001
6.950309e+003,-1.453523e-001
6.954166e+003,2.984695e-002
6.958022e+003,1.457236e-001
6.961880e+003,2.245261e-001
6.965737e+003,2.935060e-001
6.969594e+003,3.794669e-001
6.973451e+003,5.060740e-001
6.977308e+003,6.913552e-001
6.981165e+003,9.527842e-001
6.985021e+003,1.299421e+000
6.988878e+003,1.727260e+000
6.992736e+003,2.211783e+000
6.996593e+003,2.703478e+000
7.000450e+003,3.130868e+000
7.004307e+003,3.413366e+000
7.008164e+003,3.480960e+000
7.012021e+003,3.301335e+000
7.015877e+003,2.889078e+000
7.019735e+003,2.310002e+000
7.023592e+003,1.666979e+000
7.027449e+003,1.073433e+000
7.031306e+003,6.233278e-001
7.035163e+003,3.680566e-001
7.039020e+003,3.079781e-001
7.042876e+003,4.000812e-001
7.046733e+003,5.783863e-001
7.050591e+003,7.758978e-001
7.054448e+003,9.409294e-001
7.058305e+003,1.042627e+000
7.062162e+003,1.066725e+000
7.066019e+003,1.007320e+000
7.069875e+003,8.598792e-001
7.073732e+003,6.276352e-001
7.077589e+003,3.259480e-001
7.081447e+003,-8.959830e-003
7.085304e+003,-3.195140e-001
7.089161e+003,-5.381094e-001
7.093018e+003,-6.085137e-001
7.096875e+003,-5.094387e-001
7.100731e+003,-2.694713e-001
7.104588e+003,3.794086e-002
7.108445e+003,3.009468e-001
7.112303e+003,4.166254e-001
7.116160e+003,3.272769e-001
7.120017e+003,4.060966e-002
7.123874e+003,-3.742777e-001
7.127730e+003,-8.127546e-001
7.131587e+003,-1.211161e+000
7.135444e+003,-1.171468e+000
7.139302e+003,-6.925150e-001
7.143159e+003,4.980210e-002
7.147016e+003,8.078072e-001
7.150873e+003,1.369209e+000
7.154729e+003,1.614420e+000
7.158586e+003,1.523405e+000
7.162443e+003,1.301467e+000
7.166300e+003,1.016117e+000
7.170158e+003,7.142824e-001
7.174015e+003,4.503583e-001
7.177872e+003,2.718389e-001
7.181729e+003,1.996143e-001
7.185585e+003,2.144239e-001
7.189442e+003,2.600466e-001
7.193299e+003,2.793703e-001
7.197156e+003,2.154705e-001
7.201014e+003,5.530098e-002
7.204871e+003,-1.775637e-001
7.208728e+003,-4.311842e-001
7.212584e+003,-6.448542e-001
7.216441e+003,-7.711076e-001
7.220298e+003,-7.901359e-001
7.224155e+003,-7.196765e-001
7.228013e+003,-5.810856e-001
7.231870e+003,-3.967596e-001
7.235727e+003,-1.756995e-001
7.239583e+003,8.783112e-002
7.243440e+003,4.039894e-001
7.247297e+003,7.708648e-001
7.251154e+003,1.161054e+000
7.255011e+003,1.504861e+000
7.258869e+003,1.754585e+000
7.262726e+003,1.851511e+000
7.266583e+003,1.766446e+000
7.270439e+003,1.513884e+000
7.274296e+003,1.151051e+000
7.278153e+003,7.614172e-001
7.282010e+003,4.287651e-001
7.285867e+003,2.044480e-001
7.289725e+003,1.059594e-001
7.293582e+003,1.155113e-001
7.297438e+003,1.923861e-001
7.301295e+003,2.915373e-001
7.305152e+003,3.802069e-001
7.309009e+003,4.460422e-001
7.312866e+003,4.943865e-001
7.316724e+003,5.314016e-001
7.320581e+003,5.745267e-001
7.324438e+003,6.171281e-001
7.328294e+003,6.396949e-001
7.332151e+003,6.188664e-001
7.336008e+003,5.406180e-001
7.339865e+003,4.115118e-001
7.343722e+003,2.624939e-001
7.347580e+003,1.400870e-001
7.351437e+003,1.032082e-001
7.355293e+003,1.916002e-001
7.359150e+003,4.146914e-001
7.363007e+003,7.460523e-001
7.366864e+003,1.129605e+000
7.370721e+003,1.495424e+000
7.374578e+003,1.779466e+000
7.378436e+003,1.947405e+000
7.382292e+003,1.969947e+000
7.386149e+003,1.865464e+000
7.390006e+003,1.672445e+000
7.393863e+003,1.432942e+000
7.397720e+003,1.178439e+000
7.401577e+003,9.231873e-001
7.405434e+003,6.664693e-001
7.409292e+003,3.787317e-001
7.413148e+003,7.844652e-002
7.417005e+003,-2.226174e-001
7.420862e+003,-5.006320e-001
7.424719e+003,-7.269630e-001
7.428576e+003,-8.788940e-001
7.432433e+003,-9.484617e-001
7.436291e+003,-9.449022e-001
7.440147e+003,-8.910863e-001
7.444004e+003,-8.015120e-001
7.447861e+003,-6.858926e-001
7.451718e+003,-5.343010e-001
7.455575e+003,-3.195584e-001
7.459432e+003,-9.817824e-003
7.463289e+003,4.128180e-001
7.467146e+003,9.349079e-001
7.471003e+003,1.510622e+000
7.474860e+003,2.040498e+000
7.478717e+003,2.418793e+000
7.482574e+003,2.556124e+000
7.486431e+003,2.409853e+000
7.490288e+003,2.003584e+000
7.494145e+003,1.428013e+000
7.498002e+003,8.210498e-001
7.501859e+003,3.255170e-001
7.505716e+003,7.190319e-002
7.509573e+003,1.150298e-001
7.513430e+003,4.248976e-001
7.517287e+003,8.935186e-001
7.521144e+003,1.364268e+000
7.525001e+003,1.675082e+000
7.528858e+003,1.702769e+000
7.532715e+003,1.390357e+000
7.536572e+003,7.727162e-001
7.540429e+003,-4.118994e-002
7.544286e+003,-8.963911e-001
7.548143e+003,-1.630879e+000
7.552000e+003,-2.112798e+000
7.555857e+003,-2.266464e+000
7.559714e+003,-2.082169e+000
7.563571e+003,-1.606728e+000
7.567428e+003,-9.332920e-001
7.571285e+003,-1.742951e-001
7.575142e+003,5.605574e-001
7.578999e+003,1.180629e+000
7.582856e+003,1.623399e+000
7.586713e+003,1.857108e+000
7.590570e+003,1.879197e+000
7.594427e+003,1.712533e+000
7.598284e+003,1.400574e+000
7.602141e+003,1.004047e+000
7.605998e+003,5.929359e-001
7.609855e+003,2.375217e-001
7.613712e+003,-2.231248e-003
7.617569e+003,-8.724617e-002
7.621426e+003,-7.228686e-003
7.625283e+003,2.171747e-001
7.629140e+003,5.379185e-001
7.632997e+003,8.904264e-001
7.636854e+003,1.208905e+000
7.640711e+003,1.441308e+000
7.644568e+003,1.559927e+000
7.648425e+003,1.564620e+000
7.652282e+003,1.478157e+000
7.656139e+003,1.335933e+000
7.659996e+003,1.174140e+000
7.663853e+003,1.020279e+000
7.667710e+003,8.889421e-001
7.671567e+003,7.836797e-001
7.675424e+003,7.024320e-001
7.679281e+003,6.429467e-001
7.683138e+003,6.051256e-001
7.686995e+003,5.954709e-001
7.690852e+003,6.053194e-001
7.694709e+003,6.239448e-001
7.698566e+003,6.345893e-001
7.702423e+003,6.201505e-001
7.706280e+003,5.713337e-001
7.710137e+003,4.927435e-001
7.713994e+003,4.025433e-001
7.717851e+003,3.260855e-001
7.721708e+003,2.717363e-001
7.725565e+003,2.329768e-001
7.729422e+003,1.782752e-001
7.733279e+003,6.117299e-002
7.737136e+003,-1.579812e-001
7.740993e+003,-4.872105e-001
7.744850e+003,-8.867390e-001
7.748707e+003,-1.295040e+000
7.752564e+003,-1.565726e+000
7.756421e+003,-1.595298e+000
7.760278e+003,-1.338229e+000
7.764135e+003,-8.300821e-001
7.767992e+003,-1.820829e-001
7.771849e+003,4.516807e-001
7.775706e+003,9.219332e-001
7.779563e+003,1.127876e+000
7.783420e+003,1.038540e+000
7.787277e+003,7.048067e-001
7.791134e+003,2.304581e-001
7.794991e+003,-2.634378e-001
7.798848e+003,-6.713327e-001
7.802705e+003,-9.236921e-001
7.806562e+003,-9.931369e-001
7.810419e+003,-9.031723e-001
7.814276e+003,-6.903166e-001
7.818133e+003,-4.055906e-001
7.821990e+003,-1.083538e-001
7.825847e+003,1.432215e-001
7.829704e+003,3.038535e-001
7.833561e+003,3.528680e-001
7.837418e+003,3.014494e-001
7.841275e+003,1.853110e-001
7.845132e+003,7.014951e-002
7.848989e+003,9.473756e-003
7.852846e+003,4.087879e-002
7.856703e+003,1.752533e-001
7.860560e+003,3.946263e-001
7.864417e+003,6.583335e-001
7.868274e+003,9.140042e-001
7.872131e+003,1.103342e+000
7.875988e+003,1.195251e+000
7.879845e+003,1.160921e+000
7.883702e+003,9.874272e-001
7.887559e+003,6.821206e-001
7.891416e+003,2.772611e-001
7.895273e+003,-1.681605e-001
7.899130e+003,-5.735534e-001
7.902987e+003,-8.494760e-001
7.906844e+003,-9.317336e-001
7.910701e+003,-7.875165e-001
7.914558e+003,-4.365353e-001
7.918415e+003,4.827780e-002
7.922272e+003,5.576088e-001
7.926129e+003,9.759287e-001
7.929986e+003,1.214919e+000
7.933843e+003,1.238155e+000
7.937700e+003,1.068724e+000
7.941557e+003,7.752385e-001
7.945414e+003,4.468917e-001
7.949271e+003,1.652130e-001
7.953128e+003,-1.597731e-002
7.956985e+003,-7.646160e-002
7.960842e+003,-2.245316e-002
7.964699e+003,1.299082e-001
7.968556e+003,3.575121e-001
7.972413e+003,6.387193e-001
7.976270e+003,9.477671e-001
7.980127e+003,1.247774e+000
7.983984e+003,1.489073e+000
7.987841e+003,1.617584e+000
7.991698e+003,1.591880e+000
7.995555e+003,1.393077e+000
7.999412e+003,1.055151e+000
8.003269e+003,6.501213e-001
8.007126e+003,2.668794e-001
8.010983e+003,-1.861256e-002
8.014840e+003,-1.684745e-001
8.018697e+003,-1.923897e-001
8.022554e+003,-1.375379e-001
8.026411e+003,-7.001579e-002
8.030268e+003,-3.007847e-002
8.034125e+003,-3.372768e-002
8.037982e+003,-6.485528e-002
8.041839e+003,-9.184656e-002
8.045696e+003,-9.072097e-002
8.049553e+003,-6.222412e-002
8.053410e+003,-3.423631e-002
8.057267e+003,-5.096419e-002
8.061124e+003,-1.473098e-001
8.064981e+003,-3.350204e-001
8.068838e+003,-5.947648e-001
8.072695e+003,-8.834728e-001
8.076552e+003,-1.150383e+000
8.080409e+003,-1.353215e+000
8.084266e+003,-1.467366e+000
8.088123e+003,-1.486817e+000
8.091980e+003,-1.418908e+000
8.095837e+003,-1.276039e+000
8.099694e+003,-1.075644e+000
8.103551e+003,-8.416303e-001
8.107408e+003,-6.047969e-001
8.111265e+003,-3.978371e-001
8.115122e+003,-2.441228e-001
8.118979e+003,-1.491266e-001
8.122836e+003,-8.046409e-002
8.126693e+003,1.082408e-002
8.130550e+003,1.762821e-001
8.134407e+003,4.433835e-001
8.138264e+003,7.935820e-001
8.142121e+003,1.157206e+000
8.145978e+003,1.431191e+000
8.149835e+003,1.514816e+000
8.153692e+003,1.357596e+000
8.157549e+003,9.757118e-001
8.161406e+003,4.598899e-001
8.165263e+003,-4.929217e-002
8.169120e+003,-4.060112e-001
8.172977e+003,-5.070167e-001
8.176833e+003,-3.245031e-001
8.180691e+003,8.269429e-002
8.184548e+003,6.061062e-001
8.188405e+003,1.115442e+000
8.192262e+003,1.501800e+000
8.196118e+003,1.705445e+000
8.199976e+003,1.722814e+000
8.203832e+003,1.594090e+000
8.207689e+003,1.380053e+000
8.211547e+003,1.140048e+000
8.215403e+003,9.165086e-001
8.219261e+003,7.336527e-001
8.223117e+003,6.024987e-001
8.226975e+003,5.274568e-001
8.230831e+003,5.091593e-001
8.234688e+003,5.424045e-001
8.238546e+003,6.122690e-001
8.242402e+003,6.927357e-001
8.246260e+003,7.543713e-001
8.250116e+003,7.735698e-001
8.253974e+003,7.457652e-001
8.257830e+003,6.917447e-001
8.261688e+003,6.528931e-001
8.265544e+003,6.752747e-001
8.269401e+003,7.881799e-001
8.273259e+003,9.883562e-001
8.277115e+003,1.228248e+000
8.280973e+003,1.431802e+000
8.284829e+003,1.517706e+000
8.288687e+003,1.428430e+000
8.292543e+003,1.152564e+000
8.296400e+003,7.316951e-001
8.300258e+003,2.492390e-001
8.304114e+003,-1.969288e-001
8.307972e+003,-5.146305e-001
8.311828e+003,-6.492767e-001
8.315686e+003,-5.922038e-001
8.319542e+003,-3.769369e-001
8.323399e+003,-6.527550e-002
8.327257e+003,2.701436e-001
8.331113e+003,5.609183e-001
8.334971e+003,7.505018e-001
8.338827e+003,8.040997e-001
8.342685e+003,7.085843e-001
8.346541e+003,4.746630e-001
8.350398e+003,1.366279e-001
8.354255e+003,-2.516264e-001
8.358112e+003,-6.260843e-001
8.361970e+003,-9.269077e-001
8.365826e+003,-1.116584e+000
8.369684e+003,-1.177839e+000
8.373540e+003,-1.128271e+000
8.377397e+003,-1.002656e+000
8.381254e+003,-8.337431e-001
8.385111e+003,-6.350172e-001
8.388969e+003,-3.945429e-001
8.392825e+003,-8.431175e-002
8.396683e+003,3.241605e-001
8.400539e+003,8.179487e-001
8.404396e+003,1.344497e+000
8.408253e+003,1.813590e+000
8.412110e+003,2.124392e+000
8.415968e+003,2.203357e+000
8.419824e+003,2.037076e+000
8.423682e+003,1.684928e+000
8.427538e+003,1.258148e+000
8.431396e+003,9.038707e-001
8.435252e+003,7.377436e-001
8.439109e+003,8.092402e-001
8.442966e+003,1.088144e+000
8.446823e+003,1.480188e+000
8.450681e+003,1.863912e+000
8.454537e+003,2.132962e+000
8.458395e+003,2.228837e+000
8.462251e+003,2.141570e+000
8.466108e+003,1.918899e+000
8.469965e+003,1.633273e+000
8.473822e+003,1.353629e+000
8.477680e+003,1.125503e+000
8.481536e+003,9.643034e-001
8.485394e+003,8.603319e-001
8.489250e+003,7.898757e-001
8.493107e+003,7.303261e-001
8.496964e+003,6.651871e-001
8.500821e+003,5.926613e-001
8.504679e+003,5.245577e-001
8.508535e+003,4.791780e-001
8.512393e+003,4.700556e-001
8.516249e+003,4.944536e-001
8.520106e+003,5.251697e-001
8.523963e+003,5.186156e-001
8.527820e+003,4.298275e-001
8.531677e+003,2.378518e-001
8.535534e+003,-3.387249e-002
8.539392e+003,-3.140095e-001
8.543248e+003,-5.032377e-001
8.547105e+003,-5.128058e-001
8.550962e+003,-3.075168e-001
8.554819e+003,6.895818e-002
8.558676e+003,5.167725e-001
8.562533e+003,9.058405e-001
8.566391e+003,1.124219e+000
8.570247e+003,1.119755e+000
8.574104e+003,9.163293e-001
8.577961e+003,5.980589e-001
8.581818e+003,2.835783e-001
8.585675e+003,3.423995e-002
8.589532e+003,-1.167318e-001
8.593389e+003,-1.772764e-001
8.597246e+003,-1.757424e-001
8.601104e+003,-1.339459e-001
8.604960e+003,-4.977554e-002
8.608817e+003,1.011218e-001
8.612674e+003,3.228461e-001
8.616531e+003,6.386772e-001
8.620388e+003,1.020754e+000
8.624245e+003,1.406962e+000
8.628103e+003,1.719630e+000
8.631959e+003,1.893209e+000
8.635816e+003,1.898314e+000
8.639673e+003,1.751732e+000
8.643530e+003,1.505813e+000
8.647387e+003,1.238829e+000
8.651244e+003,1.015553e+000
8.655102e+003,8.780037e-001
8.658958e+003,8.383251e-001
8.662815e+003,8.811649e-001
8.666672e+003,9.717043e-001
8.670529e+003,1.065260e+000
8.674386e+003,1.114051e+000
8.678243e+003,1.085400e+000
8.682100e+003,9.609254e-001
8.685957e+003,7.497569e-001
8.689814e+003,4.947743e-001
8.693671e+003,2.700048e-001
8.697528e+003,1.655228e-001
8.701385e+003,2.611209e-001
8.705242e+003,5.887451e-001
8.709099e+003,1.129932e+000
8.712956e+003,1.797457e+000
8.716813e+003,2.457177e+000
8.720670e+003,2.964293e+000
8.724526e+003,3.205548e+000
8.728384e+003,3.132009e+000
8.732241e+003,2.770294e+000
8.736098e+003,2.211476e+000
8.739955e+003,1.571055e+000
8.743812e+003,9.557264e-001
8.747669e+003,4.353045e-001
8.751525e+003,3.340995e-002
8.755383e+003,-2.626425e-001
8.759240e+003,-4.802271e-001
8.763097e+003,-6.395817e-001
8.766954e+003,-7.419484e-001
8.770811e+003,-7.705120e-001
8.774668e+003,-7.040863e-001
8.778524e+003,-5.327883e-001
8.782382e+003,-2.690303e-001
8.786238e+003,5.147468e-002
8.790096e+003,3.784447e-001
8.793953e+003,6.609339e-001
8.797810e+003,8.592396e-001
8.801667e+003,9.527287e-001
8.805523e+003,9.426907e-001
8.809381e+003,8.464847e-001
8.813237e+003,6.903588e-001
8.817095e+003,5.028051e-001
8.820952e+003,3.096296e-001
8.824809e+003,1.305025e-001
8.828666e+003,-4.564893e-002
8.832522e+003,-1.937322e-001
8.836380e+003,-3.214043e-001
8.840236e+003,-4.414538e-001
8.844094e+003,-5.639771e-001
8.847951e+003,-6.884688e-001
8.851808e+003,-7.999253e-001
8.855665e+003,-8.720571e-001
8.859521e+003,-8.970531e-001
8.863379e+003,-8.160676e-001
8.867235e+003,-6.475394e-001
8.871093e+003,-4.427250e-001
8.874949e+003,-2.688423e-001
8.878807e+003,-1.828677e-001
8.882664e+003,-2.081505e-001
8.886521e+003,-3.247820e-001
8.890378e+003,-4.845650e-001
8.894234e+003,-6.033911e-001
8.898092e+003,-6.159923e-001
8.901948e+003,-4.921771e-001
8.905806e+003,-2.442096e-001
8.909663e+003,7.901524e-002
8.913520e+003,4.058264e-001
8.917377e+003,6.593032e-001
8.921233e+003,7.835183e-001
8.925091e+003,7.830066e-001
8.928947e+003,6.632605e-001
8.932805e+003,4.639033e-001
8.936662e+003,2.525402e-001
8.940519e+003,1.054397e-001
8.944376e+003,7.944070e-002
8.948232e+003,1.861260e-001
8.952090e+003,3.827669e-001
8.955946e+003,5.835019e-001
8.959804e+003,7.032449e-001
8.963660e+003,6.842285e-001
8.967518e+003,5.230912e-001
8.971375e+003,2.763108e-001
8.975231e+003,3.946543e-002
8.979089e+003,-9.222362e-002
8.982945e+003,-6.535530e-002
8.986803e+003,1.049634e-001
8.990659e+003,3.464281e-001
8.994517e+003,5.562401e-001
8.998374e+003,6.445816e-001
9.002230e+003,5.728773e-001
9.006088e+003,3.702520e-001
9.009944e+003,1.214515e-001
9.013802e+003,-6.729491e-002
9.017658e+003,-1.122636e-001
9.021516e+003,2.069344e-002
9.025373e+003,3.079487e-001
9.029229e+003,6.845090e-001
9.033087e+003,1.074619e+000
9.036943e+003,1.421611e+000
9.040801e+003,1.703980e+000
9.044657e+003,1.932539e+000
9.048515e+003,2.131702e+000
9.052371e+003,2.317830e+000
9.056229e+003,2.483759e+000
9.060086e+003,2.597696e+000
9.063942e+003,2.615700e+000
9.067800e+003,2.500938e+000
9.071656e+003,2.240541e+000
9.075514e+003,1.852147e+000
9.079370e+003,1.382995e+000
9.083228e+003,8.958034e-001
9.087085e+003,4.551517e-001
9.090941e+003,1.159441e-001
9.094799e+003,-8.327888e-002
9.098655e+003,-1.231248e-001
9.102513e+003,-4.525227e-003
9.106369e+003,2.500772e-001
9.110227e+003,5.965549e-001
9.114084e+003,9.716955e-001
9.117940e+003,1.301123e+000
9.121798e+003,1.512729e+000
9.125654e+003,1.552738e+000
9.129512e+003,1.399290e+000
9.133368e+003,1.068471e+000
9.137226e+003,6.127614e-001
9.141082e+003,1.004212e-001
9.144939e+003,-3.956733e-001
9.148797e+003,-8.145340e-001
9.152653e+003,-1.115869e+000
9.156511e+003,-1.281132e+000
9.160367e+003,-1.308890e+000
9.164225e+003,-1.208638e+000
9.168081e+003,-1.003400e+000
9.171938e+003,-7.138891e-001
9.175796e+003,-3.721572e-001
9.179652e+003,-2.183874e-002
9.183510e+003,2.837839e-001
9.187366e+003,4.896550e-001
9.191224e+003,5.516821e-001
9.195080e+003,4.505724e-001
9.198938e+003,1.959427e-001
9.202795e+003,-1.522637e-001
9.206651e+003,-5.193859e-001
9.210509e+003,-8.221903e-001
9.214365e+003,-9.901467e-001
9.218223e+003,-9.851930e-001
9.222079e+003,-8.139486e-001
9.225937e+003,-5.280141e-001
9.229793e+003,-2.191456e-001
9.233650e+003,3.345346e-002
9.237508e+003,1.575781e-001
9.241364e+003,1.198275e-001
9.245222e+003,-6.224199e-002
9.249078e+003,-3.225138e-001
9.252936e+003,-5.635822e-001
9.256792e+003,-6.845304e-001
9.260649e+003,-6.140394e-001
9.264507e+003,-3.301135e-001
9.268363e+003,1.348028e-001
9.272221e+003,7.003855e-001
9.276077e+003,1.260963e+000
9.279935e+003,1.715206e+000
9.283791e+003,1.993421e+000
9.287648e+003,2.073865e+000
9.291506e+003,1.983117e+000
9.295362e+003,1.781673e+000
9.299220e+003,1.541697e+000
9.303076e+003,1.322285e+000
9.306934e+003,1.153483e+000
9.310790e+003,1.033033e+000
9.314647e+003,9.355890e-001
9.318504e+003,8.294338e-001
9.322361e+003,6.893758e-001
9.326219e+003,5.190920e-001
9.330075e+003,3.402629e-001
9.333933e+003,1.865606e-001
9.337789e+003,8.895337e-002
9.341646e+003,6.247707e-002
9.345503e+003,9.989646e-002
9.349360e+003,1.745357e-001
9.353218e+003,2.518629e-001
9.357074e+003,2.992935e-001
9.360932e+003,3.003553e-001
9.364788e+003,2.592310e-001
9.368646e+003,1.973836e-001
9.372502e+003,1.441702e-001
9.376359e+003,1.256843e-001
9.380216e+003,1.563146e-001
9.384073e+003,2.384983e-001
9.387931e+003,3.580640e-001
9.391787e+003,4.975675e-001
9.395645e+003,6.415362e-001
9.399501e+003,7.804245e-001
9.403358e+003,9.099596e-001
9.407215e+003,1.026783e+000
9.411072e+003,1.123172e+000
9.414930e+003,1.181780e+000
9.418786e+003,1.182121e+000
9.422644e+003,1.104918e+000
9.426500e+003,9.418212e-001
9.430357e+003,7.034912e-001
9.434214e+003,4.223603e-001
9.438071e+003,1.478735e-001
9.441929e+003,-6.511745e-002
9.445785e+003,-1.748790e-001
9.449643e+003,-1.515621e-001
9.453499e+003,-3.179118e-003
9.457356e+003,2.340179e-001
9.461213e+003,5.072130e-001
9.465070e+003,7.633644e-001
9.468927e+003,9.642087e-001
9.472784e+003,1.094571e+000
9.476642e+003,1.155985e+000
9.480498e+003,1.170007e+000
9.484355e+003,1.158589e+000
9.488212e+003,1.133691e+000
9.492069e+003,1.093439e+000
9.495926e+003,1.026934e+000
9.499783e+003,9.247981e-001
9.503641e+003,7.898089e-001
9.507497e+003,6.117377e-001
9.511354e+003,4.681578e-001
9.515211e+003,4.010608e-001
9.519068e+003,4.342234e-001
9.522925e+003,5.609759e-001
9.526782e+003,7.439200e-001
9.530640e+003,9.271387e-001
9.534496e+003,1.055546e+000
9.538354e+003,1.109806e+000
9.542210e+003,1.039522e+000
9.546067e+003,8.714258e-001
9.549924e+003,6.545678e-001
9.553781e+003,4.370624e-001
9.557638e+003,2.530628e-001
9.561495e+003,1.238098e-001
9.565353e+003,6.584217e-002
9.569209e+003,6.732842e-002
9.573066e+003,1.456372e-001
9.576923e+003,2.963573e-001
9.580780e+003,4.909036e-001
9.584637e+003,6.782835e-001
9.588494e+003,8.018160e-001
9.592352e+003,8.252691e-001
9.596208e+003,7.555826e-001
9.600065e+003,6.247294e-001
9.603922e+003,5.345412e-001
9.607779e+003,5.542014e-001
9.611636e+003,7.241101e-001
9.615493e+003,1.034390e+000
9.619351e+003,1.419527e+000
9.623207e+003,1.772798e+000
9.627064e+003,1.976694e+000
9.630921e+003,1.951625e+000
9.634778e+003,1.666972e+000
9.638635e+003,1.149478e+000
9.642492e+003,4.825419e-001
9.646349e+003,-2.146791e-001
9.650206e+003,-8.165091e-001
9.654063e+003,-1.219232e+000
9.657920e+003,-1.361048e+000
9.661777e+003,-1.230516e+000
9.665634e+003,-8.642876e-001
9.669491e+003,-3.244630e-001
9.673348e+003,3.102566e-001
9.677205e+003,9.567761e-001
9.681063e+003,1.536082e+000
9.684919e+003,1.978783e+000
9.688776e+003,2.229951e+000
9.692633e+003,2.256193e+000
9.696490e+003,2.052043e+000
9.700347e+003,1.644222e+000
9.704204e+003,1.094836e+000
9.708062e+003,4.954704e-001
9.711918e+003,-4.770350e-002
9.715775e+003,-4.355829e-001
9.719632e+003,-5.991280e-001
9.723489e+003,-5.174639e-001
9.727346e+003,-2.224425e-001
9.731203e+003,2.110043e-001
9.735060e+003,6.847620e-001
9.738917e+003,1.104061e+000
9.742774e+003,1.401436e+000
9.746631e+003,1.550547e+000
9.750488e+003,1.565906e+000
9.754345e+003,1.489558e+000
9.758202e+003,1.370866e+000
9.762059e+003,1.245607e+000
9.765916e+003,1.124884e+000
9.769773e+003,9.954346e-001
9.773630e+003,8.310638e-001
9.777487e+003,6.099415e-001
9.781344e+003,3.303093e-001
9.785201e+003,1.830804e-002
9.789058e+003,-2.781129e-001
9.792915e+003,-5.023629e-001
9.796772e+003,-6.095118e-001
9.800629e+003,-5.834231e-001
9.804486e+003,-4.443811e-001
9.808343e+003,-2.437412e-001
9.812200e+003,-4.700887e-002
9.816057e+003,8.881363e-002
9.819914e+003,1.352017e-001
9.823771e+003,1.020143e-001
9.827628e+003,3.310728e-002
9.831485e+003,-1.088899e-002
9.835342e+003,2.372092e-002
9.839199e+003,1.626064e-001
9.843056e+003,3.932450e-001
9.846913e+003,6.727425e-001
9.850770e+003,9.364804e-001
9.854627e+003,1.131263e+000
9.858484e+003,1.232532e+000
9.862341e+003,1.251656e+000
9.866198e+003,1.227437e+000
9.870055e+003,1.205643e+000
9.873912e+003,1.215800e+000
9.877769e+003,1.253283e+000
9.881626e+003,1.279595e+000
9.885483e+003,1.242485e+000
9.889340e+003,1.100494e+000
9.893197e+003,8.470448e-001
9.897054e+003,5.197796e-001
9.900911e+003,1.901907e-001
9.904768e+003,-6.222801e-002
9.908625e+003,-3.993124e-001
9.912481e+003,-4.386083e-001
9.916339e+003,-2.888804e-001
9.920196e+003,-1.350697e-001
9.924053e+003,-1.174012e-001
9.927910e+003,-2.612664e-001
9.931767e+003,-4.902011e-001
9.935624e+003,-6.903538e-001
9.939480e+003,-7.399741e-001
9.943338e+003,-7.199533e-001
9.947195e+003,-6.163892e-001
9.951052e+003,-4.147628e-001
9.954909e+003,-1.092284e-001
9.958766e+003,2.802995e-001
9.962623e+003,6.968822e-001
9.966479e+003,1.054252e+000
9.970337e+003,1.257508e+000
9.974193e+003,1.308569e+000
9.978051e+003,1.214698e+000
9.981908e+003,1.032979e+000
9.985765e+003,8.535693e-001
9.989622e+003,7.668459e-001
9.993479e+003,8.275993e-001
9.997336e+003,1.031897e+000
1.000119e+004,1.313313e+000
1.000505e+004,1.581536e+000
1.000891e+004,1.749018e+000
1.001276e+004,1.767380e+000
1.001662e+004,1.645769e+000
1.002048e+004,1.445650e+000
1.002433e+004,1.254815e+000
1.002819e+004,1.151985e+000
1.003205e+004,1.175228e+000
1.003591e+004,1.311500e+000
1.003976e+004,1.504958e+000
1.004362e+004,1.678665e+000
1.004748e+004,1.762084e+000
1.005133e+004,1.713012e+000
1.005519e+004,1.527085e+000
1.005905e+004,1.233962e+000
1.006290e+004,8.888384e-001
1.006676e+004,5.431595e-001
1.007062e+004,2.441343e-001
1.007448e+004,2.526651e-002
1.007833e+004,-9.651294e-002
1.008219e+004,-1.214873e-001
1.008605e+004,-6.673972e-002
1.008990e+004,3.578752e-002
1.009376e+004,1.391270e-001
1.009762e+004,2.125741e-001
1.010147e+004,2.276242e-001
1.010533e+004,1.737499e-001
1.010919e+004,6.425232e-002
1.011305e+004,-6.515694e-002
1.011690e+004,-1.661633e-001
1.012076e+004,-1.938055e-001
1.012462e+004,-1.296655e-001
1.012847e+004,-4.095852e-003
1.013233e+004,1.718818e-001
1.013619e+004,3.777963e-001
1.014004e+004,5.871853e-001
1.014390e+004,7.724097e-001
1.014776e+004,9.097263e-001
1.015162e+004,9.834566e-001
1.015547e+004,9.354999e-001
1.015933e+004,7.892618e-001
1.016319e+004,5.724227e-001
1.016704e+004,3.231251e-001
1.017090e+004,8.107394e-002
1.017476e+004,-1.204567e-001
1.017861e+004,-2.599521e-001
1.018247e+004,-3.296109e-001
1.018633e+004,-3.851326e-001
1.019019e+004,-3.540248e-001
1.019404e+004,-2.633775e-001
1.019790e+004,-1.445174e-001
1.020176e+004,-2.599616e-002
1.020561e+004,7.156142e-002
1.020947e+004,1.385729e-001
1.021333e+004,1.775571e-001
1.021718e+004,2.082398e-001
1.022104e+004,2.496587e-001
1.022490e+004,3.260258e-001
1.022876e+004,4.562564e-001
1.023261e+004,6.476458e-001
1.023647e+004,8.923455e-001
1.024033e+004,1.167842e+000
1.024418e+004,1.441308e+000
1.024804e+004,1.679223e+000
1.025190e+004,1.843431e+000
1.025575e+004,1.908819e+000
1.025961e+004,1.861599e+000
1.026347e+004,1.699014e+000
1.026733e+004,1.427520e+000
1.027118e+004,1.060915e+000
1.027504e+004,6.193388e-001
1.027890e+004,1.269557e-001
1.028275e+004,-3.814634e-001
1.028661e+004,-8.674848e-001
1.029047e+004,-1.289549e+000
1.029432e+004,-1.606691e+000
1.029818e+004,-1.783154e+000
1.030204e+004,-1.793244e+000
1.030590e+004,-1.625934e+000
1.030975e+004,-1.288150e+000
1.031361e+004,-8.093182e-001
1.031747e+004,-2.410324e-001
1.032132e+004,3.458267e-001
1.032518e+004,8.692411e-001
1.032904e+004,1.249614e+000
1.033289e+004,1.426966e+000
1.033675e+004,1.377653e+000
1.034061e+004,1.125261e+000
1.034447e+004,7.394384e-001
1.034832e+004,3.233629e-001
1.035218e+004,-1.208080e-002
1.035604e+004,-1.784002e-001
1.035989e+004,-1.351447e-001
1.036375e+004,9.777617e-002
1.036761e+004,4.461498e-001
1.037146e+004,8.052215e-001
1.037532e+004,1.071915e+000
1.037918e+004,1.179170e+000
1.038304e+004,1.116435e+000
1.038689e+004,9.315606e-001
1.039075e+004,7.132031e-001
1.039461e+004,5.600984e-001
1.039846e+004,5.479988e-001
1.040232e+004,7.058116e-001
1.040618e+004,1.007772e+000
1.041003e+004,1.384209e+000
1.041389e+004,1.746657e+000
1.041775e+004,2.017357e+000
1.042161e+004,2.153191e+000
1.042546e+004,2.156482e+000
1.042932e+004,2.070072e+000
1.043318e+004,1.959003e+000
1.043703e+004,1.888121e+000
1.044089e+004,1.898477e+000
1.044475e+004,1.994217e+000
1.044860e+004,2.141366e+000
1.045246e+004,2.278181e+000
1.045632e+004,2.333173e+000
1.046018e+004,2.245268e+000
1.046403e+004,1.978999e+000
1.046789e+004,1.538725e+000
1.047175e+004,9.668097e-001
1.047560e+004,3.370923e-001
1.047946e+004,-2.588678e-001
1.048332e+004,-7.290912e-001
1.048717e+004,-9.988278e-001
1.049103e+004,-1.025392e+000
1.049489e+004,-8.070727e-001
1.049875e+004,-3.849367e-001
1.050260e+004,1.618591e-001
1.050646e+004,7.315195e-001
1.051032e+004,1.218924e+000
1.051417e+004,1.535959e+000
1.051803e+004,1.628336e+000
1.052189e+004,1.485066e+000
1.052574e+004,1.136640e+000
1.052960e+004,6.510481e-001
1.053346e+004,1.146343e-001
1.053732e+004,-3.851672e-001
1.054117e+004,-7.757316e-001
1.054503e+004,-1.009812e+000
1.054889e+004,-1.069400e+000
1.055274e+004,-9.634396e-001
1.055660e+004,-7.205442e-001
1.056046e+004,-3.825713e-001
1.056431e+004,4.705787e-003
1.056817e+004,3.979625e-001
1.057203e+004,7.605710e-001
1.057589e+004,1.064513e+000
1.057974e+004,1.290243e+000
1.058360e+004,1.425079e+000
1.058746e+004,1.460676e+000
1.059131e+004,1.394686e+000
1.059517e+004,1.225446e+000
1.059903e+004,9.569632e-001
1.060288e+004,6.032342e-001
1.060674e+004,1.924639e-001
1.061060e+004,-2.315180e-001
1.061446e+004,-6.131156e-001
1.061831e+004,-8.547208e-001
1.062217e+004,-9.883588e-001
1.062603e+004,-9.954721e-001
1.062988e+004,-8.795497e-001
1.063374e+004,-6.685895e-001
1.063760e+004,-4.112317e-001
1.064145e+004,-1.668144e-001
1.064531e+004,8.386485e-003
1.064917e+004,1.287072e-001
1.065303e+004,1.982302e-001
1.065688e+004,2.037081e-001
1.066074e+004,1.412915e-001
1.066460e+004,1.807821e-002
1.066845e+004,-1.485833e-001
1.067231e+004,-3.339701e-001
1.067617e+004,-5.104891e-001
1.068002e+004,-8.443538e-001
1.068388e+004,-1.066268e+000
1.068774e+004,-1.146898e+000
1.069160e+004,-1.084649e+000
1.069545e+004,-8.975535e-001
1.069931e+004,-6.129388e-001
1.070317e+004,-2.601995e-001
1.070702e+004,1.306646e-001
1.071088e+004,5.317847e-001
1.071474e+004,8.867132e-001
1.071859e+004,1.142199e+000
1.072245e+004,1.247616e+000
1.072631e+004,1.170260e+000
1.073017e+004,9.114511e-001
1.073402e+004,5.159498e-001
1.073788e+004,6.867740e-002
1.074174e+004,-3.288113e-001
1.074559e+004,-5.650488e-001
1.074945e+004,-5.716152e-001
1.075331e+004,-3.379241e-001
1.075716e+004,8.373414e-002
1.076102e+004,5.922493e-001
1.076488e+004,1.066657e+000
1.076874e+004,1.400667e+000
1.077259e+004,1.531520e+000
1.077645e+004,1.454248e+000
1.078031e+004,1.217882e+000
1.078416e+004,9.049910e-001
1.078802e+004,6.029114e-001
1.079188e+004,3.764915e-001
1.079573e+004,2.510664e-001
1.079959e+004,2.103086e-001
1.080345e+004,2.082770e-001
1.080731e+004,1.900064e-001
1.081116e+004,1.135216e-001
1.081502e+004,-3.545179e-002
1.081888e+004,-2.390690e-001
1.082273e+004,-4.539496e-001
1.082659e+004,-6.254308e-001
1.083045e+004,-7.041010e-001
1.083430e+004,-6.606705e-001
1.083816e+004,-4.898143e-001
1.084202e+004,-2.107944e-001
1.084588e+004,1.392056e-001
1.084973e+004,5.145102e-001
1.085359e+004,8.703216e-001
1.085745e+004,1.169892e+000
1.086130e+004,1.388641e+000
1.086516e+004,1.513970e+000
1.086902e+004,1.550110e+000
1.087287e+004,1.509198e+000
1.087673e+004,1.411482e+000
1.088059e+004,1.282404e+000
1.088445e+004,1.149183e+000
1.088830e+004,1.036957e+000
1.089216e+004,9.647892e-001
1.089602e+004,9.417226e-001
1.089987e+004,9.660528e-001
1.090373e+004,1.024775e+000
1.090759e+004,1.096516e+000
1.091144e+004,1.156785e+000
1.091530e+004,1.184627e+000
1.091916e+004,1.168862e+000
1.092301e+004,1.111777e+000
1.092687e+004,1.030804e+000
1.093073e+004,9.468460e-001
1.093459e+004,8.817986e-001
1.093844e+004,8.486946e-001
1.094230e+004,8.463291e-001
1.094616e+004,8.593967e-001
1.095001e+004,8.645540e-001
1.095387e+004,8.402215e-001
1.095773e+004,7.758446e-001
1.096158e+004,6.764359e-001
1.096544e+004,5.613768e-001
1.096930e+004,4.558105e-001
1.097316e+004,3.803700e-001
1.097701e+004,3.437212e-001
1.098087e+004,3.418755e-001
1.098473e+004,3.649344e-001
1.098858e+004,3.977664e-001
1.099244e+004,4.568122e-001
1.099630e+004,5.642835e-001
1.100016e+004,7.469283e-001
1.100401e+004,1.019182e+000
1.100787e+004,1.365561e+000
1.101173e+004,1.730978e+000
1.101558e+004,2.025648e+000
1.101944e+004,2.138898e+000
1.102330e+004,2.022347e+000
1.102715e+004,1.637274e+000
1.103101e+004,1.000381e+000
1.103487e+004,1.848601e-001
1.103872e+004,-6.951845e-001
1.104258e+004,-1.512203e+000
1.104644e+004,-2.155586e+000
1.105030e+004,-2.464694e+000
1.105415e+004,-2.556583e+000
1.105801e+004,-2.449835e+000
1.106187e+004,-2.183518e+000
1.106572e+004,-1.805112e+000
1.106958e+004,-1.359861e+000
1.107344e+004,-8.844204e-001
1.107729e+004,-4.057216e-001
1.108115e+004,5.841535e-002
1.108501e+004,4.865916e-001
1.108887e+004,8.612609e-001
1.109272e+004,1.164619e+000
1.109658e+004,1.381433e+000
1.110044e+004,1.503490e+000
1.110429e+004,1.533538e+000
1.110815e+004,1.486665e+000
1.111201e+004,1.374830e+000
1.111587e+004,1.240031e+000
1.111972e+004,1.115479e+000
1.112358e+004,1.021933e+000
1.112744e+004,9.630479e-001
1.113129e+004,9.272952e-001
1.113515e+004,8.951095e-001
1.113901e+004,8.477144e-001
1.114286e+004,7.720212e-001
1.114672e+004,6.666542e-001
1.115058e+004,5.349365e-001
1.115443e+004,3.805954e-001
1.115829e+004,2.038600e-001
1.116215e+004,2.094254e-003
1.116601e+004,-2.246826e-001
1.116986e+004,-4.660423e-001
1.117372e+004,-6.904601e-001
1.117758e+004,-8.896210e-001
1.118143e+004,-1.026773e+000
1.118529e+004,-1.067221e+000
1.118915e+004,-9.891889e-001
1.119300e+004,-7.927917e-001
1.119686e+004,-5.037503e-001
1.120072e+004,-1.699935e-001
1.120458e+004,1.253491e-001
1.120843e+004,3.639147e-001
1.121229e+004,5.101722e-001
1.121615e+004,5.495845e-001
1.122000e+004,4.916800e-001
1.122386e+004,3.670908e-001
1.122772e+004,2.195065e-001
1.123158e+004,9.486037e-002
1.123543e+004,-5.676451e-002
1.123929e+004,-1.123816e-001
1.124315e+004,-6.262594e-002
1.124700e+004,7.336050e-002
1.125086e+004,2.587384e-001
1.125472e+004,4.524622e-001
1.125857e+004,6.204554e-001
1.126243e+004,7.413816e-001
1.126629e+004,7.885255e-001
1.127014e+004,7.830136e-001
1.127400e+004,7.348607e-001
1.127786e+004,6.574102e-001
1.128172e+004,5.667973e-001
1.128557e+004,4.827744e-001
1.128943e+004,4.284170e-001
1.129329e+004,4.267511e-001
1.129714e+004,4.976403e-001
1.130100e+004,6.417556e-001
1.130486e+004,8.411673e-001
1.130871e+004,1.058259e+000
1.131257e+004,1.242609e+000
1.131643e+004,1.342964e+000
1.132029e+004,1.320552e+000
1.132414e+004,1.159356e+000
1.132800e+004,8.673970e-001
1.133186e+004,4.841985e-001
1.133571e+004,5.808706e-002
1.133957e+004,-3.587285e-001
1.134343e+004,-7.194754e-001
1.134729e+004,-9.889293e-001
1.135114e+004,-1.146016e+000
1.135500e+004,-1.183980e+000
1.135886e+004,-1.109696e+000
1.136271e+004,-9.424492e-001
1.136657e+004,-7.120378e-001
1.137043e+004,-4.562436e-001
1.137428e+004,-2.156196e-001
1.137814e+004,-2.598263e-002
1.138200e+004,8.976606e-002
1.138585e+004,1.277677e-001
1.138971e+004,1.036884e-001
1.139357e+004,5.056471e-002
1.139743e+004,6.252527e-003
1.140128e+004,1.699641e-003
1.140514e+004,5.077205e-002
1.140900e+004,1.461049e-001
1.141285e+004,2.626115e-001
1.141671e+004,3.673564e-001
1.142057e+004,4.331982e-001
1.142442e+004,4.449919e-001
1.142828e+004,4.079234e-001
1.143214e+004,3.432589e-001
1.143600e+004,2.791511e-001
1.143985e+004,2.397981e-001
1.144371e+004,2.375612e-001
1.144757e+004,2.710612e-001
1.145142e+004,3.316166e-001
1.145528e+004,4.046738e-001
1.145914e+004,4.835015e-001
1.146300e+004,5.707321e-001
1.146685e+004,6.758153e-001
1.147071e+004,8.079243e-001
1.147457e+004,9.678456e-001
1.147842e+004,1.142871e+000
1.148228e+004,1.309034e+000
1.148614e+004,1.430791e+000
1.148999e+004,1.477293e+000
1.149385e+004,1.429199e+000
1.149771e+004,1.283542e+000
1.150156e+004,1.053077e+000
1.150542e+004,7.611713e-001
1.150928e+004,4.350567e-001
1.151314e+004,9.902098e-002
1.151699e+004,-2.226310e-001
1.152085e+004,-5.097422e-001
1.152471e+004,-7.426543e-001
1.152856e+004,-9.013343e-001
1.153242e+004,-9.672527e-001
1.153628e+004,-9.277773e-001
1.154013e+004,-7.811609e-001
1.154399e+004,-5.383232e-001
1.154785e+004,-2.255959e-001
1.155171e+004,1.228904e-001
1.155556e+004,4.714913e-001
1.155942e+004,7.898875e-001
1.156328e+004,1.057518e+000
1.156713e+004,1.264826e+000
1.157099e+004,1.412187e+000
1.157485e+004,1.507580e+000
1.157871e+004,1.568050e+000
1.158256e+004,1.617219e+000
1.158642e+004,1.685573e+000
1.159028e+004,1.806760e+000
1.159413e+004,2.009388e+000
1.159799e+004,2.305215e+000
1.160185e+004,2.677396e+000
1.160570e+004,3.072787e+000
1.160956e+004,3.412738e+000
1.161342e+004,3.602297e+000
1.161727e+004,3.558034e+000
1.162113e+004,3.235841e+000
1.162499e+004,2.651394e+000
1.162885e+004,1.884803e+000
1.163270e+004,1.065543e+000
1.163656e+004,3.539991e-001
1.164042e+004,-1.455667e-001
1.164427e+004,-3.667859e-001
1.164813e+004,-3.144144e-001
1.165199e+004,-5.998008e-002
1.165584e+004,2.830263e-001
1.165970e+004,5.961062e-001
1.166356e+004,7.923341e-001
1.166742e+004,8.461240e-001
1.167127e+004,7.830673e-001
1.167513e+004,6.660326e-001
1.167899e+004,5.689681e-001
1.168284e+004,5.485963e-001
1.168670e+004,6.243422e-001
1.169056e+004,7.731449e-001
1.169441e+004,9.401805e-001
1.169827e+004,1.047314e+000
1.170213e+004,1.067546e+000
1.170599e+004,9.874874e-001
1.170984e+004,8.219081e-001
1.171370e+004,6.081455e-001
1.171756e+004,3.937864e-001
1.172141e+004,2.220595e-001
1.172527e+004,1.199377e-001
1.172913e+004,1.036000e-001
1.173298e+004,1.525939e-001
1.173684e+004,2.453163e-001
1.174070e+004,3.582205e-001
1.174456e+004,4.735152e-001
1.174841e+004,5.836650e-001
1.175227e+004,6.914501e-001
1.175613e+004,8.058946e-001
1.175998e+004,9.175017e-001
1.176384e+004,1.059891e+000
1.176770e+004,1.222730e+000
1.177155e+004,1.380026e+000
1.177541e+004,1.497407e+000
1.177927e+004,1.543105e+000
1.178313e+004,1.498426e+000
1.178698e+004,1.363706e+000
1.179084e+004,1.148574e+000
1.179470e+004,8.970628e-001
1.179855e+004,6.475812e-001
1.180241e+004,4.298343e-001
1.180627e+004,2.597540e-001
1.181012e+004,1.417757e-001
1.181398e+004,7.649812e-002
1.181784e+004,6.917214e-002
1.182170e+004,1.405767e-001
1.182555e+004,3.073853e-001
1.182941e+004,5.866665e-001
1.183327e+004,9.793296e-001
1.183712e+004,1.460417e+000
1.184098e+004,1.977367e+000
1.184484e+004,2.458252e+000
1.184869e+004,2.827900e+000
1.185255e+004,3.023414e+000
1.185641e+004,3.024452e+000
1.186027e+004,2.836270e+000
1.186412e+004,2.493796e+000
1.186798e+004,2.049589e+000
1.187184e+004,1.559175e+000
1.187569e+004,1.069178e+000
1.187955e+004,6.119641e-001
1.188341e+004,2.215529e-001
1.188726e+004,-1.075831e-001
1.189112e+004,-3.633611e-001
1.189498e+004,-5.299754e-001
1.189883e+004,-5.902846e-001
1.190269e+004,-5.326814e-001
1.190655e+004,-3.594106e-001
1.191041e+004,-9.236090e-002
1.191426e+004,2.210607e-001
1.191812e+004,5.336033e-001
1.192198e+004,7.937306e-001
1.192583e+004,9.627487e-001
1.192969e+004,1.025629e+000
1.193355e+004,9.957173e-001
1.193741e+004,9.115264e-001
1.194126e+004,8.262449e-001
1.194512e+004,7.935738e-001
1.194898e+004,8.536247e-001
1.195283e+004,1.018528e+000
1.195669e+004,1.269532e+000
1.196055e+004,1.562037e+000
1.196440e+004,1.837680e+000
1.196826e+004,2.039800e+000
1.197212e+004,2.127759e+000
1.197598e+004,2.089737e+000
1.197983e+004,1.926859e+000
1.198369e+004,1.674351e+000
1.198755e+004,1.379335e+000
1.199140e+004,1.087623e+000
1.199526e+004,8.334616e-001
1.199912e+004,6.351417e-001
1.200297e+004,4.969353e-001
1.200683e+004,4.109921e-001
1.201069e+004,3.778116e-001
1.201454e+004,3.969336e-001
1.201840e+004,4.709957e-001
1.202226e+004,6.003050e-001
1.202612e+004,7.755444e-001
1.202997e+004,9.727718e-001
1.203383e+004,1.154156e+000
1.203769e+004,1.269871e+000
1.204154e+004,1.284371e+000
1.204540e+004,1.178873e+000
1.204926e+004,9.630300e-001
1.205312e+004,6.745894e-001
1.205697e+004,3.698120e-001
1.206083e+004,1.077798e-001
1.206469e+004,-6.588955e-002
1.206854e+004,-1.307315e-001
1.207240e+004,-9.028747e-002
1.207626e+004,2.704200e-002
1.208011e+004,1.828223e-001
1.208397e+004,3.412869e-001
1.208783e+004,4.783153e-001
1.209169e+004,5.843710e-001
1.209554e+004,6.619258e-001
1.209940e+004,7.202582e-001
1.210326e+004,7.693658e-001
1.210711e+004,8.178166e-001
1.211097e+004,8.719702e-001
1.211483e+004,9.365451e-001
1.211868e+004,1.014518e+000
1.212254e+004,1.105493e+000
1.212640e+004,1.203264e+000
1.213025e+004,1.293676e+000
1.213411e+004,1.360504e+000
1.213797e+004,1.385498e+000
1.214183e+004,1.358328e+000
1.214568e+004,1.283779e+000
1.214954e+004,1.184863e+000
1.215340e+004,1.099576e+000
1.215725e+004,1.071501e+000
1.216111e+004,1.140643e+000
1.216497e+004,1.318329e+000
1.216883e+004,1.595723e+000
1.217268e+004,1.938807e+000
1.217654e+004,2.294888e+000
1.218040e+004,2.603163e+000
1.218425e+004,2.806043e+000
1.218811e+004,2.858408e+000
1.219197e+004,2.741434e+000
1.219582e+004,2.445748e+000
1.219968e+004,1.986313e+000
1.220354e+004,1.398222e+000
1.220740e+004,7.351238e-001
1.221125e+004,6.538075e-002
1.221511e+004,-5.353718e-001
1.221897e+004,-9.956323e-001
1.222282e+004,-1.259895e+000
1.222668e+004,-1.310259e+000
1.223054e+004,-1.163225e+000
1.223439e+004,-8.733675e-001
1.223825e+004,-5.229547e-001
1.224211e+004,-2.034682e-001
1.224596e+004,6.290039e-003
1.224982e+004,5.929234e-002
1.225368e+004,-5.327793e-002
1.225754e+004,-2.926007e-001
1.226139e+004,-5.917255e-001
1.226525e+004,-8.748546e-001
1.226911e+004,-1.079178e+000
1.227296e+004,-1.171252e+000
1.227682e+004,-1.153317e+000
1.228068e+004,-1.058317e+000
1.228454e+004,-9.384428e-001
1.228839e+004,-8.400988e-001
1.229225e+004,-7.968005e-001
1.229611e+004,-8.157776e-001
1.229996e+004,-8.785603e-001
1.230382e+004,-9.503246e-001
1.230768e+004,-9.941409e-001
1.231153e+004,-9.848518e-001
1.231539e+004,-9.178261e-001
1.231925e+004,-8.086485e-001
1.232311e+004,-6.879998e-001
1.232696e+004,-5.878053e-001
1.233082e+004,-5.279849e-001
1.233468e+004,-5.075544e-001
1.233853e+004,-5.032753e-001
1.234239e+004,-4.763447e-001
1.234625e+004,-3.875757e-001
1.235010e+004,-2.052030e-001
1.235396e+004,8.068275e-002
1.235782e+004,4.550187e-001
1.236167e+004,8.809080e-001
1.236553e+004,1.308781e+000
1.236939e+004,1.688538e+000
1.237325e+004,1.981048e+000
1.237710e+004,2.135129e+000
1.238096e+004,2.192967e+000
1.238482e+004,2.171469e+000
1.238867e+004,2.097179e+000
1.239253e+004,1.999172e+000
1.239639e+004,1.901747e+000
1.240025e+004,1.818315e+000
1.240410e+004,1.747727e+000
1.240796e+004,1.640513e+000
1.241182e+004,1.520630e+000
1.241567e+004,1.369634e+000
1.241953e+004,1.169682e+000
1.242339e+004,9.087946e-001
1.242724e+004,5.856351e-001
1.243110e+004,2.124752e-001
1.243496e+004,-1.848447e-001
1.243881e+004,-5.980391e-001
1.244267e+004,-9.522201e-001
1.244653e+004,-1.201689e+000
1.245039e+004,-1.318680e+000
1.245424e+004,-1.299801e+000
1.245810e+004,-1.165656e+000
1.246196e+004,-9.535801e-001
1.246581e+004,-7.058202e-001
1.246967e+004,-4.057373e-001
1.247353e+004,-1.207164e-001
1.247738e+004,1.435657e-001
1.248124e+004,3.969088e-001
1.248510e+004,6.496007e-001
1.248896e+004,8.975549e-001
1.249281e+004,1.114991e+000
1.249667e+004,1.258720e+000
1.250053e+004,1.274861e+000
1.250438e+004,1.127120e+000
1.250824e+004,8.219406e-001
1.251210e+004,4.072765e-001
1.251596e+004,-3.816261e-002
1.251981e+004,-4.271120e-001
1.252367e+004,-6.886691e-001
1.252753e+004,-7.863198e-001
1.253138e+004,-7.235718e-001
1.253524e+004,-5.273495e-001
1.253910e+004,-2.445697e-001
1.254295e+004,8.364119e-002
1.254681e+004,4.342223e-001
1.255067e+004,8.038052e-001
1.255452e+004,1.201082e+000
1.255838e+004,1.634899e+000
1.256224e+004,2.108540e+000
1.256610e+004,2.599632e+000
1.256995e+004,3.075121e+000
1.257381e+004,3.491731e+000
1.257767e+004,3.802423e+000
1.258152e+004,3.962785e+000
1.258538e+004,3.937325e+000
1.258924e+004,3.706409e+000
1.259309e+004,3.268767e+000
1.259695e+004,2.661148e+000
1.260081e+004,1.949639e+000
1.260467e+004,1.225048e+000
1.260852e+004,5.866590e-001
1.261238e+004,1.199014e-001
1.261624e+004,-1.253401e-001
1.262009e+004,-1.478420e-001
1.262395e+004,5.547740e-003
1.262781e+004,2.584150e-001
1.263167e+004,5.256262e-001
1.263552e+004,7.420391e-001
1.263938e+004,8.798356e-001
1.264324e+004,9.509349e-001
1.264709e+004,9.945217e-001
1.265095e+004,1.055358e+000
1.265481e+004,1.162578e+000
1.265866e+004,1.312854e+000
1.266252e+004,1.470871e+000
1.266638e+004,1.579821e+000
1.267023e+004,1.580723e+000
1.267409e+004,1.433173e+000
1.267795e+004,1.130864e+000
1.268181e+004,7.072950e-001
1.268566e+004,2.288188e-001
1.268952e+004,-2.170571e-001
1.269338e+004,-5.478655e-001
1.269723e+004,-7.082159e-001
1.270109e+004,-6.868380e-001
1.270495e+004,-5.220816e-001
1.270880e+004,-2.929083e-001
1.271266e+004,-9.656896e-002
1.271652e+004,-1.769030e-002
1.272038e+004,-1.043228e-001
1.272423e+004,-3.457882e-001
1.272809e+004,-6.755881e-001
1.273195e+004,-9.912519e-001
1.273580e+004,-1.186198e+000
1.273966e+004,-1.182328e+000
1.274352e+004,-9.517962e-001
1.274738e+004,-5.169076e-001
1.275123e+004,5.275124e-002
1.275509e+004,6.738573e-001
1.275895e+004,1.271482e+000
1.276280e+004,1.793835e+000
1.276666e+004,2.213460e+000
1.277052e+004,2.518035e+000
1.277437e+004,2.698621e+000
1.277823e+004,2.743394e+000
1.278209e+004,2.639608e+000
1.278594e+004,2.388283e+000
1.278980e+004,2.013964e+000
1.279366e+004,1.568717e+000
1.279752e+004,1.124082e+000
1.280137e+004,7.526324e-001
1.280523e+004,5.062962e-001
1.280909e+004,3.992763e-001
1.281294e+004,4.095913e-001
1.281680e+004,4.840218e-001
1.282066e+004,5.596740e-001
1.282451e+004,5.838602e-001
1.282837e+004,5.268239e-001
1.283223e+004,3.840710e-001
1.283609e+004,1.703025e-001
1.283994e+004,-9.103310e-002
1.284380e+004,-3.701788e-001
1.284766e+004,-6.369328e-001
1.285151e+004,-8.584024e-001
1.285537e+004,-9.990779e-001
1.285923e+004,-1.025656e+000
1.286308e+004,-9.168687e-001
1.286694e+004,-6.745301e-001
1.287080e+004,-3.298123e-001
1.287466e+004,6.071404e-002
1.287851e+004,4.293962e-001
1.288237e+004,7.179412e-001
1.288623e+004,8.960120e-001
1.289008e+004,9.698758e-001
1.289394e+004,9.770535e-001
1.289780e+004,9.689502e-001
1.290165e+004,9.882648e-001
1.290551e+004,1.052902e+000
1.290937e+004,1.149485e+000
1.291323e+004,1.241520e+000
1.291708e+004,1.286505e+000
1.292094e+004,1.254472e+000
1.292480e+004,1.140106e+000
1.292865e+004,9.639601e-001
1.293251e+004,7.631738e-001
1.293637e+004,5.774719e-001
1.294022e+004,4.357648e-001
1.294408e+004,3.497674e-001
1.294794e+004,3.147775e-001
1.295180e+004,3.158652e-001
1.295565e+004,3.354494e-001
1.295951e+004,3.586493e-001
1.296337e+004,3.736797e-001
1.296722e+004,3.757230e-001
1.297108e+004,3.609646e-001
1.297494e+004,3.296225e-001
1.297879e+004,2.893268e-001
1.298265e+004,2.584903e-001
1.298651e+004,2.665406e-001
1.299037e+004,3.487778e-001
1.299422e+004,5.330148e-001
1.299808e+004,8.346198e-001
1.300194e+004,1.242023e+000
1.300579e+004,1.715428e+000
1.300965e+004,2.192714e+000
1.301351e+004,2.602310e+000
1.301736e+004,2.878655e+000
1.302122e+004,2.975069e+000
1.302508e+004,2.872545e+000
1.302894e+004,2.576110e+000
1.303279e+004,2.108123e+000
1.303665e+004,1.503821e+000
1.304051e+004,8.077052e-001
1.304436e+004,7.305205e-002
1.304822e+004,-6.373964e-001
1.305208e+004,-1.253072e+000
1.305593e+004,-1.700385e+000
1.305979e+004,-1.925991e+000
1.306365e+004,-1.896879e+000
1.306751e+004,-1.617917e+000
1.307136e+004,-1.136073e+000
1.307522e+004,-5.337434e-001
1.307908e+004,8.785802e-002
1.308293e+004,6.305314e-001
1.308679e+004,1.015861e+000
1.309065e+004,1.211818e+000
1.309450e+004,1.219194e+000
1.309836e+004,1.070696e+000
1.310222e+004,8.192434e-001
1.310608e+004,5.255904e-001
1.310993e+004,2.486306e-001
1.311379e+004,3.936827e-002
1.311765e+004,-6.394723e-002
1.312150e+004,-3.685680e-002
1.312536e+004,1.275440e-001
1.312922e+004,4.147468e-001
1.313307e+004,7.873207e-001
1.313693e+004,1.188065e+000
1.314079e+004,1.548985e+000
1.314465e+004,1.804834e+000
1.314850e+004,1.906896e+000
1.315236e+004,1.840095e+000
1.315622e+004,1.618853e+000
1.316007e+004,1.287846e+000
1.316393e+004,9.130908e-001
1.316779e+004,5.697142e-001
1.317164e+004,3.294204e-001
1.317550e+004,2.496327e-001
1.317936e+004,3.635399e-001
1.318322e+004,6.735239e-001
1.318707e+004,1.153079e+000
1.319093e+004,1.743110e+000
1.319479e+004,2.356273e+000
1.319864e+004,2.888197e+000
1.320250e+004,3.235473e+000
1.320636e+004,3.317499e+000
1.321021e+004,3.114503e+000
1.321407e+004,2.643283e+000
1.321793e+004,1.968165e+000
1.322179e+004,1.190147e+000
1.322564e+004,4.257983e-001
1.322950e+004,-2.168913e-001
1.323336e+004,-6.588650e-001
1.323721e+004,-8.614180e-001
1.324107e+004,-7.980913e-001
1.324493e+004,-5.822342e-001
1.324878e+004,-2.526221e-001
1.325264e+004,1.473095e-001
1.325650e+004,5.736586e-001
1.326036e+004,9.835050e-001
1.326421e+004,1.335121e+000
1.326807e+004,1.589039e+000
1.327193e+004,1.708724e+000
1.327578e+004,1.707765e+000
1.327964e+004,1.583622e+000
1.328350e+004,1.347909e+000
1.328735e+004,1.027777e+000
1.329121e+004,6.640714e-001
1.329507e+004,3.059991e-001
1.329892e+004,3.021479e-003
1.330278e+004,-2.435002e-001
1.330664e+004,-3.212424e-001
1.331050e+004,-2.345254e-001
1.331435e+004,-3.090521e-002
1.331821e+004,2.139732e-001
1.332207e+004,4.200321e-001
1.332592e+004,5.273020e-001
1.332978e+004,5.134218e-001
1.333364e+004,3.774626e-001
1.333750e+004,1.864026e-001
1.334135e+004,2.168695e-002
1.334521e+004,-4.708120e-002
1.334907e+004,1.419969e-002
1.335292e+004,1.949460e-001
1.335678e+004,4.474641e-001
1.336064e+004,7.071521e-001
1.336449e+004,9.075567e-001
1.336835e+004,1.021612e+000
1.337221e+004,1.052709e+000
1.337607e+004,1.032459e+000
1.337992e+004,1.002357e+000
1.338378e+004,9.932857e-001
1.338764e+004,1.011814e+000
1.339149e+004,1.038829e+000
1.339535e+004,1.029232e+000
1.339921e+004,9.629736e-001
1.340306e+004,8.306339e-001
1.340692e+004,6.521540e-001
1.341078e+004,4.712307e-001
1.341463e+004,3.381867e-001
1.341849e+004,2.887449e-001
1.342235e+004,3.282126e-001
1.342621e+004,4.246640e-001
1.343006e+004,5.341085e-001
1.343392e+004,6.062001e-001
1.343778e+004,6.154827e-001
1.344163e+004,5.755219e-001
1.344549e+004,5.362300e-001
1.344935e+004,5.647674e-001
1.345321e+004,7.175428e-001
1.345706e+004,1.024751e+000
1.346092e+004,1.451727e+000
1.346478e+004,1.923196e+000
1.346863e+004,2.342958e+000
1.347249e+004,2.624841e+000
1.347635e+004,2.718711e+000
1.348020e+004,2.622192e+000
1.348406e+004,2.375286e+000
1.348792e+004,2.034005e+000
1.349178e+004,1.670437e+000
1.349563e+004,1.338158e+000
1.349949e+004,1.066144e+000
1.350335e+004,8.616024e-001
1.350720e+004,7.193375e-001
1.351106e+004,6.315035e-001
1.351492e+004,5.931759e-001
1.351877e+004,6.018591e-001
1.352263e+004,6.570007e-001
1.352649e+004,7.490630e-001
1.353034e+004,8.587779e-001
1.353420e+004,9.564728e-001
1.353806e+004,1.004438e+000
1.354192e+004,9.622786e-001
1.354577e+004,7.951888e-001
1.354963e+004,4.849656e-001
1.355349e+004,3.965461e-002
1.355734e+004,-4.985923e-001
1.356120e+004,-1.054814e+000
1.356506e+004,-1.533339e+000
1.356892e+004,-1.839635e+000
1.357277e+004,-1.905855e+000
1.357663e+004,-1.711034e+000
1.358049e+004,-1.303758e+000
1.358434e+004,-7.494934e-001
1.358820e+004,-1.404531e-001
1.359206e+004,4.370245e-001
1.359591e+004,9.215690e-001
1.359977e+004,1.283440e+000
1.360363e+004,1.518946e+000
1.360749e+004,1.638683e+000
1.361134e+004,1.646507e+000
1.361520e+004,1.574525e+000
1.361906e+004,1.445727e+000
1.362291e+004,1.295743e+000
1.362677e+004,1.173074e+000
1.363063e+004,1.129099e+000
1.363448e+004,1.199852e+000
1.363834e+004,1.387493e+000
1.364220e+004,1.647285e+000
1.364605e+004,1.910148e+000
1.364991e+004,2.090631e+000
1.365377e+004,2.121100e+000
1.365763e+004,1.975960e+000
1.366148e+004,1.680189e+000
1.366534e+004,1.298642e+000
1.366920e+004,9.111853e-001
1.367305e+004,5.796664e-001
1.367691e+004,3.455628e-001
1.368077e+004,2.093358e-001
1.368463e+004,1.469522e-001
1.368848e+004,1.283709e-001
1.369234e+004,1.326023e-001
1.369620e+004,1.521902e-001
1.370005e+004,1.866174e-001
1.370391e+004,2.058375e-001
1.370777e+004,2.159652e-001
1.371162e+004,1.781780e-001
1.371548e+004,5.788977e-002
1.371934e+004,-1.531931e-001
1.372320e+004,-4.234285e-001
1.372705e+004,-6.848534e-001
1.373091e+004,-8.536724e-001
1.373477e+004,-7.303512e-001
1.373862e+004,-2.595707e-001
1.374248e+004,4.599663e-001
1.374634e+004,1.224931e+000
1.375019e+004,1.797920e+000
1.375405e+004,1.992194e+000
1.375791e+004,1.742585e+000
1.376176e+004,1.140084e+000
1.376562e+004,5.935208e-001
1.376948e+004,7.068231e-002
1.377334e+004,-3.229533e-001
1.377719e+004,-5.041447e-001
1.378105e+004,-4.370277e-001
1.378491e+004,-1.471200e-001
1.378876e+004,2.838632e-001
1.379262e+004,7.433633e-001
1.379648e+004,1.077577e+000
1.380033e+004,1.287316e+000
1.380419e+004,1.370050e+000
1.380805e+004,1.366219e+000
1.381191e+004,1.335370e+000
1.381576e+004,1.325165e+000
1.381962e+004,1.347283e+000
1.382348e+004,1.371564e+000
1.382733e+004,1.346539e+000
1.383119e+004,1.218593e+000
1.383505e+004,9.666020e-001
1.383891e+004,6.172562e-001
1.384276e+004,2.396562e-001
1.384662e+004,-7.987078e-002
1.385048e+004,-2.720814e-001
1.385433e+004,-3.131291e-001
1.385819e+004,-2.344561e-001
1.386205e+004,-1.094099e-001
1.386590e+004,-1.881091e-002
1.386976e+004,-1.838014e-002
1.387362e+004,-1.151948e-001
1.387747e+004,-2.653879e-001
1.388133e+004,-3.940072e-001
1.388519e+004,-4.283040e-001
1.388905e+004,-3.313103e-001
1.389290e+004,-1.155751e-001
1.389676e+004,1.584587e-001
1.390062e+004,4.075903e-001
1.390447e+004,5.593665e-001
1.390833e+004,5.808022e-001
1.391219e+004,4.907100e-001
1.391604e+004,3.511691e-001
1.391990e+004,2.421823e-001
1.392376e+004,2.308003e-001
1.392762e+004,3.456947e-001
1.393147e+004,5.677157e-001
1.393533e+004,8.383421e-001
1.393919e+004,1.081449e+000
1.394304e+004,1.229200e+000
1.394690e+004,1.242453e+000
1.395076e+004,1.116672e+000
1.395462e+004,8.844180e-001
1.395847e+004,5.970185e-001
1.396233e+004,3.089854e-001
1.396619e+004,6.447649e-002
1.397004e+004,-1.096837e-001
1.397390e+004,-2.043476e-001
1.397776e+004,-2.241113e-001
1.398161e+004,-1.852771e-001
1.398547e+004,-1.017067e-001
1.398933e+004,4.748300e-003
1.399318e+004,1.101580e-001
1.399704e+004,1.900298e-001
1.400090e+004,2.222158e-001
1.400476e+004,1.911628e-001
1.400861e+004,9.252195e-002
1.401247e+004,-6.570441e-002
1.401633e+004,-2.533607e-001
1.402018e+004,-4.286201e-001
1.402404e+004,-5.414945e-001
1.402790e+004,-5.429387e-001
1.403175e+004,-3.958379e-001
1.403561e+004,-8.602217e-002
1.403947e+004,3.691950e-001
1.404333e+004,9.324964e-001
1.404718e+004,1.504055e+000
1.405104e+004,1.979195e+000
1.405490e+004,2.258174e+000
1.405875e+004,2.270805e+000
1.406261e+004,1.996802e+000
1.406647e+004,1.475259e+000
1.407032e+004,7.993414e-001
1.407418e+004,8.733422e-002
1.407804e+004,-5.138355e-001
1.408190e+004,-8.926069e-001
1.408575e+004,-9.893158e-001
1.408961e+004,-8.070741e-001
1.409347e+004,-4.066408e-001
1.409732e+004,1.118877e-001
1.410118e+004,6.343913e-001
1.410504e+004,1.058432e+000
1.410889e+004,1.309842e+000
1.411275e+004,1.354748e+000
1.411661e+004,1.198253e+000
1.412047e+004,8.760775e-001
1.412432e+004,4.419162e-001
1.412818e+004,-4.558325e-002
1.413204e+004,-5.328954e-001
1.413589e+004,-9.712366e-001
1.413975e+004,-1.335425e+000
1.414361e+004,-1.601217e+000
1.414746e+004,-1.747774e+000
1.415132e+004,-1.756806e+000
1.415518e+004,-1.615943e+000
1.415904e+004,-1.325607e+000
1.416289e+004,-9.061651e-001
1.416675e+004,-4.079749e-001
1.417061e+004,1.147638e-001
1.417446e+004,5.971030e-001
1.417832e+004,9.847983e-001
1.418218e+004,1.249513e+000
1.418603e+004,1.396197e+000
1.418989e+004,1.458602e+000
1.419375e+004,1.483644e+000
1.419761e+004,1.512899e+000
1.420146e+004,1.557734e+000
1.420532e+004,1.599220e+000
1.420918e+004,1.594233e+000
1.421303e+004,1.494752e+000
1.421689e+004,1.271438e+000
1.422075e+004,9.318138e-001
1.422460e+004,5.251194e-001
1.422846e+004,1.352460e-001
1.423232e+004,-1.582550e-001
1.423618e+004,-2.911063e-001
1.424003e+004,-2.403268e-001
1.424389e+004,-3.179811e-002
1.424775e+004,2.680669e-001
1.425160e+004,5.732883e-001
1.425546e+004,8.044160e-001
1.425932e+004,9.109615e-001
1.426317e+004,8.842457e-001
1.426703e+004,7.528795e-001
1.427089e+004,5.707054e-001
1.427475e+004,3.976158e-001
1.427860e+004,2.809722e-001
1.428246e+004,2.434277e-001
1.428632e+004,2.803776e-001
1.429017e+004,3.659889e-001
1.429403e+004,4.681522e-001
1.429789e+004,5.611643e-001
1.430174e+004,6.357383e-001
1.430560e+004,7.012613e-001
1.430946e+004,7.797863e-001
1.431332e+004,8.940779e-001
1.431717e+004,1.054375e+000
1.432103e+004,1.248661e+000
1.432489e+004,1.443400e+000
1.432874e+004,1.590214e+000
1.433260e+004,1.641751e+000
1.433646e+004,1.568830e+000
1.434031e+004,1.373140e+000
1.434417e+004,1.090504e+000
1.434803e+004,7.829607e-001
1.435189e+004,5.220611e-001
1.435574e+004,3.683183e-001
1.435960e+004,3.541119e-001
1.436346e+004,4.750258e-001
1.436731e+004,6.923494e-001
1.437117e+004,9.450876e-001
1.437503e+004,1.166955e+000
1.437888e+004,1.302772e+000
1.438274e+004,1.318889e+000
1.438660e+004,1.207533e+000
1.439046e+004,9.857120e-001
1.439431e+004,6.873375e-001
1.439817e+004,3.552810e-001
1.440203e+004,3.476696e-002
1.440588e+004,-2.312101e-001
1.440974e+004,-4.051203e-001
1.441360e+004,-4.625117e-001
1.441745e+004,-3.801396e-001
1.442131e+004,-1.590549e-001
1.442517e+004,1.785040e-001
1.442903e+004,5.888623e-001
1.443288e+004,1.011300e+000
1.443674e+004,1.377244e+000
1.444060e+004,1.622778e+000
1.444445e+004,1.688794e+000
1.444831e+004,1.562892e+000
1.445217e+004,1.262083e+000
1.445602e+004,8.359855e-001
1.445988e+004,3.570632e-001
1.446374e+004,-9.393162e-002
1.446760e+004,-4.439056e-001
1.447145e+004,-6.413076e-001
1.447531e+004,-6.686072e-001
1.447917e+004,-5.214207e-001
1.448302e+004,-2.467171e-001
1.448688e+004,8.587667e-002
1.449074e+004,3.990214e-001
1.449459e+004,6.240374e-001
1.449845e+004,7.155700e-001
1.450231e+004,6.614848e-001
1.450617e+004,4.883341e-001
1.451002e+004,2.468028e-001
1.451388e+004,9.415925e-003
1.451774e+004,-1.539480e-001
1.452159e+004,-1.954961e-001
1.452545e+004,-1.029606e-001
1.452931e+004,9.733111e-002
1.453316e+004,3.489041e-001
1.453702e+004,5.676783e-001
1.454088e+004,7.109262e-001
1.454474e+004,7.424102e-001
1.454859e+004,6.554977e-001
1.455245e+004,4.719019e-001
1.455631e+004,2.335176e-001
1.456016e+004,-8.736461e-003
1.456402e+004,-2.052187e-001
1.456788e+004,-3.333186e-001
1.457173e+004,-3.587590e-001
1.457559e+004,-2.699894e-001
1.457945e+004,-7.088244e-002
1.458331e+004,2.168650e-001
1.458716e+004,5.532956e-001
1.459102e+004,8.841722e-001
1.459488e+004,1.150637e+000
1.459873e+004,1.281808e+000
1.460259e+004,1.283057e+000
1.460645e+004,1.160846e+000
1.461030e+004,9.508202e-001
1.461416e+004,7.079765e-001
1.461802e+004,4.899674e-001
1.462188e+004,3.391278e-001
1.462573e+004,2.696278e-001
1.462959e+004,2.663879e-001
1.463345e+004,2.897199e-001
1.463730e+004,2.904137e-001
1.464116e+004,2.254488e-001
1.464502e+004,6.985113e-002
1.464887e+004,-1.783124e-001
1.465273e+004,-4.999146e-001
1.465659e+004,-8.612607e-001
1.466045e+004,-1.218340e+000
1.466430e+004,-1.533529e+000
1.466816e+004,-1.768518e+000
1.467202e+004,-1.890177e+000
1.467587e+004,-1.873534e+000
1.467973e+004,-1.706042e+000
1.468359e+004,-1.392317e+000
1.468744e+004,-9.571197e-001
1.469130e+004,-4.427978e-001
1.469516e+004,9.314585e-002
1.469902e+004,5.918378e-001
1.470287e+004,1.004267e+000
1.470673e+004,1.300518e+000
1.471059e+004,1.473680e+000
1.471444e+004,1.537960e+000
1.471830e+004,1.522697e+000
1.472216e+004,1.464421e+000
1.472601e+004,1.402949e+000
1.472987e+004,1.375683e+000
1.473373e+004,1.414066e+000
1.473758e+004,1.539171e+000
1.474144e+004,1.755642e+000
1.474530e+004,2.045291e+000
1.474916e+004,2.363567e+000
1.475301e+004,2.641745e+000
1.475687e+004,2.798684e+000
1.476073e+004,2.760897e+000
1.476458e+004,2.483572e+000
1.476844e+004,1.966846e+000
1.477230e+004,1.260803e+000
1.477616e+004,4.566181e-001
1.478001e+004,-3.337568e-001
1.478387e+004,-1.007819e+000
1.478773e+004,-1.476728e+000
1.479158e+004,-1.698513e+000
1.479544e+004,-1.672708e+000
1.479930e+004,-1.431844e+000
1.480315e+004,-1.028398e+000
1.480701e+004,-5.226349e-001
1.481087e+004,2.534437e-002
1.481472e+004,5.635028e-001
1.481858e+004,1.036265e+000
1.482244e+004,1.399279e+000
1.482630e+004,1.620155e+000
1.483015e+004,1.683909e+000
1.483401e+004,1.596950e+000
1.483787e+004,1.386965e+000
1.484172e+004,1.097686e+000
1.484558e+004,7.807052e-001
1.484944e+004,4.830746e-001
1.485329e+004,2.425168e-001
1.485715e+004,8.274323e-002
1.486101e+004,1.373249e-002
1.486487e+004,3.377938e-002
1.486872e+004,1.311314e-001
1.487258e+004,2.843063e-001
1.487644e+004,4.623725e-001
1.488029e+004,6.254349e-001
1.488415e+004,7.311448e-001
1.488801e+004,7.431442e-001
1.489187e+004,6.412134e-001
1.489572e+004,4.289329e-001
1.489958e+004,1.353770e-001
1.490344e+004,-1.905870e-001
1.490729e+004,-4.659783e-001
1.491115e+004,-6.716030e-001
1.491501e+004,-7.779626e-001
1.491886e+004,-7.734531e-001
1.492272e+004,-6.642983e-001
1.492658e+004,-4.712336e-001
1.493043e+004,-2.249908e-001
1.493429e+004,3.784477e-002
1.493815e+004,3.049634e-001
1.494201e+004,5.267749e-001
1.494586e+004,6.718093e-001
1.494972e+004,7.256190e-001
1.495358e+004,6.933277e-001
1.495743e+004,5.970728e-001
1.496129e+004,4.689982e-001
1.496515e+004,3.417667e-001
1.496900e+004,2.337778e-001
1.497286e+004,-6.416693e-003
1.497672e+004,-3.174315e-001
1.498058e+004,-6.032662e-001
1.498443e+004,-7.620370e-001
1.498829e+004,-7.200785e-001
1.499215e+004,-4.590893e-001
1.499600e+004,-2.559508e-002
1.499986e+004,4.864259e-001
