5.014096e+002,-6.599518e-001
5.052666e+002,-5.415903e-001
5.091236e+002,-3.783464e-001
5.129806e+002,-1.765815e-001
5.168376e+002,5.331534e-002
5.206946e+002,2.974370e-001
5.245516e+002,5.397613e-001
5.284086e+002,7.953889e-001
5.322656e+002,1.013480e+000
5.361226e+002,1.182507e+000
5.399796e+002,1.296687e+000
5.438365e+002,1.355695e+000
5.476936e+002,1.363433e+000
5.515505e+002,1.326356e+000
5.554076e+002,1.251926e+000
5.592646e+002,1.233229e+000
5.631216e+002,1.175055e+000
5.669786e+002,1.099756e+000
5.708356e+002,1.027484e+000
5.746926e+002,9.748878e-001
5.785496e+002,9.530314e-001
5.824066e+002,9.647998e-001
5.862635e+002,1.003037e+000
5.901205e+002,1.052776e+000
5.939775e+002,1.086935e+000
5.978345e+002,1.081371e+000
6.016915e+002,1.019953e+000
6.055485e+002,9.010386e-001
6.094055e+002,7.402756e-001
6.132625e+002,5.685481e-001
6.171195e+002,4.253521e-001
6.209765e+002,3.490837e-001
6.248335e+002,3.678078e-001
6.286905e+002,4.896296e-001
6.325475e+002,6.991286e-001
6.364045e+002,9.588141e-001
6.402615e+002,1.216259e+000
6.441185e+002,1.415736e+000
6.479755e+002,1.511876e+000
6.518325e+002,1.482235e+000
6.556895e+002,1.333714e+000
6.595465e+002,1.101828e+000
6.634035e+002,8.418390e-001
6.672605e+002,6.135233e-001
6.711175e+002,4.641106e-001
6.749745e+002,4.148295e-001
6.788315e+002,4.555774e-001
6.826885e+002,5.496483e-001
6.865455e+002,6.463622e-001
6.904025e+002,6.984389e-001
6.942595e+002,6.756651e-001
6.981165e+002,5.724586e-001
7.019734e+002,4.068372e-001
7.058304e+002,2.121768e-001
7.096874e+002,2.559585e-002
7.135444e+002,-1.220809e-001
7.174014e+002,-2.146239e-001
7.212584e+002,-2.483806e-001
7.251154e+002,-2.301825e-001
7.289724e+002,-1.729507e-001
7.328294e+002,-9.218045e-002
7.366864e+002,-4.235737e-003
7.405435e+002,7.410809e-002
7.444004e+002,1.258442e-001
7.482574e+002,1.372805e-001
7.521144e+002,9.939703e-002
7.559714e+002,1.211199e-002
7.598284e+002,-1.134888e-001
7.636854e+002,-2.557928e-001
7.675424e+002,-3.865983e-001
7.713994e+002,-4.774519e-001
7.752564e+002,-5.066395e-001
7.791134e+002,-4.642170e-001
7.829704e+002,-3.551292e-001
7.868274e+002,-1.980577e-001
7.906844e+002,-2.141849e-002
7.945414e+002,1.426840e-001
7.983984e+002,2.652795e-001
8.022554e+002,3.268419e-001
8.061124e+002,3.204447e-001
8.099694e+002,2.569559e-001
8.138264e+002,1.605526e-001
8.176833e+002,6.287654e-002
8.215403e+002,-5.796420e-003
8.253973e+002,-2.540037e-002
8.292544e+002,8.169709e-003
8.331113e+002,8.284952e-002
8.369684e+002,1.803402e-001
8.408253e+002,2.745171e-001
8.446824e+002,3.512093e-001
8.485393e+002,4.119419e-001
8.523964e+002,4.719663e-001
8.562533e+002,5.510522e-001
8.601104e+002,6.611441e-001
8.639673e+002,7.968639e-001
8.678243e+002,9.365232e-001
8.716813e+002,1.034715e+000
8.755383e+002,1.056905e+000
8.793953e+002,9.884023e-001
8.832523e+002,8.422853e-001
8.871093e+002,6.554602e-001
8.909663e+002,4.744423e-001
8.948233e+002,3.374683e-001
8.986803e+002,2.336527e-001
9.025373e+002,1.862315e-001
9.063943e+002,1.699627e-001
9.102513e+002,1.575409e-001
9.141083e+002,1.339483e-001
9.179653e+002,1.007584e-001
9.218223e+002,6.929553e-002
9.256793e+002,4.834774e-002
9.295363e+002,1.349106e-002
9.333933e+002,-2.264357e-002
9.372502e+002,-7.339080e-002
9.411073e+002,-1.362907e-001
9.449642e+002,-1.864588e-001
9.488213e+002,-1.855045e-001
9.526782e+002,-1.026887e-001
9.565353e+002,6.372234e-002
9.603922e+002,2.743337e-001
9.642493e+002,4.739304e-001
9.681062e+002,6.074792e-001
9.719633e+002,6.485817e-001
9.758203e+002,6.126657e-001
9.796772e+002,5.492124e-001
9.835342e+002,5.167052e-001
9.873912e+002,5.532098e-001
9.912482e+002,6.494490e-001
9.951052e+002,7.762293e-001
9.989622e+002,8.827475e-001
1.002819e+003,9.234489e-001
1.006676e+003,8.761684e-001
1.010533e+003,7.487499e-001
1.014390e+003,5.728573e-001
1.018247e+003,3.896548e-001
1.022104e+003,2.372361e-001
1.025961e+003,1.313899e-001
1.029818e+003,7.651408e-002
1.033675e+003,6.645782e-002
1.037532e+003,9.067719e-002
1.041389e+003,1.388114e-001
1.045246e+003,2.024101e-001
1.049103e+003,2.745606e-001
1.052960e+003,3.527686e-001
1.056817e+003,4.270720e-001
1.060674e+003,4.913810e-001
1.064531e+003,5.399175e-001
1.068388e+003,5.663533e-001
1.072245e+003,5.629615e-001
1.076102e+003,5.212978e-001
1.079959e+003,4.354935e-001
1.083816e+003,2.987741e-001
1.087673e+003,1.305589e-001
1.091530e+003,-3.351600e-002
1.095387e+003,-1.494927e-001
1.099244e+003,-1.791592e-001
1.103101e+003,-1.046999e-001
1.106958e+003,6.313786e-002
1.110815e+003,2.878600e-001
1.114672e+003,5.222623e-001
1.118529e+003,7.076089e-001
1.122386e+003,8.103439e-001
1.126243e+003,8.211959e-001
1.130100e+003,7.472329e-001
1.133957e+003,5.994672e-001
1.137814e+003,3.854423e-001
1.141671e+003,1.119057e-001
1.145528e+003,-1.410108e-001
1.149385e+003,-4.102260e-001
1.153242e+003,-6.592253e-001
1.157099e+003,-8.455725e-001
1.160956e+003,-9.361907e-001
1.164813e+003,-9.214713e-001
1.168670e+003,-8.207096e-001
1.172527e+003,-6.755406e-001
1.176384e+003,-5.384606e-001
1.180241e+003,-4.443619e-001
1.184098e+003,-4.053676e-001
1.187955e+003,-4.145149e-001
1.191812e+003,-4.524662e-001
1.195669e+003,-4.973753e-001
1.199526e+003,-5.326576e-001
1.203383e+003,-5.491291e-001
1.207240e+003,-5.484937e-001
1.211097e+003,-5.191860e-001
1.214954e+003,-4.485013e-001
1.218811e+003,-3.196988e-001
1.222668e+003,-1.189924e-001
1.226525e+003,1.550639e-001
1.230382e+003,4.845704e-001
1.234239e+003,8.319084e-001
1.238096e+003,1.144257e+000
1.241953e+003,1.381207e+000
1.245810e+003,1.512668e+000
1.249667e+003,1.534237e+000
1.253524e+003,1.468482e+000
1.257381e+003,1.357110e+000
1.261238e+003,1.246915e+000
1.265095e+003,1.174878e+000
1.268952e+003,1.159507e+000
1.272809e+003,1.193189e+000
1.276666e+003,1.254876e+000
1.280523e+003,1.318798e+000
1.284380e+003,1.365498e+000
1.288237e+003,1.388564e+000
1.292094e+003,1.394785e+000
1.295951e+003,1.398478e+000
1.299808e+003,1.412836e+000
1.303665e+003,1.443605e+000
1.307522e+003,1.486221e+000
1.311379e+003,1.528439e+000
1.315236e+003,1.556432e+000
1.319093e+003,1.561256e+000
1.322950e+003,1.542634e+000
1.326807e+003,1.508538e+000
1.330664e+003,1.470865e+000
1.334521e+003,1.441170e+000
1.338378e+003,1.426193e+000
1.342235e+003,1.427943e+000
1.346092e+003,1.446778e+000
1.349949e+003,1.485892e+000
1.353806e+003,1.554468e+000
1.357663e+003,1.667409e+000
1.361520e+003,1.840651e+000
1.365377e+003,2.086014e+000
1.369234e+003,2.403681e+000
1.373091e+003,2.779345e+000
1.376948e+003,3.185365e+000
1.380805e+003,3.585941e+000
1.384662e+003,3.944386e+000
1.388519e+003,4.230103e+000
1.392376e+003,4.423361e+000
1.396233e+003,4.517955e+000
1.400090e+003,4.520798e+000
1.403947e+003,4.451062e+000
1.407804e+003,4.338450e+000
1.411661e+003,4.220395e+000
1.415518e+003,4.137358e+000
1.419375e+003,4.125692e+000
1.423232e+003,4.208870e+000
1.427089e+003,4.389515e+000
1.430946e+003,4.645354e+000
1.434803e+003,4.932011e+000
1.438660e+003,5.193332e+000
1.442517e+003,5.377050e+000
1.446374e+003,5.451077e+000
1.450231e+003,5.414731e+000
1.454088e+003,5.300538e+000
1.457945e+003,5.165392e+000
1.461802e+003,5.073777e+000
1.465659e+003,5.078638e+000
1.469516e+003,5.206412e+000
1.473373e+003,5.450999e+000
1.477230e+003,5.778149e+000
1.481087e+003,6.137939e+000
1.484944e+003,6.480410e+000
1.488801e+003,6.768913e+000
1.492658e+003,6.987189e+000
1.496515e+003,7.139020e+000
1.500372e+003,7.242037e+000
1.504229e+003,7.318982e+000
1.508086e+003,7.389880e+000
1.511943e+003,7.467425e+000
1.515800e+003,7.556136e+000
1.519657e+003,7.654397e+000
1.523514e+003,7.757638e+000
1.527371e+003,7.861228e+000
1.531228e+003,7.962244e+000
1.535085e+003,8.060088e+000
1.538942e+003,8.156399e+000
1.542799e+003,8.254804e+000
1.546656e+003,8.360705e+000
1.550513e+003,8.481199e+000
1.554370e+003,8.624583e+000
1.558227e+003,8.799465e+000
1.562084e+003,9.013232e+000
1.565941e+003,9.270161e+000
1.569798e+003,9.569536e+000
1.573655e+003,9.904426e+000
1.577512e+003,1.026161e+001
1.581369e+003,1.062320e+001
1.585226e+003,1.096972e+001
1.589083e+003,1.128422e+001
1.592940e+003,1.155636e+001
1.596797e+003,1.178483e+001
1.600654e+003,1.197709e+001
1.604511e+003,1.214587e+001
1.608368e+003,1.230315e+001
1.612225e+003,1.245375e+001
1.616082e+003,1.259095e+001
1.619939e+003,1.269658e+001
1.623796e+003,1.274625e+001
1.627653e+003,1.271869e+001
1.631510e+003,1.260599e+001
1.635367e+003,1.242094e+001
1.639224e+003,1.219802e+001
1.643081e+003,1.198686e+001
1.646938e+003,1.183937e+001
1.650795e+003,1.179464e+001
1.654652e+003,1.186645e+001
1.658509e+003,1.203781e+001
1.662366e+003,1.226467e+001
1.666223e+003,1.248789e+001
1.670080e+003,1.265015e+001
1.673937e+003,1.271208e+001
1.677794e+003,1.266364e+001
1.681651e+003,1.252647e+001
1.685508e+003,1.234701e+001
1.689365e+003,1.218234e+001
1.693222e+003,1.208283e+001
1.697079e+003,1.207660e+001
1.700936e+003,1.216044e+001
1.704793e+003,1.229962e+001
1.708650e+003,1.243751e+001
1.712507e+003,1.251209e+001
1.716364e+003,1.247488e+001
1.720221e+003,1.230681e+001
1.724078e+003,1.202606e+001
1.727935e+003,1.168517e+001
1.731792e+003,1.135786e+001
1.735649e+003,1.112039e+001
1.739506e+003,1.103104e+001
1.743363e+003,1.111612e+001
1.747220e+003,1.136546e+001
1.751077e+003,1.173843e+001
1.754934e+003,1.217764e+001
1.758791e+003,1.262511e+001
1.762648e+003,1.303549e+001
1.766505e+003,1.338197e+001
1.770362e+003,1.365560e+001
1.774219e+003,1.385882e+001
1.778076e+003,1.399789e+001
1.781933e+003,1.407773e+001
1.785790e+003,1.410116e+001
1.789647e+003,1.407161e+001
1.793504e+003,1.399687e+001
1.797361e+003,1.389141e+001
1.801218e+003,1.377445e+001
1.805075e+003,1.366509e+001
1.808932e+003,1.357636e+001
1.812789e+003,1.351102e+001
1.816646e+003,1.346138e+001
1.820503e+003,1.341335e+001
1.824360e+003,1.335292e+001
1.828217e+003,1.327273e+001
1.832073e+003,1.317469e+001
1.835931e+003,1.306839e+001
1.839788e+003,1.296553e+001
1.843645e+003,1.287246e+001
1.847501e+003,1.278430e+001
1.851359e+003,1.268292e+001
1.855216e+003,1.253941e+001
1.859073e+003,1.232283e+001
1.862929e+003,1.200856e+001
1.866787e+003,1.158751e+001
1.870644e+003,1.107160e+001
1.874500e+003,1.049397e+001
1.878357e+003,9.903730e+000
1.882215e+003,9.355922e+000
1.886072e+003,8.898563e+000
1.889928e+003,8.563635e+000
1.893786e+003,8.356407e+000
1.897643e+003,8.254696e+000
1.901500e+003,8.214128e+000
1.905356e+003,8.179294e+000
1.909214e+003,8.097925e+000
1.913071e+003,7.934157e+000
1.916927e+003,7.676591e+000
1.920784e+003,7.341107e+000
1.924642e+003,6.963707e+000
1.928499e+003,6.589668e+000
1.932355e+003,6.260678e+000
1.936212e+003,6.004294e+000
1.940070e+003,5.828585e+000
1.943927e+003,5.722945e+000
1.947783e+003,5.663925e+000
1.951640e+003,5.624222e+000
1.955498e+003,5.580441e+000
1.959354e+003,5.519024e+000
1.963211e+003,5.438050e+000
1.967068e+003,5.345205e+000
1.970926e+003,5.253009e+000
1.974782e+003,5.172941e+000
1.978639e+003,5.110242e+000
1.982497e+003,5.060922e+000
1.986354e+003,5.011826e+000
1.990210e+003,4.944175e+000
1.994067e+003,4.839637e+000
1.997925e+003,4.687183e+000
2.001781e+003,4.488484e+000
2.005638e+003,4.259674e+000
2.009495e+003,4.028475e+000
2.013353e+003,3.826811e+000
2.017209e+003,3.681462e+000
2.021066e+003,3.605663e+000
2.024923e+003,3.594786e+000
2.028781e+003,3.627668e+000
2.032637e+003,3.673116e+000
2.036494e+003,3.699149e+000
2.040351e+003,3.681866e+000
2.044208e+003,3.609634e+000
2.048065e+003,3.484457e+000
2.051922e+003,3.317841e+000
2.055779e+003,3.125133e+000
2.059636e+003,2.920430e+000
2.063493e+003,2.713728e+000
2.067350e+003,2.510498e+000
2.071207e+003,2.312632e+000
2.075064e+003,2.120069e+000
2.078921e+003,1.931201e+000
2.082778e+003,1.743394e+000
2.086635e+003,1.553984e+000
2.090492e+003,1.362541e+000
2.094349e+003,1.174103e+000
2.098206e+003,1.001930e+000
2.102063e+003,8.677480e-001
2.105920e+003,7.980574e-001
2.109777e+003,8.167426e-001
2.113634e+003,9.361622e-001
2.117491e+003,1.150193e+000
2.121348e+003,1.432416e+000
2.125205e+003,1.740823e+000
2.129062e+003,2.027770e+000
2.132919e+003,2.251437e+000
2.136776e+003,2.386106e+000
2.140633e+003,2.424600e+000
2.144490e+003,2.376138e+000
2.148347e+003,2.259561e+000
2.152204e+003,2.095768e+000
2.156061e+003,1.902615e+000
2.159918e+003,1.693699e+000
2.163775e+003,1.481111e+000
2.167632e+003,1.275558e+000
2.171489e+003,1.089850e+000
2.175346e+003,9.364123e-001
2.179203e+003,8.235775e-001
2.183060e+003,7.521434e-001
2.186917e+003,7.144693e-001
2.190774e+003,6.970991e-001
2.194631e+003,6.859238e-001
2.198488e+003,6.714293e-001
2.202345e+003,6.518977e-001
2.206202e+003,6.321028e-001
2.210059e+003,6.190955e-001
2.213916e+003,6.170900e-001
2.217773e+003,6.242277e-001
2.221630e+003,6.329864e-001
2.225487e+003,6.329218e-001
2.229344e+003,6.192186e-001
2.233201e+003,5.929824e-001
2.237058e+003,5.622973e-001
2.240915e+003,5.384200e-001
2.244772e+003,5.298908e-001
2.248629e+003,5.374683e-001
2.252486e+003,5.525150e-001
2.256343e+003,5.581877e-001
2.260200e+003,5.412377e-001
2.264057e+003,4.926109e-001
2.267914e+003,4.136750e-001
2.271771e+003,3.164137e-001
2.275628e+003,2.195537e-001
2.279485e+003,1.423408e-001
2.283342e+003,9.852750e-002
2.287199e+003,9.259916e-002
2.291056e+003,1.200235e-001
2.294913e+003,1.694570e-001
2.298770e+003,2.263469e-001
2.302627e+003,2.761808e-001
2.306484e+003,3.066423e-001
2.310341e+003,3.087615e-001
2.314198e+003,2.777336e-001
2.318055e+003,2.160465e-001
2.321912e+003,1.288413e-001
2.325769e+003,2.987042e-002
2.329626e+003,-6.070188e-002
2.333483e+003,-1.194394e-001
2.337340e+003,-1.249899e-001
2.341197e+003,-6.434957e-002
2.345054e+003,6.203600e-002
2.348911e+003,2.383904e-001
2.352768e+003,4.360320e-001
2.356625e+003,6.197906e-001
2.360482e+003,7.565849e-001
2.364339e+003,8.235554e-001
2.368196e+003,8.133022e-001
2.372053e+003,7.347779e-001
2.375910e+003,6.098878e-001
2.379767e+003,4.658141e-001
2.383624e+003,3.319193e-001
2.387481e+003,2.303295e-001
2.391338e+003,1.732145e-001
2.395195e+003,1.623240e-001
2.399052e+003,1.908953e-001
2.402909e+003,2.468227e-001
2.406766e+003,3.160338e-001
2.410623e+003,3.836378e-001
2.414480e+003,4.405113e-001
2.418337e+003,4.810978e-001
2.422194e+003,5.054736e-001
2.426051e+003,5.194156e-001
2.429908e+003,5.334721e-001
2.433765e+003,5.608161e-001
2.437622e+003,6.139416e-001
2.441479e+003,6.993729e-001
2.445336e+003,8.184886e-001
2.449193e+003,9.592938e-001
2.453050e+003,1.098506e+000
2.456907e+003,1.204628e+000
2.460764e+003,1.243825e+000
2.464621e+003,1.187476e+000
2.468478e+003,1.019661e+000
2.472335e+003,7.403278e-001
2.476192e+003,3.737535e-001
2.480049e+003,-3.938106e-002
2.483906e+003,-4.473683e-001
2.487763e+003,-7.971185e-001
2.491620e+003,-1.044386e+000
2.495477e+003,-1.162160e+000
2.499334e+003,-1.145173e+000
2.503191e+003,-1.008749e+000
2.507048e+003,-7.856370e-001
2.510905e+003,-5.164077e-001
2.514762e+003,-2.401542e-001
2.518619e+003,1.349491e-002
2.522476e+003,2.288876e-001
2.526333e+003,4.043991e-001
2.530190e+003,5.483968e-001
2.534047e+003,6.724381e-001
2.537904e+003,7.854199e-001
2.541761e+003,8.881600e-001
2.545618e+003,9.730124e-001
2.549475e+003,1.027176e+000
2.553332e+003,1.038806e+000
2.557189e+003,1.003566e+000
2.561046e+003,9.289728e-001
2.564903e+003,8.346480e-001
2.568760e+003,7.474860e-001
2.572617e+003,6.940748e-001
2.576474e+003,6.923943e-001
2.580331e+003,7.458820e-001
2.584188e+003,8.421812e-001
2.588045e+003,9.570638e-001
2.591902e+003,1.062081e+000
2.595759e+003,1.132629e+000
2.599616e+003,1.155878e+000
2.603473e+003,1.130695e+000
2.607330e+003,1.065930e+000
2.611187e+003,9.753509e-001
2.615044e+003,8.725079e-001
2.618901e+003,7.677674e-001
2.622758e+003,6.683877e-001
2.626615e+003,5.807602e-001
2.630472e+003,5.122144e-001
2.634329e+003,4.719769e-001
2.638186e+003,4.682607e-001
2.642043e+003,5.036660e-001
2.645900e+003,5.710164e-001
2.649757e+003,6.522747e-001
2.653614e+003,7.220545e-001
2.657471e+003,7.553325e-001
2.661328e+003,7.368828e-001
2.665185e+003,6.654370e-001
2.669042e+003,5.553971e-001
2.672899e+003,4.316968e-001
2.676756e+003,3.203990e-001
2.680613e+003,2.387864e-001
2.684470e+003,1.890896e-001
2.688327e+003,1.621068e-001
2.692184e+003,1.331596e-001
2.696041e+003,8.231461e-002
2.699898e+003,-1.965463e-004
2.703755e+003,-1.092359e-001
2.707612e+003,-2.260877e-001
2.711469e+003,-3.251077e-001
2.715326e+003,-3.827746e-001
2.719183e+003,-3.835794e-001
2.723040e+003,-3.321480e-001
2.726897e+003,-2.393445e-001
2.730754e+003,-1.222266e-001
2.734611e+003,1.772102e-003
2.738468e+003,1.190764e-001
2.742325e+003,2.211947e-001
2.746182e+003,3.031603e-001
2.750039e+003,3.593795e-001
2.753896e+003,3.881674e-001
2.757753e+003,3.838260e-001
2.761610e+003,3.420992e-001
2.765467e+003,2.638120e-001
2.769324e+003,1.578113e-001
2.773181e+003,4.150426e-002
2.777038e+003,-6.178639e-002
2.780895e+003,-1.281337e-001
2.784752e+003,-1.431795e-001
2.788609e+003,-9.999203e-002
2.792466e+003,-3.998503e-003
2.796323e+003,1.278655e-001
2.800180e+003,2.710032e-001
2.804037e+003,3.988653e-001
2.807894e+003,4.889246e-001
2.811751e+003,5.276128e-001
2.815608e+003,5.115781e-001
2.819465e+003,4.486672e-001
2.823322e+003,3.545606e-001
2.827179e+003,2.484198e-001
2.831036e+003,1.482199e-001
2.834893e+003,6.693613e-002
2.838750e+003,1.044966e-002
2.842607e+003,-2.056829e-002
2.846464e+003,-3.328578e-002
2.850321e+003,-3.694509e-002
2.854178e+003,-3.944824e-002
2.858035e+003,-4.473385e-002
2.861892e+003,-5.213275e-002
2.865749e+003,-5.783799e-002
2.869606e+003,-5.777372e-002
2.873463e+003,-5.098739e-002
2.877320e+003,-4.113306e-002
2.881177e+003,-3.406428e-002
2.885034e+003,-3.532325e-002
2.888891e+003,-4.574975e-002
2.892748e+003,-5.820651e-002
2.896605e+003,-5.737026e-002
2.900462e+003,-2.342456e-002
2.904319e+003,6.325278e-002
2.908176e+003,2.111879e-001
2.912033e+003,4.123526e-001
2.915890e+003,6.421605e-001
2.919747e+003,8.648064e-001
2.923604e+003,1.042851e+000
2.927461e+003,1.147736e+000
2.931318e+003,1.167469e+000
2.935175e+003,1.108964e+000
2.939032e+003,9.925740e-001
2.942889e+003,8.479260e-001
2.946746e+003,7.031231e-001
2.950603e+003,5.782771e-001
2.954460e+003,4.834986e-001
2.958317e+003,4.211085e-001
2.962174e+003,3.899845e-001
2.966031e+003,3.890440e-001
2.969888e+003,4.194421e-001
2.973745e+003,4.812331e-001
2.977602e+003,5.704070e-001
2.981459e+003,6.761456e-001
2.985316e+003,7.808396e-001
2.989173e+003,8.634810e-001
2.993030e+003,9.053152e-001
2.996887e+003,8.952384e-001
3.000744e+003,8.336545e-001
3.004601e+003,7.320565e-001
3.008458e+003,6.094169e-001
3.012315e+003,4.868182e-001
3.016172e+003,3.823852e-001
3.020029e+003,3.080832e-001
3.023886e+003,2.688369e-001
3.027743e+003,2.633466e-001
3.031600e+003,2.856055e-001
3.035457e+003,3.260614e-001
3.039314e+003,3.725071e-001
3.043171e+003,4.110618e-001
3.047028e+003,4.278978e-001
3.050885e+003,4.118978e-001
3.054742e+003,3.576460e-001
3.058599e+003,2.678562e-001
3.062456e+003,1.527835e-001
3.066313e+003,2.860778e-002
3.070170e+003,-8.683242e-002
3.074027e+003,-1.786262e-001
3.077884e+003,-2.382987e-001
3.081741e+003,-2.651940e-001
3.085598e+003,-2.656571e-001
3.089455e+003,-2.508694e-001
3.093312e+003,-2.336163e-001
3.097169e+003,-2.268721e-001
3.101026e+003,-2.421517e-001
3.104883e+003,-2.878745e-001
3.108740e+003,-3.671915e-001
3.112597e+003,-4.754638e-001
3.116454e+003,-5.984749e-001
3.120311e+003,-7.047320e-001
3.124168e+003,-7.773026e-001
3.128025e+003,-7.923846e-001
3.131882e+003,-7.354323e-001
3.135739e+003,-6.075215e-001
3.139596e+003,-4.274899e-001
3.143453e+003,-2.281227e-001
3.147310e+003,-4.682378e-002
3.151167e+003,9.628577e-002
3.155024e+003,1.941870e-001
3.158881e+003,2.374535e-001
3.162738e+003,2.255986e-001
3.166594e+003,1.669550e-001
3.170452e+003,7.683587e-002
3.174309e+003,-2.560858e-002
3.178166e+003,-1.211139e-001
3.182023e+003,-1.558287e-001
3.185880e+003,-1.480320e-001
3.189737e+003,-1.048222e-001
3.193594e+003,-4.093940e-002
3.197451e+003,2.613904e-002
3.201308e+003,8.138028e-002
3.205165e+003,1.161408e-001
3.209021e+003,1.298220e-001
3.212879e+003,1.052851e-001
3.216736e+003,3.325856e-002
3.220593e+003,-5.913877e-002
3.224449e+003,-1.476997e-001
3.228307e+003,-2.168866e-001
3.232164e+003,-2.604917e-001
3.236021e+003,-2.781438e-001
3.239877e+003,-2.702983e-001
3.243735e+003,-2.403003e-001
3.247592e+003,-1.738791e-001
3.251448e+003,-6.495517e-002
3.255305e+003,8.711594e-002
3.259163e+003,2.734682e-001
3.263020e+003,4.748980e-001
3.266876e+003,6.650246e-001
3.270734e+003,8.163695e-001
3.274591e+003,9.074851e-001
3.278448e+003,9.261242e-001
3.282304e+003,8.727849e-001
3.286162e+003,7.579017e-001
3.290019e+003,5.972878e-001
3.293875e+003,4.072293e-001
3.297732e+003,2.011200e-001
3.301590e+003,-1.133763e-002
3.305447e+003,-2.224732e-001
3.309303e+003,-4.234058e-001
3.313160e+003,-6.014895e-001
3.317018e+003,-7.390131e-001
3.320875e+003,-8.146104e-001
3.324731e+003,-8.073495e-001
3.328588e+003,-7.026860e-001
3.332446e+003,-4.987257e-001
3.336302e+003,-2.095476e-001
3.340159e+003,1.298146e-001
3.344016e+003,4.706635e-001
3.347874e+003,7.581656e-001
3.351730e+003,9.431403e-001
3.355587e+003,9.941628e-001
3.359444e+003,9.064389e-001
3.363302e+003,7.044207e-001
3.367158e+003,4.354919e-001
3.371015e+003,1.621993e-001
3.374873e+003,-5.623094e-002
3.378729e+003,-1.775326e-001
3.382586e+003,-1.853838e-001
3.386443e+003,-9.060989e-002
3.390301e+003,7.516742e-002
3.394157e+003,2.706914e-001
3.398014e+003,4.576514e-001
3.401871e+003,6.072302e-001
3.405729e+003,7.056977e-001
3.409585e+003,7.522996e-001
3.413442e+003,7.543809e-001
3.417299e+003,7.221141e-001
3.421156e+003,6.650149e-001
3.425013e+003,5.909550e-001
3.428870e+003,5.073299e-001
3.432727e+003,4.208168e-001
3.436584e+003,3.382485e-001
3.440441e+003,2.649116e-001
3.444298e+003,2.029667e-001
3.448155e+003,1.510434e-001
3.452012e+003,1.058862e-001
3.455869e+003,6.566738e-002
3.459726e+003,3.431626e-002
3.463583e+003,2.001378e-002
3.467440e+003,3.613804e-002
3.471297e+003,9.510092e-002
3.475154e+003,2.020381e-001
3.479011e+003,3.503065e-001
3.482868e+003,5.212103e-001
3.486725e+003,6.886048e-001
3.490582e+003,8.265030e-001
3.494439e+003,9.168487e-001
3.498296e+003,9.556153e-001
3.502153e+003,9.517228e-001
3.506010e+003,9.216806e-001
3.509867e+003,8.819768e-001
3.513724e+003,8.427252e-001
3.517581e+003,8.052777e-001
3.521438e+003,7.624714e-001
3.525295e+003,7.099376e-001
3.529152e+003,6.452345e-001
3.533009e+003,5.724382e-001
3.536866e+003,5.007760e-001
3.540723e+003,4.402954e-001
3.544580e+003,3.970202e-001
3.548437e+003,3.701591e-001
3.552294e+003,3.521812e-001
3.556151e+003,3.337172e-001
3.560008e+003,3.057674e-001
3.563865e+003,2.631177e-001
3.567722e+003,2.043071e-001
3.571579e+003,1.295236e-001
3.575436e+003,3.836174e-002
3.579293e+003,-7.052009e-002
3.583150e+003,-1.977090e-001
3.587007e+003,-3.370318e-001
3.590864e+003,-4.743558e-001
3.594721e+003,-5.875027e-001
3.598578e+003,-6.513266e-001
3.602435e+003,-6.460209e-001
3.606292e+003,-5.652788e-001
3.610149e+003,-4.204714e-001
3.614006e+003,-2.378673e-001
3.617863e+003,-5.248354e-002
3.621720e+003,1.042782e-001
3.625577e+003,2.132096e-001
3.629434e+003,2.707126e-001
3.633291e+003,2.856852e-001
3.637148e+003,2.720248e-001
3.641005e+003,2.409104e-001
3.644862e+003,1.967771e-001
3.648719e+003,1.391495e-001
3.652576e+003,6.842513e-002
3.656433e+003,-7.860248e-003
3.660290e+003,-7.245370e-002
3.664147e+003,-1.017663e-001
3.668004e+003,-7.423843e-002
3.671861e+003,2.012510e-002
3.675718e+003,1.741403e-001
3.679575e+003,3.635294e-001
3.683432e+003,5.553933e-001
3.687289e+003,7.196513e-001
3.691146e+003,8.391008e-001
3.695003e+003,9.135451e-001
3.698860e+003,9.564096e-001
3.702717e+003,9.858299e-001
3.706574e+003,1.015352e+000
3.710431e+003,1.045935e+000
3.714288e+003,1.067971e+000
3.718145e+003,1.066951e+000
3.722002e+003,1.032198e+000
3.725859e+003,9.635450e-001
3.729716e+003,8.726997e-001
3.733573e+003,7.788032e-001
3.737430e+003,7.028053e-001
3.741287e+003,6.528068e-001
3.745144e+003,6.265686e-001
3.749001e+003,6.102586e-001
3.752858e+003,5.839063e-001
3.756715e+003,5.281952e-001
3.760572e+003,4.297494e-001
3.764429e+003,2.835640e-001
3.768286e+003,-1.082391e-001
3.772143e+003,-5.155941e-001
3.776000e+003,-7.600045e-001
3.779857e+003,-7.101465e-001
3.783714e+003,-3.520275e-001
3.787571e+003,1.854960e-001
3.791428e+003,6.782134e-001
3.795285e+003,9.180774e-001
3.799142e+003,8.735548e-001
3.802999e+003,7.564774e-001
3.806856e+003,6.051720e-001
3.810713e+003,4.661033e-001
3.814570e+003,3.784647e-001
3.818427e+003,3.602798e-001
3.822284e+003,4.018260e-001
3.826141e+003,4.694846e-001
3.829998e+003,5.186945e-001
3.833855e+003,5.134498e-001
3.837712e+003,4.365685e-001
3.841569e+003,2.961138e-001
3.845426e+003,1.217548e-001
3.849283e+003,-4.627732e-002
3.853140e+003,-1.708119e-001
3.856997e+003,-2.285583e-001
3.860854e+003,-2.143306e-001
3.864711e+003,-1.386918e-001
3.868568e+003,-2.059302e-002
3.872425e+003,1.208046e-001
3.876282e+003,2.715622e-001
3.880139e+003,4.240432e-001
3.883996e+003,5.742815e-001
3.887853e+003,7.178646e-001
3.891710e+003,8.475321e-001
3.895567e+003,9.496866e-001
3.899424e+003,1.010840e+000
3.903281e+003,1.020239e+000
3.907138e+003,9.738024e-001
3.910995e+003,8.763736e-001
3.914852e+003,7.415927e-001
3.918709e+003,5.895876e-001
3.922566e+003,4.375356e-001
3.926423e+003,3.141959e-001
3.930280e+003,2.361954e-001
3.934137e+003,2.107665e-001
3.937994e+003,2.342636e-001
3.941851e+003,2.928840e-001
3.945708e+003,3.656196e-001
3.949565e+003,4.288712e-001
3.953422e+003,4.579544e-001
3.957279e+003,4.382845e-001
3.961136e+003,3.646635e-001
3.964993e+003,2.427016e-001
3.968850e+003,8.672880e-002
3.972707e+003,-8.297861e-002
3.976564e+003,-2.425146e-001
3.980421e+003,-3.660749e-001
3.984278e+003,-4.263448e-001
3.988135e+003,-3.886002e-001
3.991992e+003,-2.426042e-001
3.995849e+003,-4.917383e-004
3.999706e+003,2.992204e-001
4.003563e+003,5.957093e-001
4.007420e+003,8.195554e-001
4.011277e+003,9.131866e-001
4.015134e+003,8.510615e-001
4.018991e+003,6.512311e-001
4.022848e+003,3.705745e-001
4.026705e+003,8.716632e-002
4.030562e+003,-1.262886e-001
4.034419e+003,-2.268854e-001
4.038276e+003,-2.138633e-001
4.042133e+003,-1.240128e-001
4.045990e+003,-2.550174e-002
4.049847e+003,4.599018e-002
4.053704e+003,6.887023e-002
4.057561e+003,4.842170e-002
4.061418e+003,1.045243e-002
4.065275e+003,-1.314700e-002
4.069132e+003,-1.882762e-004
4.072989e+003,5.155988e-002
4.076846e+003,1.155161e-001
4.080703e+003,1.717376e-001
4.084560e+003,1.933840e-001
4.088417e+003,1.659860e-001
4.092274e+003,9.364161e-002
4.096131e+003,-1.973622e-003
4.099988e+003,-8.898995e-002
4.103845e+003,-1.359942e-001
4.107702e+003,-1.243642e-001
4.111559e+003,-4.829498e-002
4.115416e+003,8.152446e-002
4.119273e+003,2.431782e-001
4.123130e+003,4.102516e-001
4.126987e+003,5.584641e-001
4.130844e+003,6.702231e-001
4.134701e+003,7.362984e-001
4.138558e+003,7.554941e-001
4.142415e+003,7.321789e-001
4.146271e+003,6.738908e-001
4.150129e+003,5.906991e-001
4.153986e+003,4.948086e-001
4.157843e+003,4.001473e-001
4.161700e+003,3.211676e-001
4.165557e+003,2.705642e-001
4.169414e+003,2.559702e-001
4.173271e+003,2.786146e-001
4.177128e+003,3.309648e-001
4.180985e+003,3.983738e-001
4.184842e+003,4.622874e-001
4.188699e+003,5.044764e-001
4.192556e+003,5.109504e-001
4.196413e+003,4.744660e-001
4.200270e+003,3.917012e-001
4.204126e+003,2.727935e-001
4.207984e+003,1.308659e-001
4.211841e+003,-1.670884e-002
4.215698e+003,-1.497689e-001
4.219555e+003,-2.472754e-001
4.223412e+003,-2.901905e-001
4.227269e+003,-2.652977e-001
4.231125e+003,-1.669854e-001
4.234982e+003,-1.814313e-003
4.238840e+003,2.092822e-001
4.242697e+003,4.384539e-001
4.246554e+003,6.584715e-001
4.250411e+003,8.500025e-001
4.254268e+003,1.005490e+000
4.258125e+003,1.127765e+000
4.261981e+003,1.228691e+000
4.265839e+003,1.303212e+000
4.269696e+003,1.344432e+000
4.273553e+003,1.335926e+000
4.277410e+003,1.258665e+000
4.281267e+003,1.101711e+000
4.285124e+003,8.714303e-001
4.288980e+003,5.942774e-001
4.292837e+003,3.052028e-001
4.296695e+003,5.645598e-002
4.300552e+003,-1.176570e-001
4.304409e+003,-2.036605e-001
4.308266e+003,-2.091157e-001
4.312123e+003,-1.547118e-001
4.315979e+003,-6.301837e-002
4.319836e+003,4.992187e-002
4.323693e+003,1.698479e-001
4.327551e+003,2.971606e-001
4.331408e+003,4.211401e-001
4.335265e+003,5.195116e-001
4.339122e+003,5.602387e-001
4.342979e+003,5.112506e-001
4.346835e+003,3.546116e-001
4.350692e+003,9.898794e-002
4.354550e+003,-2.098324e-001
4.358407e+003,-5.170938e-001
4.362264e+003,-7.551879e-001
4.366121e+003,-8.644415e-001
4.369978e+003,-8.093051e-001
4.373834e+003,-5.884079e-001
4.377691e+003,-2.357218e-001
4.381548e+003,1.871209e-001
4.385406e+003,5.867040e-001
4.389263e+003,9.151138e-001
4.393120e+003,1.121792e+000
4.396977e+003,1.180738e+000
4.400833e+003,1.093693e+000
4.404690e+003,8.874881e-001
4.408547e+003,6.066279e-001
4.412404e+003,3.030911e-001
4.416262e+003,2.871148e-002
4.420119e+003,-1.842284e-001
4.423976e+003,-3.157040e-001
4.427833e+003,-3.612013e-001
4.431689e+003,-3.287543e-001
4.435546e+003,-2.341769e-001
4.439403e+003,-9.626097e-002
4.443260e+003,6.665037e-002
4.447118e+003,2.349683e-001
4.450975e+003,3.978521e-001
4.454832e+003,5.424820e-001
4.458688e+003,6.568252e-001
4.462545e+003,7.305626e-001
4.466402e+003,7.570760e-001
4.470259e+003,7.357251e-001
4.474117e+003,6.733109e-001
4.477974e+003,5.849867e-001
4.481831e+003,4.883775e-001
4.485688e+003,4.021400e-001
4.489544e+003,3.407026e-001
4.493401e+003,3.102625e-001
4.497258e+003,3.068886e-001
4.501115e+003,3.176230e-001
4.504973e+003,3.246379e-001
4.508830e+003,3.118184e-001
4.512687e+003,2.703498e-001
4.516543e+003,2.040833e-001
4.520400e+003,1.297937e-001
4.524257e+003,7.307097e-002
4.528114e+003,6.019126e-002
4.531971e+003,1.083454e-001
4.535829e+003,2.176511e-001
4.539686e+003,3.674524e-001
4.543542e+003,5.230823e-001
4.547399e+003,6.436249e-001
4.551256e+003,6.956977e-001
4.555113e+003,6.651385e-001
4.558970e+003,5.627167e-001
4.562828e+003,4.213625e-001
4.566685e+003,2.855077e-001
4.570542e+003,1.973255e-001
4.574398e+003,1.789394e-001
4.578255e+003,2.301547e-001
4.582112e+003,3.283854e-001
4.585969e+003,4.379172e-001
4.589826e+003,5.231891e-001
4.593684e+003,5.608664e-001
4.597541e+003,5.462027e-001
4.601397e+003,4.945655e-001
4.605254e+003,4.259063e-001
4.609111e+003,3.606681e-001
4.612968e+003,3.100229e-001
4.616826e+003,2.725358e-001
4.620683e+003,2.366631e-001
4.624540e+003,1.875401e-001
4.628396e+003,1.149127e-001
4.632253e+003,2.897030e-002
4.636110e+003,-7.162628e-002
4.639967e+003,-1.694755e-001
4.643824e+003,-2.443460e-001
4.647682e+003,-2.789498e-001
4.651539e+003,-2.635563e-001
4.655396e+003,-1.983085e-001
4.659252e+003,-9.299831e-002
4.663109e+003,-3.233731e-003
4.666966e+003,8.929855e-002
4.670823e+003,1.756384e-001
4.674681e+003,2.480416e-001
4.678538e+003,3.009631e-001
4.682395e+003,3.318329e-001
4.686251e+003,3.414959e-001
4.690108e+003,3.341111e-001
4.693965e+003,3.186357e-001
4.697822e+003,3.018332e-001
4.701679e+003,2.897200e-001
4.705537e+003,2.857963e-001
4.709394e+003,2.900596e-001
4.713250e+003,2.990218e-001
4.717107e+003,3.068434e-001
4.720964e+003,3.073071e-001
4.724821e+003,2.586726e-001
4.728678e+003,1.921818e-001
4.732535e+003,1.128816e-001
4.736393e+003,3.140315e-002
4.740250e+003,-3.905931e-002
4.744106e+003,-8.668447e-002
4.747963e+003,-1.043367e-001
4.751820e+003,-9.116832e-002
4.755677e+003,-6.329150e-002
4.759534e+003,-1.735236e-002
4.763392e+003,3.399819e-002
4.767249e+003,7.751752e-002
4.771105e+003,1.006887e-001
4.774962e+003,9.296455e-002
4.778819e+003,4.774635e-002
4.782676e+003,-3.469729e-002
4.786533e+003,-1.464725e-001
4.790390e+003,-2.609995e-001
4.794248e+003,-3.462819e-001
4.798104e+003,-3.684607e-001
4.801961e+003,-3.019652e-001
4.805818e+003,-1.392380e-001
4.809675e+003,1.040443e-001
4.813532e+003,3.910867e-001
4.817389e+003,6.796227e-001
4.821246e+003,9.157252e-001
4.825104e+003,1.067724e+000
4.828960e+003,1.127799e+000
4.832817e+003,1.110730e+000
4.836674e+003,1.044624e+000
4.840531e+003,9.578770e-001
4.844388e+003,8.680240e-001
4.848245e+003,7.750480e-001
4.852103e+003,6.688232e-001
4.855959e+003,5.341368e-001
4.859816e+003,3.610917e-001
4.863673e+003,1.512590e-001
4.867530e+003,-8.212243e-002
4.871387e+003,-3.191826e-001
4.875244e+003,-5.405241e-001
4.879101e+003,-7.346575e-001
4.882958e+003,-8.920847e-001
4.886815e+003,-1.010456e+000
4.890672e+003,-1.087299e+000
4.894529e+003,-1.116852e+000
4.898386e+003,-1.090411e+000
4.902243e+003,-1.000174e+000
4.906100e+003,-8.444838e-001
4.909957e+003,-6.293870e-001
4.913814e+003,-3.745222e-001
4.917671e+003,-1.040271e-001
4.921528e+003,1.586116e-001
4.925385e+003,3.964234e-001
4.929242e+003,6.016738e-001
4.933099e+003,7.744110e-001
4.936956e+003,9.177226e-001
4.940813e+003,1.032783e+000
4.944670e+003,1.111511e+000
4.948527e+003,1.139575e+000
4.952384e+003,1.098155e+000
4.956241e+003,9.702035e-001
4.960098e+003,7.479291e-001
4.963955e+003,4.392906e-001
4.967812e+003,7.137853e-002
4.971669e+003,-3.128162e-001
4.975526e+003,-6.545265e-001
4.979383e+003,-8.968931e-001
4.983240e+003,-9.967532e-001
4.987097e+003,-9.368812e-001
4.990954e+003,-7.327159e-001
4.994811e+003,-4.305373e-001
4.998668e+003,-9.660965e-002
5.002525e+003,2.013636e-001
5.006382e+003,4.071217e-001
5.010239e+003,4.945925e-001
5.014096e+003,4.696280e-001
5.017953e+003,3.627358e-001
5.021810e+003,2.147532e-001
5.025667e+003,6.171553e-002
5.029524e+003,-7.491533e-002
5.033381e+003,-1.908602e-001
5.037238e+003,-2.873968e-001
5.041095e+003,-3.667715e-001
5.044952e+003,-4.231050e-001
5.048809e+003,-4.416142e-001
5.052666e+003,-4.046450e-001
5.056523e+003,-3.009672e-001
5.060380e+003,-1.331399e-001
5.064237e+003,8.346203e-002
5.068094e+003,3.183146e-001
5.071951e+003,5.409378e-001
5.075808e+003,7.275233e-001
5.079665e+003,8.643127e-001
5.083522e+003,9.455518e-001
5.087379e+003,9.686776e-001
5.091236e+003,9.309098e-001
5.095093e+003,8.259922e-001
5.098950e+003,6.602701e-001
5.102807e+003,4.502589e-001
5.106664e+003,2.262511e-001
5.110521e+003,2.681491e-002
5.114378e+003,-1.127934e-001
5.118235e+003,-1.733176e-001
5.122092e+003,-1.588859e-001
5.125949e+003,-9.589589e-002
5.129806e+003,-1.770117e-002
5.133663e+003,4.587869e-002
5.137520e+003,8.327506e-002
5.141377e+003,1.039201e-001
5.145234e+003,1.302320e-001
5.149091e+003,1.832224e-001
5.152948e+003,2.692704e-001
5.156805e+003,3.748280e-001
5.160662e+003,4.711717e-001
5.164519e+003,5.269244e-001
5.168376e+003,5.213872e-001
5.172233e+003,4.523347e-001
5.176090e+003,3.352433e-001
5.179947e+003,1.956059e-001
5.183804e+003,5.927817e-002
5.187661e+003,-5.358544e-002
5.191518e+003,-1.314379e-001
5.195375e+003,-1.654866e-001
5.199232e+003,-1.471093e-001
5.203089e+003,-6.793158e-002
5.206946e+003,7.552008e-002
5.210803e+003,2.749974e-001
5.214660e+003,5.060420e-001
5.218517e+003,7.272977e-001
5.222374e+003,8.980782e-001
5.226231e+003,9.820743e-001
5.230088e+003,9.616773e-001
5.233945e+003,8.434124e-001
5.237802e+003,6.549652e-001
5.241659e+003,4.353268e-001
5.245516e+003,2.225390e-001
5.249373e+003,4.465171e-002
5.253230e+003,-8.580405e-002
5.257087e+003,-1.661721e-001
5.260944e+003,-1.983783e-001
5.264801e+003,-1.833885e-001
5.268658e+003,-1.193710e-001
5.272515e+003,-4.318446e-003
5.276372e+003,1.586213e-001
5.280229e+003,3.564695e-001
5.284086e+003,5.642465e-001
5.287943e+003,7.488679e-001
5.291800e+003,8.761840e-001
5.295657e+003,9.197773e-001
5.299514e+003,8.683622e-001
5.303371e+003,7.294273e-001
5.307228e+003,5.281187e-001
5.311085e+003,2.995487e-001
5.314942e+003,8.811493e-002
5.318799e+003,-6.813861e-002
5.322656e+003,-1.436938e-001
5.326513e+003,-1.303481e-001
5.330370e+003,-3.832291e-002
5.334227e+003,1.062727e-001
5.338084e+003,2.669524e-001
5.341941e+003,4.061224e-001
5.345798e+003,4.842703e-001
5.349655e+003,4.774808e-001
5.353512e+003,3.798420e-001
5.357369e+003,2.048753e-001
5.361226e+003,-1.738233e-002
5.365083e+003,-2.473889e-001
5.368940e+003,-4.457913e-001
5.372797e+003,-5.869892e-001
5.376654e+003,-6.513596e-001
5.380511e+003,-6.450482e-001
5.384368e+003,-5.881059e-001
5.388225e+003,-5.036296e-001
5.392082e+003,-4.063870e-001
5.395939e+003,-2.964656e-001
5.399796e+003,-1.616964e-001
5.403653e+003,1.179147e-002
5.407510e+003,2.240043e-001
5.411367e+003,4.516588e-001
5.415224e+003,6.485857e-001
5.419081e+003,7.595388e-001
5.422938e+003,7.425432e-001
5.426795e+003,5.899321e-001
5.430652e+003,3.373954e-001
5.434509e+003,6.263492e-002
5.438366e+003,-1.658781e-001
5.442223e+003,-2.925333e-001
5.446080e+003,-3.018773e-001
5.449937e+003,-2.231703e-001
5.453794e+003,-1.159576e-001
5.457651e+003,-4.288179e-002
5.461508e+003,-4.187721e-002
5.465365e+003,-1.097191e-001
5.469222e+003,-2.066117e-001
5.473079e+003,-2.765086e-001
5.476936e+003,-2.704306e-001
5.480793e+003,-1.670015e-001
5.484650e+003,1.945676e-002
5.488507e+003,2.457879e-001
5.492364e+003,4.577475e-001
5.496221e+003,6.093628e-001
5.500078e+003,6.843206e-001
5.503935e+003,6.883446e-001
5.507792e+003,6.469455e-001
5.511649e+003,5.936666e-001
5.515506e+003,5.579680e-001
5.519363e+003,5.568889e-001
5.523220e+003,5.920881e-001
5.527077e+003,6.527249e-001
5.530934e+003,7.157809e-001
5.534791e+003,7.561969e-001
5.538648e+003,7.500610e-001
5.542505e+003,6.799601e-001
5.546362e+003,5.402598e-001
5.550219e+003,3.411663e-001
5.554076e+003,1.096842e-001
5.557933e+003,-1.136973e-001
5.561790e+003,-2.871120e-001
5.565647e+003,-3.743336e-001
5.569504e+003,-3.568258e-001
5.573361e+003,-2.397273e-001
5.577218e+003,-5.070477e-002
5.581075e+003,1.681476e-001
5.584932e+003,3.724641e-001
5.588789e+003,5.255048e-001
5.592646e+003,6.126323e-001
5.596503e+003,6.340300e-001
5.600360e+003,6.032020e-001
5.604217e+003,5.400757e-001
5.608074e+003,4.646916e-001
5.611931e+003,3.936128e-001
5.615788e+003,3.392461e-001
5.619645e+003,3.112555e-001
5.623501e+003,3.148069e-001
5.627359e+003,3.517649e-001
5.631216e+003,4.174720e-001
5.635073e+003,4.986385e-001
5.638930e+003,5.735977e-001
5.642787e+003,6.160896e-001
5.646644e+003,6.021222e-001
5.650500e+003,5.186477e-001
5.654358e+003,3.676662e-001
5.658215e+003,1.692290e-001
5.662072e+003,-4.199407e-002
5.665929e+003,-2.242806e-001
5.669786e+003,-3.387427e-001
5.673643e+003,-3.588550e-001
5.677500e+003,-2.771586e-001
5.681356e+003,-1.102775e-001
5.685214e+003,1.115817e-001
5.689071e+003,3.458437e-001
5.692928e+003,5.486701e-001
5.696785e+003,6.854450e-001
5.700642e+003,7.393754e-001
5.704499e+003,7.157316e-001
5.708355e+003,6.400515e-001
5.712212e+003,5.501890e-001
5.716070e+003,4.840751e-001
5.719927e+003,4.666282e-001
5.723784e+003,5.018954e-001
5.727641e+003,5.712289e-001
5.731498e+003,6.395916e-001
5.735354e+003,6.683015e-001
5.739211e+003,6.299198e-001
5.743069e+003,5.217939e-001
5.746926e+003,3.643389e-001
5.750783e+003,1.983217e-001
5.754640e+003,7.152512e-002
5.758497e+003,2.278192e-002
5.762354e+003,6.853338e-002
5.766210e+003,1.966651e-001
5.770067e+003,3.697712e-001
5.773925e+003,5.336274e-001
5.777782e+003,6.451167e-001
5.781639e+003,6.731286e-001
5.785496e+003,6.103539e-001
5.789353e+003,4.739653e-001
5.793209e+003,2.989107e-001
5.797066e+003,1.263419e-001
5.800923e+003,-8.997023e-003
5.804781e+003,-8.462209e-002
5.808638e+003,-1.063924e-001
5.812495e+003,-9.370545e-002
5.816352e+003,-7.621947e-002
5.820208e+003,-8.375862e-002
5.824065e+003,-1.363927e-001
5.827922e+003,-2.375502e-001
5.831779e+003,-3.721417e-001
5.835637e+003,-5.122907e-001
5.839494e+003,-6.186516e-001
5.843351e+003,-6.579257e-001
5.847208e+003,-6.101813e-001
5.851064e+003,-4.744759e-001
5.854921e+003,-2.688444e-001
5.858778e+003,-2.476471e-002
5.862636e+003,2.219230e-001
5.866493e+003,4.445054e-001
5.870350e+003,6.191527e-001
5.874207e+003,7.398488e-001
5.878063e+003,8.115973e-001
5.881920e+003,8.436538e-001
5.885777e+003,8.427143e-001
5.889634e+003,8.092071e-001
5.893492e+003,7.382650e-001
5.897349e+003,6.226113e-001
5.901206e+003,4.639141e-001
5.905063e+003,2.745596e-001
5.908919e+003,7.756548e-002
5.912776e+003,-9.904432e-002
5.916633e+003,-2.309396e-001
5.920490e+003,-3.055104e-001
5.924348e+003,-3.256468e-001
5.928205e+003,-3.039888e-001
5.932062e+003,-2.662691e-001
5.935918e+003,-2.337440e-001
5.939775e+003,-2.172332e-001
5.943632e+003,-2.152165e-001
5.947489e+003,-2.178907e-001
5.951347e+003,-2.147580e-001
5.955204e+003,-2.017275e-001
5.959061e+003,-1.907941e-001
5.962917e+003,-1.973595e-001
5.966774e+003,-2.325359e-001
5.970631e+003,-2.934986e-001
5.974488e+003,-3.591393e-001
5.978345e+003,-3.959416e-001
5.982203e+003,-3.720744e-001
5.986060e+003,-2.732254e-001
5.989917e+003,-7.636460e-002
5.993773e+003,1.174061e-001
5.997630e+003,1.863449e-001
6.001487e+003,6.534494e-002
6.005344e+003,-2.074089e-001
6.009201e+003,-5.003771e-001
6.013059e+003,-6.527868e-001
6.016916e+003,-5.598143e-001
6.020772e+003,-3.983574e-001
6.024629e+003,-1.649122e-001
6.028486e+003,9.319666e-002
6.032343e+003,3.217400e-001
6.036200e+003,4.729575e-001
6.040058e+003,5.180287e-001
6.043915e+003,4.549456e-001
6.047771e+003,3.089633e-001
6.051628e+003,1.279465e-001
6.055485e+003,-4.044294e-002
6.059342e+003,-1.564149e-001
6.063199e+003,-2.002531e-001
6.067056e+003,-1.762812e-001
6.070914e+003,-1.084343e-001
6.074771e+003,-2.935306e-002
6.078627e+003,3.263272e-002
6.082484e+003,6.340323e-002
6.086341e+003,6.698044e-002
6.090198e+003,6.110853e-002
6.094055e+003,6.776533e-002
6.097912e+003,1.022815e-001
6.101770e+003,1.655861e-001
6.105626e+003,2.425238e-001
6.109483e+003,3.066641e-001
6.113340e+003,3.285047e-001
6.117197e+003,2.883091e-001
6.121054e+003,1.819571e-001
6.124911e+003,2.398165e-002
6.128768e+003,-1.559725e-001
6.132625e+003,-3.214352e-001
6.136482e+003,-4.394459e-001
6.140339e+003,-4.897008e-001
6.144196e+003,-4.694317e-001
6.148053e+003,-3.921994e-001
6.151910e+003,-2.840671e-001
6.155767e+003,-1.723786e-001
6.159625e+003,-7.572669e-002
6.163481e+003,2.343383e-003
6.167338e+003,7.329792e-002
6.171195e+003,1.570341e-001
6.175052e+003,2.733788e-001
6.178909e+003,4.256063e-001
6.182766e+003,6.008930e-001
6.186623e+003,7.710577e-001
6.190480e+003,9.023203e-001
6.194337e+003,9.681316e-001
6.198194e+003,9.593720e-001
6.202051e+003,8.872486e-001
6.205908e+003,7.756040e-001
6.209765e+003,6.546965e-001
6.213622e+003,5.450734e-001
6.217479e+003,4.521542e-001
6.221336e+003,3.686447e-001
6.225193e+003,2.840724e-001
6.229050e+003,1.959889e-001
6.232907e+003,1.162939e-001
6.236764e+003,6.778966e-002
6.240621e+003,7.563152e-002
6.244478e+003,1.499132e-001
6.248335e+003,2.767408e-001
6.252192e+003,4.187310e-001
6.256049e+003,5.270444e-001
6.259906e+003,5.602800e-001
6.263763e+003,5.018021e-001
6.267620e+003,3.676380e-001
6.271477e+003,1.995170e-001
6.275334e+003,4.846824e-002
6.279191e+003,-4.599489e-002
6.283048e+003,-7.069953e-002
6.286905e+003,-4.127157e-002
6.290762e+003,8.505106e-003
6.294619e+003,4.500905e-002
6.298476e+003,5.091918e-002
6.302333e+003,3.547107e-002
6.306190e+003,2.656898e-002
6.310047e+003,5.614278e-002
6.313904e+003,1.420074e-001
6.317761e+003,2.756389e-001
6.321618e+003,4.218115e-001
6.325475e+003,5.306212e-001
6.329332e+003,5.561080e-001
6.333189e+003,4.780712e-001
6.337046e+003,3.071095e-001
6.340903e+003,8.371278e-002
6.344760e+003,-1.351960e-001
6.348617e+003,-2.948949e-001
6.352474e+003,-3.592970e-001
6.356331e+003,-3.193162e-001
6.360188e+003,-1.924217e-001
6.364045e+003,-9.525627e-003
6.367902e+003,1.947504e-001
6.371759e+003,3.922521e-001
6.375616e+003,5.650822e-001
6.379473e+003,7.035786e-001
6.383330e+003,8.013288e-001
6.387187e+003,8.511572e-001
6.391044e+003,8.450338e-001
6.394901e+003,7.783824e-001
6.398758e+003,6.552505e-001
6.402615e+003,4.928389e-001
6.406472e+003,3.206857e-001
6.410329e+003,1.739812e-001
6.414186e+003,8.300230e-002
6.418043e+003,6.276359e-002
6.421900e+003,1.073545e-001
6.425757e+003,1.912655e-001
6.429614e+003,2.783713e-001
6.433471e+003,3.339847e-001
6.437328e+003,3.361418e-001
6.441185e+003,2.817055e-001
6.445042e+003,1.853365e-001
6.448899e+003,7.233678e-002
6.452756e+003,-3.103384e-002
6.456613e+003,-1.070831e-001
6.460470e+003,-1.499555e-001
6.464327e+003,-1.648979e-001
6.468184e+003,-1.633458e-001
6.472041e+003,-1.568238e-001
6.475898e+003,-1.523610e-001
6.479755e+003,-1.509702e-001
6.483612e+003,-1.494198e-001
6.487469e+003,-1.428009e-001
6.491326e+003,-1.283707e-001
6.495183e+003,-1.073940e-001
6.499040e+003,-8.532462e-002
6.502897e+003,-7.040096e-002
6.506754e+003,-7.125241e-002
6.510611e+003,-9.415882e-002
6.514468e+003,-1.402472e-001
6.518325e+003,-2.042389e-001
6.522182e+003,-2.740461e-001
6.526039e+003,-3.318729e-001
6.529896e+003,-3.575686e-001
6.533753e+003,-3.336277e-001
6.537610e+003,-2.505661e-001
6.541467e+003,-1.108320e-001
6.545324e+003,6.745549e-002
6.549181e+003,2.626285e-001
6.553038e+003,4.482363e-001
6.556895e+003,6.020399e-001
6.560752e+003,7.115138e-001
6.564609e+003,7.757008e-001
6.568466e+003,8.028218e-001
6.572323e+003,8.048401e-001
6.576180e+003,7.930887e-001
6.580037e+003,7.710661e-001
6.583894e+003,7.357847e-001
6.587751e+003,6.808515e-001
6.591608e+003,6.009929e-001
6.595465e+003,4.958321e-001
6.599322e+003,3.710501e-001
6.603179e+003,2.363918e-001
6.607036e+003,1.085075e-001
6.610893e+003,-1.517641e-002
6.614750e+003,-1.360032e-001
6.618607e+003,-2.604266e-001
6.622464e+003,-3.964488e-001
6.626321e+003,-5.487798e-001
6.630178e+003,-7.146004e-001
6.634035e+003,-8.815503e-001
6.637892e+003,-1.030065e+000
6.641749e+003,-1.138498e+000
6.645606e+003,-1.182315e+000
6.649463e+003,-1.141505e+000
6.653320e+003,-1.004657e+000
6.657177e+003,-7.718345e-001
6.661034e+003,-4.560272e-001
6.664891e+003,-8.313289e-002
6.668748e+003,2.970271e-001
6.672605e+003,6.556064e-001
6.676462e+003,9.484094e-001
6.680319e+003,1.135284e+000
6.684176e+003,1.187317e+000
6.688033e+003,1.093356e+000
6.691890e+003,8.641889e-001
6.695747e+003,5.329112e-001
6.699604e+003,1.504589e-001
6.703461e+003,-2.215554e-001
6.707318e+003,-5.226817e-001
6.711175e+003,-7.045702e-001
6.715032e+003,-7.398422e-001
6.718889e+003,-6.266392e-001
6.722746e+003,-3.878422e-001
6.726603e+003,-6.526428e-002
6.730460e+003,2.987534e-001
6.734317e+003,6.431343e-001
6.738174e+003,9.251664e-001
6.742031e+003,1.119245e+000
6.745888e+003,1.218493e+000
6.749745e+003,1.231848e+000
6.753602e+003,1.178027e+000
6.757459e+003,1.078566e+000
6.761316e+003,9.472505e-001
6.765173e+003,7.995174e-001
6.769030e+003,6.435329e-001
6.772887e+003,4.845093e-001
6.776744e+003,3.282586e-001
6.780601e+003,1.836259e-001
6.784458e+003,6.251958e-002
6.788315e+003,-2.256782e-002
6.792172e+003,-6.639184e-002
6.796029e+003,-6.072622e-002
6.799886e+003,-1.161863e-002
6.803743e+003,6.767602e-002
6.807600e+003,1.606789e-001
6.811457e+003,2.524395e-001
6.815314e+003,3.329928e-001
6.819171e+003,3.980706e-001
6.823028e+003,4.471069e-001
6.826885e+003,4.789566e-001
6.830742e+003,4.888263e-001
6.834599e+003,4.675820e-001
6.838456e+003,4.044328e-001
6.842313e+003,2.922105e-001
6.846170e+003,1.330156e-001
6.850027e+003,-5.842515e-002
6.853884e+003,-2.560801e-001
6.857741e+003,-4.252270e-001
6.861598e+003,-5.340738e-001
6.865455e+003,-5.617863e-001
6.869312e+003,-5.045378e-001
6.873169e+003,-3.766800e-001
6.877026e+003,-2.067171e-001
6.880883e+003,-2.944930e-002
6.884740e+003,1.251960e-001
6.888597e+003,2.320212e-001
6.892454e+003,2.853034e-001
6.896311e+003,2.956306e-001
6.900167e+003,2.856525e-001
6.904025e+003,2.826878e-001
6.907882e+003,3.101140e-001
6.911739e+003,3.797072e-001
6.915596e+003,4.854263e-001
6.919453e+003,6.075645e-001
6.923310e+003,7.120135e-001
6.927167e+003,7.617359e-001
6.931024e+003,7.281444e-001
6.934881e+003,6.010543e-001
6.938738e+003,3.938920e-001
6.942595e+003,1.420738e-001
6.946452e+003,-1.125562e-001
6.950309e+003,-3.090284e-001
6.954166e+003,-4.094414e-001
6.958022e+003,-4.013354e-001
6.961880e+003,-3.009436e-001
6.965737e+003,-1.478899e-001
6.969594e+003,6.865256e-003
6.973451e+003,1.160102e-001
6.977308e+003,1.495035e-001
6.981165e+003,9.836500e-002
6.985021e+003,-1.373968e-002
6.988878e+003,-1.420656e-001
6.992736e+003,-2.347251e-001
6.996593e+003,-2.488142e-001
7.000450e+003,-1.641438e-001
7.004307e+003,9.503126e-003
7.008164e+003,2.395770e-001
7.012021e+003,4.634678e-001
7.015877e+003,6.212263e-001
7.019735e+003,6.711524e-001
7.023592e+003,6.031038e-001
7.027449e+003,4.411715e-001
7.031306e+003,2.346837e-001
7.035163e+003,4.104892e-002
7.039020e+003,-9.261948e-002
7.042876e+003,-1.444941e-001
7.046733e+003,-1.169597e-001
7.050591e+003,-3.103407e-002
7.054448e+003,8.531866e-002
7.058305e+003,2.076935e-001
7.062162e+003,3.199559e-001
7.066019e+003,4.123497e-001
7.069875e+003,4.731056e-001
7.073732e+003,4.975987e-001
7.077589e+003,4.730812e-001
7.081447e+003,3.901991e-001
7.085304e+003,2.503213e-001
7.089161e+003,6.976688e-002
7.093018e+003,-1.224525e-001
7.096875e+003,-2.932839e-001
7.100731e+003,-4.130156e-001
7.104588e+003,-4.779073e-001
7.108445e+003,-4.942625e-001
7.112303e+003,-4.780442e-001
7.116160e+003,-4.450538e-001
7.120017e+003,-4.025156e-001
7.123874e+003,-3.465718e-001
7.127730e+003,-2.669856e-001
7.131587e+003,-1.580674e-001
7.135444e+003,-2.205618e-002
7.139302e+003,1.244332e-001
7.143159e+003,2.561814e-001
7.147016e+003,3.494091e-001
7.150873e+003,3.921560e-001
7.154729e+003,3.896974e-001
7.158586e+003,3.621030e-001
7.162443e+003,3.360986e-001
7.166300e+003,3.300486e-001
7.170158e+003,3.492236e-001
7.174015e+003,3.837250e-001
7.177872e+003,4.142596e-001
7.181729e+003,4.217368e-001
7.185585e+003,3.958579e-001
7.189442e+003,3.387459e-001
7.193299e+003,2.633494e-001
7.197156e+003,1.843222e-001
7.201014e+003,1.143528e-001
7.204871e+003,6.043487e-002
7.208728e+003,2.538139e-002
7.212584e+003,1.206632e-002
7.216441e+003,2.700477e-002
7.220298e+003,8.025732e-002
7.224155e+003,1.798575e-001
7.228013e+003,3.275338e-001
7.231870e+003,5.111409e-001
7.235727e+003,7.046471e-001
7.239583e+003,8.738649e-001
7.243440e+003,9.866694e-001
7.247297e+003,1.023541e+000
7.251154e+003,9.838823e-001
7.255011e+003,8.854927e-001
7.258869e+003,7.571208e-001
7.262726e+003,6.279328e-001
7.266583e+003,5.186105e-001
7.270439e+003,4.371476e-001
7.274296e+003,3.805838e-001
7.278153e+003,3.409135e-001
7.282010e+003,3.116567e-001
7.285867e+003,2.915878e-001
7.289725e+003,2.845535e-001
7.293582e+003,2.951655e-001
7.297438e+003,3.238446e-001
7.301295e+003,3.637229e-001
7.305152e+003,4.012283e-001
7.309009e+003,4.201707e-001
7.312866e+003,4.074730e-001
7.316724e+003,3.580620e-001
7.320581e+003,2.769299e-001
7.324438e+003,1.781704e-001
7.328294e+003,8.120169e-002
7.332151e+003,6.024688e-003
7.336008e+003,-3.122625e-002
7.339865e+003,-2.171187e-002
7.343722e+003,3.385799e-002
7.347580e+003,1.241163e-001
7.351437e+003,2.276010e-001
7.355293e+003,3.152193e-001
7.359150e+003,3.557628e-001
7.363007e+003,3.236930e-001
7.366864e+003,2.076484e-001
7.370721e+003,1.690665e-002
7.374578e+003,-2.171205e-001
7.378436e+003,-4.470495e-001
7.382292e+003,-6.174737e-001
7.386149e+003,-6.833470e-001
7.390006e+003,-6.222570e-001
7.393863e+003,-4.417625e-001
7.397720e+003,-1.779830e-001
7.401577e+003,1.142709e-001
7.405434e+003,3.766061e-001
7.409292e+003,5.626529e-001
7.413148e+003,6.476377e-001
7.417005e+003,6.342818e-001
7.420862e+003,5.478206e-001
7.424719e+003,4.262351e-001
7.428576e+003,3.085775e-001
7.432433e+003,2.250171e-001
7.436291e+003,1.910051e-001
7.440147e+003,2.060950e-001
7.444004e+003,2.580118e-001
7.447861e+003,3.265022e-001
7.451718e+003,3.902879e-001
7.455575e+003,4.324380e-001
7.459432e+003,4.438521e-001
7.463289e+003,4.243539e-001
7.467146e+003,3.813958e-001
7.471003e+003,3.268261e-001
7.474860e+003,2.727869e-001
7.478717e+003,2.279153e-001
7.482574e+003,1.950437e-001
7.486431e+003,1.714242e-001
7.490288e+003,1.513714e-001
7.494145e+003,1.303070e-001
7.498002e+003,1.085260e-001
7.501859e+003,9.295516e-002
7.505716e+003,9.612799e-002
7.509573e+003,1.318512e-001
7.513430e+003,2.095820e-001
7.517287e+003,3.291814e-001
7.521144e+003,4.780796e-001
7.525001e+003,6.320611e-001
7.528858e+003,7.597237e-001
7.532715e+003,8.295548e-001
7.536572e+003,8.176955e-001
7.540429e+003,7.148473e-001
7.544286e+003,5.299205e-001
7.548143e+003,2.896975e-001
7.552000e+003,3.418903e-002
7.555857e+003,-1.916039e-001
7.559714e+003,-3.478642e-001
7.563571e+003,-4.096814e-001
7.567428e+003,-3.736319e-001
7.571285e+003,-2.590199e-001
7.575142e+003,-1.029417e-001
7.578999e+003,4.992959e-002
7.582856e+003,1.600058e-001
7.586713e+003,2.039577e-001
7.590570e+003,1.806828e-001
7.594427e+003,1.099993e-001
7.598284e+003,2.449348e-002
7.602141e+003,-4.232195e-002
7.605998e+003,-6.731813e-002
7.609855e+003,-4.435942e-002
7.613712e+003,1.582842e-002
7.617569e+003,9.182384e-002
7.621426e+003,1.606430e-001
7.625283e+003,2.059650e-001
7.629140e+003,2.218384e-001
7.632997e+003,2.122702e-001
7.636854e+003,1.866415e-001
7.640711e+003,1.546071e-001
7.644568e+003,1.229437e-001
7.648425e+003,9.540275e-002
7.652282e+003,7.464854e-002
7.656139e+003,6.391221e-002
7.659996e+003,6.741147e-002
7.663853e+003,8.699486e-002
7.667710e+003,1.186322e-001
7.671567e+003,1.504163e-001
7.675424e+003,1.645396e-001
7.679281e+003,1.435410e-001
7.683138e+003,7.854941e-002
7.686995e+003,-2.500901e-002
7.690852e+003,-1.449328e-001
7.694709e+003,-2.502424e-001
7.698566e+003,-3.121065e-001
7.702423e+003,-3.152879e-001
7.706280e+003,-2.641543e-001
7.710137e+003,-1.799379e-001
7.713994e+003,-9.000275e-002
7.717851e+003,-1.373152e-002
7.721708e+003,4.721145e-002
7.725565e+003,1.106947e-001
7.729422e+003,2.047056e-001
7.733279e+003,3.514030e-001
7.737136e+003,5.519593e-001
7.740993e+003,7.798625e-001
7.744850e+003,9.868149e-001
7.748707e+003,1.119641e+000
7.752564e+003,1.141258e+000
7.756421e+003,1.046397e+000
7.760278e+003,8.649791e-001
7.764135e+003,6.510255e-001
7.767992e+003,4.615826e-001
7.771849e+003,3.345554e-001
7.775706e+003,2.748934e-001
7.779563e+003,2.556905e-001
7.783420e+003,2.297813e-001
7.787277e+003,1.538066e-001
7.791134e+003,6.670868e-003
7.794991e+003,-2.007025e-001
7.798848e+003,-4.288527e-001
7.802705e+003,-6.243100e-001
7.806562e+003,-7.386424e-001
7.810419e+003,-7.449263e-001
7.814276e+003,-6.439091e-001
7.818133e+003,-4.598521e-001
7.821990e+003,-2.306795e-001
7.825847e+003,4.549634e-003
7.829704e+003,2.152622e-001
7.833561e+003,3.833830e-001
7.837418e+003,5.020068e-001
7.841275e+003,5.700957e-001
7.845132e+003,5.924159e-001
7.848989e+003,5.728020e-001
7.852846e+003,5.162159e-001
7.856703e+003,4.299257e-001
7.860560e+003,3.238943e-001
7.864417e+003,2.094447e-001
7.868274e+003,9.659100e-002
7.872131e+003,-8.411168e-003
7.875988e+003,-1.043453e-001
7.879845e+003,-1.927663e-001
7.883702e+003,-2.743997e-001
7.887559e+003,-3.450144e-001
7.891416e+003,-3.930066e-001
7.895273e+003,-4.002421e-001
7.899130e+003,-3.464417e-001
7.902987e+003,-2.166739e-001
7.906844e+003,-6.455958e-003
7.910701e+003,2.721215e-001
7.914558e+003,5.901498e-001
7.918415e+003,9.059852e-001
7.922272e+003,1.173332e+000
7.926129e+003,1.351421e+000
7.929986e+003,1.414675e+000
7.933843e+003,1.359181e+000
7.937700e+003,1.203991e+000
7.941557e+003,9.871020e-001
7.945414e+003,7.556118e-001
7.949271e+003,5.534782e-001
7.953128e+003,4.100382e-001
7.956985e+003,3.327667e-001
7.960842e+003,3.067095e-001
7.964699e+003,3.005494e-001
7.968556e+003,2.795059e-001
7.972413e+003,2.174602e-001
7.976270e+003,1.078985e-001
7.980127e+003,-3.259784e-002
7.983984e+003,-1.691566e-001
7.987841e+003,-2.602658e-001
7.991698e+003,-2.723607e-001
7.995555e+003,-1.921978e-001
7.999412e+003,-3.242102e-002
8.003269e+003,1.683812e-001
8.007126e+003,3.578412e-001
8.010983e+003,4.851817e-001
8.014840e+003,5.159420e-001
8.018697e+003,4.412964e-001
8.022554e+003,2.792062e-001
8.026411e+003,6.139466e-002
8.030268e+003,-1.602225e-001
8.034125e+003,-3.440475e-001
8.037982e+003,-4.647672e-001
8.041839e+003,-5.171633e-001
8.045696e+003,-5.129038e-001
8.049553e+003,-4.724900e-001
8.053410e+003,-4.160782e-001
8.057267e+003,-3.566974e-001
8.061124e+003,-2.983817e-001
8.064981e+003,-2.400727e-001
8.068838e+003,-1.803090e-001
8.072695e+003,-1.220277e-001
8.076552e+003,-7.370219e-002
8.080409e+003,-4.595467e-002
8.084266e+003,-4.522759e-002
8.088123e+003,-6.779587e-002
8.091980e+003,-9.749681e-002
8.095837e+003,-1.090368e-001
8.099694e+003,-7.668583e-002
8.103551e+003,1.559000e-002
8.107408e+003,1.666907e-001
8.111265e+003,3.569337e-001
8.115122e+003,5.533202e-001
8.118979e+003,7.186146e-001
8.122836e+003,8.247409e-001
8.126693e+003,8.558908e-001
8.130550e+003,8.111355e-001
8.134407e+003,7.011604e-001
8.138264e+003,5.429059e-001
8.142121e+003,3.551741e-001
8.145978e+003,1.570357e-001
8.149835e+003,-2.853280e-002
8.153692e+003,-1.832272e-001
8.157549e+003,-2.832021e-001
8.161406e+003,-3.061960e-001
8.165263e+003,-2.378469e-001
8.169120e+003,-7.820418e-002
8.172977e+003,1.545715e-001
8.176833e+003,4.254360e-001
8.180691e+003,6.859022e-001
8.184548e+003,8.949990e-001
8.188405e+003,1.016580e+000
8.192262e+003,1.030107e+000
8.196118e+003,9.339718e-001
8.199976e+003,7.448967e-001
8.203832e+003,4.942931e-001
8.207689e+003,2.227556e-001
8.211547e+003,-2.312289e-002
8.215403e+003,-2.092975e-001
8.219261e+003,-3.079612e-001
8.223117e+003,-3.065758e-001
8.226975e+003,-2.106038e-001
8.230831e+003,-4.253696e-002
8.234688e+003,1.632335e-001
8.238546e+003,3.687311e-001
8.242402e+003,5.399778e-001
8.246260e+003,6.592079e-001
8.250116e+003,7.214210e-001
8.253974e+003,7.334223e-001
8.257830e+003,7.077493e-001
8.261688e+003,6.561629e-001
8.265544e+003,5.856924e-001
8.269401e+003,4.987920e-001
8.273259e+003,3.975102e-001
8.277115e+003,2.864678e-001
8.280973e+003,1.769430e-001
8.284829e+003,8.522955e-002
8.288687e+003,2.770375e-002
8.292543e+003,1.451650e-002
8.296400e+003,4.513987e-002
8.300258e+003,1.082624e-001
8.304114e+003,1.858964e-001
8.307972e+003,2.623242e-001
8.311828e+003,3.294106e-001
8.315686e+003,3.895462e-001
8.319542e+003,4.528001e-001
8.323399e+003,5.297979e-001
8.327257e+003,6.236539e-001
8.331113e+003,7.249082e-001
8.334971e+003,8.121450e-001
8.338827e+003,8.588344e-001
8.342685e+003,8.431216e-001
8.346541e+003,7.573038e-001
8.350398e+003,6.125200e-001
8.354255e+003,4.365563e-001
8.358112e+003,2.653152e-001
8.361970e+003,1.310304e-001
8.365826e+003,5.119595e-002
8.369684e+003,2.436037e-002
8.373540e+003,3.026544e-002
8.377397e+003,3.867243e-002
8.381254e+003,2.137268e-002
8.385111e+003,-3.648249e-002
8.388969e+003,-1.298542e-001
8.392825e+003,-2.345698e-001
8.396683e+003,-3.155278e-001
8.400539e+003,-3.376076e-001
8.404396e+003,-2.807610e-001
8.408253e+003,-1.477219e-001
8.412110e+003,3.512096e-002
8.415968e+003,2.249832e-001
8.419824e+003,3.756674e-001
8.423682e+003,4.517635e-001
8.427538e+003,4.388685e-001
8.431396e+003,3.460949e-001
8.435252e+003,2.048326e-001
8.439109e+003,5.615306e-002
8.442966e+003,-6.167696e-002
8.446823e+003,-1.226250e-001
8.450681e+003,-1.164585e-001
8.454537e+003,-4.647280e-002
8.458395e+003,8.356792e-002
8.462251e+003,2.554635e-001
8.466108e+003,4.530787e-001
8.469965e+003,6.590618e-001
8.473822e+003,8.528193e-001
8.477680e+003,1.010067e+000
8.481536e+003,1.106061e+000
8.485394e+003,1.122147e+000
8.489250e+003,1.037270e+000
8.493107e+003,8.580446e-001
8.496964e+003,6.197946e-001
8.500821e+003,3.658207e-001
8.504679e+003,1.326444e-001
8.508535e+003,-6.046218e-002
8.512393e+003,-2.129821e-001
8.516249e+003,-3.360533e-001
8.520106e+003,-4.617333e-001
8.523963e+003,-5.670672e-001
8.527820e+003,-6.480778e-001
8.531677e+003,-6.987559e-001
8.535534e+003,-7.177573e-001
8.539392e+003,-7.088928e-001
8.543248e+003,-6.739401e-001
8.547105e+003,-6.033584e-001
8.550962e+003,-5.212589e-001
8.554819e+003,-3.752835e-001
8.558676e+003,-1.466547e-001
8.562533e+003,1.616962e-001
8.566391e+003,5.173760e-001
8.570247e+003,8.627160e-001
8.574104e+003,1.130677e+000
8.577961e+003,1.266430e+000
8.581818e+003,1.250188e+000
8.585675e+003,1.113852e+000
8.589532e+003,8.922538e-001
8.593389e+003,6.325679e-001
8.597246e+003,3.803921e-001
8.601104e+003,1.694201e-001
8.604960e+003,1.784204e-002
8.608817e+003,-6.890540e-002
8.612674e+003,-8.773842e-002
8.616531e+003,-5.066536e-002
8.620388e+003,3.866308e-002
8.624245e+003,1.740691e-001
8.628103e+003,3.429334e-001
8.631959e+003,5.238718e-001
8.635816e+003,6.882839e-001
8.639673e+003,8.061085e-001
8.643530e+003,8.542464e-001
8.647387e+003,8.245175e-001
8.651244e+003,7.246591e-001
8.655102e+003,5.778632e-001
8.658958e+003,4.167089e-001
8.662815e+003,2.744939e-001
8.666672e+003,1.768044e-001
8.670529e+003,1.358827e-001
8.674386e+003,1.466861e-001
8.678243e+003,1.963099e-001
8.682100e+003,2.652749e-001
8.685957e+003,3.346571e-001
8.689814e+003,3.910586e-001
8.693671e+003,4.287882e-001
8.697528e+003,4.487922e-001
8.701385e+003,4.550334e-001
8.705242e+003,4.485221e-001
8.709099e+003,4.295256e-001
8.712956e+003,3.901878e-001
8.716813e+003,3.196979e-001
8.720670e+003,2.094969e-001
8.724526e+003,5.909794e-002
8.728384e+003,-1.199845e-001
8.732241e+003,-3.042644e-001
8.736098e+003,-4.608302e-001
8.739955e+003,-5.630566e-001
8.743812e+003,-5.914315e-001
8.747669e+003,-5.424464e-001
8.751525e+003,-4.304340e-001
8.755383e+003,-2.839592e-001
8.759240e+003,-1.379369e-001
8.763097e+003,-2.414972e-002
8.766954e+003,3.752204e-002
8.770811e+003,4.179560e-002
8.774668e+003,-2.163336e-003
8.778524e+003,-7.473922e-002
8.782382e+003,-1.515725e-001
8.786238e+003,-2.090644e-001
8.790096e+003,-2.284712e-001
8.793953e+003,-1.983937e-001
8.797810e+003,-1.161263e-001
8.801667e+003,1.173001e-002
8.805523e+003,1.691471e-001
8.809381e+003,3.320037e-001
8.813237e+003,4.714722e-001
8.817095e+003,5.597323e-001
8.820952e+003,5.770888e-001
8.824809e+003,5.184005e-001
8.828666e+003,3.953215e-001
8.832522e+003,2.371769e-001
8.836380e+003,8.126871e-002
8.840236e+003,-3.802824e-002
8.844094e+003,-1.002904e-001
8.847951e+003,-1.056694e-001
8.851808e+003,-7.433015e-002
8.855665e+003,-3.856213e-002
8.859521e+003,-2.865823e-002
8.863379e+003,-6.610167e-002
8.867235e+003,-1.482890e-001
8.871093e+003,-2.503766e-001
8.874949e+003,-3.334124e-001
8.878807e+003,-3.578372e-001
8.882664e+003,-2.975000e-001
8.886521e+003,-1.493232e-001
8.890378e+003,6.781028e-002
8.894234e+003,3.080360e-001
8.898092e+003,5.194758e-001
8.901948e+003,6.557434e-001
8.905806e+003,6.875641e-001
8.909663e+003,6.089814e-001
8.913520e+003,4.370376e-001
8.917377e+003,2.058080e-001
8.921233e+003,-4.469833e-002
8.925091e+003,-2.728149e-001
8.928947e+003,-4.485365e-001
8.932805e+003,-5.563295e-001
8.936662e+003,-5.951066e-001
8.940519e+003,-5.745614e-001
8.944376e+003,-5.094395e-001
8.948232e+003,-4.137884e-001
8.952090e+003,-2.982363e-001
8.955946e+003,-1.662687e-001
8.959804e+003,-1.821391e-002
8.963660e+003,1.449856e-001
8.967518e+003,3.178549e-001
8.971375e+003,4.882675e-001
8.975231e+003,6.382513e-001
8.979089e+003,7.476881e-001
8.982945e+003,8.009905e-001
8.986803e+003,7.922843e-001
8.990659e+003,7.230262e-001
8.994517e+003,6.047271e-001
8.998374e+003,4.563316e-001
9.002230e+003,2.998073e-001
9.006088e+003,1.553374e-001
9.009944e+003,3.748206e-002
9.013802e+003,-5.112868e-002
9.017658e+003,-1.132002e-001
9.021516e+003,-1.531507e-001
9.025373e+003,-1.776040e-001
9.029229e+003,-1.932404e-001
9.033087e+003,-2.051064e-001
9.036943e+003,-2.156878e-001
9.040801e+003,-2.248711e-001
9.044657e+003,-2.334982e-001
9.048515e+003,-2.355391e-001
9.052371e+003,-2.295081e-001
9.056229e+003,-2.161596e-001
9.060086e+003,-1.987201e-001
9.063942e+003,-1.819858e-001
9.067800e+003,-1.704053e-001
9.071656e+003,-1.657345e-001
9.075514e+003,-1.674441e-001
9.079370e+003,-1.654696e-001
9.083228e+003,-1.472158e-001
9.087085e+003,-1.008732e-001
9.090941e+003,-2.037551e-002
9.094799e+003,9.065796e-002
9.098655e+003,2.177598e-001
9.102513e+003,3.381522e-001
9.106369e+003,4.252726e-001
9.110227e+003,4.559909e-001
9.114084e+003,4.206335e-001
9.117940e+003,3.253992e-001
9.121798e+003,1.905636e-001
9.125654e+003,4.415974e-002
9.129512e+003,-8.651912e-002
9.133368e+003,-1.824645e-001
9.137226e+003,-2.403380e-001
9.141082e+003,-2.605581e-001
9.144939e+003,-2.547458e-001
9.148797e+003,-2.349179e-001
9.152653e+003,-2.079772e-001
9.156511e+003,-1.734556e-001
9.160367e+003,-1.250615e-001
9.164225e+003,-5.493220e-002
9.168081e+003,4.158976e-002
9.171938e+003,1.624049e-001
9.175796e+003,2.978757e-001
9.179652e+003,4.328857e-001
9.183510e+003,5.505158e-001
9.187366e+003,6.359810e-001
9.191224e+003,6.796350e-001
9.195080e+003,6.784860e-001
9.198938e+003,6.343650e-001
9.202795e+003,5.589660e-001
9.206651e+003,4.653466e-001
9.210509e+003,3.683534e-001
9.214365e+003,2.822620e-001
9.218223e+003,2.183227e-001
9.222079e+003,1.826941e-001
9.225937e+003,1.754204e-001
9.229793e+003,1.751570e-001
9.233650e+003,1.880274e-001
9.237508e+003,2.064762e-001
9.241364e+003,2.249314e-001
9.245222e+003,2.412002e-001
9.249078e+003,2.563038e-001
9.252936e+003,2.727619e-001
9.256792e+003,2.920339e-001
9.260649e+003,2.813398e-001
9.264507e+003,2.763351e-001
9.268363e+003,2.733681e-001
9.272221e+003,2.673458e-001
9.276077e+003,2.529780e-001
9.279935e+003,2.261121e-001
9.283791e+003,1.847529e-001
9.287648e+003,1.294692e-001
9.291506e+003,4.323138e-002
9.295362e+003,-5.402897e-002
9.299220e+003,-1.510584e-001
9.303076e+003,-2.380707e-001
9.306934e+003,-3.081778e-001
9.310790e+003,-3.575610e-001
9.314647e+003,-3.846201e-001
9.318504e+003,-3.887410e-001
9.322361e+003,-3.518959e-001
9.326219e+003,-2.760878e-001
9.330075e+003,-1.648817e-001
9.333933e+003,-2.634028e-002
9.337789e+003,1.265509e-001
9.341646e+003,2.773130e-001
9.345503e+003,4.093677e-001
9.349360e+003,5.104743e-001
9.353218e+003,5.832303e-001
9.357074e+003,6.240431e-001
9.360932e+003,6.473371e-001
9.364788e+003,6.709281e-001
9.368646e+003,7.091354e-001
9.372502e+003,7.669480e-001
9.376359e+003,8.375455e-001
9.380216e+003,9.042469e-001
9.384073e+003,9.458190e-001
9.387931e+003,9.440789e-001
9.391787e+003,8.920990e-001
9.395645e+003,7.969531e-001
9.399501e+003,6.784146e-001
9.403358e+003,5.634598e-001
9.407215e+003,4.784904e-001
9.411072e+003,4.418647e-001
9.414930e+003,4.589779e-001
9.418786e+003,5.219643e-001
9.422644e+003,6.108030e-001
9.426500e+003,6.997523e-001
9.430357e+003,7.637783e-001
9.434214e+003,7.839484e-001
9.438071e+003,7.505447e-001
9.441929e+003,6.635486e-001
9.445785e+003,5.294310e-001
9.449643e+003,3.621293e-001
9.453499e+003,1.766993e-001
9.457356e+003,-1.252633e-002
9.461213e+003,-1.934590e-001
9.465070e+003,-3.565895e-001
9.468927e+003,-4.943762e-001
9.472784e+003,-6.001178e-001
9.476642e+003,-6.674179e-001
9.480498e+003,-6.872177e-001
9.484355e+003,-6.512502e-001
9.488212e+003,-5.526351e-001
9.492069e+003,-3.886239e-001
9.495926e+003,-1.637521e-001
9.499783e+003,1.076710e-001
9.503641e+003,4.009141e-001
9.507497e+003,6.838006e-001
9.511354e+003,9.188074e-001
9.515211e+003,1.073082e+000
9.519068e+003,1.124992e+000
9.522925e+003,1.069651e+000
9.526782e+003,9.206803e-001
9.530640e+003,7.074182e-001
9.534496e+003,4.682245e-001
9.538354e+003,2.417553e-001
9.542210e+003,5.933928e-002
9.546067e+003,-6.049914e-002
9.549924e+003,-1.130830e-001
9.553781e+003,-1.051264e-001
9.557638e+003,-5.028308e-002
9.561495e+003,3.530402e-002
9.565353e+003,1.359425e-001
9.569209e+003,2.373115e-001
9.573066e+003,3.265410e-001
9.576923e+003,3.917158e-001
9.580780e+003,4.228589e-001
9.584637e+003,4.140603e-001
9.588494e+003,3.659771e-001
9.592352e+003,2.872345e-001
9.596208e+003,1.934782e-001
9.600065e+003,1.040147e-001
9.603922e+003,3.569898e-002
9.607779e+003,-1.221633e-003
9.611636e+003,-6.120227e-003
9.615493e+003,1.269164e-002
9.619351e+003,4.189288e-002
9.623207e+003,6.877093e-002
9.627064e+003,8.623935e-002
9.630921e+003,9.516445e-002
9.634778e+003,1.035334e-001
9.638635e+003,1.222410e-001
9.642492e+003,1.600549e-001
9.646349e+003,2.194585e-001
9.650206e+003,2.950406e-001
9.654063e+003,3.748972e-001
9.657920e+003,4.443092e-001
9.661777e+003,4.902955e-001
9.665634e+003,5.051031e-001
9.669491e+003,4.876830e-001
9.673348e+003,4.435067e-001
9.677205e+003,3.828693e-001
9.681063e+003,3.187018e-001
9.684919e+003,2.646170e-001
9.688776e+003,2.334072e-001
9.692633e+003,2.356951e-001
9.696490e+003,2.781662e-001
9.700347e+003,3.625492e-001
9.704204e+003,4.834211e-001
9.708062e+003,6.271698e-001
9.711918e+003,7.727678e-001
9.715775e+003,8.949955e-001
9.719632e+003,9.699132e-001
9.723489e+003,9.808730e-001
9.727346e+003,9.259796e-001
9.731203e+003,8.179799e-001
9.735060e+003,6.832029e-001
9.738917e+003,5.551891e-001
9.742774e+003,4.654797e-001
9.746631e+003,4.343614e-001
9.750488e+003,4.646748e-001
9.754345e+003,5.405265e-001
9.758202e+003,6.338282e-001
9.762059e+003,7.124022e-001
9.765916e+003,7.506204e-001
9.769773e+003,7.372806e-001
9.773630e+003,6.782188e-001
9.777487e+003,5.928294e-001
9.781344e+003,5.059566e-001
9.785201e+003,4.388444e-001
9.789058e+003,4.002885e-001
9.792915e+003,3.863540e-001
9.796772e+003,3.830670e-001
9.800629e+003,3.734653e-001
9.804486e+003,3.452500e-001
9.808343e+003,2.957454e-001
9.812200e+003,2.321392e-001
9.816057e+003,1.674314e-001
9.819914e+003,1.128224e-001
9.823771e+003,7.279718e-002
9.827628e+003,4.261682e-002
9.831485e+003,1.069571e-002
9.835342e+003,-3.547804e-002
9.839199e+003,-1.026217e-001
9.843056e+003,-1.873212e-001
9.846913e+003,-2.758519e-001
9.850770e+003,-3.503628e-001
9.854627e+003,-3.950338e-001
9.858484e+003,-4.033016e-001
9.862341e+003,-3.810531e-001
9.866198e+003,-3.446171e-001
9.870055e+003,-3.141896e-001
9.873912e+003,-3.053379e-001
9.877769e+003,-3.220751e-001
9.881626e+003,-3.544280e-001
9.885483e+003,-3.816311e-001
9.889340e+003,-3.794867e-001
9.893197e+003,-3.291530e-001
9.897054e+003,-2.238701e-001
9.900911e+003,-7.108176e-002
9.904768e+003,1.106593e-001
9.908625e+003,2.987394e-001
9.912481e+003,4.733061e-001
9.916339e+003,6.233072e-001
9.920196e+003,7.473023e-001
9.924053e+003,8.501928e-001
9.927910e+003,9.374629e-001
9.931767e+003,1.009756e+000
9.935624e+003,1.060338e+000
9.939480e+003,1.076511e+000
9.943338e+003,1.044685e+000
9.947195e+003,9.571766e-001
9.951052e+003,8.169717e-001
9.954909e+003,6.391200e-001
9.958766e+003,4.479182e-001
9.962623e+003,2.709521e-001
9.966479e+003,1.322455e-001
9.970337e+003,4.642079e-002
9.974193e+003,1.855922e-002
9.978051e+003,4.240983e-002
9.981908e+003,1.046945e-001
9.985765e+003,1.889139e-001
9.989622e+003,2.782307e-001
9.993479e+003,3.569254e-001
9.997336e+003,4.109161e-001
1.000119e+004,4.282173e-001
1.000505e+004,4.005876e-001
1.000891e+004,3.265289e-001
1.001276e+004,2.135818e-001
1.001662e+004,7.925253e-002
1.002048e+004,-5.087448e-002
1.002433e+004,-1.480358e-001
1.002819e+004,-1.870709e-001
1.003205e+004,-1.527427e-001
1.003591e+004,-4.406488e-002
1.003976e+004,1.247591e-001
1.004362e+004,3.282810e-001
1.004748e+004,5.359935e-001
1.005133e+004,7.190465e-001
1.005519e+004,8.556096e-001
1.005905e+004,9.338368e-001
1.006290e+004,9.525052e-001
1.006676e+004,9.192999e-001
1.007062e+004,8.495506e-001
1.007448e+004,7.629493e-001
1.007833e+004,6.800822e-001
1.008219e+004,6.183643e-001
1.008605e+004,5.878634e-001
1.008990e+004,5.881685e-001
1.009376e+004,6.079029e-001
1.009762e+004,6.274232e-001
1.010147e+004,6.254940e-001
1.010533e+004,5.873073e-001
1.010919e+004,5.110582e-001
1.011305e+004,4.100507e-001
1.011690e+004,3.088089e-001
1.012076e+004,2.340980e-001
1.012462e+004,2.040749e-001
1.012847e+004,2.201286e-001
1.013233e+004,2.645035e-001
1.013619e+004,3.057442e-001
1.014004e+004,3.097035e-001
1.014390e+004,2.520053e-001
1.014776e+004,1.271662e-001
1.015162e+004,-4.899138e-002
1.015547e+004,-2.445428e-001
1.015933e+004,-4.202918e-001
1.016319e+004,-5.418221e-001
1.016704e+004,-5.874868e-001
1.017090e+004,-5.517688e-001
1.017476e+004,-4.438451e-001
1.017861e+004,-2.832000e-001
1.018247e+004,-9.460321e-002
1.018633e+004,9.629330e-002
1.019019e+004,2.649922e-001
1.019404e+004,3.915747e-001
1.019790e+004,4.632946e-001
1.020176e+004,4.775962e-001
1.020561e+004,4.441325e-001
1.020947e+004,3.841479e-001
1.021333e+004,3.261975e-001
1.021718e+004,2.986950e-001
1.022104e+004,3.215444e-001
1.022490e+004,3.995513e-001
1.022876e+004,5.205348e-001
1.023261e+004,6.588126e-001
1.023647e+004,7.827481e-001
1.024033e+004,8.634908e-001
1.024418e+004,8.818620e-001
1.024804e+004,8.310192e-001
1.025190e+004,7.169347e-001
1.025575e+004,5.544264e-001
1.025961e+004,3.637594e-001
1.026347e+004,1.677921e-001
1.026733e+004,-1.010005e-002
1.027118e+004,-1.482270e-001
1.027504e+004,-2.297414e-001
1.027890e+004,-2.465370e-001
1.028275e+004,-2.021928e-001
1.028661e+004,-1.134806e-001
1.029047e+004,-6.225139e-003
1.029432e+004,9.214276e-002
1.029818e+004,1.613375e-001
1.030204e+004,1.946347e-001
1.030590e+004,1.999240e-001
1.030975e+004,1.951815e-001
1.031361e+004,1.974618e-001
1.031747e+004,2.157412e-001
1.032132e+004,2.454705e-001
1.032518e+004,2.707144e-001
1.032904e+004,2.721695e-001
1.033289e+004,2.372178e-001
1.033675e+004,1.671670e-001
1.034061e+004,7.808806e-002
1.034447e+004,-4.034356e-003
1.034832e+004,-5.346392e-002
1.035218e+004,-5.376796e-002
1.035604e+004,-1.976117e-003
1.035989e+004,9.341109e-002
1.036375e+004,2.186504e-001
1.036761e+004,3.612936e-001
1.037146e+004,5.184579e-001
1.037532e+004,6.788170e-001
1.037918e+004,8.339301e-001
1.038304e+004,9.687626e-001
1.038689e+004,1.061545e+000
1.039075e+004,1.089291e+000
1.039461e+004,1.036949e+000
1.039846e+004,9.057828e-001
1.040232e+004,6.949028e-001
1.040618e+004,4.599954e-001
1.041003e+004,2.495108e-001
1.041389e+004,1.013549e-001
1.041775e+004,3.188140e-002
1.042161e+004,3.361638e-002
1.042546e+004,8.163860e-002
1.042932e+004,1.447328e-001
1.043318e+004,1.866514e-001
1.043703e+004,1.958571e-001
1.044089e+004,1.658292e-001
1.044475e+004,1.022386e-001
1.044860e+004,1.747946e-002
1.045246e+004,-7.360575e-002
1.045632e+004,-1.562360e-001
1.046018e+004,-2.175430e-001
1.046403e+004,-2.467303e-001
1.046789e+004,-2.487458e-001
1.047175e+004,-2.259982e-001
1.047560e+004,-1.839447e-001
1.047946e+004,-1.283731e-001
1.048332e+004,-6.351964e-002
1.048717e+004,7.427789e-003
1.049103e+004,7.969651e-002
1.049489e+004,1.288758e-001
1.049875e+004,1.620782e-001
1.050260e+004,1.701001e-001
1.050646e+004,1.492482e-001
1.051032e+004,1.063263e-001
1.051417e+004,5.973767e-002
1.051803e+004,3.491068e-002
1.052189e+004,5.507939e-002
1.052574e+004,1.245100e-001
1.052960e+004,2.411870e-001
1.053346e+004,3.831344e-001
1.053732e+004,5.200168e-001
1.054117e+004,6.241587e-001
1.054503e+004,6.806672e-001
1.054889e+004,6.923833e-001
1.055274e+004,6.776712e-001
1.055660e+004,6.618389e-001
1.056046e+004,6.669427e-001
1.056431e+004,7.038362e-001
1.056817e+004,7.697945e-001
1.057203e+004,8.509315e-001
1.057589e+004,9.280822e-001
1.057974e+004,9.831887e-001
1.058360e+004,1.003658e+000
1.058746e+004,9.831782e-001
1.059131e+004,9.234725e-001
1.059517e+004,8.288398e-001
1.059903e+004,7.068810e-001
1.060288e+004,5.687729e-001
1.060674e+004,4.295960e-001
1.061060e+004,3.072964e-001
1.061446e+004,2.194433e-001
1.061831e+004,1.779936e-001
1.062217e+004,1.841660e-001
1.062603e+004,2.283711e-001
1.062988e+004,2.909347e-001
1.063374e+004,3.475929e-001
1.063760e+004,3.770638e-001
1.064145e+004,3.678644e-001
1.064531e+004,3.217030e-001
1.064917e+004,2.515665e-001
1.065303e+004,1.768739e-001
1.065688e+004,1.155654e-001
1.066074e+004,7.988629e-002
1.066460e+004,7.403247e-002
1.066845e+004,9.524993e-002
1.067231e+004,1.374003e-001
1.067617e+004,1.950172e-001
1.068002e+004,2.474156e-001
1.068388e+004,3.143023e-001
1.068774e+004,3.990454e-001
1.069160e+004,5.025142e-001
1.069545e+004,6.205378e-001
1.069931e+004,7.429804e-001
1.070317e+004,8.549436e-001
1.070702e+004,9.398081e-001
1.071088e+004,9.876171e-001
1.071474e+004,9.962392e-001
1.071859e+004,9.634161e-001
1.072245e+004,8.930628e-001
1.072631e+004,7.942563e-001
1.073017e+004,6.792223e-001
1.073402e+004,5.608867e-001
1.073788e+004,4.505937e-001
1.074174e+004,3.342984e-001
1.074559e+004,2.409755e-001
1.074945e+004,1.714350e-001
1.075331e+004,1.227303e-001
1.075716e+004,9.017310e-002
1.076102e+004,6.940496e-002
1.076488e+004,5.804111e-002
1.076874e+004,5.657063e-002
1.077259e+004,6.416924e-002
1.077645e+004,9.685328e-002
1.078031e+004,1.610997e-001
1.078416e+004,2.600731e-001
1.078802e+004,3.910599e-001
1.079188e+004,5.440416e-001
1.079573e+004,7.020330e-001
1.079959e+004,8.434212e-001
1.080345e+004,9.465082e-001
1.080731e+004,9.886116e-001
1.081116e+004,9.602541e-001
1.081502e+004,8.650708e-001
1.081888e+004,7.199848e-001
1.082273e+004,5.521602e-001
1.082659e+004,3.933503e-001
1.083045e+004,2.729862e-001
1.083430e+004,2.095578e-001
1.083816e+004,2.144726e-001
1.084202e+004,2.799380e-001
1.084588e+004,3.848359e-001
1.084973e+004,4.999032e-001
1.085359e+004,5.946421e-001
1.085745e+004,6.442941e-001
1.086130e+004,6.352673e-001
1.086516e+004,5.653182e-001
1.086902e+004,4.495969e-001
1.087287e+004,3.120733e-001
1.087673e+004,1.803146e-001
1.088059e+004,7.856495e-002
1.088445e+004,2.202238e-002
1.088830e+004,1.380163e-002
1.089216e+004,4.530646e-002
1.089602e+004,1.013870e-001
1.089987e+004,1.603724e-001
1.090373e+004,2.029312e-001
1.090759e+004,2.168095e-001
1.091144e+004,1.981214e-001
1.091530e+004,1.497504e-001
1.091916e+004,7.822055e-002
1.092301e+004,-9.060644e-003
1.092687e+004,-1.379987e-001
1.093073e+004,-2.611984e-001
1.093459e+004,-3.535433e-001
1.093844e+004,-3.876907e-001
1.094230e+004,-3.413880e-001
1.094616e+004,-2.083120e-001
1.095001e+004,-7.116415e-003
1.095387e+004,2.177821e-001
1.095773e+004,4.123581e-001
1.096158e+004,4.984940e-001
1.096544e+004,4.471155e-001
1.096930e+004,2.787122e-001
1.097316e+004,5.419344e-002
1.097701e+004,-1.530756e-001
1.098087e+004,-2.893733e-001
1.098473e+004,-3.396250e-001
1.098858e+004,-3.099438e-001
1.099244e+004,-2.728451e-001
1.099630e+004,-2.441612e-001
1.100016e+004,-2.236164e-001
1.100401e+004,-1.951905e-001
1.100787e+004,-1.351309e-001
1.101173e+004,-2.375212e-002
1.101558e+004,1.444176e-001
1.101944e+004,3.414682e-001
1.102330e+004,5.548407e-001
1.102715e+004,7.554421e-001
1.103101e+004,9.173745e-001
1.103487e+004,1.024026e+000
1.103872e+004,1.069818e+000
1.104258e+004,1.058001e+000
1.104644e+004,9.966090e-001
1.105030e+004,8.961356e-001
1.105415e+004,7.661307e-001
1.105801e+004,6.166811e-001
1.106187e+004,4.599653e-001
1.106572e+004,3.101858e-001
1.106958e+004,1.814038e-001
1.107344e+004,8.395549e-002
1.107729e+004,2.127429e-002
1.108115e+004,-1.087830e-002
1.108501e+004,-2.255277e-002
1.108887e+004,-2.426840e-002
1.109272e+004,-2.253785e-002
1.109658e+004,-1.721758e-002
1.110044e+004,-2.345853e-003
1.110429e+004,2.996414e-002
1.110815e+004,8.455332e-002
1.111201e+004,1.596144e-001
1.111587e+004,2.465900e-001
1.111972e+004,3.328744e-001
1.112358e+004,4.064765e-001
1.112744e+004,4.599876e-001
1.113129e+004,4.921235e-001
1.113515e+004,5.064821e-001
1.113901e+004,5.087097e-001
1.114286e+004,5.040044e-001
1.114672e+004,4.964691e-001
1.115058e+004,4.904010e-001
1.115443e+004,4.922225e-001
1.115829e+004,5.111098e-001
1.116215e+004,5.569737e-001
1.116601e+004,6.360340e-001
1.116986e+004,7.458899e-001
1.117372e+004,8.729006e-001
1.117758e+004,9.932730e-001
1.118143e+004,1.079383e+000
1.118529e+004,1.108141e+000
1.118915e+004,1.068697e+000
1.119300e+004,9.662602e-001
1.119686e+004,8.205674e-001
1.120072e+004,6.597619e-001
1.120458e+004,5.120662e-001
1.120843e+004,3.993791e-001
1.121229e+004,3.326680e-001
1.121615e+004,3.118159e-001
1.122000e+004,3.276983e-001
1.122386e+004,3.649961e-001
1.122772e+004,4.046275e-001
1.123158e+004,4.258374e-001
1.123543e+004,4.087042e-001
1.123929e+004,3.383665e-001
1.124315e+004,2.097289e-001
1.124700e+004,3.170894e-002
1.125086e+004,-1.717432e-001
1.125472e+004,-3.655282e-001
1.125857e+004,-5.119932e-001
1.126243e+004,-5.817122e-001
1.126629e+004,-5.624300e-001
1.127014e+004,-4.624952e-001
1.127400e+004,-3.073469e-001
1.127786e+004,-1.301808e-001
1.128172e+004,3.899166e-002
1.128557e+004,1.813611e-001
1.128943e+004,2.913490e-001
1.129329e+004,3.725761e-001
1.129714e+004,4.306175e-001
1.130100e+004,4.667487e-001
1.130486e+004,4.761555e-001
1.130871e+004,4.513298e-001
1.131257e+004,3.885835e-001
1.131643e+004,2.937970e-001
1.132029e+004,1.838855e-001
1.132414e+004,8.271785e-002
1.132800e+004,1.314632e-002
1.133186e+004,-1.113648e-002
1.133571e+004,9.880386e-003
1.133957e+004,6.364580e-002
1.134343e+004,1.309705e-001
1.134729e+004,1.936882e-001
1.135114e+004,2.404120e-001
1.135500e+004,2.680610e-001
1.135886e+004,2.792956e-001
1.136271e+004,2.777967e-001
1.136657e+004,2.649887e-001
1.137043e+004,2.395400e-001
1.137428e+004,1.999478e-001
1.137814e+004,1.481897e-001
1.138200e+004,9.183133e-002
1.138585e+004,4.291340e-002
1.138971e+004,1.395696e-002
1.139357e+004,1.276307e-002
1.139743e+004,3.930990e-002
1.140128e+004,8.596151e-002
1.140514e+004,1.410106e-001
1.140900e+004,1.934827e-001
1.141285e+004,2.365465e-001
1.141671e+004,2.678379e-001
1.142057e+004,2.869547e-001
1.142442e+004,2.922107e-001
1.142828e+004,2.797224e-001
1.143214e+004,2.456704e-001
1.143600e+004,1.915326e-001
1.143985e+004,1.292579e-001
1.144371e+004,8.276437e-002
1.144757e+004,8.343095e-002
1.145142e+004,1.607080e-001
1.145528e+004,3.288562e-001
1.145914e+004,5.781850e-001
1.146300e+004,8.735720e-001
1.146685e+004,1.162039e+000
1.147071e+004,1.387155e+000
1.147457e+004,1.505099e+000
1.147842e+004,1.496526e+000
1.148228e+004,1.368909e+000
1.148614e+004,1.154092e+000
1.148999e+004,8.959115e-001
1.149385e+004,6.371416e-001
1.149771e+004,4.098862e-001
1.150156e+004,2.317042e-001
1.150542e+004,1.071516e-001
1.150928e+004,3.231168e-002
1.151314e+004,-1.976892e-003
1.151699e+004,-2.927825e-003
1.152085e+004,1.934110e-002
1.152471e+004,5.331195e-002
1.152856e+004,8.623236e-002
1.153242e+004,1.058430e-001
1.153628e+004,1.032865e-001
1.154013e+004,7.582082e-002
1.154399e+004,2.732994e-002
1.154785e+004,-3.144083e-002
1.155171e+004,-8.792258e-002
1.155556e+004,-1.310844e-001
1.155942e+004,-1.541067e-001
1.156328e+004,-1.548606e-001
1.156713e+004,-1.344132e-001
1.157099e+004,-9.475855e-002
1.157485e+004,-3.663348e-002
1.157871e+004,3.850815e-002
1.158256e+004,1.282603e-001
1.158642e+004,2.264614e-001
1.159028e+004,3.217451e-001
1.159413e+004,3.982239e-001
1.159799e+004,4.385845e-001
1.160185e+004,4.288305e-001
1.160570e+004,3.631472e-001
1.160956e+004,2.471402e-001
1.161342e+004,9.825630e-002
1.161727e+004,-5.703099e-002
1.162113e+004,-1.887112e-001
1.162499e+004,-2.700447e-001
1.162885e+004,-2.839551e-001
1.163270e+004,-2.273262e-001
1.163656e+004,-1.123996e-001
1.164042e+004,3.666495e-002
1.164427e+004,1.891496e-001
1.164813e+004,3.147195e-001
1.165199e+004,3.903038e-001
1.165584e+004,4.050101e-001
1.165970e+004,3.618803e-001
1.166356e+004,2.762254e-001
1.166742e+004,1.717707e-001
1.167127e+004,7.289514e-002
1.167513e+004,1.330496e-003
1.167899e+004,-2.788151e-002
1.168284e+004,-7.817503e-003
1.168670e+004,6.092934e-002
1.169056e+004,1.721591e-001
1.169441e+004,3.163298e-001
1.169827e+004,4.794840e-001
1.170213e+004,6.527865e-001
1.170599e+004,8.245955e-001
1.170984e+004,9.825755e-001
1.171370e+004,1.113766e+000
1.171756e+004,1.205466e+000
1.172141e+004,1.247071e+000
1.172527e+004,1.232494e+000
1.172913e+004,1.163030e+000
1.173298e+004,1.047353e+000
1.173684e+004,9.000598e-001
1.174070e+004,7.393858e-001
1.174456e+004,5.829185e-001
1.174841e+004,4.433157e-001
1.175227e+004,3.256309e-001
1.175613e+004,2.274075e-001
1.175998e+004,1.421747e-001
1.176384e+004,6.230225e-002
1.176770e+004,-1.418660e-002
1.177155e+004,-8.244818e-002
1.177541e+004,-1.320753e-001
1.177927e+004,-1.514321e-001
1.178313e+004,-1.332933e-001
1.178698e+004,-7.924128e-002
1.179084e+004,-1.615334e-003
1.179470e+004,8.287487e-002
1.179855e+004,1.560720e-001
1.180241e+004,2.056089e-001
1.180627e+004,2.290154e-001
1.181012e+004,2.337433e-001
1.181398e+004,2.331018e-001
1.181784e+004,2.399393e-001
1.182170e+004,2.619200e-001
1.182555e+004,2.956103e-001
1.182941e+004,3.313759e-001
1.183327e+004,3.568925e-001
1.183712e+004,3.626371e-001
1.184098e+004,3.458313e-001
1.184484e+004,3.111932e-001
1.184869e+004,2.684349e-001
1.185255e+004,2.279498e-001
1.185641e+004,1.956410e-001
1.186027e+004,1.733734e-001
1.186412e+004,1.588212e-001
1.186798e+004,1.480014e-001
1.187184e+004,1.380647e-001
1.187569e+004,1.288477e-001
1.187955e+004,1.225162e-001
1.188341e+004,1.191176e-001
1.188726e+004,1.226597e-001
1.189112e+004,1.317259e-001
1.189498e+004,1.425181e-001
1.189883e+004,1.505276e-001
1.190269e+004,1.525102e-001
1.190655e+004,1.476603e-001
1.191041e+004,1.373789e-001
1.191426e+004,1.247687e-001
1.191812e+004,1.104842e-001
1.192198e+004,9.367627e-002
1.192583e+004,7.235488e-002
1.192969e+004,4.526886e-002
1.193355e+004,1.408578e-002
1.193741e+004,-1.536067e-002
1.194126e+004,-3.363052e-002
1.194512e+004,-2.971525e-002
1.194898e+004,4.722729e-003
1.195283e+004,7.278094e-002
1.195669e+004,1.708536e-001
1.196055e+004,2.894753e-001
1.196440e+004,4.159674e-001
1.196826e+004,5.377210e-001
1.197212e+004,6.447977e-001
1.197598e+004,7.362310e-001
1.197983e+004,8.012750e-001
1.198369e+004,8.383288e-001
1.198755e+004,8.467643e-001
1.199140e+004,8.265944e-001
1.199526e+004,7.790836e-001
1.199912e+004,7.076798e-001
1.200297e+004,6.184099e-001
1.200683e+004,5.127710e-001
1.201069e+004,4.042436e-001
1.201454e+004,3.008286e-001
1.201840e+004,2.082524e-001
1.202226e+004,1.304953e-001
1.202612e+004,7.133098e-002
1.202997e+004,3.566916e-002
1.203383e+004,2.937440e-002
1.203769e+004,5.365431e-002
1.204154e+004,1.127102e-001
1.204540e+004,1.973375e-001
1.204926e+004,2.894829e-001
1.205312e+004,3.661863e-001
1.205697e+004,4.070418e-001
1.206083e+004,4.024505e-001
1.206469e+004,3.589759e-001
1.206854e+004,2.963014e-001
1.207240e+004,2.487587e-001
1.207626e+004,2.448634e-001
1.208011e+004,2.979457e-001
1.208397e+004,3.993959e-001
1.208783e+004,5.202717e-001
1.209169e+004,6.210046e-001
1.209554e+004,6.655236e-001
1.209940e+004,6.334205e-001
1.210326e+004,5.282993e-001
1.210711e+004,3.758459e-001
1.211097e+004,2.139236e-001
1.211483e+004,7.930105e-002
1.211868e+004,-3.782689e-003
1.212254e+004,-2.918434e-002
1.212640e+004,-7.383082e-003
1.213025e+004,4.183024e-002
1.213411e+004,9.548719e-002
1.213797e+004,1.357344e-001
1.214183e+004,1.523171e-001
1.214568e+004,1.417862e-001
1.214954e+004,1.051054e-001
1.215340e+004,4.584267e-002
1.215725e+004,-2.992581e-002
1.216111e+004,-1.139049e-001
1.216497e+004,-1.902482e-001
1.216883e+004,-2.411332e-001
1.217268e+004,-2.495085e-001
1.217654e+004,-2.045666e-001
1.218040e+004,-1.064571e-001
1.218425e+004,3.207753e-002
1.218811e+004,1.883151e-001
1.219197e+004,3.370195e-001
1.219582e+004,4.539745e-001
1.219968e+004,5.257227e-001
1.220354e+004,5.508711e-001
1.220740e+004,5.379563e-001
1.221125e+004,5.002774e-001
1.221511e+004,4.502251e-001
1.221897e+004,3.956430e-001
1.222282e+004,3.405132e-001
1.222668e+004,2.849017e-001
1.223054e+004,2.315270e-001
1.223439e+004,1.873382e-001
1.223825e+004,1.627384e-001
1.224211e+004,1.673678e-001
1.224596e+004,2.041383e-001
1.224982e+004,2.644652e-001
1.225368e+004,3.283873e-001
1.225754e+004,3.654592e-001
1.226139e+004,3.490393e-001
1.226525e+004,2.658587e-001
1.226911e+004,1.239174e-001
1.227296e+004,-4.669800e-002
1.227682e+004,-2.014450e-001
1.228068e+004,-2.953565e-001
1.228454e+004,-2.988092e-001
1.228839e+004,-2.052539e-001
1.229225e+004,-4.016365e-002
1.229611e+004,1.504759e-001
1.229996e+004,3.165792e-001
1.230382e+004,4.214338e-001
1.230768e+004,4.532641e-001
1.231153e+004,4.264802e-001
1.231539e+004,3.717802e-001
1.231925e+004,3.237534e-001
1.232311e+004,3.045755e-001
1.232696e+004,3.157676e-001
1.233082e+004,3.402387e-001
1.233468e+004,3.523232e-001
1.233853e+004,3.303903e-001
1.234239e+004,2.660362e-001
1.234625e+004,1.630676e-001
1.235010e+004,4.150287e-002
1.235396e+004,-7.811993e-002
1.235782e+004,-1.803972e-001
1.236167e+004,-2.580287e-001
1.236553e+004,-3.098727e-001
1.236939e+004,-3.365421e-001
1.237325e+004,-3.369890e-001
1.237710e+004,-3.082801e-001
1.238096e+004,-2.488845e-001
1.238482e+004,-1.616538e-001
1.238867e+004,-5.579174e-002
1.239253e+004,5.491986e-002
1.239639e+004,1.565987e-001
1.240025e+004,2.399695e-001
1.240410e+004,3.026429e-001
1.240796e+004,3.473235e-001
1.241182e+004,3.796602e-001
1.241567e+004,4.013134e-001
1.241953e+004,4.092778e-001
1.242339e+004,3.974388e-001
1.242724e+004,3.607764e-001
1.243110e+004,3.000179e-001
1.243496e+004,2.242821e-001
1.243881e+004,1.512909e-001
1.244267e+004,9.834998e-002
1.244653e+004,8.256897e-002
1.245039e+004,1.141763e-001
1.245424e+004,1.933916e-001
1.245810e+004,3.097841e-001
1.246196e+004,4.439740e-001
1.246581e+004,5.711257e-001
1.246967e+004,6.639175e-001
1.247353e+004,7.050605e-001
1.247738e+004,6.830248e-001
1.248124e+004,5.986626e-001
1.248510e+004,4.665922e-001
1.248896e+004,3.132906e-001
1.249281e+004,1.716615e-001
1.249667e+004,7.309265e-002
1.250053e+004,3.806760e-002
1.250438e+004,7.168908e-002
1.250824e+004,1.633787e-001
1.251210e+004,2.894996e-001
1.251596e+004,4.202776e-001
1.251981e+004,5.278729e-001
1.252367e+004,5.928595e-001
1.252753e+004,6.071690e-001
1.253138e+004,5.727481e-001
1.253524e+004,4.998426e-001
1.253910e+004,3.990358e-001
1.254295e+004,2.794765e-001
1.254681e+004,1.479048e-001
1.255067e+004,9.839118e-003
1.255452e+004,-1.281491e-001
1.255838e+004,-2.565323e-001
1.256224e+004,-3.619224e-001
1.256610e+004,-4.310259e-001
1.256995e+004,-4.511945e-001
1.257381e+004,-4.152002e-001
1.257767e+004,-3.245249e-001
1.258152e+004,-1.908811e-001
1.258538e+004,-3.519301e-002
1.258924e+004,1.161158e-001
1.259309e+004,2.363501e-001
1.259695e+004,3.069585e-001
1.260081e+004,3.205046e-001
1.260467e+004,2.835662e-001
1.260852e+004,2.148699e-001
1.261238e+004,1.395492e-001
1.261624e+004,8.116227e-002
1.262009e+004,5.413895e-002
1.262395e+004,5.944976e-002
1.262781e+004,8.515525e-002
1.263167e+004,1.119100e-001
1.263552e+004,1.212015e-001
1.263938e+004,1.031912e-001
1.264324e+004,6.105082e-002
1.264709e+004,1.012971e-002
1.265095e+004,-2.755097e-002
1.265481e+004,-3.132194e-002
1.265866e+004,1.227027e-002
1.266252e+004,1.045892e-001
1.266638e+004,2.362125e-001
1.267023e+004,3.910097e-001
1.267409e+004,5.511268e-001
1.267795e+004,7.005763e-001
1.268181e+004,8.263049e-001
1.268566e+004,9.175484e-001
1.268952e+004,9.628232e-001
1.269338e+004,9.524146e-001
1.269723e+004,8.798930e-001
1.270109e+004,7.458125e-001
1.270495e+004,5.607675e-001
1.270880e+004,3.457208e-001
1.271266e+004,1.286259e-001
1.271652e+004,-6.378292e-002
1.272038e+004,-2.055112e-001
1.272423e+004,-2.848868e-001
1.272809e+004,-3.026730e-001
1.273195e+004,-2.687563e-001
1.273580e+004,-1.964821e-001
1.273966e+004,-9.746995e-002
1.274352e+004,2.068613e-002
1.274738e+004,1.569290e-001
1.275123e+004,3.004740e-001
1.275509e+004,4.386839e-001
1.275895e+004,5.521968e-001
1.276280e+004,6.177880e-001
1.276666e+004,6.147888e-001
1.277052e+004,5.326465e-001
1.277437e+004,3.764679e-001
1.277823e+004,1.625821e-001
1.278209e+004,-6.983125e-002
1.278594e+004,-2.806085e-001
1.278980e+004,-4.358426e-001
1.279366e+004,-5.160777e-001
1.279752e+004,-5.196857e-001
1.280137e+004,-4.605693e-001
1.280523e+004,-3.613732e-001
1.280909e+004,-2.439467e-001
1.281294e+004,-1.244889e-001
1.281680e+004,-8.807786e-003
1.282066e+004,1.061410e-001
1.282451e+004,2.266319e-001
1.282837e+004,3.552305e-001
1.283223e+004,4.857476e-001
1.283609e+004,6.024983e-001
1.283994e+004,6.844316e-001
1.284380e+004,7.128518e-001
1.284766e+004,6.787194e-001
1.285151e+004,5.874400e-001
1.285537e+004,4.583923e-001
1.285923e+004,3.194135e-001
1.286308e+004,1.984414e-001
1.286694e+004,1.155957e-001
1.287080e+004,7.956127e-002
1.287466e+004,8.378068e-002
1.287851e+004,1.155996e-001
1.288237e+004,1.594626e-001
1.288623e+004,2.012531e-001
1.289008e+004,2.303917e-001
1.289394e+004,2.397926e-001
1.289780e+004,2.248974e-001
1.290165e+004,1.841797e-001
1.290551e+004,1.175757e-001
1.290937e+004,2.906319e-002
1.291323e+004,-7.277462e-002
1.291708e+004,-1.755456e-001
1.292094e+004,-2.656459e-001
1.292480e+004,-3.317106e-001
1.292865e+004,-3.673385e-001
1.293251e+004,-3.724165e-001
1.293637e+004,-3.504950e-001
1.294022e+004,-3.054040e-001
1.294408e+004,-2.390685e-001
1.294794e+004,-1.506625e-001
1.295180e+004,-3.799516e-002
1.295565e+004,9.968427e-002
1.295951e+004,2.590252e-001
1.296337e+004,4.285802e-001
1.296722e+004,5.990570e-001
1.297108e+004,7.569206e-001
1.297494e+004,8.899469e-001
1.297879e+004,9.890870e-001
1.298265e+004,1.049055e+000
1.298651e+004,1.068130e+000
1.299037e+004,1.048005e+000
1.299422e+004,9.946433e-001
1.299808e+004,9.177880e-001
1.300194e+004,8.309850e-001
1.300579e+004,7.497548e-001
1.300965e+004,6.876440e-001
1.301351e+004,6.516059e-001
1.301736e+004,6.389355e-001
1.302122e+004,6.377665e-001
1.302508e+004,6.313719e-001
1.302894e+004,6.066265e-001
1.303279e+004,5.593535e-001
1.303665e+004,4.970966e-001
1.304051e+004,4.359130e-001
1.304436e+004,3.923739e-001
1.304822e+004,3.743252e-001
1.305208e+004,3.749960e-001
1.305593e+004,3.743351e-001
1.305979e+004,3.463203e-001
1.306365e+004,2.709041e-001
1.306751e+004,1.442996e-001
1.307136e+004,-1.698239e-002
1.307522e+004,-1.806798e-001
1.307908e+004,-3.102789e-001
1.308293e+004,-3.786077e-001
1.308679e+004,-3.771687e-001
1.309065e+004,-3.199016e-001
1.309450e+004,-2.339384e-001
1.309836e+004,-1.491226e-001
1.310222e+004,-8.680508e-002
1.310608e+004,-5.379156e-002
1.310993e+004,-4.349414e-002
1.311379e+004,-4.279004e-002
1.311765e+004,-4.070329e-002
1.312150e+004,-3.354966e-002
1.312536e+004,-2.563783e-002
1.312922e+004,-2.463869e-002
1.313307e+004,-3.530291e-002
1.313693e+004,-5.521613e-002
1.314079e+004,-7.502687e-002
1.314465e+004,-8.298392e-002
1.314850e+004,-7.090492e-002
1.315236e+004,-3.939420e-002
1.315622e+004,2.791062e-003
1.316007e+004,4.271557e-002
1.316393e+004,6.951950e-002
1.316779e+004,7.927654e-002
1.317164e+004,7.587917e-002
1.317550e+004,6.761449e-002
1.317936e+004,6.133028e-002
1.318322e+004,5.826063e-002
1.318707e+004,5.308636e-002
1.319093e+004,3.758408e-002
1.319479e+004,6.802857e-003
1.319864e+004,-3.573545e-002
1.320250e+004,-7.689004e-002
1.320636e+004,-9.786177e-002
1.321021e+004,-8.181293e-002
1.321407e+004,-2.044878e-002
1.321793e+004,8.052102e-002
1.322179e+004,2.033797e-001
1.322564e+004,3.246082e-001
1.322950e+004,4.229190e-001
1.323336e+004,4.855888e-001
1.323721e+004,5.107000e-001
1.324107e+004,5.041612e-001
1.324493e+004,4.775262e-001
1.324878e+004,4.416010e-001
1.325264e+004,4.043553e-001
1.325650e+004,3.708422e-001
1.326036e+004,3.443992e-001
1.326421e+004,3.274509e-001
1.326807e+004,3.209239e-001
1.327193e+004,3.221583e-001
1.327578e+004,3.256383e-001
1.327964e+004,3.221010e-001
1.328350e+004,3.029117e-001
1.328735e+004,2.649594e-001
1.329121e+004,2.142734e-001
1.329507e+004,1.659710e-001
1.329892e+004,1.396993e-001
1.330278e+004,1.521208e-001
1.330664e+004,2.090653e-001
1.331050e+004,3.014647e-001
1.331435e+004,4.069269e-001
1.331821e+004,4.964920e-001
1.332207e+004,5.439283e-001
1.332592e+004,5.339367e-001
1.332978e+004,4.663313e-001
1.333364e+004,3.551994e-001
1.333750e+004,2.242390e-001
1.334135e+004,1.003565e-001
1.334521e+004,7.865952e-003
1.334907e+004,-3.567509e-002
1.335292e+004,-2.208769e-002
1.335678e+004,4.578260e-002
1.336064e+004,1.532681e-001
1.336449e+004,2.741009e-001
1.336835e+004,3.759184e-001
1.337221e+004,4.256338e-001
1.337607e+004,3.992921e-001
1.337992e+004,2.909308e-001
1.338378e+004,1.170873e-001
1.338764e+004,-8.592312e-002
1.339149e+004,-2.721995e-001
1.339535e+004,-4.012667e-001
1.339921e+004,-4.506306e-001
1.340306e+004,-4.231178e-001
1.340692e+004,-3.441049e-001
1.341078e+004,-2.505407e-001
1.341463e+004,-1.761729e-001
1.341849e+004,-1.392093e-001
1.342235e+004,-1.374140e-001
1.342621e+004,-1.520045e-001
1.343006e+004,-1.583930e-001
1.343392e+004,-1.378895e-001
1.343778e+004,-8.453085e-002
1.344163e+004,-5.592109e-003
1.344549e+004,8.385430e-002
1.344935e+004,1.687212e-001
1.345321e+004,2.396817e-001
1.345706e+004,2.944885e-001
1.346092e+004,3.338628e-001
1.346478e+004,3.564456e-001
1.346863e+004,3.556476e-001
1.347249e+004,3.209667e-001
1.347635e+004,2.435956e-001
1.348020e+004,1.235228e-001
1.348406e+004,-2.588565e-002
1.348792e+004,-1.767359e-001
1.349178e+004,-3.014656e-001
1.349563e+004,-3.748496e-001
1.349949e+004,-3.857506e-001
1.350335e+004,-3.415570e-001
1.350720e+004,-2.658004e-001
1.351106e+004,-1.898330e-001
1.351492e+004,-1.418930e-001
1.351877e+004,-1.376213e-001
1.352263e+004,-1.752800e-001
1.352649e+004,-2.388012e-001
1.353034e+004,-3.030918e-001
1.353420e+004,-3.417363e-001
1.353806e+004,-3.337857e-001
1.354192e+004,-2.679882e-001
1.354577e+004,-1.442648e-001
1.354963e+004,2.654722e-002
1.355349e+004,2.248215e-001
1.355734e+004,4.238021e-001
1.356120e+004,5.926184e-001
1.356506e+004,7.008336e-001
1.356892e+004,7.246033e-001
1.357277e+004,6.533336e-001
1.357663e+004,4.946635e-001
1.358049e+004,2.992428e-001
1.358434e+004,8.230188e-002
1.358820e+004,-1.176219e-001
1.359206e+004,-2.667760e-001
1.359591e+004,-3.450121e-001
1.359977e+004,-3.510533e-001
1.360363e+004,-3.023659e-001
1.360749e+004,-2.295563e-001
1.361134e+004,-1.702284e-001
1.361520e+004,-1.258856e-001
1.361906e+004,-9.893597e-002
1.362291e+004,-9.047592e-002
1.362677e+004,-9.932956e-002
1.363063e+004,-1.213839e-001
1.363448e+004,-1.495689e-001
1.363834e+004,-1.746669e-001
1.364220e+004,-3.698965e-001
1.364605e+004,-5.617045e-001
1.364991e+004,-7.257144e-001
1.365377e+004,-8.455383e-001
1.365763e+004,-9.137015e-001
1.366148e+004,-9.301918e-001
1.366534e+004,-8.999164e-001
1.366920e+004,-8.302988e-001
1.367305e+004,-7.250971e-001
1.367691e+004,-5.927562e-001
1.368077e+004,-4.465770e-001
1.368463e+004,-3.011813e-001
1.368848e+004,-1.723150e-001
1.369234e+004,-7.565567e-002
1.369620e+004,-2.425417e-002
1.370005e+004,-2.475655e-002
1.370391e+004,-7.480552e-002
1.370777e+004,-1.558638e-001
1.371162e+004,-2.353725e-001
1.371548e+004,-2.739639e-001
1.371934e+004,-2.368746e-001
1.372320e+004,-1.070282e-001
1.372705e+004,1.051546e-001
1.373091e+004,3.600866e-001
1.373477e+004,6.011425e-001
1.373862e+004,7.586700e-001
1.374248e+004,7.873962e-001
1.374634e+004,6.788236e-001
1.375019e+004,4.655414e-001
1.375405e+004,2.105289e-001
1.375791e+004,-1.472139e-002
1.376176e+004,-1.546682e-001
1.376562e+004,-1.867160e-001
1.376948e+004,-1.261561e-001
1.377334e+004,-1.401520e-002
1.377719e+004,1.013003e-001
1.378105e+004,1.829047e-001
1.378491e+004,2.164966e-001
1.378876e+004,2.101229e-001
1.379262e+004,1.846341e-001
1.379648e+004,1.640725e-001
1.380033e+004,1.558164e-001
1.380419e+004,1.579805e-001
1.380805e+004,1.606045e-001
1.381191e+004,1.530399e-001
1.381576e+004,1.301336e-001
1.381962e+004,9.413955e-002
1.382348e+004,5.207950e-002
1.382733e+004,1.384725e-002
1.383119e+004,-2.148682e-002
1.383505e+004,-5.608487e-002
1.383891e+004,-9.427652e-002
1.384276e+004,-1.385797e-001
1.384662e+004,-1.867596e-001
1.385048e+004,-2.316887e-001
1.385433e+004,-2.640741e-001
1.385819e+004,-2.770233e-001
1.386205e+004,-2.683617e-001
1.386590e+004,-2.407655e-001
1.386976e+004,-1.998204e-001
1.387362e+004,-1.503346e-001
1.387747e+004,-9.325027e-002
1.388133e+004,-2.483431e-002
1.388519e+004,6.136049e-002
1.388905e+004,1.698250e-001
1.389290e+004,3.015336e-001
1.389676e+004,4.492196e-001
1.390062e+004,5.982074e-001
1.390447e+004,7.289435e-001
1.390833e+004,8.210291e-001
1.391219e+004,8.575119e-001
1.391604e+004,8.284476e-001
1.391990e+004,7.324684e-001
1.392376e+004,5.792739e-001
1.392762e+004,3.883691e-001
1.393147e+004,1.869138e-001
1.393533e+004,5.949974e-003
1.393919e+004,-1.248659e-001
1.394304e+004,-1.833526e-001
1.394690e+004,-1.603714e-001
1.395076e+004,-6.243790e-002
1.395462e+004,8.722787e-002
1.395847e+004,2.527776e-001
1.396233e+004,3.953882e-001
1.396619e+004,4.834726e-001
1.397004e+004,5.013499e-001
1.397390e+004,4.535184e-001
1.397776e+004,3.629631e-001
1.398161e+004,2.613087e-001
1.398547e+004,1.862915e-001
1.398933e+004,1.627550e-001
1.399318e+004,1.969587e-001
1.399704e+004,2.752670e-001
1.400090e+004,3.694825e-001
1.400476e+004,4.468023e-001
1.400861e+004,4.807949e-001
1.401247e+004,4.584870e-001
1.401633e+004,3.855022e-001
1.402018e+004,2.808215e-001
1.402404e+004,1.691404e-001
1.402790e+004,7.184675e-002
1.403175e+004,6.419569e-004
1.403561e+004,-4.397225e-002
1.403947e+004,-6.935821e-002
1.404333e+004,-8.449957e-002
1.404718e+004,-9.538471e-002
1.405104e+004,-1.012362e-001
1.405490e+004,-9.695669e-002
1.405875e+004,-7.779361e-002
1.406261e+004,-4.435318e-002
1.406647e+004,-5.200589e-003
1.407032e+004,2.465837e-002
1.407418e+004,2.975730e-002
1.407804e+004,7.720850e-004
1.408190e+004,-6.115954e-002
1.408575e+004,-1.417943e-001
1.408961e+004,-2.163229e-001
1.409347e+004,-2.559292e-001
1.409732e+004,-2.363538e-001
1.410118e+004,-1.457218e-001
1.410504e+004,5.919859e-003
1.410889e+004,2.000623e-001
1.411275e+004,4.053577e-001
1.411661e+004,5.874529e-001
1.412047e+004,7.180234e-001
1.412432e+004,7.823949e-001
1.412818e+004,7.833876e-001
1.413204e+004,7.399626e-001
1.413589e+004,6.790297e-001
1.413975e+004,6.300840e-001
1.414361e+004,6.107625e-001
1.414746e+004,6.225330e-001
1.415132e+004,6.500015e-001
1.415518e+004,6.666644e-001
1.415904e+004,6.454383e-001
1.416289e+004,5.702389e-001
1.416675e+004,4.443593e-001
1.417061e+004,2.914725e-001
1.417446e+004,1.476563e-001
1.417832e+004,5.043676e-002
1.418218e+004,2.575913e-002
1.418603e+004,7.870884e-002
1.418989e+004,1.915460e-001
1.419375e+004,3.297414e-001
1.419761e+004,4.536721e-001
1.420146e+004,5.322782e-001
1.420532e+004,5.497047e-001
1.420918e+004,5.081997e-001
1.421303e+004,4.240177e-001
1.421689e+004,3.194664e-001
1.422075e+004,2.148423e-001
1.422460e+004,1.234822e-001
1.422846e+004,5.251135e-002
1.423232e+004,1.120191e-003
1.423618e+004,-3.003185e-002
1.424003e+004,-3.827479e-002
1.424389e+004,-1.934279e-002
1.424775e+004,2.978665e-002
1.425160e+004,1.074220e-001
1.425546e+004,2.051612e-001
1.425932e+004,3.070251e-001
1.426317e+004,3.975978e-001
1.426703e+004,4.616006e-001
1.427089e+004,4.885878e-001
1.427475e+004,4.743473e-001
1.427860e+004,4.203406e-001
1.428246e+004,3.322159e-001
1.428632e+004,2.187406e-001
1.429017e+004,9.214938e-002
1.429403e+004,-3.205648e-002
1.429789e+004,-1.345747e-001
1.430174e+004,-1.944271e-001
1.430560e+004,-1.937521e-001
1.430946e+004,-1.241799e-001
1.431332e+004,7.649146e-003
1.431717e+004,1.782292e-001
1.432103e+004,3.503385e-001
1.432489e+004,4.838772e-001
1.432874e+004,5.448143e-001
1.433260e+004,5.158760e-001
1.433646e+004,4.017915e-001
1.434031e+004,2.278229e-001
1.434417e+004,3.212829e-002
1.434803e+004,-1.452215e-001
1.435189e+004,-2.715286e-001
1.435574e+004,-3.323225e-001
1.435960e+004,-3.270818e-001
1.436346e+004,-2.670373e-001
1.436731e+004,-1.687595e-001
1.437117e+004,-4.805611e-002
1.437503e+004,8.367535e-002
1.437888e+004,2.198950e-001
1.438274e+004,3.554666e-001
1.438660e+004,4.880043e-001
1.439046e+004,6.114211e-001
1.439431e+004,7.164039e-001
1.439817e+004,7.913221e-001
1.440203e+004,8.242866e-001
1.440588e+004,8.056568e-001
1.440974e+004,7.304194e-001
1.441360e+004,6.016387e-001
1.441745e+004,4.277241e-001
1.442131e+004,2.250341e-001
1.442517e+004,1.611862e-002
1.442903e+004,-1.733421e-001
1.443288e+004,-3.191808e-001
1.443674e+004,-4.041142e-001
1.444060e+004,-4.223605e-001
1.444445e+004,-3.815945e-001
1.444831e+004,-3.027690e-001
1.445217e+004,-2.131221e-001
1.445602e+004,-1.404042e-001
1.445988e+004,-1.058475e-001
1.446374e+004,-1.191895e-001
1.446760e+004,-1.772249e-001
1.447145e+004,-2.660332e-001
1.447531e+004,-3.650242e-001
1.447917e+004,-4.546413e-001
1.448302e+004,-5.181118e-001
1.448688e+004,-5.439726e-001
1.449074e+004,-5.259396e-001
1.449459e+004,-4.618746e-001
1.449845e+004,-3.531119e-001
1.450231e+004,-2.048731e-001
1.450617e+004,-2.429441e-002
1.451002e+004,1.690194e-001
1.451388e+004,3.517982e-001
1.451774e+004,4.981041e-001
1.452159e+004,5.846154e-001
1.452545e+004,5.965379e-001
1.452931e+004,5.320290e-001
1.453316e+004,4.033311e-001
1.453702e+004,2.286858e-001
1.454088e+004,4.060486e-002
1.454474e+004,-1.319602e-001
1.454859e+004,-2.685454e-001
1.455245e+004,-3.602898e-001
1.455631e+004,-4.089866e-001
1.456016e+004,-4.230286e-001
1.456402e+004,-4.122552e-001
1.456788e+004,-3.843835e-001
1.457173e+004,-3.398947e-001
1.457559e+004,-2.781448e-001
1.457945e+004,-1.978213e-001
1.458331e+004,-9.999970e-002
1.458716e+004,1.001501e-002
1.459102e+004,1.227851e-001
1.459488e+004,2.265864e-001
1.459873e+004,3.112019e-001
1.460259e+004,3.668566e-001
1.460645e+004,3.898150e-001
1.461030e+004,3.813086e-001
1.461416e+004,3.464825e-001
1.461802e+004,2.925867e-001
1.462188e+004,2.270829e-001
1.462573e+004,1.562610e-001
1.462959e+004,8.478852e-002
1.463345e+004,1.602110e-002
1.463730e+004,-4.673745e-002
1.464116e+004,-9.913357e-002
1.464502e+004,-1.352923e-001
1.464887e+004,-1.485543e-001
1.465273e+004,-1.334642e-001
1.465659e+004,-8.843808e-002
1.466045e+004,-1.855852e-002
1.466430e+004,6.551220e-002
1.466816e+004,1.475682e-001
1.467202e+004,2.099940e-001
1.467587e+004,2.384587e-001
1.467973e+004,2.259491e-001
1.468359e+004,1.746272e-001
1.468744e+004,9.481737e-002
1.469130e+004,2.421185e-003
1.469516e+004,-8.791164e-002
1.469902e+004,-1.639862e-001
1.470287e+004,-2.181154e-001
1.470673e+004,-2.464416e-001
1.471059e+004,-2.471093e-001
1.471444e+004,-2.187731e-001
1.471830e+004,-1.606112e-001
1.472216e+004,-7.442158e-002
1.472601e+004,3.410594e-002
1.472987e+004,1.533788e-001
1.473373e+004,2.670291e-001
1.473758e+004,3.575999e-001
1.474144e+004,4.117864e-001
1.474530e+004,4.251153e-001
1.474916e+004,4.038789e-001
1.475301e+004,3.630055e-001
1.475687e+004,3.210827e-001
1.476073e+004,2.929176e-001
1.476458e+004,2.842008e-001
1.476844e+004,2.894399e-001
1.477230e+004,2.942084e-001
1.477616e+004,2.807541e-001
1.478001e+004,2.347085e-001
1.478387e+004,1.505341e-001
1.478773e+004,3.301169e-002
1.479158e+004,-1.040327e-001
1.479544e+004,-2.419899e-001
1.479930e+004,-3.623808e-001
1.480315e+004,-4.507573e-001
1.480701e+004,-4.986157e-001
1.481087e+004,-5.033613e-001
1.481472e+004,-4.670678e-001
1.481858e+004,-3.951747e-001
1.482244e+004,-2.952385e-001
1.482630e+004,-1.764579e-001
1.483015e+004,-4.925202e-002
1.483401e+004,7.539310e-002
1.483787e+004,1.869228e-001
1.484172e+004,2.763097e-001
1.484558e+004,3.368568e-001
1.484944e+004,3.644865e-001
1.485329e+004,3.575626e-001
1.485715e+004,3.168398e-001
1.486101e+004,2.459492e-001
1.486487e+004,1.525173e-001
1.486872e+004,4.938448e-002
1.487258e+004,-4.514212e-002
1.487644e+004,-1.090651e-001
1.488029e+004,-1.209649e-001
1.488415e+004,-6.602989e-002
1.488801e+004,5.786642e-002
1.489187e+004,2.364683e-001
1.489572e+004,4.398243e-001
1.489958e+004,6.280764e-001
1.490344e+004,7.612311e-001
1.490729e+004,8.101601e-001
1.491115e+004,7.653120e-001
1.491501e+004,6.400570e-001
1.491886e+004,4.673593e-001
1.492272e+004,2.906100e-001
1.492658e+004,1.514997e-001
1.493043e+004,7.881644e-002
1.493429e+004,8.169083e-002
1.493815e+004,1.492044e-001
1.494201e+004,2.561115e-001
1.494586e+004,3.722714e-001
1.494972e+004,4.724063e-001
1.495358e+004,5.428993e-001
1.495743e+004,5.836557e-001
1.496129e+004,6.049612e-001
1.496515e+004,6.210269e-001
1.496900e+004,6.429363e-001
1.497286e+004,6.736985e-001
1.497672e+004,7.069560e-001
1.498058e+004,7.296408e-001
1.498443e+004,7.272291e-001
1.498829e+004,6.895194e-001
1.499215e+004,6.147966e-001
1.499600e+004,5.109993e-001
1.499986e+004,3.937269e-001
