label,area,bbox-0,bbox-1,bbox-2,bbox-3,major_axis_length,minor_axis_length,eccentricity,perimeter,solidity,area_um2,area_nm2,equiv_diameter_nm,major_axis_length_nm,minor_axis_length_nm,bbox_height_px,bbox_width_px,bbox_height_nm,bbox_width_nm,bbox_major_nm,bbox_minor_nm,aspect_ratio,fraction_of_total_grain_area,sample_id,field_of_view_area_um2,masked_area_um2,masked_area_fraction,grain_area_fraction_of_total_grain_area,grain_area_fraction_of_fov,area_rank
1,4.0,0,2,2,4,2.0,2.0,0.0,4.0,1.0,0.000244140625,244.140625,17.630924485867386,15.625,15.625,2,2,15.625,15.625,15.625,15.625,1.0,0.00037376191366099795,230728A-JC-36-Center,4.0,0.64898681640625,0.1622467041015625,0.0003761873412959654,6.103515625e-05,479
2,13.0,0,37,2,44,7.554371880072024,1.9753176197160076,0.9652088777670543,13.207106781186548,1.0,0.00079345703125,793.45703125,31.784601133814213,59.01853031306268,15.43216890403131,2,7,15.625,54.6875,54.6875,15.625,3.5,0.0012147262193982432,230728A-JC-36-Center,4.0,0.64898681640625,0.1622467041015625,0.0012226088592118874,0.0001983642578125,375
3,21.0,0,51,6,58,7.189371587026575,5.9059147985465605,0.5702393658293259,18.48528137423857,0.6774193548387096,0.00128173828125,1281.73828125,40.397523014268835,56.16696552364512,46.139959363645005,6,7,46.875,54.6875,54.6875,46.875,1.1666666666666667,0.0019622500467202392,230728A-JC-36-Center,4.0,0.64898681640625,0.1622467041015625,0.0019749835418038184,0.0003204345703125,234
4,13.0,0,64,7,67,7.13854078924635,2.338219601154833,0.9448343046717713,10.414213562373096,0.8125,0.00079345703125,793.45703125,31.784601133814213,55.76984991598711,18.267340634022133,7,3,54.6875,23.4375,54.6875,23.4375,2.3333333333333335,0.0012147262193982432,230728A-JC-36-Center,4.0,0.64898681640625,0.1622467041015625,0.0012226088592118874,0.0001983642578125,376
5,12.0,0,71,4,76,5.0475682184789035,3.156976326209329,0.7802682529565234,9.65685424949238,0.9230769230769231,0.000732421875,732.421875,30.537656993932494,39.43412670686644,24.663877548510385,4,5,31.25,39.0625,39.0625,31.25,1.25,0.0011212857409829938,230728A-JC-36-Center,4.0,0.64898681640625,0.1622467041015625,0.0011285620238878963,0.00018310546875,392
6,25.0,0,98,8,105,9.60330183073363,3.6887659112267004,0.9232855335543543,19.52081528017131,0.8333333333333334,0.00152587890625,1525.87890625,44.07731121466846,75.02579555260648,28.8184836814586,8,7,62.5,54.6875,62.5,54.6875,1.1428571428571428,0.002336011960381237,230728A-JC-36-Center,4.0,0.64898681640625,0.1622467041015625,0.0023511708830997835,0.0003814697265625,152
7,4.0,0,135,2,138,2.8284271247461903,1.7320508075688772,0.7905694150420949,4.621320343559642,1.0,0.000244140625,244.140625,17.630924485867386,22.09708691207961,13.531646934131853,2,3,15.625,23.4375,23.4375,15.625,1.5,0.00037376191366099795,230728A-JC-36-Center,4.0,0.64898681640625,0.1622467041015625,0.0003761873412959654,6.103515625e-05,480
8,8.0,0,144,4,146,4.47213595499958,2.0,0.8944271909999159,8.0,1.0,0.00048828125,488.28125,24.933892525089544,34.938562148434215,15.625,4,2,31.25,15.625,31.25,15.625,2.0,0.0007475238273219959,230728A-JC-36-Center,4.0,0.64898681640625,0.1622467041015625,0.0007523746825919308,0.0001220703125,442
9,4.0,0,150,1,154,4.47213595499958,0.0,1.0,2.0,1.0,0.000244140625,244.140625,17.630924485867386,34.938562148434215,0.0,1,4,7.8125,31.25,31.25,7.8125,4.0,0.00037376191366099795,230728A-JC-36-Center,4.0,0.64898681640625,0.1622467041015625,0.0003761873412959654,6.103515625e-05,481
10,10.0,0,157,10,158,11.489125293076057,0.0,1.0,8.0,1.0,0.0006103515625,610.3515625,27.87693931488705,89.75879135215669,0.0,10,1,78.125,7.8125,78.125,7.8125,10.0,0.0009344047841524949,230728A-JC-36-Center,4.0,0.64898681640625,0.1622467041015625,0.0009404683532399135,0.000152587890625,416
12,10.0,0,170,2,176,6.0,1.959591794226542,0.9451631252505217,10.414213562373096,1.0,0.0006103515625,610.3515625,27.87693931488705,46.875,15.309310892394858,2,6,15.625,46.875,46.875,15.625,3.0,0.0009344047841524949,230728A-JC-36-Center,4.0,0.64898681640625,0.1622467041015625,0.0009404683532399135,0.000152587890625,417
13,6.0,0,190,3,193,3.126943839882286,2.309401076758503,0.6741998624632421,6.242640687119286,1.0,0.0003662109375,366.2109375,21.59338434195847,24.42924874908036,18.042195912175803,3,3,23.4375,23.4375,23.4375,23.4375,1.0,0.0005606428704914969,230728A-JC-36-Center,4.0,0.64898681640625,0.1622467041015625,0.0005642810119439481,9.1552734375e-05,459
14,16.0,0,209,5,213,5.326818938165629,3.7416573867739418,0.7117639563193815,12.242640687119286,0.9411764705882353,0.0009765625,976.5625,35.26184897173477,41.61577295441898,29.23169833417142,5,4,39.0625,31.25,39.0625,31.25,1.25,0.0014950476546439918,230728A-JC-36-Center,4.0,0.64898681640625,0.1622467041015625,0.0015047493651838616,0.000244140625,325
15,10.0,0,239,3,244,5.0228248744557495,2.508232501294206,0.8663906141587334,8.621320343559642,0.8333333333333334,0.0006103515625,610.3515625,27.87693931488705,39.24081933168554,19.595566416360985,3,5,23.4375,39.0625,39.0625,23.4375,1.6666666666666667,0.0009344047841524949,230728A-JC-36-Center,4.0,0.64898681640625,0.1622467041015625,0.0009404683532399135,0.000152587890625,418
16,4.0,1,127,3,129,2.0,2.0,0.0,4.0,1.0,0.000244140625,244.140625,17.630924485867386,15.625,15.625,2,2,15.625,15.625,15.625,15.625,1.0,0.00037376191366099795,230728A-JC-36-Center,4.0,0.64898681640625,0.1622467041015625,0.0003761873412959654,6.103515625e-05,482
18,15.0,1,179,7,183,5.8955486594115385,3.569975942038409,0.7958167541374265,13.035533905932738,0.8333333333333334,0.00091552734375,915.52734375,34.14213845600247,46.05897390165264,27.89043704717507,6,4,46.875,31.25,46.875,31.25,1.5,0.0014016071762287423,230728A-JC-36-Center,4.0,0.64898681640625,0.1622467041015625,0.0014107025298598702,0.0002288818359375,345
19,40.0,1,180,15,189,15.713656845628043,6.678397153348025,0.905190570894352,33.071067811865476,0.5555555555555556,0.00244140625,2441.40625,55.7538786297741,122.76294410646908,52.17497776053145,14,9,109.375,70.3125,109.375,70.3125,1.5555555555555556,0.0037376191366099796,230728A-JC-36-Center,4.0,0.64898681640625,0.1622467041015625,0.003761873412959654,0.0006103515625,22
20,33.0,2,19,15,23,14.300413741204288,3.4943879548956156,0.9696856604547507,25.071067811865476,0.7333333333333333,0.00201416015625,2014.16015625,50.64097511272324,111.7219823531585,27.299905897621997,13,4,101.5625,31.25,101.5625,31.25,3.25,0.003083535787703233,230728A-JC-36-Center,4.0,0.64898681640625,0.1622467041015625,0.0031035455656917145,0.0005035400390625,68
21,6.0,2,33,5,35,3.265986323710904,2.0,0.7905694150420949,6.0,1.0,0.0003662109375,366.2109375,21.59338434195847,25.51551815399144,15.625,3,2,23.4375,15.625,23.4375,15.625,1.5,0.0005606428704914969,230728A-JC-36-Center,4.0,0.64898681640625,0.1622467041015625,0.0005642810119439481,9.1552734375e-05,460
22,36.0,2,82,11,89,10.024460349082608,5.761007468780927,0.8183676623495991,25.520815280171306,0.8,0.002197265625,2197.265625,52.89277345760215,78.31609647720788,45.007870849850995,9,7,70.3125,54.6875,70.3125,54.6875,1.2857142857142858,0.0033638572229489814,230728A-JC-36-Center,4.0,0.64898681640625,0.1622467041015625,0.0033856860716636886,0.00054931640625,43
23,19.0,3,126,8,133,6.483264482750745,4.353553862213061,0.740998717275377,15.69238815542512,0.8260869565217391,0.00115966796875,1159.66796875,38.425709057546364,50.6505037714902,34.01213954853954,5,7,39.0625,54.6875,54.6875,39.0625,1.4,0.0017753690898897401,230728A-JC-36-Center,4.0,0.64898681640625,0.1622467041015625,0.0017868898711558357,0.0002899169921875,273
24,34.0,3,221,14,229,13.65196419096094,4.896612594967135,0.933462662267251,27.485281374238568,0.6181818181818182,0.0020751953125,2075.1953125,51.40253626937142,106.65597024188234,38.25478589818074,11,8,85.9375,62.5,85.9375,62.5,1.375,0.0031769762661184825,230728A-JC-36-Center,4.0,0.64898681640625,0.1622467041015625,0.003197592401015706,0.000518798828125,61
25,36.0,3,247,13,254,11.592806259270539,6.220390887082922,0.8438536842251358,29.692388155425114,0.631578947368421,0.002197265625,2197.265625,52.89277345760215,90.56879890055109,48.59680380533533,10,7,78.125,54.6875,78.125,54.6875,1.4285714285714286,0.0033638572229489814,230728A-JC-36-Center,4.0,0.64898681640625,0.1622467041015625,0.0033856860716636886,0.00054931640625,44
26,35.0,4,5,13,14,12.383281642892817,5.656245332638769,0.8895875743882166,28.520815280171306,0.6730769230769231,0.00213623046875,2136.23046875,52.15297795409801,96.74438783510013,44.18941666124039,9,9,70.3125,70.3125,70.3125,70.3125,1.0,0.003270416744533732,230728A-JC-36-Center,4.0,0.64898681640625,0.1622467041015625,0.0032916392363396972,0.0005340576171875,53
27,23.0,4,195,12,200,8.598906092881661,4.798612080585652,0.8298079093166353,20.44974746830583,0.71875,0.00140380859375,1403.80859375,42.277471717234455,67.17895385063798,37.48915687957541,8,5,62.5,39.0625,62.5,39.0625,1.6,0.002149131003550738,230728A-JC-36-Center,4.0,0.64898681640625,0.1622467041015625,0.002163077212451801,0.0003509521484375,188
29,40.0,5,28,17,34,12.444399716290427,4.535076151641854,0.9312319309278732,28.556349186104043,0.7692307692307693,0.00244140625,2441.40625,55.7538786297741,97.22187278351896,35.43028243470199,12,6,93.75,46.875,93.75,46.875,2.0,0.0037376191366099796,230728A-JC-36-Center,4.0,0.64898681640625,0.1622467041015625,0.003761873412959654,0.0006103515625,23
30,6.0,5,67,8,69,3.265986323710904,2.0,0.7905694150420949,6.0,1.0,0.0003662109375,366.2109375,21.59338434195847,25.51551815399144,15.625,3,2,23.4375,15.625,23.4375,15.625,1.5,0.0005606428704914969,230728A-JC-36-Center,4.0,0.64898681640625,0.1622467041015625,0.0005642810119439481,9.1552734375e-05,461
31,20.0,6,110,10,116,6.257452020932036,4.0993041123748775,0.7555356295547356,14.242640687119284,1.0,0.001220703125,1220.703125,39.423945656565,48.88634391353153,32.02581337792873,4,6,31.25,46.875,46.875,31.25,1.5,0.0018688095683049898,230728A-JC-36-Center,4.0,0.64898681640625,0.1622467041015625,0.001880936706479827,0.00030517578125,253
32,44.0,6,139,14,148,8.439420124539401,7.993757245730453,0.3206648780750736,26.72792206135785,0.8148148148148148,0.002685546875,2685.546875,58.4751612267118,65.93296972296407,62.451228482269165,8,9,62.5,70.3125,70.3125,62.5,1.125,0.004111381050270977,230728A-JC-36-Center,4.0,0.64898681640625,0.1622467041015625,0.00413806075425562,0.00067138671875,10
33,25.0,6,204,17,208,11.432386220414866,3.2022094415057087,0.9599708771650216,22.27817459305202,0.7352941176470589,0.00152587890625,1525.87890625,44.07731121466846,89.31551734699114,25.01726126176335,11,4,85.9375,31.25,85.9375,31.25,2.75,0.002336011960381237,230728A-JC-36-Center,4.0,0.64898681640625,0.1622467041015625,0.0023511708830997835,0.0003814697265625,153
34,6.0,7,91,10,94,3.8297084310253524,1.8856180831641272,0.8703882797784891,6.207106781186548,0.8571428571428571,0.0003662109375,366.2109375,21.59338434195847,29.919597117385564,14.731391274719744,3,3,23.4375,23.4375,23.4375,23.4375,1.0,0.0005606428704914969,230728A-JC-36-Center,4.0,0.64898681640625,0.1622467041015625,0.0005642810119439481,9.1552734375e-05,462
35,15.0,8,52,13,60,9.320852059623245,3.180766014370226,0.9399715892969454,15.414213562373096,0.625,0.00091552734375,915.52734375,34.14213845600247,72.8191567158066,24.84973448726739,5,8,39.0625,62.5,62.5,39.0625,1.6,0.0014016071762287423,230728A-JC-36-Center,4.0,0.64898681640625,0.1622467041015625,0.0014107025298598702,0.0002288818359375,346
36,12.0,9,104,13,107,4.47213595499958,3.265986323710904,0.6831300510639732,10.0,1.0,0.000732421875,732.421875,30.537656993932494,34.938562148434215,25.51551815399144,4,3,31.25,23.4375,31.25,23.4375,1.3333333333333333,0.0011212857409829938,230728A-JC-36-Center,4.0,0.64898681640625,0.1622467041015625,0.0011285620238878963,0.00018310546875,393
37,37.0,10,231,20,239,9.912038301156725,7.7909969864528765,0.6182091945618395,27.65685424949238,0.6607142857142857,0.00225830078125,2258.30078125,53.62236341857576,77.43779922778691,60.8671639566631,10,8,78.125,62.5,78.125,62.5,1.25,0.003457297701364231,230728A-JC-36-Center,4.0,0.64898681640625,0.1622467041015625,0.00347973290698768,0.0005645751953125,36
39,26.0,11,161,18,167,7.429989957659518,5.845342615635757,0.6173064167859645,22.27817459305202,0.7647058823529411,0.0015869140625,1586.9140625,44.95021399805931,58.046796544214985,45.666739184654354,7,6,54.6875,46.875,54.6875,46.875,1.1666666666666667,0.0024294524387964865,230728A-JC-36-Center,4.0,0.64898681640625,0.1622467041015625,0.002445217718423775,0.000396728515625,135
41,16.0,12,150,17,154,5.580292775979454,3.6807380420713884,0.7516204457766111,12.82842712474619,0.9411764705882353,0.0009765625,976.5625,35.26184897173477,43.59603731233948,28.755765953682722,5,4,39.0625,31.25,39.0625,31.25,1.25,0.0014950476546439918,230728A-JC-36-Center,4.0,0.64898681640625,0.1622467041015625,0.0015047493651838616,0.000244140625,326
42,10.0,13,123,17,127,4.603066923192716,2.758944526555245,0.8004714123777822,8.449747468305834,0.9090909090909091,0.0006103515625,610.3515625,27.87693931488705,35.96146033744309,21.55425411371285,4,4,31.25,31.25,31.25,31.25,1.0,0.0009344047841524949,230728A-JC-36-Center,4.0,0.64898681640625,0.1622467041015625,0.0009404683532399135,0.000152587890625,419
43,22.0,14,35,23,39,8.676515836098888,3.5429907831840115,0.9128287598286818,17.071067811865476,0.88,0.0013427734375,1342.7734375,41.34818303438459,67.78527996952256,27.67961549362509,9,4,70.3125,31.25,70.3125,31.25,2.25,0.0020556905251354887,230728A-JC-36-Center,4.0,0.64898681640625,0.1622467041015625,0.00206903037712781,0.000335693359375,215
44,11.0,14,135,19,138,5.096237802175614,2.807062509652706,0.834630175505014,9.65685424949238,0.9166666666666666,0.00067138671875,671.38671875,29.2375806133559,39.814357829496984,21.930175856661766,5,3,39.0625,23.4375,39.0625,23.4375,1.6666666666666667,0.0010278452625677443,230728A-JC-36-Center,4.0,0.64898681640625,0.1622467041015625,0.001034515188563905,0.0001678466796875,408
45,25.0,14,193,23,196,9.647880596276055,3.2,0.9433922826162455,18.82842712474619,1.0,0.00152587890625,1525.87890625,44.07731121466846,75.37406715840667,25.0,9,3,70.3125,23.4375,70.3125,23.4375,3.0,0.002336011960381237,230728A-JC-36-Center,4.0,0.64898681640625,0.1622467041015625,0.0023511708830997835,0.0003814697265625,154
46,23.0,15,40,21,45,6.564554182282505,4.519147756027383,0.725315552597253,16.242640687119284,0.8846153846153846,0.00140380859375,1403.80859375,42.277471717234455,51.28557954908207,35.30584184396393,6,5,46.875,39.0625,46.875,39.0625,1.2,0.002149131003550738,230728A-JC-36-Center,4.0,0.64898681640625,0.1622467041015625,0.002163077212451801,0.0003509521484375,189
47,28.0,15,67,24,71,9.494255397828397,4.025674256111212,0.9056567660467736,19.449747468305834,0.9032258064516129,0.001708984375,1708.984375,46.647041573764426,74.17387029553436,31.450580125868843,9,4,70.3125,31.25,70.3125,31.25,2.25,0.002616333395626986,230728A-JC-36-Center,4.0,0.64898681640625,0.1622467041015625,0.0026333113890717576,0.00042724609375,110
48,28.0,15,107,23,113,8.849631548496165,4.263076046029289,0.8763232327623007,19.31370849898476,0.9032258064516129,0.001708984375,1708.984375,46.647041573764426,69.13774647262629,33.30528160960382,8,6,62.5,46.875,62.5,46.875,1.3333333333333333,0.002616333395626986,230728A-JC-36-Center,4.0,0.64898681640625,0.1622467041015625,0.0026333113890717576,0.00042724609375,111
49,17.0,15,242,21,247,6.971801248383986,3.4101732317696922,0.8722063821556068,14.071067811865476,0.85,0.00103759765625,1037.59765625,36.347081966259985,54.467197252999895,26.641978373200722,6,5,46.875,39.0625,46.875,39.0625,1.2,0.0015884881330592412,230728A-JC-36-Center,4.0,0.64898681640625,0.1622467041015625,0.001598796200507853,0.0002593994140625,309
50,13.0,16,91,21,95,4.857265878931478,3.572393842672841,0.6775527056841087,9.071067811865476,0.9285714285714286,0.00079345703125,793.45703125,31.784601133814213,37.94738967915217,27.909326895881573,5,4,39.0625,31.25,39.0625,31.25,1.25,0.0012147262193982432,230728A-JC-36-Center,4.0,0.64898681640625,0.1622467041015625,0.0012226088592118874,0.0001983642578125,377
51,12.0,16,168,24,171,10.010674122873478,1.7022087758974942,0.985437268825073,12.207106781186548,0.7058823529411765,0.000732421875,732.421875,30.537656993932494,78.20839158494906,13.298506061699173,8,3,62.5,23.4375,62.5,23.4375,2.6666666666666665,0.0011212857409829938,230728A-JC-36-Center,4.0,0.64898681640625,0.1622467041015625,0.0011285620238878963,0.00018310546875,394
52,29.0,18,10,27,15,9.19971077832684,4.73284315752779,0.8575169896987612,19.27817459305202,0.8529411764705882,0.00177001953125,1770.01953125,47.47271702926952,71.87274045567844,36.97533716818586,9,5,70.3125,39.0625,70.3125,39.0625,1.8,0.0027097738740422352,230728A-JC-36-Center,4.0,0.64898681640625,0.1622467041015625,0.002727358224395749,0.0004425048828125,99
53,22.0,19,215,25,221,7.089192096582206,4.015410403310301,0.8241215559303335,16.485281374238568,0.88,0.0013427734375,1342.7734375,41.34818303438459,55.38431325454848,31.370393775861725,6,6,46.875,46.875,46.875,46.875,1.0,0.0020556905251354887,230728A-JC-36-Center,4.0,0.64898681640625,0.1622467041015625,0.00206903037712781,0.000335693359375,216
54,18.0,20,22,26,28,7.127579255894921,4.4291496968781905,0.7834854783701057,13.035533905932738,0.782608695652174,0.0010986328125,1098.6328125,37.400838787634314,55.684212936679074,34.60273200686086,6,6,46.875,46.875,46.875,46.875,1.0,0.0016819286114744907,230728A-JC-36-Center,4.0,0.64898681640625,0.1622467041015625,0.0016928430358318443,0.000274658203125,294
55,31.0,20,123,28,133,10.773346594490441,5.945077978162074,0.8339552651880244,27.899494936611664,0.5961538461538461,0.00189208984375,1892.08984375,49.082416518079825,84.16677026945656,46.4459217043912,8,10,62.5,78.125,78.125,62.5,1.25,0.002896654830872734,230728A-JC-36-Center,4.0,0.64898681640625,0.1622467041015625,0.0029154518950437317,0.0004730224609375,78
57,36.0,21,153,32,159,11.84516929743754,5.914043873047191,0.8664412932247728,29.27817459305202,0.6545454545454545,0.002197265625,2197.265625,52.89277345760215,92.54038513623078,46.20346775818118,11,6,85.9375,46.875,85.9375,46.875,1.8333333333333333,0.0033638572229489814,230728A-JC-36-Center,4.0,0.64898681640625,0.1622467041015625,0.0033856860716636886,0.00054931640625,45
58,38.0,22,76,31,83,8.841678147957076,5.872780216604114,0.7475410943336328,22.72792206135785,0.8444444444444444,0.0023193359375,2319.3359375,54.34215889298475,69.07561053091466,45.88109544221964,9,7,70.3125,54.6875,70.3125,54.6875,1.2857142857142858,0.0035507381797794803,230728A-JC-36-Center,4.0,0.64898681640625,0.1622467041015625,0.0035737797423116714,0.000579833984375,28
59,20.0,22,90,28,95,6.271578792027677,4.434782909612225,0.7070897169655834,13.899494936611665,0.8695652173913043,0.001220703125,1220.703125,39.423945656565,48.99670931271623,34.64674148134551,6,5,46.875,39.0625,46.875,39.0625,1.2,0.0018688095683049898,230728A-JC-36-Center,4.0,0.64898681640625,0.1622467041015625,0.001880936706479827,0.00030517578125,254
60,14.0,23,0,28,3,5.449353665897314,3.1458514520977277,0.8165399631383786,11.414213562373096,1.0,0.0008544921875,854.4921875,32.98443941909962,42.57307551482276,24.5769644695135,5,3,39.0625,23.4375,39.0625,23.4375,1.6666666666666667,0.001308166697813493,230728A-JC-36-Center,4.0,0.64898681640625,0.1622467041015625,0.0013166556945358788,0.000213623046875,365
61,23.0,23,55,30,65,11.469814056026783,4.232947633907035,0.9294091007713504,20.82842712474619,0.6052631578947368,0.00140380859375,1403.80859375,42.277471717234455,89.60792231270923,33.069903389898705,7,10,54.6875,78.125,78.125,54.6875,1.4285714285714286,0.002149131003550738,230728A-JC-36-Center,4.0,0.64898681640625,0.1622467041015625,0.002163077212451801,0.0003509521484375,190
62,18.0,23,179,29,185,6.050185663817742,4.090059506494692,0.7368813037432626,14.899494936611665,0.8181818181818182,0.0010986328125,1098.6328125,37.400838787634314,47.26707549857611,31.953589894489777,6,6,46.875,46.875,46.875,46.875,1.0,0.0016819286114744907,230728A-JC-36-Center,4.0,0.64898681640625,0.1622467041015625,0.0016928430358318443,0.000274658203125,295
63,24.0,24,113,31,118,7.161388233301227,4.33885119392747,0.7955656943661267,16.485281374238568,0.96,0.00146484375,1464.84375,43.18676868391694,55.948345572665836,33.897274952558355,7,5,54.6875,39.0625,54.6875,39.0625,1.4,0.0022425714819659876,230728A-JC-36-Center,4.0,0.64898681640625,0.1622467041015625,0.0022571240477757925,0.0003662109375,172
64,38.0,24,221,35,228,9.94347528966111,7.5222578309846755,0.6539915085755386,29.31370849898476,0.7307692307692307,0.0023193359375,2319.3359375,54.34215889298475,77.68340070047742,58.76763930456778,11,7,85.9375,54.6875,85.9375,54.6875,1.5714285714285714,0.0035507381797794803,230728A-JC-36-Center,4.0,0.64898681640625,0.1622467041015625,0.0035737797423116714,0.000579833984375,29
65,28.0,24,231,34,236,10.572336048455607,3.9873775675600536,0.9261513792570572,22.106601717798213,0.8235294117647058,0.001708984375,1708.984375,46.647041573764426,82.59637537855943,31.15138724656292,10,5,78.125,39.0625,78.125,39.0625,2.0,0.002616333395626986,230728A-JC-36-Center,4.0,0.64898681640625,0.1622467041015625,0.0026333113890717576,0.00042724609375,112
66,13.0,25,45,28,50,5.055900530816918,3.1378581622109447,0.784101278416771,10.82842712474619,1.0,0.00079345703125,793.45703125,31.784601133814213,39.49922289700717,24.514516892273004,3,5,23.4375,39.0625,39.0625,23.4375,1.6666666666666667,0.0012147262193982432,230728A-JC-36-Center,4.0,0.64898681640625,0.1622467041015625,0.0012226088592118874,0.0001983642578125,378
67,38.0,26,143,37,150,13.157340586011747,5.004503324370227,0.9248392212771958,27.935028842544405,0.6785714285714286,0.0023193359375,2319.3359375,54.34215889298475,102.79172332821678,39.0976822216424,11,7,85.9375,54.6875,85.9375,54.6875,1.5714285714285714,0.0035507381797794803,230728A-JC-36-Center,4.0,0.64898681640625,0.1622467041015625,0.0035737797423116714,0.000579833984375,30
68,27.0,26,196,34,201,8.686722719972357,4.904335652692639,0.8253794747155088,21.621320343559645,0.8181818181818182,0.00164794921875,1647.94921875,45.806485490898744,67.86502124978404,38.31512228666124,8,5,62.5,39.0625,62.5,39.0625,1.6,0.002522892917211736,230728A-JC-36-Center,4.0,0.64898681640625,0.1622467041015625,0.0025392645537477662,0.0004119873046875,124
69,37.0,26,246,39,252,15.122036630026678,3.960226581090018,0.9650992297338001,26.727922061357855,0.6981132075471698,0.00225830078125,2258.30078125,53.62236341857576,118.14091117208342,30.939270164765766,13,6,101.5625,46.875,101.5625,46.875,2.1666666666666665,0.003457297701364231,230728A-JC-36-Center,4.0,0.64898681640625,0.1622467041015625,0.00347973290698768,0.0005645751953125,37
70,19.0,27,15,34,19,6.984284612990346,3.5565617280784987,0.8606343274854173,15.242640687119284,0.8260869565217391,0.00115966796875,1159.66796875,38.425709057546364,54.56472353898708,27.78563850061327,7,4,54.6875,31.25,54.6875,31.25,1.75,0.0017753690898897401,230728A-JC-36-Center,4.0,0.64898681640625,0.1622467041015625,0.0017868898711558357,0.0002899169921875,274
72,10.0,27,134,31,137,4.381780460041329,2.6832815729997477,0.7905694150420949,8.82842712474619,1.0,0.0006103515625,610.3515625,27.87693931488705,34.23265984407288,20.96313728906053,4,3,31.25,23.4375,31.25,23.4375,1.3333333333333333,0.0009344047841524949,230728A-JC-36-Center,4.0,0.64898681640625,0.1622467041015625,0.0009404683532399135,0.000152587890625,420
73,25.0,27,173,35,177,8.272098757133584,4.107503153039447,0.8680086382533913,19.656854249492383,0.9259259259259259,0.00152587890625,1525.87890625,44.07731121466846,64.62577154010613,32.08986838312068,8,4,62.5,31.25,62.5,31.25,2.0,0.002336011960381237,230728A-JC-36-Center,4.0,0.64898681640625,0.1622467041015625,0.0023511708830997835,0.0003814697265625,155
74,13.0,28,39,32,43,4.8357641986159114,3.440104580768907,0.7027994916802892,10.82842712474619,1.0,0.00079345703125,793.45703125,31.784601133814213,37.77940780168681,26.875817037257086,4,4,31.25,31.25,31.25,31.25,1.0,0.0012147262193982432,230728A-JC-36-Center,4.0,0.64898681640625,0.1622467041015625,0.0012226088592118874,0.0001983642578125,379
75,32.0,29,90,37,95,8.191271892222092,5.009048291611124,0.7912363615784734,19.65685424949238,0.9142857142857143,0.001953125,1953.125,49.86778505017909,63.994311657985094,39.1331897782119,8,5,62.5,39.0625,62.5,39.0625,1.6,0.0029900953092879836,230728A-JC-36-Center,4.0,0.64898681640625,0.1622467041015625,0.003009498730367723,0.00048828125,72
77,41.0,30,64,51,67,24.088476421338804,2.179327393162369,0.9958990192882194,38.41421356237309,0.7884615384615384,0.00250244140625,2502.44140625,56.446499951902865,188.1912220417094,17.025995259081007,21,3,164.0625,23.4375,164.0625,23.4375,7.0,0.003831059615025229,230728A-JC-36-Center,4.0,0.64898681640625,0.1622467041015625,0.003855920248283645,0.0006256103515625,18
78,97.0,30,205,60,211,35.61515596494073,5.395036576169165,0.9884600957425181,70.42031021678298,0.60625,0.00592041015625,5920.41015625,86.82223408775648,278.2434059760995,42.1487232513216,30,6,234.375,46.875,234.375,46.875,5.0,0.0090637264062792,230728A-JC-36-Center,4.0,0.64898681640625,0.1622467041015625,0.009122543026427161,0.0014801025390625,1
79,6.0,30,239,33,243,4.8496611975202075,1.3468925727763872,0.9606594016383402,6.414213562373095,1.0,0.0003662109375,366.2109375,21.59338434195847,37.88797810562662,10.522598224815525,3,4,23.4375,31.25,31.25,23.4375,1.3333333333333333,0.0005606428704914969,230728A-JC-36-Center,4.0,0.64898681640625,0.1622467041015625,0.0005642810119439481,9.1552734375e-05,463
80,4.0,31,0,35,1,4.47213595499958,0.0,1.0,2.0,1.0,0.000244140625,244.140625,17.630924485867386,34.938562148434215,0.0,4,1,31.25,7.8125,31.25,7.8125,4.0,0.00037376191366099795,230728A-JC-36-Center,4.0,0.64898681640625,0.1622467041015625,0.0003761873412959654,6.103515625e-05,483
83,18.0,32,6,36,11,5.333333333333333,4.216370213557839,0.6123724356957945,12.82842712474619,1.0,0.0010986328125,1098.6328125,37.400838787634314,41.666666666666664,32.94039229342062,4,5,31.25,39.0625,39.0625,31.25,1.25,0.0016819286114744907,230728A-JC-36-Center,4.0,0.64898681640625,0.1622467041015625,0.0016928430358318443,0.000274658203125,296
84,16.0,32,43,37,48,6.716886995095241,3.42905658966434,0.8598701710465688,13.207106781186548,0.8421052631578947,0.0009765625,976.5625,35.26184897173477,52.475679649181565,26.789504606752658,5,5,39.0625,39.0625,39.0625,39.0625,1.0,0.0014950476546439918,230728A-JC-36-Center,4.0,0.64898681640625,0.1622467041015625,0.0015047493651838616,0.000244140625,327
85,17.0,32,123,38,128,7.0239502734447745,3.284614137189255,0.8839239867926401,13.82842712474619,0.7727272727272727,0.00103759765625,1037.59765625,36.347081966259985,54.8746115112873,25.661047946791054,6,5,46.875,39.0625,46.875,39.0625,1.2,0.0015884881330592412,230728A-JC-36-Center,4.0,0.64898681640625,0.1622467041015625,0.001598796200507853,0.0002593994140625,310
86,30.0,32,135,42,140,11.092865170576308,3.9290242040873142,0.9351720394285572,21.485281374238568,0.7692307692307693,0.0018310546875,1831.0546875,48.284275252898695,86.6630091451274,30.69550159443214,10,5,78.125,39.0625,78.125,39.0625,2.0,0.0028032143524574847,230728A-JC-36-Center,4.0,0.64898681640625,0.1622467041015625,0.0028214050597197404,0.000457763671875,89
87,7.0,33,24,36,27,3.0237157840738176,2.7994168488950604,0.3779644730092273,6.82842712474619,1.0,0.00042724609375,427.24609375,23.323520786882213,23.6227795630767,21.87044413199266,3,3,23.4375,23.4375,23.4375,23.4375,1.0,0.0006540833489067464,230728A-JC-36-Center,4.0,0.64898681640625,0.1622467041015625,0.0006583278472679394,0.0001068115234375,454
89,8.0,33,166,35,171,5.588153466750894,1.8768433157938267,0.9419115287860648,8.414213562373096,0.8888888888888888,0.00048828125,488.28125,24.933892525089544,43.65744895899136,14.66283840463927,2,5,15.625,39.0625,39.0625,15.625,2.5,0.0007475238273219959,230728A-JC-36-Center,4.0,0.64898681640625,0.1622467041015625,0.0007523746825919308,0.0001220703125,443
90,23.0,35,109,46,113,12.383293919313532,3.5895202362457916,0.9570666442639105,21.48528137423857,0.6764705882352942,0.00140380859375,1403.80859375,42.277471717234455,96.74448374463697,28.043126845670248,11,4,85.9375,31.25,85.9375,31.25,2.75,0.002149131003550738,230728A-JC-36-Center,4.0,0.64898681640625,0.1622467041015625,0.002163077212451801,0.0003509521484375,191
91,25.0,35,185,44,191,11.00400619686923,3.683455934209555,0.9423113389311463,21.69238815542512,0.7575757575757576,0.00152587890625,1525.87890625,44.07731121466846,85.96879841304086,28.776999486012148,9,6,70.3125,46.875,70.3125,46.875,1.5,0.002336011960381237,230728A-JC-36-Center,4.0,0.64898681640625,0.1622467041015625,0.0023511708830997835,0.0003814697265625,156
92,55.0,36,30,45,41,11.9650977237941,7.505771229481581,0.7787732979420532,32.9350288425444,0.7971014492753623,0.00335693359375,3356.93359375,65.37721774909379,93.47732596714141,58.63883773032485,9,11,70.3125,85.9375,85.9375,70.3125,1.2222222222222223,0.005139226312838722,230728A-JC-36-Center,4.0,0.64898681640625,0.1622467041015625,0.005172575942819524,0.0008392333984375,5
93,27.0,36,156,52,159,18.068695944199167,2.1816366016227535,0.9926840156831687,23.621320343559642,0.7105263157894737,0.00164794921875,1647.94921875,45.806485490898744,141.161687064056,17.04403595017776,16,3,125.0,23.4375,125.0,23.4375,5.333333333333333,0.002522892917211736,230728A-JC-36-Center,4.0,0.64898681640625,0.1622467041015625,0.0025392645537477662,0.0004119873046875,125
94,27.0,37,21,46,26,9.151674831386998,4.226760399323282,0.8869546686567436,20.899494936611667,0.84375,0.00164794921875,1647.94921875,45.806485490898744,71.49745962021092,33.02156561971314,9,5,70.3125,39.0625,70.3125,39.0625,1.8,0.002522892917211736,230728A-JC-36-Center,4.0,0.64898681640625,0.1622467041015625,0.0025392645537477662,0.0004119873046875,126
95,17.0,38,91,44,95,5.836843548855984,3.856479464066485,0.7506384571686334,13.65685424949238,0.9444444444444444,0.00103759765625,1037.59765625,36.347081966259985,45.60034022543737,30.128745813019414,6,4,46.875,31.25,46.875,31.25,1.5,0.0015884881330592412,230728A-JC-36-Center,4.0,0.64898681640625,0.1622467041015625,0.001598796200507853,0.0002593994140625,311
96,25.0,39,71,45,78,7.4495034795044335,4.42891610993608,0.8040771205489754,18.27817459305202,0.8620689655172413,0.00152587890625,1525.87890625,44.07731121466846,58.19924593362839,34.600907108875624,6,7,46.875,54.6875,54.6875,46.875,1.1666666666666667,0.002336011960381237,230728A-JC-36-Center,4.0,0.64898681640625,0.1622467041015625,0.0023511708830997835,0.0003814697265625,157
97,16.0,39,173,46,177,6.252103377254025,3.6961065136341524,0.8065410526286253,11.82842712474619,0.8,0.0009765625,976.5625,35.26184897173477,48.84455763479707,28.875832137766817,7,4,54.6875,31.25,54.6875,31.25,1.75,0.0014950476546439918,230728A-JC-36-Center,4.0,0.64898681640625,0.1622467041015625,0.0015047493651838616,0.000244140625,328
98,31.0,39,221,46,226,7.845140160436934,5.2940662014472,0.7379813464652109,20.242640687119287,0.9393939393939394,0.00189208984375,1892.08984375,49.082416518079825,61.290157503413546,41.35989219880625,7,5,54.6875,39.0625,54.6875,39.0625,1.4,0.002896654830872734,230728A-JC-36-Center,4.0,0.64898681640625,0.1622467041015625,0.0029154518950437317,0.0004730224609375,79
99,19.0,40,82,45,88,6.187511944396398,4.072407400068752,0.7528732075584144,14.863961030678926,0.8636363636363636,0.00115966796875,1159.66796875,38.425709057546364,48.339937065596864,31.81568281303712,5,6,39.0625,46.875,46.875,39.0625,1.2,0.0017753690898897401,230728A-JC-36-Center,4.0,0.64898681640625,0.1622467041015625,0.0017868898711558357,0.0002899169921875,275
100,23.0,40,99,45,105,6.460582824697985,4.769151026365943,0.6745905897417455,16.242640687119284,0.92,0.00140380859375,1403.80859375,42.277471717234455,50.47330331795301,37.25899239348393,5,6,39.0625,46.875,46.875,39.0625,1.2,0.002149131003550738,230728A-JC-36-Center,4.0,0.64898681640625,0.1622467041015625,0.002163077212451801,0.0003509521484375,192
101,21.0,40,144,44,151,7.159677215791443,3.8432757118664953,0.8437129907082511,16.035533905932738,0.9130434782608695,0.00128173828125,1281.73828125,40.397523014268835,55.93497824837065,30.025591498956995,4,7,31.25,54.6875,54.6875,31.25,1.75,0.0019622500467202392,230728A-JC-36-Center,4.0,0.64898681640625,0.1622467041015625,0.0019749835418038184,0.0003204345703125,235
102,24.0,40,194,51,197,11.891363749514577,2.668940979959732,0.9744870711713692,19.035533905932738,0.8275862068965517,0.00146484375,1464.84375,43.18676868391694,92.90127929308264,20.851101405935406,11,3,85.9375,23.4375,85.9375,23.4375,3.6666666666666665,0.0022425714819659876,230728A-JC-36-Center,4.0,0.64898681640625,0.1622467041015625,0.0022571240477757925,0.0003662109375,173
103,14.0,41,0,46,3,5.449353665897314,3.1458514520977277,0.8165399631383786,11.414213562373096,1.0,0.0008544921875,854.4921875,32.98443941909962,42.57307551482276,24.5769644695135,5,3,39.0625,23.4375,39.0625,23.4375,1.6666666666666667,0.001308166697813493,230728A-JC-36-Center,4.0,0.64898681640625,0.1622467041015625,0.0013166556945358788,0.000213623046875,366
104,5.0,43,213,46,215,3.098386676965933,1.7888543819998317,0.816496580927726,5.207106781186548,1.0,0.00030517578125,305.17578125,19.7119728282825,24.20614591379635,13.975424859373685,3,2,23.4375,15.625,23.4375,15.625,1.5,0.00046720239207624745,230728A-JC-36-Center,4.0,0.64898681640625,0.1622467041015625,0.00047023417661995676,7.62939453125e-05,472
105,27.0,43,236,51,240,8.052977945949316,4.235200842300053,0.8505356771936864,17.65685424949238,1.0,0.00164794921875,1647.94921875,45.806485490898744,62.91389020272903,33.08750658046916,8,4,62.5,31.25,62.5,31.25,2.0,0.002522892917211736,230728A-JC-36-Center,4.0,0.64898681640625,0.1622467041015625,0.0025392645537477662,0.0004119873046875,127
106,34.0,44,123,53,131,10.565213493995975,5.334726685499859,0.8631584438343828,25.65685424949238,0.7391304347826086,0.0020751953125,2075.1953125,51.40253626937142,82.54073042184355,41.677552230467654,9,8,70.3125,62.5,70.3125,62.5,1.125,0.0031769762661184825,230728A-JC-36-Center,4.0,0.64898681640625,0.1622467041015625,0.003197592401015706,0.000518798828125,62
108,21.0,46,3,55,6,9.45513398081266,2.913256377333529,0.9513495381815869,16.242640687119284,0.875,0.00128173828125,1281.73828125,40.397523014268835,73.8682342250989,22.759815447918196,9,3,70.3125,23.4375,70.3125,23.4375,3.0,0.0019622500467202392,230728A-JC-36-Center,4.0,0.64898681640625,0.1622467041015625,0.0019749835418038184,0.0003204345703125,236
109,23.0,47,43,55,48,8.049544066190352,4.97315297717647,0.7863211529132152,18.656854249492383,0.7666666666666667,0.00140380859375,1403.80859375,42.277471717234455,62.887063017112126,38.85275763419117,8,5,62.5,39.0625,62.5,39.0625,1.6,0.002149131003550738,230728A-JC-36-Center,4.0,0.64898681640625,0.1622467041015625,0.002163077212451801,0.0003509521484375,193
110,9.0,47,133,52,135,5.274258481434536,1.946056459258261,0.9294403032006735,9.207106781186548,1.0,0.00054931640625,549.31640625,26.446386728801077,41.205144386207316,15.203566087955164,5,2,39.0625,15.625,39.0625,15.625,2.5,0.0008409643057372453,230728A-JC-36-Center,4.0,0.64898681640625,0.1622467041015625,0.0008464215179159222,0.0001373291015625,433
111,24.0,47,247,53,252,6.527850746082735,4.693192253227645,0.6950627511863577,16.242640687119284,0.9230769230769231,0.00146484375,1464.84375,43.18676868391694,50.99883395377137,36.665564478340976,6,5,46.875,39.0625,46.875,39.0625,1.2,0.0022425714819659876,230728A-JC-36-Center,4.0,0.64898681640625,0.1622467041015625,0.0022571240477757925,0.0003662109375,174
112,20.0,48,15,54,20,6.856789284917949,4.082210271683024,0.8034642310436958,16.692388155425117,0.8333333333333334,0.001220703125,1220.703125,39.423945656565,53.568666288421475,31.89226774752363,6,5,46.875,39.0625,46.875,39.0625,1.2,0.0018688095683049898,230728A-JC-36-Center,4.0,0.64898681640625,0.1622467041015625,0.001880936706479827,0.00030517578125,255
113,64.0,48,87,66,98,22.037603313490116,6.137447266351826,0.9604365613381789,46.17766952966369,0.5663716814159292,0.00390625,3906.25,70.52369794346954,172.16877588664153,47.948806768373636,18,11,140.625,85.9375,140.625,85.9375,1.6363636363636365,0.005980190618575967,230728A-JC-36-Center,4.0,0.64898681640625,0.1622467041015625,0.006018997460735446,0.0009765625,4
114,12.0,48,178,53,181,4.894994431930091,2.9693109114997,0.7950060587397373,10.242640687119284,1.0,0.000732421875,732.421875,30.537656993932494,38.24214399945384,23.197741496091403,5,3,39.0625,23.4375,39.0625,23.4375,1.6666666666666667,0.0011212857409829938,230728A-JC-36-Center,4.0,0.64898681640625,0.1622467041015625,0.0011285620238878963,0.00018310546875,395
115,21.0,50,67,57,72,6.9454747743700675,4.174843038840128,0.7991826806362017,17.27817459305202,0.7777777777777778,0.00128173828125,1281.73828125,40.397523014268835,54.26152167476615,32.615961240938496,7,5,54.6875,39.0625,54.6875,39.0625,1.4,0.0019622500467202392,230728A-JC-36-Center,4.0,0.64898681640625,0.1622467041015625,0.0019749835418038184,0.0003204345703125,237
116,26.0,51,52,57,59,7.34462440442295,4.751547370817893,0.7625390530308584,17.899494936611667,0.8387096774193549,0.0015869140625,1586.9140625,44.95021399805931,57.379878159554295,37.12146383451479,6,7,46.875,54.6875,54.6875,46.875,1.1666666666666667,0.0024294524387964865,230728A-JC-36-Center,4.0,0.64898681640625,0.1622467041015625,0.002445217718423775,0.000396728515625,136
117,23.0,51,101,57,107,7.067484785349092,4.276103757595353,0.7961958537265783,16.48528137423857,0.92,0.00140380859375,1403.80859375,42.277471717234455,55.21472488553978,33.40706060621369,6,6,46.875,46.875,46.875,46.875,1.0,0.002149131003550738,230728A-JC-36-Center,4.0,0.64898681640625,0.1622467041015625,0.002163077212451801,0.0003509521484375,194
118,68.0,51,142,66,151,15.60400679307714,7.993039123121301,0.85884071865188,43.59188309203678,0.7083333333333334,0.004150390625,4150.390625,72.69416393251997,121.90630307091516,62.44561814938517,15,9,117.1875,70.3125,117.1875,70.3125,1.6666666666666667,0.006353952532236965,230728A-JC-36-Center,4.0,0.64898681640625,0.1622467041015625,0.006395184802031412,0.00103759765625,3
119,26.0,51,218,59,222,8.311578269539377,4.030274240830645,0.8745702739327789,18.485281374238568,0.9285714285714286,0.0015869140625,1586.9140625,44.95021399805931,64.93420523077639,31.486517506489413,8,4,62.5,31.25,62.5,31.25,2.0,0.0024294524387964865,230728A-JC-36-Center,4.0,0.64898681640625,0.1622467041015625,0.002445217718423775,0.000396728515625,137
120,20.0,52,72,57,78,5.789430724463774,4.686415675826768,0.5871504772985794,14.863961030678928,0.9523809523809523,0.001220703125,1220.703125,39.423945656565,45.229927534873234,36.612622467396626,5,6,39.0625,46.875,46.875,39.0625,1.2,0.0018688095683049898,230728A-JC-36-Center,4.0,0.64898681640625,0.1622467041015625,0.001880936706479827,0.00030517578125,256
121,28.0,52,189,59,194,7.115557551190533,5.162804956746833,0.6881528325320418,19.071067811865476,0.9032258064516129,0.001708984375,1708.984375,46.647041573764426,55.59029336867604,40.334413724584635,7,5,54.6875,39.0625,54.6875,39.0625,1.4,0.002616333395626986,230728A-JC-36-Center,4.0,0.64898681640625,0.1622467041015625,0.0026333113890717576,0.00042724609375,113
122,9.0,53,179,56,184,4.815952641007963,2.457878772601082,0.8599597224031864,8.242640687119286,0.9,0.00054931640625,549.31640625,26.446386728801077,37.624630007874714,19.202177910945952,3,5,23.4375,39.0625,39.0625,23.4375,1.6666666666666667,0.0008409643057372453,230728A-JC-36-Center,4.0,0.64898681640625,0.1622467041015625,0.0008464215179159222,0.0001373291015625,434
123,24.0,53,228,58,235,7.142356297332368,4.5780966289691705,0.767558856303222,15.863961030678926,0.8888888888888888,0.00146484375,1464.84375,43.18676868391694,55.799658572909124,35.766379913821645,5,7,39.0625,54.6875,54.6875,39.0625,1.4,0.0022425714819659876,230728A-JC-36-Center,4.0,0.64898681640625,0.1622467041015625,0.0022571240477757925,0.0003662109375,175
124,12.0,54,110,58,113,4.47213595499958,3.265986323710904,0.6831300510639732,10.0,1.0,0.000732421875,732.421875,30.537656993932494,34.938562148434215,25.51551815399144,4,3,31.25,23.4375,31.25,23.4375,1.3333333333333333,0.0011212857409829938,230728A-JC-36-Center,4.0,0.64898681640625,0.1622467041015625,0.0011285620238878963,0.00018310546875,396
125,4.0,55,173,57,176,3.4641016151377544,1.4142135623730951,0.9128709291752769,3.2071067811865475,0.8,0.000244140625,244.140625,17.630924485867386,27.063293868263706,11.048543456039805,2,3,15.625,23.4375,23.4375,15.625,1.5,0.00037376191366099795,230728A-JC-36-Center,4.0,0.64898681640625,0.1622467041015625,0.0003761873412959654,6.103515625e-05,484
126,18.0,56,21,62,26,6.018791257749332,4.424547539742645,0.6779345370318486,14.071067811865476,0.8181818181818182,0.0010986328125,1098.6328125,37.400838787634314,47.02180670116666,34.56677765423941,6,5,46.875,39.0625,46.875,39.0625,1.2,0.0016819286114744907,230728A-JC-36-Center,4.0,0.64898681640625,0.1622467041015625,0.0016928430358318443,0.000274658203125,297
127,50.0,57,76,69,83,13.228377889283124,5.68383835258581,0.9029859420436027,32.520815280171306,0.7936507936507936,0.0030517578125,3051.7578125,62.334731312723854,103.3467022600244,44.40498712957664,12,7,93.75,54.6875,93.75,54.6875,1.7142857142857142,0.004672023920762474,230728A-JC-36-Center,4.0,0.64898681640625,0.1622467041015625,0.004702341766199567,0.000762939453125,6
128,28.0,57,119,66,126,10.154547734626542,3.7508444082071337,0.9292800991769354,20.31370849898476,0.8,0.001708984375,1708.984375,46.647041573764426,79.33240417676986,29.303471939118232,9,7,70.3125,54.6875,70.3125,54.6875,1.2857142857142858,0.002616333395626986,230728A-JC-36-Center,4.0,0.64898681640625,0.1622467041015625,0.0026333113890717576,0.00042724609375,114
129,12.0,57,174,61,178,4.7816940710172,3.2697029477850914,0.7296733002578295,10.621320343559642,0.9230769230769231,0.000732421875,732.421875,30.537656993932494,37.35698492982188,25.544554279571027,4,4,31.25,31.25,31.25,31.25,1.0,0.0011212857409829938,230728A-JC-36-Center,4.0,0.64898681640625,0.1622467041015625,0.0011285620238878963,0.00018310546875,397
130,15.0,57,252,62,256,5.6785120651297705,3.3151253794888635,0.8118962350262185,12.242640687119286,0.9375,0.00091552734375,915.52734375,34.14213845600247,44.36337550882633,25.899417027256746,5,4,39.0625,31.25,39.0625,31.25,1.25,0.0014016071762287423,230728A-JC-36-Center,4.0,0.64898681640625,0.1622467041015625,0.0014107025298598702,0.0002288818359375,347
131,13.0,58,29,63,33,4.867135223507885,3.5589358384055854,0.6821440834649469,11.242640687119284,0.8666666666666667,0.00079345703125,793.45703125,31.784601133814213,38.02449393365536,27.804186237543636,5,4,39.0625,31.25,39.0625,31.25,1.25,0.0012147262193982432,230728A-JC-36-Center,4.0,0.64898681640625,0.1622467041015625,0.0012226088592118874,0.0001983642578125,380
132,20.0,58,44,66,48,8.849637051674032,3.000653937667281,0.9407608411200582,15.242640687119286,0.8333333333333334,0.001220703125,1220.703125,39.423945656565,69.13778946620337,23.44260888802563,8,4,62.5,31.25,62.5,31.25,2.0,0.0018688095683049898,230728A-JC-36-Center,4.0,0.64898681640625,0.1622467041015625,0.001880936706479827,0.00030517578125,257
133,15.0,59,49,65,53,5.876549263562044,3.6208580747348895,0.787625870923623,10.82842712474619,0.8333333333333334,0.00091552734375,915.52734375,34.14213845600247,45.91054112157847,28.287953708866326,6,4,46.875,31.25,46.875,31.25,1.5,0.0014016071762287423,230728A-JC-36-Center,4.0,0.64898681640625,0.1622467041015625,0.0014107025298598702,0.0002288818359375,348
135,15.0,60,55,66,60,6.676661768715971,3.2124702961964173,0.876638735284029,11.278174593052022,0.8333333333333334,0.00091552734375,915.52734375,34.14213845600247,52.16142006809353,25.09742418903451,6,5,46.875,39.0625,46.875,39.0625,1.2,0.0014016071762287423,230728A-JC-36-Center,4.0,0.64898681640625,0.1622467041015625,0.0014107025298598702,0.0002288818359375,349
136,10.0,60,63,66,65,6.519657433051942,1.9323733996436996,0.9550664190174789,10.414213562373096,0.9090909090909091,0.0006103515625,610.3515625,27.87693931488705,50.9348236957183,15.096667184716402,6,2,46.875,15.625,46.875,15.625,3.0,0.0009344047841524949,230728A-JC-36-Center,4.0,0.64898681640625,0.1622467041015625,0.0009404683532399135,0.000152587890625,421
137,20.0,60,153,66,158,6.103980660123825,4.154686522571145,0.7326069082654009,14.48528137423857,0.9090909090909091,0.001220703125,1220.703125,39.423945656565,47.687348907217384,32.45848845758707,6,5,46.875,39.0625,46.875,39.0625,1.2,0.0018688095683049898,230728A-JC-36-Center,4.0,0.64898681640625,0.1622467041015625,0.001880936706479827,0.00030517578125,258
138,24.0,60,237,70,241,10.15239409079146,3.3847705982888163,0.9427867781036738,20.071067811865476,0.8571428571428571,0.00146484375,1464.84375,43.18676868391694,79.31557883430828,26.44352029913138,10,4,78.125,31.25,78.125,31.25,2.5,0.0022425714819659876,230728A-JC-36-Center,4.0,0.64898681640625,0.1622467041015625,0.0022571240477757925,0.0003662109375,176
139,18.0,61,3,70,6,9.164166875065384,2.715892151266758,0.9550763177035027,15.863961030678928,0.8181818181818182,0.0010986328125,1098.6328125,37.400838787634314,71.59505371144832,21.217907431771547,9,3,70.3125,23.4375,70.3125,23.4375,3.0,0.0016819286114744907,230728A-JC-36-Center,4.0,0.64898681640625,0.1622467041015625,0.0016928430358318443,0.000274658203125,298
140,21.0,61,14,65,21,7.93369323706814,3.862113676594497,0.8735140326295187,15.035533905932738,0.875,0.00128173828125,1281.73828125,40.397523014268835,61.98197841459484,30.172763098394505,4,7,31.25,54.6875,54.6875,31.25,1.75,0.0019622500467202392,230728A-JC-36-Center,4.0,0.64898681640625,0.1622467041015625,0.0019749835418038184,0.0003204345703125,238
141,15.0,61,226,66,231,6.152778893515517,3.0595897870936466,0.8675960828908797,12.48528137423857,1.0,0.00091552734375,915.52734375,34.14213845600247,48.068585105589975,23.903045211669113,5,5,39.0625,39.0625,39.0625,39.0625,1.0,0.0014016071762287423,230728A-JC-36-Center,4.0,0.64898681640625,0.1622467041015625,0.0014107025298598702,0.0002288818359375,350
142,24.0,62,199,67,205,6.445005470326677,5.269483849772649,0.5757761888018492,17.86396103067893,0.8571428571428571,0.00146484375,1464.84375,43.18676868391694,50.35160523692716,41.16784257634882,5,6,39.0625,46.875,46.875,39.0625,1.2,0.0022425714819659876,230728A-JC-36-Center,4.0,0.64898681640625,0.1622467041015625,0.0022571240477757925,0.0003662109375,177
143,17.0,63,166,68,171,5.122874438620389,4.325641546310548,0.5357481670629799,13.071067811865474,0.8947368421052632,0.00103759765625,1037.59765625,36.347081966259985,40.02245655172179,33.794074580551154,5,5,39.0625,39.0625,39.0625,39.0625,1.0,0.0015884881330592412,230728A-JC-36-Center,4.0,0.64898681640625,0.1622467041015625,0.001598796200507853,0.0002593994140625,312
144,38.0,63,209,70,219,12.082576619090743,5.063063395007282,0.9079685191483648,27.31370849898476,0.7450980392156863,0.0023193359375,2319.3359375,54.34215889298475,94.39512983664643,39.55518277349439,7,10,54.6875,78.125,78.125,54.6875,1.4285714285714286,0.0035507381797794803,230728A-JC-36-Center,4.0,0.64898681640625,0.1622467041015625,0.0035737797423116714,0.000579833984375,31
145,9.0,64,21,67,26,5.465863594190293,2.211281815705678,0.914510483313302,9.207106781186548,0.8181818181818182,0.00054931640625,549.31640625,26.446386728801077,42.702059329611664,17.27563918520061,3,5,23.4375,39.0625,39.0625,23.4375,1.6666666666666667,0.0008409643057372453,230728A-JC-36-Center,4.0,0.64898681640625,0.1622467041015625,0.0008464215179159222,0.0001373291015625,435
146,10.0,64,161,70,163,6.0,1.959591794226542,0.9451631252505217,10.414213562373096,1.0,0.0006103515625,610.3515625,27.87693931488705,46.875,15.309310892394858,6,2,46.875,15.625,46.875,15.625,3.0,0.0009344047841524949,230728A-JC-36-Center,4.0,0.64898681640625,0.1622467041015625,0.0009404683532399135,0.000152587890625,422
147,28.0,65,36,72,42,7.069590984622014,5.618888121177927,0.6068756751538739,18.44974746830583,0.8235294117647058,0.001708984375,1708.984375,46.647041573764426,55.23117956735948,43.897563446702556,7,6,54.6875,46.875,54.6875,46.875,1.1666666666666667,0.002616333395626986,230728A-JC-36-Center,4.0,0.64898681640625,0.1622467041015625,0.0026333113890717576,0.00042724609375,115
148,46.0,65,135,78,140,13.235042773959355,4.821383729816895,0.9312858565014531,28.485281374238568,0.8846153846153846,0.0028076171875,2807.6171875,59.78937388535791,103.39877167155747,37.66706038919449,13,5,101.5625,39.0625,101.5625,39.0625,2.6,0.004298262007101476,230728A-JC-36-Center,4.0,0.64898681640625,0.1622467041015625,0.004326154424903602,0.000701904296875,8
149,34.0,66,65,80,68,15.354006338644886,3.0164184076968192,0.980512227290969,25.242640687119284,0.8717948717948718,0.0020751953125,2075.1953125,51.40253626937142,119.95317452066317,23.5657688101314,14,3,109.375,23.4375,109.375,23.4375,4.666666666666667,0.0031769762661184825,230728A-JC-36-Center,4.0,0.64898681640625,0.1622467041015625,0.003197592401015706,0.000518798828125,63
150,49.0,66,102,74,114,13.016308675152258,6.8385400005748105,0.8508662013649427,35.17766952966369,0.6621621621621622,0.00299072265625,2990.72265625,61.708235700535845,101.68991152462702,53.42609375449071,8,12,62.5,93.75,93.75,62.5,1.5,0.004578583442347225,230728A-JC-36-Center,4.0,0.64898681640625,0.1622467041015625,0.004608294930875576,0.0007476806640625,7
151,20.0,66,244,72,250,6.634613610307177,4.773039099140793,0.694580717064821,17.27817459305202,0.7692307692307693,0.001220703125,1220.703125,39.423945656565,51.83291883052482,37.289367962037446,6,6,46.875,46.875,46.875,46.875,1.0,0.0018688095683049898,230728A-JC-36-Center,4.0,0.64898681640625,0.1622467041015625,0.001880936706479827,0.00030517578125,259
152,8.0,67,178,70,182,3.7521995422010908,2.7696567649270056,0.6746451779882773,7.035533905932738,0.8888888888888888,0.00048828125,488.28125,24.933892525089544,29.314058923446023,21.63794347599223,3,4,23.4375,31.25,31.25,23.4375,1.3333333333333333,0.0007475238273219959,230728A-JC-36-Center,4.0,0.64898681640625,0.1622467041015625,0.0007523746825919308,0.0001220703125,444
153,31.0,67,189,77,197,12.74946182964515,4.053572742978854,0.948110602758002,22.65685424949238,0.7380952380952381,0.00189208984375,1892.08984375,49.082416518079825,99.60517054410273,31.6685370545223,10,8,78.125,62.5,78.125,62.5,1.25,0.002896654830872734,230728A-JC-36-Center,4.0,0.64898681640625,0.1622467041015625,0.0029154518950437317,0.0004730224609375,80
154,16.0,68,151,73,155,5.244535484642193,3.9204397139005818,0.6642297420901242,12.242640687119284,1.0,0.0009765625,976.5625,35.26184897173477,40.972933473767135,30.628435264848296,5,4,39.0625,31.25,39.0625,31.25,1.25,0.0014950476546439918,230728A-JC-36-Center,4.0,0.64898681640625,0.1622467041015625,0.0015047493651838616,0.000244140625,329
155,23.0,69,10,77,16,6.83686279509737,5.6850408066754765,0.5554832862894139,19.899494936611667,0.7931034482758621,0.00140380859375,1403.80859375,42.277471717234455,53.41299058669821,44.41438130215216,8,6,62.5,46.875,62.5,46.875,1.3333333333333333,0.002149131003550738,230728A-JC-36-Center,4.0,0.64898681640625,0.1622467041015625,0.002163077212451801,0.0003509521484375,195
156,6.0,69,26,72,29,3.126943839882286,2.309401076758503,0.6741998624632421,6.242640687119286,1.0,0.0003662109375,366.2109375,21.59338434195847,24.42924874908036,18.042195912175803,3,3,23.4375,23.4375,23.4375,23.4375,1.0,0.0005606428704914969,230728A-JC-36-Center,4.0,0.64898681640625,0.1622467041015625,0.0005642810119439481,9.1552734375e-05,464
157,8.0,69,254,73,256,4.47213595499958,2.0,0.8944271909999159,8.0,1.0,0.00048828125,488.28125,24.933892525089544,34.938562148434215,15.625,4,2,31.25,15.625,31.25,15.625,2.0,0.0007475238273219959,230728A-JC-36-Center,4.0,0.64898681640625,0.1622467041015625,0.0007523746825919308,0.0001220703125,445
158,6.0,71,52,74,55,3.1269438398822857,2.309401076758503,0.674199862463242,6.242640687119286,1.0,0.0003662109375,366.2109375,21.59338434195847,24.429248749080358,18.042195912175803,3,3,23.4375,23.4375,23.4375,23.4375,1.0,0.0005606428704914969,230728A-JC-36-Center,4.0,0.64898681640625,0.1622467041015625,0.0005642810119439481,9.1552734375e-05,465
159,17.0,72,4,81,6,9.850849153622065,1.985817190609744,0.9794703190450668,17.207106781186546,1.0,0.00103759765625,1037.59765625,36.347081966259985,76.95975901267238,15.514196801638624,9,2,70.3125,15.625,70.3125,15.625,4.5,0.0015884881330592412,230728A-JC-36-Center,4.0,0.64898681640625,0.1622467041015625,0.001598796200507853,0.0002593994140625,313
160,42.0,72,91,86,96,15.044506696085769,4.018467250383605,0.963667352703614,32.3492424049175,0.75,0.0025634765625,2563.4765625,57.13072493305822,117.53520856317007,31.39427539362191,14,5,109.375,39.0625,109.375,39.0625,2.8,0.0039245000934404785,230728A-JC-36-Center,4.0,0.64898681640625,0.1622467041015625,0.003949967083607637,0.000640869140625,16
161,19.0,72,124,78,129,5.57633892535136,4.95701868236464,0.45802785469231544,13.071067811865474,0.8636363636363636,0.00115966796875,1159.66796875,38.425709057546364,43.5651478543075,38.72670845597375,6,5,46.875,39.0625,46.875,39.0625,1.2,0.0017753690898897401,230728A-JC-36-Center,4.0,0.64898681640625,0.1622467041015625,0.0017868898711558357,0.0002899169921875,276
162,15.0,72,216,78,220,6.779918338824304,2.9883917240970392,0.897619563966063,13.242640687119284,0.8333333333333334,0.00091552734375,915.52734375,34.14213845600247,52.96811202206487,23.346810344508118,6,4,46.875,31.25,46.875,31.25,1.5,0.0014016071762287423,230728A-JC-36-Center,4.0,0.64898681640625,0.1622467041015625,0.0014107025298598702,0.0002288818359375,351
163,30.0,73,231,80,237,6.812783611604416,5.733660990182728,0.5400962227091767,18.899494936611667,0.8823529411764706,0.0018310546875,1831.0546875,48.284275252898695,53.224871965659496,44.79422648580256,7,6,54.6875,46.875,54.6875,46.875,1.1666666666666667,0.0028032143524574847,230728A-JC-36-Center,4.0,0.64898681640625,0.1622467041015625,0.0028214050597197404,0.000457763671875,90
165,29.0,75,201,84,206,10.280241512764674,3.908630890483372,0.9249009761495413,17.65685424949238,0.8787878787878788,0.00177001953125,1770.01953125,47.47271702926952,80.314386818474,30.536178831901342,9,5,70.3125,39.0625,70.3125,39.0625,1.8,0.0027097738740422352,230728A-JC-36-Center,4.0,0.64898681640625,0.1622467041015625,0.002727358224395749,0.0004425048828125,100
166,17.0,76,32,82,37,5.677594949031041,4.087308657946625,0.6940763268706908,13.899494936611665,0.8947368421052632,0.00103759765625,1037.59765625,36.347081966259985,44.35621053930501,31.93209889020801,6,5,46.875,39.0625,46.875,39.0625,1.2,0.0015884881330592412,230728A-JC-36-Center,4.0,0.64898681640625,0.1622467041015625,0.001598796200507853,0.0002593994140625,314
167,28.0,77,42,86,48,9.903453313663523,4.211643265365581,0.9050664524080657,19.27817459305202,0.8,0.001708984375,1708.984375,46.647041573764426,77.37072901299626,32.9034630106686,9,6,70.3125,46.875,70.3125,46.875,1.5,0.002616333395626986,230728A-JC-36-Center,4.0,0.64898681640625,0.1622467041015625,0.0026333113890717576,0.00042724609375,116
169,20.0,78,57,85,62,7.793195372566321,4.594138209176003,0.8077637375534643,17.414213562373096,0.7142857142857143,0.001220703125,1220.703125,39.423945656565,60.88433884817438,35.89170475918752,7,5,54.6875,39.0625,54.6875,39.0625,1.4,0.0018688095683049898,230728A-JC-36-Center,4.0,0.64898681640625,0.1622467041015625,0.001880936706479827,0.00030517578125,260
170,37.0,78,150,90,155,12.34882536701263,4.264828469283421,0.9384691454893284,25.86396103067893,0.8409090909090909,0.00225830078125,2258.30078125,53.62236341857576,96.47519817978618,33.31897241627672,12,5,93.75,39.0625,93.75,39.0625,2.4,0.003457297701364231,230728A-JC-36-Center,4.0,0.64898681640625,0.1622467041015625,0.00347973290698768,0.0005645751953125,38
171,29.0,78,218,86,224,8.105124059310436,5.181160043215519,0.769003138991659,20.692388155425117,0.8055555555555556,0.00177001953125,1770.01953125,47.47271702926952,63.32128171336278,40.477812837621244,8,6,62.5,46.875,62.5,46.875,1.3333333333333333,0.0027097738740422352,230728A-JC-36-Center,4.0,0.64898681640625,0.1622467041015625,0.002727358224395749,0.0004425048828125,101
172,9.0,79,17,85,20,6.538269201617644,2.0647957589530583,0.948825252961524,7.207106781186548,0.8181818181818182,0.00054931640625,549.31640625,26.446386728801077,51.080228137637846,16.13121686682077,6,3,46.875,23.4375,46.875,23.4375,2.0,0.0008409643057372453,230728A-JC-36-Center,4.0,0.64898681640625,0.1622467041015625,0.0008464215179159222,0.0001373291015625,436
173,13.0,79,120,84,124,4.882264478075504,3.7207481692400504,0.6474655039379409,10.82842712474619,0.8666666666666667,0.00079345703125,793.45703125,31.784601133814213,38.14269123496487,29.068345072187892,5,4,39.0625,31.25,39.0625,31.25,1.25,0.0012147262193982432,230728A-JC-36-Center,4.0,0.64898681640625,0.1622467041015625,0.0012226088592118874,0.0001983642578125,381
174,29.0,79,188,87,195,10.379269684811485,4.573577352494625,0.8976812569371271,24.106601717798213,0.7631578947368421,0.00177001953125,1770.01953125,47.47271702926952,81.08804441258972,35.73107306636425,8,7,62.5,54.6875,62.5,54.6875,1.1428571428571428,0.0027097738740422352,230728A-JC-36-Center,4.0,0.64898681640625,0.1622467041015625,0.002727358224395749,0.0004425048828125,102
175,12.0,80,158,85,162,5.701399026840876,3.02666744182518,0.8474570331474484,9.828427124746192,0.8,0.000732421875,732.421875,30.537656993932494,44.54217989719434,23.64583938925922,5,4,39.0625,31.25,39.0625,31.25,1.25,0.0011212857409829938,230728A-JC-36-Center,4.0,0.64898681640625,0.1622467041015625,0.0011285620238878963,0.00018310546875,398
176,28.0,81,80,91,84,10.929174125403444,3.49665873718997,0.947438462124926,21.071067811865476,0.8484848484848485,0.001708984375,1708.984375,46.647041573764426,85.38417285471441,27.31764638429664,10,4,78.125,31.25,78.125,31.25,2.5,0.002616333395626986,230728A-JC-36-Center,4.0,0.64898681640625,0.1622467041015625,0.0026333113890717576,0.00042724609375,117
177,23.0,81,101,88,107,7.210021171145103,4.873494067718306,0.7369627191184296,17.727922061357855,0.7666666666666667,0.00140380859375,1403.80859375,42.277471717234455,56.32829039957112,38.074172404049264,7,6,54.6875,46.875,54.6875,46.875,1.1666666666666667,0.002149131003550738,230728A-JC-36-Center,4.0,0.64898681640625,0.1622467041015625,0.002163077212451801,0.0003509521484375,196
178,17.0,81,132,89,135,10.225196583618654,2.895950845049281,0.9590558150839494,15.621320343559642,0.7083333333333334,0.00103759765625,1037.59765625,36.347081966259985,79.88434830952073,22.624615976947506,8,3,62.5,23.4375,62.5,23.4375,2.6666666666666665,0.0015884881330592412,230728A-JC-36-Center,4.0,0.64898681640625,0.1622467041015625,0.001598796200507853,0.0002593994140625,315
179,9.0,82,182,86,185,3.885753375057407,2.7954428906961324,0.6945875203623408,8.242640687119284,1.0,0.00054931640625,549.31640625,26.446386728801077,30.357448242635993,21.839397583563535,4,3,31.25,23.4375,31.25,23.4375,1.3333333333333333,0.0008409643057372453,230728A-JC-36-Center,4.0,0.64898681640625,0.1622467041015625,0.0008464215179159222,0.0001373291015625,437
180,19.0,82,246,87,251,5.212526051472713,4.66479582459468,0.44622584327971115,13.65685424949238,0.95,0.00115966796875,1159.66796875,38.425709057546364,40.722859777130566,36.44371737964594,5,5,39.0625,39.0625,39.0625,39.0625,1.0,0.0017753690898897401,230728A-JC-36-Center,4.0,0.64898681640625,0.1622467041015625,0.0017868898711558357,0.0002899169921875,277
181,20.0,83,237,92,241,9.010455616985672,3.759213956977092,0.9088120577386073,17.656854249492383,0.7142857142857143,0.001220703125,1220.703125,39.423945656565,70.39418450770056,29.36885903888353,9,4,70.3125,31.25,70.3125,31.25,2.25,0.0018688095683049898,230728A-JC-36-Center,4.0,0.64898681640625,0.1622467041015625,0.001880936706479827,0.00030517578125,261
182,13.0,84,11,88,15,4.318667337728677,3.6794648440311994,0.523556754446835,10.242640687119284,1.0,0.00079345703125,793.45703125,31.784601133814213,33.73958857600529,28.745819093993745,4,4,31.25,31.25,31.25,31.25,1.0,0.0012147262193982432,230728A-JC-36-Center,4.0,0.64898681640625,0.1622467041015625,0.0012226088592118874,0.0001983642578125,382
183,26.0,84,68,91,73,7.270645358161476,4.56269541484264,0.7785760502365582,17.071067811865476,0.9285714285714286,0.0015869140625,1586.9140625,44.95021399805931,56.80191686063653,35.64605792845813,7,5,54.6875,39.0625,54.6875,39.0625,1.4,0.0024294524387964865,230728A-JC-36-Center,4.0,0.64898681640625,0.1622467041015625,0.002445217718423775,0.000396728515625,138
184,18.0,84,170,89,178,7.694202576105201,4.152552367195451,0.841858146813102,14.449747468305834,0.72,0.0010986328125,1098.6328125,37.400838787634314,60.11095762582188,32.44181536871446,5,8,39.0625,62.5,62.5,39.0625,1.6,0.0016819286114744907,230728A-JC-36-Center,4.0,0.64898681640625,0.1622467041015625,0.0016928430358318443,0.000274658203125,299
185,44.0,84,210,95,218,11.439737350645167,5.5395061473490905,0.8749387066877597,27.79898987322333,0.8627450980392157,0.002685546875,2685.546875,58.4751612267118,89.37294805191537,43.27739177616477,11,8,85.9375,62.5,85.9375,62.5,1.375,0.004111381050270977,230728A-JC-36-Center,4.0,0.64898681640625,0.1622467041015625,0.00413806075425562,0.00067138671875,11
186,16.0,85,0,91,5,7.057429773469635,3.021619597590725,0.9037089564451258,14.071067811865476,0.8888888888888888,0.0009765625,976.5625,35.26184897173477,55.13617010523152,23.60640310617754,6,5,46.875,39.0625,46.875,39.0625,1.2,0.0014950476546439918,230728A-JC-36-Center,4.0,0.64898681640625,0.1622467041015625,0.0015047493651838616,0.000244140625,330
187,25.0,86,139,93,145,7.346372998030359,5.208800607991288,0.7051780761895646,18.071067811865476,0.8333333333333334,0.00152587890625,1525.87890625,44.07731121466846,57.393539047112185,40.693754749931934,7,6,54.6875,46.875,54.6875,46.875,1.1666666666666667,0.002336011960381237,230728A-JC-36-Center,4.0,0.64898681640625,0.1622467041015625,0.0023511708830997835,0.0003814697265625,158
188,16.0,87,22,94,25,7.8829076380478735,2.595142996061391,0.9442562466918045,13.621320343559644,0.8888888888888888,0.0009765625,976.5625,35.26184897173477,61.58521592224901,20.27455465672962,7,3,54.6875,23.4375,54.6875,23.4375,2.3333333333333335,0.0014950476546439918,230728A-JC-36-Center,4.0,0.64898681640625,0.1622467041015625,0.0015047493651838616,0.000244140625,331
189,26.0,87,108,94,115,8.176157750767937,5.4817745957473525,0.741947018145521,20.899494936611667,0.7428571428571429,0.0015869140625,1586.9140625,44.95021399805931,63.876232427874506,42.82636402927619,7,7,54.6875,54.6875,54.6875,54.6875,1.0,0.0024294524387964865,230728A-JC-36-Center,4.0,0.64898681640625,0.1622467041015625,0.002445217718423775,0.000396728515625,139
192,15.0,89,51,93,56,5.470871768810309,3.4677251397407387,0.773454038163781,12.242640687119284,0.9375,0.00091552734375,915.52734375,34.14213845600247,42.74118569383054,27.09160265422452,4,5,31.25,39.0625,39.0625,31.25,1.25,0.0014016071762287423,230728A-JC-36-Center,4.0,0.64898681640625,0.1622467041015625,0.0014107025298598702,0.0002288818359375,352
193,13.0,89,178,95,182,7.120102006598368,2.862118337897808,0.9156496972041184,11.414213562373096,0.7647058823529411,0.00079345703125,793.45703125,31.784601133814213,55.625796926549754,22.360299514826625,6,4,46.875,31.25,46.875,31.25,1.5,0.0012147262193982432,230728A-JC-36-Center,4.0,0.64898681640625,0.1622467041015625,0.0012226088592118874,0.0001983642578125,383
194,15.0,89,199,94,203,5.583995737386233,3.6710719664193654,0.7535178659885835,13.035533905932738,0.8333333333333334,0.00091552734375,915.52734375,34.14213845600247,43.62496669832994,28.68024973765129,5,4,39.0625,31.25,39.0625,31.25,1.25,0.0014016071762287423,230728A-JC-36-Center,4.0,0.64898681640625,0.1622467041015625,0.0014107025298598702,0.0002288818359375,353
196,18.0,90,158,97,162,7.791771175899271,3.1394590580214943,0.9152352794520594,15.242640687119284,0.8571428571428571,0.0010986328125,1098.6328125,37.400838787634314,60.873212311713054,24.527023890792925,7,4,54.6875,31.25,54.6875,31.25,1.75,0.0016819286114744907,230728A-JC-36-Center,4.0,0.64898681640625,0.1622467041015625,0.0016928430358318443,0.000274658203125,300
197,25.0,90,184,97,193,10.448689643863847,4.338765345834273,0.9097096527987899,20.692388155425117,0.7142857142857143,0.00152587890625,1525.87890625,44.07731121466846,81.6303878426863,33.89660426433026,7,9,54.6875,70.3125,70.3125,54.6875,1.2857142857142858,0.002336011960381237,230728A-JC-36-Center,4.0,0.64898681640625,0.1622467041015625,0.0023511708830997835,0.0003814697265625,159
198,28.0,92,39,100,47,8.544910413550566,5.52035342553015,0.7633036051983985,22.31370849898476,0.7567567567567568,0.001708984375,1708.984375,46.647041573764426,66.7571126058638,43.1277611369543,8,8,62.5,62.5,62.5,62.5,1.0,0.002616333395626986,230728A-JC-36-Center,4.0,0.64898681640625,0.1622467041015625,0.0026333113890717576,0.00042724609375,118
199,16.0,92,57,96,62,5.0420400923290005,4.03303009006218,0.6001591575484752,12.242640687119284,1.0,0.0009765625,976.5625,35.26184897173477,39.39093822132032,31.508047578610782,4,5,31.25,39.0625,39.0625,31.25,1.25,0.0014950476546439918,230728A-JC-36-Center,4.0,0.64898681640625,0.1622467041015625,0.0015047493651838616,0.000244140625,332
200,5.0,92,234,94,237,3.098386676965933,1.7888543819998317,0.816496580927726,5.207106781186548,1.0,0.00030517578125,305.17578125,19.7119728282825,24.20614591379635,13.975424859373685,2,3,15.625,23.4375,23.4375,15.625,1.5,0.00046720239207624745,230728A-JC-36-Center,4.0,0.64898681640625,0.1622467041015625,0.00047023417661995676,7.62939453125e-05,473
201,9.0,93,92,98,95,5.339062088964491,2.338744246846464,0.8989535206092107,9.414213562373096,0.8181818181818182,0.00054931640625,549.31640625,26.446386728801077,41.71142257003509,18.271439428487998,5,3,39.0625,23.4375,39.0625,23.4375,1.6666666666666667,0.0008409643057372453,230728A-JC-36-Center,4.0,0.64898681640625,0.1622467041015625,0.0008464215179159222,0.0001373291015625,438
202,19.0,93,98,97,104,6.665614365238528,3.643618575682906,0.8373748627566121,14.82842712474619,0.9047619047619048,0.00115966796875,1159.66796875,38.425709057546364,52.075112228426,28.465770122522702,4,6,31.25,46.875,46.875,31.25,1.5,0.0017753690898897401,230728A-JC-36-Center,4.0,0.64898681640625,0.1622467041015625,0.0017868898711558357,0.0002899169921875,278
203,24.0,93,124,99,130,7.200329766755393,4.449060590603943,0.7862592238383523,17.899494936611667,0.8888888888888888,0.00146484375,1464.84375,43.18676868391694,56.25257630277651,34.7582858640933,6,6,46.875,46.875,46.875,46.875,1.0,0.0022425714819659876,230728A-JC-36-Center,4.0,0.64898681640625,0.1622467041015625,0.0022571240477757925,0.0003662109375,178
204,33.0,93,225,105,231,13.607289839626597,3.242646727995555,0.9711910598196989,24.899494936611667,0.8048780487804879,0.00201416015625,2014.16015625,50.64097511272324,106.30695187208279,25.333177562465274,12,6,93.75,46.875,93.75,46.875,2.0,0.003083535787703233,230728A-JC-36-Center,4.0,0.64898681640625,0.1622467041015625,0.0031035455656917145,0.0005035400390625,69
205,39.0,94,25,103,34,11.673668511403267,6.576432228497687,0.8262142081774977,29.520815280171306,0.6842105263157895,0.00238037109375,2380.37109375,55.05254406207756,91.20053524533803,51.37837678513818,9,9,70.3125,70.3125,70.3125,70.3125,1.0,0.00364417865819473,230728A-JC-36-Center,4.0,0.64898681640625,0.1622467041015625,0.0036678265776356627,0.0005950927734375,25
206,41.0,94,248,102,256,8.491043250258986,7.642968960304636,0.43563933491106704,28.27817459305202,0.82,0.00250244140625,2502.44140625,56.446499951902865,66.33627539264833,59.710695002379964,8,8,62.5,62.5,62.5,62.5,1.0,0.003831059615025229,230728A-JC-36-Center,4.0,0.64898681640625,0.1622467041015625,0.003855920248283645,0.0006256103515625,19
207,36.0,95,68,108,72,15.820797984029728,3.6949923453874045,0.972344110690686,26.071067811865476,0.7346938775510204,0.002197265625,2197.265625,52.89277345760215,123.59998425023225,28.867127698339097,13,4,101.5625,31.25,101.5625,31.25,3.25,0.0033638572229489814,230728A-JC-36-Center,4.0,0.64898681640625,0.1622467041015625,0.0033856860716636886,0.00054931640625,46
208,24.0,96,0,103,4,7.458381420944573,4.0291013502789825,0.8415294613742685,16.242640687119284,1.0,0.00146484375,1464.84375,43.18676868391694,58.268604851129474,31.47735429905455,7,4,54.6875,31.25,54.6875,31.25,1.75,0.0022425714819659876,230728A-JC-36-Center,4.0,0.64898681640625,0.1622467041015625,0.0022571240477757925,0.0003662109375,179
209,13.0,96,76,100,80,4.907725735659753,3.279400065550629,0.7439711284387782,10.82842712474619,0.9285714285714286,0.00079345703125,793.45703125,31.784601133814213,38.34160730984182,25.620313012114288,4,4,31.25,31.25,31.25,31.25,1.0,0.0012147262193982432,230728A-JC-36-Center,4.0,0.64898681640625,0.1622467041015625,0.0012226088592118874,0.0001983642578125,384
210,38.0,96,83,106,90,10.86685348571596,5.77367456951501,0.8471770973127811,25.449747468305834,0.7755102040816326,0.0023193359375,2319.3359375,54.34215889298475,84.89729285715595,45.10683257433602,10,7,78.125,54.6875,78.125,54.6875,1.4285714285714286,0.0035507381797794803,230728A-JC-36-Center,4.0,0.64898681640625,0.1622467041015625,0.0035737797423116714,0.000579833984375,32
211,14.0,96,118,101,122,4.742873420478221,3.686025552052299,0.6292889820590859,11.071067811865476,1.0,0.0008544921875,854.4921875,32.98443941909962,37.0536985974861,28.797074625408584,5,4,39.0625,31.25,39.0625,31.25,1.25,0.001308166697813493,230728A-JC-36-Center,4.0,0.64898681640625,0.1622467041015625,0.0013166556945358788,0.000213623046875,367
212,29.0,97,141,104,147,7.5789043521395,5.361280085949924,0.7068183072778835,20.071067811865476,0.90625,0.00177001953125,1770.01953125,47.47271702926952,59.21019025108985,41.88500067148378,7,6,54.6875,46.875,54.6875,46.875,1.1666666666666667,0.0027097738740422352,230728A-JC-36-Center,4.0,0.64898681640625,0.1622467041015625,0.002727358224395749,0.0004425048828125,103
213,26.0,97,163,105,169,8.783828896377292,4.343733251273674,0.869169217237226,20.485281374238568,0.8387096774193549,0.0015869140625,1586.9140625,44.95021399805931,68.6236632529476,33.93541602557558,8,6,62.5,46.875,62.5,46.875,1.3333333333333333,0.0024294524387964865,230728A-JC-36-Center,4.0,0.64898681640625,0.1622467041015625,0.002445217718423775,0.000396728515625,140
214,5.0,98,15,101,17,3.098386676965933,1.7888543819998317,0.816496580927726,5.207106781186548,1.0,0.00030517578125,305.17578125,19.7119728282825,24.20614591379635,13.975424859373685,3,2,23.4375,15.625,23.4375,15.625,1.5,0.00046720239207624745,230728A-JC-36-Center,4.0,0.64898681640625,0.1622467041015625,0.00047023417661995676,7.62939453125e-05,474
215,31.0,98,52,107,59,10.28472561913586,4.86719214925387,0.880931001885208,23.935028842544405,0.775,0.00189208984375,1892.08984375,49.082416518079825,80.34941889949891,38.024938666045855,9,7,70.3125,54.6875,70.3125,54.6875,1.2857142857142858,0.002896654830872734,230728A-JC-36-Center,4.0,0.64898681640625,0.1622467041015625,0.0029154518950437317,0.0004730224609375,81
216,17.0,98,190,102,195,5.181899763382574,4.0412010400023215,0.6259432312521288,12.242640687119284,1.0,0.00103759765625,1037.59765625,36.347081966259985,40.48359190142636,31.571883125018136,4,5,31.25,39.0625,39.0625,31.25,1.25,0.0015884881330592412,230728A-JC-36-Center,4.0,0.64898681640625,0.1622467041015625,0.001598796200507853,0.0002593994140625,316
217,27.0,100,198,108,203,7.8076287259946255,4.509529712864452,0.8163341323305847,18.071067811865476,0.8709677419354839,0.00164794921875,1647.94921875,45.806485490898744,60.99709942183301,35.23070088175353,8,5,62.5,39.0625,62.5,39.0625,1.6,0.002522892917211736,230728A-JC-36-Center,4.0,0.64898681640625,0.1622467041015625,0.0025392645537477662,0.0004119873046875,128
218,17.0,100,237,106,242,6.0443162848485095,4.0897134642477555,0.7363311376674917,13.449747468305834,0.8095238095238095,0.00103759765625,1037.59765625,36.347081966259985,47.221220975378984,31.95088643943559,6,5,46.875,39.0625,46.875,39.0625,1.2,0.0015884881330592412,230728A-JC-36-Center,4.0,0.64898681640625,0.1622467041015625,0.001598796200507853,0.0002593994140625,317
219,27.0,101,106,109,110,8.30294750337666,4.1028470073229775,0.8693803912948574,17.82842712474619,0.9310344827586207,0.00164794921875,1647.94921875,45.806485490898744,64.86677737013017,32.05349224471076,8,4,62.5,31.25,62.5,31.25,2.0,0.002522892917211736,230728A-JC-36-Center,4.0,0.64898681640625,0.1622467041015625,0.0025392645537477662,0.0004119873046875,129
220,10.0,101,127,103,133,6.343898075098332,1.853363756191339,0.9563728019160793,9.0,0.9090909090909091,0.0006103515625,610.3515625,27.87693931488705,49.56170371170572,14.479404345244836,2,6,15.625,46.875,46.875,15.625,3.0,0.0009344047841524949,230728A-JC-36-Center,4.0,0.64898681640625,0.1622467041015625,0.0009404683532399135,0.000152587890625,423
221,16.0,103,7,109,11,5.707723628864723,4.158953110639662,0.6848824697870752,13.035533905932738,0.8,0.0009765625,976.5625,35.26184897173477,44.591590850505646,32.491821176872364,6,4,46.875,31.25,46.875,31.25,1.5,0.0014950476546439918,230728A-JC-36-Center,4.0,0.64898681640625,0.1622467041015625,0.0015047493651838616,0.000244140625,333
222,19.0,103,91,108,96,5.078879192343081,4.855815829335072,0.2931051908802741,13.65685424949238,0.95,0.00115966796875,1159.66796875,38.425709057546364,39.67874369018032,37.936061166680254,5,5,39.0625,39.0625,39.0625,39.0625,1.0,0.0017753690898897401,230728A-JC-36-Center,4.0,0.64898681640625,0.1622467041015625,0.0017868898711558357,0.0002899169921875,279
223,24.0,103,178,110,183,6.88466528804894,4.483456687817336,0.7588858872447513,16.485281374238568,0.96,0.00146484375,1464.84375,43.18676868391694,53.786447562882344,35.02700537357293,7,5,54.6875,39.0625,54.6875,39.0625,1.4,0.0022425714819659876,230728A-JC-36-Center,4.0,0.64898681640625,0.1622467041015625,0.0022571240477757925,0.0003662109375,180
224,44.0,105,140,112,149,9.670152506294059,6.448823463139126,0.7451658519889249,25.899494936611664,0.8627450980392157,0.002685546875,2685.546875,58.4751612267118,75.54806645542233,50.38143330577442,7,9,54.6875,70.3125,70.3125,54.6875,1.2857142857142858,0.004111381050270977,230728A-JC-36-Center,4.0,0.64898681640625,0.1622467041015625,0.00413806075425562,0.00067138671875,12
225,27.0,106,215,113,222,8.232046456337333,4.63868103645723,0.8261224551585149,19.31370849898476,0.84375,0.00164794921875,1647.94921875,45.806485490898744,64.31286294013542,36.23969559732211,7,7,54.6875,54.6875,54.6875,54.6875,1.0,0.002522892917211736,230728A-JC-36-Center,4.0,0.64898681640625,0.1622467041015625,0.0025392645537477662,0.0004119873046875,130
226,7.0,107,23,110,26,3.0237157840738176,2.799416848895061,0.377964473009227,6.82842712474619,1.0,0.00042724609375,427.24609375,23.323520786882213,23.6227795630767,21.870444131992663,3,3,23.4375,23.4375,23.4375,23.4375,1.0,0.0006540833489067464,230728A-JC-36-Center,4.0,0.64898681640625,0.1622467041015625,0.0006583278472679394,0.0001068115234375,455
228,27.0,107,227,113,232,6.812208487977921,5.001219537335752,0.6789814963375519,16.82842712474619,0.9642857142857143,0.00164794921875,1647.94921875,45.806485490898744,53.22037881232751,39.07202763543556,6,5,46.875,39.0625,46.875,39.0625,1.2,0.002522892917211736,230728A-JC-36-Center,4.0,0.64898681640625,0.1622467041015625,0.0025392645537477662,0.0004119873046875,131
229,10.0,107,253,111,256,4.09878030638384,3.098386676965933,0.6546536707079772,8.207106781186548,0.9090909090909091,0.0006103515625,610.3515625,27.87693931488705,32.02172114362375,24.20614591379635,4,3,31.25,23.4375,31.25,23.4375,1.3333333333333333,0.0009344047841524949,230728A-JC-36-Center,4.0,0.64898681640625,0.1622467041015625,0.0009404683532399135,0.000152587890625,424
230,36.0,108,0,123,4,15.657530170599186,3.550659242386081,0.9739483222921015,29.86396103067893,0.7659574468085106,0.002197265625,2197.265625,52.89277345760215,122.32445445780614,27.73952533114126,15,4,117.1875,31.25,117.1875,31.25,3.75,0.0033638572229489814,230728A-JC-36-Center,4.0,0.64898681640625,0.1622467041015625,0.0033856860716636886,0.00054931640625,47
232,15.0,108,111,113,115,5.309178691345784,3.6330824777351998,0.7291985639861923,12.242640687119284,0.9375,0.00091552734375,915.52734375,34.14213845600247,41.47795852613894,28.38345685730625,5,4,39.0625,31.25,39.0625,31.25,1.25,0.0014016071762287423,230728A-JC-36-Center,4.0,0.64898681640625,0.1622467041015625,0.0014107025298598702,0.0002288818359375,354
233,19.0,109,12,115,17,6.155870112510924,4.022099615693221,0.7570332986102253,14.48528137423857,0.9047619047619048,0.00115966796875,1159.66796875,38.425709057546364,48.0927352539916,31.422653247603286,6,5,46.875,39.0625,46.875,39.0625,1.2,0.0017753690898897401,230728A-JC-36-Center,4.0,0.64898681640625,0.1622467041015625,0.0017868898711558357,0.0002899169921875,280
234,16.0,109,79,115,82,6.602897716712576,3.025184579927621,0.8888696647386813,12.207106781186548,0.9411764705882353,0.0009765625,976.5625,35.26184897173477,51.585138411817,23.634254530684537,6,3,46.875,23.4375,46.875,23.4375,2.0,0.0014950476546439918,230728A-JC-36-Center,4.0,0.64898681640625,0.1622467041015625,0.0015047493651838616,0.000244140625,334
235,9.0,109,239,113,242,4.708788181923399,2.504347879633133,0.8468413944019119,8.207106781186548,0.9,0.00054931640625,549.31640625,26.446386728801077,36.787407671276554,19.565217809633854,4,3,31.25,23.4375,31.25,23.4375,1.3333333333333333,0.0008409643057372453,230728A-JC-36-Center,4.0,0.64898681640625,0.1622467041015625,0.0008464215179159222,0.0001373291015625,439
236,6.0,110,21,114,23,3.8297084310253524,1.8856180831641272,0.8703882797784891,6.414213562373095,1.0,0.0003662109375,366.2109375,21.59338434195847,29.919597117385564,14.731391274719744,4,2,31.25,15.625,31.25,15.625,2.0,0.0005606428704914969,230728A-JC-36-Center,4.0,0.64898681640625,0.1622467041015625,0.0005642810119439481,9.1552734375e-05,466
237,17.0,110,26,117,32,8.352274604508164,3.293706949727065,0.9189609685372667,16.242640687119284,0.7391304347826086,0.00103759765625,1037.59765625,36.347081966259985,65.25214534772003,25.732085544742695,7,6,54.6875,46.875,54.6875,46.875,1.1666666666666667,0.0015884881330592412,230728A-JC-36-Center,4.0,0.64898681640625,0.1622467041015625,0.001598796200507853,0.0002593994140625,318
238,23.0,110,44,116,49,5.809656416687404,5.022658496174332,0.5025704876770722,15.071067811865476,1.0,0.00140380859375,1403.80859375,42.277471717234455,45.387940755370344,39.23951950136197,6,5,46.875,39.0625,46.875,39.0625,1.2,0.002149131003550738,230728A-JC-36-Center,4.0,0.64898681640625,0.1622467041015625,0.002163077212451801,0.0003509521484375,197
239,23.0,110,121,119,125,10.066931502368288,3.4840969726066255,0.938200120986762,18.035533905932738,0.7666666666666667,0.00140380859375,1403.80859375,42.277471717234455,78.64790236225225,27.219507598489262,9,4,70.3125,31.25,70.3125,31.25,2.25,0.002149131003550738,230728A-JC-36-Center,4.0,0.64898681640625,0.1622467041015625,0.002163077212451801,0.0003509521484375,198
240,34.0,110,131,119,136,10.029261321655811,4.55896474613169,0.8907128776267569,22.485281374238568,0.8947368421052632,0.0020751953125,2075.1953125,51.40253626937142,78.35360407543602,35.61691207915383,9,5,70.3125,39.0625,70.3125,39.0625,1.8,0.0031769762661184825,230728A-JC-36-Center,4.0,0.64898681640625,0.1622467041015625,0.003197592401015706,0.000518798828125,64
241,14.0,111,68,116,72,5.1823877563477305,3.4285714285714293,0.7498733429020774,11.65685424949238,0.9333333333333333,0.0008544921875,854.4921875,32.98443941909962,40.48740434646665,26.785714285714292,5,4,39.0625,31.25,39.0625,31.25,1.25,0.001308166697813493,230728A-JC-36-Center,4.0,0.64898681640625,0.1622467041015625,0.0013166556945358788,0.000213623046875,368
242,16.0,112,97,117,102,5.830951894845301,3.464101615137755,0.8043996665398436,13.071067811865476,0.8888888888888888,0.0009765625,976.5625,35.26184897173477,45.55431167847891,27.06329386826371,5,5,39.0625,39.0625,39.0625,39.0625,1.0,0.0014950476546439918,230728A-JC-36-Center,4.0,0.64898681640625,0.1622467041015625,0.0015047493651838616,0.000244140625,335
243,19.0,112,159,117,164,5.212526051472713,4.66479582459468,0.44622584327971115,13.65685424949238,0.95,0.00115966796875,1159.66796875,38.425709057546364,40.722859777130566,36.44371737964594,5,5,39.0625,39.0625,39.0625,39.0625,1.0,0.0017753690898897401,230728A-JC-36-Center,4.0,0.64898681640625,0.1622467041015625,0.0017868898711558357,0.0002899169921875,281
244,15.0,113,183,119,186,6.342284798713822,2.973565233632897,0.8832790580429855,11.621320343559642,0.9375,0.00091552734375,915.52734375,34.14213845600247,49.54909998995173,23.230978387757006,6,3,46.875,23.4375,46.875,23.4375,2.0,0.0014016071762287423,230728A-JC-36-Center,4.0,0.64898681640625,0.1622467041015625,0.0014107025298598702,0.0002288818359375,355
245,22.0,113,222,120,226,6.994685113335034,3.9542842128966447,0.8248669016304421,15.242640687119284,0.9166666666666666,0.0013427734375,1342.7734375,41.34818303438459,54.64597744792996,30.892845413255035,7,4,54.6875,31.25,54.6875,31.25,1.75,0.0020556905251354887,230728A-JC-36-Center,4.0,0.64898681640625,0.1622467041015625,0.00206903037712781,0.000335693359375,217
246,16.0,114,144,118,150,5.986374901012925,3.610860776120078,0.797605200712927,13.035533905932738,0.8888888888888888,0.0009765625,976.5625,35.26184897173477,46.768553914163476,28.20984981343811,4,6,31.25,46.875,46.875,31.25,1.5,0.0014950476546439918,230728A-JC-36-Center,4.0,0.64898681640625,0.1622467041015625,0.0015047493651838616,0.000244140625,336
247,26.0,114,242,121,247,7.4928142451220126,4.558597548717539,0.7936336783817792,17.65685424949238,0.9285714285714286,0.0015869140625,1586.9140625,44.95021399805931,58.537611290015725,35.61404334935577,7,5,54.6875,39.0625,54.6875,39.0625,1.4,0.0024294524387964865,230728A-JC-36-Center,4.0,0.64898681640625,0.1622467041015625,0.002445217718423775,0.000396728515625,141
248,22.0,115,51,121,56,6.298747559465551,4.430752115171162,0.7107607529124724,15.071067811865476,0.9565217391304348,0.0013427734375,1342.7734375,41.34818303438459,49.208965308324615,34.61525089977471,6,5,46.875,39.0625,46.875,39.0625,1.2,0.0020556905251354887,230728A-JC-36-Center,4.0,0.64898681640625,0.1622467041015625,0.00206903037712781,0.000335693359375,218
249,13.0,115,87,119,91,4.835764198615911,3.4401045807689066,0.7027994916802893,10.82842712474619,1.0,0.00079345703125,793.45703125,31.784601133814213,37.7794078016868,26.875817037257082,4,4,31.25,31.25,31.25,31.25,1.0,0.0012147262193982432,230728A-JC-36-Center,4.0,0.64898681640625,0.1622467041015625,0.0012226088592118874,0.0001983642578125,385
250,11.0,115,195,119,198,4.346129984141888,3.067356324605906,0.7084437526351622,9.414213562373096,1.0,0.00067138671875,671.38671875,29.2375806133559,33.954140501108505,23.963721285983638,4,3,31.25,23.4375,31.25,23.4375,1.3333333333333333,0.0010278452625677443,230728A-JC-36-Center,4.0,0.64898681640625,0.1622467041015625,0.001034515188563905,0.0001678466796875,409
251,20.0,115,206,120,211,5.663920903402518,4.472135954999579,0.6136437105448665,14.242640687119284,0.9090909090909091,0.001220703125,1220.703125,39.423945656565,44.24938205783217,34.93856214843421,5,5,39.0625,39.0625,39.0625,39.0625,1.0,0.0018688095683049898,230728A-JC-36-Center,4.0,0.64898681640625,0.1622467041015625,0.001880936706479827,0.00030517578125,262
252,19.0,116,33,121,38,5.263157894736842,4.588314677411235,0.4898979485566355,13.65685424949238,0.9047619047619048,0.00115966796875,1159.66796875,38.425709057546364,41.118421052631575,35.84620841727527,5,5,39.0625,39.0625,39.0625,39.0625,1.0,0.0017753690898897401,230728A-JC-36-Center,4.0,0.64898681640625,0.1622467041015625,0.0017868898711558357,0.0002899169921875,282
253,35.0,116,106,125,114,11.251212888292851,5.343354099449969,0.8800324230316192,26.899494936611667,0.7291666666666666,0.00213623046875,2136.23046875,52.15297795409801,87.9001006897879,41.74495390195288,9,8,70.3125,62.5,70.3125,62.5,1.125,0.003270416744533732,230728A-JC-36-Center,4.0,0.64898681640625,0.1622467041015625,0.0032916392363396972,0.0005340576171875,54
254,26.0,117,68,125,72,8.65704940163611,3.8755635330945117,0.8941952444981377,18.242640687119284,0.9285714285714286,0.0015869140625,1586.9140625,44.95021399805931,67.63319845028211,30.27784010230087,8,4,62.5,31.25,62.5,31.25,2.0,0.0024294524387964865,230728A-JC-36-Center,4.0,0.64898681640625,0.1622467041015625,0.002445217718423775,0.000396728515625,142
255,6.0,118,236,121,238,3.265986323710904,2.0,0.7905694150420949,6.0,1.0,0.0003662109375,366.2109375,21.59338434195847,25.51551815399144,15.625,3,2,23.4375,15.625,23.4375,15.625,1.5,0.0005606428704914969,230728A-JC-36-Center,4.0,0.64898681640625,0.1622467041015625,0.0005642810119439481,9.1552734375e-05,467
256,29.0,119,198,127,203,8.227247599407796,4.608156680962856,0.8284188175054368,19.242640687119284,0.90625,0.00177001953125,1770.01953125,47.47271702926952,64.2753718703734,36.00122407002231,8,5,62.5,39.0625,62.5,39.0625,1.6,0.0027097738740422352,230728A-JC-36-Center,4.0,0.64898681640625,0.1622467041015625,0.002727358224395749,0.0004425048828125,104
259,16.0,121,16,128,21,7.987653586931521,3.4745345264049403,0.900436185158054,14.449747468305832,0.6956521739130435,0.0009765625,976.5625,35.26184897173477,62.40354364790251,27.144800987538595,7,5,54.6875,39.0625,54.6875,39.0625,1.4,0.0014950476546439918,230728A-JC-36-Center,4.0,0.64898681640625,0.1622467041015625,0.0015047493651838616,0.000244140625,337
260,31.0,121,80,129,86,8.941665540437697,4.502837501258611,0.8639490193485586,20.27817459305202,0.9117647058823529,0.00189208984375,1892.08984375,49.082416518079825,69.8567620346695,35.1784179785829,8,6,62.5,46.875,62.5,46.875,1.3333333333333333,0.002896654830872734,230728A-JC-36-Center,4.0,0.64898681640625,0.1622467041015625,0.0029154518950437317,0.0004730224609375,82
261,31.0,121,141,127,148,7.489488744662035,5.590161899314025,0.6654964650878674,20.27817459305202,0.8857142857142857,0.00189208984375,1892.08984375,49.082416518079825,58.51163081767215,43.673139838390824,6,7,46.875,54.6875,54.6875,46.875,1.1666666666666667,0.002896654830872734,230728A-JC-36-Center,4.0,0.64898681640625,0.1622467041015625,0.0029154518950437317,0.0004730224609375,83
262,12.0,121,155,126,159,4.320493798938574,3.590109871423003,0.5563486402641867,10.485281374238571,1.0,0.000732421875,732.421875,30.537656993932494,33.753857804207605,28.04773337049221,5,4,39.0625,31.25,39.0625,31.25,1.25,0.0011212857409829938,230728A-JC-36-Center,4.0,0.64898681640625,0.1622467041015625,0.0011285620238878963,0.00018310546875,399
263,18.0,121,173,127,177,6.337382483841721,3.601858648341427,0.8227860995976767,13.035533905932738,0.9,0.0010986328125,1098.6328125,37.400838787634314,49.51080065501345,28.1395206901674,6,4,46.875,31.25,46.875,31.25,1.5,0.0016819286114744907,230728A-JC-36-Center,4.0,0.64898681640625,0.1622467041015625,0.0016928430358318443,0.000274658203125,301
264,8.0,122,7,125,11,3.9722133299273006,2.6403638502198645,0.747102836415358,8.242640687119284,1.0,0.00048828125,488.28125,24.933892525089544,31.032916640057035,20.627842579842692,3,4,23.4375,31.25,31.25,23.4375,1.3333333333333333,0.0007475238273219959,230728A-JC-36-Center,4.0,0.64898681640625,0.1622467041015625,0.0007523746825919308,0.0001220703125,446
265,29.0,122,90,130,96,8.650613223543703,5.1026741270301335,0.8075035527716239,21.035533905932738,0.7435897435897436,0.00177001953125,1770.01953125,47.47271702926952,67.58291580893517,39.86464161742292,8,6,62.5,46.875,62.5,46.875,1.3333333333333333,0.0027097738740422352,230728A-JC-36-Center,4.0,0.64898681640625,0.1622467041015625,0.002727358224395749,0.0004425048828125,105
266,12.0,123,23,126,29,6.0,2.7487370837451066,0.888888888888889,10.071067811865476,0.8571428571428571,0.000732421875,732.421875,30.537656993932494,46.875,21.474508466758646,3,6,23.4375,46.875,46.875,23.4375,2.0,0.0011212857409829938,230728A-JC-36-Center,4.0,0.64898681640625,0.1622467041015625,0.0011285620238878963,0.00018310546875,400
267,11.0,123,32,127,38,6.342060595419979,3.207906497738993,0.862642246553799,9.207106781186548,0.7333333333333333,0.00067138671875,671.38671875,29.2375806133559,49.54734840171859,25.061769513585883,4,6,31.25,46.875,46.875,31.25,1.5,0.0010278452625677443,230728A-JC-36-Center,4.0,0.64898681640625,0.1622467041015625,0.001034515188563905,0.0001678466796875,410
268,22.0,124,47,130,53,6.451457497106419,4.720118918979728,0.6816954462826337,15.65685424949238,0.8461538461538461,0.0013427734375,1342.7734375,41.34818303438459,50.402011696143894,36.875929054529124,6,6,46.875,46.875,46.875,46.875,1.0,0.0020556905251354887,230728A-JC-36-Center,4.0,0.64898681640625,0.1622467041015625,0.00206903037712781,0.000335693359375,219
269,19.0,124,166,133,170,9.42057106269992,2.8216984471872806,0.9540883887660432,13.621320343559642,0.7307692307692307,0.00115966796875,1159.66796875,38.425709057546364,73.59821142734313,22.04451911865063,9,4,70.3125,31.25,70.3125,31.25,2.25,0.0017753690898897401,230728A-JC-36-Center,4.0,0.64898681640625,0.1622467041015625,0.0017868898711558357,0.0002899169921875,283
270,44.0,124,223,132,237,16.606857726985552,4.070337619471714,0.969497851846595,31.520815280171306,0.7096774193548387,0.002685546875,2685.546875,58.4751612267118,129.74107599207463,31.79951265212277,8,14,62.5,109.375,109.375,62.5,1.75,0.004111381050270977,230728A-JC-36-Center,4.0,0.64898681640625,0.1622467041015625,0.00413806075425562,0.00067138671875,13
271,11.0,125,55,128,61,6.249894234902777,2.373401973657667,0.9250888464822296,10.414213562373096,0.8461538461538461,0.00067138671875,671.38671875,29.2375806133559,48.82729871017794,18.542202919200523,3,6,23.4375,46.875,46.875,23.4375,2.0,0.0010278452625677443,230728A-JC-36-Center,4.0,0.64898681640625,0.1622467041015625,0.001034515188563905,0.0001678466796875,411
272,14.0,126,68,132,72,7.182745765700877,2.507132682112036,0.9371043468910094,13.035533905932738,0.875,0.0008544921875,854.4921875,32.98443941909962,56.115201294538096,19.58697407900028,6,4,46.875,31.25,46.875,31.25,1.5,0.001308166697813493,230728A-JC-36-Center,4.0,0.64898681640625,0.1622467041015625,0.0013166556945358788,0.000213623046875,369
273,19.0,127,133,132,140,8.2957359394147,3.831729409164298,0.8869364682662684,17.27817459305202,0.7037037037037037,0.00115966796875,1159.66796875,38.425709057546364,64.81043702667733,29.935386009096078,5,7,39.0625,54.6875,54.6875,39.0625,1.4,0.0017753690898897401,230728A-JC-36-Center,4.0,0.64898681640625,0.1622467041015625,0.0017868898711558357,0.0002899169921875,284
274,23.0,128,206,135,211,8.25806097120279,3.7108493004794534,0.8933503378569022,17.071067811865476,0.8846153846153846,0.00140380859375,1403.80859375,42.277471717234455,64.51610133752179,28.991010159995728,7,5,54.6875,39.0625,54.6875,39.0625,1.4,0.002149131003550738,230728A-JC-36-Center,4.0,0.64898681640625,0.1622467041015625,0.002163077212451801,0.0003509521484375,199
275,83.0,128,234,139,247,15.23645767356922,8.145443680780836,0.8451038371672075,45.21320343559643,0.7904761904761904,0.00506591796875,5065.91796875,80.31268323370182,119.03482557475952,63.63627875610028,11,13,85.9375,101.5625,101.5625,85.9375,1.1818181818181819,0.0077555597084657075,230728A-JC-36-Center,4.0,0.64898681640625,0.1622467041015625,0.007805887331891282,0.0012664794921875,2
278,32.0,129,116,135,124,7.927379153843981,5.205205063318821,0.7542293266022629,19.899494936611664,0.8888888888888888,0.001953125,1953.125,49.86778505017909,61.9326496394061,40.66566455717829,6,8,46.875,62.5,62.5,46.875,1.3333333333333333,0.0029900953092879836,230728A-JC-36-Center,4.0,0.64898681640625,0.1622467041015625,0.003009498730367723,0.00048828125,73
279,14.0,129,125,133,131,7.307938064057039,3.4139809228673474,0.8841724657823653,14.035533905932738,0.7,0.0008544921875,854.4921875,32.98443941909962,57.093266125445616,26.671725959901153,4,6,31.25,46.875,46.875,31.25,1.5,0.001308166697813493,230728A-JC-36-Center,4.0,0.64898681640625,0.1622467041015625,0.0013166556945358788,0.000213623046875,370
280,24.0,130,26,137,32,8.819284819621588,4.7344122882187465,0.8436936375721152,20.071067811865476,0.7741935483870968,0.00146484375,1464.84375,43.18676868391694,68.90066265329365,36.98759600170896,7,6,54.6875,46.875,54.6875,46.875,1.1666666666666667,0.0022425714819659876,230728A-JC-36-Center,4.0,0.64898681640625,0.1622467041015625,0.0022571240477757925,0.0003662109375,181
281,30.0,130,78,142,81,12.722546429517708,3.0410398648944623,0.9710127711339862,22.449747468305834,0.9375,0.0018310546875,1831.0546875,48.284275252898695,99.3948939806071,23.758123944487988,12,3,93.75,23.4375,93.75,23.4375,4.0,0.0028032143524574847,230728A-JC-36-Center,4.0,0.64898681640625,0.1622467041015625,0.0028214050597197404,0.000457763671875,91
282,31.0,130,159,139,168,12.720203145693773,4.416737049842779,0.9377828836017825,24.035533905932738,0.6739130434782609,0.00189208984375,1892.08984375,49.082416518079825,99.3765870757326,34.50575820189671,9,9,70.3125,70.3125,70.3125,70.3125,1.0,0.002896654830872734,230728A-JC-36-Center,4.0,0.64898681640625,0.1622467041015625,0.0029154518950437317,0.0004730224609375,84
283,35.0,131,38,141,45,10.829950943355788,5.0391446586734965,0.8851545729685955,25.520815280171306,0.7446808510638298,0.00213623046875,2136.23046875,52.15297795409801,84.6089917449671,39.36831764588669,10,7,78.125,54.6875,78.125,54.6875,1.4285714285714286,0.003270416744533732,230728A-JC-36-Center,4.0,0.64898681640625,0.1622467041015625,0.0032916392363396972,0.0005340576171875,55
284,9.0,131,152,136,154,5.274258481434536,1.946056459258261,0.9294403032006735,9.207106781186548,1.0,0.00054931640625,549.31640625,26.446386728801077,41.205144386207316,15.203566087955164,5,2,39.0625,15.625,39.0625,15.625,2.5,0.0008409643057372453,230728A-JC-36-Center,4.0,0.64898681640625,0.1622467041015625,0.0008464215179159222,0.0001373291015625,440
285,16.0,132,89,136,95,5.587445253180821,3.5749762996007557,0.7685222550084844,12.485281374238571,1.0,0.0009765625,976.5625,35.26184897173477,43.651916040475164,27.929502340630904,4,6,31.25,46.875,46.875,31.25,1.5,0.0014950476546439918,230728A-JC-36-Center,4.0,0.64898681640625,0.1622467041015625,0.0015047493651838616,0.000244140625,338
286,23.0,132,188,139,195,7.071799361205496,5.604569911186004,0.6098408727060136,19.935028842544405,0.71875,0.00140380859375,1403.80859375,42.277471717234455,55.24843250941794,43.785702431140656,7,7,54.6875,54.6875,54.6875,54.6875,1.0,0.002149131003550738,230728A-JC-36-Center,4.0,0.64898681640625,0.1622467041015625,0.002163077212451801,0.0003509521484375,200
287,8.0,133,13,136,18,5.592857867650027,2.054249466901523,0.9301030369550042,8.414213562373096,0.7272727272727273,0.00048828125,488.28125,24.933892525089544,43.69420209101583,16.04882396016815,3,5,23.4375,39.0625,39.0625,23.4375,1.6666666666666667,0.0007475238273219959,230728A-JC-36-Center,4.0,0.64898681640625,0.1622467041015625,0.0007523746825919308,0.0001220703125,447
288,25.0,133,64,140,69,6.9753512341625274,4.717676881693712,0.7365938115871818,16.48528137423857,1.0,0.00152587890625,1525.87890625,44.07731121466846,54.494931516894745,36.856850638232125,7,5,54.6875,39.0625,54.6875,39.0625,1.4,0.002336011960381237,230728A-JC-36-Center,4.0,0.64898681640625,0.1622467041015625,0.0023511708830997835,0.0003814697265625,160
289,24.0,133,144,138,151,8.090950135750687,3.976720216280464,0.8708763034005605,17.65685424949238,0.8888888888888888,0.00146484375,1464.84375,43.18676868391694,63.21054793555224,31.068126689691127,5,7,39.0625,54.6875,54.6875,39.0625,1.4,0.0022425714819659876,230728A-JC-36-Center,4.0,0.64898681640625,0.1622467041015625,0.0022571240477757925,0.0003662109375,182
290,12.0,134,213,137,219,6.479958755893795,2.3355040069243675,0.932790291036831,11.035533905932738,0.9230769230769231,0.000732421875,732.421875,30.537656993932494,50.62467778042028,18.24612505409662,3,6,23.4375,46.875,46.875,23.4375,2.0,0.0011212857409829938,230728A-JC-36-Center,4.0,0.64898681640625,0.1622467041015625,0.0011285620238878963,0.00018310546875,401
291,23.0,135,4,141,9,6.718827069625329,4.459340556180202,0.7479916028664282,16.242640687119284,0.92,0.00140380859375,1403.80859375,42.277471717234455,52.49083648144788,34.838598095157835,6,5,46.875,39.0625,46.875,39.0625,1.2,0.002149131003550738,230728A-JC-36-Center,4.0,0.64898681640625,0.1622467041015625,0.002163077212451801,0.0003509521484375,201
292,19.0,137,49,144,55,7.5985456747951465,4.769658085658839,0.77844992750528,16.44974746830583,0.7037037037037037,0.00115966796875,1159.66796875,38.425709057546364,59.36363808433708,37.26295379420968,7,6,54.6875,46.875,54.6875,46.875,1.1666666666666667,0.0017753690898897401,230728A-JC-36-Center,4.0,0.64898681640625,0.1622467041015625,0.0017868898711558357,0.0002899169921875,285
293,14.0,137,103,142,107,5.613118538709359,3.169214520754405,0.8253588463043114,12.035533905932738,0.875,0.0008544921875,854.4921875,32.98443941909962,43.85248858366687,24.75948844339379,5,4,39.0625,31.25,39.0625,31.25,1.25,0.001308166697813493,230728A-JC-36-Center,4.0,0.64898681640625,0.1622467041015625,0.0013166556945358788,0.000213623046875,371
294,20.0,137,135,142,141,5.760210882572018,4.424926054557173,0.6402240878773338,14.485281374238571,0.9090909090909091,0.001220703125,1220.703125,39.423945656565,45.00164752009389,34.569734801227916,5,6,39.0625,46.875,46.875,39.0625,1.2,0.0018688095683049898,230728A-JC-36-Center,4.0,0.64898681640625,0.1622467041015625,0.001880936706479827,0.00030517578125,263
295,12.0,137,198,141,202,4.364045181411538,3.5213000580812737,0.5907030891845739,10.242640687119286,1.0,0.000732421875,732.421875,30.537656993932494,34.094102979777645,27.51015670375995,4,4,31.25,31.25,31.25,31.25,1.0,0.0011212857409829938,230728A-JC-36-Center,4.0,0.64898681640625,0.1622467041015625,0.0011285620238878963,0.00018310546875,402
297,23.0,138,179,146,184,9.289791033312847,4.283697714738456,0.887338385550617,18.071067811865476,0.7931034482758621,0.00140380859375,1403.80859375,42.277471717234455,72.57649244775662,33.46638839639419,8,5,62.5,39.0625,62.5,39.0625,1.6,0.002149131003550738,230728A-JC-36-Center,4.0,0.64898681640625,0.1622467041015625,0.002163077212451801,0.0003509521484375,202
298,4.0,138,222,140,224,2.0,2.0,0.0,4.0,1.0,0.000244140625,244.140625,17.630924485867386,15.625,15.625,2,2,15.625,15.625,15.625,15.625,1.0,0.00037376191366099795,230728A-JC-36-Center,4.0,0.64898681640625,0.1622467041015625,0.0003761873412959654,6.103515625e-05,485
299,30.0,139,89,146,97,7.355299098936264,5.864925655365562,0.603485213067911,21.31370849898476,0.8333333333333334,0.0018310546875,1831.0546875,48.284275252898695,57.463274210439565,45.819731682543456,7,8,54.6875,62.5,62.5,54.6875,1.1428571428571428,0.0028032143524574847,230728A-JC-36-Center,4.0,0.64898681640625,0.1622467041015625,0.0028214050597197404,0.000457763671875,92
300,21.0,140,24,147,28,6.922216802584466,3.8722705437336926,0.828899556147654,14.449747468305832,0.9130434782608695,0.00128173828125,1281.73828125,40.397523014268835,54.07981877019114,30.252113622919474,7,4,54.6875,31.25,54.6875,31.25,1.75,0.0019622500467202392,230728A-JC-36-Center,4.0,0.64898681640625,0.1622467041015625,0.0019749835418038184,0.0003204345703125,239
301,28.0,140,113,147,119,6.696054335105247,5.886650342910271,0.4765963410023209,20.52081528017131,0.8235294117647058,0.001708984375,1708.984375,46.647041573764426,52.31292449300974,45.989455803986495,7,6,54.6875,46.875,54.6875,46.875,1.1666666666666667,0.002616333395626986,230728A-JC-36-Center,4.0,0.64898681640625,0.1622467041015625,0.0026333113890717576,0.00042724609375,119
302,17.0,141,185,147,188,6.585670706008097,3.1796084995103278,0.8757267355038014,13.414213562373096,1.0,0.00103759765625,1037.59765625,36.347081966259985,51.45055239068826,24.840691402424437,6,3,46.875,23.4375,46.875,23.4375,2.0,0.0015884881330592412,230728A-JC-36-Center,4.0,0.64898681640625,0.1622467041015625,0.001598796200507853,0.0002593994140625,319
303,32.0,142,58,151,67,11.39593980161562,4.3273902109646825,0.9250970010376471,24.485281374238568,0.7441860465116279,0.001953125,1953.125,49.86778505017909,89.03077970012204,33.80773602316158,9,9,70.3125,70.3125,70.3125,70.3125,1.0,0.0029900953092879836,230728A-JC-36-Center,4.0,0.64898681640625,0.1622467041015625,0.003009498730367723,0.00048828125,74
304,15.0,142,249,146,256,8.105254693117933,2.532096567344219,0.9499500426949077,13.82842712474619,0.75,0.00091552734375,915.52734375,34.14213845600247,63.32230228998385,19.78200443237671,4,7,31.25,54.6875,54.6875,31.25,1.75,0.0014016071762287423,230728A-JC-36-Center,4.0,0.64898681640625,0.1622467041015625,0.0014107025298598702,0.0002288818359375,356
306,4.0,143,193,145,195,2.0,2.0,0.0,4.0,1.0,0.000244140625,244.140625,17.630924485867386,15.625,15.625,2,2,15.625,15.625,15.625,15.625,1.0,0.00037376191366099795,230728A-JC-36-Center,4.0,0.64898681640625,0.1622467041015625,0.0003761873412959654,6.103515625e-05,486
307,20.0,144,12,148,18,6.99129771990925,4.010206502362657,0.8191357316166457,16.449747468305834,0.8695652173913043,0.001220703125,1220.703125,39.423945656565,54.61951343679102,31.32973829970826,4,6,31.25,46.875,46.875,31.25,1.5,0.0018688095683049898,230728A-JC-36-Center,4.0,0.64898681640625,0.1622467041015625,0.001880936706479827,0.00030517578125,264
308,10.0,144,74,149,77,4.812007640060365,2.9739842756814756,0.7861513777574233,9.242640687119286,0.8333333333333334,0.0006103515625,610.3515625,27.87693931488705,37.5938096879716,23.234252153761528,5,3,39.0625,23.4375,39.0625,23.4375,1.6666666666666667,0.0009344047841524949,230728A-JC-36-Center,4.0,0.64898681640625,0.1622467041015625,0.0009404683532399135,0.000152587890625,425
309,37.0,144,100,152,109,11.359613966594017,5.406425880397549,0.8794810291874752,26.31370849898476,0.7115384615384616,0.00225830078125,2258.30078125,53.62236341857576,88.74698411401576,42.23770219060585,8,9,62.5,70.3125,70.3125,62.5,1.125,0.003457297701364231,230728A-JC-36-Center,4.0,0.64898681640625,0.1622467041015625,0.00347973290698768,0.0005645751953125,39
310,21.0,144,140,150,145,7.392027474493272,3.722471763423941,0.8639490284336353,16.242640687119284,0.875,0.00128173828125,1281.73828125,40.397523014268835,57.75021464447869,29.08181065174954,6,5,46.875,39.0625,46.875,39.0625,1.2,0.0019622500467202392,230728A-JC-36-Center,4.0,0.64898681640625,0.1622467041015625,0.0019749835418038184,0.0003204345703125,240
311,29.0,144,233,152,239,7.421666387687435,6.035642057422584,0.5819197563682977,21.899494936611667,0.7435897435897436,0.00177001953125,1770.01953125,47.47271702926952,57.98176865380809,47.15345357361394,8,6,62.5,46.875,62.5,46.875,1.3333333333333333,0.0027097738740422352,230728A-JC-36-Center,4.0,0.64898681640625,0.1622467041015625,0.002727358224395749,0.0004425048828125,106
312,13.0,145,247,150,250,5.203549084703927,3.076923076923077,0.8064425896179158,10.82842712474619,1.0,0.00079345703125,793.45703125,31.784601133814213,40.65272722424943,24.03846153846154,5,3,39.0625,23.4375,39.0625,23.4375,1.6666666666666667,0.0012147262193982432,230728A-JC-36-Center,4.0,0.64898681640625,0.1622467041015625,0.0012226088592118874,0.0001983642578125,386
313,22.0,146,80,152,86,7.434483806502638,3.8009812937336136,0.8594239260886388,15.899494936611665,1.0,0.0013427734375,1342.7734375,41.34818303438459,58.08190473830186,29.695166357293857,6,6,46.875,46.875,46.875,46.875,1.0,0.0020556905251354887,230728A-JC-36-Center,4.0,0.64898681640625,0.1622467041015625,0.00206903037712781,0.000335693359375,220
314,25.0,146,154,155,159,8.826892447049731,4.167633588526755,0.8815172327424748,17.863961030678926,0.8064516129032258,0.00152587890625,1525.87890625,44.07731121466846,68.96009724257603,32.55963741036527,9,5,70.3125,39.0625,70.3125,39.0625,1.8,0.002336011960381237,230728A-JC-36-Center,4.0,0.64898681640625,0.1622467041015625,0.0023511708830997835,0.0003814697265625,161
315,20.0,146,164,153,171,9.297853839355955,4.7444614006200645,0.8600113548918856,19.242640687119284,0.6666666666666666,0.001220703125,1220.703125,39.423945656565,72.6394831199684,37.066104692344254,7,7,54.6875,54.6875,54.6875,54.6875,1.0,0.0018688095683049898,230728A-JC-36-Center,4.0,0.64898681640625,0.1622467041015625,0.001880936706479827,0.00030517578125,265
316,38.0,146,195,160,200,15.122956578173985,3.9617011878009154,0.9650770896871668,27.14213562373095,0.7755102040816326,0.0023193359375,2319.3359375,54.34215889298475,118.14809826698426,30.95079052969465,14,5,109.375,39.0625,109.375,39.0625,2.8,0.0035507381797794803,230728A-JC-36-Center,4.0,0.64898681640625,0.1622467041015625,0.0035737797423116714,0.000579833984375,33
317,21.0,146,208,152,212,6.395291797047338,4.141271477690664,0.7620229274168145,14.828427124746192,0.9545454545454546,0.00128173828125,1281.73828125,40.397523014268835,49.96321716443233,32.35368341945831,6,4,46.875,31.25,46.875,31.25,1.5,0.0019622500467202392,230728A-JC-36-Center,4.0,0.64898681640625,0.1622467041015625,0.0019749835418038184,0.0003204345703125,241
318,41.0,147,32,159,41,14.543333906776864,6.388852424863984,0.8983415685086604,29.31370849898476,0.6212121212121212,0.00250244140625,2502.44140625,56.446499951902865,113.61979614669426,49.91290956924988,12,9,93.75,70.3125,93.75,70.3125,1.3333333333333333,0.003831059615025229,230728A-JC-36-Center,4.0,0.64898681640625,0.1622467041015625,0.003855920248283645,0.0006256103515625,20
319,22.0,147,45,154,52,8.607764056671842,4.373732781107701,0.8612893211055312,15.863961030678928,0.7333333333333333,0.0013427734375,1342.7734375,41.34818303438459,67.24815669274876,34.16978735240391,7,7,54.6875,54.6875,54.6875,54.6875,1.0,0.0020556905251354887,230728A-JC-36-Center,4.0,0.64898681640625,0.1622467041015625,0.00206903037712781,0.000335693359375,221
322,16.0,148,22,152,29,7.944834295694254,3.2507088479223087,0.9124626284444681,15.278174593052022,0.7272727272727273,0.0009765625,976.5625,35.26184897173477,62.06901793511136,25.39616287439304,4,7,31.25,54.6875,54.6875,31.25,1.75,0.0014950476546439918,230728A-JC-36-Center,4.0,0.64898681640625,0.1622467041015625,0.0015047493651838616,0.000244140625,339
323,34.0,148,221,160,227,12.180637580611723,5.119224803957842,0.9073965051364834,27.44974746830583,0.7083333333333334,0.0020751953125,2075.1953125,51.40253626937142,95.16123109852909,39.99394378092064,12,6,93.75,46.875,93.75,46.875,2.0,0.0031769762661184825,230728A-JC-36-Center,4.0,0.64898681640625,0.1622467041015625,0.003197592401015706,0.000518798828125,65
324,24.0,149,4,157,9,8.010158133436219,3.8483228684152535,0.8770328977022656,17.31370849898476,0.96,0.00146484375,1464.84375,43.18676868391694,62.57936041747046,30.06502240949417,8,5,62.5,39.0625,62.5,39.0625,1.6,0.0022425714819659876,230728A-JC-36-Center,4.0,0.64898681640625,0.1622467041015625,0.0022571240477757925,0.0003662109375,183
326,12.0,149,242,153,246,4.464216783173839,3.409739589526534,0.645460725553083,10.242640687119284,0.9230769230769231,0.000732421875,732.421875,30.537656993932494,34.876693618545616,26.638590543176047,4,4,31.25,31.25,31.25,31.25,1.0,0.0011212857409829938,230728A-JC-36-Center,4.0,0.64898681640625,0.1622467041015625,0.0011285620238878963,0.00018310546875,403
327,37.0,150,118,161,124,11.479006991200288,5.003005199214487,0.900024382928699,26.14213562373095,0.7872340425531915,0.00225830078125,2258.30078125,53.62236341857576,89.67974211875224,39.085978118863174,11,6,85.9375,46.875,85.9375,46.875,1.8333333333333333,0.003457297701364231,230728A-JC-36-Center,4.0,0.64898681640625,0.1622467041015625,0.00347973290698768,0.0005645751953125,40
328,22.0,150,128,153,136,8.793665518099813,3.1165315769027506,0.9350914845451542,16.207106781186546,0.9565217391304348,0.0013427734375,1342.7734375,41.34818303438459,68.70051186015479,24.34790294455274,3,8,23.4375,62.5,62.5,23.4375,2.6666666666666665,0.0020556905251354887,230728A-JC-36-Center,4.0,0.64898681640625,0.1622467041015625,0.00206903037712781,0.000335693359375,222
329,25.0,151,178,157,185,5.955324390297447,5.640116258228047,0.32102356443855706,16.899494936611667,0.8928571428571429,0.00152587890625,1525.87890625,44.07731121466846,46.52597179919881,44.063408267406615,6,7,46.875,54.6875,54.6875,46.875,1.1666666666666667,0.002336011960381237,230728A-JC-36-Center,4.0,0.64898681640625,0.1622467041015625,0.0023511708830997835,0.0003814697265625,162
330,19.0,152,63,158,69,8.288463618679037,3.658479648010743,0.89731330816335,14.656854249492381,0.8260869565217391,0.00115966796875,1159.66796875,38.425709057546364,64.75362202092998,28.58187225008393,6,6,46.875,46.875,46.875,46.875,1.0,0.0017753690898897401,230728A-JC-36-Center,4.0,0.64898681640625,0.1622467041015625,0.0017868898711558357,0.0002899169921875,286
331,12.0,153,254,159,256,6.831300510639732,2.0,0.9561828874675149,12.0,1.0,0.000732421875,732.421875,30.537656993932494,53.36953523937291,15.625,6,2,46.875,15.625,46.875,15.625,3.0,0.0011212857409829938,230728A-JC-36-Center,4.0,0.64898681640625,0.1622467041015625,0.0011285620238878963,0.00018310546875,404
332,17.0,154,13,158,18,5.84530640046896,4.305609763735886,0.6763366468428459,12.414213562373096,0.8947368421052632,0.00103759765625,1037.59765625,36.347081966259985,45.66645625366375,33.637576279186604,4,5,31.25,39.0625,39.0625,31.25,1.25,0.0015884881330592412,230728A-JC-36-Center,4.0,0.64898681640625,0.1622467041015625,0.001598796200507853,0.0002593994140625,320
334,11.0,155,111,158,115,4.346129984141888,3.067356324605906,0.7084437526351622,9.414213562373096,1.0,0.00067138671875,671.38671875,29.2375806133559,33.954140501108505,23.963721285983638,3,4,23.4375,31.25,31.25,23.4375,1.3333333333333333,0.0010278452625677443,230728A-JC-36-Center,4.0,0.64898681640625,0.1622467041015625,0.001034515188563905,0.0001678466796875,412
335,22.0,156,99,161,107,8.986715668596904,3.420782280290613,0.9247196940977526,18.071067811865476,0.8148148148148148,0.0013427734375,1342.7734375,41.34818303438459,70.20871616091331,26.724861564770414,5,8,39.0625,62.5,62.5,39.0625,1.6,0.0020556905251354887,230728A-JC-36-Center,4.0,0.64898681640625,0.1622467041015625,0.00206903037712781,0.000335693359375,223
336,5.0,156,136,158,139,3.098386676965933,1.7888543819998317,0.816496580927726,5.207106781186548,1.0,0.00030517578125,305.17578125,19.7119728282825,24.20614591379635,13.975424859373685,2,3,15.625,23.4375,23.4375,15.625,1.5,0.00046720239207624745,230728A-JC-36-Center,4.0,0.64898681640625,0.1622467041015625,0.00047023417661995676,7.62939453125e-05,475
337,23.0,157,69,164,73,7.430074093419052,3.9990607245912693,0.842800410309338,15.621320343559644,0.9583333333333334,0.00140380859375,1403.80859375,42.277471717234455,58.04745385483635,31.24266191086929,7,4,54.6875,31.25,54.6875,31.25,1.75,0.002149131003550738,230728A-JC-36-Center,4.0,0.64898681640625,0.1622467041015625,0.002163077212451801,0.0003509521484375,203
338,21.0,157,154,164,161,9.916483017891318,4.171369799852357,0.9072229462126192,18.621320343559642,0.6774193548387096,0.00128173828125,1281.73828125,40.397523014268835,77.47252357727592,32.588826561346536,7,7,54.6875,54.6875,54.6875,54.6875,1.0,0.0019622500467202392,230728A-JC-36-Center,4.0,0.64898681640625,0.1622467041015625,0.0019749835418038184,0.0003204345703125,242
339,30.0,157,211,166,218,9.996942058742672,4.540072751096938,0.890927199122454,21.27817459305202,0.75,0.0018310546875,1831.0546875,48.284275252898695,78.10110983392713,35.46931836794483,9,7,70.3125,54.6875,70.3125,54.6875,1.2857142857142858,0.0028032143524574847,230728A-JC-36-Center,4.0,0.64898681640625,0.1622467041015625,0.0028214050597197404,0.000457763671875,93
340,21.0,157,231,162,236,6.110100926607786,4.288887713980078,0.712241974147557,14.242640687119284,1.0,0.00128173828125,1281.73828125,40.397523014268835,47.73516348912333,33.50693526546936,5,5,39.0625,39.0625,39.0625,39.0625,1.0,0.0019622500467202392,230728A-JC-36-Center,4.0,0.64898681640625,0.1622467041015625,0.0019749835418038184,0.0003204345703125,243
341,15.0,158,46,163,51,6.150940883526826,3.243683369707004,0.8496496936240658,14.485281374238571,0.8333333333333334,0.00091552734375,915.52734375,34.14213845600247,48.05422565255333,25.34127632583597,5,5,39.0625,39.0625,39.0625,39.0625,1.0,0.0014016071762287423,230728A-JC-36-Center,4.0,0.64898681640625,0.1622467041015625,0.0014107025298598702,0.0002288818359375,357
342,8.0,158,140,161,144,4.100618600451318,2.4869513653533066,0.7950972173652757,7.82842712474619,0.8888888888888888,0.00048828125,488.28125,24.933892525089544,32.03608281602592,19.42930754182271,3,4,23.4375,31.25,31.25,23.4375,1.3333333333333333,0.0007475238273219959,230728A-JC-36-Center,4.0,0.64898681640625,0.1622467041015625,0.0007523746825919308,0.0001220703125,448
343,36.0,159,23,168,35,15.569048426490916,5.389728707275084,0.9381672707344052,32.72792206135786,0.5901639344262295,0.002197265625,2197.265625,52.89277345760215,121.63319083196028,42.10725552558659,9,12,70.3125,93.75,93.75,70.3125,1.3333333333333333,0.0033638572229489814,230728A-JC-36-Center,4.0,0.64898681640625,0.1622467041015625,0.0033856860716636886,0.00054931640625,48
344,32.0,159,79,168,86,10.407584867845134,6.002160212673514,0.8169488114364427,26.31370849898476,0.7111111111111111,0.001953125,1953.125,49.86778505017909,81.30925678004012,46.89187666151183,9,7,70.3125,54.6875,70.3125,54.6875,1.2857142857142858,0.0029900953092879836,230728A-JC-36-Center,4.0,0.64898681640625,0.1622467041015625,0.003009498730367723,0.00048828125,75
345,27.0,159,186,165,193,6.934145269183538,5.505945386441787,0.6078736713785654,18.44974746830583,0.8709677419354839,0.00164794921875,1647.94921875,45.806485490898744,54.17300991549639,43.01519833157646,6,7,46.875,54.6875,54.6875,46.875,1.1666666666666667,0.002522892917211736,230728A-JC-36-Center,4.0,0.64898681640625,0.1622467041015625,0.0025392645537477662,0.0004119873046875,132
346,15.0,160,5,167,9,6.7915477127946335,3.125414052276484,0.8878195632739213,12.692388155425117,0.8823529411764706,0.00091552734375,915.52734375,34.14213845600247,53.05896650620807,24.417297283410033,7,4,54.6875,31.25,54.6875,31.25,1.75,0.0014016071762287423,230728A-JC-36-Center,4.0,0.64898681640625,0.1622467041015625,0.0014107025298598702,0.0002288818359375,358
347,23.0,160,55,168,59,8.871140084629147,3.530375918820339,0.9174019360073841,18.27817459305202,0.8518518518518519,0.00140380859375,1403.80859375,42.277471717234455,69.30578191116521,27.5810618657839,8,4,62.5,31.25,62.5,31.25,2.0,0.002149131003550738,230728A-JC-36-Center,4.0,0.64898681640625,0.1622467041015625,0.002163077212451801,0.0003509521484375,204
348,22.0,160,146,167,151,7.77670490817744,3.7945874385735454,0.8728755867435574,17.485281374238568,0.8148148148148148,0.0013427734375,1342.7734375,41.34818303438459,60.75550709513625,29.645214363855825,7,5,54.6875,39.0625,54.6875,39.0625,1.4,0.0020556905251354887,230728A-JC-36-Center,4.0,0.64898681640625,0.1622467041015625,0.00206903037712781,0.000335693359375,224
349,30.0,161,90,170,94,10.526573873665175,3.8181028206344125,0.9319017229007313,21.414213562373096,0.9090909090909091,0.0018310546875,1831.0546875,48.284275252898695,82.23885838800918,29.82892828620635,9,4,70.3125,31.25,70.3125,31.25,2.25,0.0028032143524574847,230728A-JC-36-Center,4.0,0.64898681640625,0.1622467041015625,0.0028214050597197404,0.000457763671875,94
350,22.0,161,242,166,247,5.935427545226953,4.8627906507696155,0.5733903861967751,15.414213562373096,0.9565217391304348,0.0013427734375,1342.7734375,41.34818303438459,46.37052769708557,37.99055195913762,5,5,39.0625,39.0625,39.0625,39.0625,1.0,0.0020556905251354887,230728A-JC-36-Center,4.0,0.64898681640625,0.1622467041015625,0.00206903037712781,0.000335693359375,225
351,23.0,162,109,169,114,6.818806907136991,4.6233459679911935,0.7350355392883401,17.071067811865476,0.8214285714285714,0.00140380859375,1403.80859375,42.277471717234455,53.27192896200774,36.1198903749312,7,5,54.6875,39.0625,54.6875,39.0625,1.4,0.002149131003550738,230728A-JC-36-Center,4.0,0.64898681640625,0.1622467041015625,0.002163077212451801,0.0003509521484375,205
352,15.0,162,134,166,140,6.748470551266078,2.915920037164765,0.9018323783233004,12.242640687119284,0.9375,0.00091552734375,915.52734375,34.14213845600247,52.72242618176624,22.780625290349725,4,6,31.25,46.875,46.875,31.25,1.5,0.0014016071762287423,230728A-JC-36-Center,4.0,0.64898681640625,0.1622467041015625,0.0014107025298598702,0.0002288818359375,359
353,4.0,162,166,165,168,2.8284271247461903,1.7320508075688772,0.7905694150420949,4.621320343559642,1.0,0.000244140625,244.140625,17.630924485867386,22.09708691207961,13.531646934131853,3,2,23.4375,15.625,23.4375,15.625,1.5,0.00037376191366099795,230728A-JC-36-Center,4.0,0.64898681640625,0.1622467041015625,0.0003761873412959654,6.103515625e-05,487
354,6.0,162,179,164,182,3.265986323710904,2.0,0.7905694150420949,6.0,1.0,0.0003662109375,366.2109375,21.59338434195847,25.51551815399144,15.625,2,3,15.625,23.4375,23.4375,15.625,1.5,0.0005606428704914969,230728A-JC-36-Center,4.0,0.64898681640625,0.1622467041015625,0.0005642810119439481,9.1552734375e-05,468
355,36.0,164,19,178,22,14.466802068573315,3.1183302563608,0.9764926357158589,26.65685424949238,0.9473684210526315,0.002197265625,2197.265625,52.89277345760215,113.02189116072903,24.36195512781875,14,3,109.375,23.4375,109.375,23.4375,4.666666666666667,0.0033638572229489814,230728A-JC-36-Center,4.0,0.64898681640625,0.1622467041015625,0.0033856860716636886,0.00054931640625,49
356,26.0,164,120,170,129,9.338467422979127,4.452259200537877,0.8790305152486547,19.31370849898476,0.7222222222222222,0.0015869140625,1586.9140625,44.95021399805931,72.95677674202443,34.78327500420216,6,9,46.875,70.3125,70.3125,46.875,1.5,0.0024294524387964865,230728A-JC-36-Center,4.0,0.64898681640625,0.1622467041015625,0.002445217718423775,0.000396728515625,143
357,18.0,164,229,171,233,7.118850341763313,3.4695848734816126,0.8731900086488102,14.656854249492381,0.8181818181818182,0.0010986328125,1098.6328125,37.400838787634314,55.61601829502588,27.1061318240751,7,4,54.6875,31.25,54.6875,31.25,1.75,0.0016819286114744907,230728A-JC-36-Center,4.0,0.64898681640625,0.1622467041015625,0.0016928430358318443,0.000274658203125,302
358,10.0,166,43,170,47,5.070203362554914,2.540283027998424,0.8654345930167235,8.621320343559642,0.8333333333333334,0.0006103515625,610.3515625,27.87693931488705,39.61096376996027,19.84596115623769,4,4,31.25,31.25,31.25,31.25,1.0,0.0009344047841524949,230728A-JC-36-Center,4.0,0.64898681640625,0.1622467041015625,0.0009404683532399135,0.000152587890625,426
359,12.0,166,253,171,256,5.294328785763616,2.862220279862641,0.8412668804818468,9.621320343559642,0.9230769230769231,0.000732421875,732.421875,30.537656993932494,41.36194363877825,22.36109593642688,5,3,39.0625,23.4375,39.0625,23.4375,1.6666666666666667,0.0011212857409829938,230728A-JC-36-Center,4.0,0.64898681640625,0.1622467041015625,0.0011285620238878963,0.00018310546875,405
360,25.0,167,1,172,8,6.837693540312729,4.9098622229921665,0.6959830147885679,17.242640687119284,0.9259259259259259,0.00152587890625,1525.87890625,44.07731121466846,53.41948078369319,38.3582986171263,5,7,39.0625,54.6875,54.6875,39.0625,1.4,0.002336011960381237,230728A-JC-36-Center,4.0,0.64898681640625,0.1622467041015625,0.0023511708830997835,0.0003814697265625,163
361,25.0,168,167,173,173,6.132060986158656,5.172642270835181,0.5370654454079512,15.65685424949238,1.0,0.00152587890625,1525.87890625,44.07731121466846,47.9067264543645,40.41126774089985,5,6,39.0625,46.875,46.875,39.0625,1.2,0.002336011960381237,230728A-JC-36-Center,4.0,0.64898681640625,0.1622467041015625,0.0023511708830997835,0.0003814697265625,164
362,5.0,168,191,171,193,3.098386676965933,1.7888543819998317,0.816496580927726,5.207106781186548,1.0,0.00030517578125,305.17578125,19.7119728282825,24.20614591379635,13.975424859373685,3,2,23.4375,15.625,23.4375,15.625,1.5,0.00046720239207624745,230728A-JC-36-Center,4.0,0.64898681640625,0.1622467041015625,0.00047023417661995676,7.62939453125e-05,476
363,29.0,168,202,176,207,8.527490103477383,4.753631622796393,0.8302119104501817,21.27817459305202,0.8787878787878788,0.00177001953125,1770.01953125,47.47271702926952,66.62101643341705,37.13774705309682,8,5,62.5,39.0625,62.5,39.0625,1.6,0.0027097738740422352,230728A-JC-36-Center,4.0,0.64898681640625,0.1622467041015625,0.002727358224395749,0.0004425048828125,107
364,22.0,170,69,176,74,6.024452113529645,4.748573674104652,0.6153978042092576,15.65685424949238,0.9166666666666666,0.0013427734375,1342.7734375,41.34818303438459,47.066032136950355,37.09823182894259,6,5,46.875,39.0625,46.875,39.0625,1.2,0.0020556905251354887,230728A-JC-36-Center,4.0,0.64898681640625,0.1622467041015625,0.00206903037712781,0.000335693359375,226
365,20.0,170,181,175,187,5.794104459022279,5.179609398201582,0.44817713233589773,15.035533905932738,0.8695652173913043,0.001220703125,1220.703125,39.423945656565,45.266441086111556,40.46569842344986,5,6,39.0625,46.875,46.875,39.0625,1.2,0.0018688095683049898,230728A-JC-36-Center,4.0,0.64898681640625,0.1622467041015625,0.001880936706479827,0.00030517578125,266
366,10.0,171,84,176,86,5.656854249492381,2.0,0.9354143466934853,10.0,1.0,0.0006103515625,610.3515625,27.87693931488705,44.19417382415922,15.625,5,2,39.0625,15.625,39.0625,15.625,2.5,0.0009344047841524949,230728A-JC-36-Center,4.0,0.64898681640625,0.1622467041015625,0.0009404683532399135,0.000152587890625,427
367,46.0,171,146,182,156,12.634977654558272,7.37043507561018,0.8122310747652757,32.31370849898476,0.6388888888888888,0.0028076171875,2807.6171875,59.78937388535791,98.7107629262365,57.581524028204534,11,10,85.9375,78.125,85.9375,78.125,1.1,0.004298262007101476,230728A-JC-36-Center,4.0,0.64898681640625,0.1622467041015625,0.004326154424903602,0.000701904296875,9
368,13.0,172,36,176,42,6.939975009179569,2.7048173344592903,0.9209230137522288,12.82842712474619,0.7647058823529411,0.00079345703125,793.45703125,31.784601133814213,54.21855475921538,21.131385425463204,4,6,31.25,46.875,46.875,31.25,1.5,0.0012147262193982432,230728A-JC-36-Center,4.0,0.64898681640625,0.1622467041015625,0.0012226088592118874,0.0001983642578125,387
369,24.0,172,98,179,103,7.404161716116434,4.391981374357918,0.8050717828791262,17.44974746830583,0.8888888888888888,0.00146484375,1464.84375,43.18676868391694,57.84501340715964,34.312354487171234,7,5,54.6875,39.0625,54.6875,39.0625,1.4,0.0022425714819659876,230728A-JC-36-Center,4.0,0.64898681640625,0.1622467041015625,0.0022571240477757925,0.0003662109375,184
370,8.0,172,196,176,198,4.47213595499958,2.0,0.8944271909999159,8.0,1.0,0.00048828125,488.28125,24.933892525089544,34.938562148434215,15.625,4,2,31.25,15.625,31.25,15.625,2.0,0.0007475238273219959,230728A-JC-36-Center,4.0,0.64898681640625,0.1622467041015625,0.0007523746825919308,0.0001220703125,449
371,25.0,172,239,177,245,6.921221256327919,4.533331702065774,0.7556374211622595,16.242640687119284,0.9615384615384616,0.00152587890625,1525.87890625,44.07731121466846,54.07204106506187,35.41665392238886,5,6,39.0625,46.875,46.875,39.0625,1.2,0.002336011960381237,230728A-JC-36-Center,4.0,0.64898681640625,0.1622467041015625,0.0023511708830997835,0.0003814697265625,165
372,12.0,173,32,178,35,5.485458865381723,2.6496890661577948,0.8755989883658382,9.621320343559642,0.9230769230769231,0.000732421875,732.421875,30.537656993932494,42.85514738579471,20.700695829357773,5,3,39.0625,23.4375,39.0625,23.4375,1.6666666666666667,0.0011212857409829938,230728A-JC-36-Center,4.0,0.64898681640625,0.1622467041015625,0.0011285620238878963,0.00018310546875,406
373,25.0,175,8,181,15,7.127280573637012,4.713074540536833,0.7501457856850938,17.31370849898476,0.9259259259259259,0.00152587890625,1525.87890625,44.07731121466846,55.68187948153916,36.820894847944004,6,7,46.875,54.6875,54.6875,46.875,1.1666666666666667,0.002336011960381237,230728A-JC-36-Center,4.0,0.64898681640625,0.1622467041015625,0.0023511708830997835,0.0003814697265625,166
374,18.0,175,124,181,130,7.872226098834742,3.855847821383081,0.8718325773445817,13.621320343559642,0.782608695652174,0.0010986328125,1098.6328125,37.400838787634314,61.50176639714642,30.12381110455532,6,6,46.875,46.875,46.875,46.875,1.0,0.0016819286114744907,230728A-JC-36-Center,4.0,0.64898681640625,0.1622467041015625,0.0016928430358318443,0.000274658203125,303
375,26.0,176,51,184,57,7.827761318626705,5.2039583323092,0.7470142740153729,18.242640687119284,0.8125,0.0015869140625,1586.9140625,44.95021399805931,61.154385301771136,40.655924471165626,8,6,62.5,46.875,62.5,46.875,1.3333333333333333,0.0024294524387964865,230728A-JC-36-Center,4.0,0.64898681640625,0.1622467041015625,0.002445217718423775,0.000396728515625,144
376,13.0,176,75,181,79,5.502206890553147,3.01833310258574,0.8361061259486566,11.863961030678926,0.8666666666666667,0.00079345703125,793.45703125,31.784601133814213,42.98599133244646,23.580727363951095,5,4,39.0625,31.25,39.0625,31.25,1.25,0.0012147262193982432,230728A-JC-36-Center,4.0,0.64898681640625,0.1622467041015625,0.0012226088592118874,0.0001983642578125,388
377,23.0,176,115,185,119,9.85235365041837,3.265957327267754,0.9434587105269805,17.82842712474619,0.8518518518518519,0.00140380859375,1403.80859375,42.277471717234455,76.97151289389352,25.515291619279328,9,4,70.3125,31.25,70.3125,31.25,2.25,0.002149131003550738,230728A-JC-36-Center,4.0,0.64898681640625,0.1622467041015625,0.002163077212451801,0.0003509521484375,206
378,21.0,176,179,182,186,6.260489746367107,5.159489034056415,0.5663933424151046,17.27817459305202,0.84,0.00128173828125,1281.73828125,40.397523014268835,48.91007614349303,40.308508078565744,6,7,46.875,54.6875,54.6875,46.875,1.1666666666666667,0.0019622500467202392,230728A-JC-36-Center,4.0,0.64898681640625,0.1622467041015625,0.0019749835418038184,0.0003204345703125,244
379,30.0,177,92,184,97,7.314604045818203,5.2517627609541195,0.6960604399194881,18.242640687119284,0.9375,0.0018310546875,1831.0546875,48.284275252898695,57.145344107954706,41.02939656995406,7,5,54.6875,39.0625,54.6875,39.0625,1.4,0.0028032143524574847,230728A-JC-36-Center,4.0,0.64898681640625,0.1622467041015625,0.0028214050597197404,0.000457763671875,95
380,21.0,177,198,184,202,6.561855436448273,4.117174216126739,0.7786644656617919,15.449747468305832,0.9130434782608695,0.00128173828125,1281.73828125,40.397523014268835,51.26449559725213,32.16542356349015,7,4,54.6875,31.25,54.6875,31.25,1.75,0.0019622500467202392,230728A-JC-36-Center,4.0,0.64898681640625,0.1622467041015625,0.0019749835418038184,0.0003204345703125,245
381,39.0,177,222,183,233,11.810558790260407,5.243622739222987,0.8960379184952246,28.692388155425117,0.78,0.00238037109375,2380.37109375,55.05254406207756,92.26999054890943,40.96580265017958,6,11,46.875,85.9375,85.9375,46.875,1.8333333333333333,0.00364417865819473,230728A-JC-36-Center,4.0,0.64898681640625,0.1622467041015625,0.0036678265776356627,0.0005950927734375,26
382,21.0,178,81,186,86,7.512262214342238,4.5257061544259045,0.7981622730291416,18.692388155425117,0.75,0.00128173828125,1281.73828125,40.397523014268835,58.68954854954873,35.35707933145238,8,5,62.5,39.0625,62.5,39.0625,1.6,0.0019622500467202392,230728A-JC-36-Center,4.0,0.64898681640625,0.1622467041015625,0.0019749835418038184,0.0003204345703125,246
383,16.0,179,137,185,141,6.708203932499369,3.3166247903554,0.8692269873603532,13.414213562373096,0.8,0.0009765625,976.5625,35.26184897173477,52.40784322265132,25.911131174651562,6,4,46.875,31.25,46.875,31.25,1.5,0.0014950476546439918,230728A-JC-36-Center,4.0,0.64898681640625,0.1622467041015625,0.0015047493651838616,0.000244140625,340
384,33.0,179,250,187,256,7.90028459093502,5.692988065676524,0.6933453668060687,21.899494936611667,0.868421052631579,0.00201416015625,2014.16015625,50.64097511272324,61.72097336667984,44.47646926309785,8,6,62.5,46.875,62.5,46.875,1.3333333333333333,0.003083535787703233,230728A-JC-36-Center,4.0,0.64898681640625,0.1622467041015625,0.0031035455656917145,0.0005035400390625,70
385,31.0,180,142,193,147,12.896802861263527,3.981127355559027,0.9511623668753335,25.27817459305202,0.6595744680851063,0.00189208984375,1892.08984375,49.082416518079825,100.75627235362131,31.102557465304898,13,5,101.5625,39.0625,101.5625,39.0625,2.6,0.002896654830872734,230728A-JC-36-Center,4.0,0.64898681640625,0.1622467041015625,0.0029154518950437317,0.0004730224609375,85
386,15.0,182,11,189,15,7.754358654646585,3.3137641687692114,0.9040899851373912,12.82842712474619,0.7894736842105263,0.00091552734375,915.52734375,34.14213845600247,60.580926989426445,25.888782568509463,7,4,54.6875,31.25,54.6875,31.25,1.75,0.0014016071762287423,230728A-JC-36-Center,4.0,0.64898681640625,0.1622467041015625,0.0014107025298598702,0.0002288818359375,360
387,20.0,182,41,190,49,11.504114148260511,2.9487891860545656,0.9665907212478317,18.035533905932738,0.6666666666666666,0.001220703125,1220.703125,39.423945656565,89.87589178328524,23.037415516051293,8,8,62.5,62.5,62.5,62.5,1.0,0.0018688095683049898,230728A-JC-36-Center,4.0,0.64898681640625,0.1622467041015625,0.001880936706479827,0.00030517578125,267
388,35.0,182,162,193,169,13.089223548216406,4.028822480364024,0.9514520828998928,23.27817459305202,0.7777777777777778,0.00213623046875,2136.23046875,52.15297795409801,102.25955897044068,31.47517562784394,11,7,85.9375,54.6875,85.9375,54.6875,1.5714285714285714,0.003270416744533732,230728A-JC-36-Center,4.0,0.64898681640625,0.1622467041015625,0.0032916392363396972,0.0005340576171875,56
389,38.0,183,62,192,69,9.624151777567056,6.5311163636628535,0.7344919971781385,27.27817459305202,0.8085106382978723,0.0023193359375,2319.3359375,54.34215889298475,75.18868576224263,51.02434659111604,9,7,70.3125,54.6875,70.3125,54.6875,1.2857142857142858,0.0035507381797794803,230728A-JC-36-Center,4.0,0.64898681640625,0.1622467041015625,0.0035737797423116714,0.000579833984375,34
390,25.0,183,101,188,107,6.921221256327921,4.533331702065775,0.7556374211622596,16.242640687119284,0.9615384615384616,0.00152587890625,1525.87890625,44.07731121466846,54.07204106506188,35.41665392238887,5,6,39.0625,46.875,46.875,39.0625,1.2,0.002336011960381237,230728A-JC-36-Center,4.0,0.64898681640625,0.1622467041015625,0.0023511708830997835,0.0003814697265625,167
391,29.0,183,204,189,212,8.034248304880396,4.882710934115687,0.7941382699331818,17.899494936611667,0.8285714285714286,0.00177001953125,1770.01953125,47.47271702926952,62.767564881878094,38.14617917277881,6,8,46.875,62.5,62.5,46.875,1.3333333333333333,0.0027097738740422352,230728A-JC-36-Center,4.0,0.64898681640625,0.1622467041015625,0.002727358224395749,0.0004425048828125,108
392,19.0,184,24,191,29,8.334160787818083,3.4775006110986637,0.9087877782079277,16.071067811865476,0.7307692307692307,0.00115966796875,1159.66796875,38.425709057546364,65.11063115482878,27.16797352420831,7,5,54.6875,39.0625,54.6875,39.0625,1.4,0.0017753690898897401,230728A-JC-36-Center,4.0,0.64898681640625,0.1622467041015625,0.0017868898711558357,0.0002899169921875,287
393,18.0,185,51,191,56,6.979163989945935,3.6491041858881785,0.8524204605230032,14.035533905932738,0.8571428571428571,0.0010986328125,1098.6328125,37.400838787634314,54.52471867145262,28.508626452251395,6,5,46.875,39.0625,46.875,39.0625,1.2,0.0016819286114744907,230728A-JC-36-Center,4.0,0.64898681640625,0.1622467041015625,0.0016928430358318443,0.000274658203125,304
394,10.0,185,126,189,130,4.725632640631814,2.725508419688919,0.8169207352818889,8.449747468305834,0.9090909090909091,0.0006103515625,610.3515625,27.87693931488705,36.91900500493605,21.293034528819682,4,4,31.25,31.25,31.25,31.25,1.0,0.0009344047841524949,230728A-JC-36-Center,4.0,0.64898681640625,0.1622467041015625,0.0009404683532399135,0.000152587890625,428
396,16.0,186,171,192,177,7.232597241972933,3.1823006041864628,0.8980006304796742,13.65685424949238,0.8,0.0009765625,976.5625,35.26184897173477,56.50466595291354,24.86172347020674,6,6,46.875,46.875,46.875,46.875,1.0,0.0014950476546439918,230728A-JC-36-Center,4.0,0.64898681640625,0.1622467041015625,0.0015047493651838616,0.000244140625,341
397,44.0,186,215,198,223,12.980471117388715,6.878155455003862,0.8480695772487776,31.520815280171306,0.6376811594202898,0.002685546875,2685.546875,58.4751612267118,101.40993060459934,53.73558949221767,12,8,93.75,62.5,93.75,62.5,1.5,0.004111381050270977,230728A-JC-36-Center,4.0,0.64898681640625,0.1622467041015625,0.00413806075425562,0.00067138671875,14
399,32.0,188,1,198,7,10.272410932434429,4.603946528273503,0.8939405344891495,22.520815280171306,0.7804878048780488,0.001953125,1953.125,49.86778505017909,80.25321040964398,35.96833225213674,10,6,78.125,46.875,78.125,46.875,1.6666666666666667,0.0029900953092879836,230728A-JC-36-Center,4.0,0.64898681640625,0.1622467041015625,0.003009498730367723,0.00048828125,76
400,25.0,188,37,196,43,9.462240093305228,4.371774515759831,0.886867834547219,19.899494936611664,0.6578947368421053,0.00152587890625,1525.87890625,44.07731121466846,73.9237507289471,34.15448840437368,8,6,62.5,46.875,62.5,46.875,1.3333333333333333,0.002336011960381237,230728A-JC-36-Center,4.0,0.64898681640625,0.1622467041015625,0.0023511708830997835,0.0003814697265625,168
401,26.0,188,87,195,92,7.324911493695528,4.566677933593755,0.7818673733169695,17.071067811865476,0.9285714285714286,0.0015869140625,1586.9140625,44.95021399805931,57.225871044496316,35.67717135620121,7,5,54.6875,39.0625,54.6875,39.0625,1.4,0.0024294524387964865,230728A-JC-36-Center,4.0,0.64898681640625,0.1622467041015625,0.002445217718423775,0.000396728515625,145
402,22.0,189,179,196,184,6.937678425043011,4.154160302968441,0.8009116929400074,16.071067811865476,0.8461538461538461,0.0013427734375,1342.7734375,41.34818303438459,54.20061269564852,32.45437736694094,7,5,54.6875,39.0625,54.6875,39.0625,1.4,0.0020556905251354887,230728A-JC-36-Center,4.0,0.64898681640625,0.1622467041015625,0.00206903037712781,0.000335693359375,227
403,18.0,190,30,198,33,7.817698605293069,2.8836933405323992,0.9294820699767676,14.242640687119284,0.9473684210526315,0.0010986328125,1098.6328125,37.400838787634314,61.0757703538521,22.52885422290937,8,3,62.5,23.4375,62.5,23.4375,2.6666666666666665,0.0016819286114744907,230728A-JC-36-Center,4.0,0.64898681640625,0.1622467041015625,0.0016928430358318443,0.000274658203125,305
404,23.0,191,110,198,115,7.02075483089123,4.380110970616433,0.7815198722731478,17.071067811865476,0.8846153846153846,0.00140380859375,1403.80859375,42.277471717234455,54.849647116337735,34.21961695794088,7,5,54.6875,39.0625,54.6875,39.0625,1.4,0.002149131003550738,230728A-JC-36-Center,4.0,0.64898681640625,0.1622467041015625,0.002163077212451801,0.0003509521484375,207
405,40.0,191,124,204,131,14.913435383858124,7.561047880518186,0.8619485726618851,31.65685424949238,0.547945205479452,0.00244140625,2441.40625,55.7538786297741,116.5112139363916,59.070686566548325,13,7,101.5625,54.6875,101.5625,54.6875,1.8571428571428572,0.0037376191366099796,230728A-JC-36-Center,4.0,0.64898681640625,0.1622467041015625,0.003761873412959654,0.0006103515625,24
406,21.0,191,199,199,203,8.577786354169561,3.22121557619163,0.9268102641872893,16.071067811865476,0.84,0.00128173828125,1281.73828125,40.397523014268835,67.01395589194969,25.165746688997107,8,4,62.5,31.25,62.5,31.25,2.0,0.0019622500467202392,230728A-JC-36-Center,4.0,0.64898681640625,0.1622467041015625,0.0019749835418038184,0.0003204345703125,247
407,10.0,191,253,195,256,4.541385054734408,2.774134420794162,0.7917413587484459,8.207106781186548,0.9090909090909091,0.0006103515625,610.3515625,27.87693931488705,35.479570740112564,21.67292516245439,4,3,31.25,23.4375,31.25,23.4375,1.3333333333333333,0.0009344047841524949,230728A-JC-36-Center,4.0,0.64898681640625,0.1622467041015625,0.0009404683532399135,0.000152587890625,429
408,7.0,192,193,195,196,3.0237157840738176,2.799416848895061,0.377964473009227,6.82842712474619,1.0,0.00042724609375,427.24609375,23.323520786882213,23.6227795630767,21.870444131992663,3,3,23.4375,23.4375,23.4375,23.4375,1.0,0.0006540833489067464,230728A-JC-36-Center,4.0,0.64898681640625,0.1622467041015625,0.0006583278472679394,0.0001068115234375,456
409,29.0,193,101,200,109,7.288846863917202,6.024124142125471,0.562958431080158,22.31370849898476,0.7631578947368421,0.00177001953125,1770.01953125,47.47271702926952,56.944116124353144,47.06346986035524,7,8,54.6875,62.5,62.5,54.6875,1.1428571428571428,0.0027097738740422352,230728A-JC-36-Center,4.0,0.64898681640625,0.1622467041015625,0.002727358224395749,0.0004425048828125,109
411,25.0,193,238,198,248,11.33673423343379,3.430226948831577,0.9531251705123255,19.65685424949238,0.6756756756756757,0.00152587890625,1525.87890625,44.07731121466846,88.56823619870148,26.798648037746695,5,10,39.0625,78.125,78.125,39.0625,2.0,0.002336011960381237,230728A-JC-36-Center,4.0,0.64898681640625,0.1622467041015625,0.0023511708830997835,0.0003814697265625,169
412,15.0,194,15,198,20,5.6785120651297705,3.3151253794888635,0.8118962350262185,12.242640687119286,0.9375,0.00091552734375,915.52734375,34.14213845600247,44.36337550882633,25.899417027256746,4,5,31.25,39.0625,39.0625,31.25,1.25,0.0014016071762287423,230728A-JC-36-Center,4.0,0.64898681640625,0.1622467041015625,0.0014107025298598702,0.0002288818359375,361
413,7.0,194,133,197,136,3.7032803990902057,2.138089935299395,0.816496580927726,6.82842712474619,1.0,0.00042724609375,427.24609375,23.323520786882213,28.931878117892232,16.703827619526525,3,3,23.4375,23.4375,23.4375,23.4375,1.0,0.0006540833489067464,230728A-JC-36-Center,4.0,0.64898681640625,0.1622467041015625,0.0006583278472679394,0.0001068115234375,457
414,33.0,195,48,204,57,12.230228953729705,5.055160671823973,0.9105798142252107,26.27817459305202,0.673469387755102,0.00201416015625,2014.16015625,50.64097511272324,95.54866370101333,39.493442748624794,9,9,70.3125,70.3125,70.3125,70.3125,1.0,0.003083535787703233,230728A-JC-36-Center,4.0,0.64898681640625,0.1622467041015625,0.0031035455656917145,0.0005035400390625,71
416,25.0,196,145,201,151,6.126375681282637,5.416153710133115,0.46735180154600187,17.65685424949238,0.8928571428571429,0.00152587890625,1525.87890625,44.07731121466846,47.8623100100206,42.31370086041496,5,6,39.0625,46.875,46.875,39.0625,1.2,0.002336011960381237,230728A-JC-36-Center,4.0,0.64898681640625,0.1622467041015625,0.0023511708830997835,0.0003814697265625,170
417,17.0,197,162,201,167,5.181899763382574,4.041201040002321,0.625943231252129,12.242640687119284,1.0,0.00103759765625,1037.59765625,36.347081966259985,40.48359190142636,31.57188312501813,4,5,31.25,39.0625,39.0625,31.25,1.25,0.0015884881330592412,230728A-JC-36-Center,4.0,0.64898681640625,0.1622467041015625,0.001598796200507853,0.0002593994140625,321
418,19.0,197,173,202,179,6.213489758223287,4.339699095300356,0.7156765767310512,15.449747468305832,0.8260869565217391,0.00115966796875,1159.66796875,38.425709057546364,48.54288873611943,33.90389918203403,5,6,39.0625,46.875,46.875,39.0625,1.2,0.0017753690898897401,230728A-JC-36-Center,4.0,0.64898681640625,0.1622467041015625,0.0017868898711558357,0.0002899169921875,288
419,15.0,199,2,204,7,5.368417983111533,3.6827042483516013,0.7276068937033197,12.48528137423857,0.9375,0.00091552734375,915.52734375,34.14213845600247,41.94076549305885,28.771126940246884,5,5,39.0625,39.0625,39.0625,39.0625,1.0,0.0014016071762287423,230728A-JC-36-Center,4.0,0.64898681640625,0.1622467041015625,0.0014107025298598702,0.0002288818359375,362
420,8.0,199,60,201,64,4.47213595499958,2.0,0.8944271909999159,8.0,1.0,0.00048828125,488.28125,24.933892525089544,34.938562148434215,15.625,2,4,15.625,31.25,31.25,15.625,2.0,0.0007475238273219959,230728A-JC-36-Center,4.0,0.64898681640625,0.1622467041015625,0.0007523746825919308,0.0001220703125,450
421,30.0,199,74,207,80,7.72547163394589,5.714443613412876,0.6729492659090445,20.899494936611664,0.9090909090909091,0.0018310546875,1831.0546875,48.284275252898695,60.355247140202266,44.6440907297881,8,6,62.5,46.875,62.5,46.875,1.3333333333333333,0.0028032143524574847,230728A-JC-36-Center,4.0,0.64898681640625,0.1622467041015625,0.0028214050597197404,0.000457763671875,96
422,22.0,199,188,205,196,10.314907872800354,3.8632874116777836,0.9272130357592877,19.44974746830583,0.6875,0.0013427734375,1342.7734375,41.34818303438459,80.58521775625277,30.181932903732683,6,8,46.875,62.5,62.5,46.875,1.3333333333333333,0.0020556905251354887,230728A-JC-36-Center,4.0,0.64898681640625,0.1622467041015625,0.00206903037712781,0.000335693359375,228
423,14.0,200,90,204,96,5.56971308399778,3.232287721884605,0.8143793527868678,12.071067811865476,0.875,0.0008544921875,854.4921875,32.98443941909962,43.51338346873266,25.252247827223474,4,6,31.25,46.875,46.875,31.25,1.5,0.001308166697813493,230728A-JC-36-Center,4.0,0.64898681640625,0.1622467041015625,0.0013166556945358788,0.000213623046875,372
424,8.0,200,155,203,160,5.226251859505506,2.164784400584788,0.9101797211244547,8.414213562373096,0.8888888888888888,0.00048828125,488.28125,24.933892525089544,40.83009265238677,16.91237812956866,3,5,23.4375,39.0625,39.0625,23.4375,1.6666666666666667,0.0007475238273219959,230728A-JC-36-Center,4.0,0.64898681640625,0.1622467041015625,0.0007523746825919308,0.0001220703125,451
425,35.0,200,225,208,235,10.767587960454884,6.466260039746477,0.7996021947279612,25.863961030678926,0.625,0.00213623046875,2136.23046875,52.15297795409801,84.12178094105379,50.517656560519356,8,10,62.5,78.125,78.125,62.5,1.25,0.003270416744533732,230728A-JC-36-Center,4.0,0.64898681640625,0.1622467041015625,0.0032916392363396972,0.0005340576171875,57
426,23.0,200,242,208,246,9.57855657029901,3.6337301840361764,0.9252487667626129,17.82842712474619,0.7931034482758621,0.00140380859375,1403.80859375,42.277471717234455,74.83247320546101,28.38851706278263,8,4,62.5,31.25,62.5,31.25,2.0,0.002149131003550738,230728A-JC-36-Center,4.0,0.64898681640625,0.1622467041015625,0.002163077212451801,0.0003509521484375,208
427,36.0,201,30,209,40,10.142821671741252,6.647172100248173,0.7553190223212525,27.485281374238568,0.6923076923076923,0.002197265625,2197.265625,52.89277345760215,79.24079431047853,51.93103203318885,8,10,62.5,78.125,78.125,62.5,1.25,0.0033638572229489814,230728A-JC-36-Center,4.0,0.64898681640625,0.1622467041015625,0.0033856860716636886,0.00054931640625,50
428,23.0,201,133,208,140,7.996342806074155,4.238394008269406,0.8479716655614454,19.071067811865476,0.7419354838709677,0.00140380859375,1403.80859375,42.277471717234455,62.47142817245434,33.112453189604736,7,7,54.6875,54.6875,54.6875,54.6875,1.0,0.002149131003550738,230728A-JC-36-Center,4.0,0.64898681640625,0.1622467041015625,0.002163077212451801,0.0003509521484375,209
429,19.0,201,181,207,186,6.120578322810732,4.459856673521694,0.6848693418204174,13.65685424949238,0.76,0.00115966796875,1159.66796875,38.425709057546364,47.817018146958844,34.84263026188823,6,5,46.875,39.0625,46.875,39.0625,1.2,0.0017753690898897401,230728A-JC-36-Center,4.0,0.64898681640625,0.1622467041015625,0.0017868898711558357,0.0002899169921875,289
430,13.0,201,212,206,217,6.072764888060675,2.8612262007282574,0.8820493192202074,12.071067811865476,0.9285714285714286,0.00079345703125,793.45703125,31.784601133814213,47.44347568797402,22.35332969318951,5,5,39.0625,39.0625,39.0625,39.0625,1.0,0.0012147262193982432,230728A-JC-36-Center,4.0,0.64898681640625,0.1622467041015625,0.0012226088592118874,0.0001983642578125,389
431,10.0,203,97,207,100,4.381780460041329,2.6832815729997477,0.7905694150420949,8.82842712474619,1.0,0.0006103515625,610.3515625,27.87693931488705,34.23265984407288,20.96313728906053,4,3,31.25,23.4375,31.25,23.4375,1.3333333333333333,0.0009344047841524949,230728A-JC-36-Center,4.0,0.64898681640625,0.1622467041015625,0.0009404683532399135,0.000152587890625,430
432,28.0,203,112,209,119,6.620931557860839,5.903993805649093,0.4525944246470582,18.899494936611664,0.9032258064516129,0.001708984375,1708.984375,46.647041573764426,51.72602779578781,46.12495160663354,6,7,46.875,54.6875,54.6875,46.875,1.1666666666666667,0.002616333395626986,230728A-JC-36-Center,4.0,0.64898681640625,0.1622467041015625,0.0026333113890717576,0.00042724609375,120
433,12.0,204,169,207,174,4.894994431930091,2.9693109114997,0.7950060587397373,10.242640687119284,1.0,0.000732421875,732.421875,30.537656993932494,38.24214399945384,23.197741496091403,3,5,23.4375,39.0625,39.0625,23.4375,1.6666666666666667,0.0011212857409829938,230728A-JC-36-Center,4.0,0.64898681640625,0.1622467041015625,0.0011285620238878963,0.00018310546875,407
435,13.0,204,220,211,224,8.260043844400494,3.035698053303395,0.9300172091634527,12.621320343559642,0.65,0.00079345703125,793.45703125,31.784601133814213,64.53159253437886,23.716391041432775,7,4,54.6875,31.25,54.6875,31.25,1.75,0.0012147262193982432,230728A-JC-36-Center,4.0,0.64898681640625,0.1622467041015625,0.0012226088592118874,0.0001983642578125,390
436,10.0,205,124,209,127,3.9191835884530852,3.0983866769659336,0.6123724356957946,8.82842712474619,1.0,0.0006103515625,610.3515625,27.87693931488705,30.618621784789728,24.206145913796355,4,3,31.25,23.4375,31.25,23.4375,1.3333333333333333,0.0009344047841524949,230728A-JC-36-Center,4.0,0.64898681640625,0.1622467041015625,0.0009404683532399135,0.000152587890625,431
437,27.0,205,202,212,207,7.636201477034268,5.2820143210201564,0.722178212579396,19.414213562373096,0.8709677419354839,0.00164794921875,1647.94921875,45.806485490898744,59.657824039330215,41.265736882969975,7,5,54.6875,39.0625,54.6875,39.0625,1.4,0.002522892917211736,230728A-JC-36-Center,4.0,0.64898681640625,0.1622467041015625,0.0025392645537477662,0.0004119873046875,133
438,14.0,205,235,211,239,6.789050702960134,3.1736502420334465,0.8840110617409535,13.242640687119284,0.7368421052631579,0.0008544921875,854.4921875,32.98443941909962,53.03945861687605,24.7941425158863,6,4,46.875,31.25,46.875,31.25,1.5,0.001308166697813493,230728A-JC-36-Center,4.0,0.64898681640625,0.1622467041015625,0.0013166556945358788,0.000213623046875,373
439,21.0,206,57,211,64,6.619964207694729,4.173572124011783,0.7762279363497973,16.071067811865476,0.8076923076923077,0.00128173828125,1281.73828125,40.397523014268835,51.71847037261507,32.60603221884205,5,7,39.0625,54.6875,54.6875,39.0625,1.4,0.0019622500467202392,230728A-JC-36-Center,4.0,0.64898681640625,0.1622467041015625,0.0019749835418038184,0.0003204345703125,248
440,22.0,206,83,214,87,8.440150988302578,3.840224260252934,0.890494127628658,18.071067811865476,0.8461538461538461,0.0013427734375,1342.7734375,41.34818303438459,65.9386795961139,30.001752033226047,8,4,62.5,31.25,62.5,31.25,2.0,0.0020556905251354887,230728A-JC-36-Center,4.0,0.64898681640625,0.1622467041015625,0.00206903037712781,0.000335693359375,229
441,28.0,207,7,215,13,8.047824790718048,4.887287321448759,0.7944874796294661,20.727922061357855,0.8484848484848485,0.001708984375,1708.984375,46.647041573764426,62.87363117748475,38.18193219881843,8,6,62.5,46.875,62.5,46.875,1.3333333333333333,0.002616333395626986,230728A-JC-36-Center,4.0,0.64898681640625,0.1622467041015625,0.0026333113890717576,0.00042724609375,121
442,38.0,207,18,220,23,16.03663061436485,3.6129801207341936,0.9742904876417317,28.86396103067893,0.7450980392156863,0.0023193359375,2319.3359375,54.34215889298475,125.28617667472538,28.226407193235886,13,5,101.5625,39.0625,101.5625,39.0625,2.6,0.0035507381797794803,230728A-JC-36-Center,4.0,0.64898681640625,0.1622467041015625,0.0035737797423116714,0.000579833984375,35
443,37.0,207,143,215,152,10.87039569635003,5.277917317510031,0.8742192859784716,23.071067811865476,0.9024390243902439,0.00225830078125,2258.30078125,53.62236341857576,84.9249663777346,41.23372904304712,8,9,62.5,70.3125,70.3125,62.5,1.125,0.003457297701364231,230728A-JC-36-Center,4.0,0.64898681640625,0.1622467041015625,0.00347973290698768,0.0005645751953125,41
445,15.0,208,192,213,196,5.258554520990449,3.5691337129452037,0.7343887778710586,11.65685424949238,1.0,0.00091552734375,915.52734375,34.14213845600247,41.082457195237886,27.883857132384403,5,4,39.0625,31.25,39.0625,31.25,1.25,0.0014016071762287423,230728A-JC-36-Center,4.0,0.64898681640625,0.1622467041015625,0.0014107025298598702,0.0002288818359375,363
446,34.0,209,97,214,108,10.789191979599483,4.8786216172289505,0.891928359847642,22.520815280171306,0.8095238095238095,0.0020751953125,2075.1953125,51.40253626937142,84.29056234062097,38.114231384601176,5,11,39.0625,85.9375,85.9375,39.0625,2.2,0.0031769762661184825,230728A-JC-36-Center,4.0,0.64898681640625,0.1622467041015625,0.003197592401015706,0.000518798828125,66
447,14.0,209,127,215,131,7.123728838684275,2.7306719073427788,0.9236153576852252,11.82842712474619,0.7777777777777778,0.0008544921875,854.4921875,32.98443941909962,55.654131552220896,21.33337427611546,6,4,46.875,31.25,46.875,31.25,1.5,0.001308166697813493,230728A-JC-36-Center,4.0,0.64898681640625,0.1622467041015625,0.0013166556945358788,0.000213623046875,374
448,23.0,210,40,216,46,7.592653896675852,4.25287626456956,0.8284044513052109,18.65685424949238,0.8518518518518519,0.00140380859375,1403.80859375,42.277471717234455,59.31760856778009,33.225595816949685,6,6,46.875,46.875,46.875,46.875,1.0,0.002149131003550738,230728A-JC-36-Center,4.0,0.64898681640625,0.1622467041015625,0.002163077212451801,0.0003509521484375,210
449,21.0,210,214,216,222,9.473424578818975,3.178054709738436,0.9420507031847164,18.035533905932738,0.75,0.00128173828125,1281.73828125,40.397523014268835,74.01112952202324,24.82855241983153,6,8,46.875,62.5,62.5,46.875,1.3333333333333333,0.0019622500467202392,230728A-JC-36-Center,4.0,0.64898681640625,0.1622467041015625,0.0019749835418038184,0.0003204345703125,249
450,4.0,211,0,214,2,2.8284271247461903,1.7320508075688772,0.7905694150420949,4.621320343559642,1.0,0.000244140625,244.140625,17.630924485867386,22.09708691207961,13.531646934131853,3,2,23.4375,15.625,23.4375,15.625,1.5,0.00037376191366099795,230728A-JC-36-Center,4.0,0.64898681640625,0.1622467041015625,0.0003761873412959654,6.103515625e-05,488
451,20.0,211,75,217,80,6.050436530054272,4.489122163161169,0.6704550740189273,15.071067811865474,0.9090909090909091,0.001220703125,1220.703125,39.423945656565,47.269035391049,35.07126689969663,6,5,46.875,39.0625,46.875,39.0625,1.2,0.0018688095683049898,230728A-JC-36-Center,4.0,0.64898681640625,0.1622467041015625,0.001880936706479827,0.00030517578125,268
452,6.0,212,136,215,139,3.1269438398822857,2.309401076758503,0.674199862463242,6.242640687119286,1.0,0.0003662109375,366.2109375,21.59338434195847,24.429248749080358,18.042195912175803,3,3,23.4375,23.4375,23.4375,23.4375,1.0,0.0005606428704914969,230728A-JC-36-Center,4.0,0.64898681640625,0.1622467041015625,0.0005642810119439481,9.1552734375e-05,469
453,35.0,214,67,224,74,11.635549269652127,4.628936640092155,0.9174604138615493,24.485281374238568,0.7608695652173914,0.00213623046875,2136.23046875,52.15297795409801,90.90272866915724,36.16356750071996,10,7,78.125,54.6875,78.125,54.6875,1.4285714285714286,0.003270416744533732,230728A-JC-36-Center,4.0,0.64898681640625,0.1622467041015625,0.0032916392363396972,0.0005340576171875,58
454,28.0,215,201,223,208,6.7232472252864675,6.232075342468867,0.3751990956089625,18.727922061357855,0.8484848484848485,0.001708984375,1708.984375,46.647041573764426,52.525368947550525,48.68808861303802,8,7,62.5,54.6875,62.5,54.6875,1.1428571428571428,0.002616333395626986,230728A-JC-36-Center,4.0,0.64898681640625,0.1622467041015625,0.0026333113890717576,0.00042724609375,122
455,5.0,216,61,220,63,4.743365517193277,1.3492529674978493,0.9586907114045357,4.207106781186548,0.8333333333333334,0.00030517578125,305.17578125,19.7119728282825,37.05754310307248,10.541038808576948,4,2,31.25,15.625,31.25,15.625,2.0,0.00046720239207624745,230728A-JC-36-Center,4.0,0.64898681640625,0.1622467041015625,0.00047023417661995676,7.62939453125e-05,477
456,36.0,216,83,223,93,10.929184761182954,6.823874715653753,0.7811273011779791,28.692388155425114,0.6428571428571429,0.002197265625,2197.265625,52.89277345760215,85.38425594674183,53.311521216044945,7,10,54.6875,78.125,78.125,54.6875,1.4285714285714286,0.0033638572229489814,230728A-JC-36-Center,4.0,0.64898681640625,0.1622467041015625,0.0033856860716636886,0.00054931640625,51
457,22.0,216,168,222,175,7.604795718165463,4.594478299579052,0.7968665311404746,18.692388155425117,0.7857142857142857,0.0013427734375,1342.7734375,41.34818303438459,59.41246654816768,35.89436171546134,6,7,46.875,54.6875,54.6875,46.875,1.1666666666666667,0.0020556905251354887,230728A-JC-36-Center,4.0,0.64898681640625,0.1622467041015625,0.00206903037712781,0.000335693359375,230
458,23.0,217,53,223,60,8.607675624625701,4.435057506507222,0.8570432353381088,17.656854249492383,0.7666666666666667,0.00140380859375,1403.80859375,42.277471717234455,67.24746581738829,34.648886769587676,6,7,46.875,54.6875,54.6875,46.875,1.1666666666666667,0.002149131003550738,230728A-JC-36-Center,4.0,0.64898681640625,0.1622467041015625,0.002163077212451801,0.0003509521484375,211
459,24.0,217,180,226,183,9.361604729916602,3.1445404526863565,0.9418985136848388,18.242640687119284,1.0,0.00146484375,1464.84375,43.18676868391694,73.13753695247345,24.566722286612162,9,3,70.3125,23.4375,70.3125,23.4375,3.0,0.0022425714819659876,230728A-JC-36-Center,4.0,0.64898681640625,0.1622467041015625,0.0022571240477757925,0.0003662109375,185
460,24.0,217,187,223,194,8.02799959103192,4.342439190356831,0.8410793628047452,19.071067811865476,0.8,0.00146484375,1464.84375,43.18676868391694,62.71874680493687,33.925306174662744,6,7,46.875,54.6875,54.6875,46.875,1.1666666666666667,0.0022425714819659876,230728A-JC-36-Center,4.0,0.64898681640625,0.1622467041015625,0.0022571240477757925,0.0003662109375,186
461,16.0,217,218,222,223,6.163652084187138,3.374076612214896,0.8368611826251452,13.071067811865474,0.9411764705882353,0.0009765625,976.5625,35.26184897173477,48.153531907712015,26.359973532928876,5,5,39.0625,39.0625,39.0625,39.0625,1.0,0.0014950476546439918,230728A-JC-36-Center,4.0,0.64898681640625,0.1622467041015625,0.0015047493651838616,0.000244140625,342
462,16.0,218,100,223,106,7.343781533494567,3.50091027995637,0.8790564723065057,14.65685424949238,0.7619047619047619,0.0009765625,976.5625,35.26184897173477,57.3732932304263,27.35086156215914,5,6,39.0625,46.875,46.875,39.0625,1.2,0.0014950476546439918,230728A-JC-36-Center,4.0,0.64898681640625,0.1622467041015625,0.0015047493651838616,0.000244140625,343
463,30.0,218,144,224,153,11.50331259242158,4.730329969807322,0.9115385680706636,24.86396103067893,0.6666666666666666,0.0018310546875,1831.0546875,48.284275252898695,89.8696296282936,36.9557028891197,6,9,46.875,70.3125,70.3125,46.875,1.5,0.0028032143524574847,230728A-JC-36-Center,4.0,0.64898681640625,0.1622467041015625,0.0028214050597197404,0.000457763671875,97
464,18.0,219,2,225,10,9.93488079414569,2.975516620970325,0.9540956738230919,14.621320343559642,0.6428571428571429,0.0010986328125,1098.6328125,37.400838787634314,77.6162562042632,23.246223601330666,6,8,46.875,62.5,62.5,46.875,1.3333333333333333,0.0016819286114744907,230728A-JC-36-Center,4.0,0.64898681640625,0.1622467041015625,0.0016928430358318443,0.000274658203125,306
465,23.0,219,37,224,42,5.405311397537409,5.360360002581718,0.12869789041755736,14.82842712474619,1.0,0.00140380859375,1403.80859375,42.277471717234455,42.22899529326101,41.87781252016967,5,5,39.0625,39.0625,39.0625,39.0625,1.0,0.002149131003550738,230728A-JC-36-Center,4.0,0.64898681640625,0.1622467041015625,0.002163077212451801,0.0003509521484375,212
466,11.0,219,135,223,140,5.983861608920153,2.445102086260136,0.9127063588456589,9.621320343559642,0.8461538461538461,0.00067138671875,671.38671875,29.2375806133559,46.74891881968869,19.10236004890731,4,5,31.25,39.0625,39.0625,31.25,1.25,0.0010278452625677443,230728A-JC-36-Center,4.0,0.64898681640625,0.1622467041015625,0.001034515188563905,0.0001678466796875,413
467,23.0,219,232,224,240,8.206440776548872,3.783892948941456,0.8873543138115242,18.106601717798213,0.8846153846153846,0.00140380859375,1403.80859375,42.277471717234455,64.11281856678806,29.561663663605124,5,8,39.0625,62.5,62.5,39.0625,1.6,0.002149131003550738,230728A-JC-36-Center,4.0,0.64898681640625,0.1622467041015625,0.002163077212451801,0.0003509521484375,213
468,20.0,219,244,226,248,6.809991334278573,3.79789652663823,0.8300461116612183,15.242640687119286,0.8695652173913043,0.001220703125,1220.703125,39.423945656565,53.20305729905135,29.671066614361173,7,4,54.6875,31.25,54.6875,31.25,1.75,0.0018688095683049898,230728A-JC-36-Center,4.0,0.64898681640625,0.1622467041015625,0.001880936706479827,0.00030517578125,269
469,26.0,220,75,227,80,6.8983174055891805,4.851543808601025,0.7108993189794987,17.071067811865476,0.9285714285714286,0.0015869140625,1586.9140625,44.95021399805931,53.89310473116547,37.902686004695504,7,5,54.6875,39.0625,54.6875,39.0625,1.4,0.0024294524387964865,230728A-JC-36-Center,4.0,0.64898681640625,0.1622467041015625,0.002445217718423775,0.000396728515625,146
470,25.0,221,16,229,21,7.963438778921157,4.277714671921763,0.8434744602334805,19.31370849898476,0.8064516129032258,0.00152587890625,1525.87890625,44.07731121466846,62.21436546032154,33.41964587438878,8,5,62.5,39.0625,62.5,39.0625,1.6,0.002336011960381237,230728A-JC-36-Center,4.0,0.64898681640625,0.1622467041015625,0.0023511708830997835,0.0003814697265625,171
471,43.0,223,120,234,127,10.537737044066064,5.86672908056733,0.8306900284961062,23.520815280171306,0.8269230769230769,0.00262451171875,2624.51171875,57.806851721343115,82.32607065676613,45.83382094193227,11,7,85.9375,54.6875,85.9375,54.6875,1.5714285714285714,0.004017940571855728,230728A-JC-36-Center,4.0,0.64898681640625,0.1622467041015625,0.004044013918931628,0.0006561279296875,15
472,27.0,224,144,230,151,7.941198143826254,4.470808260108268,0.8264642979713551,17.899494936611667,0.9,0.00164794921875,1647.94921875,45.806485490898744,62.04061049864261,34.92818953209584,6,7,46.875,54.6875,54.6875,46.875,1.1666666666666667,0.002522892917211736,230728A-JC-36-Center,4.0,0.64898681640625,0.1622467041015625,0.0025392645537477662,0.0004119873046875,134
473,6.0,225,0,229,2,3.8297084310253524,1.8856180831641272,0.8703882797784891,6.414213562373095,1.0,0.0003662109375,366.2109375,21.59338434195847,29.919597117385564,14.731391274719744,4,2,31.25,15.625,31.25,15.625,2.0,0.0005606428704914969,230728A-JC-36-Center,4.0,0.64898681640625,0.1622467041015625,0.0005642810119439481,9.1552734375e-05,470
474,21.0,225,24,231,29,5.924891308324214,4.573161223280165,0.6357977301055852,15.071067811865474,0.9130434782608695,0.00128173828125,1281.73828125,40.397523014268835,46.28821334628292,35.727822056876285,6,5,46.875,39.0625,46.875,39.0625,1.2,0.0019622500467202392,230728A-JC-36-Center,4.0,0.64898681640625,0.1622467041015625,0.0019749835418038184,0.0003204345703125,250
475,30.0,226,196,237,199,11.855704379153394,3.1513747100292524,0.9640252064516218,21.621320343559642,0.967741935483871,0.0018310546875,1831.0546875,48.284275252898695,92.62269046213589,24.620114922103536,11,3,85.9375,23.4375,85.9375,23.4375,3.6666666666666665,0.0028032143524574847,230728A-JC-36-Center,4.0,0.64898681640625,0.1622467041015625,0.0028214050597197404,0.000457763671875,98
476,22.0,227,134,232,140,6.598329608558669,4.382447721275243,0.747576842765006,15.65685424949238,0.9166666666666666,0.0013427734375,1342.7734375,41.34818303438459,51.5494500668646,34.23787282246283,5,6,39.0625,46.875,46.875,39.0625,1.2,0.0020556905251354887,230728A-JC-36-Center,4.0,0.64898681640625,0.1622467041015625,0.00206903037712781,0.000335693359375,231
477,26.0,227,208,236,213,10.971908410952254,4.159050275538421,0.9253706523338321,21.071067811865476,0.7027027027027027,0.0015869140625,1586.9140625,44.95021399805931,85.71803446056448,32.49258027764392,9,5,70.3125,39.0625,70.3125,39.0625,1.8,0.0024294524387964865,230728A-JC-36-Center,4.0,0.64898681640625,0.1622467041015625,0.002445217718423775,0.000396728515625,147
478,17.0,227,243,233,247,5.69823099428981,3.8913519865362747,0.7305069401474353,13.242640687119284,0.8947368421052632,0.00103759765625,1037.59765625,36.347081966259985,44.51742964288914,30.401187394814645,6,4,46.875,31.25,46.875,31.25,1.5,0.0015884881330592412,230728A-JC-36-Center,4.0,0.64898681640625,0.1622467041015625,0.001598796200507853,0.0002593994140625,322
480,32.0,228,176,237,180,9.865705323178872,4.149064168725286,0.907267399528388,20.82842712474619,0.9696969696969697,0.001953125,1953.125,49.86778505017909,77.07582283733494,32.4145638181663,9,4,70.3125,31.25,70.3125,31.25,2.25,0.0029900953092879836,230728A-JC-36-Center,4.0,0.64898681640625,0.1622467041015625,0.003009498730367723,0.00048828125,77
481,10.0,228,236,231,240,4.09878030638384,2.9933259094191533,0.6831300510639732,8.82842712474619,1.0,0.0006103515625,610.3515625,27.87693931488705,32.02172114362375,23.385358667337137,3,4,23.4375,31.25,31.25,23.4375,1.3333333333333333,0.0009344047841524949,230728A-JC-36-Center,4.0,0.64898681640625,0.1622467041015625,0.0009404683532399135,0.000152587890625,432
482,42.0,229,91,240,98,11.349625851060429,5.674668805914041,0.8660327349591855,26.692388155425117,0.7924528301886793,0.0025634765625,2563.4765625,57.13072493305822,88.6689519614096,44.33335004620344,11,7,85.9375,54.6875,85.9375,54.6875,1.5714285714285714,0.0039245000934404785,230728A-JC-36-Center,4.0,0.64898681640625,0.1622467041015625,0.003949967083607637,0.000640869140625,17
483,17.0,229,162,235,167,5.672977972708228,4.278863213767893,0.6565833774523258,13.278174593052023,0.85,0.00103759765625,1037.59765625,36.347081966259985,44.32014041178303,33.42861885756166,6,5,46.875,39.0625,46.875,39.0625,1.2,0.0015884881330592412,230728A-JC-36-Center,4.0,0.64898681640625,0.1622467041015625,0.001598796200507853,0.0002593994140625,323
484,36.0,230,41,235,50,9.377782497377124,5.082811545755462,0.8403748113884357,22.485281374238568,0.9230769230769231,0.002197265625,2197.265625,52.89277345760215,73.26392576075878,39.70946520121454,5,9,39.0625,70.3125,70.3125,39.0625,1.8,0.0033638572229489814,230728A-JC-36-Center,4.0,0.64898681640625,0.1622467041015625,0.0033856860716636886,0.00054931640625,52
486,13.0,231,13,234,19,6.002847255013728,2.8432671397954192,0.8807115033443061,9.414213562373096,0.9285714285714286,0.00079345703125,793.45703125,31.784601133814213,46.897244179794754,22.21302452965171,3,6,23.4375,46.875,46.875,23.4375,2.0,0.0012147262193982432,230728A-JC-36-Center,4.0,0.64898681640625,0.1622467041015625,0.0012226088592118874,0.0001983642578125,391
487,19.0,231,80,238,84,6.5372738453490316,3.7410363016113126,0.8200705434760295,14.65685424949238,0.8636363636363636,0.00115966796875,1159.66796875,38.425709057546364,51.07245191678931,29.226846106338378,7,4,54.6875,31.25,54.6875,31.25,1.75,0.0017753690898897401,230728A-JC-36-Center,4.0,0.64898681640625,0.1622467041015625,0.0017868898711558357,0.0002899169921875,290
488,11.0,232,137,236,141,4.670993664969138,3.149183286488868,0.7385489458759964,8.414213562373096,0.8461538461538461,0.00067138671875,671.38671875,29.2375806133559,36.49213800757139,24.60299442569428,4,4,31.25,31.25,31.25,31.25,1.0,0.0010278452625677443,230728A-JC-36-Center,4.0,0.64898681640625,0.1622467041015625,0.001034515188563905,0.0001678466796875,414
489,20.0,232,155,236,162,7.745966692414834,3.63318042491699,0.8831760866327847,16.242640687119284,0.8333333333333334,0.001220703125,1220.703125,39.423945656565,60.51536478449089,28.384222069663984,4,7,31.25,54.6875,54.6875,31.25,1.75,0.0018688095683049898,230728A-JC-36-Center,4.0,0.64898681640625,0.1622467041015625,0.001880936706479827,0.00030517578125,270
490,41.0,232,213,242,225,10.893358811945475,8.636615586975276,0.6094388021859223,33.72792206135786,0.5256410256410257,0.00250244140625,2502.44140625,56.446499951902865,85.10436571832403,67.47355927324435,10,12,78.125,93.75,93.75,78.125,1.2,0.003831059615025229,230728A-JC-36-Center,4.0,0.64898681640625,0.1622467041015625,0.003855920248283645,0.0006256103515625,21
491,22.0,234,26,241,33,6.732159002425839,5.9945169541143315,0.45512004217388485,19.071067811865476,0.7333333333333333,0.0013427734375,1342.7734375,41.34818303438459,52.59499220645187,46.832163704018214,7,7,54.6875,54.6875,54.6875,54.6875,1.0,0.0020556905251354887,230728A-JC-36-Center,4.0,0.64898681640625,0.1622467041015625,0.00206903037712781,0.000335693359375,232
492,39.0,234,73,246,78,11.573755885052428,4.593915432380948,0.9178509581009426,26.970562748477143,0.8863636363636364,0.00238037109375,2380.37109375,55.05254406207756,90.41996785197209,35.889964315476156,12,5,93.75,39.0625,93.75,39.0625,2.4,0.00364417865819473,230728A-JC-36-Center,4.0,0.64898681640625,0.1622467041015625,0.0036678265776356627,0.0005950927734375,27
493,21.0,235,59,240,67,7.867670688464836,4.498927372944826,0.820375929856771,16.48528137423857,0.7777777777777778,0.00128173828125,1281.73828125,40.397523014268835,61.46617725363153,35.14787010113145,5,8,39.0625,62.5,62.5,39.0625,1.6,0.0019622500467202392,230728A-JC-36-Center,4.0,0.64898681640625,0.1622467041015625,0.0019749835418038184,0.0003204345703125,251
494,35.0,235,104,242,111,7.411611073829133,6.800019572637461,0.3977773546773114,21.86396103067893,0.8333333333333334,0.00213623046875,2136.23046875,52.15297795409801,57.9032115142901,53.12515291123016,7,7,54.6875,54.6875,54.6875,54.6875,1.0,0.003270416744533732,230728A-JC-36-Center,4.0,0.64898681640625,0.1622467041015625,0.0032916392363396972,0.0005340576171875,59
495,31.0,235,116,244,121,9.099490360806826,5.087834487575173,0.8290772971292129,21.86396103067893,0.7948717948717948,0.00189208984375,1892.08984375,49.082416518079825,71.08976844380332,39.74870693418104,9,5,70.3125,39.0625,70.3125,39.0625,1.8,0.002896654830872734,230728A-JC-36-Center,4.0,0.64898681640625,0.1622467041015625,0.0029154518950437317,0.0004730224609375,86
496,19.0,235,238,242,242,7.703373817842871,3.4277462807149606,0.8955470216037221,16.27817459305202,0.7916666666666666,0.00115966796875,1159.66796875,38.425709057546364,60.18260795189743,26.77926781808563,7,4,54.6875,31.25,54.6875,31.25,1.75,0.0017753690898897401,230728A-JC-36-Center,4.0,0.64898681640625,0.1622467041015625,0.0017868898711558357,0.0002899169921875,291
497,26.0,236,143,242,151,8.780429767840502,3.990213599709957,0.8907753103476547,19.106601717798213,0.896551724137931,0.0015869140625,1586.9140625,44.95021399805931,68.59710756125392,31.17354374773404,6,8,46.875,62.5,62.5,46.875,1.3333333333333333,0.0024294524387964865,230728A-JC-36-Center,4.0,0.64898681640625,0.1622467041015625,0.002445217718423775,0.000396728515625,148
498,9.0,236,228,240,231,4.708788181923399,2.504347879633133,0.8468413944019119,8.207106781186548,0.9,0.00054931640625,549.31640625,26.446386728801077,36.787407671276554,19.565217809633854,4,3,31.25,23.4375,31.25,23.4375,1.3333333333333333,0.0008409643057372453,230728A-JC-36-Center,4.0,0.64898681640625,0.1622467041015625,0.0008464215179159222,0.0001373291015625,441
499,23.0,238,248,243,254,6.451897496272646,4.793530393293465,0.6693308933569537,16.242640687119284,0.92,0.00140380859375,1403.80859375,42.277471717234455,50.40544918963005,37.449456197605194,5,6,39.0625,46.875,46.875,39.0625,1.2,0.002149131003550738,230728A-JC-36-Center,4.0,0.64898681640625,0.1622467041015625,0.002163077212451801,0.0003509521484375,214
500,15.0,240,6,244,14,8.193761784834301,3.1538408738922565,0.9229551281384722,10.207106781186548,0.7142857142857143,0.00091552734375,915.52734375,34.14213845600247,64.01376394401798,24.639381827283255,4,8,31.25,62.5,62.5,31.25,2.0,0.0014016071762287423,230728A-JC-36-Center,4.0,0.64898681640625,0.1622467041015625,0.0014107025298598702,0.0002288818359375,364
501,20.0,240,14,244,21,7.31578682958641,3.799903033506252,0.8545243144852774,14.828427124746192,0.8695652173913043,0.001220703125,1220.703125,39.423945656565,57.15458460614383,29.686742449267594,4,7,31.25,54.6875,54.6875,31.25,1.75,0.0018688095683049898,230728A-JC-36-Center,4.0,0.64898681640625,0.1622467041015625,0.001880936706479827,0.00030517578125,271
502,35.0,240,45,250,50,10.91473683789745,5.165658715355285,0.8809153949846231,25.31370849898476,0.8333333333333334,0.00213623046875,2136.23046875,52.15297795409801,85.27138154607383,40.35670871371316,10,5,78.125,39.0625,78.125,39.0625,2.0,0.003270416744533732,230728A-JC-36-Center,4.0,0.64898681640625,0.1622467041015625,0.0032916392363396972,0.0005340576171875,60
503,4.0,241,167,244,169,3.23606797749979,1.2360679774997898,0.9241763718304448,4.414213562373095,1.0,0.000244140625,244.140625,17.630924485867386,25.281781074217108,9.656781074217108,3,2,23.4375,15.625,23.4375,15.625,1.5,0.00037376191366099795,230728A-JC-36-Center,4.0,0.64898681640625,0.1622467041015625,0.0003761873412959654,6.103515625e-05,489
504,26.0,241,188,247,197,9.303668550135852,4.793768147050359,0.8570365074908848,21.86396103067893,0.7222222222222222,0.0015869140625,1586.9140625,44.95021399805931,72.68491054793634,37.451313648830926,6,9,46.875,70.3125,70.3125,46.875,1.5,0.0024294524387964865,230728A-JC-36-Center,4.0,0.64898681640625,0.1622467041015625,0.002445217718423775,0.000396728515625,149
505,7.0,241,234,244,238,4.0,2.2131333406899527,0.8329931278350429,7.65685424949238,1.0,0.00042724609375,427.24609375,23.323520786882213,31.25,17.290104224140254,3,4,23.4375,31.25,31.25,23.4375,1.3333333333333333,0.0006540833489067464,230728A-JC-36-Center,4.0,0.64898681640625,0.1622467041015625,0.0006583278472679394,0.0001068115234375,458
506,34.0,243,129,249,140,11.009444580779995,5.334138138135648,0.8747881297797443,25.071067811865472,0.7555555555555555,0.0020751953125,2075.1953125,51.40253626937142,86.01128578734371,41.67295420418475,6,11,46.875,85.9375,85.9375,46.875,1.8333333333333333,0.0031769762661184825,230728A-JC-36-Center,4.0,0.64898681640625,0.1622467041015625,0.003197592401015706,0.000518798828125,67
508,24.0,244,0,252,5,9.006485612095519,4.3677982283481045,0.8745355350600876,19.86396103067893,0.75,0.00146484375,1464.84375,43.18676868391694,70.36316884449624,34.123423658969564,8,5,62.5,39.0625,62.5,39.0625,1.6,0.0022425714819659876,230728A-JC-36-Center,4.0,0.64898681640625,0.1622467041015625,0.0022571240477757925,0.0003662109375,187
509,8.0,244,24,247,29,5.328920779022356,2.3135693918496947,0.9008389276478763,7.035533905932738,0.8,0.00048828125,488.28125,24.933892525089544,41.63219358611216,18.07476087382574,3,5,23.4375,39.0625,39.0625,23.4375,1.6666666666666667,0.0007475238273219959,230728A-JC-36-Center,4.0,0.64898681640625,0.1622467041015625,0.0007523746825919308,0.0001220703125,452
510,31.0,244,32,251,39,7.770320893893073,5.176675737061186,0.7457630170031327,19.31370849898476,0.9393939393939394,0.00189208984375,1892.08984375,49.082416518079825,60.70563198353963,40.442779195790514,7,7,54.6875,54.6875,54.6875,54.6875,1.0,0.002896654830872734,230728A-JC-36-Center,4.0,0.64898681640625,0.1622467041015625,0.0029154518950437317,0.0004730224609375,87
511,37.0,245,155,253,164,10.058983521775126,6.463487850859695,0.7662364232198169,24.485281374238568,0.7254901960784313,0.00225830078125,2258.30078125,53.62236341857576,78.58580876386817,50.49599883484137,8,9,62.5,70.3125,70.3125,62.5,1.125,0.003457297701364231,230728A-JC-36-Center,4.0,0.64898681640625,0.1622467041015625,0.00347973290698768,0.0005645751953125,42
512,20.0,245,219,251,225,8.140826566305774,3.737237324191513,0.8883983166477157,15.65685424949238,0.8333333333333334,0.001220703125,1220.703125,39.423945656565,63.600207549263864,29.197166595246195,6,6,46.875,46.875,46.875,46.875,1.0,0.0018688095683049898,230728A-JC-36-Center,4.0,0.64898681640625,0.1622467041015625,0.001880936706479827,0.00030517578125,272
513,31.0,245,235,253,244,11.784437721454895,3.5966040048227206,0.9522884494036394,24.9350288425444,0.7948717948717948,0.00189208984375,1892.08984375,49.082416518079825,92.06591969886637,28.098468787677504,8,9,62.5,70.3125,70.3125,62.5,1.125,0.002896654830872734,230728A-JC-36-Center,4.0,0.64898681640625,0.1622467041015625,0.0029154518950437317,0.0004730224609375,88
514,5.0,246,125,249,127,3.098386676965933,1.7888543819998317,0.816496580927726,5.207106781186548,1.0,0.00030517578125,305.17578125,19.7119728282825,24.20614591379635,13.975424859373685,3,2,23.4375,15.625,23.4375,15.625,1.5,0.00046720239207624745,230728A-JC-36-Center,4.0,0.64898681640625,0.1622467041015625,0.00047023417661995676,7.62939453125e-05,478
515,18.0,247,52,252,59,8.130072215908033,2.9607639715087815,0.9313307813408893,15.65685424949238,0.9,0.0010986328125,1098.6328125,37.400838787634314,63.51618918678151,23.130968527412357,5,7,39.0625,54.6875,54.6875,39.0625,1.4,0.0016819286114744907,230728A-JC-36-Center,4.0,0.64898681640625,0.1622467041015625,0.0016928430358318443,0.000274658203125,307
516,28.0,247,69,256,73,10.581486378972729,3.9371987207552337,0.9281991768689375,20.242640687119284,0.8484848484848485,0.001708984375,1708.984375,46.647041573764426,82.66786233572444,30.759365005900264,9,4,70.3125,31.25,70.3125,31.25,2.25,0.002616333395626986,230728A-JC-36-Center,4.0,0.64898681640625,0.1622467041015625,0.0026333113890717576,0.00042724609375,123
517,22.0,248,85,256,90,9.092106942286891,3.1926627573625623,0.9363204797319014,18.071067811865476,0.8461538461538461,0.0013427734375,1342.7734375,41.34818303438459,71.03208548661634,24.94267779189502,8,5,62.5,39.0625,62.5,39.0625,1.6,0.0020556905251354887,230728A-JC-36-Center,4.0,0.64898681640625,0.1622467041015625,0.00206903037712781,0.000335693359375,233
518,26.0,248,111,256,117,8.343221642604714,5.255608609204221,0.7766555106657169,22.27817459305202,0.7647058823529411,0.0015869140625,1586.9140625,44.95021399805931,65.18141908284933,41.05944225940797,8,6,62.5,46.875,62.5,46.875,1.3333333333333333,0.0024294524387964865,230728A-JC-36-Center,4.0,0.64898681640625,0.1622467041015625,0.002445217718423775,0.000396728515625,150
519,11.0,248,139,251,143,4.346129984141888,3.067356324605906,0.7084437526351622,9.414213562373096,1.0,0.00067138671875,671.38671875,29.2375806133559,33.954140501108505,23.963721285983638,3,4,23.4375,31.25,31.25,23.4375,1.3333333333333333,0.0010278452625677443,230728A-JC-36-Center,4.0,0.64898681640625,0.1622467041015625,0.001034515188563905,0.0001678466796875,415
520,17.0,249,20,256,23,7.388385161462391,2.9199232108213784,0.9185931566389633,12.414213562373096,0.8947368421052632,0.00103759765625,1037.59765625,36.347081966259985,57.721759073924936,22.811900084542017,7,3,54.6875,23.4375,54.6875,23.4375,2.3333333333333335,0.0015884881330592412,230728A-JC-36-Center,4.0,0.64898681640625,0.1622467041015625,0.001598796200507853,0.0002593994140625,324
521,18.0,249,242,254,248,7.461815850498202,4.789424617203101,0.7668236953969313,13.242640687119284,0.6428571428571429,0.0010986328125,1098.6328125,37.400838787634314,58.2954363320172,37.41737982189923,5,6,39.0625,46.875,46.875,39.0625,1.2,0.0016819286114744907,230728A-JC-36-Center,4.0,0.64898681640625,0.1622467041015625,0.0016928430358318443,0.000274658203125,308
523,26.0,250,169,256,176,8.297005126901034,4.740602851076387,0.820697367638928,19.27817459305202,0.8125,0.0015869140625,1586.9140625,44.95021399805931,64.82035255391433,37.035959774034275,6,7,46.875,54.6875,54.6875,46.875,1.1666666666666667,0.0024294524387964865,230728A-JC-36-Center,4.0,0.64898681640625,0.1622467041015625,0.002445217718423775,0.000396728515625,151
524,19.0,250,187,256,193,7.909160082656439,3.514005389626874,0.8958802256941321,15.242640687119284,0.8260869565217391,0.00115966796875,1159.66796875,38.425709057546364,61.79031314575343,27.45316710645995,6,6,46.875,46.875,46.875,46.875,1.0,0.0017753690898897401,230728A-JC-36-Center,4.0,0.64898681640625,0.1622467041015625,0.0017868898711558357,0.0002899169921875,292
525,16.0,250,199,256,203,6.988616995403565,3.245648239035838,0.8856154715713603,13.449747468305834,0.8,0.0009765625,976.5625,35.26184897173477,54.59857027659035,25.356626867467483,6,4,46.875,31.25,46.875,31.25,1.5,0.0014950476546439918,230728A-JC-36-Center,4.0,0.64898681640625,0.1622467041015625,0.0015047493651838616,0.000244140625,344
526,8.0,250,226,254,229,4.7271453337587435,2.1573356237551296,0.8897891991866603,8.207106781186548,0.8888888888888888,0.00048828125,488.28125,24.933892525089544,36.930822919990185,16.85418456058695,4,3,31.25,23.4375,31.25,23.4375,1.3333333333333333,0.0007475238273219959,230728A-JC-36-Center,4.0,0.64898681640625,0.1622467041015625,0.0007523746825919308,0.0001220703125,453
527,19.0,251,76,256,81,5.352885405415654,4.667364456166028,0.4896228697540898,14.242640687119284,0.9047619047619048,0.00115966796875,1159.66796875,38.425709057546364,41.819417229809794,36.46378481379709,5,5,39.0625,39.0625,39.0625,39.0625,1.0,0.0017753690898897401,230728A-JC-36-Center,4.0,0.64898681640625,0.1622467041015625,0.0017868898711558357,0.0002899169921875,293
528,21.0,251,208,256,213,5.602338368222782,4.700240723391253,0.544164764908731,14.242640687119286,0.9545454545454546,0.00128173828125,1281.73828125,40.397523014268835,43.76826850174048,36.72063065149416,5,5,39.0625,39.0625,39.0625,39.0625,1.0,0.0019622500467202392,230728A-JC-36-Center,4.0,0.64898681640625,0.1622467041015625,0.0019749835418038184,0.0003204345703125,252
529,6.0,255,45,256,51,6.831300510639732,0.0,1.0,4.0,1.0,0.0003662109375,366.2109375,21.59338434195847,53.36953523937291,0.0,1,6,7.8125,46.875,46.875,7.8125,6.0,0.0005606428704914969,230728A-JC-36-Center,4.0,0.64898681640625,0.1622467041015625,0.0005642810119439481,9.1552734375e-05,471
530,4.0,255,149,256,153,4.47213595499958,0.0,1.0,2.0,1.0,0.000244140625,244.140625,17.630924485867386,34.938562148434215,0.0,1,4,7.8125,31.25,31.25,7.8125,4.0,0.00037376191366099795,230728A-JC-36-Center,4.0,0.64898681640625,0.1622467041015625,0.0003761873412959654,6.103515625e-05,490
531,4.0,255,181,256,185,4.47213595499958,0.0,1.0,2.0,1.0,0.000244140625,244.140625,17.630924485867386,34.938562148434215,0.0,1,4,7.8125,31.25,31.25,7.8125,4.0,0.00037376191366099795,230728A-JC-36-Center,4.0,0.64898681640625,0.1622467041015625,0.0003761873412959654,6.103515625e-05,491
