5.014096e+002,4.393955e-001
5.052666e+002,4.411010e-001
5.091236e+002,4.544309e-001
5.129806e+002,4.721743e-001
5.168376e+002,4.844242e-001
5.206946e+002,4.805664e-001
5.245516e+002,4.528597e-001
5.284086e+002,4.012165e-001
5.322656e+002,3.324994e-001
5.361226e+002,2.616896e-001
5.399796e+002,2.067532e-001
5.438365e+002,1.823113e-001
5.476936e+002,1.940163e-001
5.515505e+002,2.361165e-001
5.554076e+002,2.933979e-001
5.592646e+002,3.461067e-001
5.631216e+002,3.793055e-001
5.669786e+002,3.848813e-001
5.708356e+002,3.636442e-001
5.746926e+002,3.231701e-001
5.785496e+002,2.734714e-001
5.824066e+002,2.227094e-001
5.862635e+002,1.748325e-001
5.901205e+002,1.312249e-001
5.939775e+002,8.858365e-002
5.978345e+002,4.567658e-002
6.016915e+002,3.335778e-003
6.055485e+002,-3.573645e-002
6.094055e+002,-6.827823e-002
6.132625e+002,-9.185678e-002
6.171195e+002,-1.053943e-001
6.209765e+002,-1.088558e-001
6.248335e+002,-1.020803e-001
6.286905e+002,-8.360432e-002
6.325475e+002,-5.164873e-002
6.364045e+002,-5.868129e-003
6.402615e+002,5.063624e-002
6.441185e+002,1.103409e-001
6.479755e+002,1.623333e-001
6.518325e+002,1.933851e-001
6.556895e+002,1.991222e-001
6.595465e+002,1.790285e-001
6.634035e+002,1.401158e-001
6.672605e+002,9.516264e-002
6.711175e+002,5.871054e-002
6.749745e+002,4.229996e-002
6.788315e+002,5.076304e-002
6.826885e+002,7.481036e-002
6.865455e+002,1.108670e-001
6.904025e+002,1.487676e-001
6.942595e+002,1.790987e-001
6.981165e+002,1.957180e-001
7.019734e+002,1.969420e-001
7.058304e+002,1.852850e-001
7.096874e+002,1.661190e-001
7.135444e+002,1.451166e-001
7.174014e+002,1.272635e-001
7.212584e+002,1.152779e-001
7.251154e+002,1.107430e-001
7.289724e+002,1.140619e-001
7.328294e+002,1.244249e-001
7.366864e+002,1.397845e-001
7.405435e+002,1.569334e-001
7.444004e+002,1.808281e-001
7.482574e+002,1.959741e-001
7.521144e+002,1.977643e-001
7.559714e+002,1.848480e-001
7.598284e+002,1.600139e-001
7.636854e+002,1.298145e-001
7.675424e+002,1.028421e-001
7.713994e+002,8.712612e-002
7.752564e+002,8.993056e-002
7.791134e+002,1.109307e-001
7.829704e+002,1.449372e-001
7.868274e+002,1.835867e-001
7.906844e+002,2.193016e-001
7.945414e+002,2.487074e-001
7.983984e+002,2.738943e-001
8.022554e+002,3.008970e-001
8.061124e+002,3.377586e-001
8.099694e+002,3.862054e-001
8.138264e+002,4.428630e-001
8.176833e+002,4.987263e-001
8.215403e+002,5.427183e-001
8.253973e+002,5.663673e-001
8.292544e+002,5.672306e-001
8.331113e+002,5.493603e-001
8.369684e+002,5.199142e-001
8.408253e+002,4.866274e-001
8.446824e+002,4.524893e-001
8.485393e+002,4.149235e-001
8.523964e+002,3.682179e-001
8.562533e+002,3.082324e-001
8.601104e+002,2.368795e-001
8.639673e+002,1.638867e-001
8.678243e+002,1.046779e-001
8.716813e+002,7.567340e-002
8.755383e+002,8.688741e-002
8.793953e+002,1.380665e-001
8.832523e+002,2.183669e-001
8.871093e+002,3.100778e-001
8.909663e+002,3.946453e-001
8.948233e+002,4.583791e-001
8.986803e+002,4.959770e-001
9.025373e+002,5.088978e-001
9.063943e+002,5.041480e-001
9.102513e+002,4.899185e-001
9.141083e+002,4.728030e-001
9.179653e+002,4.569486e-001
9.218223e+002,4.448243e-001
9.256793e+002,4.385120e-001
9.295363e+002,4.403432e-001
9.333933e+002,4.523448e-001
9.372502e+002,4.749231e-001
9.411073e+002,5.057206e-001
9.449642e+002,5.395262e-001
9.488213e+002,5.695186e-001
9.526782e+002,5.893084e-001
9.565353e+002,5.948600e-001
9.603922e+002,5.855356e-001
9.642493e+002,5.637949e-001
9.681062e+002,5.341784e-001
9.719633e+002,5.022640e-001
9.758203e+002,4.739252e-001
9.796772e+002,4.548874e-001
9.835342e+002,4.501454e-001
9.873912e+002,4.628152e-001
9.912482e+002,4.924935e-001
9.951052e+002,5.338286e-001
9.989622e+002,5.766830e-001
1.002819e+003,6.077867e-001
1.006676e+003,6.144707e-001
1.010533e+003,5.891157e-001
1.014390e+003,5.324661e-001
1.018247e+003,4.541391e-001
1.022104e+003,3.721871e-001
1.025961e+003,2.997966e-001
1.029818e+003,2.477843e-001
1.033675e+003,2.189867e-001
1.037532e+003,2.083273e-001
1.041389e+003,2.062002e-001
1.045246e+003,2.035637e-001
1.049103e+003,1.963451e-001
1.052960e+003,1.861605e-001
1.056817e+003,1.801334e-001
1.060674e+003,1.858985e-001
1.064531e+003,2.072399e-001
1.068388e+003,2.413823e-001
1.072245e+003,2.792473e-001
1.076102e+003,3.085905e-001
1.079959e+003,3.186785e-001
1.083816e+003,3.031208e-001
1.087673e+003,2.678354e-001
1.091530e+003,2.208472e-001
1.095387e+003,1.730477e-001
1.099244e+003,1.345899e-001
1.103101e+003,1.118793e-001
1.106958e+003,1.061754e-001
1.110815e+003,1.140994e-001
1.114672e+003,1.282520e-001
1.118529e+003,1.438640e-001
1.122386e+003,1.566586e-001
1.126243e+003,1.645634e-001
1.130100e+003,1.675443e-001
1.133957e+003,1.668747e-001
1.137814e+003,1.642934e-001
1.141671e+003,1.614021e-001
1.145528e+003,1.589030e-001
1.149385e+003,1.578234e-001
1.153242e+003,1.583456e-001
1.157099e+003,1.598375e-001
1.160956e+003,1.606069e-001
1.164813e+003,1.578795e-001
1.168670e+003,1.482857e-001
1.172527e+003,1.289209e-001
1.176384e+003,9.511025e-002
1.180241e+003,5.278251e-002
1.184098e+003,8.844908e-003
1.187955e+003,-2.693223e-002
1.191812e+003,-4.437072e-002
1.195669e+003,-3.592521e-002
1.199526e+003,8.035097e-004
1.203383e+003,6.206798e-002
1.207240e+003,1.437007e-001
1.211097e+003,2.304258e-001
1.214954e+003,3.105540e-001
1.218811e+003,3.764293e-001
1.222668e+003,4.258178e-001
1.226525e+003,4.611655e-001
1.230382e+003,4.872611e-001
1.234239e+003,5.084442e-001
1.238096e+003,5.282644e-001
1.241953e+003,5.431843e-001
1.245810e+003,5.500085e-001
1.249667e+003,5.456561e-001
1.253524e+003,5.291710e-001
1.257381e+003,5.028194e-001
1.261238e+003,4.719502e-001
1.265095e+003,4.438478e-001
1.268952e+003,4.259808e-001
1.272809e+003,4.254995e-001
1.276666e+003,4.468122e-001
1.280523e+003,4.911303e-001
1.284380e+003,5.559598e-001
1.288237e+003,6.348710e-001
1.292094e+003,7.177703e-001
1.295951e+003,7.920232e-001
1.299808e+003,8.445193e-001
1.303665e+003,8.640212e-001
1.307522e+003,8.457340e-001
1.311379e+003,7.927542e-001
1.315236e+003,7.159756e-001
1.319093e+003,6.315917e-001
1.322950e+003,5.568352e-001
1.326807e+003,5.053368e-001
1.330664e+003,4.827722e-001
1.334521e+003,4.893885e-001
1.338378e+003,5.173894e-001
1.342235e+003,5.560493e-001
1.346092e+003,5.956154e-001
1.349949e+003,6.299745e-001
1.353806e+003,6.571918e-001
1.357663e+003,6.780672e-001
1.361520e+003,6.936249e-001
1.365377e+003,7.033688e-001
1.369234e+003,7.044309e-001
1.373091e+003,6.928790e-001
1.376948e+003,6.660693e-001
1.380805e+003,6.249651e-001
1.384662e+003,5.752586e-001
1.388519e+003,5.266725e-001
1.392376e+003,4.903781e-001
1.396233e+003,4.773735e-001
1.400090e+003,4.929592e-001
1.403947e+003,5.356925e-001
1.407804e+003,5.974350e-001
1.411661e+003,6.652003e-001
1.415518e+003,7.242100e-001
1.419375e+003,7.613353e-001
1.423232e+003,7.634114e-001
1.427089e+003,7.282414e-001
1.430946e+003,6.628453e-001
1.434803e+003,5.813060e-001
1.438660e+003,5.012131e-001
1.442517e+003,4.390891e-001
1.446374e+003,4.059811e-001
1.450231e+003,4.044724e-001
1.454088e+003,4.078805e-001
1.457945e+003,4.210693e-001
1.461802e+003,4.210159e-001
1.465659e+003,3.892594e-001
1.469516e+003,3.186722e-001
1.473373e+003,2.157489e-001
1.477230e+003,9.787288e-002
1.481087e+003,-1.300538e-002
1.484944e+003,-8.810489e-002
1.488801e+003,-1.295204e-001
1.492658e+003,-1.366691e-001
1.496515e+003,-1.172252e-001
1.500372e+003,-8.420098e-002
1.504229e+003,-5.209234e-002
1.508086e+003,-3.310216e-002
1.511943e+003,-3.418015e-002
1.515800e+003,-4.114413e-002
1.519657e+003,-6.137568e-002
1.523514e+003,-8.691827e-002
1.527371e+003,-1.084698e-001
1.531228e+003,-1.177760e-001
1.535085e+003,-1.099517e-001
1.538942e+003,-8.491340e-002
1.542799e+003,-4.725855e-002
1.546656e+003,-4.691211e-003
1.550513e+003,3.514354e-002
1.554370e+003,6.863093e-002
1.558227e+003,9.705646e-002
1.562084e+003,1.267203e-001
1.565941e+003,1.670697e-001
1.569798e+003,2.273714e-001
1.573655e+003,3.130572e-001
1.577512e+003,4.205926e-001
1.581369e+003,5.440221e-001
1.585226e+003,6.705676e-001
1.589083e+003,7.856018e-001
1.592940e+003,8.765171e-001
1.596797e+003,9.359242e-001
1.600654e+003,9.632248e-001
1.604511e+003,9.642283e-001
1.608368e+003,9.489516e-001
1.612225e+003,9.294420e-001
1.616082e+003,9.163229e-001
1.619939e+003,9.174941e-001
1.623796e+003,9.374196e-001
1.627653e+003,9.772787e-001
1.631510e+003,1.035607e+000
1.635367e+003,1.109078e+000
1.639224e+003,1.192680e+000
1.643081e+003,1.282081e+000
1.646938e+003,1.372765e+000
1.650795e+003,1.461149e+000
1.654652e+003,1.545068e+000
1.658509e+003,1.623867e+000
1.662366e+003,1.698008e+000
1.666223e+003,1.768326e+000
1.670080e+003,1.835009e+000
1.673937e+003,1.898090e+000
1.677794e+003,1.957058e+000
1.681651e+003,2.012151e+000
1.685508e+003,2.065513e+000
1.689365e+003,2.121794e+000
1.693222e+003,2.187652e+000
1.697079e+003,2.270112e+000
1.700936e+003,2.374008e+000
1.704793e+003,2.500826e+000
1.708650e+003,2.647353e+000
1.712507e+003,2.807006e+000
1.716364e+003,2.972438e+000
1.720221e+003,3.138639e+000
1.724078e+003,3.305202e+000
1.727935e+003,3.476756e+000
1.731792e+003,3.661047e+000
1.735649e+003,3.866187e+000
1.739506e+003,4.096684e+000
1.743363e+003,4.351328e+000
1.747220e+003,4.623008e+000
1.751077e+003,4.900692e+000
1.754934e+003,5.172726e+000
1.758791e+003,5.430177e+000
1.762648e+003,5.668944e+000
1.766505e+003,5.890393e+000
1.770362e+003,6.099937e+000
1.774219e+003,6.305014e+000
1.778076e+003,6.513013e+000
1.781933e+003,6.729845e+000
1.785790e+003,6.959343e+000
1.789647e+003,7.203239e+000
1.793504e+003,7.461213e+000
1.797361e+003,7.731075e+000
1.801218e+003,8.008493e+000
1.805075e+003,8.287175e+000
1.808932e+003,8.559562e+000
1.812789e+003,8.818187e+000
1.816646e+003,9.057444e+000
1.820503e+003,9.275193e+000
1.824360e+003,9.473481e+000
1.828217e+003,9.658444e+000
1.832073e+003,9.838538e+000
1.835931e+003,1.002250e+001
1.839788e+003,1.021732e+001
1.843645e+003,1.042690e+001
1.847501e+003,1.065182e+001
1.851359e+003,1.089004e+001
1.855216e+003,1.113796e+001
1.859073e+003,1.139213e+001
1.862929e+003,1.164954e+001
1.866787e+003,1.190791e+001
1.870644e+003,1.216522e+001
1.874500e+003,1.241910e+001
1.878357e+003,1.266633e+001
1.882215e+003,1.290282e+001
1.886072e+003,1.312420e+001
1.889928e+003,1.332757e+001
1.893786e+003,1.351251e+001
1.897643e+003,1.368256e+001
1.901500e+003,1.384571e+001
1.905356e+003,1.401359e+001
1.909214e+003,1.419932e+001
1.913071e+003,1.441432e+001
1.916927e+003,1.466483e+001
1.920784e+003,1.495009e+001
1.924642e+003,1.526122e+001
1.928499e+003,1.558310e+001
1.932355e+003,1.589796e+001
1.936212e+003,1.618987e+001
1.940070e+003,1.644851e+001
1.943927e+003,1.667119e+001
1.947783e+003,1.686222e+001
1.951640e+003,1.703076e+001
1.955498e+003,1.718670e+001
1.959354e+003,1.733756e+001
1.963211e+003,1.748664e+001
1.967068e+003,1.763312e+001
1.970926e+003,1.777364e+001
1.974782e+003,1.790451e+001
1.978639e+003,1.802350e+001
1.982497e+003,1.813097e+001
1.986354e+003,1.822951e+001
1.990210e+003,1.832336e+001
1.994067e+003,1.841768e+001
1.997925e+003,1.851810e+001
2.001781e+003,1.863035e+001
2.005638e+003,1.875991e+001
2.009495e+003,1.891105e+001
2.013353e+003,1.908557e+001
2.017209e+003,1.928153e+001
2.021066e+003,1.949279e+001
2.024923e+003,1.970981e+001
2.028781e+003,1.992181e+001
2.032637e+003,2.011980e+001
2.036494e+003,2.029926e+001
2.040351e+003,2.046171e+001
2.044208e+003,2.061395e+001
2.048065e+003,2.076631e+001
2.051922e+003,2.092948e+001
2.055779e+003,2.111176e+001
2.059636e+003,2.131741e+001
2.063493e+003,2.154650e+001
2.067350e+003,2.179588e+001
2.071207e+003,2.206096e+001
2.075064e+003,2.233619e+001
2.078921e+003,2.261664e+001
2.082778e+003,2.289811e+001
2.086635e+003,2.317743e+001
2.090492e+003,2.345301e+001
2.094349e+003,2.372549e+001
2.098206e+003,2.399811e+001
2.102063e+003,2.427676e+001
2.105920e+003,2.456746e+001
2.109777e+003,2.487528e+001
2.113634e+003,2.520191e+001
2.117491e+003,2.554444e+001
2.121348e+003,2.589587e+001
2.125205e+003,2.624732e+001
2.129062e+003,2.659108e+001
2.132919e+003,2.692385e+001
2.136776e+003,2.724720e+001
2.140633e+003,2.756812e+001
2.144490e+003,2.789639e+001
2.148347e+003,2.824151e+001
2.152204e+003,2.860974e+001
2.156061e+003,2.900252e+001
2.159918e+003,2.941629e+001
2.163775e+003,2.984394e+001
2.167632e+003,3.027564e+001
2.171489e+003,3.070148e+001
2.175346e+003,3.111238e+001
2.179203e+003,3.150088e+001
2.183060e+003,3.186154e+001
2.186917e+003,3.219118e+001
2.190774e+003,3.248899e+001
2.194631e+003,3.275611e+001
2.198488e+003,3.299508e+001
2.202345e+003,3.320859e+001
2.206202e+003,3.339819e+001
2.210059e+003,3.356341e+001
2.213916e+003,3.370168e+001
2.217773e+003,3.380904e+001
2.221630e+003,3.388143e+001
2.225487e+003,3.391527e+001
2.229344e+003,3.390955e+001
2.233201e+003,3.386405e+001
2.237058e+003,3.377899e+001
2.240915e+003,3.365420e+001
2.244772e+003,3.348901e+001
2.248629e+003,3.328300e+001
2.252486e+003,3.303718e+001
2.256343e+003,3.275390e+001
2.260200e+003,3.243977e+001
2.264057e+003,3.210080e+001
2.267914e+003,3.174023e+001
2.271771e+003,3.135472e+001
2.275628e+003,3.093134e+001
2.279485e+003,3.044646e+001
2.283342e+003,2.986739e+001
2.287199e+003,2.915523e+001
2.291056e+003,2.827601e+001
2.294913e+003,2.720459e+001
2.298770e+003,2.593376e+001
2.302627e+003,2.448018e+001
2.306484e+003,2.288660e+001
2.310341e+003,2.121919e+001
2.314198e+003,1.955926e+001
2.318055e+003,1.798874e+001
2.321912e+003,1.658058e+001
2.325769e+003,1.537934e+001
2.329626e+003,1.439555e+001
2.333483e+003,1.360700e+001
2.337340e+003,1.296965e+001
2.341197e+003,1.243554e+001
2.345054e+003,1.197207e+001
2.348911e+003,1.157620e+001
2.352768e+003,1.127791e+001
2.356625e+003,1.113030e+001
2.360482e+003,1.118984e+001
2.364339e+003,1.149238e+001
2.368196e+003,1.203351e+001
2.372053e+003,1.276046e+001
2.375910e+003,1.357861e+001
2.379767e+003,1.437184e+001
2.383624e+003,1.502541e+001
2.387481e+003,1.545388e+001
2.391338e+003,1.561548e+001
2.395195e+003,1.551485e+001
2.399052e+003,1.519384e+001
2.402909e+003,1.471495e+001
2.406766e+003,1.414372e+001
2.410623e+003,1.353415e+001
2.414480e+003,1.292626e+001
2.418337e+003,1.234262e+001
2.422194e+003,1.179379e+001
2.426051e+003,1.128337e+001
2.429908e+003,1.081155e+001
2.433765e+003,1.037621e+001
2.437622e+003,9.972778e+000
2.441479e+003,9.593231e+000
2.445336e+003,9.229056e+000
2.449193e+003,8.870842e+000
2.453050e+003,8.511375e+000
2.456907e+003,8.147067e+000
2.460764e+003,7.777899e+000
2.464621e+003,7.406011e+000
2.468478e+003,7.033819e+000
2.472335e+003,6.662179e+000
2.476192e+003,6.291816e+000
2.480049e+003,5.922622e+000
2.483906e+003,5.555431e+000
2.487763e+003,5.192705e+000
2.491620e+003,4.838244e+000
2.495477e+003,4.496144e+000
2.499334e+003,4.169730e+000
2.503191e+003,3.861003e+000
2.507048e+003,3.572051e+000
2.510905e+003,3.305287e+000
2.514762e+003,3.064572e+000
2.518619e+003,2.854785e+000
2.522476e+003,2.679986e+000
2.526333e+003,2.540878e+000
2.530190e+003,2.432867e+000
2.534047e+003,2.346435e+000
2.537904e+003,2.267992e+000
2.541761e+003,2.185094e+000
2.545618e+003,2.090210e+000
2.549475e+003,1.983194e+000
2.553332e+003,1.870901e+000
2.557189e+003,1.763998e+000
2.561046e+003,1.672280e+000
2.564903e+003,1.600987e+000
2.568760e+003,1.547295e+000
2.572617e+003,1.502863e+000
2.576474e+003,1.456848e+000
2.580331e+003,1.400243e+000
2.584188e+003,1.329188e+000
2.588045e+003,1.245962e+000
2.591902e+003,1.157478e+000
2.595759e+003,1.072332e+000
2.599616e+003,9.970037e-001
2.603473e+003,9.342390e-001
2.607330e+003,8.824937e-001
2.611187e+003,8.371180e-001
2.615044e+003,7.923120e-001
2.618901e+003,7.429647e-001
2.622758e+003,6.858412e-001
2.626615e+003,6.198339e-001
2.630472e+003,5.466990e-001
2.634329e+003,4.702863e-001
2.638186e+003,3.966633e-001
2.642043e+003,3.337061e-001
2.645900e+003,2.900697e-001
2.649757e+003,2.734458e-001
2.653614e+003,2.884097e-001
2.657471e+003,3.328372e-001
2.661328e+003,4.021846e-001
2.665185e+003,4.855660e-001
2.669042e+003,5.694242e-001
2.672899e+003,6.405163e-001
2.676756e+003,6.886964e-001
2.680613e+003,7.086094e-001
2.684470e+003,6.999097e-001
2.688327e+003,6.652865e-001
2.692184e+003,6.126336e-001
2.696041e+003,5.481550e-001
2.699898e+003,4.776905e-001
2.703755e+003,4.063483e-001
2.707612e+003,3.384337e-001
2.711469e+003,2.772980e-001
2.715326e+003,2.249578e-001
2.719183e+003,1.835813e-001
2.723040e+003,1.496521e-001
2.726897e+003,1.203126e-001
2.730754e+003,9.262520e-002
2.734611e+003,6.503335e-002
2.738468e+003,3.854373e-002
2.742325e+003,1.699877e-002
2.746182e+003,6.120596e-003
2.750039e+003,1.480382e-002
2.753896e+003,4.213322e-002
2.757753e+003,8.743302e-002
2.761610e+003,1.457791e-001
2.765467e+003,2.087529e-001
2.769324e+003,2.663228e-001
2.773181e+003,3.092772e-001
2.777038e+003,3.314642e-001
2.780895e+003,3.363199e-001
2.784752e+003,3.226390e-001
2.788609e+003,2.963057e-001
2.792466e+003,2.653411e-001
2.796323e+003,2.384184e-001
2.800180e+003,2.235477e-001
2.804037e+003,2.271009e-001
2.807894e+003,2.531710e-001
2.811751e+003,3.029084e-001
2.815608e+003,3.766556e-001
2.819465e+003,4.686686e-001
2.823322e+003,5.698259e-001
2.827179e+003,6.684838e-001
2.831036e+003,7.520215e-001
2.834893e+003,8.089563e-001
2.838750e+003,8.312277e-001
2.842607e+003,8.107348e-001
2.846464e+003,7.535005e-001
2.850321e+003,6.704743e-001
2.854178e+003,5.768228e-001
2.858035e+003,4.883927e-001
2.861892e+003,4.180311e-001
2.865749e+003,3.728262e-001
2.869606e+003,3.530550e-001
2.873463e+003,3.521055e-001
2.877320e+003,3.628659e-001
2.881177e+003,3.755872e-001
2.885034e+003,3.834371e-001
2.888891e+003,3.843250e-001
2.892748e+003,3.808827e-001
2.896605e+003,3.787503e-001
2.900462e+003,3.838929e-001
2.904319e+003,4.003099e-001
2.908176e+003,4.274139e-001
2.912033e+003,4.605708e-001
2.915890e+003,4.923842e-001
2.919747e+003,5.151703e-001
2.923604e+003,5.235521e-001
2.927461e+003,5.162504e-001
2.931318e+003,4.964661e-001
2.935175e+003,4.707630e-001
2.939032e+003,4.468696e-001
2.942889e+003,4.311889e-001
2.946746e+003,4.268268e-001
2.950603e+003,4.328398e-001
2.954460e+003,4.448695e-001
2.958317e+003,4.568612e-001
2.962174e+003,4.632425e-001
2.966031e+003,4.607955e-001
2.969888e+003,4.496939e-001
2.973745e+003,4.333141e-001
2.977602e+003,4.171307e-001
2.981459e+003,4.070261e-001
2.985316e+003,4.075953e-001
2.989173e+003,4.209426e-001
2.993030e+003,4.462465e-001
2.996887e+003,4.801286e-001
3.000744e+003,5.175871e-001
3.004601e+003,5.532203e-001
3.008458e+003,5.822998e-001
3.012315e+003,6.014990e-001
3.016172e+003,6.091534e-001
3.020029e+003,6.051104e-001
3.023886e+003,5.903410e-001
3.027743e+003,5.667284e-001
3.031600e+003,5.363104e-001
3.035457e+003,5.018012e-001
3.039314e+003,4.665491e-001
3.043171e+003,4.345070e-001
3.047028e+003,4.098420e-001
3.050885e+003,3.960790e-001
3.054742e+003,3.949458e-001
3.058599e+003,4.051105e-001
3.062456e+003,4.223011e-001
3.066313e+003,4.395116e-001
3.070170e+003,4.487688e-001
3.074027e+003,4.435204e-001
3.077884e+003,4.209333e-001
3.081741e+003,3.831994e-001
3.085598e+003,3.372062e-001
3.089455e+003,2.925199e-001
3.093312e+003,2.581834e-001
3.097169e+003,2.399128e-001
3.101026e+003,2.384167e-001
3.104883e+003,2.496434e-001
3.108740e+003,2.669043e-001
3.112597e+003,2.839758e-001
3.116454e+003,2.978598e-001
3.120311e+003,3.093218e-001
3.124168e+003,3.237641e-001
3.128025e+003,3.467646e-001
3.131882e+003,3.814868e-001
3.135739e+003,4.263292e-001
3.139596e+003,4.744980e-001
3.143453e+003,5.157608e-001
3.147310e+003,5.397280e-001
3.151167e+003,5.393772e-001
3.155024e+003,5.143291e-001
3.158881e+003,4.686936e-001
3.162738e+003,4.105316e-001
3.166594e+003,3.491720e-001
3.170452e+003,2.925739e-001
3.174309e+003,2.457260e-001
3.178166e+003,2.105296e-001
3.182023e+003,1.868501e-001
3.185880e+003,1.725201e-001
3.189737e+003,1.676740e-001
3.193594e+003,1.733292e-001
3.197451e+003,1.906469e-001
3.201308e+003,2.197642e-001
3.205165e+003,2.588398e-001
3.209021e+003,3.038297e-001
3.212879e+003,3.433679e-001
3.216736e+003,3.786904e-001
3.220593e+003,4.059884e-001
3.224449e+003,4.230104e-001
3.228307e+003,4.292065e-001
3.232164e+003,4.253477e-001
3.236021e+003,4.128902e-001
3.239877e+003,3.934594e-001
3.243735e+003,3.686081e-001
3.247592e+003,3.403131e-001
3.251448e+003,3.113729e-001
3.255305e+003,2.855894e-001
3.259163e+003,2.674942e-001
3.263020e+003,2.614672e-001
3.266876e+003,2.704864e-001
3.270734e+003,2.949671e-001
3.274591e+003,3.345608e-001
3.278448e+003,3.815078e-001
3.282304e+003,4.275525e-001
3.286162e+003,4.650438e-001
3.290019e+003,4.890066e-001
3.293875e+003,4.981638e-001
3.297732e+003,4.945526e-001
3.301590e+003,4.819330e-001
3.305447e+003,4.606342e-001
3.309303e+003,4.347110e-001
3.313160e+003,4.039088e-001
3.317018e+003,3.668083e-001
3.320875e+003,3.230143e-001
3.324731e+003,2.753118e-001
3.328588e+003,2.306775e-001
3.332446e+003,1.994686e-001
3.336302e+003,1.936397e-001
3.340159e+003,2.227929e-001
3.344016e+003,2.893590e-001
3.347874e+003,3.875958e-001
3.351730e+003,5.040919e-001
3.355587e+003,6.204956e-001
3.359444e+003,7.176839e-001
3.363302e+003,7.801816e-001
3.367158e+003,7.998684e-001
3.371015e+003,7.761168e-001
3.374873e+003,7.181227e-001
3.378729e+003,6.413927e-001
3.382586e+003,5.639318e-001
3.386443e+003,5.019323e-001
3.390301e+003,4.659606e-001
3.394157e+003,4.585578e-001
3.398014e+003,4.735945e-001
3.401871e+003,4.991237e-001
3.405729e+003,5.201769e-001
3.409585e+003,5.237735e-001
3.413442e+003,5.030115e-001
3.417299e+003,4.592398e-001
3.421156e+003,4.015056e-001
3.425013e+003,3.433709e-001
3.428870e+003,2.981961e-001
3.432727e+003,2.743363e-001
3.436584e+003,2.724717e-001
3.440441e+003,2.855817e-001
3.444298e+003,3.018109e-001
3.448155e+003,3.090685e-001
3.452012e+003,2.995745e-001
3.455869e+003,2.726443e-001
3.459726e+003,2.348890e-001
3.463583e+003,1.969462e-001
3.467440e+003,1.700014e-001
3.471297e+003,1.615985e-001
3.475154e+003,1.732251e-001
3.479011e+003,2.002183e-001
3.482868e+003,2.337887e-001
3.486725e+003,2.642161e-001
3.490582e+003,2.836402e-001
3.494439e+003,2.890202e-001
3.498296e+003,2.812039e-001
3.502153e+003,2.641566e-001
3.506010e+003,2.430710e-001
3.509867e+003,2.225112e-001
3.513724e+003,2.051940e-001
3.517581e+003,1.916744e-001
3.521438e+003,1.809645e-001
3.525295e+003,1.711384e-001
3.529152e+003,1.606581e-001
3.533009e+003,1.490078e-001
3.536866e+003,1.369558e-001
3.540723e+003,1.262863e-001
3.544580e+003,1.190732e-001
3.548437e+003,1.167031e-001
3.552294e+003,1.185743e-001
3.556151e+003,1.226111e-001
3.560008e+003,1.250187e-001
3.563865e+003,1.213605e-001
3.567722e+003,1.081422e-001
3.571579e+003,8.449826e-002
3.575436e+003,5.331659e-002
3.579293e+003,2.125072e-002
3.583150e+003,-3.327763e-003
3.587007e+003,-1.137381e-002
3.590864e+003,3.168069e-003
3.594721e+003,4.158554e-002
3.598578e+003,9.946702e-002
3.602435e+003,1.673913e-001
3.606292e+003,2.330851e-001
3.610149e+003,2.844037e-001
3.614006e+003,3.132943e-001
3.617863e+003,3.156753e-001
3.621720e+003,2.922512e-001
3.625577e+003,2.477072e-001
3.629434e+003,1.889211e-001
3.633291e+003,1.230571e-001
3.637148e+003,5.617867e-002
3.641005e+003,-7.258773e-003
3.644862e+003,-6.612318e-002
3.648719e+003,-1.151065e-001
3.652576e+003,-1.515112e-001
3.656433e+003,-1.726198e-001
3.660290e+003,-1.762258e-001
3.664147e+003,-1.615596e-001
3.668004e+003,-1.301498e-001
3.671861e+003,-8.615181e-002
3.675718e+003,-3.442994e-002
3.679575e+003,1.621176e-002
3.683432e+003,5.847304e-002
3.687289e+003,8.737094e-002
3.691146e+003,1.011963e-001
3.695003e+003,1.015941e-001
3.698860e+003,9.284352e-002
3.702717e+003,8.064952e-002
3.706574e+003,7.187437e-002
3.710431e+003,7.122035e-002
3.714288e+003,8.203862e-002
3.718145e+003,1.054270e-001
3.722002e+003,1.402207e-001
3.725859e+003,1.832619e-001
3.729716e+003,2.299101e-001
3.733573e+003,2.747769e-001
3.737430e+003,3.144319e-001
3.741287e+003,3.424509e-001
3.745144e+003,3.563111e-001
3.749001e+003,3.556954e-001
3.752858e+003,3.421993e-001
3.756715e+003,3.185332e-001
3.760572e+003,2.875197e-001
3.764429e+003,2.512971e-001
3.768286e+003,2.110741e-001
3.772143e+003,1.675311e-001
3.776000e+003,1.219922e-001
3.779857e+003,7.727630e-002
3.783714e+003,3.822408e-002
3.787571e+003,1.137826e-002
3.791428e+003,3.751516e-003
3.795285e+003,2.102318e-002
3.799142e+003,6.622064e-002
3.802999e+003,1.372425e-001
3.806856e+003,2.277078e-001
3.810713e+003,3.277599e-001
3.814570e+003,4.259871e-001
3.818427e+003,5.116529e-001
3.822284e+003,5.766152e-001
3.826141e+003,6.164761e-001
3.829998e+003,6.307044e-001
3.833855e+003,6.220418e-001
3.837712e+003,5.955982e-001
3.841569e+003,5.574844e-001
3.845426e+003,5.137978e-001
3.849283e+003,4.699685e-001
3.853140e+003,4.304242e-001
3.856997e+003,3.984481e-001
3.860854e+003,3.759490e-001
3.864711e+003,3.638805e-001
3.868568e+003,3.616647e-001
3.872425e+003,3.674877e-001
3.876282e+003,3.786314e-001
3.880139e+003,3.919993e-001
3.883996e+003,4.047157e-001
3.887853e+003,4.146050e-001
3.891710e+003,4.203328e-001
3.895567e+003,4.213944e-001
3.899424e+003,4.175945e-001
3.903281e+003,4.086819e-001
3.907138e+003,3.941683e-001
3.910995e+003,3.734865e-001
3.914852e+003,3.464416e-001
3.918709e+003,3.137107e-001
3.922566e+003,2.770501e-001
3.926423e+003,2.393005e-001
3.930280e+003,2.036061e-001
3.934137e+003,1.726882e-001
3.937994e+003,1.482522e-001
3.941851e+003,1.308606e-001
3.945708e+003,1.203275e-001
3.949565e+003,1.163764e-001
3.953422e+003,1.191073e-001
3.957279e+003,1.289435e-001
3.961136e+003,1.458128e-001
3.964993e+003,1.680495e-001
3.968850e+003,1.915484e-001
3.972707e+003,2.098484e-001
3.976564e+003,2.154603e-001
3.980421e+003,2.021806e-001
3.984278e+003,1.674480e-001
3.988135e+003,1.142282e-001
3.991992e+003,5.059139e-002
3.995849e+003,-1.233275e-002
3.999706e+003,-6.370403e-002
4.003563e+003,-9.630805e-002
4.007420e+003,-1.084932e-001
4.011277e+003,-1.039143e-001
4.015134e+003,-8.911327e-002
4.018991e+003,-7.032274e-002
4.022848e+003,-5.051298e-002
4.026705e+003,-2.837063e-002
4.030562e+003,3.326461e-004
4.034419e+003,3.959706e-002
4.038276e+003,8.973618e-002
4.042133e+003,1.452854e-001
4.045990e+003,1.955429e-001
4.049847e+003,2.268528e-001
4.053704e+003,2.279517e-001
4.057561e+003,1.939697e-001
4.061418e+003,1.287514e-001
4.065275e+003,4.428768e-002
4.069132e+003,-4.253088e-002
4.072989e+003,-1.146362e-001
4.076846e+003,-1.598956e-001
4.080703e+003,-1.710236e-001
4.084560e+003,-1.507481e-001
4.088417e+003,-1.084886e-001
4.092274e+003,-5.718033e-002
4.096131e+003,-9.779193e-003
4.099988e+003,2.360108e-002
4.103845e+003,3.742431e-002
4.107702e+003,4.484038e-002
4.111559e+003,1.736219e-002
4.115416e+003,-8.244228e-003
4.119273e+003,-2.068443e-003
4.123130e+003,3.699103e-002
4.126987e+003,8.068001e-002
4.130844e+003,9.248294e-002
4.134701e+003,5.532641e-002
4.138558e+003,1.971457e-002
4.142415e+003,-2.059564e-002
4.146271e+003,-5.681056e-002
4.150129e+003,-8.184429e-002
4.153986e+003,-9.206304e-002
4.157843e+003,-8.763676e-002
4.161700e+003,-7.155044e-002
4.165557e+003,-4.790322e-002
4.169414e+003,-2.121652e-002
4.173271e+003,6.656380e-003
4.177128e+003,3.413274e-002
4.180985e+003,5.960266e-002
4.184842e+003,8.079852e-002
4.188699e+003,9.489200e-002
4.192556e+003,9.938002e-002
4.196413e+003,9.332857e-002
4.200270e+003,7.825238e-002
4.204126e+003,5.796181e-002
4.207984e+003,3.733349e-002
4.211841e+003,2.052556e-002
4.215698e+003,9.420877e-003
4.219555e+003,3.116915e-003
4.223412e+003,-1.221296e-003
4.227269e+003,-6.504216e-003
4.231125e+003,-1.379468e-002
4.234982e+003,-2.116874e-002
4.238840e+003,-2.420546e-002
4.242697e+003,-1.775311e-002
4.246554e+003,1.685176e-003
4.250411e+003,3.405555e-002
4.254268e+003,7.522196e-002
4.258125e+003,1.180965e-001
4.261981e+003,1.549033e-001
4.265839e+003,1.800797e-001
4.269696e+003,1.917548e-001
4.273553e+003,1.922795e-001
4.277410e+003,1.871717e-001
4.281267e+003,1.831006e-001
4.285124e+003,1.857009e-001
4.288980e+003,1.979613e-001
4.292837e+003,2.195368e-001
4.296695e+003,2.472468e-001
4.300552e+003,2.760789e-001
4.304409e+003,3.005516e-001
4.308266e+003,3.160244e-001
4.312123e+003,3.197304e-001
4.315979e+003,3.113908e-001
4.319836e+003,2.933176e-001
4.323693e+003,2.700328e-001
4.327551e+003,2.469958e-001
4.331408e+003,2.294296e-001
4.335265e+003,2.208568e-001
4.339122e+003,2.220790e-001
4.342979e+003,2.309413e-001
4.346835e+003,2.430174e-001
4.350692e+003,2.530262e-001
4.354550e+003,2.565521e-001
4.358407e+003,2.511595e-001
4.362264e+003,2.369360e-001
4.366121e+003,2.160223e-001
4.369978e+003,1.915525e-001
4.373834e+003,1.664990e-001
4.377691e+003,1.429216e-001
4.381548e+003,1.218752e-001
4.385406e+003,1.039137e-001
4.389263e+003,8.951211e-002
4.393120e+003,7.981110e-002
4.396977e+003,7.640278e-002
4.400833e+003,8.079322e-002
4.404690e+003,9.372485e-002
4.408547e+003,1.147307e-001
4.412404e+003,1.421843e-001
4.416262e+003,1.733060e-001
4.420119e+003,2.063950e-001
4.423976e+003,2.399128e-001
4.427833e+003,2.729690e-001
4.431689e+003,3.048873e-001
4.435546e+003,3.345422e-001
4.439403e+003,3.598438e-001
4.443260e+003,3.777193e-001
4.447118e+003,3.846094e-001
4.450975e+003,3.779960e-001
4.454832e+003,3.566637e-001
4.458688e+003,3.217253e-001
4.462545e+003,2.766997e-001
4.466402e+003,2.269242e-001
4.470259e+003,1.784743e-001
4.474117e+003,1.369075e-001
4.477974e+003,1.064077e-001
4.481831e+003,8.808283e-002
4.485688e+003,8.090009e-002
4.489544e+003,8.159874e-002
4.493401e+003,8.547704e-002
4.497258e+003,8.753072e-002
4.501115e+003,8.371787e-002
4.504973e+003,7.205718e-002
4.508830e+003,5.347361e-002
4.512687e+003,3.090848e-002
4.516543e+003,8.904374e-003
4.520400e+003,-8.054847e-003
4.524257e+003,-1.711151e-002
4.528114e+003,-1.806193e-002
4.531971e+003,-1.339518e-002
4.535829e+003,-7.245533e-003
4.539686e+003,-3.339017e-003
4.543542e+003,-3.995910e-003
4.547399e+003,-8.336901e-003
4.551256e+003,-1.268553e-002
4.555113e+003,-1.191593e-002
4.558970e+003,-1.469608e-003
4.562828e+003,2.078243e-002
4.566685e+003,5.362345e-002
4.570542e+003,9.280507e-002
4.574398e+003,1.327663e-001
4.578255e+003,1.684693e-001
4.582112e+003,1.968243e-001
4.585969e+003,2.170897e-001
4.589826e+003,2.301199e-001
4.593684e+003,2.369287e-001
4.597541e+003,2.373894e-001
4.601397e+003,2.298347e-001
4.605254e+003,2.118595e-001
4.609111e+003,1.819078e-001
4.612968e+003,1.410205e-001
4.616826e+003,9.368966e-002
4.620683e+003,4.724995e-002
4.624540e+003,9.846603e-003
4.628396e+003,-1.228863e-002
4.632253e+003,-1.715339e-002
4.636110e+003,-7.738955e-003
4.639967e+003,9.074828e-003
4.643824e+003,2.517005e-002
4.647682e+003,3.438259e-002
4.651539e+003,3.489994e-002
4.655396e+003,2.985205e-002
4.659252e+003,2.581968e-002
4.663109e+003,2.988307e-002
4.666966e+003,4.640893e-002
4.670823e+003,7.496126e-002
4.674681e+003,1.102726e-001
4.678538e+003,1.442744e-001
4.682395e+003,1.693250e-001
4.686251e+003,1.812558e-001
4.690108e+003,1.809136e-001
4.693965e+003,1.735480e-001
4.697822e+003,1.661775e-001
4.701679e+003,1.643769e-001
4.705537e+003,1.694214e-001
4.709394e+003,1.773974e-001
4.713250e+003,1.806102e-001
4.717107e+003,1.707368e-001
4.720964e+003,1.424220e-001
4.724821e+003,9.515867e-002
4.728678e+003,3.569150e-002
4.732535e+003,-2.538069e-002
4.736393e+003,-7.662573e-002
4.740250e+003,-1.093897e-001
4.744106e+003,-1.201955e-001
4.747963e+003,-1.111019e-001
4.751820e+003,-8.808847e-002
4.755677e+003,-5.814326e-002
4.759534e+003,-2.714948e-002
4.763392e+003,1.770810e-003
4.767249e+003,2.812151e-002
4.771105e+003,5.261333e-002
4.774962e+003,7.545157e-002
4.778819e+003,9.532286e-002
4.782676e+003,1.096348e-001
4.786533e+003,1.158344e-001
4.790390e+003,1.128897e-001
4.794248e+003,1.025878e-001
4.798104e+003,8.901797e-002
4.801961e+003,7.688257e-002
4.805818e+003,6.925625e-002
4.809675e+003,6.594158e-002
4.813532e+003,6.336764e-002
4.817389e+003,5.622111e-002
4.821246e+003,4.063182e-002
4.825104e+003,1.675758e-002
4.828960e+003,-9.751664e-003
4.832817e+003,-2.872477e-002
4.836674e+003,-2.865229e-002
4.840531e+003,-9.644683e-004
4.844388e+003,5.625888e-002
4.848245e+003,1.368889e-001
4.852103e+003,2.272922e-001
4.855959e+003,3.105839e-001
4.859816e+003,3.713689e-001
4.863673e+003,4.000840e-001
4.867530e+003,3.953494e-001
4.871387e+003,3.636891e-001
4.875244e+003,3.169615e-001
4.879101e+003,2.685835e-001
4.882958e+003,2.299031e-001
4.886815e+003,2.077760e-001
4.890672e+003,2.038230e-001
4.894529e+003,2.151271e-001
4.898386e+003,2.357906e-001
4.902243e+003,2.586676e-001
4.906100e+003,2.768185e-001
4.909957e+003,2.846057e-001
4.913814e+003,2.783073e-001
4.917671e+003,2.565627e-001
4.921528e+003,2.206950e-001
4.925385e+003,1.747061e-001
4.929242e+003,1.247967e-001
4.933099e+003,7.833464e-002
4.936956e+003,4.238094e-002
4.940813e+003,2.237695e-002
4.944670e+003,1.983710e-002
4.948527e+003,3.288707e-002
4.952384e+003,5.610213e-002
4.956241e+003,8.157118e-002
4.960098e+003,1.005927e-001
4.963955e+003,1.056799e-001
4.967812e+003,9.250791e-002
4.971669e+003,6.143443e-002
4.975526e+003,1.798069e-002
4.979383e+003,-2.746191e-002
4.983240e+003,-6.144567e-002
4.987097e+003,-7.038575e-002
4.990954e+003,-4.410990e-002
4.994811e+003,2.086055e-002
4.998668e+003,1.193622e-001
5.002525e+003,2.367648e-001
5.006382e+003,3.548959e-001
5.010239e+003,4.534975e-001
5.014096e+003,5.161994e-001
5.017953e+003,5.346331e-001
5.021810e+003,5.102321e-001
5.025667e+003,4.531339e-001
5.029524e+003,3.786401e-001
5.033381e+003,3.027451e-001
5.037238e+003,2.374301e-001
5.041095e+003,1.888257e-001
5.044952e+003,1.573214e-001
5.048809e+003,1.396170e-001
5.052666e+003,1.314851e-001
5.056523e+003,1.299163e-001
5.060380e+003,1.337805e-001
5.064237e+003,1.430922e-001
5.068094e+003,1.569166e-001
5.071951e+003,1.724580e-001
5.075808e+003,1.847665e-001
5.079665e+003,1.880254e-001
5.083522e+003,1.777682e-001
5.087379e+003,1.529765e-001
5.091236e+003,1.170484e-001
5.095093e+003,7.722691e-002
5.098950e+003,4.212902e-002
5.102807e+003,1.949748e-002
5.106664e+003,1.393568e-002
5.110521e+003,2.605769e-002
5.114378e+003,5.307427e-002
5.118235e+003,9.032868e-002
5.122092e+003,1.329511e-001
5.125949e+003,1.767320e-001
5.129806e+003,2.186622e-001
5.133663e+003,2.558627e-001
5.137520e+003,2.850171e-001
5.141377e+003,3.022217e-001
5.145234e+003,3.036338e-001
5.149091e+003,2.866881e-001
5.152948e+003,2.512848e-001
5.156805e+003,2.010606e-001
5.160662e+003,1.407535e-001
5.164519e+003,7.667620e-002
5.168376e+003,1.463802e-002
5.172233e+003,-4.123543e-002
5.176090e+003,-8.879295e-002
5.179947e+003,-1.272270e-001
5.183804e+003,-1.559663e-001
5.187661e+003,-1.736767e-001
5.191518e+003,-1.790318e-001
5.195375e+003,-1.697907e-001
5.199232e+003,-1.447998e-001
5.203089e+003,-1.052017e-001
5.206946e+003,-5.492933e-002
5.210803e+003,-1.376718e-004
5.214660e+003,5.231301e-002
5.218517e+003,9.473082e-002
5.222374e+003,1.264914e-001
5.226231e+003,1.481150e-001
5.230088e+003,1.628070e-001
5.233945e+003,1.750321e-001
5.237802e+003,1.887532e-001
5.241659e+003,2.059724e-001
5.245516e+003,2.260740e-001
5.249373e+003,2.451776e-001
5.253230e+003,2.603684e-001
5.257087e+003,2.679159e-001
5.260944e+003,2.656175e-001
5.264801e+003,2.535730e-001
5.268658e+003,2.342810e-001
5.272515e+003,2.121195e-001
5.276372e+003,1.924006e-001
5.280229e+003,1.803299e-001
5.284086e+003,1.797945e-001
5.287943e+003,1.927904e-001
5.291800e+003,2.188942e-001
5.295657e+003,2.552559e-001
5.299514e+003,2.969597e-001
5.303371e+003,3.376780e-001
5.307228e+003,3.705038e-001
5.311085e+003,3.875761e-001
5.314942e+003,3.836206e-001
5.318799e+003,3.552077e-001
5.322656e+003,3.017214e-001
5.326513e+003,2.257842e-001
5.330370e+003,1.333726e-001
5.334227e+003,3.352619e-002
5.338084e+003,-6.248026e-002
5.341941e+003,-1.448993e-001
5.345798e+003,-1.985788e-001
5.349655e+003,-2.153971e-001
5.353512e+003,-1.927299e-001
5.357369e+003,-1.344068e-001
5.361226e+003,-5.027355e-002
5.365083e+003,4.570875e-002
5.368940e+003,1.384059e-001
5.372797e+003,2.157828e-001
5.376654e+003,2.674112e-001
5.380511e+003,2.905839e-001
5.384368e+003,2.883927e-001
5.388225e+003,2.679088e-001
5.392082e+003,2.376966e-001
5.395939e+003,2.055484e-001
5.399796e+003,1.770639e-001
5.403653e+003,1.546863e-001
5.407510e+003,1.399549e-001
5.411367e+003,1.321715e-001
5.415224e+003,1.296196e-001
5.419081e+003,1.298774e-001
5.422938e+003,1.300439e-001
5.426795e+003,1.271813e-001
5.430652e+003,1.191527e-001
5.434509e+003,1.052950e-001
5.438366e+003,8.841102e-002
5.442223e+003,7.370517e-002
5.446080e+003,6.785959e-002
5.449937e+003,7.675828e-002
5.453794e+003,1.029240e-001
5.457651e+003,1.437250e-001
5.461508e+003,1.912332e-001
5.465365e+003,2.339422e-001
5.469222e+003,2.602883e-001
5.473079e+003,2.622295e-001
5.476936e+003,2.380618e-001
5.480793e+003,1.931566e-001
5.484650e+003,1.384183e-001
5.488507e+003,8.702756e-002
5.492364e+003,5.062118e-002
5.496221e+003,3.619193e-002
5.500078e+003,4.461655e-002
5.503935e+003,7.090572e-002
5.507792e+003,1.061084e-001
5.511649e+003,1.398796e-001
5.515506e+003,1.629461e-001
5.519363e+003,1.688890e-001
5.523220e+003,1.550190e-001
5.527077e+003,1.223070e-001
5.530934e+003,7.520788e-002
5.534791e+003,2.018478e-002
5.538648e+003,-3.520811e-002
5.542505e+003,-8.352953e-002
5.546362e+003,-1.185952e-001
5.550219e+003,-1.364146e-001
5.554076e+003,-1.357479e-001
5.557933e+003,-1.189257e-001
5.561790e+003,-8.929652e-002
5.565647e+003,-5.227889e-002
5.569504e+003,-1.390010e-002
5.573361e+003,2.018758e-002
5.577218e+003,4.559670e-002
5.581075e+003,5.991062e-002
5.584932e+003,6.311002e-002
5.588789e+003,5.802091e-002
5.592646e+003,4.893606e-002
5.596503e+003,4.079011e-002
5.600360e+003,3.817554e-002
5.604217e+003,4.397992e-002
5.608074e+003,5.834920e-002
5.611931e+003,7.837564e-002
5.615788e+003,9.872045e-002
5.619645e+003,1.138685e-001
5.623501e+003,1.184952e-001
5.627359e+003,1.098421e-001
5.631216e+003,8.804086e-002
5.635073e+003,5.595820e-002
5.638930e+003,1.826902e-002
5.642787e+003,-1.984065e-002
5.646644e+003,-5.385719e-002
5.650500e+003,-7.907614e-002
5.654358e+003,-9.589216e-002
5.658215e+003,-1.035935e-001
5.662072e+003,-1.019013e-001
5.665929e+003,-9.079979e-002
5.669786e+003,-7.074441e-002
5.673643e+003,-4.312152e-002
5.677500e+003,-1.063437e-002
5.681356e+003,2.267863e-002
5.685214e+003,5.184885e-002
5.689071e+003,7.245975e-002
5.692928e+003,8.188304e-002
5.696785e+003,8.010795e-002
5.700642e+003,6.971557e-002
5.704499e+003,5.494632e-002
5.708355e+003,4.019188e-002
5.712212e+003,2.692952e-002
5.716070e+003,1.814096e-002
5.719927e+003,1.272388e-002
5.723784e+003,8.459531e-003
5.727641e+003,3.532775e-003
5.731498e+003,-2.322588e-003
5.735354e+003,-7.604586e-003
5.739211e+003,-9.851636e-003
5.743069e+003,-6.905098e-003
5.746926e+003,1.593850e-003
5.750783e+003,1.362245e-002
5.754640e+003,2.556740e-002
5.758497e+003,3.370686e-002
5.762354e+003,3.575204e-002
5.766210e+003,3.163806e-002
5.770067e+003,2.314651e-002
5.773925e+003,1.257176e-002
5.777782e+003,1.112946e-003
5.781639e+003,-1.194571e-002
5.785496e+003,-2.881196e-002
5.789353e+003,-5.148279e-002
5.793209e+003,-7.958662e-002
5.797066e+003,-1.089270e-001
5.800923e+003,-1.317128e-001
5.804781e+003,-1.388890e-001
5.808638e+003,-1.234001e-001
5.812495e+003,-8.381894e-002
5.816352e+003,-2.618537e-002
5.820208e+003,3.671069e-002
5.824065e+003,8.870789e-002
5.827922e+003,1.152760e-001
5.831779e+003,1.083819e-001
5.835637e+003,6.954256e-002
5.839494e+003,9.514008e-003
5.843351e+003,-5.488478e-002
5.847208e+003,-1.058282e-001
5.851064e+003,-1.298282e-001
5.854921e+003,-1.215248e-001
5.858778e+003,-8.474311e-002
5.862636e+003,-3.065236e-002
5.866493e+003,2.611765e-002
5.870350e+003,7.221752e-002
5.874207e+003,9.913881e-002
5.878063e+003,1.050362e-001
5.881920e+003,9.428066e-002
5.885777e+003,7.523800e-002
5.889634e+003,5.722987e-002
5.893492e+003,4.774522e-002
5.897349e+003,5.077088e-002
5.901206e+003,6.623505e-002
5.905063e+003,9.093454e-002
5.908919e+003,1.199244e-001
5.912776e+003,1.479772e-001
5.916633e+003,1.706208e-001
5.920490e+003,1.845939e-001
5.924348e+003,1.878437e-001
5.928205e+003,1.793886e-001
5.932062e+003,1.590607e-001
5.935918e+003,1.278520e-001
5.939775e+003,8.806400e-002
5.943632e+003,4.342896e-002
5.947489e+003,-1.103344e-003
5.951347e+003,-4.000522e-002
5.955204e+003,-6.811991e-002
5.959061e+003,-8.160545e-002
5.962917e+003,-7.856873e-002
5.966774e+003,-5.911908e-002
5.970631e+003,-2.485748e-002
5.974488e+003,2.193668e-002
5.978345e+003,7.902205e-002
5.982203e+003,1.444666e-001
5.986060e+003,2.163488e-001
5.989917e+003,2.918900e-001
5.993773e+003,3.673152e-001
5.997630e+003,4.370926e-001
6.001487e+003,4.946232e-001
6.005344e+003,5.334513e-001
6.009201e+003,5.487936e-001
6.013059e+003,5.388274e-001
6.016916e+003,5.052489e-001
6.020772e+003,4.533108e-001
6.024629e+003,3.894832e-001
6.028486e+003,3.208733e-001
6.032343e+003,2.537479e-001
6.036200e+003,1.928348e-001
6.040058e+003,1.412799e-001
6.043915e+003,1.010388e-001
6.047771e+003,7.331357e-002
6.051628e+003,5.875169e-002
6.055485e+003,5.683004e-002
6.059342e+003,6.631894e-002
6.063199e+003,8.461660e-002
6.067056e+003,1.078972e-001
6.070914e+003,1.317564e-001
6.074771e+003,1.522025e-001
6.078627e+003,1.666162e-001
6.082484e+003,1.737178e-001
6.086341e+003,1.754783e-001
6.090198e+003,1.743941e-001
6.094055e+003,1.733115e-001
6.097912e+003,1.745721e-001
6.101770e+003,1.794449e-001
6.105626e+003,1.879307e-001
6.109483e+003,1.988520e-001
6.113340e+003,2.100267e-001
6.117197e+003,2.189044e-001
6.121054e+003,2.221832e-001
6.124911e+003,2.164353e-001
6.128768e+003,1.987502e-001
6.132625e+003,1.676180e-001
6.136482e+003,1.238478e-001
6.140339e+003,7.112614e-002
6.144196e+003,1.627393e-002
6.148053e+003,-3.308462e-002
6.151910e+003,-6.899418e-002
6.155767e+003,-8.547852e-002
6.159625e+003,-8.004644e-002
6.163481e+003,-5.424548e-002
6.167338e+003,-1.305947e-002
6.171195e+003,3.658352e-002
6.175052e+003,8.775705e-002
6.178909e+003,1.346274e-001
6.182766e+003,1.734125e-001
6.186623e+003,2.021662e-001
6.190480e+003,2.200207e-001
6.194337e+003,2.264492e-001
6.198194e+003,2.210341e-001
6.202051e+003,2.038949e-001
6.205908e+003,1.760448e-001
6.209765e+003,1.415155e-001
6.213622e+003,1.061214e-001
6.217479e+003,7.675546e-002
6.221336e+003,5.962782e-002
6.225193e+003,5.839664e-002
6.229050e+003,7.298677e-002
6.232907e+003,9.959425e-002
6.236764e+003,1.328491e-001
6.240621e+003,1.652324e-001
6.244478e+003,1.914916e-001
6.248335e+003,2.093219e-001
6.252192e+003,2.193751e-001
6.256049e+003,2.241397e-001
6.259906e+003,2.262969e-001
6.263763e+003,2.272990e-001
6.267620e+003,2.268209e-001
6.271477e+003,2.226407e-001
6.275334e+003,2.123943e-001
6.279191e+003,1.945016e-001
6.283048e+003,1.690129e-001
6.286905e+003,1.378036e-001
6.290762e+003,1.041875e-001
6.294619e+003,7.221474e-002
6.298476e+003,4.547628e-002
6.302333e+003,2.812807e-002
6.306190e+003,2.281824e-002
6.310047e+003,3.075822e-002
6.313904e+003,5.127055e-002
6.317761e+003,8.145128e-002
6.321618e+003,1.162266e-001
6.325475e+003,1.490459e-001
6.329332e+003,1.731037e-001
6.333189e+003,1.833164e-001
6.337046e+003,1.776042e-001
6.340903e+003,1.576463e-001
6.344760e+003,1.284199e-001
6.348617e+003,9.671277e-002
6.352474e+003,6.915662e-002
6.356331e+003,5.050493e-002
6.360188e+003,4.276267e-002
6.364045e+003,4.527972e-002
6.367902e+003,5.574141e-002
6.371759e+003,7.125433e-002
6.375616e+003,8.915196e-002
6.379473e+003,1.072601e-001
6.383330e+003,1.237579e-001
6.387187e+003,1.370234e-001
6.391044e+003,1.453416e-001
6.394901e+003,1.487706e-001
6.398758e+003,1.483447e-001
6.402615e+003,1.466342e-001
6.406472e+003,1.470958e-001
6.410329e+003,1.526764e-001
6.414186e+003,1.641911e-001
6.418043e+003,1.792688e-001
6.421900e+003,1.922278e-001
6.425757e+003,1.974516e-001
6.429614e+003,1.895368e-001
6.433471e+003,1.664843e-001
6.437328e+003,1.309935e-001
6.441185e+003,9.003843e-002
6.445042e+003,5.278917e-002
6.448899e+003,2.763288e-002
6.452756e+003,2.186573e-002
6.456613e+003,3.207982e-002
6.460470e+003,5.417927e-002
6.464327e+003,8.177187e-002
6.468184e+003,1.083078e-001
6.472041e+003,1.288175e-001
6.475898e+003,1.406276e-001
6.479755e+003,1.429242e-001
6.483612e+003,1.387305e-001
6.487469e+003,1.252332e-001
6.491326e+003,1.013610e-001
6.495183e+003,6.584407e-002
6.499040e+003,1.837403e-002
6.502897e+003,-3.912523e-002
6.506754e+003,-1.017520e-001
6.510611e+003,-1.618861e-001
6.514468e+003,-2.104727e-001
6.518325e+003,-2.398003e-001
6.522182e+003,-2.445811e-001
6.526039e+003,-2.238364e-001
6.529896e+003,-1.812312e-001
6.533753e+003,-1.241296e-001
6.537610e+003,-6.167905e-002
6.541467e+003,-2.555744e-003
6.545324e+003,5.059115e-002
6.549181e+003,8.821487e-002
6.553038e+003,1.107372e-001
6.556895e+003,1.213622e-001
6.560752e+003,1.241243e-001
6.564609e+003,1.222013e-001
6.568466e+003,1.170923e-001
6.572323e+003,1.088575e-001
6.576180e+003,9.629168e-002
6.580037e+003,8.153664e-002
6.583894e+003,6.720515e-002
6.587751e+003,5.744914e-002
6.591608e+003,5.691861e-002
6.595465e+003,6.919281e-002
6.599322e+003,9.531958e-002
6.603179e+003,1.330631e-001
6.607036e+003,1.792020e-001
6.610893e+003,2.242415e-001
6.614750e+003,2.603354e-001
6.618607e+003,2.813734e-001
6.622464e+003,2.842246e-001
6.626321e+003,2.690838e-001
6.630178e+003,2.389157e-001
6.634035e+003,1.983258e-001
6.637892e+003,1.515774e-001
6.641749e+003,1.035997e-001
6.645606e+003,5.793936e-002
6.649463e+003,1.731457e-002
6.653320e+003,-1.579506e-002
6.657177e+003,-3.852732e-002
6.661034e+003,-4.742200e-002
6.664891e+003,-3.885889e-002
6.668748e+003,-9.897612e-003
6.672605e+003,3.969271e-002
6.676462e+003,1.062433e-001
6.680319e+003,1.817501e-001
6.684176e+003,2.546642e-001
6.688033e+003,3.120454e-001
6.691890e+003,3.426363e-001
6.695747e+003,3.400367e-001
6.699604e+003,3.047894e-001
6.703461e+003,2.451049e-001
6.707318e+003,1.752517e-001
6.711175e+003,1.118620e-001
6.715032e+003,6.948923e-002
6.718889e+003,5.664001e-002
6.722746e+003,7.352614e-002
6.726603e+003,1.122947e-001
6.730460e+003,1.598384e-001
6.734317e+003,2.014754e-001
6.738174e+003,2.258997e-001
6.742031e+003,2.283192e-001
6.745888e+003,2.113939e-001
6.749745e+003,1.836531e-001
6.753602e+003,1.560222e-001
6.757459e+003,1.377575e-001
6.761316e+003,1.331682e-001
6.765173e+003,1.405321e-001
6.769030e+003,1.528992e-001
6.772887e+003,1.611238e-001
6.776744e+003,1.574956e-001
6.780601e+003,1.386884e-001
6.784458e+003,1.069707e-001
6.788315e+003,6.933115e-002
6.792172e+003,3.478816e-002
6.796029e+003,1.197964e-002
6.799886e+003,5.912247e-003
6.803743e+003,1.712373e-002
6.807600e+003,4.226073e-002
6.811457e+003,7.581703e-002
6.815314e+003,1.121104e-001
6.819171e+003,1.466624e-001
6.823028e+003,1.766885e-001
6.826885e+003,2.000157e-001
6.830742e+003,2.149082e-001
6.834599e+003,2.195737e-001
6.838456e+003,2.126920e-001
6.842313e+003,1.946140e-001
6.846170e+003,1.685342e-001
6.850027e+003,1.408010e-001
6.853884e+003,1.195839e-001
6.857741e+003,1.132270e-001
6.861598e+003,1.264026e-001
6.865455e+003,1.580088e-001
6.869312e+003,2.006127e-001
6.873169e+003,2.421818e-001
6.877026e+003,2.696740e-001
6.880883e+003,2.733126e-001
6.884740e+003,2.494581e-001
6.888597e+003,2.034011e-001
6.892454e+003,1.469640e-001
6.896311e+003,9.508717e-002
6.900167e+003,6.113726e-002
6.904025e+003,5.278786e-002
6.907882e+003,6.978805e-002
6.911739e+003,1.042959e-001
6.915596e+003,1.440980e-001
6.919453e+003,1.748330e-001
6.923310e+003,1.860255e-001
6.927167e+003,1.739388e-001
6.931024e+003,1.425376e-001
6.934881e+003,1.020112e-001
6.938738e+003,6.533724e-002
6.942595e+003,4.398780e-002
6.946452e+003,4.411991e-002
6.950309e+003,6.509776e-002
6.954166e+003,9.836909e-002
6.958022e+003,1.311796e-001
6.961880e+003,1.512307e-001
6.965737e+003,1.511710e-001
6.969594e+003,1.311790e-001
6.973451e+003,9.861017e-002
6.977308e+003,6.291017e-002
6.981165e+003,3.765777e-002
6.985021e+003,2.840001e-002
6.988878e+003,3.207259e-002
6.992736e+003,3.841401e-002
6.996593e+003,3.458717e-002
7.000450e+003,1.092494e-002
7.004307e+003,-3.474796e-002
7.008164e+003,-9.766275e-002
7.012021e+003,-1.611312e-001
7.015877e+003,-2.081023e-001
7.019735e+003,-2.259766e-001
7.023592e+003,-2.101842e-001
7.027449e+003,-1.642461e-001
7.031306e+003,-9.723611e-002
7.035163e+003,-2.055358e-002
7.039020e+003,5.369073e-002
7.042876e+003,1.160156e-001
7.046733e+003,1.577616e-001
7.050591e+003,1.729528e-001
7.054448e+003,1.603344e-001
7.058305e+003,1.253438e-001
7.062162e+003,8.034453e-002
7.066019e+003,4.187075e-002
7.069875e+003,2.445398e-002
7.073732e+003,3.486218e-002
7.077589e+003,7.100330e-002
7.081447e+003,1.217262e-001
7.085304e+003,1.705481e-001
7.089161e+003,2.015782e-001
7.093018e+003,2.051487e-001
7.096875e+003,1.807787e-001
7.100731e+003,1.379105e-001
7.104588e+003,8.752313e-002
7.108445e+003,4.053171e-002
7.112303e+003,3.468085e-003
7.116160e+003,-2.265057e-002
7.120017e+003,-4.082458e-002
7.123874e+003,-5.507281e-002
7.127730e+003,-6.760794e-002
7.131587e+003,-7.770973e-002
7.135444e+003,-8.142429e-002
7.139302e+003,-7.487684e-002
7.143159e+003,-5.601472e-002
7.147016e+003,-2.588117e-002
7.150873e+003,1.160471e-002
7.154729e+003,5.105924e-002
7.158586e+003,8.741115e-002
7.162443e+003,1.180041e-001
7.166300e+003,1.400389e-001
7.170158e+003,1.534544e-001
7.174015e+003,1.589322e-001
7.177872e+003,1.571549e-001
7.181729e+003,1.485175e-001
7.185585e+003,1.332385e-001
7.189442e+003,1.116270e-001
7.193299e+003,8.528996e-002
7.197156e+003,5.425604e-002
7.201014e+003,1.941477e-002
7.204871e+003,-1.814747e-002
7.208728e+003,-5.695357e-002
7.212584e+003,-9.488460e-002
7.216441e+003,-1.290748e-001
7.220298e+003,-1.561596e-001
7.224155e+003,-1.717309e-001
7.228013e+003,-1.763603e-001
7.231870e+003,-1.695145e-001
7.235727e+003,-1.523393e-001
7.239583e+003,-1.273964e-001
7.243440e+003,-9.789722e-002
7.247297e+003,-6.670979e-002
7.251154e+003,-3.551204e-002
7.255011e+003,-7.036561e-003
7.258869e+003,2.190205e-002
7.262726e+003,5.241516e-002
7.266583e+003,8.443093e-002
7.270439e+003,1.156911e-001
7.274296e+003,1.415177e-001
7.278153e+003,1.556831e-001
7.282010e+003,1.523164e-001
7.285867e+003,1.281164e-001
7.289725e+003,8.566562e-002
7.293582e+003,3.202041e-002
7.297438e+003,-2.107663e-002
7.301295e+003,-5.967209e-002
7.305152e+003,-7.119403e-002
7.309009e+003,-4.810784e-002
7.312866e+003,9.572505e-003
7.316724e+003,9.230407e-002
7.320581e+003,1.873935e-001
7.324438e+003,2.787366e-001
7.328294e+003,3.519920e-001
7.332151e+003,3.981107e-001
7.336008e+003,4.151428e-001
7.339865e+003,4.078313e-001
7.343722e+003,3.852343e-001
7.347580e+003,3.574187e-001
7.351437e+003,3.317433e-001
7.355293e+003,3.110244e-001
7.359150e+003,2.933486e-001
7.363007e+003,2.735977e-001
7.366864e+003,2.461039e-001
7.370721e+003,2.074147e-001
7.374578e+003,1.581579e-001
7.378436e+003,1.036044e-001
7.382292e+003,5.142712e-002
7.386149e+003,9.965263e-003
7.390006e+003,-1.480934e-002
7.393863e+003,-2.133472e-002
7.397720e+003,-1.301112e-002
7.401577e+003,2.976003e-003
7.405434e+003,1.816161e-002
7.409292e+003,2.581386e-002
7.413148e+003,2.314186e-002
7.417005e+003,1.225242e-002
7.420862e+003,-8.155089e-004
7.424719e+003,-8.523808e-003
7.428576e+003,-4.897925e-003
7.432433e+003,1.187901e-002
7.436291e+003,3.829060e-002
7.440147e+003,6.621715e-002
7.444004e+003,8.526994e-002
7.447861e+003,8.614285e-002
7.451718e+003,6.372130e-002
7.455575e+003,1.905379e-002
7.459432e+003,-4.047364e-002
7.463289e+003,-1.027916e-001
7.467146e+003,-1.541539e-001
7.471003e+003,-1.825960e-001
7.474860e+003,-1.810513e-001
7.478717e+003,-1.488569e-001
7.482574e+003,-9.182752e-002
7.486431e+003,-2.061786e-002
7.490288e+003,5.209497e-002
7.494145e+003,1.148300e-001
7.498002e+003,1.600538e-001
7.501859e+003,1.855834e-001
7.505716e+003,1.949541e-001
7.509573e+003,1.952621e-001
7.513430e+003,1.947281e-001
7.517287e+003,1.999168e-001
7.521144e+003,2.136934e-001
7.525001e+003,2.345679e-001
7.528858e+003,2.575706e-001
7.532715e+003,2.761321e-001
7.536572e+003,2.849530e-001
7.540429e+003,2.810924e-001
7.544286e+003,2.647798e-001
7.548143e+003,2.387599e-001
7.552000e+003,2.068305e-001
7.555857e+003,1.723091e-001
7.559714e+003,1.371270e-001
7.563571e+003,1.024128e-001
7.567428e+003,6.767581e-002
7.571285e+003,3.354162e-002
7.575142e+003,1.855585e-003
7.578999e+003,-2.453162e-002
7.582856e+003,-4.278444e-002
7.586713e+003,-5.142225e-002
7.590570e+003,-5.129883e-002
7.594427e+003,-4.615466e-002
7.598284e+003,-4.028440e-002
7.602141e+003,-3.799004e-002
7.605998e+003,-4.183703e-002
7.609855e+003,-5.177999e-002
7.613712e+003,-6.530727e-002
7.617569e+003,-7.850517e-002
7.621426e+003,-8.754087e-002
7.625283e+003,-9.007274e-002
7.629140e+003,-8.532377e-002
7.632997e+003,-7.434800e-002
7.636854e+003,-5.911281e-002
7.640711e+003,-4.175035e-002
7.644568e+003,-2.418394e-002
7.648425e+003,-8.219374e-003
7.652282e+003,4.102658e-003
7.656139e+003,1.050365e-002
7.659996e+003,8.344077e-003
7.663853e+003,-4.151192e-003
7.667710e+003,-2.684725e-002
7.671567e+003,-5.687289e-002
7.675424e+003,-8.863293e-002
7.679281e+003,-1.148774e-001
7.683138e+003,-1.286085e-001
7.686995e+003,-1.250788e-001
7.690852e+003,-1.032977e-001
7.694709e+003,-6.650299e-002
7.698566e+003,-2.095006e-002
7.702423e+003,2.611276e-002
7.706280e+003,6.857909e-002
7.710137e+003,1.029265e-001
7.713994e+003,1.284583e-001
7.717851e+003,1.467437e-001
7.721708e+003,1.590024e-001
7.725565e+003,1.661204e-001
7.729422e+003,1.676715e-001
7.733279e+003,1.624708e-001
7.737136e+003,1.498237e-001
7.740993e+003,1.307855e-001
7.744850e+003,1.087066e-001
7.748707e+003,8.875518e-002
7.752564e+003,7.642927e-002
7.756421e+003,7.555644e-002
7.760278e+003,8.686896e-002
7.764135e+003,1.076509e-001
7.767992e+003,1.326206e-001
7.771849e+003,1.557080e-001
7.775706e+003,1.719749e-001
7.779563e+003,1.791712e-001
7.783420e+003,1.772455e-001
7.787277e+003,1.685361e-001
7.791134e+003,1.561477e-001
7.794991e+003,1.427389e-001
7.798848e+003,1.299044e-001
7.802705e+003,1.183187e-001
7.806562e+003,1.083747e-001
7.810419e+003,1.008661e-001
7.814276e+003,9.702954e-002
7.818133e+003,9.815723e-002
7.821990e+003,1.046068e-001
7.825847e+003,1.149254e-001
7.829704e+003,1.255795e-001
7.833561e+003,1.316279e-001
7.837418e+003,1.281950e-001
7.841275e+003,1.121134e-001
7.845132e+003,8.361825e-002
7.848989e+003,4.654282e-002
7.852846e+003,7.501104e-003
7.856703e+003,-2.588614e-002
7.860560e+003,-4.704533e-002
7.864417e+003,-5.202699e-002
7.868274e+003,-4.010614e-002
7.872131e+003,-1.318448e-002
7.875988e+003,2.511961e-002
7.879845e+003,7.077467e-002
7.883702e+003,1.201791e-001
7.887559e+003,1.702519e-001
7.891416e+003,2.179754e-001
7.895273e+003,2.598742e-001
7.899130e+003,2.919233e-001
7.902987e+003,3.103347e-001
7.906844e+003,3.118976e-001
7.910701e+003,2.962102e-001
7.914558e+003,2.659010e-001
7.918415e+003,2.262250e-001
7.922272e+003,1.836903e-001
7.926129e+003,1.442236e-001
7.929986e+003,1.116200e-001
7.933843e+003,8.642326e-002
7.937700e+003,6.793147e-002
7.941557e+003,5.404709e-002
7.945414e+003,4.330180e-002
7.949271e+003,3.572783e-002
7.953128e+003,3.263880e-002
7.956985e+003,3.547180e-002
7.960842e+003,4.433733e-002
7.964699e+003,5.627703e-002
7.968556e+003,6.785937e-002
7.972413e+003,7.419509e-002
7.976270e+003,7.171398e-002
7.980127e+003,5.974247e-002
7.983984e+003,4.087159e-002
7.987841e+003,1.989982e-002
7.991698e+003,1.812220e-003
7.995555e+003,-1.107353e-002
7.999412e+003,-1.718869e-002
8.003269e+003,-1.885709e-002
8.007126e+003,-1.943561e-002
8.010983e+003,-2.135902e-002
8.014840e+003,-2.491411e-002
8.018697e+003,-2.834903e-002
8.022554e+003,-2.919551e-002
8.026411e+003,-2.583948e-002
8.030268e+003,-1.904530e-002
8.034125e+003,-1.153655e-002
8.037982e+003,-6.540040e-003
8.041839e+003,-5.835280e-003
8.045696e+003,-8.479388e-003
8.049553e+003,-1.098726e-002
8.053410e+003,-8.994455e-003
8.057267e+003,4.235660e-004
8.061124e+003,1.691417e-002
8.064981e+003,3.657860e-002
8.068838e+003,5.337242e-002
8.072695e+003,6.155654e-002
8.076552e+003,5.797997e-002
8.080409e+003,4.312966e-002
8.084266e+003,2.052972e-002
8.088123e+003,-4.761162e-003
8.091980e+003,-2.901192e-002
8.095837e+003,-5.002861e-002
8.099694e+003,-6.715363e-002
8.103551e+003,-8.008140e-002
8.107408e+003,-8.760090e-002
8.111265e+003,-8.712858e-002
8.115122e+003,-7.548480e-002
8.118979e+003,-5.126141e-002
8.122836e+003,-1.469352e-002
8.126693e+003,3.028151e-002
8.130550e+003,7.700538e-002
8.134407e+003,1.179802e-001
8.138264e+003,1.471559e-001
8.142121e+003,1.616628e-001
8.145978e+003,1.622649e-001
8.149835e+003,1.522763e-001
8.153692e+003,1.365189e-001
8.157549e+003,1.187903e-001
8.161406e+003,1.013281e-001
8.165263e+003,8.488769e-002
8.169120e+003,6.955811e-002
8.172977e+003,5.578679e-002
8.176833e+003,4.504780e-002
8.180691e+003,3.960194e-002
8.184548e+003,4.269667e-002
8.188405e+003,5.713991e-002
8.192262e+003,8.469536e-002
8.196118e+003,1.255064e-001
8.199976e+003,1.777284e-001
8.203832e+003,2.373692e-001
8.207689e+003,2.983614e-001
8.211547e+003,3.529529e-001
8.215403e+003,3.931355e-001
8.219261e+003,4.118243e-001
8.223117e+003,4.048648e-001
8.226975e+003,3.725360e-001
8.230831e+003,3.199959e-001
8.234688e+003,2.562901e-001
8.238546e+003,1.920351e-001
8.242402e+003,1.363402e-001
8.246260e+003,9.500483e-002
8.250116e+003,6.888644e-002
8.253974e+003,5.484306e-002
8.257830e+003,4.784843e-002
8.261688e+003,4.341936e-002
8.265544e+003,3.923918e-002
8.269401e+003,3.525245e-002
8.273259e+003,3.199669e-002
8.277115e+003,2.977349e-002
8.280973e+003,2.623930e-002
8.284829e+003,1.699099e-002
8.288687e+003,-2.593338e-003
8.292543e+003,-3.467906e-002
8.296400e+003,-7.676680e-002
8.300258e+003,-1.212183e-001
8.304114e+003,-1.573263e-001
8.307972e+003,-1.733394e-001
8.311828e+003,-1.623469e-001
8.315686e+003,-1.244676e-001
8.319542e+003,-6.725906e-002
8.323399e+003,-3.516458e-003
8.327257e+003,5.274561e-002
8.331113e+003,9.059848e-002
8.334971e+003,1.058158e-001
8.338827e+003,9.972137e-002
8.342685e+003,8.065598e-002
8.346541e+003,5.975080e-002
8.350398e+003,4.727037e-002
8.354255e+003,4.963355e-002
8.358112e+003,6.788662e-002
8.361970e+003,9.782029e-002
8.365826e+003,1.330904e-001
8.369684e+003,1.622908e-001
8.373540e+003,1.768222e-001
8.377397e+003,1.719864e-001
8.381254e+003,1.484030e-001
8.385111e+003,1.119159e-001
8.388969e+003,7.193933e-002
8.392825e+003,3.862409e-002
8.396683e+003,2.103223e-002
8.400539e+003,2.235108e-002
8.404396e+003,3.880709e-002
8.408253e+003,6.139385e-002
8.412110e+003,7.948667e-002
8.415968e+003,8.493100e-002
8.419824e+003,7.493173e-002
8.423682e+003,5.261414e-002
8.427538e+003,2.450775e-002
8.431396e+003,-3.230483e-004
8.435252e+003,-1.488163e-002
8.439109e+003,-1.691728e-002
8.442966e+003,-8.884711e-003
8.446823e+003,3.715876e-003
8.450681e+003,1.447365e-002
8.454537e+003,1.775392e-002
8.458395e+003,1.101512e-002
8.462251e+003,-7.378757e-003
8.466108e+003,-3.608075e-002
8.469965e+003,-7.053167e-002
8.473822e+003,-1.031448e-001
8.477680e+003,-1.247625e-001
8.481536e+003,-1.273832e-001
8.485394e+003,-1.072546e-001
8.489250e+003,-6.941688e-002
8.493107e+003,-2.087129e-002
8.496964e+003,2.869658e-002
8.500821e+003,7.029375e-002
8.504679e+003,9.872182e-002
8.508535e+003,1.140686e-001
8.512393e+003,1.209399e-001
8.516249e+003,1.258689e-001
8.520106e+003,1.338556e-001
8.523963e+003,1.471016e-001
8.527820e+003,1.638640e-001
8.531677e+003,1.799918e-001
8.535534e+003,1.908024e-001
8.539392e+003,1.926924e-001
8.543248e+003,1.838279e-001
8.547105e+003,1.639495e-001
8.550962e+003,1.346579e-001
8.554819e+003,9.702961e-002
8.558676e+003,5.388005e-002
8.562533e+003,9.992387e-003
8.566391e+003,-2.771366e-002
8.570247e+003,-5.121505e-002
8.574104e+003,-5.369440e-002
8.577961e+003,-3.235633e-002
8.581818e+003,9.143610e-003
8.585675e+003,6.181998e-002
8.589532e+003,1.130225e-001
8.593389e+003,1.504970e-001
8.597246e+003,1.664512e-001
8.601104e+003,1.599725e-001
8.604960e+003,1.367420e-001
8.608817e+003,1.061917e-001
8.612674e+003,7.753779e-002
8.616531e+003,5.606034e-002
8.620388e+003,4.217294e-002
8.624245e+003,3.262921e-002
8.628103e+003,2.342609e-002
8.631959e+003,1.269586e-002
8.635816e+003,2.024665e-003
8.639673e+003,-4.478320e-003
8.643530e+003,-2.789879e-003
8.647387e+003,8.159613e-003
8.651244e+003,2.514685e-002
8.655102e+003,4.147223e-002
8.658958e+003,4.976913e-002
8.662815e+003,4.542377e-002
8.666672e+003,2.893631e-002
8.670529e+003,6.043147e-003
8.674386e+003,-1.445415e-002
8.678243e+003,-2.416035e-002
8.682100e+003,-1.814565e-002
8.685957e+003,3.618900e-003
8.689814e+003,3.695360e-002
8.693671e+003,7.567381e-002
8.697528e+003,1.140474e-001
8.701385e+003,1.483070e-001
8.705242e+003,1.767462e-001
8.709099e+003,1.984901e-001
8.712956e+003,2.124954e-001
8.716813e+003,2.170851e-001
8.720670e+003,2.106918e-001
8.724526e+003,1.932871e-001
8.728384e+003,1.675241e-001
8.732241e+003,1.386970e-001
8.736098e+003,1.131278e-001
8.739955e+003,9.624152e-002
8.743812e+003,9.010504e-002
8.747669e+003,9.288709e-002
8.751525e+003,1.000248e-001
8.755383e+003,1.066741e-001
8.759240e+003,1.102074e-001
8.763097e+003,1.114540e-001
8.766954e+003,1.140591e-001
8.770811e+003,1.223002e-001
8.774668e+003,1.383582e-001
8.778524e+003,1.607664e-001
8.782382e+003,1.847016e-001
8.786238e+003,2.040145e-001
8.790096e+003,2.139053e-001
8.793953e+003,2.128067e-001
8.797810e+003,2.024753e-001
8.801667e+003,1.861173e-001
8.805523e+003,1.660219e-001
8.809381e+003,1.415933e-001
8.813237e+003,1.093947e-001
8.817095e+003,6.531800e-002
8.820952e+003,7.913278e-003
8.824809e+003,-5.883048e-002
8.828666e+003,-1.250061e-001
8.832522e+003,-1.764470e-001
8.836380e+003,-1.997156e-001
8.840236e+003,-1.868529e-001
8.844094e+003,-1.387112e-001
8.847951e+003,-6.527246e-002
8.851808e+003,1.728021e-002
8.855665e+003,9.159666e-002
8.859521e+003,1.444307e-001
8.863379e+003,1.700146e-001
8.867235e+003,1.708508e-001
8.871093e+003,1.554663e-001
8.874949e+003,1.344552e-001
8.878807e+003,1.163438e-001
8.882664e+003,1.047611e-001
8.886521e+003,9.771024e-002
8.890378e+003,8.895753e-002
8.894234e+003,7.083163e-002
8.898092e+003,3.735967e-002
8.901948e+003,-1.320606e-002
8.905806e+003,-7.719887e-002
8.909663e+003,-1.459592e-001
8.913520e+003,-2.077014e-001
8.917377e+003,-2.503406e-001
8.921233e+003,-2.645323e-001
8.925091e+003,-2.461502e-001
8.928947e+003,-1.974961e-001
8.932805e+003,-1.268457e-001
8.936662e+003,-4.640601e-002
8.940519e+003,3.074225e-002
8.944376e+003,9.383343e-002
8.948232e+003,1.367543e-001
8.952090e+003,1.590774e-001
8.955946e+003,1.643172e-001
8.959804e+003,1.590035e-001
8.963660e+003,1.496614e-001
8.967518e+003,1.408448e-001
8.971375e+003,1.343926e-001
8.975231e+003,1.300132e-001
8.979089e+003,1.267197e-001
8.982945e+003,1.245875e-001
8.986803e+003,1.249630e-001
8.990659e+003,1.305171e-001
8.994517e+003,1.436952e-001
8.998374e+003,1.648808e-001
9.002230e+003,1.910430e-001
9.006088e+003,2.156152e-001
9.009944e+003,2.298565e-001
9.013802e+003,2.221751e-001
9.017658e+003,1.868042e-001
9.021516e+003,1.246592e-001
9.025373e+003,4.373696e-002
9.029229e+003,-4.278950e-002
9.033087e+003,-1.202770e-001
9.036943e+003,-1.768304e-001
9.040801e+003,-2.065153e-001
9.044657e+003,-2.119858e-001
9.048515e+003,-1.946120e-001
9.052371e+003,-1.652353e-001
9.056229e+003,-1.334704e-001
9.060086e+003,-1.045656e-001
9.063942e+003,-7.884195e-002
9.067800e+003,-5.358139e-002
9.071656e+003,-2.605880e-002
9.075514e+003,1.605526e-004
9.079370e+003,2.655914e-002
9.083228e+003,4.953048e-002
9.087085e+003,6.603345e-002
9.090941e+003,7.530691e-002
9.094799e+003,7.926237e-002
9.098655e+003,8.131205e-002
9.102513e+003,8.426894e-002
9.106369e+003,8.843954e-002
9.110227e+003,9.294626e-002
9.114084e+003,9.344620e-002
9.117940e+003,8.528736e-002
9.121798e+003,6.548797e-002
9.125654e+003,3.418166e-002
9.129512e+003,-5.052943e-003
9.133368e+003,-4.604951e-002
9.137226e+003,-7.940911e-002
9.141082e+003,-1.024124e-001
9.144939e+003,-1.118056e-001
9.148797e+003,-1.070450e-001
9.152653e+003,-9.009160e-002
9.156511e+003,-6.460658e-002
9.160367e+003,-3.485096e-002
9.164225e+003,-4.594806e-003
9.168081e+003,2.323459e-002
9.171938e+003,4.817378e-002
9.175796e+003,7.069930e-002
9.179652e+003,9.182036e-002
9.183510e+003,1.120851e-001
9.187366e+003,1.306930e-001
9.191224e+003,1.450972e-001
9.195080e+003,1.514200e-001
9.198938e+003,1.459584e-001
9.202795e+003,1.263339e-001
9.206651e+003,9.340047e-002
9.210509e+003,5.199509e-002
9.214365e+003,1.040718e-002
9.218223e+003,-2.153182e-002
9.222079e+003,-3.526697e-002
9.225937e+003,-2.630562e-002
9.229793e+003,3.973478e-003
9.233650e+003,4.851737e-002
9.237508e+003,9.669790e-002
9.241364e+003,1.375135e-001
9.245222e+003,1.630938e-001
9.249078e+003,1.711784e-001
9.252936e+003,1.656550e-001
9.256792e+003,1.549568e-001
9.260649e+003,1.487950e-001
9.264507e+003,1.546916e-001
9.268363e+003,1.751081e-001
9.272221e+003,2.065647e-001
9.276077e+003,2.408461e-001
9.279935e+003,2.678874e-001
9.283791e+003,2.792961e-001
9.287648e+003,2.712900e-001
9.291506e+003,2.460571e-001
9.295362e+003,2.110981e-001
9.299220e+003,1.768080e-001
9.303076e+003,1.532861e-001
9.306934e+003,1.473164e-001
9.310790e+003,1.605135e-001
9.314647e+003,1.891390e-001
9.318504e+003,2.255416e-001
9.322361e+003,2.606037e-001
9.326219e+003,2.865252e-001
9.330075e+003,2.986861e-001
9.333933e+003,2.964853e-001
9.337789e+003,2.828438e-001
9.341646e+003,2.627251e-001
9.345503e+003,2.412762e-001
9.349360e+003,2.222353e-001
9.353218e+003,2.071406e-001
9.357074e+003,1.952483e-001
9.360932e+003,1.845311e-001
9.364788e+003,1.728156e-001
9.368646e+003,1.588353e-001
9.372502e+003,1.427645e-001
9.376359e+003,1.260634e-001
9.380216e+003,1.107498e-001
9.384073e+003,9.847941e-002
9.387931e+003,8.957305e-002
9.391787e+003,8.292991e-002
9.395645e+003,7.635123e-002
9.399501e+003,6.745464e-002
9.403358e+003,5.474828e-002
9.407215e+003,3.842111e-002
9.411072e+003,2.049405e-002
9.414930e+003,4.245319e-003
9.418786e+003,-6.932362e-003
9.422644e+003,-1.056520e-002
9.426500e+003,-5.820019e-003
9.430357e+003,6.565423e-003
9.434214e+003,2.503996e-002
9.438071e+003,4.828592e-002
9.441929e+003,7.595357e-002
9.445785e+003,1.083206e-001
9.449643e+003,1.461847e-001
9.453499e+003,1.886254e-001
9.457356e+003,2.320201e-001
9.461213e+003,2.698455e-001
9.465070e+003,2.939014e-001
9.468927e+003,2.967551e-001
9.472784e+003,2.745437e-001
9.476642e+003,2.290078e-001
9.480498e+003,1.677497e-001
9.484355e+003,1.018972e-001
9.488212e+003,4.294039e-002
9.492069e+003,-9.651896e-004
9.495926e+003,-2.753931e-002
9.499783e+003,-4.071028e-002
9.503641e+003,-4.858578e-002
9.507497e+003,-5.875833e-002
9.511354e+003,-7.738400e-002
9.515211e+003,-1.047315e-001
9.519068e+003,-1.357861e-001
9.522925e+003,-1.620619e-001
9.526782e+003,-1.746106e-001
9.530640e+003,-1.670018e-001
9.534496e+003,-1.372307e-001
9.538354e+003,-9.712356e-002
9.542210e+003,-6.044887e-002
9.546067e+003,-3.471620e-002
9.549924e+003,-2.422735e-002
9.553781e+003,-2.936910e-002
9.557638e+003,-4.704742e-002
9.561495e+003,-7.202166e-002
9.565353e+003,-9.865121e-002
9.569209e+003,-5.189911e-002
9.573066e+003,3.449529e-003
9.576923e+003,6.012031e-002
9.580780e+003,1.102694e-001
9.584637e+003,1.472144e-001
9.588494e+003,1.672186e-001
9.592352e+003,1.705977e-001
9.596208e+003,1.616209e-001
9.600065e+003,1.487322e-001
9.603922e+003,1.372063e-001
9.607779e+003,1.325295e-001
9.611636e+003,1.358390e-001
9.615493e+003,1.438829e-001
9.619351e+003,1.507032e-001
9.623207e+003,1.502809e-001
9.627064e+003,1.390511e-001
9.630921e+003,1.171482e-001
9.634778e+003,8.868381e-002
9.638635e+003,6.013378e-002
9.642492e+003,3.820457e-002
9.646349e+003,2.784672e-002
9.650206e+003,3.100670e-002
9.654063e+003,4.630816e-002
9.657920e+003,6.953740e-002
9.661777e+003,9.456722e-002
9.665634e+003,1.147947e-001
9.669491e+003,1.243839e-001
9.673348e+003,1.197117e-001
9.677205e+003,1.004993e-001
9.681063e+003,7.031092e-002
9.684919e+003,3.603795e-002
9.688776e+003,6.193408e-003
9.692633e+003,-1.170772e-002
9.696490e+003,-1.354706e-002
9.700347e+003,-4.785563e-004
9.704204e+003,2.140418e-002
9.708062e+003,4.332224e-002
9.711918e+003,5.737690e-002
9.715775e+003,5.999155e-002
9.719632e+003,5.374159e-002
9.723489e+003,4.659775e-002
9.727346e+003,4.873173e-002
9.731203e+003,6.806366e-002
9.735060e+003,1.064394e-001
9.738917e+003,1.580762e-001
9.742774e+003,2.110342e-001
9.746631e+003,2.511940e-001
9.750488e+003,2.671706e-001
9.754345e+003,2.542374e-001
9.758202e+003,2.158075e-001
9.762059e+003,1.619844e-001
9.765916e+003,1.060944e-001
9.769773e+003,6.055319e-002
9.773630e+003,3.363248e-002
9.777487e+003,2.803175e-002
9.781344e+003,4.131346e-002
9.785201e+003,6.729227e-002
9.789058e+003,9.860432e-002
9.792915e+003,1.275569e-001
9.796772e+003,1.470845e-001
9.800629e+003,1.513017e-001
9.804486e+003,1.361947e-001
9.808343e+003,1.006170e-001
9.812200e+003,4.728637e-002
9.816057e+003,-1.520991e-002
9.819914e+003,-7.832385e-002
9.823771e+003,-1.311306e-001
9.827628e+003,-1.642254e-001
9.831485e+003,-1.724751e-001
9.835342e+003,-1.567123e-001
9.839199e+003,-1.236667e-001
9.843056e+003,-8.405146e-002
9.846913e+003,-5.205060e-002
9.850770e+003,-2.523329e-002
9.854627e+003,-5.918832e-003
9.858484e+003,5.393412e-003
9.862341e+003,9.730294e-003
9.866198e+003,9.004600e-003
9.870055e+003,5.259782e-003
9.873912e+003,3.212690e-005
9.877769e+003,2.751224e-003
9.881626e+003,2.809700e-003
9.885483e+003,-1.111723e-003
9.889340e+003,-9.737246e-003
9.893197e+003,-2.285771e-002
9.897054e+003,-3.922863e-002
9.900911e+003,-5.672721e-002
9.904768e+003,-7.273336e-002
9.908625e+003,-9.829199e-002
9.912481e+003,-1.178861e-001
9.916339e+003,-1.306906e-001
9.920196e+003,-1.364770e-001
9.924053e+003,-1.356270e-001
9.927910e+003,-1.289659e-001
9.931767e+003,-1.175218e-001
9.935624e+003,-1.023429e-001
9.939480e+003,-8.488889e-002
9.943338e+003,-6.584799e-002
9.947195e+003,-4.683694e-002
9.951052e+003,-2.998487e-002
9.954909e+003,-1.782616e-002
9.958766e+003,-1.285381e-002
9.962623e+003,-1.678259e-002
9.966479e+003,-2.973135e-002
9.970337e+003,-4.982601e-002
9.974193e+003,-7.227355e-002
9.978051e+003,-9.078395e-002
9.981908e+003,-9.858813e-002
9.985765e+003,-9.004358e-002
9.989622e+003,-6.213637e-002
9.993479e+003,-1.542730e-002
9.997336e+003,4.581884e-002
1.000119e+004,1.150740e-001
1.000505e+004,1.826336e-001
1.000891e+004,2.394277e-001
1.001276e+004,2.779472e-001
1.001662e+004,2.934435e-001
1.002048e+004,2.846388e-001
1.002433e+004,2.539235e-001
1.002819e+004,2.070232e-001
1.003205e+004,1.516465e-001
1.003591e+004,9.752496e-002
1.003976e+004,5.335354e-002
1.004362e+004,2.522371e-002
1.004748e+004,1.526730e-002
1.005133e+004,2.129617e-002
1.005519e+004,3.765682e-002
1.005905e+004,5.709182e-002
1.006290e+004,7.294647e-002
1.006676e+004,8.099757e-002
1.007062e+004,8.019450e-002
1.007448e+004,7.217744e-002
1.007833e+004,5.990621e-002
1.008219e+004,4.623591e-002
1.008605e+004,3.320676e-002
1.008990e+004,2.227898e-002
1.009376e+004,1.510633e-002
1.009762e+004,1.459391e-002
1.010147e+004,2.386910e-002
1.010533e+004,4.495681e-002
1.010919e+004,7.672044e-002
1.011305e+004,1.134965e-001
1.011690e+004,1.455747e-001
1.012076e+004,1.618555e-001
1.012462e+004,1.529707e-001
1.012847e+004,1.167790e-001
1.013233e+004,6.020796e-002
1.013619e+004,-2.625894e-003
1.014004e+004,-5.500901e-002
1.014390e+004,-8.332199e-002
1.014776e+004,-8.136804e-002
1.015162e+004,-5.156930e-002
1.015547e+004,-8.825064e-004
1.015933e+004,5.830756e-002
1.016319e+004,1.158903e-001
1.016704e+004,1.660088e-001
1.017090e+004,2.062758e-001
1.017476e+004,2.350803e-001
1.017861e+004,2.491424e-001
1.018247e+004,2.432075e-001
1.018633e+004,2.106594e-001
1.019019e+004,1.511984e-001
1.019404e+004,7.111663e-002
1.019790e+004,-1.632264e-002
1.020176e+004,-9.430827e-002
1.020561e+004,-1.477958e-001
1.020947e+004,-1.682220e-001
1.021333e+004,-1.555116e-001
1.021718e+004,-1.186093e-001
1.022104e+004,-6.725349e-002
1.022490e+004,-1.094618e-002
1.022876e+004,4.328473e-002
1.023261e+004,9.091723e-002
1.023647e+004,1.286136e-001
1.024033e+004,1.529017e-001
1.024418e+004,1.599879e-001
1.024804e+004,1.468887e-001
1.025190e+004,1.152173e-001
1.025575e+004,6.807688e-002
1.025961e+004,1.210028e-002
1.026347e+004,-4.379403e-002
1.026733e+004,-9.039990e-002
1.027118e+004,-1.201486e-001
1.027504e+004,-1.283286e-001
1.027890e+004,-1.140164e-001
1.028275e+004,-7.913595e-002
1.028661e+004,-2.756005e-002
1.029047e+004,3.478242e-002
1.029432e+004,1.003092e-001
1.029818e+004,1.605581e-001
1.030204e+004,2.074604e-001
1.030590e+004,2.349281e-001
1.030975e+004,2.402003e-001
1.031361e+004,2.247953e-001
1.031747e+004,1.933632e-001
1.032132e+004,1.526224e-001
1.032518e+004,1.096651e-001
1.032904e+004,7.058097e-002
1.033289e+004,3.976844e-002
1.033675e+004,1.991148e-002
1.034061e+004,1.199937e-002
1.034447e+004,1.631812e-002
1.034832e+004,3.141264e-002
1.035218e+004,5.428559e-002
1.035604e+004,8.066097e-002
1.035989e+004,1.059127e-001
1.036375e+004,1.264852e-001
1.036761e+004,1.412100e-001
1.037146e+004,1.517313e-001
1.037532e+004,1.619055e-001
1.037918e+004,1.755241e-001
1.038304e+004,1.941638e-001
1.038689e+004,2.157551e-001
1.039075e+004,2.347593e-001
1.039461e+004,2.439313e-001
1.039846e+004,2.368922e-001
1.040232e+004,2.102232e-001
1.040618e+004,1.645785e-001
1.041003e+004,1.040483e-001
1.041389e+004,3.463158e-002
1.041775e+004,-3.726755e-002
1.042161e+004,-1.055773e-001
1.042546e+004,-1.644512e-001
1.042932e+004,-2.079142e-001
1.043318e+004,-2.301039e-001
1.043703e+004,-2.271289e-001
1.044089e+004,-1.977946e-001
1.044475e+004,-1.458659e-001
1.044860e+004,-8.045761e-002
1.045246e+004,-1.441956e-002
1.045632e+004,3.901513e-002
1.046018e+004,7.015042e-002
1.046403e+004,7.505378e-002
1.046789e+004,5.900323e-002
1.047175e+004,3.113681e-002
1.047560e+004,2.795166e-003
1.047946e+004,-1.593142e-002
1.048332e+004,-1.880162e-002
1.048717e+004,-4.483994e-003
1.049103e+004,2.387919e-002
1.049489e+004,5.823331e-002
1.049875e+004,9.289467e-002
1.050260e+004,1.206891e-001
1.050646e+004,1.354933e-001
1.051032e+004,1.331355e-001
1.051417e+004,1.122436e-001
1.051803e+004,7.487810e-002
1.052189e+004,2.661131e-002
1.052574e+004,-2.396689e-002
1.052960e+004,-6.805426e-002
1.053346e+004,-9.788748e-002
1.053732e+004,-1.086633e-001
1.054117e+004,-9.951152e-002
1.054503e+004,-7.326662e-002
1.054889e+004,-3.521028e-002
1.055274e+004,8.591686e-003
1.055660e+004,5.218543e-002
1.056046e+004,9.199356e-002
1.056431e+004,1.249593e-001
1.056817e+004,1.486616e-001
1.057203e+004,1.611648e-001
1.057589e+004,1.614237e-001
1.057974e+004,1.501021e-001
1.058360e+004,1.302690e-001
1.058746e+004,1.076622e-001
1.059131e+004,8.851999e-002
1.059517e+004,7.874114e-002
1.059903e+004,8.167312e-002
1.060288e+004,9.699462e-002
1.060674e+004,1.209892e-001
1.061060e+004,1.481959e-001
1.061446e+004,1.737334e-001
1.061831e+004,1.951372e-001
1.062217e+004,2.133795e-001
1.062603e+004,2.315239e-001
1.062988e+004,2.527483e-001
1.063374e+004,2.780816e-001
1.063760e+004,3.050779e-001
1.064145e+004,3.280937e-001
1.064531e+004,3.401150e-001
1.064917e+004,3.354439e-001
1.065303e+004,3.117968e-001
1.065688e+004,2.713179e-001
1.066074e+004,2.199037e-001
1.066460e+004,1.652423e-001
1.066845e+004,1.144174e-001
1.067231e+004,7.206547e-002
1.067617e+004,3.969934e-002
1.068002e+004,1.627217e-002
1.068388e+004,-4.499620e-004
1.068774e+004,-1.255615e-002
1.069160e+004,-2.116562e-002
1.069545e+004,-2.643840e-002
1.069931e+004,-2.820640e-002
1.070317e+004,-2.674667e-002
1.070702e+004,-2.321890e-002
1.071088e+004,-1.939828e-002
1.071474e+004,-1.732511e-002
1.071859e+004,-1.814751e-002
1.072245e+004,-2.159419e-002
1.072631e+004,-2.585435e-002
1.073017e+004,-2.800504e-002
1.073402e+004,-2.478515e-002
1.073788e+004,-1.344901e-002
1.074174e+004,7.815458e-003
1.074559e+004,3.876166e-002
1.074945e+004,7.762529e-002
1.075331e+004,1.210371e-001
1.075716e+004,1.643189e-001
1.076102e+004,2.019899e-001
1.076488e+004,2.285122e-001
1.076874e+004,2.392780e-001
1.077259e+004,2.313710e-001
1.077645e+004,2.051800e-001
1.078031e+004,1.644535e-001
1.078416e+004,1.159316e-001
1.078802e+004,6.810997e-002
1.079188e+004,2.938778e-002
1.079573e+004,6.078497e-003
1.079959e+004,8.415431e-004
1.080345e+004,1.185352e-002
1.080731e+004,3.398266e-002
1.081116e+004,5.940918e-002
1.081502e+004,8.019264e-002
1.081888e+004,9.045030e-002
1.082273e+004,8.788212e-002
1.082659e+004,7.423130e-002
1.083045e+004,5.457606e-002
1.083430e+004,3.552862e-002
1.083816e+004,2.385978e-002
1.084202e+004,2.396039e-002
1.084588e+004,3.692415e-002
1.084973e+004,6.043858e-002
1.085359e+004,8.962516e-002
1.085745e+004,1.185264e-001
1.086130e+004,1.417284e-001
1.086516e+004,1.557230e-001
1.086902e+004,1.594134e-001
1.087287e+004,1.543428e-001
1.087673e+004,1.439766e-001
1.088059e+004,1.327332e-001
1.088445e+004,1.249694e-001
1.088830e+004,1.241541e-001
1.089216e+004,1.323570e-001
1.089602e+004,1.502739e-001
1.089987e+004,1.769031e-001
1.090373e+004,2.102680e-001
1.090759e+004,2.478006e-001
1.091144e+004,2.867830e-001
1.091530e+004,3.246144e-001
1.091916e+004,3.588440e-001
1.092301e+004,3.869797e-001
1.092687e+004,4.063043e-001
1.093073e+004,4.135146e-001
1.093459e+004,4.054911e-001
1.093844e+004,3.799302e-001
1.094230e+004,3.364172e-001
1.094616e+004,2.773508e-001
1.095001e+004,2.082491e-001
1.095387e+004,1.370966e-001
1.095773e+004,7.250781e-002
1.096158e+004,2.254866e-002
1.096544e+004,-8.116895e-003
1.096930e+004,-1.889478e-002
1.097316e+004,-1.292187e-002
1.097701e+004,4.419337e-003
1.098087e+004,2.752912e-002
1.098473e+004,5.229616e-002
1.098858e+004,7.693562e-002
1.099244e+004,1.012094e-001
1.099630e+004,1.254383e-001
1.100016e+004,1.490228e-001
1.100401e+004,1.696949e-001
1.100787e+004,1.838121e-001
1.101173e+004,1.875528e-001
1.101558e+004,1.784360e-001
1.101944e+004,1.563493e-001
1.102330e+004,1.240899e-001
1.102715e+004,8.651389e-002
1.103101e+004,4.934402e-002
1.103487e+004,1.794660e-002
1.103872e+004,-3.481273e-003
1.104258e+004,-1.220269e-002
1.104644e+004,-6.959234e-003
1.105030e+004,1.202152e-002
1.105415e+004,4.265064e-002
1.105801e+004,8.067500e-002
1.106187e+004,1.197103e-001
1.106572e+004,1.520228e-001
1.106958e+004,1.701504e-001
1.107344e+004,1.689836e-001
1.107729e+004,1.475274e-001
1.108115e+004,1.095544e-001
1.108501e+004,6.271456e-002
1.108887e+004,1.630376e-002
1.109272e+004,-2.151794e-002
1.109658e+004,-4.597610e-002
1.110044e+004,-5.658716e-002
1.110429e+004,-5.645428e-002
1.110815e+004,-5.042170e-002
1.111201e+004,-4.300738e-002
1.111587e+004,-3.691974e-002
1.111972e+004,-3.282246e-002
1.112358e+004,-3.002406e-002
1.112744e+004,-2.756867e-002
1.113129e+004,-2.500070e-002
1.113515e+004,-2.237255e-002
1.113901e+004,-1.959747e-002
1.114286e+004,-1.570091e-002
1.114672e+004,-8.383075e-003
1.115058e+004,5.327506e-003
1.115443e+004,2.781055e-002
1.115829e+004,5.940080e-002
1.116215e+004,9.749920e-002
1.116601e+004,1.368112e-001
1.116986e+004,1.707395e-001
1.117372e+004,1.934242e-001
1.117758e+004,2.018603e-001
1.118143e+004,1.967728e-001
1.118529e+004,1.824301e-001
1.118915e+004,1.651976e-001
1.119300e+004,1.514389e-001
1.119686e+004,1.455158e-001
1.120072e+004,1.485397e-001
1.120458e+004,1.582318e-001
1.120843e+004,1.697932e-001
1.121229e+004,1.775661e-001
1.121615e+004,1.768409e-001
1.122000e+004,1.653651e-001
1.122386e+004,1.441275e-001
1.122772e+004,1.172283e-001
1.123158e+004,9.083618e-002
1.123543e+004,7.128268e-002
1.123929e+004,6.375787e-002
1.124315e+004,6.990426e-002
1.124700e+004,8.719372e-002
1.125086e+004,1.092614e-001
1.125472e+004,1.274251e-001
1.125857e+004,1.330431e-001
1.126243e+004,1.200297e-001
1.126629e+004,8.618280e-002
1.127014e+004,3.566200e-002
1.127400e+004,-2.302503e-002
1.127786e+004,-7.860278e-002
1.128172e+004,-1.197100e-001
1.128557e+004,-1.376093e-001
1.128943e+004,-1.282503e-001
1.129329e+004,-9.323371e-002
1.129714e+004,-3.942896e-002
1.130100e+004,2.231592e-002
1.130486e+004,7.941349e-002
1.130871e+004,1.204444e-001
1.131257e+004,1.376839e-001
1.131643e+004,1.287958e-001
1.132029e+004,9.724203e-002
1.132414e+004,5.121728e-002
1.132800e+004,1.270093e-003
1.133186e+004,-4.231333e-002
1.133571e+004,-7.238553e-002
1.133957e+004,-8.630551e-002
1.134343e+004,-8.575384e-002
1.134729e+004,-7.507040e-002
1.135114e+004,-5.882964e-002
1.135500e+004,-3.970443e-002
1.135886e+004,-1.792129e-002
1.136271e+004,9.146132e-003
1.136657e+004,4.421774e-002
1.137043e+004,8.817285e-002
1.137428e+004,1.385993e-001
1.137814e+004,1.897921e-001
1.138200e+004,2.342995e-001
1.138585e+004,2.653828e-001
1.138971e+004,2.787656e-001
1.139357e+004,2.760370e-001
1.139743e+004,2.614544e-001
1.140128e+004,2.411757e-001
1.140514e+004,2.208598e-001
1.140900e+004,2.036327e-001
1.141285e+004,1.892248e-001
1.141671e+004,1.745465e-001
1.142057e+004,1.558373e-001
1.142442e+004,1.296675e-001
1.142828e+004,9.524503e-002
1.143214e+004,5.480242e-002
1.143600e+004,1.310086e-002
1.143985e+004,-2.388581e-002
1.144371e+004,-5.058641e-002
1.144757e+004,-6.324523e-002
1.145142e+004,-6.086849e-002
1.145528e+004,-4.558766e-002
1.145914e+004,-2.139596e-002
1.146300e+004,6.222192e-003
1.146685e+004,3.135094e-002
1.147071e+004,4.881884e-002
1.147457e+004,5.534573e-002
1.147842e+004,5.044355e-002
1.148228e+004,3.633904e-002
1.148614e+004,1.880547e-002
1.148999e+004,4.694566e-003
1.149385e+004,6.634146e-004
1.149771e+004,1.122274e-002
1.150156e+004,3.718497e-002
1.150542e+004,7.510863e-002
1.150928e+004,1.180373e-001
1.151314e+004,1.562935e-001
1.151699e+004,1.837846e-001
1.152085e+004,1.961621e-001
1.152471e+004,1.932364e-001
1.152856e+004,1.787025e-001
1.153242e+004,1.585442e-001
1.153628e+004,1.387439e-001
1.154013e+004,1.231850e-001
1.154399e+004,1.125654e-001
1.154785e+004,1.047472e-001
1.155171e+004,9.632708e-002
1.155556e+004,8.470830e-002
1.155942e+004,6.978623e-002
1.156328e+004,5.450449e-002
1.156713e+004,4.402961e-002
1.157099e+004,4.384445e-002
1.157485e+004,5.748782e-002
1.157871e+004,8.508129e-002
1.158256e+004,1.228349e-001
1.158642e+004,1.640482e-001
1.159028e+004,2.010468e-001
1.159413e+004,2.273146e-001
1.159799e+004,2.390693e-001
1.160185e+004,2.357994e-001
1.160570e+004,2.196201e-001
1.160956e+004,1.944088e-001
1.161342e+004,1.645273e-001
1.161727e+004,1.338960e-001
1.162113e+004,1.056861e-001
1.162499e+004,8.239292e-002
1.162885e+004,6.596290e-002
1.163270e+004,5.769314e-002
1.163656e+004,5.757830e-002
1.164042e+004,6.493471e-002
1.164427e+004,7.719379e-002
1.164813e+004,9.089400e-002
1.165199e+004,1.027917e-001
1.165584e+004,1.111077e-001
1.165970e+004,1.163456e-001
1.166356e+004,1.212044e-001
1.166742e+004,1.292420e-001
1.167127e+004,1.440579e-001
1.167513e+004,1.666506e-001
1.167899e+004,1.948464e-001
1.168284e+004,2.236722e-001
1.168670e+004,2.468555e-001
1.169056e+004,2.588688e-001
1.169441e+004,2.566906e-001
1.169827e+004,2.401551e-001
1.170213e+004,2.128700e-001
1.170599e+004,1.798298e-001
1.170984e+004,1.460662e-001
1.171370e+004,1.153780e-001
1.171756e+004,8.982154e-002
1.172141e+004,6.997126e-002
1.172527e+004,5.560158e-002
1.172913e+004,4.620703e-002
1.173298e+004,4.182770e-002
1.173684e+004,4.238148e-002
1.174070e+004,4.767083e-002
1.174456e+004,5.722706e-002
1.174841e+004,7.033958e-002
1.175227e+004,8.620839e-002
1.175613e+004,1.040183e-001
1.175998e+004,1.228838e-001
1.176384e+004,1.412406e-001
1.176770e+004,1.568824e-001
1.177155e+004,1.670937e-001
1.177541e+004,1.694516e-001
1.177927e+004,1.630080e-001
1.178313e+004,1.493230e-001
1.178698e+004,1.326785e-001
1.179084e+004,1.190933e-001
1.179470e+004,1.142195e-001
1.179855e+004,1.208828e-001
1.180241e+004,1.372708e-001
1.180627e+004,1.567322e-001
1.181012e+004,1.695065e-001
1.181398e+004,1.659466e-001
1.181784e+004,1.400812e-001
1.182170e+004,9.239139e-002
1.182555e+004,2.966954e-002
1.182941e+004,-3.636948e-002
1.183327e+004,-9.263427e-002
1.183712e+004,-1.285838e-001
1.184098e+004,-1.392854e-001
1.184484e+004,-1.266385e-001
1.184869e+004,-9.850906e-002
1.185255e+004,-6.655483e-002
1.185641e+004,-4.162858e-002
1.186027e+004,-3.195994e-002
1.186412e+004,-4.090745e-002
1.186798e+004,-6.629717e-002
1.187184e+004,-1.011199e-001
1.187569e+004,-1.353295e-001
1.187955e+004,-1.583066e-001
1.188341e+004,-1.618990e-001
1.188726e+004,-1.420657e-001
1.189112e+004,-9.958231e-002
1.189498e+004,-4.007455e-002
1.189883e+004,2.742642e-002
1.190269e+004,9.288932e-002
1.190655e+004,1.479732e-001
1.191041e+004,1.881505e-001
1.191426e+004,2.117892e-001
1.191812e+004,2.250608e-001
1.192198e+004,2.336544e-001
1.192583e+004,2.426893e-001
1.192969e+004,2.547342e-001
1.193355e+004,2.689115e-001
1.193741e+004,2.813684e-001
1.194126e+004,2.868704e-001
1.194512e+004,2.803733e-001
1.194898e+004,2.611628e-001
1.195283e+004,2.301282e-001
1.195669e+004,1.907733e-001
1.196055e+004,1.481894e-001
1.196440e+004,1.077264e-001
1.196826e+004,7.384282e-002
1.197212e+004,4.942301e-002
1.197598e+004,3.581052e-002
1.197983e+004,3.225974e-002
1.198369e+004,3.711772e-002
1.198755e+004,4.775580e-002
1.199140e+004,6.081114e-002
1.199526e+004,7.253464e-002
1.199912e+004,7.935172e-002
1.200297e+004,7.862391e-002
1.200683e+004,6.876875e-002
1.201069e+004,5.142692e-002
1.201454e+004,2.993043e-002
1.201840e+004,8.784680e-003
1.202226e+004,-7.708981e-003
1.202612e+004,-1.684229e-002
1.202997e+004,-1.838233e-002
1.203383e+004,-1.458179e-002
1.203769e+004,-9.796003e-003
1.204154e+004,-7.738438e-003
1.204540e+004,-1.123379e-002
1.204926e+004,-2.064262e-002
1.205312e+004,-3.374353e-002
1.205697e+004,-4.647502e-002
1.206083e+004,-5.417177e-002
1.206469e+004,-5.281509e-002
1.206854e+004,-3.987727e-002
1.207240e+004,-1.431500e-002
1.207626e+004,2.233392e-002
1.208011e+004,6.663039e-002
1.208397e+004,1.135933e-001
1.208783e+004,1.572355e-001
1.209169e+004,1.913996e-001
1.209554e+004,2.109488e-001
1.209940e+004,2.131826e-001
1.210326e+004,1.984458e-001
1.210711e+004,1.714311e-001
1.211097e+004,1.398537e-001
1.211483e+004,1.123958e-001
1.211868e+004,9.615370e-002
1.212254e+004,9.450541e-002
1.212640e+004,1.062775e-001
1.213025e+004,1.266889e-001
1.213411e+004,1.489572e-001
1.213797e+004,1.671720e-001
1.214183e+004,1.780234e-001
1.214568e+004,1.811059e-001
1.214954e+004,1.778059e-001
1.215340e+004,1.695485e-001
1.215725e+004,1.565484e-001
1.216111e+004,1.378363e-001
1.216497e+004,1.129859e-001
1.216883e+004,8.391424e-002
1.217268e+004,5.632250e-002
1.217654e+004,3.915158e-002
1.218040e+004,4.188447e-002
1.218425e+004,7.052307e-002
1.218811e+004,1.239465e-001
1.219197e+004,1.931893e-001
1.219582e+004,2.604967e-001
1.219968e+004,3.064597e-001
1.220354e+004,3.153671e-001
1.220740e+004,2.803510e-001
1.221125e+004,2.056827e-001
1.221511e+004,1.053779e-001
1.221897e+004,-1.241744e-003
1.222282e+004,-9.606473e-002
1.222668e+004,-1.645766e-001
1.223054e+004,-2.009489e-001
1.223439e+004,-2.070010e-001
1.223825e+004,-1.896887e-001
1.224211e+004,-1.577712e-001
1.224596e+004,-1.190665e-001
1.224982e+004,-7.905868e-002
1.225368e+004,-4.095965e-002
1.225754e+004,-6.184015e-003
1.226139e+004,2.455554e-002
1.226525e+004,5.099843e-002
1.226911e+004,7.335535e-002
1.227296e+004,9.240987e-002
1.227682e+004,1.093231e-001
1.228068e+004,1.250593e-001
1.228454e+004,1.396454e-001
1.228839e+004,1.517264e-001
1.229225e+004,1.587344e-001
1.229611e+004,1.577365e-001
1.229996e+004,1.466150e-001
1.230382e+004,1.250896e-001
1.230768e+004,9.511446e-002
1.231153e+004,6.054155e-002
1.231539e+004,2.627945e-002
1.231925e+004,-3.037266e-003
1.232311e+004,-2.354152e-002
1.232696e+004,-3.267934e-002
1.233082e+004,-2.938494e-002
1.233468e+004,-1.416308e-002
1.233853e+004,1.078102e-002
1.234239e+004,4.147346e-002
1.234625e+004,7.177354e-002
1.235010e+004,9.620943e-002
1.235396e+004,1.092442e-001
1.235782e+004,1.074517e-001
1.236167e+004,9.074966e-002
1.236553e+004,6.275820e-002
1.236939e+004,2.994855e-002
1.237325e+004,-2.234513e-004
1.237710e+004,-2.180915e-002
1.238096e+004,-3.190903e-002
1.238482e+004,-3.137182e-002
1.238867e+004,-2.413348e-002
1.239253e+004,-1.557416e-002
1.239639e+004,-1.045651e-002
1.240025e+004,-1.124374e-002
1.240410e+004,-1.734711e-002
1.240796e+004,-2.612775e-002
1.241182e+004,-3.254081e-002
1.241567e+004,-3.252082e-002
1.241953e+004,-2.351223e-002
1.242339e+004,-5.212683e-003
1.242724e+004,2.039333e-002
1.243110e+004,4.958087e-002
1.243496e+004,7.781618e-002
1.243881e+004,9.916960e-002
1.244267e+004,1.132705e-001
1.244653e+004,1.184666e-001
1.245039e+004,1.144587e-001
1.245424e+004,1.021921e-001
1.245810e+004,8.356525e-002
1.246196e+004,6.101466e-002
1.246581e+004,3.709410e-002
1.246967e+004,1.350076e-002
1.247353e+004,-8.596594e-003
1.247738e+004,-2.783786e-002
1.248124e+004,-4.294148e-002
1.248510e+004,-5.263127e-002
1.248896e+004,-5.565483e-002
1.249281e+004,-5.096555e-002
1.249667e+004,-3.803219e-002
1.250053e+004,-1.410771e-002
1.250438e+004,1.620528e-002
1.250824e+004,4.980000e-002
1.251210e+004,8.275689e-002
1.251596e+004,1.110726e-001
1.251981e+004,1.315272e-001
1.252367e+004,1.424290e-001
1.252753e+004,1.439858e-001
1.253138e+004,1.379270e-001
1.253524e+004,1.269036e-001
1.253910e+004,1.150486e-001
1.254295e+004,1.057330e-001
1.254681e+004,1.008584e-001
1.255067e+004,1.007100e-001
1.255452e+004,1.043189e-001
1.255838e+004,1.100934e-001
1.256224e+004,1.163974e-001
1.256610e+004,1.220115e-001
1.256995e+004,1.260108e-001
1.257381e+004,1.277085e-001
1.257767e+004,1.265016e-001
1.258152e+004,1.218972e-001
1.258538e+004,1.137652e-001
1.258924e+004,1.026758e-001
1.259309e+004,9.033237e-002
1.259695e+004,7.895777e-002
1.260081e+004,7.105520e-002
1.260467e+004,6.854355e-002
1.260852e+004,7.205017e-002
1.261238e+004,8.057930e-002
1.261624e+004,9.173177e-002
1.262009e+004,1.023958e-001
1.262395e+004,1.103190e-001
1.262781e+004,1.127262e-001
1.263167e+004,1.090617e-001
1.263552e+004,1.001883e-001
1.263938e+004,8.797023e-002
1.264324e+004,7.471202e-002
1.264709e+004,6.267090e-002
1.265095e+004,5.374826e-002
1.265481e+004,4.939398e-002
1.265866e+004,5.029897e-002
1.266252e+004,5.642262e-002
1.266638e+004,6.670754e-002
1.267023e+004,7.904846e-002
1.267409e+004,9.054475e-002
1.267795e+004,9.812367e-002
1.268181e+004,9.938411e-002
1.268566e+004,9.315556e-002
1.268952e+004,8.048112e-002
1.269338e+004,6.408859e-002
1.269723e+004,4.765540e-002
1.270109e+004,3.471173e-002
1.270495e+004,2.766659e-002
1.270880e+004,2.732855e-002
1.271266e+004,3.304439e-002
1.271652e+004,4.297581e-002
1.272038e+004,5.560603e-002
1.272423e+004,6.925369e-002
1.272809e+004,8.230767e-002
1.273195e+004,9.288302e-002
1.273580e+004,9.857407e-002
1.273966e+004,9.670009e-002
1.274352e+004,8.516003e-002
1.274738e+004,6.301148e-002
1.275123e+004,3.338346e-002
1.275509e+004,1.909435e-003
1.275895e+004,-2.378880e-002
1.276280e+004,-3.619898e-002
1.276666e+004,-3.040965e-002
1.277052e+004,-6.045696e-003
1.277437e+004,3.215881e-002
1.277823e+004,7.554052e-002
1.278209e+004,1.137605e-001
1.278594e+004,1.380087e-001
1.278980e+004,1.435636e-001
1.279366e+004,1.309633e-001
1.279752e+004,1.055188e-001
1.280137e+004,7.550940e-002
1.280523e+004,4.978424e-002
1.280909e+004,3.562104e-002
1.281294e+004,3.749079e-002
1.281680e+004,5.639360e-002
1.282066e+004,9.032726e-002
1.282451e+004,1.350244e-001
1.282837e+004,1.847365e-001
1.283223e+004,2.329271e-001
1.283609e+004,2.729533e-001
1.283994e+004,2.989870e-001
1.284380e+004,3.065403e-001
1.284766e+004,2.939201e-001
1.285151e+004,2.626913e-001
1.285537e+004,2.176628e-001
1.285923e+004,1.660786e-001
1.286308e+004,1.161755e-001
1.286694e+004,7.551061e-002
1.287080e+004,4.957173e-002
1.287466e+004,4.106282e-002
1.287851e+004,4.997759e-002
1.288237e+004,7.428401e-002
1.288623e+004,1.108022e-001
1.289008e+004,1.558667e-001
1.289394e+004,2.055394e-001
1.289780e+004,2.554406e-001
1.290165e+004,3.004234e-001
1.290551e+004,3.348417e-001
1.290937e+004,3.528123e-001
1.291323e+004,3.494064e-001
1.291708e+004,3.219828e-001
1.292094e+004,2.712988e-001
1.292480e+004,2.019283e-001
1.292865e+004,1.217295e-001
1.293251e+004,4.098860e-002
1.293637e+004,-3.141242e-002
1.294022e+004,-8.805155e-002
1.294408e+004,-1.248687e-001
1.294794e+004,-1.415967e-001
1.295180e+004,-1.412291e-001
1.295565e+004,-1.287706e-001
1.295951e+004,-1.097129e-001
1.296337e+004,-8.912808e-002
1.296722e+004,-6.980895e-002
1.297108e+004,-5.297091e-002
1.297494e+004,-3.857262e-002
1.297879e+004,-2.598884e-002
1.298265e+004,-1.463313e-002
1.298651e+004,-4.317842e-003
1.299037e+004,4.713852e-003
1.299422e+004,9.920120e-003
1.299808e+004,1.343795e-002
1.300194e+004,1.523022e-002
1.300579e+004,1.553253e-002
1.300965e+004,1.479070e-002
1.301351e+004,1.355328e-002
1.301736e+004,1.238288e-002
1.302122e+004,1.183227e-002
1.302508e+004,7.742802e-003
1.302894e+004,5.596797e-003
1.303279e+004,5.290478e-003
1.303665e+004,6.840820e-003
1.304051e+004,1.037498e-002
1.304436e+004,1.603299e-002
1.304822e+004,2.381794e-002
1.305208e+004,3.342517e-002
1.305593e+004,4.721150e-002
1.305979e+004,5.953326e-002
1.306365e+004,6.811532e-002
1.306751e+004,7.092591e-002
1.307136e+004,6.666401e-002
1.307522e+004,5.511931e-002
1.307908e+004,3.730989e-002
1.308293e+004,1.533850e-002
1.308679e+004,-6.738883e-003
1.309065e+004,-2.154373e-002
1.309450e+004,-2.456753e-002
1.309836e+004,-1.365746e-002
1.310222e+004,1.059691e-002
1.310608e+004,4.517737e-002
1.310993e+004,8.551109e-002
1.311379e+004,1.265928e-001
1.311765e+004,1.663015e-001
1.312150e+004,1.987413e-001
1.312536e+004,2.219159e-001
1.312922e+004,2.351406e-001
1.313307e+004,2.385768e-001
1.313693e+004,2.327884e-001
1.314079e+004,2.185392e-001
1.314465e+004,1.968854e-001
1.314850e+004,1.693961e-001
1.315236e+004,1.386274e-001
1.315622e+004,1.080607e-001
1.316007e+004,8.172305e-002
1.316393e+004,6.340802e-002
1.316779e+004,5.570069e-002
1.317164e+004,5.912872e-002
1.317550e+004,7.177800e-002
1.317936e+004,8.971242e-002
1.318322e+004,1.075732e-001
1.318707e+004,1.203266e-001
1.319093e+004,1.244381e-001
1.319479e+004,1.187545e-001
1.319864e+004,1.046515e-001
1.320250e+004,8.540522e-002
1.320636e+004,6.501372e-002
1.321021e+004,4.733413e-002
1.321407e+004,3.361808e-002
1.321793e+004,2.380085e-002
1.322179e+004,1.627786e-002
1.322564e+004,8.735005e-003
1.322950e+004,-8.526575e-004
1.323336e+004,-1.340131e-002
1.323721e+004,-2.834359e-002
1.324107e+004,-4.336799e-002
1.324493e+004,-5.639859e-002
1.324878e+004,-6.491482e-002
1.325264e+004,-6.710711e-002
1.325650e+004,-6.235414e-002
1.326036e+004,-5.138458e-002
1.326421e+004,-3.610559e-002
1.326807e+004,-1.914958e-002
1.327193e+004,-3.268257e-003
1.327578e+004,9.959771e-003
1.327964e+004,1.951229e-002
1.328350e+004,2.548428e-002
1.328735e+004,2.901737e-002
1.329121e+004,3.189283e-002
1.329507e+004,3.586391e-002
1.329892e+004,4.189542e-002
1.330278e+004,4.989984e-002
1.330664e+004,5.724270e-002
1.331050e+004,6.117281e-002
1.331435e+004,5.859064e-002
1.331821e+004,4.692587e-002
1.332207e+004,2.504104e-002
1.332592e+004,-6.127926e-003
1.332978e+004,-4.340095e-002
1.333364e+004,-8.198993e-002
1.333750e+004,-1.151690e-001
1.334135e+004,-1.369956e-001
1.334521e+004,-1.432389e-001
1.334907e+004,-1.323052e-001
1.335292e+004,-1.055209e-001
1.335678e+004,-6.673157e-002
1.336064e+004,-2.137066e-002
1.336449e+004,2.952489e-002
1.336835e+004,7.439604e-002
1.337221e+004,1.087308e-001
1.337607e+004,1.304830e-001
1.337992e+004,1.399619e-001
1.338378e+004,1.393048e-001
1.338764e+004,1.317476e-001
1.339149e+004,1.208793e-001
1.339535e+004,1.088334e-001
1.339921e+004,9.912567e-002
1.340306e+004,9.306557e-002
1.340692e+004,9.031950e-002
1.341078e+004,8.910108e-002
1.341463e+004,8.676673e-002
1.341849e+004,8.072717e-002
1.342235e+004,6.942830e-002
1.342621e+004,5.218753e-002
1.343006e+004,3.186630e-002
1.343392e+004,1.186837e-002
1.343778e+004,-4.342156e-003
1.344163e+004,-1.454181e-002
1.344549e+004,-1.857817e-002
1.344935e+004,-1.833327e-002
1.345321e+004,-1.678536e-002
1.345706e+004,-1.652575e-002
1.346092e+004,-1.847848e-002
1.346478e+004,-2.138878e-002
1.346863e+004,-2.223565e-002
1.347249e+004,-1.761352e-002
1.347635e+004,-5.359441e-003
1.348020e+004,1.432157e-002
1.348406e+004,3.877443e-002
1.348792e+004,6.442229e-002
1.349178e+004,8.670384e-002
1.349563e+004,1.032169e-001
1.349949e+004,1.138668e-001
1.350335e+004,1.203704e-001
1.350720e+004,1.249047e-001
1.351106e+004,1.286158e-001
1.351492e+004,1.308013e-001
1.351877e+004,1.291252e-001
1.352263e+004,1.209403e-001
1.352649e+004,1.052365e-001
1.353034e+004,8.378034e-002
1.353420e+004,6.121302e-002
1.353806e+004,4.379368e-002
1.354192e+004,3.724692e-002
1.354577e+004,4.459448e-002
1.354963e+004,6.475831e-002
1.355349e+004,9.286538e-002
1.355734e+004,1.211646e-001
1.356120e+004,1.415296e-001
1.356506e+004,1.477288e-001
1.356892e+004,1.369365e-001
1.357277e+004,1.101340e-001
1.357663e+004,7.150071e-002
1.358049e+004,2.614325e-002
1.358434e+004,-1.831750e-002
1.358820e+004,-5.605726e-002
1.359206e+004,-8.324876e-002
1.359591e+004,-9.864289e-002
1.359977e+004,-1.036225e-001
1.360363e+004,-1.016882e-001
1.360749e+004,-9.736011e-002
1.361134e+004,-9.479599e-002
1.361520e+004,-9.570148e-002
1.361906e+004,-9.868577e-002
1.362291e+004,-9.908117e-002
1.362677e+004,-9.049294e-002
1.363063e+004,-6.740230e-002
1.363448e+004,-2.789958e-002
1.363834e+004,2.460225e-002
1.364220e+004,8.361898e-002
1.364605e+004,1.341558e-001
1.364991e+004,1.643079e-001
1.365377e+004,1.674547e-001
1.365763e+004,1.446927e-001
1.366148e+004,1.044906e-001
1.366534e+004,5.976457e-002
1.366920e+004,2.366949e-002
1.367305e+004,5.299474e-003
1.367691e+004,1.166190e-002
1.368077e+004,3.997148e-002
1.368463e+004,8.213802e-002
1.368848e+004,1.274252e-001
1.369234e+004,1.648155e-001
1.369620e+004,1.846825e-001
1.370005e+004,1.800492e-001
1.370391e+004,1.489490e-001
1.370777e+004,9.373725e-002
1.371162e+004,2.191690e-002
1.371548e+004,-5.395671e-002
1.371934e+004,-1.186638e-001
1.372320e+004,-1.582533e-001
1.372705e+004,-1.642564e-001
1.373091e+004,-1.363849e-001
1.373477e+004,-9.009342e-002
1.373862e+004,-3.228458e-002
1.374248e+004,2.621795e-002
1.374634e+004,7.771443e-002
1.375019e+004,1.192555e-001
1.375405e+004,1.519488e-001
1.375791e+004,1.784508e-001
1.376176e+004,2.000220e-001
1.376562e+004,2.133826e-001
1.376948e+004,2.172311e-001
1.377334e+004,2.063416e-001
1.377719e+004,1.773754e-001
1.378105e+004,1.310422e-001
1.378491e+004,7.264055e-002
1.378876e+004,1.066767e-002
1.379262e+004,-4.586701e-002
1.379648e+004,-8.839519e-002
1.380033e+004,-1.166619e-001
1.380419e+004,-1.319324e-001
1.380805e+004,-1.375878e-001
1.381191e+004,-1.369685e-001
1.381576e+004,-1.316657e-001
1.381962e+004,-1.210285e-001
1.382348e+004,-1.030933e-001
1.382733e+004,-7.663374e-002
1.383119e+004,-4.231996e-002
1.383505e+004,-3.738556e-003
1.383891e+004,3.304483e-002
1.384276e+004,6.105222e-002
1.384662e+004,7.437768e-002
1.385048e+004,6.982360e-002
1.385433e+004,4.759174e-002
1.385819e+004,1.091892e-002
1.386205e+004,-3.496883e-002
1.386590e+004,-8.409727e-002
1.386976e+004,-1.306441e-001
1.387362e+004,-1.693431e-001
1.387747e+004,-1.955462e-001
1.388133e+004,-2.053408e-001
1.388519e+004,-1.959904e-001
1.388905e+004,-1.657849e-001
1.389290e+004,-1.173612e-001
1.389676e+004,-5.640781e-002
1.390062e+004,8.512315e-003
1.390447e+004,6.755069e-002
1.390833e+004,1.118568e-001
1.391219e+004,1.358376e-001
1.391604e+004,1.386046e-001
1.391990e+004,1.240541e-001
1.392376e+004,9.907199e-002
1.392762e+004,7.279359e-002
1.393147e+004,5.304534e-002
1.393533e+004,4.443887e-002
1.393919e+004,4.775680e-002
1.394304e+004,6.063240e-002
1.394690e+004,7.909743e-002
1.395076e+004,9.948288e-002
1.395462e+004,1.187011e-001
1.395847e+004,1.353004e-001
1.396233e+004,1.486192e-001
1.396619e+004,1.576508e-001
1.397004e+004,1.601285e-001
1.397390e+004,1.523860e-001
1.397776e+004,1.302528e-001
1.398161e+004,8.946651e-002
1.398547e+004,3.111482e-002
1.398933e+004,-3.978269e-002
1.399318e+004,-1.134913e-001
1.399704e+004,-1.772251e-001
1.400090e+004,-2.182195e-001
1.400476e+004,-2.273219e-001
1.400861e+004,-2.019241e-001
1.401247e+004,-1.472019e-001
1.401633e+004,-7.474516e-002
1.402018e+004,5.631894e-004
1.402404e+004,6.469693e-002
1.402790e+004,1.081653e-001
1.403175e+004,1.279278e-001
1.403561e+004,1.269068e-001
1.403947e+004,1.114919e-001
1.404333e+004,8.891658e-002
1.404718e+004,6.273060e-002
1.405104e+004,3.355918e-002
1.405490e+004,-4.237145e-005
1.405875e+004,-3.913077e-002
1.406261e+004,-8.196462e-002
1.406647e+004,-1.229462e-001
1.407032e+004,-1.535579e-001
1.407418e+004,-1.651896e-001
1.407804e+004,-1.527145e-001
1.408190e+004,-1.155944e-001
1.408575e+004,-5.898479e-002
1.408961e+004,7.695429e-003
1.409347e+004,7.354584e-002
1.409732e+004,1.291380e-001
1.410118e+004,1.685203e-001
1.410504e+004,1.893098e-001
1.410889e+004,1.934238e-001
1.411275e+004,1.834072e-001
1.411661e+004,1.621211e-001
1.412047e+004,1.324254e-001
1.412432e+004,9.761922e-002
1.412818e+004,6.206093e-002
1.413204e+004,3.125227e-002
1.413589e+004,1.110937e-002
1.413975e+004,5.508101e-003
1.414361e+004,1.544133e-002
1.414746e+004,3.772337e-002
1.415132e+004,6.547210e-002
1.415518e+004,9.009471e-002
1.415904e+004,1.041269e-001
1.416289e+004,1.038240e-001
1.416675e+004,9.045586e-002
1.417061e+004,6.972037e-002
1.417446e+004,4.948866e-002
1.417832e+004,3.699554e-002
1.418218e+004,3.640009e-002
1.418603e+004,4.768723e-002
1.418989e+004,6.721120e-002
1.419375e+004,8.948209e-002
1.419761e+004,1.092345e-001
1.420146e+004,1.233331e-001
1.420532e+004,1.309006e-001
1.420918e+004,1.327997e-001
1.421303e+004,1.304632e-001
1.421689e+004,1.249015e-001
1.422075e+004,1.164322e-001
1.422460e+004,1.052181e-001
1.422846e+004,9.224449e-002
1.423232e+004,7.989476e-002
1.423618e+004,7.190464e-002
1.424003e+004,7.223576e-002
1.424389e+004,8.339677e-002
1.424775e+004,1.049577e-001
1.425160e+004,1.330400e-001
1.425546e+004,1.612095e-001
1.425932e+004,1.825841e-001
1.426317e+004,1.923880e-001
1.426703e+004,1.898987e-001
1.427089e+004,1.789028e-001
1.427475e+004,1.663548e-001
1.427860e+004,1.596667e-001
1.428246e+004,1.636698e-001
1.428632e+004,1.784781e-001
1.429017e+004,1.991767e-001
1.429403e+004,2.175203e-001
1.429789e+004,2.250679e-001
1.430174e+004,2.165501e-001
1.430560e+004,1.921157e-001
1.430946e+004,1.575662e-001
1.431332e+004,1.224500e-001
1.431717e+004,9.674495e-002
1.432103e+004,8.740190e-002
1.432489e+004,9.603435e-002
1.432874e+004,1.183160e-001
1.433260e+004,1.457334e-001
1.433646e+004,1.685946e-001
1.434031e+004,1.792065e-001
1.434417e+004,1.740821e-001
1.434803e+004,1.545015e-001
1.435189e+004,1.252848e-001
1.435574e+004,9.303746e-002
1.435960e+004,6.369998e-002
1.436346e+004,4.094259e-002
1.436731e+004,2.572834e-002
1.437117e+004,1.694206e-002
1.437503e+004,1.258741e-002
1.437888e+004,1.093832e-002
1.438274e+004,1.110739e-002
1.438660e+004,1.331448e-002
1.439046e+004,1.798717e-002
1.439431e+004,2.525702e-002
1.439817e+004,3.452907e-002
1.440203e+004,4.446332e-002
1.440588e+004,5.333087e-002
1.440974e+004,5.954674e-002
1.441360e+004,6.203139e-002
1.441745e+004,6.055107e-002
1.442131e+004,5.601755e-002
1.442517e+004,5.006920e-002
1.442903e+004,4.461507e-002
1.443288e+004,4.129989e-002
1.443674e+004,4.097328e-002
1.444060e+004,4.330841e-002
1.444445e+004,4.616934e-002
1.444831e+004,4.737945e-002
1.445217e+004,4.413678e-002
1.445602e+004,3.532663e-002
1.445988e+004,2.268695e-002
1.446374e+004,1.087278e-002
1.446760e+004,6.066730e-003
1.447145e+004,1.348407e-002
1.447531e+004,3.813769e-002
1.447917e+004,7.408293e-002
1.448302e+004,1.108646e-001
1.448688e+004,1.361886e-001
1.449074e+004,1.409287e-001
1.449459e+004,1.229926e-001
1.449845e+004,8.817999e-002
1.450231e+004,4.766490e-002
1.450617e+004,1.665911e-002
1.451002e+004,-3.441955e-003
1.451388e+004,-1.048320e-002
1.451774e+004,-5.670102e-003
1.452159e+004,7.808039e-003
1.452545e+004,2.632663e-002
1.452931e+004,4.678516e-002
1.453316e+004,6.671631e-002
1.453702e+004,8.254945e-002
1.454088e+004,9.441842e-002
1.454474e+004,1.005861e-001
1.454859e+004,1.001058e-001
1.455245e+004,9.368470e-002
1.455631e+004,8.405074e-002
1.456016e+004,7.541008e-002
1.456402e+004,7.203116e-002
1.456788e+004,7.657311e-002
1.457173e+004,8.850095e-002
1.457559e+004,1.046404e-001
1.457945e+004,1.200452e-001
1.458331e+004,1.298697e-001
1.458716e+004,1.311981e-001
1.459102e+004,1.240330e-001
1.459488e+004,1.110218e-001
1.459873e+004,9.622358e-002
1.460259e+004,8.300710e-002
1.460645e+004,7.313235e-002
1.461030e+004,6.635316e-002
1.461416e+004,6.112468e-002
1.461802e+004,5.584613e-002
1.462188e+004,4.995121e-002
1.462573e+004,4.429750e-002
1.462959e+004,4.069398e-002
1.463345e+004,4.101802e-002
1.463730e+004,4.631370e-002
1.464116e+004,5.643353e-002
1.464502e+004,7.028966e-002
1.464887e+004,8.644474e-002
1.465273e+004,1.035832e-001
1.465659e+004,1.205395e-001
1.466045e+004,1.358608e-001
1.466430e+004,1.476320e-001
1.466816e+004,1.532615e-001
1.467202e+004,1.503620e-001
1.467587e+004,1.380499e-001
1.467973e+004,1.180934e-001
1.468359e+004,9.513929e-002
1.468744e+004,7.555017e-002
1.469130e+004,6.520169e-002
1.469516e+004,6.645369e-002
1.469902e+004,7.703412e-002
1.470287e+004,9.007564e-002
1.470673e+004,9.634783e-002
1.471059e+004,8.773434e-002
1.471444e+004,6.055679e-002
1.471830e+004,1.729038e-002
1.472216e+004,-3.380280e-002
1.472601e+004,-8.249456e-002
1.472987e+004,-1.193203e-001
1.473373e+004,-1.388711e-001
1.473758e+004,-1.409473e-001
1.474144e+004,-1.295259e-001
1.474530e+004,-1.102359e-001
1.474916e+004,-8.766282e-002
1.475301e+004,-6.403628e-002
1.475687e+004,-3.868296e-002
1.476073e+004,-1.024421e-002
1.476458e+004,2.154689e-002
1.476844e+004,5.469518e-002
1.477230e+004,8.523821e-002
1.477616e+004,1.088606e-001
1.478001e+004,1.229566e-001
1.478387e+004,1.278875e-001
1.478773e+004,1.273353e-001
1.479158e+004,1.263537e-001
1.479544e+004,1.293713e-001
1.479930e+004,1.384491e-001
1.480315e+004,1.528107e-001
1.480701e+004,1.698149e-001
1.481087e+004,1.867585e-001
1.481472e+004,2.024648e-001
1.481858e+004,2.177104e-001
1.482244e+004,2.342503e-001
1.482630e+004,2.529170e-001
1.483015e+004,2.718907e-001
1.483401e+004,2.861984e-001
1.483787e+004,2.889569e-001
1.484172e+004,2.739720e-001
1.484558e+004,2.382929e-001
1.484944e+004,1.849132e-001
1.485329e+004,1.220066e-001
1.485715e+004,6.091365e-002
1.486101e+004,1.272314e-002
1.486487e+004,-1.504267e-002
1.486872e+004,-2.038808e-002
1.487258e+004,-6.797090e-003
1.487644e+004,1.869947e-002
1.488029e+004,4.816718e-002
1.488415e+004,7.509686e-002
1.488801e+004,9.612559e-002
1.489187e+004,1.110246e-001
1.489572e+004,1.215506e-001
1.489958e+004,1.298762e-001
1.490344e+004,1.373346e-001
1.490729e+004,1.438926e-001
1.491115e+004,1.481822e-001
1.491501e+004,1.485165e-001
1.491886e+004,1.434527e-001
1.492272e+004,1.322160e-001
1.492658e+004,1.147686e-001
1.493043e+004,9.164004e-002
1.493429e+004,6.374533e-002
1.493815e+004,3.046175e-002
1.494201e+004,-4.774928e-003
1.494586e+004,-3.973476e-002
1.494972e+004,-7.192422e-002
1.495358e+004,-9.890538e-002
1.495743e+004,-1.187454e-001
1.496129e+004,-1.304345e-001
1.496515e+004,-1.341167e-001
1.496900e+004,-1.303179e-001
1.497286e+004,-1.209660e-001
1.497672e+004,-1.083456e-001
1.498058e+004,-9.407270e-002
1.498443e+004,-7.860558e-002
1.498829e+004,-6.125839e-002
1.499215e+004,-4.077984e-002
1.499600e+004,-1.631196e-002
1.499986e+004,1.163860e-002
