label,area,bbox-0,bbox-1,bbox-2,bbox-3,major_axis_length,minor_axis_length,eccentricity,perimeter,solidity,area_um2,area_nm2,equiv_diameter_nm,major_axis_length_nm,minor_axis_length_nm,bbox_height_px,bbox_width_px,bbox_height_nm,bbox_width_nm,bbox_major_nm,bbox_minor_nm,aspect_ratio,fraction_of_total_grain_area,sample_id,field_of_view_area_um2,masked_area_um2,masked_area_fraction,grain_area_fraction_of_total_grain_area,grain_area_fraction_of_fov,area_rank
1,5.0,0,461,3,464,4.0,1.3856406460551023,0.9380831519646858,5.414213562373095,1.0,0.000476837158203125,476.837158203125,24.639966035353126,39.0625,13.531646934131858,3,3,29.296875,29.296875,29.296875,29.296875,1.0,0.0007314218841427735,230730D-JC-52,25.0,0.5873680114746094,0.023494720458984375,0.0008118201006656925,1.9073486328125e-05,406
2,5.0,1,156,4,158,3.098386676965933,1.7888543819998317,0.816496580927726,5.207106781186548,1.0,0.000476837158203125,476.837158203125,24.639966035353126,30.257682392245442,17.469281074217108,3,2,29.296875,19.53125,29.296875,19.53125,1.5,0.0007314218841427735,230730D-JC-52,25.0,0.5873680114746094,0.023494720458984375,0.0008118201006656925,1.9073486328125e-05,407
3,36.0,3,197,10,210,14.7063700833751,3.9760657343530137,0.9627583165908137,28.31370849898476,0.72,0.0034332275390625,3433.2275390625,66.11596682200269,143.61689534545997,38.82876693704115,7,13,68.359375,126.953125,126.953125,68.359375,1.8571428571428572,0.0052662375658279695,230730D-JC-52,25.0,0.5873680114746094,0.023494720458984375,0.0058451047247929854,0.0001373291015625,12
5,15.0,5,421,11,430,11.442131859986105,3.1877990750885377,0.9604066902053113,13.0,0.5,0.001430511474609375,1430.511474609375,42.67767307000309,111.73956894517681,31.1308503426615,6,9,58.59375,87.890625,87.890625,58.59375,1.5,0.0021942656524283205,230730D-JC-52,25.0,0.5873680114746094,0.023494720458984375,0.0024354603019970775,5.7220458984375e-05,115
6,23.0,6,124,10,130,6.647843013195008,4.544564245259024,0.7298429477862621,16.82842712474619,0.9583333333333334,0.002193450927734375,2193.450927734375,52.84683964654307,64.9203419257325,44.38051020760766,4,6,39.0625,58.59375,58.59375,39.0625,1.5,0.0033645406670567584,230730D-JC-52,25.0,0.5873680114746094,0.023494720458984375,0.0037343724630621855,8.7738037109375e-05,36
7,32.0,6,164,12,175,10.945390838728116,4.30968901285077,0.9192198625903937,23.485281374238568,0.8,0.0030517578125,3051.7578125,62.334731312723854,106.88858240945426,42.0868067661208,6,11,58.59375,107.421875,107.421875,58.59375,1.8333333333333333,0.004681100058513751,230730D-JC-52,25.0,0.5873680114746094,0.023494720458984375,0.005195648644260432,0.0001220703125,15
9,4.0,10,205,11,209,4.47213595499958,0.0,1.0,2.0,1.0,0.0003814697265625,381.4697265625,22.03865560733423,43.67320268554277,0.0,1,4,9.765625,39.0625,39.0625,9.765625,4.0,0.0005851375073142189,230730D-JC-52,25.0,0.5873680114746094,0.023494720458984375,0.000649456080532554,1.52587890625e-05,465
10,13.0,11,102,15,106,4.318667337728677,3.6794648440311994,0.523556754446835,10.242640687119284,1.0,0.001239776611328125,1239.776611328125,39.73075141726777,42.17448572000661,35.932273867492185,4,4,39.0625,39.0625,39.0625,39.0625,1.0,0.0019016968987712111,230730D-JC-52,25.0,0.5873680114746094,0.023494720458984375,0.0021107322617308004,4.9591064453125e-05,147
12,4.0,11,176,12,180,4.47213595499958,0.0,1.0,2.0,1.0,0.0003814697265625,381.4697265625,22.03865560733423,43.67320268554277,0.0,1,4,9.765625,39.0625,39.0625,9.765625,4.0,0.0005851375073142189,230730D-JC-52,25.0,0.5873680114746094,0.023494720458984375,0.000649456080532554,1.52587890625e-05,466
14,6.0,11,292,14,294,3.265986323710904,2.0,0.7905694150420949,6.0,1.0,0.00057220458984375,572.20458984375,26.991730427448083,31.8943976924893,19.53125,3,2,29.296875,19.53125,29.296875,19.53125,1.5,0.0008777062609713282,230730D-JC-52,25.0,0.5873680114746094,0.023494720458984375,0.000974184120798831,2.288818359375e-05,354
15,7.0,11,359,13,363,4.155374705678736,1.9054711331003737,0.8886656215775005,7.207106781186548,1.0,0.000667572021484375,667.572021484375,29.154400983602766,40.57983111014391,18.60811653418334,2,4,19.53125,39.0625,39.0625,19.53125,2.0,0.001023990637799883,230730D-JC-52,25.0,0.5873680114746094,0.023494720458984375,0.0011365481409319695,2.6702880859375e-05,310
16,4.0,11,404,12,408,4.47213595499958,0.0,1.0,2.0,1.0,0.0003814697265625,381.4697265625,22.03865560733423,43.67320268554277,0.0,1,4,9.765625,39.0625,39.0625,9.765625,4.0,0.0005851375073142189,230730D-JC-52,25.0,0.5873680114746094,0.023494720458984375,0.000649456080532554,1.52587890625e-05,467
19,83.0,12,125,28,132,16.28301639968187,7.05067203490794,0.9013902053179673,41.14213562373095,0.8736842105263158,0.007915496826171875,7915.496826171875,100.39085404212729,159.01383202814327,68.85421909089786,16,7,156.25,68.359375,156.25,68.359375,2.2857142857142856,0.012141603276770042,230730D-JC-52,25.0,0.5873680114746094,0.023494720458984375,0.013476213671050495,0.000316619873046875,2
20,5.0,12,465,14,468,3.098386676965933,1.7888543819998317,0.816496580927726,5.207106781186548,1.0,0.000476837158203125,476.837158203125,24.639966035353126,30.257682392245442,17.469281074217108,2,3,19.53125,29.296875,29.296875,19.53125,1.5,0.0007314218841427735,230730D-JC-52,25.0,0.5873680114746094,0.023494720458984375,0.0008118201006656925,1.9073486328125e-05,408
25,16.0,15,438,23,442,9.354509538737588,3.151293589887726,0.9415496401829716,16.071067811865476,0.64,0.00152587890625,1525.87890625,44.07731121466846,91.35263221423426,30.774351463747326,8,4,78.125,39.0625,78.125,39.0625,2.0,0.0023405500292568754,230730D-JC-52,25.0,0.5873680114746094,0.023494720458984375,0.002597824322130216,6.103515625e-05,100
26,89.0,15,490,30,504,18.47277355142298,6.6800500240667136,0.932327134870976,44.45584412271571,0.8240740740740741,0.008487701416015625,8487.701416015625,103.9561305877423,180.39817921311501,65.2348635162765,15,14,146.484375,136.71875,146.484375,136.71875,1.0714285714285714,0.013019309537741369,230730D-JC-52,25.0,0.5873680114746094,0.023494720458984375,0.014450397791849326,0.000339508056640625,1
28,6.0,18,300,21,303,3.8297084310253524,1.8856180831641265,0.8703882797784892,6.207106781186548,0.8571428571428571,0.00057220458984375,572.20458984375,26.991730427448083,37.399496396731955,18.414239093399672,3,3,29.296875,29.296875,29.296875,29.296875,1.0,0.0008777062609713282,230730D-JC-52,25.0,0.5873680114746094,0.023494720458984375,0.000974184120798831,2.288818359375e-05,355
29,9.0,19,253,22,258,5.5871156201977,2.2649101657435664,0.9141478522888816,7.207106781186548,0.8181818181818182,0.000858306884765625,858.306884765625,33.057983411001345,54.56167597849316,22.118263337339517,3,5,29.296875,48.828125,48.828125,29.296875,1.6666666666666667,0.0013165593914569924,230730D-JC-52,25.0,0.5873680114746094,0.023494720458984375,0.0014612761811982464,3.4332275390625e-05,236
31,12.0,20,142,25,145,4.894994431930091,2.9693109114997,0.7950060587397373,10.242640687119284,1.0,0.0011444091796875,1144.4091796875,38.17207124241562,47.8026799993173,28.997176870114256,5,3,48.828125,29.296875,48.828125,29.296875,1.6666666666666667,0.0017554125219426564,230730D-JC-52,25.0,0.5873680114746094,0.023494720458984375,0.001948368241597662,4.57763671875e-05,167
32,4.0,24,270,26,272,2.0,2.0,0.0,4.0,1.0,0.0003814697265625,381.4697265625,22.03865560733423,19.53125,19.53125,2,2,19.53125,19.53125,19.53125,19.53125,1.0,0.0005851375073142189,230730D-JC-52,25.0,0.5873680114746094,0.023494720458984375,0.000649456080532554,1.52587890625e-05,468
34,35.0,25,154,34,161,9.440525796526112,5.111625727993414,0.8407293345054213,23.31370849898476,0.8536585365853658,0.003337860107421875,3337.860107421875,65.19122244262252,92.19263473170031,49.91821999993569,9,7,87.890625,68.359375,87.890625,68.359375,1.2857142857142858,0.005119953188999415,230730D-JC-52,25.0,0.5873680114746094,0.023494720458984375,0.005682740704659847,0.000133514404296875,13
35,12.0,25,448,28,455,7.183185154290365,2.2758797896550416,0.9484808883208788,10.207106781186548,0.8571428571428571,0.0011444091796875,1144.4091796875,38.17207124241562,70.14829252236684,22.225388570850015,3,7,29.296875,68.359375,68.359375,29.296875,2.3333333333333335,0.0017554125219426564,230730D-JC-52,25.0,0.5873680114746094,0.023494720458984375,0.001948368241597662,4.57763671875e-05,168
36,23.0,26,240,32,248,9.275615160011812,3.5445870872162257,0.9241042858844442,18.485281374238568,0.8214285714285714,0.002193450927734375,2193.450927734375,52.84683964654307,90.58217929699035,34.61510827359596,6,8,58.59375,78.125,78.125,58.59375,1.3333333333333333,0.0033645406670567584,230730D-JC-52,25.0,0.5873680114746094,0.023494720458984375,0.0037343724630621855,8.7738037109375e-05,37
37,5.0,28,173,31,175,3.098386676965933,1.7888543819998317,0.816496580927726,5.207106781186548,1.0,0.000476837158203125,476.837158203125,24.639966035353126,30.257682392245442,17.469281074217108,3,2,29.296875,19.53125,29.296875,19.53125,1.5,0.0007314218841427735,230730D-JC-52,25.0,0.5873680114746094,0.023494720458984375,0.0008118201006656925,1.9073486328125e-05,409
39,16.0,30,468,35,472,5.839824517576797,3.5030628889457485,0.8001068098033685,12.82842712474619,0.9411764705882353,0.00152587890625,1525.87890625,44.07731121466846,57.029536304460905,34.20959852486082,5,4,48.828125,39.0625,48.828125,39.0625,1.25,0.0023405500292568754,230730D-JC-52,25.0,0.5873680114746094,0.023494720458984375,0.002597824322130216,6.103515625e-05,101
40,4.0,31,403,33,406,3.4641016151377544,1.4142135623730951,0.9128709291752769,3.2071067811865475,0.8,0.0003814697265625,381.4697265625,22.03865560733423,33.829117335329634,13.810679320049758,2,3,19.53125,29.296875,29.296875,19.53125,1.5,0.0005851375073142189,230730D-JC-52,25.0,0.5873680114746094,0.023494720458984375,0.000649456080532554,1.52587890625e-05,469
41,7.0,32,262,36,266,5.12776684506934,1.9356713329329027,0.926014405923947,7.621320343559642,0.875,0.000667572021484375,667.572021484375,29.154400983602766,50.07584809638028,18.90304036067288,4,4,39.0625,39.0625,39.0625,39.0625,1.0,0.001023990637799883,230730D-JC-52,25.0,0.5873680114746094,0.023494720458984375,0.0011365481409319695,2.6702880859375e-05,311
42,20.0,33,106,40,114,10.175165738855723,3.7290752455289353,0.9304228126952209,17.863961030678926,0.7142857142857143,0.0019073486328125,1907.3486328125,49.27993207070625,99.36685291851292,36.41675044461851,7,8,68.359375,78.125,78.125,68.359375,1.1428571428571428,0.002925687536571094,230730D-JC-52,25.0,0.5873680114746094,0.023494720458984375,0.00324728040266277,7.62939453125e-05,57
43,10.0,33,398,36,403,5.444424563872507,2.253495322449476,0.9103183467504207,8.82842712474619,0.9090909090909091,0.00095367431640625,953.67431640625,34.84617414360881,53.168208631567445,22.006790258295663,3,5,29.296875,48.828125,48.828125,29.296875,1.6666666666666667,0.001462843768285547,230730D-JC-52,25.0,0.5873680114746094,0.023494720458984375,0.001623640201331385,3.814697265625e-05,211
44,30.0,34,0,43,6,10.679637308373676,4.064864664336421,0.9247322649955573,22.31370849898476,0.7894736842105263,0.00286102294921875,2861.02294921875,60.35534406612337,104.29333308958668,39.69594398766036,9,6,87.890625,58.59375,87.890625,58.59375,1.5,0.004388531304856641,230730D-JC-52,25.0,0.5873680114746094,0.023494720458984375,0.004870920603994155,0.00011444091796875,21
46,5.0,35,367,37,370,3.098386676965933,1.7888543819998317,0.816496580927726,5.207106781186548,1.0,0.000476837158203125,476.837158203125,24.639966035353126,30.257682392245442,17.469281074217108,2,3,19.53125,29.296875,29.296875,19.53125,1.5,0.0007314218841427735,230730D-JC-52,25.0,0.5873680114746094,0.023494720458984375,0.0008118201006656925,1.9073486328125e-05,410
47,8.0,35,388,39,391,3.9722133299273006,2.6403638502198645,0.747102836415358,8.242640687119284,1.0,0.000762939453125,762.939453125,31.167365656361927,38.7911458000713,25.784803224803365,4,3,39.0625,29.296875,39.0625,29.296875,1.3333333333333333,0.0011702750146284377,230730D-JC-52,25.0,0.5873680114746094,0.023494720458984375,0.001298912161065108,3.0517578125e-05,273
48,9.0,35,413,37,419,6.052283110938236,1.695889732428958,0.9599397146648136,8.207106781186548,0.9,0.000858306884765625,858.306884765625,33.057983411001345,59.10432725525621,16.561423168251544,2,6,19.53125,58.59375,58.59375,19.53125,3.0,0.0013165593914569924,230730D-JC-52,25.0,0.5873680114746094,0.023494720458984375,0.0014612761811982464,3.4332275390625e-05,237
50,9.0,36,430,40,434,4.132908103676026,2.864091692640616,0.7209407525088534,7.8639610306789285,0.9,0.000858306884765625,858.306884765625,33.057983411001345,40.360430699961185,27.969645435943516,4,4,39.0625,39.0625,39.0625,39.0625,1.0,0.0013165593914569924,230730D-JC-52,25.0,0.5873680114746094,0.023494720458984375,0.0014612761811982464,3.4332275390625e-05,238
51,12.0,37,455,41,460,4.677050521728649,3.622871570618778,0.632444058449132,10.82842712474619,0.9230769230769231,0.0011444091796875,1144.4091796875,38.17207124241562,45.67432150125634,35.379605181824004,4,5,39.0625,48.828125,48.828125,39.0625,1.25,0.0017554125219426564,230730D-JC-52,25.0,0.5873680114746094,0.023494720458984375,0.001948368241597662,4.57763671875e-05,169
52,11.0,38,231,43,234,5.0559593483889005,2.688989307749465,0.8468413944019118,9.035533905932738,0.9166666666666666,0.001049041748046875,1049.041748046875,36.54697576669487,49.374603011610354,26.25966120849087,5,3,48.828125,29.296875,48.828125,29.296875,1.6666666666666667,0.0016091281451141018,230730D-JC-52,25.0,0.5873680114746094,0.023494720458984375,0.0017860042214645235,4.1961669921875e-05,184
53,18.0,38,245,46,255,13.81910222684096,2.0596820597677423,0.9888302618064343,18.414213562373096,0.72,0.00171661376953125,1716.61376953125,46.75104848454289,134.95217018399376,20.114082614919358,8,10,78.125,97.65625,97.65625,78.125,1.25,0.0026331187829139848,230730D-JC-52,25.0,0.5873680114746094,0.023494720458984375,0.0029225523623964927,6.866455078125e-05,78
54,4.0,38,441,40,444,2.8284271247461903,1.7320508075688772,0.7905694150420949,4.621320343559642,1.0,0.0003814697265625,381.4697265625,22.03865560733423,27.621358640099515,16.914558667664817,2,3,19.53125,29.296875,29.296875,19.53125,1.5,0.0005851375073142189,230730D-JC-52,25.0,0.5873680114746094,0.023494720458984375,0.000649456080532554,1.52587890625e-05,470
58,9.0,41,125,44,129,3.885753375057407,2.7954428906961324,0.6945875203623408,8.242640687119284,1.0,0.000858306884765625,858.306884765625,33.057983411001345,37.94681030329499,27.299246979454416,3,4,29.296875,39.0625,39.0625,29.296875,1.3333333333333333,0.0013165593914569924,230730D-JC-52,25.0,0.5873680114746094,0.023494720458984375,0.0014612761811982464,3.4332275390625e-05,239
59,20.0,42,25,47,34,10.762143952378878,2.824226893908263,0.9649531183500657,17.242640687119284,0.7407407407407407,0.0019073486328125,1907.3486328125,49.27993207070625,105.09906203494998,27.580340760822878,5,9,48.828125,87.890625,87.890625,48.828125,1.8,0.002925687536571094,230730D-JC-52,25.0,0.5873680114746094,0.023494720458984375,0.00324728040266277,7.62939453125e-05,58
60,12.0,42,115,49,118,7.155700365518873,2.0860268057886073,0.9565648598847868,10.035533905932738,0.8571428571428571,0.0011444091796875,1144.4091796875,38.17207124241562,69.87988638202025,20.37135552527937,7,3,68.359375,29.296875,68.359375,29.296875,2.3333333333333335,0.0017554125219426564,230730D-JC-52,25.0,0.5873680114746094,0.023494720458984375,0.001948368241597662,4.57763671875e-05,170
61,5.0,45,284,48,286,3.098386676965933,1.7888543819998317,0.816496580927726,5.207106781186548,1.0,0.000476837158203125,476.837158203125,24.639966035353126,30.257682392245442,17.469281074217108,3,2,29.296875,19.53125,29.296875,19.53125,1.5,0.0007314218841427735,230730D-JC-52,25.0,0.5873680114746094,0.023494720458984375,0.0008118201006656925,1.9073486328125e-05,411
62,6.0,45,422,48,425,3.1269438398822857,2.309401076758503,0.674199862463242,6.242640687119286,1.0,0.00057220458984375,572.20458984375,26.991730427448083,30.536560936350448,22.552744890219756,3,3,29.296875,29.296875,29.296875,29.296875,1.0,0.0008777062609713282,230730D-JC-52,25.0,0.5873680114746094,0.023494720458984375,0.000974184120798831,2.288818359375e-05,356
63,4.0,46,146,48,149,3.4641016151377544,1.4142135623730951,0.9128709291752769,3.2071067811865475,0.8,0.0003814697265625,381.4697265625,22.03865560733423,33.829117335329634,13.810679320049758,2,3,19.53125,29.296875,29.296875,19.53125,1.5,0.0005851375073142189,230730D-JC-52,25.0,0.5873680114746094,0.023494720458984375,0.000649456080532554,1.52587890625e-05,471
65,5.0,47,137,50,139,3.098386676965933,1.7888543819998317,0.816496580927726,5.207106781186548,1.0,0.000476837158203125,476.837158203125,24.639966035353126,30.257682392245442,17.469281074217108,3,2,29.296875,19.53125,29.296875,19.53125,1.5,0.0007314218841427735,230730D-JC-52,25.0,0.5873680114746094,0.023494720458984375,0.0008118201006656925,1.9073486328125e-05,412
66,4.0,47,409,49,412,3.23606797749979,1.2360679774997898,0.9241763718304448,4.414213562373095,1.0,0.0003814697265625,381.4697265625,22.03865560733423,31.602226342771385,12.070976342771385,2,3,19.53125,29.296875,29.296875,19.53125,1.5,0.0005851375073142189,230730D-JC-52,25.0,0.5873680114746094,0.023494720458984375,0.000649456080532554,1.52587890625e-05,472
68,4.0,49,15,51,17,2.0,2.0,0.0,4.0,1.0,0.0003814697265625,381.4697265625,22.03865560733423,19.53125,19.53125,2,2,19.53125,19.53125,19.53125,19.53125,1.0,0.0005851375073142189,230730D-JC-52,25.0,0.5873680114746094,0.023494720458984375,0.000649456080532554,1.52587890625e-05,473
69,12.0,49,167,54,170,5.538360115115315,2.9615893840545024,0.8450158811257134,11.035533905932738,0.8571428571428571,0.0011444091796875,1144.4091796875,38.17207124241562,54.085547999172995,28.92177132865725,5,3,48.828125,29.296875,48.828125,29.296875,1.6666666666666667,0.0017554125219426564,230730D-JC-52,25.0,0.5873680114746094,0.023494720458984375,0.001948368241597662,4.57763671875e-05,171
73,7.0,52,341,56,343,4.155374705678736,1.9054711331003737,0.8886656215775005,7.207106781186548,1.0,0.000667572021484375,667.572021484375,29.154400983602766,40.57983111014391,18.60811653418334,4,2,39.0625,19.53125,39.0625,19.53125,2.0,0.001023990637799883,230730D-JC-52,25.0,0.5873680114746094,0.023494720458984375,0.0011365481409319695,2.6702880859375e-05,312
77,18.0,55,190,61,195,6.076924020756113,4.930067174713942,0.5846623243653053,18.449747468305834,0.8181818181818182,0.00171661376953125,1716.61376953125,46.75104848454289,59.34496114019642,48.14518725306584,6,5,58.59375,48.828125,58.59375,48.828125,1.2,0.0026331187829139848,230730D-JC-52,25.0,0.5873680114746094,0.023494720458984375,0.0029225523623964927,6.866455078125e-05,79
78,6.0,55,434,57,437,3.265986323710904,2.0,0.7905694150420949,6.0,1.0,0.00057220458984375,572.20458984375,26.991730427448083,31.8943976924893,19.53125,2,3,19.53125,29.296875,29.296875,19.53125,1.5,0.0008777062609713282,230730D-JC-52,25.0,0.5873680114746094,0.023494720458984375,0.000974184120798831,2.288818359375e-05,357
79,9.0,56,123,60,127,4.618802153517006,2.666666666666666,0.816496580927726,8.035533905932738,0.8181818181818182,0.000858306884765625,858.306884765625,33.057983411001345,45.10548978043951,26.04166666666666,4,4,39.0625,39.0625,39.0625,39.0625,1.0,0.0013165593914569924,230730D-JC-52,25.0,0.5873680114746094,0.023494720458984375,0.0014612761811982464,3.4332275390625e-05,240
80,13.0,56,159,60,163,4.318667337728677,3.6794648440311994,0.523556754446835,10.242640687119284,1.0,0.001239776611328125,1239.776611328125,39.73075141726777,42.17448572000661,35.932273867492185,4,4,39.0625,39.0625,39.0625,39.0625,1.0,0.0019016968987712111,230730D-JC-52,25.0,0.5873680114746094,0.023494720458984375,0.0021107322617308004,4.9591064453125e-05,148
81,17.0,56,448,62,451,6.585670706008097,3.1796084995103278,0.8757267355038014,13.414213562373096,1.0,0.001621246337890625,1621.246337890625,45.43385245782498,64.31319048836032,31.050864253030543,6,3,58.59375,29.296875,58.59375,29.296875,2.0,0.00248683440608543,230730D-JC-52,25.0,0.5873680114746094,0.023494720458984375,0.0027601883422633546,6.4849853515625e-05,87
84,4.0,59,106,62,108,3.4641016151377544,1.4142135623730951,0.9128709291752769,3.2071067811865475,0.8,0.0003814697265625,381.4697265625,22.03865560733423,33.829117335329634,13.810679320049758,3,2,29.296875,19.53125,29.296875,19.53125,1.5,0.0005851375073142189,230730D-JC-52,25.0,0.5873680114746094,0.023494720458984375,0.000649456080532554,1.52587890625e-05,474
85,5.0,59,258,61,261,3.098386676965933,1.7888543819998317,0.816496580927726,5.207106781186548,1.0,0.000476837158203125,476.837158203125,24.639966035353126,30.257682392245442,17.469281074217108,2,3,19.53125,29.296875,29.296875,19.53125,1.5,0.0007314218841427735,230730D-JC-52,25.0,0.5873680114746094,0.023494720458984375,0.0008118201006656925,1.9073486328125e-05,413
86,4.0,61,27,62,31,4.47213595499958,0.0,1.0,2.0,1.0,0.0003814697265625,381.4697265625,22.03865560733423,43.67320268554277,0.0,1,4,9.765625,39.0625,39.0625,9.765625,4.0,0.0005851375073142189,230730D-JC-52,25.0,0.5873680114746094,0.023494720458984375,0.000649456080532554,1.52587890625e-05,475
87,18.0,62,378,70,382,8.008667903150004,3.0967133349380793,0.9222180573585599,14.449747468305832,0.8181818181818182,0.00171661376953125,1716.61376953125,46.75104848454289,78.20964749169926,30.241341161504682,8,4,78.125,39.0625,78.125,39.0625,2.0,0.0026331187829139848,230730D-JC-52,25.0,0.5873680114746094,0.023494720458984375,0.0029225523623964927,6.866455078125e-05,80
90,5.0,64,481,66,484,3.098386676965933,1.7888543819998317,0.816496580927726,5.207106781186548,1.0,0.000476837158203125,476.837158203125,24.639966035353126,30.257682392245442,17.469281074217108,2,3,19.53125,29.296875,29.296875,19.53125,1.5,0.0007314218841427735,230730D-JC-52,25.0,0.5873680114746094,0.023494720458984375,0.0008118201006656925,1.9073486328125e-05,414
91,14.0,67,119,72,128,10.382693956437933,2.0090796153524497,0.9810997369555624,13.449747468305834,0.7,0.00133514404296875,1335.14404296875,41.23054927387454,101.39349566833918,19.619918118676267,5,9,48.828125,87.890625,87.890625,48.828125,1.8,0.002047981275599766,230730D-JC-52,25.0,0.5873680114746094,0.023494720458984375,0.002273096281863939,5.340576171875e-05,128
92,14.0,67,141,71,145,4.780914437337574,3.5456210417116734,0.6708203932499369,10.82842712474619,1.0,0.00133514404296875,1335.14404296875,41.23054927387454,46.68861755212475,34.62520548546556,4,4,39.0625,39.0625,39.0625,39.0625,1.0,0.002047981275599766,230730D-JC-52,25.0,0.5873680114746094,0.023494720458984375,0.002273096281863939,5.340576171875e-05,129
96,4.0,69,407,71,410,2.8284271247461903,1.7320508075688772,0.7905694150420949,4.621320343559642,1.0,0.0003814697265625,381.4697265625,22.03865560733423,27.621358640099515,16.914558667664817,2,3,19.53125,29.296875,29.296875,19.53125,1.5,0.0005851375073142189,230730D-JC-52,25.0,0.5873680114746094,0.023494720458984375,0.000649456080532554,1.52587890625e-05,476
98,6.0,70,399,72,402,3.265986323710904,2.0,0.7905694150420949,6.0,1.0,0.00057220458984375,572.20458984375,26.991730427448083,31.8943976924893,19.53125,2,3,19.53125,29.296875,29.296875,19.53125,1.5,0.0008777062609713282,230730D-JC-52,25.0,0.5873680114746094,0.023494720458984375,0.000974184120798831,2.288818359375e-05,358
99,6.0,71,488,74,491,3.8297084310253524,1.8856180831641265,0.8703882797784892,6.207106781186548,0.8571428571428571,0.00057220458984375,572.20458984375,26.991730427448083,37.399496396731955,18.414239093399672,3,3,29.296875,29.296875,29.296875,29.296875,1.0,0.0008777062609713282,230730D-JC-52,25.0,0.5873680114746094,0.023494720458984375,0.000974184120798831,2.288818359375e-05,359
100,4.0,72,36,74,38,2.0,2.0,0.0,4.0,1.0,0.0003814697265625,381.4697265625,22.03865560733423,19.53125,19.53125,2,2,19.53125,19.53125,19.53125,19.53125,1.0,0.0005851375073142189,230730D-JC-52,25.0,0.5873680114746094,0.023494720458984375,0.000649456080532554,1.52587890625e-05,477
101,9.0,72,44,75,48,3.885753375057407,2.7954428906961324,0.6945875203623408,8.242640687119284,1.0,0.000858306884765625,858.306884765625,33.057983411001345,37.94681030329499,27.299246979454416,3,4,29.296875,39.0625,39.0625,29.296875,1.3333333333333333,0.0013165593914569924,230730D-JC-52,25.0,0.5873680114746094,0.023494720458984375,0.0014612761811982464,3.4332275390625e-05,241
102,12.0,73,150,77,154,3.8297084310253524,3.8297084310253524,0.0,9.65685424949238,1.0,0.0011444091796875,1144.4091796875,38.17207124241562,37.399496396731955,37.399496396731955,4,4,39.0625,39.0625,39.0625,39.0625,1.0,0.0017554125219426564,230730D-JC-52,25.0,0.5873680114746094,0.023494720458984375,0.001948368241597662,4.57763671875e-05,172
105,4.0,75,459,78,461,3.23606797749979,1.2360679774997898,0.9241763718304448,4.414213562373095,1.0,0.0003814697265625,381.4697265625,22.03865560733423,31.602226342771385,12.070976342771385,3,2,29.296875,19.53125,29.296875,19.53125,1.5,0.0005851375073142189,230730D-JC-52,25.0,0.5873680114746094,0.023494720458984375,0.000649456080532554,1.52587890625e-05,478
106,6.0,78,225,81,228,3.1269438398822857,2.309401076758503,0.674199862463242,6.242640687119286,1.0,0.00057220458984375,572.20458984375,26.991730427448083,30.536560936350448,22.552744890219756,3,3,29.296875,29.296875,29.296875,29.296875,1.0,0.0008777062609713282,230730D-JC-52,25.0,0.5873680114746094,0.023494720458984375,0.000974184120798831,2.288818359375e-05,360
108,10.0,78,365,82,369,4.0,3.149603149604724,0.6164414002968978,9.071067811865476,1.0,0.00095367431640625,953.67431640625,34.84617414360881,39.0625,30.757843257858635,4,4,39.0625,39.0625,39.0625,39.0625,1.0,0.001462843768285547,230730D-JC-52,25.0,0.5873680114746094,0.023494720458984375,0.001623640201331385,3.814697265625e-05,212
113,5.0,79,333,83,335,4.093338188813542,1.563516060678838,0.9241763718304448,4.414213562373095,0.8333333333333334,0.000476837158203125,476.837158203125,24.639966035353126,39.97400575013224,15.268711530066778,4,2,39.0625,19.53125,39.0625,19.53125,2.0,0.0007314218841427735,230730D-JC-52,25.0,0.5873680114746094,0.023494720458984375,0.0008118201006656925,1.9073486328125e-05,415
116,10.0,80,500,85,504,5.462574863070601,2.57687327304802,0.8817417936572084,6.035533905932738,0.8333333333333334,0.00095367431640625,953.67431640625,34.84617414360881,53.34545764717384,25.164778057109572,5,4,48.828125,39.0625,48.828125,39.0625,1.25,0.001462843768285547,230730D-JC-52,25.0,0.5873680114746094,0.023494720458984375,0.001623640201331385,3.814697265625e-05,213
117,5.0,81,118,84,120,3.098386676965933,1.7888543819998317,0.816496580927726,5.207106781186548,1.0,0.000476837158203125,476.837158203125,24.639966035353126,30.257682392245442,17.469281074217108,3,2,29.296875,19.53125,29.296875,19.53125,1.5,0.0007314218841427735,230730D-JC-52,25.0,0.5873680114746094,0.023494720458984375,0.0008118201006656925,1.9073486328125e-05,416
118,15.0,82,2,86,7,5.148879227269528,3.609268690575713,0.7131795312507127,11.65685424949238,1.0,0.001430511474609375,1430.511474609375,42.67767307000309,50.28202370380398,35.24676455640345,4,5,39.0625,48.828125,48.828125,39.0625,1.25,0.0021942656524283205,230730D-JC-52,25.0,0.5873680114746094,0.023494720458984375,0.0024354603019970775,5.7220458984375e-05,116
119,4.0,82,316,84,318,2.0,2.0,0.0,4.0,1.0,0.0003814697265625,381.4697265625,22.03865560733423,19.53125,19.53125,2,2,19.53125,19.53125,19.53125,19.53125,1.0,0.0005851375073142189,230730D-JC-52,25.0,0.5873680114746094,0.023494720458984375,0.000649456080532554,1.52587890625e-05,479
120,15.0,82,420,87,424,4.618802153517007,4.061745656460751,0.47609522856952347,11.65685424949238,0.9375,0.001430511474609375,1430.511474609375,42.67767307000309,45.10548978043952,39.66548492637452,5,4,48.828125,39.0625,48.828125,39.0625,1.25,0.0021942656524283205,230730D-JC-52,25.0,0.5873680114746094,0.023494720458984375,0.0024354603019970775,5.7220458984375e-05,117
122,14.0,83,466,92,469,9.796190834229629,2.107797050159598,0.9765777174296475,14.621320343559644,0.7,0.00133514404296875,1335.14404296875,41.23054927387454,95.66592611552372,20.583955567964825,9,3,87.890625,29.296875,87.890625,29.296875,3.0,0.002047981275599766,230730D-JC-52,25.0,0.5873680114746094,0.023494720458984375,0.002273096281863939,5.340576171875e-05,130
123,13.0,84,176,88,181,5.376796813410203,2.9933056162892875,0.830708276629804,11.071067811865476,1.0,0.001239776611328125,1239.776611328125,39.73075141726777,52.50778138095901,29.231500159075072,4,5,39.0625,48.828125,48.828125,39.0625,1.25,0.0019016968987712111,230730D-JC-52,25.0,0.5873680114746094,0.023494720458984375,0.0021107322617308004,4.9591064453125e-05,149
124,5.0,84,303,87,305,3.098386676965933,1.7888543819998317,0.816496580927726,5.207106781186548,1.0,0.000476837158203125,476.837158203125,24.639966035353126,30.257682392245442,17.469281074217108,3,2,29.296875,19.53125,29.296875,19.53125,1.5,0.0007314218841427735,230730D-JC-52,25.0,0.5873680114746094,0.023494720458984375,0.0008118201006656925,1.9073486328125e-05,417
125,4.0,85,62,87,64,2.0,2.0,0.0,4.0,1.0,0.0003814697265625,381.4697265625,22.03865560733423,19.53125,19.53125,2,2,19.53125,19.53125,19.53125,19.53125,1.0,0.0005851375073142189,230730D-JC-52,25.0,0.5873680114746094,0.023494720458984375,0.000649456080532554,1.52587890625e-05,480
126,15.0,86,70,91,77,8.357507527199187,2.4695616209108064,0.9553457688996108,14.035533905932738,0.7894736842105263,0.001430511474609375,1430.511474609375,42.67767307000309,81.61628444530456,24.116812704207096,5,7,48.828125,68.359375,68.359375,48.828125,1.4,0.0021942656524283205,230730D-JC-52,25.0,0.5873680114746094,0.023494720458984375,0.0024354603019970775,5.7220458984375e-05,118
127,11.0,86,193,89,198,5.0559593483889005,2.688989307749465,0.8468413944019118,9.035533905932738,0.9166666666666666,0.001049041748046875,1049.041748046875,36.54697576669487,49.374603011610354,26.25966120849087,3,5,29.296875,48.828125,48.828125,29.296875,1.6666666666666667,0.0016091281451141018,230730D-JC-52,25.0,0.5873680114746094,0.023494720458984375,0.0017860042214645235,4.1961669921875e-05,185
128,6.0,86,350,89,353,3.0550504633038935,2.6666666666666665,0.487950036474267,6.414213562373095,0.8571428571428571,0.00057220458984375,572.20458984375,26.991730427448083,29.834477180702084,26.041666666666664,3,3,29.296875,29.296875,29.296875,29.296875,1.0,0.0008777062609713282,230730D-JC-52,25.0,0.5873680114746094,0.023494720458984375,0.000974184120798831,2.288818359375e-05,361
131,14.0,87,256,90,262,5.957108448150149,2.8895663395837934,0.8744798188760206,11.82842712474619,0.9333333333333333,0.00133514404296875,1335.14404296875,41.23054927387454,58.174887188966295,28.218421284997984,3,6,29.296875,58.59375,58.59375,29.296875,2.0,0.002047981275599766,230730D-JC-52,25.0,0.5873680114746094,0.023494720458984375,0.002273096281863939,5.340576171875e-05,131
132,10.0,87,472,90,476,3.919183588453085,3.0983866769659336,0.6123724356957945,8.82842712474619,1.0,0.00095367431640625,953.67431640625,34.84617414360881,38.273277230987155,30.257682392245446,3,4,29.296875,39.0625,39.0625,29.296875,1.3333333333333333,0.001462843768285547,230730D-JC-52,25.0,0.5873680114746094,0.023494720458984375,0.001623640201331385,3.814697265625e-05,214
134,9.0,88,481,91,487,6.253887679764573,1.8856180831641263,0.9534625892455924,8.414213562373096,0.75,0.000858306884765625,858.306884765625,33.057983411001345,61.07312187270091,18.414239093399672,3,6,29.296875,58.59375,58.59375,29.296875,2.0,0.0013165593914569924,230730D-JC-52,25.0,0.5873680114746094,0.023494720458984375,0.0014612761811982464,3.4332275390625e-05,242
135,4.0,89,144,91,146,2.0,2.0,0.0,4.0,1.0,0.0003814697265625,381.4697265625,22.03865560733423,19.53125,19.53125,2,2,19.53125,19.53125,19.53125,19.53125,1.0,0.0005851375073142189,230730D-JC-52,25.0,0.5873680114746094,0.023494720458984375,0.000649456080532554,1.52587890625e-05,481
136,5.0,89,490,92,493,4.0,1.3856406460551023,0.9380831519646858,5.414213562373095,1.0,0.000476837158203125,476.837158203125,24.639966035353126,39.0625,13.531646934131858,3,3,29.296875,29.296875,29.296875,29.296875,1.0,0.0007314218841427735,230730D-JC-52,25.0,0.5873680114746094,0.023494720458984375,0.0008118201006656925,1.9073486328125e-05,418
137,11.0,90,165,94,169,4.558005939706657,3.389549330444415,0.6685720032468545,9.207106781186548,0.9166666666666666,0.001049041748046875,1049.041748046875,36.54697576669487,44.511776754947824,33.10106768012124,4,4,39.0625,39.0625,39.0625,39.0625,1.0,0.0016091281451141018,230730D-JC-52,25.0,0.5873680114746094,0.023494720458984375,0.0017860042214645235,4.1961669921875e-05,186
138,5.0,90,231,92,234,3.098386676965933,1.7888543819998317,0.816496580927726,5.207106781186548,1.0,0.000476837158203125,476.837158203125,24.639966035353126,30.257682392245442,17.469281074217108,2,3,19.53125,29.296875,29.296875,19.53125,1.5,0.0007314218841427735,230730D-JC-52,25.0,0.5873680114746094,0.023494720458984375,0.0008118201006656925,1.9073486328125e-05,419
140,14.0,90,440,95,444,5.302790716312392,3.3507237120510713,0.7750667996966731,11.65685424949238,0.9333333333333333,0.00133514404296875,1335.14404296875,41.23054927387454,51.78506558898821,32.72191125049874,5,4,48.828125,39.0625,48.828125,39.0625,1.25,0.002047981275599766,230730D-JC-52,25.0,0.5873680114746094,0.023494720458984375,0.002273096281863939,5.340576171875e-05,132
142,9.0,91,155,94,158,3.265986323710904,3.265986323710904,0.0,8.0,1.0,0.000858306884765625,858.306884765625,33.057983411001345,31.8943976924893,31.8943976924893,3,3,29.296875,29.296875,29.296875,29.296875,1.0,0.0013165593914569924,230730D-JC-52,25.0,0.5873680114746094,0.023494720458984375,0.0014612761811982464,3.4332275390625e-05,243
143,6.0,91,502,95,504,3.8297084310253524,1.8856180831641272,0.8703882797784891,6.414213562373095,1.0,0.00057220458984375,572.20458984375,26.991730427448083,37.399496396731955,18.41423909339968,4,2,39.0625,19.53125,39.0625,19.53125,2.0,0.0008777062609713282,230730D-JC-52,25.0,0.5873680114746094,0.023494720458984375,0.000974184120798831,2.288818359375e-05,362
144,11.0,92,282,95,287,4.899296620841422,2.9199003820073255,0.8029966139691335,10.242640687119284,1.0,0.001049041748046875,1049.041748046875,36.54697576669487,47.84469356290452,28.51465216804029,3,5,29.296875,48.828125,48.828125,29.296875,1.6666666666666667,0.0016091281451141018,230730D-JC-52,25.0,0.5873680114746094,0.023494720458984375,0.0017860042214645235,4.1961669921875e-05,187
145,18.0,92,413,99,420,9.54326837217542,2.570027455556716,0.9630555970881852,12.071067811865476,0.8571428571428571,0.00171661376953125,1716.61376953125,46.75104848454289,93.19598019702559,25.097924370671056,7,7,68.359375,68.359375,68.359375,68.359375,1.0,0.0026331187829139848,230730D-JC-52,25.0,0.5873680114746094,0.023494720458984375,0.0029225523623964927,6.866455078125e-05,81
146,6.0,92,456,95,459,3.126943839882286,2.309401076758503,0.6741998624632421,6.242640687119286,1.0,0.00057220458984375,572.20458984375,26.991730427448083,30.53656093635045,22.552744890219756,3,3,29.296875,29.296875,29.296875,29.296875,1.0,0.0008777062609713282,230730D-JC-52,25.0,0.5873680114746094,0.023494720458984375,0.000974184120798831,2.288818359375e-05,363
148,50.0,93,133,108,147,23.344115886976013,4.200506333221523,0.9836778531075557,38.17766952966369,0.6172839506172839,0.00476837158203125,4768.37158203125,77.91841414090482,227.96988170875014,41.020569660366434,15,14,146.484375,136.71875,146.484375,136.71875,1.0714285714285714,0.007314218841427736,230730D-JC-52,25.0,0.5873680114746094,0.023494720458984375,0.008118201006656925,0.00019073486328125,8
149,4.0,93,183,95,185,2.0,2.0,0.0,4.0,1.0,0.0003814697265625,381.4697265625,22.03865560733423,19.53125,19.53125,2,2,19.53125,19.53125,19.53125,19.53125,1.0,0.0005851375073142189,230730D-JC-52,25.0,0.5873680114746094,0.023494720458984375,0.000649456080532554,1.52587890625e-05,482
150,20.0,93,216,97,222,6.290610357722031,3.973439483284008,0.775256865513561,14.242640687119284,0.9523809523809523,0.0019073486328125,1907.3486328125,49.27993207070625,61.43174177462921,38.80311995394539,4,6,39.0625,58.59375,58.59375,39.0625,1.5,0.002925687536571094,230730D-JC-52,25.0,0.5873680114746094,0.023494720458984375,0.00324728040266277,7.62939453125e-05,59
156,7.0,96,85,100,87,4.71459177171839,1.9735940326311012,0.9081642662569637,7.207106781186548,0.875,0.000667572021484375,667.572021484375,29.154400983602766,46.040935270687406,19.273379224913096,4,2,39.0625,19.53125,39.0625,19.53125,2.0,0.001023990637799883,230730D-JC-52,25.0,0.5873680114746094,0.023494720458984375,0.0011365481409319695,2.6702880859375e-05,313
159,22.0,96,392,103,398,8.525400839922808,3.555257313926836,0.9088975973321713,17.44974746830583,0.8148148148148148,0.00209808349609375,2098.08349609375,51.68522879298074,83.25586757737118,34.71930970631676,7,6,68.359375,58.59375,68.359375,58.59375,1.1666666666666667,0.0032182562902282035,230730D-JC-52,25.0,0.5873680114746094,0.023494720458984375,0.003572008442929047,8.392333984375e-05,44
160,6.0,96,403,98,407,3.8297084310253524,1.8856180831641272,0.8703882797784891,6.414213562373095,1.0,0.00057220458984375,572.20458984375,26.991730427448083,37.399496396731955,18.41423909339968,2,4,19.53125,39.0625,39.0625,19.53125,2.0,0.0008777062609713282,230730D-JC-52,25.0,0.5873680114746094,0.023494720458984375,0.000974184120798831,2.288818359375e-05,364
163,4.0,98,35,101,37,2.8284271247461903,1.7320508075688772,0.7905694150420949,4.621320343559642,1.0,0.0003814697265625,381.4697265625,22.03865560733423,27.621358640099515,16.914558667664817,3,2,29.296875,19.53125,29.296875,19.53125,1.5,0.0005851375073142189,230730D-JC-52,25.0,0.5873680114746094,0.023494720458984375,0.000649456080532554,1.52587890625e-05,483
165,5.0,99,191,102,194,3.335641688875783,2.0575457524521585,0.787091262435293,5.621320343559642,0.8333333333333334,0.000476837158203125,476.837158203125,24.639966035353126,32.574625867927566,20.09322023879061,3,3,29.296875,29.296875,29.296875,29.296875,1.0,0.0007314218841427735,230730D-JC-52,25.0,0.5873680114746094,0.023494720458984375,0.0008118201006656925,1.9073486328125e-05,420
166,6.0,99,249,101,253,3.9999999999999996,1.632993161855452,0.9128709291752768,6.414213562373095,1.0,0.00057220458984375,572.20458984375,26.991730427448083,39.06249999999999,15.94719884624465,2,4,19.53125,39.0625,39.0625,19.53125,2.0,0.0008777062609713282,230730D-JC-52,25.0,0.5873680114746094,0.023494720458984375,0.000974184120798831,2.288818359375e-05,365
167,15.0,99,265,109,269,11.24667902490505,2.0872602509522467,0.9826274532821173,14.449747468305834,0.7142857142857143,0.001430511474609375,1430.511474609375,42.67767307000309,109.83084985258839,20.383400888205532,10,4,97.65625,39.0625,97.65625,39.0625,2.5,0.0021942656524283205,230730D-JC-52,25.0,0.5873680114746094,0.023494720458984375,0.0024354603019970775,5.7220458984375e-05,119
170,4.0,99,499,101,502,3.23606797749979,1.2360679774997898,0.9241763718304448,4.414213562373095,1.0,0.0003814697265625,381.4697265625,22.03865560733423,31.602226342771385,12.070976342771385,2,3,19.53125,29.296875,29.296875,19.53125,1.5,0.0005851375073142189,230730D-JC-52,25.0,0.5873680114746094,0.023494720458984375,0.000649456080532554,1.52587890625e-05,484
173,4.0,101,179,103,181,2.0,2.0,0.0,4.0,1.0,0.0003814697265625,381.4697265625,22.03865560733423,19.53125,19.53125,2,2,19.53125,19.53125,19.53125,19.53125,1.0,0.0005851375073142189,230730D-JC-52,25.0,0.5873680114746094,0.023494720458984375,0.000649456080532554,1.52587890625e-05,485
174,26.0,101,323,106,342,20.318222000141606,3.4191467959321526,0.9857392663728354,22.82842712474619,0.49056603773584906,0.00247955322265625,2479.55322265625,56.18776749757414,198.4201367201329,33.39010542902493,5,19,48.828125,185.546875,185.546875,48.828125,3.8,0.0038033937975424223,230730D-JC-52,25.0,0.5873680114746094,0.023494720458984375,0.004221464523461601,9.918212890625e-05,26
175,12.0,101,479,103,487,8.150049730330068,1.8315204533186535,0.9744222109925538,11.207106781186548,0.9230769230769231,0.0011444091796875,1144.4091796875,38.17207124241562,79.59032939775457,17.885941926939974,2,8,19.53125,78.125,78.125,19.53125,4.0,0.0017554125219426564,230730D-JC-52,25.0,0.5873680114746094,0.023494720458984375,0.001948368241597662,4.57763671875e-05,173
178,19.0,102,196,110,203,11.573835280705818,2.164129388151894,0.9823628380300297,16.071067811865476,0.8260869565217391,0.001811981201171875,1811.981201171875,48.03213632193296,113.02573516314276,21.13407605617084,8,7,78.125,68.359375,78.125,68.359375,1.1428571428571428,0.0027794031597425397,230730D-JC-52,25.0,0.5873680114746094,0.023494720458984375,0.0030849163825296313,7.2479248046875e-05,67
181,10.0,102,435,106,438,3.9191835884530852,3.0983866769659336,0.6123724356957946,8.82842712474619,1.0,0.00095367431640625,953.67431640625,34.84617414360881,38.27327723098716,30.257682392245446,4,3,39.0625,29.296875,39.0625,29.296875,1.3333333333333333,0.001462843768285547,230730D-JC-52,25.0,0.5873680114746094,0.023494720458984375,0.001623640201331385,3.814697265625e-05,215
183,10.0,103,126,109,130,7.156185713606529,2.1515124987723864,0.9537343105879784,8.207106781186548,0.7692307692307693,0.00095367431640625,953.67431640625,34.84617414360881,69.88462610943876,21.010864245824084,6,4,58.59375,39.0625,58.59375,39.0625,1.5,0.001462843768285547,230730D-JC-52,25.0,0.5873680114746094,0.023494720458984375,0.001623640201331385,3.814697265625e-05,216
184,6.0,103,376,105,380,3.8297084310253524,1.8856180831641272,0.8703882797784891,6.414213562373095,1.0,0.00057220458984375,572.20458984375,26.991730427448083,37.399496396731955,18.41423909339968,2,4,19.53125,39.0625,39.0625,19.53125,2.0,0.0008777062609713282,230730D-JC-52,25.0,0.5873680114746094,0.023494720458984375,0.000974184120798831,2.288818359375e-05,366
185,19.0,103,504,106,512,8.133759975077485,3.0603095226134744,0.9265190618991389,14.621320343559644,0.95,0.001811981201171875,1811.981201171875,48.03213632193296,79.43124975661607,29.88583518177221,3,8,29.296875,78.125,78.125,29.296875,2.6666666666666665,0.0027794031597425397,230730D-JC-52,25.0,0.5873680114746094,0.023494720458984375,0.0030849163825296313,7.2479248046875e-05,68
186,10.0,104,230,106,235,5.656854249492381,2.0,0.9354143466934853,10.0,1.0,0.00095367431640625,953.67431640625,34.84617414360881,55.24271728019903,19.53125,2,5,19.53125,48.828125,48.828125,19.53125,2.5,0.001462843768285547,230730D-JC-52,25.0,0.5873680114746094,0.023494720458984375,0.001623640201331385,3.814697265625e-05,217
189,6.0,105,159,108,161,3.265986323710904,2.0,0.7905694150420949,6.0,1.0,0.00057220458984375,572.20458984375,26.991730427448083,31.8943976924893,19.53125,3,2,29.296875,19.53125,29.296875,19.53125,1.5,0.0008777062609713282,230730D-JC-52,25.0,0.5873680114746094,0.023494720458984375,0.000974184120798831,2.288818359375e-05,367
190,4.0,105,301,106,305,4.47213595499958,0.0,1.0,2.0,1.0,0.0003814697265625,381.4697265625,22.03865560733423,43.67320268554277,0.0,1,4,9.765625,39.0625,39.0625,9.765625,4.0,0.0005851375073142189,230730D-JC-52,25.0,0.5873680114746094,0.023494720458984375,0.000649456080532554,1.52587890625e-05,486
191,5.0,105,468,107,471,3.098386676965933,1.7888543819998317,0.816496580927726,5.207106781186548,1.0,0.000476837158203125,476.837158203125,24.639966035353126,30.257682392245442,17.469281074217108,2,3,19.53125,29.296875,29.296875,19.53125,1.5,0.0007314218841427735,230730D-JC-52,25.0,0.5873680114746094,0.023494720458984375,0.0008118201006656925,1.9073486328125e-05,421
192,7.0,106,40,109,45,5.795253355551202,1.5275489818370205,0.9646358377857661,6.207106781186548,0.875,0.000667572021484375,667.572021484375,29.154400983602766,56.594271050304705,14.917470525752153,3,5,29.296875,48.828125,48.828125,29.296875,1.6666666666666667,0.001023990637799883,230730D-JC-52,25.0,0.5873680114746094,0.023494720458984375,0.0011365481409319695,2.6702880859375e-05,314
193,16.0,106,52,110,58,5.463002929733153,4.04265989043439,0.6725992718141081,13.449747468305832,0.8888888888888888,0.00152587890625,1525.87890625,44.07731121466846,53.34963798567532,39.47910049252334,4,6,39.0625,58.59375,58.59375,39.0625,1.5,0.0023405500292568754,230730D-JC-52,25.0,0.5873680114746094,0.023494720458984375,0.002597824322130216,6.103515625e-05,102
194,23.0,107,5,112,14,9.852819667777148,3.0440088637985077,0.9510789333661256,18.27817459305202,0.8518518518518519,0.002193450927734375,2193.450927734375,52.84683964654307,96.2189420681362,29.726649060532303,5,9,48.828125,87.890625,87.890625,48.828125,1.8,0.0033645406670567584,230730D-JC-52,25.0,0.5873680114746094,0.023494720458984375,0.0037343724630621855,8.7738037109375e-05,38
195,5.0,107,78,109,82,4.093338188813542,1.563516060678838,0.9241763718304448,4.414213562373095,0.8333333333333334,0.000476837158203125,476.837158203125,24.639966035353126,39.97400575013224,15.268711530066778,2,4,19.53125,39.0625,39.0625,19.53125,2.0,0.0007314218841427735,230730D-JC-52,25.0,0.5873680114746094,0.023494720458984375,0.0008118201006656925,1.9073486328125e-05,422
196,38.0,107,178,121,188,17.696965391430968,4.837837693869338,0.9619086644871774,31.31370849898476,0.5352112676056338,0.00362396240234375,3623.96240234375,67.92769861623094,172.82192765069306,47.24450872919276,14,10,136.71875,97.65625,136.71875,97.65625,1.4,0.005558806319485079,230730D-JC-52,25.0,0.5873680114746094,0.023494720458984375,0.0061698327650592626,0.00014495849609375,10
199,14.0,108,448,113,453,6.924300417092346,2.5660623489605072,0.928797376033473,9.035533905932738,0.9333333333333333,0.00133514404296875,1335.14404296875,41.23054927387454,67.62012126066745,25.059202626567455,5,5,48.828125,48.828125,48.828125,48.828125,1.0,0.002047981275599766,230730D-JC-52,25.0,0.5873680114746094,0.023494720458984375,0.002273096281863939,5.340576171875e-05,133
200,5.0,109,34,110,39,5.656854249492381,0.0,1.0,3.0,1.0,0.000476837158203125,476.837158203125,24.639966035353126,55.24271728019903,0.0,1,5,9.765625,48.828125,48.828125,9.765625,5.0,0.0007314218841427735,230730D-JC-52,25.0,0.5873680114746094,0.023494720458984375,0.0008118201006656925,1.9073486328125e-05,423
201,7.0,109,117,113,119,4.155374705678736,1.9054711331003737,0.8886656215775005,7.207106781186548,1.0,0.000667572021484375,667.572021484375,29.154400983602766,40.57983111014391,18.60811653418334,4,2,39.0625,19.53125,39.0625,19.53125,2.0,0.001023990637799883,230730D-JC-52,25.0,0.5873680114746094,0.023494720458984375,0.0011365481409319695,2.6702880859375e-05,315
204,4.0,110,131,112,134,3.23606797749979,1.2360679774997898,0.9241763718304448,4.414213562373095,1.0,0.0003814697265625,381.4697265625,22.03865560733423,31.602226342771385,12.070976342771385,2,3,19.53125,29.296875,29.296875,19.53125,1.5,0.0005851375073142189,230730D-JC-52,25.0,0.5873680114746094,0.023494720458984375,0.000649456080532554,1.52587890625e-05,487
208,7.0,116,470,119,474,4.0456382356289255,2.415966245432733,0.8021087259367566,6.035533905932738,0.7777777777777778,0.000667572021484375,667.572021484375,29.154400983602766,39.50818589481373,23.59342036555403,3,4,29.296875,39.0625,39.0625,29.296875,1.3333333333333333,0.001023990637799883,230730D-JC-52,25.0,0.5873680114746094,0.023494720458984375,0.0011365481409319695,2.6702880859375e-05,316
214,8.0,118,20,120,24,4.47213595499958,2.0,0.8944271909999159,8.0,1.0,0.000762939453125,762.939453125,31.167365656361927,43.67320268554277,19.53125,2,4,19.53125,39.0625,39.0625,19.53125,2.0,0.0011702750146284377,230730D-JC-52,25.0,0.5873680114746094,0.023494720458984375,0.001298912161065108,3.0517578125e-05,274
215,9.0,118,334,121,338,3.885753375057407,2.7954428906961324,0.6945875203623408,8.242640687119284,1.0,0.000858306884765625,858.306884765625,33.057983411001345,37.94681030329499,27.299246979454416,3,4,29.296875,39.0625,39.0625,29.296875,1.3333333333333333,0.0013165593914569924,230730D-JC-52,25.0,0.5873680114746094,0.023494720458984375,0.0014612761811982464,3.4332275390625e-05,244
216,14.0,118,429,123,433,5.145572204288672,3.4835802830437235,0.7359780283416252,11.65685424949238,0.9333333333333333,0.00133514404296875,1335.14404296875,41.23054927387454,50.24972855750656,34.01933870159886,5,4,48.828125,39.0625,48.828125,39.0625,1.25,0.002047981275599766,230730D-JC-52,25.0,0.5873680114746094,0.023494720458984375,0.002273096281863939,5.340576171875e-05,134
220,13.0,120,223,123,228,5.108412959026922,3.2324132994205192,0.7743457464718221,10.207106781186548,0.9285714285714286,0.001239776611328125,1239.776611328125,39.73075141726777,49.88684530299729,31.56653612715351,3,5,29.296875,48.828125,48.828125,29.296875,1.6666666666666667,0.0019016968987712111,230730D-JC-52,25.0,0.5873680114746094,0.023494720458984375,0.0021107322617308004,4.9591064453125e-05,150
225,10.0,122,144,126,147,4.381780460041329,2.6832815729997477,0.7905694150420949,8.82842712474619,1.0,0.00095367431640625,953.67431640625,34.84617414360881,42.7908248050911,26.20392161132566,4,3,39.0625,29.296875,39.0625,29.296875,1.3333333333333333,0.001462843768285547,230730D-JC-52,25.0,0.5873680114746094,0.023494720458984375,0.001623640201331385,3.814697265625e-05,218
226,11.0,122,324,126,328,3.9999999999999996,3.468869823334348,0.49792959773196893,9.65685424949238,0.9166666666666666,0.001049041748046875,1049.041748046875,36.54697576669487,39.06249999999999,33.87568186849949,4,4,39.0625,39.0625,39.0625,39.0625,1.0,0.0016091281451141018,230730D-JC-52,25.0,0.5873680114746094,0.023494720458984375,0.0017860042214645235,4.1961669921875e-05,188
227,12.0,122,494,128,498,7.038867265452931,2.1625378243067575,0.9516359040386682,10.82842712474619,0.8571428571428571,0.0011444091796875,1144.4091796875,38.17207124241562,68.73893813918879,21.11853344049568,6,4,58.59375,39.0625,58.59375,39.0625,1.5,0.0017554125219426564,230730D-JC-52,25.0,0.5873680114746094,0.023494720458984375,0.001948368241597662,4.57763671875e-05,174
228,6.0,123,130,127,132,4.363338213437162,1.65500979239906,0.9252741613028527,5.0,0.8571428571428571,0.00057220458984375,572.20458984375,26.991730427448083,42.610724740597284,16.16220500389707,4,2,39.0625,19.53125,39.0625,19.53125,2.0,0.0008777062609713282,230730D-JC-52,25.0,0.5873680114746094,0.023494720458984375,0.000974184120798831,2.288818359375e-05,368
230,6.0,125,195,128,198,3.8297084310253524,1.8856180831641272,0.8703882797784891,6.207106781186548,0.8571428571428571,0.00057220458984375,572.20458984375,26.991730427448083,37.399496396731955,18.41423909339968,3,3,29.296875,29.296875,29.296875,29.296875,1.0,0.0008777062609713282,230730D-JC-52,25.0,0.5873680114746094,0.023494720458984375,0.000974184120798831,2.288818359375e-05,369
231,7.0,126,114,130,117,4.796702691401646,1.7646790841090736,0.9298676572153666,7.207106781186548,0.875,0.000667572021484375,667.572021484375,29.154400983602766,46.8427997207192,17.233194180752673,4,3,39.0625,29.296875,39.0625,29.296875,1.3333333333333333,0.001023990637799883,230730D-JC-52,25.0,0.5873680114746094,0.023494720458984375,0.0011365481409319695,2.6702880859375e-05,317
235,8.0,129,9,133,11,4.47213595499958,2.0,0.8944271909999159,8.0,1.0,0.000762939453125,762.939453125,31.167365656361927,43.67320268554277,19.53125,4,2,39.0625,19.53125,39.0625,19.53125,2.0,0.0011702750146284377,230730D-JC-52,25.0,0.5873680114746094,0.023494720458984375,0.001298912161065108,3.0517578125e-05,275
236,7.0,130,49,133,52,3.0237157840738176,2.799416848895061,0.377964473009227,6.82842712474619,1.0,0.000667572021484375,667.572021484375,29.154400983602766,29.528474453845874,27.338055164990827,3,3,29.296875,29.296875,29.296875,29.296875,1.0,0.001023990637799883,230730D-JC-52,25.0,0.5873680114746094,0.023494720458984375,0.0011365481409319695,2.6702880859375e-05,318
237,4.0,130,267,132,269,2.0,2.0,0.0,4.0,1.0,0.0003814697265625,381.4697265625,22.03865560733423,19.53125,19.53125,2,2,19.53125,19.53125,19.53125,19.53125,1.0,0.0005851375073142189,230730D-JC-52,25.0,0.5873680114746094,0.023494720458984375,0.000649456080532554,1.52587890625e-05,488
238,6.0,130,311,132,314,3.265986323710904,2.0,0.7905694150420949,6.0,1.0,0.00057220458984375,572.20458984375,26.991730427448083,31.8943976924893,19.53125,2,3,19.53125,29.296875,29.296875,19.53125,1.5,0.0008777062609713282,230730D-JC-52,25.0,0.5873680114746094,0.023494720458984375,0.000974184120798831,2.288818359375e-05,370
240,13.0,131,283,135,289,6.693397847035431,2.5144951016717108,0.9267543284430068,12.242640687119286,0.8125,0.001239776611328125,1239.776611328125,39.73075141726777,65.36521334995538,24.5556162272628,4,6,39.0625,58.59375,58.59375,39.0625,1.5,0.0019016968987712111,230730D-JC-52,25.0,0.5873680114746094,0.023494720458984375,0.0021107322617308004,4.9591064453125e-05,151
241,4.0,133,448,135,450,2.0,2.0,0.0,4.0,1.0,0.0003814697265625,381.4697265625,22.03865560733423,19.53125,19.53125,2,2,19.53125,19.53125,19.53125,19.53125,1.0,0.0005851375073142189,230730D-JC-52,25.0,0.5873680114746094,0.023494720458984375,0.000649456080532554,1.52587890625e-05,489
244,9.0,139,185,144,188,4.532461789860253,2.6666666666666665,0.80860754006264,7.449747468305833,0.8181818181818182,0.000858306884765625,858.306884765625,33.057983411001345,44.26232216660404,26.041666666666664,5,3,48.828125,29.296875,48.828125,29.296875,1.6666666666666667,0.0013165593914569924,230730D-JC-52,25.0,0.5873680114746094,0.023494720458984375,0.0014612761811982464,3.4332275390625e-05,245
245,4.0,139,192,141,195,2.8284271247461903,1.7320508075688772,0.7905694150420949,4.621320343559642,1.0,0.0003814697265625,381.4697265625,22.03865560733423,27.621358640099515,16.914558667664817,2,3,19.53125,29.296875,29.296875,19.53125,1.5,0.0005851375073142189,230730D-JC-52,25.0,0.5873680114746094,0.023494720458984375,0.000649456080532554,1.52587890625e-05,490
247,6.0,142,170,145,173,3.0550504633038935,2.6666666666666665,0.487950036474267,6.414213562373095,0.8571428571428571,0.00057220458984375,572.20458984375,26.991730427448083,29.834477180702084,26.041666666666664,3,3,29.296875,29.296875,29.296875,29.296875,1.0,0.0008777062609713282,230730D-JC-52,25.0,0.5873680114746094,0.023494720458984375,0.000974184120798831,2.288818359375e-05,371
248,16.0,144,340,149,344,4.811595968284149,4.391587894827078,0.40860974147611084,12.621320343559642,0.9411764705882353,0.00152587890625,1525.87890625,44.07731121466846,46.9882418777749,42.88660053542068,5,4,48.828125,39.0625,48.828125,39.0625,1.25,0.0023405500292568754,230730D-JC-52,25.0,0.5873680114746094,0.023494720458984375,0.002597824322130216,6.103515625e-05,103
252,6.0,150,127,153,130,3.8297084310253524,1.8856180831641265,0.8703882797784892,6.207106781186548,0.8571428571428571,0.00057220458984375,572.20458984375,26.991730427448083,37.399496396731955,18.414239093399672,3,3,29.296875,29.296875,29.296875,29.296875,1.0,0.0008777062609713282,230730D-JC-52,25.0,0.5873680114746094,0.023494720458984375,0.000974184120798831,2.288818359375e-05,372
255,5.0,153,9,155,12,3.098386676965933,1.7888543819998317,0.816496580927726,5.207106781186548,1.0,0.000476837158203125,476.837158203125,24.639966035353126,30.257682392245442,17.469281074217108,2,3,19.53125,29.296875,29.296875,19.53125,1.5,0.0007314218841427735,230730D-JC-52,25.0,0.5873680114746094,0.023494720458984375,0.0008118201006656925,1.9073486328125e-05,424
256,7.0,153,297,156,300,3.0237157840738176,2.799416848895061,0.377964473009227,6.82842712474619,1.0,0.000667572021484375,667.572021484375,29.154400983602766,29.528474453845874,27.338055164990827,3,3,29.296875,29.296875,29.296875,29.296875,1.0,0.001023990637799883,230730D-JC-52,25.0,0.5873680114746094,0.023494720458984375,0.0011365481409319695,2.6702880859375e-05,319
258,6.0,155,165,157,169,4.363338213437162,1.65500979239906,0.9252741613028527,5.0,0.8571428571428571,0.00057220458984375,572.20458984375,26.991730427448083,42.610724740597284,16.16220500389707,2,4,19.53125,39.0625,39.0625,19.53125,2.0,0.0008777062609713282,230730D-JC-52,25.0,0.5873680114746094,0.023494720458984375,0.000974184120798831,2.288818359375e-05,373
261,4.0,158,483,160,485,2.0,2.0,0.0,4.0,1.0,0.0003814697265625,381.4697265625,22.03865560733423,19.53125,19.53125,2,2,19.53125,19.53125,19.53125,19.53125,1.0,0.0005851375073142189,230730D-JC-52,25.0,0.5873680114746094,0.023494720458984375,0.000649456080532554,1.52587890625e-05,491
263,5.0,161,174,163,177,3.098386676965933,1.7888543819998317,0.816496580927726,5.207106781186548,1.0,0.000476837158203125,476.837158203125,24.639966035353126,30.257682392245442,17.469281074217108,2,3,19.53125,29.296875,29.296875,19.53125,1.5,0.0007314218841427735,230730D-JC-52,25.0,0.5873680114746094,0.023494720458984375,0.0008118201006656925,1.9073486328125e-05,425
264,12.0,161,182,166,185,5.294328785763617,2.862220279862641,0.8412668804818468,9.621320343559642,0.9230769230769231,0.0011444091796875,1144.4091796875,38.17207124241562,51.70242954847282,27.9513699205336,5,3,48.828125,29.296875,48.828125,29.296875,1.6666666666666667,0.0017554125219426564,230730D-JC-52,25.0,0.5873680114746094,0.023494720458984375,0.001948368241597662,4.57763671875e-05,175
266,11.0,163,86,168,90,5.664042473303187,2.44974845417171,0.9016296917986697,10.65685424949238,0.8461538461538461,0.001049041748046875,1049.041748046875,36.54697576669487,55.312914778351434,23.923324747770607,5,4,48.828125,39.0625,48.828125,39.0625,1.25,0.0016091281451141018,230730D-JC-52,25.0,0.5873680114746094,0.023494720458984375,0.0017860042214645235,4.1961669921875e-05,189
268,7.0,164,56,168,58,4.155374705678736,1.9054711331003737,0.8886656215775005,7.207106781186548,1.0,0.000667572021484375,667.572021484375,29.154400983602766,40.57983111014391,18.60811653418334,4,2,39.0625,19.53125,39.0625,19.53125,2.0,0.001023990637799883,230730D-JC-52,25.0,0.5873680114746094,0.023494720458984375,0.0011365481409319695,2.6702880859375e-05,320
271,5.0,167,348,170,350,3.098386676965933,1.7888543819998317,0.816496580927726,5.207106781186548,1.0,0.000476837158203125,476.837158203125,24.639966035353126,30.257682392245442,17.469281074217108,3,2,29.296875,19.53125,29.296875,19.53125,1.5,0.0007314218841427735,230730D-JC-52,25.0,0.5873680114746094,0.023494720458984375,0.0008118201006656925,1.9073486328125e-05,426
272,6.0,168,104,171,108,4.8496611975202075,1.3468925727763872,0.9606594016383402,6.414213562373095,1.0,0.00057220458984375,572.20458984375,26.991730427448083,47.359972632033276,13.153247781019406,3,4,29.296875,39.0625,39.0625,29.296875,1.3333333333333333,0.0008777062609713282,230730D-JC-52,25.0,0.5873680114746094,0.023494720458984375,0.000974184120798831,2.288818359375e-05,374
274,22.0,169,144,175,150,6.257020293387381,4.518843323464844,0.6916804094294089,15.31370849898476,0.9565217391304348,0.00209808349609375,2098.08349609375,51.68522879298074,61.10371380261114,44.129329330711364,6,6,58.59375,58.59375,58.59375,58.59375,1.0,0.0032182562902282035,230730D-JC-52,25.0,0.5873680114746094,0.023494720458984375,0.003572008442929047,8.392333984375e-05,45
275,8.0,170,29,174,31,4.47213595499958,2.0,0.8944271909999159,8.0,1.0,0.000762939453125,762.939453125,31.167365656361927,43.67320268554277,19.53125,4,2,39.0625,19.53125,39.0625,19.53125,2.0,0.0011702750146284377,230730D-JC-52,25.0,0.5873680114746094,0.023494720458984375,0.001298912161065108,3.0517578125e-05,276
277,11.0,171,163,174,168,5.393598899705936,2.5712973861329003,0.8790490729915326,8.414213562373096,0.8461538461538461,0.001049041748046875,1049.041748046875,36.54697576669487,52.671864254940786,25.110326036454104,3,5,29.296875,48.828125,48.828125,29.296875,1.6666666666666667,0.0016091281451141018,230730D-JC-52,25.0,0.5873680114746094,0.023494720458984375,0.0017860042214645235,4.1961669921875e-05,190
278,5.0,171,322,174,325,3.335641688875783,2.0575457524521585,0.787091262435293,5.621320343559642,0.8333333333333334,0.000476837158203125,476.837158203125,24.639966035353126,32.574625867927566,20.09322023879061,3,3,29.296875,29.296875,29.296875,29.296875,1.0,0.0007314218841427735,230730D-JC-52,25.0,0.5873680114746094,0.023494720458984375,0.0008118201006656925,1.9073486328125e-05,427
279,7.0,171,473,173,477,4.155374705678736,1.9054711331003737,0.8886656215775005,7.207106781186548,1.0,0.000667572021484375,667.572021484375,29.154400983602766,40.57983111014391,18.60811653418334,2,4,19.53125,39.0625,39.0625,19.53125,2.0,0.001023990637799883,230730D-JC-52,25.0,0.5873680114746094,0.023494720458984375,0.0011365481409319695,2.6702880859375e-05,321
280,21.0,171,486,184,491,15.263713591068603,2.427824305121688,0.9872691499628382,19.65685424949238,0.6,0.002002716064453125,2002.716064453125,50.496903767836045,149.05970303777931,23.709221729703984,13,5,126.953125,48.828125,126.953125,48.828125,2.6,0.003071971913399649,230730D-JC-52,25.0,0.5873680114746094,0.023494720458984375,0.0034096444227959084,8.0108642578125e-05,52
281,4.0,172,14,174,17,3.4641016151377544,1.4142135623730951,0.9128709291752769,3.2071067811865475,0.8,0.0003814697265625,381.4697265625,22.03865560733423,33.829117335329634,13.810679320049758,2,3,19.53125,29.296875,29.296875,19.53125,1.5,0.0005851375073142189,230730D-JC-52,25.0,0.5873680114746094,0.023494720458984375,0.000649456080532554,1.52587890625e-05,492
284,9.0,175,127,179,130,4.25044367047193,2.612014068307059,0.7888954830250753,7.621320343559642,0.9,0.000858306884765625,858.306884765625,33.057983411001345,41.50823896945244,25.507949885811122,4,3,39.0625,29.296875,39.0625,29.296875,1.3333333333333333,0.0013165593914569924,230730D-JC-52,25.0,0.5873680114746094,0.023494720458984375,0.0014612761811982464,3.4332275390625e-05,246
286,4.0,175,377,177,380,3.23606797749979,1.2360679774997898,0.9241763718304448,4.414213562373095,1.0,0.0003814697265625,381.4697265625,22.03865560733423,31.602226342771385,12.070976342771385,2,3,19.53125,29.296875,29.296875,19.53125,1.5,0.0005851375073142189,230730D-JC-52,25.0,0.5873680114746094,0.023494720458984375,0.000649456080532554,1.52587890625e-05,493
289,7.0,179,309,183,312,4.27617987059879,2.285714285714285,0.8451542547285167,7.414213562373095,0.875,0.000667572021484375,667.572021484375,29.154400983602766,41.75956904881631,22.321428571428566,4,3,39.0625,29.296875,39.0625,29.296875,1.3333333333333333,0.001023990637799883,230730D-JC-52,25.0,0.5873680114746094,0.023494720458984375,0.0011365481409319695,2.6702880859375e-05,322
290,6.0,180,73,183,76,3.0550504633038935,2.6666666666666665,0.487950036474267,6.414213562373095,0.8571428571428571,0.00057220458984375,572.20458984375,26.991730427448083,29.834477180702084,26.041666666666664,3,3,29.296875,29.296875,29.296875,29.296875,1.0,0.0008777062609713282,230730D-JC-52,25.0,0.5873680114746094,0.023494720458984375,0.000974184120798831,2.288818359375e-05,375
294,5.0,182,497,186,499,4.743365517193277,1.349252967497849,0.9586907114045357,4.207106781186548,0.8333333333333334,0.000476837158203125,476.837158203125,24.639966035353126,46.3219288788406,13.176298510721182,4,2,39.0625,19.53125,39.0625,19.53125,2.0,0.0007314218841427735,230730D-JC-52,25.0,0.5873680114746094,0.023494720458984375,0.0008118201006656925,1.9073486328125e-05,428
295,8.0,183,462,186,466,4.507893913753563,2.104493398028036,0.8843384945005575,8.242640687119284,1.0,0.000762939453125,762.939453125,31.167365656361927,44.02240150149964,20.551693340117538,3,4,29.296875,39.0625,39.0625,29.296875,1.3333333333333333,0.0011702750146284377,230730D-JC-52,25.0,0.5873680114746094,0.023494720458984375,0.001298912161065108,3.0517578125e-05,277
296,9.0,184,8,187,12,3.885753375057407,2.7954428906961324,0.6945875203623408,8.242640687119284,1.0,0.000858306884765625,858.306884765625,33.057983411001345,37.94681030329499,27.299246979454416,3,4,29.296875,39.0625,39.0625,29.296875,1.3333333333333333,0.0013165593914569924,230730D-JC-52,25.0,0.5873680114746094,0.023494720458984375,0.0014612761811982464,3.4332275390625e-05,247
299,11.0,185,168,188,173,5.685009884989297,2.344961497712873,0.9109659701031063,8.414213562373096,0.8461538461538461,0.001049041748046875,1049.041748046875,36.54697576669487,55.517674658098606,22.900014626102276,3,5,29.296875,48.828125,48.828125,29.296875,1.6666666666666667,0.0016091281451141018,230730D-JC-52,25.0,0.5873680114746094,0.023494720458984375,0.0017860042214645235,4.1961669921875e-05,191
303,8.0,186,418,190,421,3.9722133299273006,2.6403638502198645,0.747102836415358,8.242640687119284,1.0,0.000762939453125,762.939453125,31.167365656361927,38.7911458000713,25.784803224803365,4,3,39.0625,29.296875,39.0625,29.296875,1.3333333333333333,0.0011702750146284377,230730D-JC-52,25.0,0.5873680114746094,0.023494720458984375,0.001298912161065108,3.0517578125e-05,278
304,17.0,186,440,192,445,6.793701030858725,3.263187777220164,0.8770903166510349,14.278174593052022,0.8947368421052632,0.001621246337890625,1621.246337890625,45.43385245782498,66.34473662947974,31.867068136915666,6,5,58.59375,48.828125,58.59375,48.828125,1.2,0.00248683440608543,230730D-JC-52,25.0,0.5873680114746094,0.023494720458984375,0.0027601883422633546,6.4849853515625e-05,88
306,19.0,187,334,192,339,6.155870112510925,4.130824604283913,0.7414226880391382,14.242640687119284,1.0,0.001811981201171875,1811.981201171875,48.03213632193296,60.11591906748951,40.34008402621009,5,5,48.828125,48.828125,48.828125,48.828125,1.0,0.0027794031597425397,230730D-JC-52,25.0,0.5873680114746094,0.023494720458984375,0.0030849163825296313,7.2479248046875e-05,69
309,12.0,189,62,193,67,4.8584721975867,3.2413514182186693,0.7449194051955761,10.65685424949238,0.8571428571428571,0.0011444091796875,1144.4091796875,38.17207124241562,47.44601755455761,31.653822443541692,4,5,39.0625,48.828125,48.828125,39.0625,1.25,0.0017554125219426564,230730D-JC-52,25.0,0.5873680114746094,0.023494720458984375,0.001948368241597662,4.57763671875e-05,176
313,5.0,190,206,193,209,3.335641688875783,2.0575457524521585,0.787091262435293,5.621320343559642,0.8333333333333334,0.000476837158203125,476.837158203125,24.639966035353126,32.574625867927566,20.09322023879061,3,3,29.296875,29.296875,29.296875,29.296875,1.0,0.0007314218841427735,230730D-JC-52,25.0,0.5873680114746094,0.023494720458984375,0.0008118201006656925,1.9073486328125e-05,429
315,18.0,190,479,195,484,5.385930481961369,4.225630174819322,0.6200424385141685,13.071067811865474,0.9473684210526315,0.00171661376953125,1716.61376953125,46.75104848454289,52.59697736290399,41.26591967596995,5,5,48.828125,48.828125,48.828125,48.828125,1.0,0.0026331187829139848,230730D-JC-52,25.0,0.5873680114746094,0.023494720458984375,0.0029225523623964927,6.866455078125e-05,82
316,8.0,192,86,195,90,4.100618600451318,2.4869513653533066,0.7950972173652757,7.82842712474619,0.8888888888888888,0.000762939453125,762.939453125,31.167365656361927,40.0451035200324,24.286634427278386,3,4,29.296875,39.0625,39.0625,29.296875,1.3333333333333333,0.0011702750146284377,230730D-JC-52,25.0,0.5873680114746094,0.023494720458984375,0.001298912161065108,3.0517578125e-05,279
317,9.0,192,237,196,242,5.7920410430733344,2.184776466752366,0.9261305195794692,8.621320343559642,0.9,0.000858306884765625,858.306884765625,33.057983411001345,56.562900811263034,21.33570768312857,4,5,39.0625,48.828125,48.828125,39.0625,1.25,0.0013165593914569924,230730D-JC-52,25.0,0.5873680114746094,0.023494720458984375,0.0014612761811982464,3.4332275390625e-05,248
319,4.0,193,100,196,102,2.8284271247461903,1.7320508075688772,0.7905694150420949,4.621320343559642,1.0,0.0003814697265625,381.4697265625,22.03865560733423,27.621358640099515,16.914558667664817,3,2,29.296875,19.53125,29.296875,19.53125,1.5,0.0005851375073142189,230730D-JC-52,25.0,0.5873680114746094,0.023494720458984375,0.000649456080532554,1.52587890625e-05,494
321,6.0,194,269,198,271,4.363338213437162,1.65500979239906,0.9252741613028527,5.0,0.8571428571428571,0.00057220458984375,572.20458984375,26.991730427448083,42.610724740597284,16.16220500389707,4,2,39.0625,19.53125,39.0625,19.53125,2.0,0.0008777062609713282,230730D-JC-52,25.0,0.5873680114746094,0.023494720458984375,0.000974184120798831,2.288818359375e-05,376
322,14.0,194,300,199,304,5.738905030466961,3.2013501090428638,0.8299532766800378,12.242640687119284,0.875,0.00133514404296875,1335.14404296875,41.23054927387454,56.043994438153916,31.263184658621718,5,4,48.828125,39.0625,48.828125,39.0625,1.25,0.002047981275599766,230730D-JC-52,25.0,0.5873680114746094,0.023494720458984375,0.002273096281863939,5.340576171875e-05,135
323,16.0,195,14,199,20,5.8172725893661745,3.4690545716389303,0.8027342315472554,13.071067811865474,0.8888888888888888,0.00152587890625,1525.87890625,44.07731121466846,56.80930263052905,33.877486051161426,4,6,39.0625,58.59375,58.59375,39.0625,1.5,0.0023405500292568754,230730D-JC-52,25.0,0.5873680114746094,0.023494720458984375,0.002597824322130216,6.103515625e-05,104
324,8.0,195,53,198,57,4.1204045563213505,2.4025541184843804,0.8124097554365945,7.035533905932738,0.8888888888888888,0.000762939453125,762.939453125,31.167365656361927,40.23832574532569,23.46244256332403,3,4,29.296875,39.0625,39.0625,29.296875,1.3333333333333333,0.0011702750146284377,230730D-JC-52,25.0,0.5873680114746094,0.023494720458984375,0.001298912161065108,3.0517578125e-05,280
325,4.0,195,289,197,292,2.8284271247461903,1.7320508075688772,0.7905694150420949,4.621320343559642,1.0,0.0003814697265625,381.4697265625,22.03865560733423,27.621358640099515,16.914558667664817,2,3,19.53125,29.296875,29.296875,19.53125,1.5,0.0005851375073142189,230730D-JC-52,25.0,0.5873680114746094,0.023494720458984375,0.000649456080532554,1.52587890625e-05,495
326,4.0,195,457,196,461,4.47213595499958,0.0,1.0,2.0,1.0,0.0003814697265625,381.4697265625,22.03865560733423,43.67320268554277,0.0,1,4,9.765625,39.0625,39.0625,9.765625,4.0,0.0005851375073142189,230730D-JC-52,25.0,0.5873680114746094,0.023494720458984375,0.000649456080532554,1.52587890625e-05,496
327,16.0,195,501,205,506,12.36916066586396,2.727886438626771,0.9753780819541502,15.65685424949238,0.5517241379310345,0.00152587890625,1525.87890625,44.07731121466846,120.79258462757774,26.639516002214563,10,5,97.65625,48.828125,97.65625,48.828125,2.0,0.0023405500292568754,230730D-JC-52,25.0,0.5873680114746094,0.023494720458984375,0.002597824322130216,6.103515625e-05,105
329,9.0,197,173,200,178,5.529766552444418,2.1406017150856154,0.9220355298098002,8.035533905932738,0.9,0.000858306884765625,858.306884765625,33.057983411001345,54.00162648871502,20.904313623882963,3,5,29.296875,48.828125,48.828125,29.296875,1.6666666666666667,0.0013165593914569924,230730D-JC-52,25.0,0.5873680114746094,0.023494720458984375,0.0014612761811982464,3.4332275390625e-05,249
330,8.0,197,248,199,253,4.898979485566356,1.9364916731037085,0.9185586535436918,8.414213562373096,1.0,0.000762939453125,762.939453125,31.167365656361927,47.841596538733945,18.911051495153405,2,5,19.53125,48.828125,48.828125,19.53125,2.5,0.0011702750146284377,230730D-JC-52,25.0,0.5873680114746094,0.023494720458984375,0.001298912161065108,3.0517578125e-05,281
331,8.0,197,467,200,471,4.1204045563213505,2.4025541184843804,0.8124097554365945,7.035533905932738,0.8888888888888888,0.000762939453125,762.939453125,31.167365656361927,40.23832574532569,23.46244256332403,3,4,29.296875,39.0625,39.0625,29.296875,1.3333333333333333,0.0011702750146284377,230730D-JC-52,25.0,0.5873680114746094,0.023494720458984375,0.001298912161065108,3.0517578125e-05,282
332,26.0,198,129,205,134,6.510235514831745,5.072984992752268,0.6267353623247655,16.48528137423857,0.9629629629629629,0.00247955322265625,2479.55322265625,56.18776749757414,63.57651869952876,49.540869069846366,7,5,68.359375,48.828125,68.359375,48.828125,1.4,0.0038033937975424223,230730D-JC-52,25.0,0.5873680114746094,0.023494720458984375,0.004221464523461601,9.918212890625e-05,27
333,4.0,198,416,201,418,3.4641016151377544,1.4142135623730951,0.9128709291752769,3.2071067811865475,0.8,0.0003814697265625,381.4697265625,22.03865560733423,33.829117335329634,13.810679320049758,3,2,29.296875,19.53125,29.296875,19.53125,1.5,0.0005851375073142189,230730D-JC-52,25.0,0.5873680114746094,0.023494720458984375,0.000649456080532554,1.52587890625e-05,497
334,19.0,199,427,205,432,6.729879571235126,3.871140564087205,0.8180009174218864,15.242640687119284,0.8260869565217391,0.001811981201171875,1811.981201171875,48.03213632193296,65.72148018784303,37.80410707116411,6,5,58.59375,48.828125,58.59375,48.828125,1.2,0.0027794031597425397,230730D-JC-52,25.0,0.5873680114746094,0.023494720458984375,0.0030849163825296313,7.2479248046875e-05,70
335,10.0,200,2,203,6,4.381780460041329,2.6832815729997477,0.7905694150420949,8.82842712474619,1.0,0.00095367431640625,953.67431640625,34.84617414360881,42.7908248050911,26.20392161132566,3,4,29.296875,39.0625,39.0625,29.296875,1.3333333333333333,0.001462843768285547,230730D-JC-52,25.0,0.5873680114746094,0.023494720458984375,0.001623640201331385,3.814697265625e-05,219
336,16.0,200,159,204,164,5.326818938165629,3.7416573867739418,0.7117639563193815,12.242640687119286,0.9411764705882353,0.00152587890625,1525.87890625,44.07731121466846,52.01971619302372,36.539622917714276,4,5,39.0625,48.828125,48.828125,39.0625,1.25,0.0023405500292568754,230730D-JC-52,25.0,0.5873680114746094,0.023494720458984375,0.002597824322130216,6.103515625e-05,106
339,6.0,201,102,204,105,3.8297084310253524,1.8856180831641265,0.8703882797784892,6.207106781186548,0.8571428571428571,0.00057220458984375,572.20458984375,26.991730427448083,37.399496396731955,18.414239093399672,3,3,29.296875,29.296875,29.296875,29.296875,1.0,0.0008777062609713282,230730D-JC-52,25.0,0.5873680114746094,0.023494720458984375,0.000974184120798831,2.288818359375e-05,377
342,22.0,201,380,208,385,6.79432109423128,4.774502964124566,0.7114668571253642,17.071067811865476,0.9565217391304348,0.00209808349609375,2098.08349609375,51.68522879298074,66.35079193585234,46.626005509028964,7,5,68.359375,48.828125,68.359375,48.828125,1.4,0.0032182562902282035,230730D-JC-52,25.0,0.5873680114746094,0.023494720458984375,0.003572008442929047,8.392333984375e-05,46
343,19.0,202,39,207,44,5.271572221283754,4.5005385950383054,0.5207037318817047,13.071067811865476,1.0,0.001811981201171875,1811.981201171875,48.03213632193296,51.480197473474156,43.95057221717095,5,5,48.828125,48.828125,48.828125,48.828125,1.0,0.0027794031597425397,230730D-JC-52,25.0,0.5873680114746094,0.023494720458984375,0.0030849163825296313,7.2479248046875e-05,71
346,11.0,202,342,206,347,6.476616173855147,2.322129607012607,0.933514148225879,10.0,0.8461538461538461,0.001049041748046875,1049.041748046875,36.54697576669487,63.24820482280417,22.67704694348249,4,5,39.0625,48.828125,48.828125,39.0625,1.25,0.0016091281451141018,230730D-JC-52,25.0,0.5873680114746094,0.023494720458984375,0.0017860042214645235,4.1961669921875e-05,192
347,23.0,202,354,206,366,12.827497919935086,2.7593635650623143,0.9765891305888009,22.242640687119284,0.71875,0.002193450927734375,2193.450927734375,52.84683964654307,125.26853437436607,26.946909815061662,4,12,39.0625,117.1875,117.1875,39.0625,3.0,0.0033645406670567584,230730D-JC-52,25.0,0.5873680114746094,0.023494720458984375,0.0037343724630621855,8.7738037109375e-05,39
348,15.0,202,404,207,409,5.133545581275998,3.7844768886224207,0.6756688394483006,12.071067811865474,0.8823529411764706,0.001430511474609375,1430.511474609375,42.67767307000309,50.13228106714842,36.95778211545333,5,5,48.828125,48.828125,48.828125,48.828125,1.0,0.0021942656524283205,230730D-JC-52,25.0,0.5873680114746094,0.023494720458984375,0.0024354603019970775,5.7220458984375e-05,120
351,6.0,204,142,205,148,6.831300510639732,0.0,1.0,4.0,1.0,0.00057220458984375,572.20458984375,26.991730427448083,66.71191904921614,0.0,1,6,9.765625,58.59375,58.59375,9.765625,6.0,0.0008777062609713282,230730D-JC-52,25.0,0.5873680114746094,0.023494720458984375,0.000974184120798831,2.288818359375e-05,378
352,26.0,205,25,212,31,7.102888430835228,4.770332958067293,0.7409096995241138,17.31370849898476,0.9285714285714286,0.00247955322265625,2479.55322265625,56.18776749757414,69.36414483237527,46.58528279362591,7,6,68.359375,58.59375,68.359375,58.59375,1.1666666666666667,0.0038033937975424223,230730D-JC-52,25.0,0.5873680114746094,0.023494720458984375,0.004221464523461601,9.918212890625e-05,28
355,5.0,205,290,207,293,3.098386676965933,1.7888543819998317,0.816496580927726,5.207106781186548,1.0,0.000476837158203125,476.837158203125,24.639966035353126,30.257682392245442,17.469281074217108,2,3,19.53125,29.296875,29.296875,19.53125,1.5,0.0007314218841427735,230730D-JC-52,25.0,0.5873680114746094,0.023494720458984375,0.0008118201006656925,1.9073486328125e-05,430
356,8.0,205,436,207,442,6.155367074350507,1.4530850560107218,0.9717365435132913,6.0,0.8,0.000762939453125,762.939453125,31.167365656361927,60.11100658545417,14.190283750104705,2,6,19.53125,58.59375,58.59375,19.53125,3.0,0.0011702750146284377,230730D-JC-52,25.0,0.5873680114746094,0.023494720458984375,0.001298912161065108,3.0517578125e-05,283
357,14.0,206,75,212,79,5.569596768462266,3.380617018914067,0.7947194142390261,11.449747468305832,0.8235294117647058,0.00133514404296875,1335.14404296875,41.23054927387454,54.390593442014314,33.013838075332686,6,4,58.59375,39.0625,58.59375,39.0625,1.5,0.002047981275599766,230730D-JC-52,25.0,0.5873680114746094,0.023494720458984375,0.002273096281863939,5.340576171875e-05,136
358,16.0,206,176,211,185,10.753398316854277,2.3562522443651077,0.9756985937253098,12.035533905932738,0.7272727272727273,0.00152587890625,1525.87890625,44.07731121466846,105.01365543803004,23.010275823878004,5,9,48.828125,87.890625,87.890625,48.828125,1.8,0.0023405500292568754,230730D-JC-52,25.0,0.5873680114746094,0.023494720458984375,0.002597824322130216,6.103515625e-05,107
360,7.0,207,477,210,480,3.0237157840738176,2.799416848895061,0.377964473009227,6.82842712474619,1.0,0.000667572021484375,667.572021484375,29.154400983602766,29.528474453845874,27.338055164990827,3,3,29.296875,29.296875,29.296875,29.296875,1.0,0.001023990637799883,230730D-JC-52,25.0,0.5873680114746094,0.023494720458984375,0.0011365481409319695,2.6702880859375e-05,323
361,16.0,208,222,212,230,8.271009836052647,2.639203723080197,0.9477241248283943,11.449747468305832,0.8421052631578947,0.00152587890625,1525.87890625,44.07731121466846,80.77158043020162,25.773473858205048,4,8,39.0625,78.125,78.125,39.0625,2.0,0.0023405500292568754,230730D-JC-52,25.0,0.5873680114746094,0.023494720458984375,0.002597824322130216,6.103515625e-05,108
362,7.0,208,280,211,283,3.7032803990902057,2.138089935299395,0.816496580927726,6.82842712474619,1.0,0.000667572021484375,667.572021484375,29.154400983602766,36.16484764736529,20.879784524408155,3,3,29.296875,29.296875,29.296875,29.296875,1.0,0.001023990637799883,230730D-JC-52,25.0,0.5873680114746094,0.023494720458984375,0.0011365481409319695,2.6702880859375e-05,324
364,5.0,209,202,212,205,2.5298221281347035,2.5298221281347035,0.0,5.656854249492381,1.0,0.000476837158203125,476.837158203125,24.639966035353126,24.705294220065465,24.705294220065465,3,3,29.296875,29.296875,29.296875,29.296875,1.0,0.0007314218841427735,230730D-JC-52,25.0,0.5873680114746094,0.023494720458984375,0.0008118201006656925,1.9073486328125e-05,431
365,10.0,210,84,214,87,4.381780460041329,2.6832815729997477,0.7905694150420949,8.82842712474619,1.0,0.00095367431640625,953.67431640625,34.84617414360881,42.7908248050911,26.20392161132566,4,3,39.0625,29.296875,39.0625,29.296875,1.3333333333333333,0.001462843768285547,230730D-JC-52,25.0,0.5873680114746094,0.023494720458984375,0.001623640201331385,3.814697265625e-05,220
366,7.0,210,458,212,463,4.993927366567251,1.772659614960501,0.9348803365849727,6.207106781186548,0.875,0.000667572021484375,667.572021484375,29.154400983602766,48.7688219391333,17.311129052348644,2,5,19.53125,48.828125,48.828125,19.53125,2.5,0.001023990637799883,230730D-JC-52,25.0,0.5873680114746094,0.023494720458984375,0.0011365481409319695,2.6702880859375e-05,325
367,31.0,211,94,216,102,8.146779027770133,4.830791564936391,0.8052249131030587,19.071067811865476,0.9393939393939394,0.002956390380859375,2956.390380859375,61.353020647599784,79.55838894306771,47.17569887633194,5,8,48.828125,78.125,78.125,48.828125,1.6,0.004534815681685196,230730D-JC-52,25.0,0.5873680114746094,0.023494720458984375,0.005033284624127293,0.000118255615234375,18
368,8.0,211,387,215,390,3.9722133299273006,2.6403638502198645,0.747102836415358,8.242640687119284,1.0,0.000762939453125,762.939453125,31.167365656361927,38.7911458000713,25.784803224803365,4,3,39.0625,29.296875,39.0625,29.296875,1.3333333333333333,0.0011702750146284377,230730D-JC-52,25.0,0.5873680114746094,0.023494720458984375,0.001298912161065108,3.0517578125e-05,284
369,15.0,212,48,217,53,4.822171018673366,3.9999999999999996,0.5585038992742908,11.899494936611665,1.0,0.001430511474609375,1430.511474609375,42.67767307000309,47.09151385423209,39.06249999999999,5,5,48.828125,48.828125,48.828125,48.828125,1.0,0.0021942656524283205,230730D-JC-52,25.0,0.5873680114746094,0.023494720458984375,0.0024354603019970775,5.7220458984375e-05,121
370,6.0,212,410,214,414,4.363338213437162,1.65500979239906,0.9252741613028527,5.0,0.8571428571428571,0.00057220458984375,572.20458984375,26.991730427448083,42.610724740597284,16.16220500389707,2,4,19.53125,39.0625,39.0625,19.53125,2.0,0.0008777062609713282,230730D-JC-52,25.0,0.5873680114746094,0.023494720458984375,0.000974184120798831,2.288818359375e-05,379
372,31.0,212,465,216,488,27.10148535665302,1.7816912822497752,0.9978366901017943,30.207106781186546,0.5961538461538461,0.002956390380859375,2956.390380859375,61.353020647599784,264.6629429360646,17.399328928220463,4,23,39.0625,224.609375,224.609375,39.0625,5.75,0.004534815681685196,230730D-JC-52,25.0,0.5873680114746094,0.023494720458984375,0.005033284624127293,0.000118255615234375,19
374,4.0,212,508,213,512,4.47213595499958,0.0,1.0,2.0,1.0,0.0003814697265625,381.4697265625,22.03865560733423,43.67320268554277,0.0,1,4,9.765625,39.0625,39.0625,9.765625,4.0,0.0005851375073142189,230730D-JC-52,25.0,0.5873680114746094,0.023494720458984375,0.000649456080532554,1.52587890625e-05,498
375,32.0,213,117,222,127,12.844729115502968,3.898773390356296,0.952821565641923,24.763455967290593,0.7272727272727273,0.0030517578125,3051.7578125,62.334731312723854,125.43680776858368,38.073958890198206,9,10,87.890625,97.65625,97.65625,87.890625,1.1111111111111112,0.004681100058513751,230730D-JC-52,25.0,0.5873680114746094,0.023494720458984375,0.005195648644260432,0.0001220703125,16
376,10.0,213,307,216,312,5.249667738094416,2.5536226501992534,0.8737167124781218,7.414213562373095,0.9090909090909091,0.00095367431640625,953.67431640625,34.84617414360881,51.26628650482829,24.937721193352083,3,5,29.296875,48.828125,48.828125,29.296875,1.6666666666666667,0.001462843768285547,230730D-JC-52,25.0,0.5873680114746094,0.023494720458984375,0.001623640201331385,3.814697265625e-05,221
377,7.0,213,433,214,440,8.0,0.0,1.0,5.0,1.0,0.000667572021484375,667.572021484375,29.154400983602766,78.125,0.0,1,7,9.765625,68.359375,68.359375,9.765625,7.0,0.001023990637799883,230730D-JC-52,25.0,0.5873680114746094,0.023494720458984375,0.0011365481409319695,2.6702880859375e-05,326
379,14.0,214,327,216,335,8.49372773570204,1.921802238952664,0.9740666327117372,13.0,0.9333333333333333,0.00133514404296875,1335.14404296875,41.23054927387454,82.94655991896524,18.767599989772112,2,8,19.53125,78.125,78.125,19.53125,4.0,0.002047981275599766,230730D-JC-52,25.0,0.5873680114746094,0.023494720458984375,0.002273096281863939,5.340576171875e-05,137
381,45.0,214,340,218,371,31.95935554337187,2.4968302212165305,0.9969435576531377,40.86396103067893,0.5769230769230769,0.004291534423828125,4291.534423828125,73.91989810605938,312.10308147824094,24.38310762906768,4,31,39.0625,302.734375,302.734375,39.0625,7.75,0.006582796957284962,230730D-JC-52,25.0,0.5873680114746094,0.023494720458984375,0.007306380905991232,0.000171661376953125,9
383,20.0,215,13,218,20,7.731010827707836,3.198667157092813,0.9103928087251936,15.414213562373096,1.0,0.0019073486328125,1907.3486328125,49.27993207070625,75.49815261433433,31.236983955984503,3,7,29.296875,68.359375,68.359375,29.296875,2.3333333333333335,0.002925687536571094,230730D-JC-52,25.0,0.5873680114746094,0.023494720458984375,0.00324728040266277,7.62939453125e-05,60
384,20.0,215,58,224,62,9.512645411808203,3.4913575109410315,0.9302119559920261,17.071067811865476,0.7407407407407407,0.0019073486328125,1907.3486328125,49.27993207070625,92.89692784968948,34.095288192783514,9,4,87.890625,39.0625,87.890625,39.0625,2.25,0.002925687536571094,230730D-JC-52,25.0,0.5873680114746094,0.023494720458984375,0.00324728040266277,7.62939453125e-05,61
385,21.0,216,209,220,222,13.050928830097718,2.959249380921048,0.9739538648339626,16.207106781186546,0.65625,0.002002716064453125,2002.716064453125,50.496903767836045,127.45047685642302,28.898919735557108,4,13,39.0625,126.953125,126.953125,39.0625,3.25,0.003071971913399649,230730D-JC-52,25.0,0.5873680114746094,0.023494720458984375,0.0034096444227959084,8.0108642578125e-05,53
387,6.0,216,280,217,286,6.831300510639732,0.0,1.0,4.0,1.0,0.00057220458984375,572.20458984375,26.991730427448083,66.71191904921614,0.0,1,6,9.765625,58.59375,58.59375,9.765625,6.0,0.0008777062609713282,230730D-JC-52,25.0,0.5873680114746094,0.023494720458984375,0.000974184120798831,2.288818359375e-05,380
389,21.0,217,240,222,250,11.299397969986112,3.4015836089612073,0.953611154513022,18.621320343559645,0.65625,0.002002716064453125,2002.716064453125,50.496903767836045,110.34568330064562,33.21858993126179,5,10,48.828125,97.65625,97.65625,48.828125,2.0,0.003071971913399649,230730D-JC-52,25.0,0.5873680114746094,0.023494720458984375,0.0034096444227959084,8.0108642578125e-05,54
390,7.0,217,258,218,265,8.0,0.0,1.0,5.0,1.0,0.000667572021484375,667.572021484375,29.154400983602766,78.125,0.0,1,7,9.765625,68.359375,68.359375,9.765625,7.0,0.001023990637799883,230730D-JC-52,25.0,0.5873680114746094,0.023494720458984375,0.0011365481409319695,2.6702880859375e-05,327
391,13.0,218,198,221,204,6.094800346590386,2.780134597492021,0.8899036250547795,10.82842712474619,0.9285714285714286,0.001239776611328125,1239.776611328125,39.73075141726777,59.519534634671736,27.14975192863302,3,6,29.296875,58.59375,58.59375,29.296875,2.0,0.0019016968987712111,230730D-JC-52,25.0,0.5873680114746094,0.023494720458984375,0.0021107322617308004,4.9591064453125e-05,152
392,14.0,219,3,223,8,4.9437078791371425,3.63213511133353,0.6783936988471191,11.65685424949238,0.9333333333333333,0.00133514404296875,1335.14404296875,41.23054927387454,48.278397257198655,35.4700694466165,4,5,39.0625,48.828125,48.828125,39.0625,1.25,0.002047981275599766,230730D-JC-52,25.0,0.5873680114746094,0.023494720458984375,0.002273096281863939,5.340576171875e-05,138
393,16.0,219,31,223,37,5.526153357773185,3.7698314373950663,0.7311842538561695,13.071067811865474,0.8888888888888888,0.00152587890625,1525.87890625,44.07731121466846,53.966341384503764,36.814760130811194,4,6,39.0625,58.59375,58.59375,39.0625,1.5,0.0023405500292568754,230730D-JC-52,25.0,0.5873680114746094,0.023494720458984375,0.002597824322130216,6.103515625e-05,109
394,6.0,219,89,222,92,3.126943839882286,2.309401076758503,0.6741998624632421,6.242640687119286,1.0,0.00057220458984375,572.20458984375,26.991730427448083,30.53656093635045,22.552744890219756,3,3,29.296875,29.296875,29.296875,29.296875,1.0,0.0008777062609713282,230730D-JC-52,25.0,0.5873680114746094,0.023494720458984375,0.000974184120798831,2.288818359375e-05,381
395,71.0,219,146,227,163,14.476336525817633,7.885340128645215,0.8386274011921687,35.349242404917504,0.8554216867469879,0.006771087646484375,6771.087646484375,92.85050647342561,141.3704738849378,77.00527469380093,8,17,78.125,166.015625,166.015625,78.125,2.125,0.010386190754827385,230730D-JC-52,25.0,0.5873680114746094,0.023494720458984375,0.011527845429452833,0.000270843505859375,4
400,9.0,223,379,226,383,3.885753375057407,2.7954428906961324,0.6945875203623408,8.242640687119284,1.0,0.000858306884765625,858.306884765625,33.057983411001345,37.94681030329499,27.299246979454416,3,4,29.296875,39.0625,39.0625,29.296875,1.3333333333333333,0.0013165593914569924,230730D-JC-52,25.0,0.5873680114746094,0.023494720458984375,0.0014612761811982464,3.4332275390625e-05,250
402,7.0,226,400,229,404,4.505936460652527,1.964637859424637,0.8999413360911781,6.414213562373095,0.875,0.000667572021484375,667.572021484375,29.154400983602766,44.00328574855983,19.18591659594372,3,4,29.296875,39.0625,39.0625,29.296875,1.3333333333333333,0.001023990637799883,230730D-JC-52,25.0,0.5873680114746094,0.023494720458984375,0.0011365481409319695,2.6702880859375e-05,328
404,10.0,229,130,232,135,4.750431047344971,2.65205672345464,0.8296545749843498,9.65685424949238,1.0,0.00095367431640625,953.67431640625,34.84617414360881,46.39092819672823,25.89899143998672,3,5,29.296875,48.828125,48.828125,29.296875,1.6666666666666667,0.001462843768285547,230730D-JC-52,25.0,0.5873680114746094,0.023494720458984375,0.001623640201331385,3.814697265625e-05,222
405,17.0,229,231,233,237,5.538522708404269,3.894303103036181,0.7110610304053936,12.65685424949238,0.9444444444444444,0.001621246337890625,1621.246337890625,45.43385245782498,54.087135824260436,38.030303740587705,4,6,39.0625,58.59375,58.59375,39.0625,1.5,0.00248683440608543,230730D-JC-52,25.0,0.5873680114746094,0.023494720458984375,0.0027601883422633546,6.4849853515625e-05,89
407,7.0,229,428,231,432,4.155374705678736,1.9054711331003737,0.8886656215775005,7.207106781186548,1.0,0.000667572021484375,667.572021484375,29.154400983602766,40.57983111014391,18.60811653418334,2,4,19.53125,39.0625,39.0625,19.53125,2.0,0.001023990637799883,230730D-JC-52,25.0,0.5873680114746094,0.023494720458984375,0.0011365481409319695,2.6702880859375e-05,329
408,16.0,230,42,236,49,8.950053031490356,2.254783966039822,0.9677455440524535,12.242640687119284,0.8,0.00152587890625,1525.87890625,44.07731121466846,87.40286163564801,22.01937466835764,6,7,58.59375,68.359375,68.359375,58.59375,1.1666666666666667,0.0023405500292568754,230730D-JC-52,25.0,0.5873680114746094,0.023494720458984375,0.002597824322130216,6.103515625e-05,110
409,7.0,230,219,233,223,4.375345285424217,2.089630999709932,0.8785816084295586,7.414213562373096,0.7777777777777778,0.000667572021484375,667.572021484375,29.154400983602766,42.72798130297087,20.406552731542302,3,4,29.296875,39.0625,39.0625,29.296875,1.3333333333333333,0.001023990637799883,230730D-JC-52,25.0,0.5873680114746094,0.023494720458984375,0.0011365481409319695,2.6702880859375e-05,330
411,6.0,232,206,235,210,4.8496611975202075,1.3468925727763872,0.9606594016383402,6.414213562373095,1.0,0.00057220458984375,572.20458984375,26.991730427448083,47.359972632033276,13.153247781019406,3,4,29.296875,39.0625,39.0625,29.296875,1.3333333333333333,0.0008777062609713282,230730D-JC-52,25.0,0.5873680114746094,0.023494720458984375,0.000974184120798831,2.288818359375e-05,382
412,5.0,233,21,235,24,3.098386676965933,1.7888543819998317,0.816496580927726,5.207106781186548,1.0,0.000476837158203125,476.837158203125,24.639966035353126,30.257682392245442,17.469281074217108,2,3,19.53125,29.296875,29.296875,19.53125,1.5,0.0007314218841427735,230730D-JC-52,25.0,0.5873680114746094,0.023494720458984375,0.0008118201006656925,1.9073486328125e-05,432
415,7.0,242,32,244,37,5.133805351608395,1.5423153015346878,0.9538059423779469,6.207106781186548,0.875,0.000667572021484375,667.572021484375,29.154400983602766,50.134817886800725,15.061672866549685,2,5,19.53125,48.828125,48.828125,19.53125,2.5,0.001023990637799883,230730D-JC-52,25.0,0.5873680114746094,0.023494720458984375,0.0011365481409319695,2.6702880859375e-05,331
416,8.0,243,226,247,230,5.632180985491135,1.8106731750020786,0.9469139798601449,8.207106781186548,0.8888888888888888,0.000762939453125,762.939453125,31.167365656361927,55.001767436436865,17.682355224629674,4,4,39.0625,39.0625,39.0625,39.0625,1.0,0.0011702750146284377,230730D-JC-52,25.0,0.5873680114746094,0.023494720458984375,0.001298912161065108,3.0517578125e-05,285
417,7.0,248,477,252,479,4.155374705678736,1.9054711331003737,0.8886656215775005,7.207106781186548,1.0,0.000667572021484375,667.572021484375,29.154400983602766,40.57983111014391,18.60811653418334,4,2,39.0625,19.53125,39.0625,19.53125,2.0,0.001023990637799883,230730D-JC-52,25.0,0.5873680114746094,0.023494720458984375,0.0011365481409319695,2.6702880859375e-05,332
418,10.0,249,490,253,494,4.962652105309773,2.77346066885119,0.8292575519214328,8.035533905932738,0.8333333333333334,0.00095367431640625,953.67431640625,34.84617414360881,48.46339946591575,27.084576844249902,4,4,39.0625,39.0625,39.0625,39.0625,1.0,0.001462843768285547,230730D-JC-52,25.0,0.5873680114746094,0.023494720458984375,0.001623640201331385,3.814697265625e-05,223
419,4.0,252,214,255,216,2.8284271247461903,1.7320508075688772,0.7905694150420949,4.621320343559642,1.0,0.0003814697265625,381.4697265625,22.03865560733423,27.621358640099515,16.914558667664817,3,2,29.296875,19.53125,29.296875,19.53125,1.5,0.0005851375073142189,230730D-JC-52,25.0,0.5873680114746094,0.023494720458984375,0.000649456080532554,1.52587890625e-05,499
421,7.0,254,243,256,248,4.993927366567251,1.772659614960501,0.9348803365849727,6.207106781186548,0.875,0.000667572021484375,667.572021484375,29.154400983602766,48.7688219391333,17.311129052348644,2,5,19.53125,48.828125,48.828125,19.53125,2.5,0.001023990637799883,230730D-JC-52,25.0,0.5873680114746094,0.023494720458984375,0.0011365481409319695,2.6702880859375e-05,333
422,5.0,255,349,257,352,3.098386676965933,1.7888543819998317,0.816496580927726,5.207106781186548,1.0,0.000476837158203125,476.837158203125,24.639966035353126,30.257682392245442,17.469281074217108,2,3,19.53125,29.296875,29.296875,19.53125,1.5,0.0007314218841427735,230730D-JC-52,25.0,0.5873680114746094,0.023494720458984375,0.0008118201006656925,1.9073486328125e-05,433
425,9.0,259,99,262,103,3.885753375057407,2.7954428906961324,0.6945875203623408,8.242640687119284,1.0,0.000858306884765625,858.306884765625,33.057983411001345,37.94681030329499,27.299246979454416,3,4,29.296875,39.0625,39.0625,29.296875,1.3333333333333333,0.0013165593914569924,230730D-JC-52,25.0,0.5873680114746094,0.023494720458984375,0.0014612761811982464,3.4332275390625e-05,251
426,9.0,259,223,263,227,4.641814577694024,2.550086300962506,0.8355774137439674,8.242640687119286,0.8181818181818182,0.000858306884765625,858.306884765625,33.057983411001345,45.330220485293204,24.903186532836973,4,4,39.0625,39.0625,39.0625,39.0625,1.0,0.0013165593914569924,230730D-JC-52,25.0,0.5873680114746094,0.023494720458984375,0.0014612761811982464,3.4332275390625e-05,252
428,5.0,259,295,261,298,3.098386676965933,1.7888543819998317,0.816496580927726,5.207106781186548,1.0,0.000476837158203125,476.837158203125,24.639966035353126,30.257682392245442,17.469281074217108,2,3,19.53125,29.296875,29.296875,19.53125,1.5,0.0007314218841427735,230730D-JC-52,25.0,0.5873680114746094,0.023494720458984375,0.0008118201006656925,1.9073486328125e-05,434
430,11.0,261,148,265,153,5.33289697394648,2.7435655658345057,0.8575139967402564,10.449747468305834,0.8461538461538461,0.001049041748046875,1049.041748046875,36.54697576669487,52.07907201119609,26.792632478852596,4,5,39.0625,48.828125,48.828125,39.0625,1.25,0.0016091281451141018,230730D-JC-52,25.0,0.5873680114746094,0.023494720458984375,0.0017860042214645235,4.1961669921875e-05,193
431,9.0,264,479,267,483,4.25044367047193,2.612014068307059,0.7888954830250753,7.621320343559642,0.9,0.000858306884765625,858.306884765625,33.057983411001345,41.50823896945244,25.507949885811122,3,4,29.296875,39.0625,39.0625,29.296875,1.3333333333333333,0.0013165593914569924,230730D-JC-52,25.0,0.5873680114746094,0.023494720458984375,0.0014612761811982464,3.4332275390625e-05,253
432,20.0,265,375,270,381,6.143835173728605,4.187277081595534,0.7317797001424986,15.071067811865474,0.8333333333333334,0.0019073486328125,1907.3486328125,49.27993207070625,59.99839036844341,40.89137774995638,5,6,48.828125,58.59375,58.59375,48.828125,1.2,0.002925687536571094,230730D-JC-52,25.0,0.5873680114746094,0.023494720458984375,0.00324728040266277,7.62939453125e-05,62
436,5.0,268,60,270,64,4.093338188813542,1.563516060678838,0.9241763718304448,4.414213562373095,0.8333333333333334,0.000476837158203125,476.837158203125,24.639966035353126,39.97400575013224,15.268711530066778,2,4,19.53125,39.0625,39.0625,19.53125,2.0,0.0007314218841427735,230730D-JC-52,25.0,0.5873680114746094,0.023494720458984375,0.0008118201006656925,1.9073486328125e-05,435
437,7.0,269,236,271,240,4.155374705678736,1.9054711331003737,0.8886656215775005,7.207106781186548,1.0,0.000667572021484375,667.572021484375,29.154400983602766,40.57983111014391,18.60811653418334,2,4,19.53125,39.0625,39.0625,19.53125,2.0,0.001023990637799883,230730D-JC-52,25.0,0.5873680114746094,0.023494720458984375,0.0011365481409319695,2.6702880859375e-05,334
438,4.0,269,261,271,263,2.0,2.0,0.0,4.0,1.0,0.0003814697265625,381.4697265625,22.03865560733423,19.53125,19.53125,2,2,19.53125,19.53125,19.53125,19.53125,1.0,0.0005851375073142189,230730D-JC-52,25.0,0.5873680114746094,0.023494720458984375,0.000649456080532554,1.52587890625e-05,500
441,6.0,270,252,273,255,3.0550504633038935,2.6666666666666665,0.487950036474267,6.414213562373095,0.8571428571428571,0.00057220458984375,572.20458984375,26.991730427448083,29.834477180702084,26.041666666666664,3,3,29.296875,29.296875,29.296875,29.296875,1.0,0.0008777062609713282,230730D-JC-52,25.0,0.5873680114746094,0.023494720458984375,0.000974184120798831,2.288818359375e-05,383
444,5.0,272,244,274,248,4.743365517193277,1.3492529674978502,0.9586907114045355,4.207106781186548,0.8333333333333334,0.000476837158203125,476.837158203125,24.639966035353126,46.3219288788406,13.176298510721193,2,4,19.53125,39.0625,39.0625,19.53125,2.0,0.0007314218841427735,230730D-JC-52,25.0,0.5873680114746094,0.023494720458984375,0.0008118201006656925,1.9073486328125e-05,436
445,13.0,272,437,276,442,5.376796813410203,2.993305616289287,0.830708276629804,11.071067811865476,1.0,0.001239776611328125,1239.776611328125,39.73075141726777,52.50778138095901,29.23150015907507,4,5,39.0625,48.828125,48.828125,39.0625,1.25,0.0019016968987712111,230730D-JC-52,25.0,0.5873680114746094,0.023494720458984375,0.0021107322617308004,4.9591064453125e-05,153
446,17.0,272,451,274,462,11.33411447027083,1.8475068878759209,0.9866253951247367,16.207106781186546,0.8947368421052632,0.001621246337890625,1621.246337890625,45.43385245782498,110.68471162373858,18.04205945191329,2,11,19.53125,107.421875,107.421875,19.53125,5.5,0.00248683440608543,230730D-JC-52,25.0,0.5873680114746094,0.023494720458984375,0.0027601883422633546,6.4849853515625e-05,90
447,9.0,273,292,278,295,4.952443034793325,2.34478130006868,0.8808155784873766,9.242640687119284,0.9,0.000858306884765625,858.306884765625,33.057983411001345,48.36370151165357,22.8982548834832,5,3,48.828125,29.296875,48.828125,29.296875,1.6666666666666667,0.0013165593914569924,230730D-JC-52,25.0,0.5873680114746094,0.023494720458984375,0.0014612761811982464,3.4332275390625e-05,254
449,7.0,274,308,278,311,4.0,2.2131333406899527,0.8329931278350429,7.65685424949238,1.0,0.000667572021484375,667.572021484375,29.154400983602766,39.0625,21.61263028017532,4,3,39.0625,29.296875,39.0625,29.296875,1.3333333333333333,0.001023990637799883,230730D-JC-52,25.0,0.5873680114746094,0.023494720458984375,0.0011365481409319695,2.6702880859375e-05,335
450,14.0,275,172,279,178,6.375720495906835,2.799997156505851,0.8984061277265492,12.863961030678928,0.9333333333333333,0.00133514404296875,1335.14404296875,41.23054927387454,62.26289546784019,27.34372223150245,4,6,39.0625,58.59375,58.59375,39.0625,1.5,0.002047981275599766,230730D-JC-52,25.0,0.5873680114746094,0.023494720458984375,0.002273096281863939,5.340576171875e-05,139
452,17.0,276,208,278,219,11.976408423456022,1.7484252216038656,0.9892861969111659,16.0,0.8947368421052632,0.001621246337890625,1621.246337890625,45.43385245782498,116.95711351031271,17.07446505472525,2,11,19.53125,107.421875,107.421875,19.53125,5.5,0.00248683440608543,230730D-JC-52,25.0,0.5873680114746094,0.023494720458984375,0.0027601883422633546,6.4849853515625e-05,91
453,7.0,276,232,278,237,5.672452304781605,1.5606183863895253,0.9614092233077123,6.0,0.875,0.000667572021484375,667.572021484375,29.154400983602766,55.39504203888286,15.240413929585209,2,5,19.53125,48.828125,48.828125,19.53125,2.5,0.001023990637799883,230730D-JC-52,25.0,0.5873680114746094,0.023494720458984375,0.0011365481409319695,2.6702880859375e-05,336
457,22.0,277,195,286,206,15.504367208796934,3.7321102665327746,0.9705962178200123,20.035533905932738,0.55,0.00209808349609375,2098.08349609375,51.68522879298074,151.40983602340756,36.446389321609125,9,11,87.890625,107.421875,107.421875,87.890625,1.2222222222222223,0.0032182562902282035,230730D-JC-52,25.0,0.5873680114746094,0.023494720458984375,0.003572008442929047,8.392333984375e-05,47
458,12.0,277,503,281,507,5.093594177059853,3.7341916459002,0.6801044095880846,11.414213562373096,0.8571428571428571,0.0011444091796875,1144.4091796875,38.17207124241562,49.74213063535013,36.46671529199414,4,4,39.0625,39.0625,39.0625,39.0625,1.0,0.0017554125219426564,230730D-JC-52,25.0,0.5873680114746094,0.023494720458984375,0.001948368241597662,4.57763671875e-05,177
460,15.0,278,41,283,47,5.360311377384859,4.182019148653035,0.6255524308969782,13.899494936611667,0.8333333333333334,0.001430511474609375,1430.511474609375,42.67767307000309,52.34679079477401,40.84003074856479,5,6,48.828125,58.59375,58.59375,48.828125,1.2,0.0021942656524283205,230730D-JC-52,25.0,0.5873680114746094,0.023494720458984375,0.0024354603019970775,5.7220458984375e-05,122
461,4.0,278,125,280,128,2.8284271247461903,1.7320508075688772,0.7905694150420949,4.621320343559642,1.0,0.0003814697265625,381.4697265625,22.03865560733423,27.621358640099515,16.914558667664817,2,3,19.53125,29.296875,29.296875,19.53125,1.5,0.0005851375073142189,230730D-JC-52,25.0,0.5873680114746094,0.023494720458984375,0.000649456080532554,1.52587890625e-05,501
462,10.0,278,141,282,145,5.070203362554914,2.540283027998424,0.8654345930167235,8.621320343559642,0.8333333333333334,0.00095367431640625,953.67431640625,34.84617414360881,49.513704712450334,24.80745144529711,4,4,39.0625,39.0625,39.0625,39.0625,1.0,0.001462843768285547,230730D-JC-52,25.0,0.5873680114746094,0.023494720458984375,0.001623640201331385,3.814697265625e-05,224
465,14.0,279,475,287,481,9.829277601807476,2.2217835706407447,0.9741186425603443,13.449747468305834,0.7777777777777778,0.00133514404296875,1335.14404296875,41.23054927387454,95.98903908015113,21.697105182038523,8,6,78.125,58.59375,78.125,58.59375,1.3333333333333333,0.002047981275599766,230730D-JC-52,25.0,0.5873680114746094,0.023494720458984375,0.002273096281863939,5.340576171875e-05,140
468,23.0,287,210,294,219,10.354608846827874,3.5857621220493106,0.9381252119934754,20.27817459305202,0.7666666666666667,0.002193450927734375,2193.450927734375,52.84683964654307,101.11922701980346,35.0172082231378,7,9,68.359375,87.890625,87.890625,68.359375,1.2857142857142858,0.0033645406670567584,230730D-JC-52,25.0,0.5873680114746094,0.023494720458984375,0.0037343724630621855,8.7738037109375e-05,40
471,10.0,289,318,293,322,4.0,3.149603149604724,0.6164414002968978,9.071067811865476,1.0,0.00095367431640625,953.67431640625,34.84617414360881,39.0625,30.757843257858635,4,4,39.0625,39.0625,39.0625,39.0625,1.0,0.001462843768285547,230730D-JC-52,25.0,0.5873680114746094,0.023494720458984375,0.001623640201331385,3.814697265625e-05,225
474,4.0,292,59,294,62,3.4641016151377544,1.4142135623730951,0.9128709291752769,3.2071067811865475,0.8,0.0003814697265625,381.4697265625,22.03865560733423,33.829117335329634,13.810679320049758,2,3,19.53125,29.296875,29.296875,19.53125,1.5,0.0005851375073142189,230730D-JC-52,25.0,0.5873680114746094,0.023494720458984375,0.000649456080532554,1.52587890625e-05,502
475,4.0,292,159,294,161,2.0,2.0,0.0,4.0,1.0,0.0003814697265625,381.4697265625,22.03865560733423,19.53125,19.53125,2,2,19.53125,19.53125,19.53125,19.53125,1.0,0.0005851375073142189,230730D-JC-52,25.0,0.5873680114746094,0.023494720458984375,0.000649456080532554,1.52587890625e-05,503
476,8.0,292,239,296,241,4.47213595499958,2.0,0.8944271909999159,8.0,1.0,0.000762939453125,762.939453125,31.167365656361927,43.67320268554277,19.53125,4,2,39.0625,19.53125,39.0625,19.53125,2.0,0.0011702750146284377,230730D-JC-52,25.0,0.5873680114746094,0.023494720458984375,0.001298912161065108,3.0517578125e-05,286
478,6.0,293,367,296,370,3.126943839882286,2.309401076758503,0.6741998624632421,6.242640687119286,1.0,0.00057220458984375,572.20458984375,26.991730427448083,30.53656093635045,22.552744890219756,3,3,29.296875,29.296875,29.296875,29.296875,1.0,0.0008777062609713282,230730D-JC-52,25.0,0.5873680114746094,0.023494720458984375,0.000974184120798831,2.288818359375e-05,384
480,4.0,293,462,294,466,4.47213595499958,0.0,1.0,2.0,1.0,0.0003814697265625,381.4697265625,22.03865560733423,43.67320268554277,0.0,1,4,9.765625,39.0625,39.0625,9.765625,4.0,0.0005851375073142189,230730D-JC-52,25.0,0.5873680114746094,0.023494720458984375,0.000649456080532554,1.52587890625e-05,504
482,8.0,294,92,298,95,3.8888437389046198,2.6223833385648136,0.7384255845247096,7.82842712474619,0.8888888888888888,0.000762939453125,762.939453125,31.167365656361927,37.97698963774043,25.60921229067201,4,3,39.0625,29.296875,39.0625,29.296875,1.3333333333333333,0.0011702750146284377,230730D-JC-52,25.0,0.5873680114746094,0.023494720458984375,0.001298912161065108,3.0517578125e-05,287
485,4.0,296,228,300,229,4.47213595499958,0.0,1.0,2.0,1.0,0.0003814697265625,381.4697265625,22.03865560733423,43.67320268554277,0.0,4,1,39.0625,9.765625,39.0625,9.765625,4.0,0.0005851375073142189,230730D-JC-52,25.0,0.5873680114746094,0.023494720458984375,0.000649456080532554,1.52587890625e-05,505
487,9.0,297,112,301,115,3.7817431280582214,3.1300454222715657,0.5612111506528393,7.621320343559642,0.9,0.000858306884765625,858.306884765625,33.057983411001345,36.931085234943566,30.566849826870758,4,3,39.0625,29.296875,39.0625,29.296875,1.3333333333333333,0.0013165593914569924,230730D-JC-52,25.0,0.5873680114746094,0.023494720458984375,0.0014612761811982464,3.4332275390625e-05,255
490,4.0,298,264,300,266,2.0,2.0,0.0,4.0,1.0,0.0003814697265625,381.4697265625,22.03865560733423,19.53125,19.53125,2,2,19.53125,19.53125,19.53125,19.53125,1.0,0.0005851375073142189,230730D-JC-52,25.0,0.5873680114746094,0.023494720458984375,0.000649456080532554,1.52587890625e-05,506
491,5.0,299,285,302,288,3.335641688875783,2.0575457524521585,0.787091262435293,5.621320343559642,0.8333333333333334,0.000476837158203125,476.837158203125,24.639966035353126,32.574625867927566,20.09322023879061,3,3,29.296875,29.296875,29.296875,29.296875,1.0,0.0007314218841427735,230730D-JC-52,25.0,0.5873680114746094,0.023494720458984375,0.0008118201006656925,1.9073486328125e-05,437
492,6.0,300,20,303,23,3.265986323710904,2.7487370837451075,0.5400617248673215,6.621320343559642,0.8571428571428571,0.00057220458984375,572.20458984375,26.991730427448083,31.8943976924893,26.843135583448316,3,3,29.296875,29.296875,29.296875,29.296875,1.0,0.0008777062609713282,230730D-JC-52,25.0,0.5873680114746094,0.023494720458984375,0.000974184120798831,2.288818359375e-05,385
493,6.0,300,180,304,183,4.330376161565604,2.1916655435763697,0.8624663809913528,5.414213562373095,0.75,0.00057220458984375,572.20458984375,26.991730427448083,42.2888297027891,21.402983823987984,4,3,39.0625,29.296875,39.0625,29.296875,1.3333333333333333,0.0008777062609713282,230730D-JC-52,25.0,0.5873680114746094,0.023494720458984375,0.000974184120798831,2.288818359375e-05,386
495,9.0,301,42,304,46,3.781743128058221,3.1300454222715666,0.561211150652839,7.621320343559642,0.9,0.000858306884765625,858.306884765625,33.057983411001345,36.931085234943566,30.56684982687077,3,4,29.296875,39.0625,39.0625,29.296875,1.3333333333333333,0.0013165593914569924,230730D-JC-52,25.0,0.5873680114746094,0.023494720458984375,0.0014612761811982464,3.4332275390625e-05,256
498,11.0,302,111,306,115,4.303055018782348,3.7433465141724134,0.4931793733863047,10.449747468305834,0.8461538461538461,0.001049041748046875,1049.041748046875,36.54697576669487,42.022021667796366,36.556118302464974,4,4,39.0625,39.0625,39.0625,39.0625,1.0,0.0016091281451141018,230730D-JC-52,25.0,0.5873680114746094,0.023494720458984375,0.0017860042214645235,4.1961669921875e-05,194
499,11.0,302,467,306,472,6.081053090682383,2.1922402412245745,0.9327579039110918,8.242640687119284,1.0,0.001049041748046875,1049.041748046875,36.54697576669487,59.38528408869515,21.408596105708735,4,5,39.0625,48.828125,48.828125,39.0625,1.25,0.0016091281451141018,230730D-JC-52,25.0,0.5873680114746094,0.023494720458984375,0.0017860042214645235,4.1961669921875e-05,195
501,10.0,303,253,307,256,4.09878030638384,2.9933259094191533,0.6831300510639732,8.82842712474619,1.0,0.00095367431640625,953.67431640625,34.84617414360881,40.02715142952969,29.23169833417142,4,3,39.0625,29.296875,39.0625,29.296875,1.3333333333333333,0.001462843768285547,230730D-JC-52,25.0,0.5873680114746094,0.023494720458984375,0.001623640201331385,3.814697265625e-05,226
505,6.0,306,503,309,506,3.8297084310253524,1.8856180831641265,0.8703882797784892,6.207106781186548,0.8571428571428571,0.00057220458984375,572.20458984375,26.991730427448083,37.399496396731955,18.414239093399672,3,3,29.296875,29.296875,29.296875,29.296875,1.0,0.0008777062609713282,230730D-JC-52,25.0,0.5873680114746094,0.023494720458984375,0.000974184120798831,2.288818359375e-05,387
507,22.0,307,61,314,70,9.734715971397748,5.54282493517509,0.8220693106210137,18.65685424949238,0.5789473684210527,0.00209808349609375,2098.08349609375,51.68522879298074,95.06558565818113,54.12914975756924,7,9,68.359375,87.890625,87.890625,68.359375,1.2857142857142858,0.0032182562902282035,230730D-JC-52,25.0,0.5873680114746094,0.023494720458984375,0.003572008442929047,8.392333984375e-05,48
511,8.0,309,217,312,222,5.861440866801747,1.772994913976459,0.9531543092057565,7.0,0.8,0.000762939453125,762.939453125,31.167365656361927,57.24063346486081,17.314403456801358,3,5,29.296875,48.828125,48.828125,29.296875,1.6666666666666667,0.0011702750146284377,230730D-JC-52,25.0,0.5873680114746094,0.023494720458984375,0.001298912161065108,3.0517578125e-05,288
514,5.0,310,84,313,87,3.335641688875783,2.0575457524521585,0.787091262435293,5.621320343559642,0.8333333333333334,0.000476837158203125,476.837158203125,24.639966035353126,32.574625867927566,20.09322023879061,3,3,29.296875,29.296875,29.296875,29.296875,1.0,0.0007314218841427735,230730D-JC-52,25.0,0.5873680114746094,0.023494720458984375,0.0008118201006656925,1.9073486328125e-05,438
516,11.0,310,435,314,441,5.618161424864117,3.5498664003546887,0.7750861766254992,8.621320343559642,0.6875,0.001049041748046875,1049.041748046875,36.54697576669487,54.86485766468864,34.66666406596376,4,6,39.0625,58.59375,58.59375,39.0625,1.5,0.0016091281451141018,230730D-JC-52,25.0,0.5873680114746094,0.023494720458984375,0.0017860042214645235,4.1961669921875e-05,196
524,11.0,313,237,317,241,4.972652484064489,2.745394340098455,0.8337788470424282,10.035533905932738,0.9166666666666666,0.001049041748046875,1049.041748046875,36.54697576669487,48.561059414692274,26.810491602523975,4,4,39.0625,39.0625,39.0625,39.0625,1.0,0.0016091281451141018,230730D-JC-52,25.0,0.5873680114746094,0.023494720458984375,0.0017860042214645235,4.1961669921875e-05,197
526,5.0,314,267,317,270,2.5298221281347035,2.5298221281347035,0.0,5.656854249492381,1.0,0.000476837158203125,476.837158203125,24.639966035353126,24.705294220065465,24.705294220065465,3,3,29.296875,29.296875,29.296875,29.296875,1.0,0.0007314218841427735,230730D-JC-52,25.0,0.5873680114746094,0.023494720458984375,0.0008118201006656925,1.9073486328125e-05,439
530,7.0,316,422,319,426,4.505936460652527,1.964637859424638,0.899941336091178,6.414213562373095,0.875,0.000667572021484375,667.572021484375,29.154400983602766,44.00328574855983,19.18591659594373,3,4,29.296875,39.0625,39.0625,29.296875,1.3333333333333333,0.001023990637799883,230730D-JC-52,25.0,0.5873680114746094,0.023494720458984375,0.0011365481409319695,2.6702880859375e-05,337
531,7.0,317,47,321,50,4.634736211286691,1.826347935745029,0.9190862167414559,7.414213562373095,0.875,0.000667572021484375,667.572021484375,29.154400983602766,45.26109581334659,17.83542906001005,4,3,39.0625,29.296875,39.0625,29.296875,1.3333333333333333,0.001023990637799883,230730D-JC-52,25.0,0.5873680114746094,0.023494720458984375,0.0011365481409319695,2.6702880859375e-05,338
533,23.0,317,87,328,97,15.493209132695766,2.407882863032112,0.9878492102046528,17.86396103067893,0.71875,0.002193450927734375,2193.450927734375,52.84683964654307,151.30087043648209,23.514481084297966,11,10,107.421875,97.65625,107.421875,97.65625,1.1,0.0033645406670567584,230730D-JC-52,25.0,0.5873680114746094,0.023494720458984375,0.0037343724630621855,8.7738037109375e-05,41
534,5.0,317,145,320,147,3.098386676965933,1.7888543819998317,0.816496580927726,5.207106781186548,1.0,0.000476837158203125,476.837158203125,24.639966035353126,30.257682392245442,17.469281074217108,3,2,29.296875,19.53125,29.296875,19.53125,1.5,0.0007314218841427735,230730D-JC-52,25.0,0.5873680114746094,0.023494720458984375,0.0008118201006656925,1.9073486328125e-05,440
535,12.0,317,485,320,491,6.2971436400447,2.7307678568043277,0.9010805131780966,9.207106781186548,0.8,0.0011444091796875,1144.4091796875,38.17207124241562,61.49554335981152,26.667654851604762,3,6,29.296875,58.59375,58.59375,29.296875,2.0,0.0017554125219426564,230730D-JC-52,25.0,0.5873680114746094,0.023494720458984375,0.001948368241597662,4.57763671875e-05,178
536,6.0,318,360,320,363,3.265986323710904,2.0,0.7905694150420949,6.0,1.0,0.00057220458984375,572.20458984375,26.991730427448083,31.8943976924893,19.53125,2,3,19.53125,29.296875,29.296875,19.53125,1.5,0.0008777062609713282,230730D-JC-52,25.0,0.5873680114746094,0.023494720458984375,0.000974184120798831,2.288818359375e-05,388
538,6.0,319,463,321,468,6.011486661777879,1.2805490592103137,0.9770484855851236,5.207106781186548,0.75,0.00057220458984375,572.20458984375,26.991730427448083,58.7059244314246,12.50536190635072,2,5,19.53125,48.828125,48.828125,19.53125,2.5,0.0008777062609713282,230730D-JC-52,25.0,0.5873680114746094,0.023494720458984375,0.000974184120798831,2.288818359375e-05,389
539,7.0,320,122,323,125,3.0237157840738176,2.7994168488950604,0.3779644730092273,6.82842712474619,1.0,0.000667572021484375,667.572021484375,29.154400983602766,29.528474453845874,27.338055164990823,3,3,29.296875,29.296875,29.296875,29.296875,1.0,0.001023990637799883,230730D-JC-52,25.0,0.5873680114746094,0.023494720458984375,0.0011365481409319695,2.6702880859375e-05,339
540,62.0,321,181,328,197,14.630668341164466,6.47156155245921,0.8968531093965957,35.3492424049175,0.7380952380952381,0.00591278076171875,5912.78076171875,86.76627389239215,142.87762051918423,63.198843285734476,7,16,68.359375,156.25,156.25,68.359375,2.2857142857142856,0.009069631363370393,230730D-JC-52,25.0,0.5873680114746094,0.023494720458984375,0.010066569248254586,0.00023651123046875,6
541,26.0,322,70,330,79,9.712143551341235,5.423459468692931,0.8295580829261097,20.65685424949238,0.65,0.00247955322265625,2479.55322265625,56.18776749757414,94.84515186856675,52.963471373954405,8,9,78.125,87.890625,87.890625,78.125,1.125,0.0038033937975424223,230730D-JC-52,25.0,0.5873680114746094,0.023494720458984375,0.004221464523461601,9.918212890625e-05,29
542,4.0,322,368,324,371,2.8284271247461903,1.7320508075688772,0.7905694150420949,4.621320343559642,1.0,0.0003814697265625,381.4697265625,22.03865560733423,27.621358640099515,16.914558667664817,2,3,19.53125,29.296875,29.296875,19.53125,1.5,0.0005851375073142189,230730D-JC-52,25.0,0.5873680114746094,0.023494720458984375,0.000649456080532554,1.52587890625e-05,507
543,17.0,323,118,329,122,6.757782246401531,3.286786781267443,0.8737526046917492,14.242640687119284,0.8947368421052632,0.001621246337890625,1621.246337890625,45.43385245782498,65.99396725001495,32.09752716081487,6,4,58.59375,39.0625,58.59375,39.0625,1.5,0.00248683440608543,230730D-JC-52,25.0,0.5873680114746094,0.023494720458984375,0.0027601883422633546,6.4849853515625e-05,92
545,16.0,324,173,328,178,4.907196016073746,4.21834413719767,0.5109269460612573,12.414213562373096,0.8888888888888888,0.00152587890625,1525.87890625,44.07731121466846,47.92183609447017,41.194766964821,4,5,39.0625,48.828125,48.828125,39.0625,1.25,0.0023405500292568754,230730D-JC-52,25.0,0.5873680114746094,0.023494720458984375,0.002597824322130216,6.103515625e-05,111
549,11.0,326,371,331,374,4.854444919780395,2.858303992038103,0.8082777398868201,9.82842712474619,0.9166666666666666,0.001049041748046875,1049.041748046875,36.54697576669487,47.40668866973042,27.9131249222471,5,3,48.828125,29.296875,48.828125,29.296875,1.6666666666666667,0.0016091281451141018,230730D-JC-52,25.0,0.5873680114746094,0.023494720458984375,0.0017860042214645235,4.1961669921875e-05,198
552,7.0,327,442,330,445,3.0237157840738176,2.799416848895061,0.377964473009227,6.82842712474619,1.0,0.000667572021484375,667.572021484375,29.154400983602766,29.528474453845874,27.338055164990827,3,3,29.296875,29.296875,29.296875,29.296875,1.0,0.001023990637799883,230730D-JC-52,25.0,0.5873680114746094,0.023494720458984375,0.0011365481409319695,2.6702880859375e-05,340
558,5.0,330,133,332,136,3.098386676965933,1.7888543819998317,0.816496580927726,5.207106781186548,1.0,0.000476837158203125,476.837158203125,24.639966035353126,30.257682392245442,17.469281074217108,2,3,19.53125,29.296875,29.296875,19.53125,1.5,0.0007314218841427735,230730D-JC-52,25.0,0.5873680114746094,0.023494720458984375,0.0008118201006656925,1.9073486328125e-05,441
561,13.0,330,392,335,396,5.376796813410203,2.993305616289287,0.830708276629804,11.071067811865476,1.0,0.001239776611328125,1239.776611328125,39.73075141726777,52.50778138095901,29.23150015907507,5,4,48.828125,39.0625,48.828125,39.0625,1.25,0.0019016968987712111,230730D-JC-52,25.0,0.5873680114746094,0.023494720458984375,0.0021107322617308004,4.9591064453125e-05,154
562,4.0,330,452,331,456,4.47213595499958,0.0,1.0,2.0,1.0,0.0003814697265625,381.4697265625,22.03865560733423,43.67320268554277,0.0,1,4,9.765625,39.0625,39.0625,9.765625,4.0,0.0005851375073142189,230730D-JC-52,25.0,0.5873680114746094,0.023494720458984375,0.000649456080532554,1.52587890625e-05,508
564,5.0,331,250,334,253,4.0,1.3856406460551023,0.9380831519646858,5.414213562373095,1.0,0.000476837158203125,476.837158203125,24.639966035353126,39.0625,13.531646934131858,3,3,29.296875,29.296875,29.296875,29.296875,1.0,0.0007314218841427735,230730D-JC-52,25.0,0.5873680114746094,0.023494720458984375,0.0008118201006656925,1.9073486328125e-05,442
565,20.0,332,270,340,274,8.128989862600292,3.5099179212257496,0.9019799730100426,15.65685424949238,0.8695652173913043,0.0019073486328125,1907.3486328125,49.27993207070625,79.38466662695598,34.276542199470214,8,4,78.125,39.0625,78.125,39.0625,2.0,0.002925687536571094,230730D-JC-52,25.0,0.5873680114746094,0.023494720458984375,0.00324728040266277,7.62939453125e-05,63
567,6.0,332,471,335,475,4.8496611975202075,1.3468925727763872,0.9606594016383402,6.414213562373095,1.0,0.00057220458984375,572.20458984375,26.991730427448083,47.359972632033276,13.153247781019406,3,4,29.296875,39.0625,39.0625,29.296875,1.3333333333333333,0.0008777062609713282,230730D-JC-52,25.0,0.5873680114746094,0.023494720458984375,0.000974184120798831,2.288818359375e-05,390
569,7.0,333,200,336,204,3.648665604076859,2.505808461219716,0.7268710698001566,7.242640687119286,0.875,0.000667572021484375,667.572021484375,29.154400983602766,35.631500039813076,24.470785754098788,3,4,29.296875,39.0625,39.0625,29.296875,1.3333333333333333,0.001023990637799883,230730D-JC-52,25.0,0.5873680114746094,0.023494720458984375,0.0011365481409319695,2.6702880859375e-05,341
577,17.0,336,1,341,6,5.223375262575888,4.16403509069658,0.6037253253949398,13.071067811865476,0.8947368421052632,0.001621246337890625,1621.246337890625,45.43385245782498,51.00952404859266,40.66440518258379,5,5,48.828125,48.828125,48.828125,48.828125,1.0,0.00248683440608543,230730D-JC-52,25.0,0.5873680114746094,0.023494720458984375,0.0027601883422633546,6.4849853515625e-05,93
578,4.0,336,342,338,344,2.0,2.0,0.0,4.0,1.0,0.0003814697265625,381.4697265625,22.03865560733423,19.53125,19.53125,2,2,19.53125,19.53125,19.53125,19.53125,1.0,0.0005851375073142189,230730D-JC-52,25.0,0.5873680114746094,0.023494720458984375,0.000649456080532554,1.52587890625e-05,509
580,10.0,337,36,341,39,4.09878030638384,2.9933259094191533,0.6831300510639732,8.82842712474619,1.0,0.00095367431640625,953.67431640625,34.84617414360881,40.02715142952969,29.23169833417142,4,3,39.0625,29.296875,39.0625,29.296875,1.3333333333333333,0.001462843768285547,230730D-JC-52,25.0,0.5873680114746094,0.023494720458984375,0.001623640201331385,3.814697265625e-05,227
581,5.0,338,143,341,146,2.5298221281347035,2.5298221281347035,0.0,5.656854249492381,1.0,0.000476837158203125,476.837158203125,24.639966035353126,24.705294220065465,24.705294220065465,3,3,29.296875,29.296875,29.296875,29.296875,1.0,0.0007314218841427735,230730D-JC-52,25.0,0.5873680114746094,0.023494720458984375,0.0008118201006656925,1.9073486328125e-05,443
584,14.0,339,482,344,486,4.909792887017621,3.6667361801409233,0.6650251657557533,11.242640687119286,0.9333333333333333,0.00133514404296875,1335.14404296875,41.23054927387454,47.94719616228145,35.807970509188706,5,4,48.828125,39.0625,48.828125,39.0625,1.25,0.002047981275599766,230730D-JC-52,25.0,0.5873680114746094,0.023494720458984375,0.002273096281863939,5.340576171875e-05,141
586,13.0,341,63,349,68,9.779576164789766,2.8167098775197554,0.9576245060365782,13.828427124746192,0.6190476190476191,0.001239776611328125,1239.776611328125,39.73075141726777,95.50367348427505,27.506932397653863,8,5,78.125,48.828125,78.125,48.828125,1.6,0.0019016968987712111,230730D-JC-52,25.0,0.5873680114746094,0.023494720458984375,0.0021107322617308004,4.9591064453125e-05,155
587,15.0,341,283,346,287,5.202077201401587,3.766010785314122,0.6898591042223657,12.242640687119284,0.9375,0.001430511474609375,1430.511474609375,42.67767307000309,50.801535169937374,36.77744907533322,5,4,48.828125,39.0625,48.828125,39.0625,1.25,0.0021942656524283205,230730D-JC-52,25.0,0.5873680114746094,0.023494720458984375,0.0024354603019970775,5.7220458984375e-05,123
588,6.0,344,71,347,75,3.7712361663282534,2.309401076758503,0.7905694150420949,5.449747468305834,0.75,0.00057220458984375,572.20458984375,26.991730427448083,36.82847818679935,22.552744890219756,3,4,29.296875,39.0625,39.0625,29.296875,1.3333333333333333,0.0008777062609713282,230730D-JC-52,25.0,0.5873680114746094,0.023494720458984375,0.000974184120798831,2.288818359375e-05,391
589,8.0,344,454,348,459,6.488432109704299,1.378495106178553,0.9771710102295192,8.414213562373096,1.0,0.000762939453125,762.939453125,31.167365656361927,63.36359482133105,13.461866271274932,4,5,39.0625,48.828125,48.828125,39.0625,1.25,0.0011702750146284377,230730D-JC-52,25.0,0.5873680114746094,0.023494720458984375,0.001298912161065108,3.0517578125e-05,289
590,11.0,344,494,349,498,5.533423046012519,2.633429019761496,0.8794922594871997,9.863961030678928,0.9166666666666666,0.001049041748046875,1049.041748046875,36.54697576669487,54.037334433716005,25.717080271108358,5,4,48.828125,39.0625,48.828125,39.0625,1.25,0.0016091281451141018,230730D-JC-52,25.0,0.5873680114746094,0.023494720458984375,0.0017860042214645235,4.1961669921875e-05,199
592,18.0,345,299,352,304,7.284101727845481,3.5802800488614057,0.870866413352176,14.449747468305832,0.782608695652174,0.00171661376953125,1716.61376953125,46.75104848454289,71.13380593599103,34.96367235216216,7,5,68.359375,48.828125,68.359375,48.828125,1.4,0.0026331187829139848,230730D-JC-52,25.0,0.5873680114746094,0.023494720458984375,0.0029225523623964927,6.866455078125e-05,83
594,11.0,346,321,350,325,3.8138503569823694,3.6725472503134826,0.26967994498529707,9.65685424949238,1.0,0.001049041748046875,1049.041748046875,36.54697576669487,37.244632392405954,35.864719241342605,4,4,39.0625,39.0625,39.0625,39.0625,1.0,0.0016091281451141018,230730D-JC-52,25.0,0.5873680114746094,0.023494720458984375,0.0017860042214645235,4.1961669921875e-05,200
595,5.0,346,412,349,415,4.093338188813542,1.5635160606788385,0.9241763718304448,5.414213562373095,0.7142857142857143,0.000476837158203125,476.837158203125,24.639966035353126,39.97400575013224,15.268711530066783,3,3,29.296875,29.296875,29.296875,29.296875,1.0,0.0007314218841427735,230730D-JC-52,25.0,0.5873680114746094,0.023494720458984375,0.0008118201006656925,1.9073486328125e-05,444
599,4.0,348,401,350,403,2.0,2.0,0.0,4.0,1.0,0.0003814697265625,381.4697265625,22.03865560733423,19.53125,19.53125,2,2,19.53125,19.53125,19.53125,19.53125,1.0,0.0005851375073142189,230730D-JC-52,25.0,0.5873680114746094,0.023494720458984375,0.000649456080532554,1.52587890625e-05,510
601,10.0,349,287,353,290,4.428950353145234,3.056860933927926,0.7236187856513996,8.414213562373096,0.9090909090909091,0.00095367431640625,953.67431640625,34.84617414360881,43.25146829243393,29.852157557889903,4,3,39.0625,29.296875,39.0625,29.296875,1.3333333333333333,0.001462843768285547,230730D-JC-52,25.0,0.5873680114746094,0.023494720458984375,0.001623640201331385,3.814697265625e-05,228
609,18.0,352,182,362,185,11.800974418036564,2.4837676119715186,0.977600015143864,17.242640687119284,0.75,0.00171661376953125,1716.61376953125,46.75104848454289,115.24389080113832,24.25554308565936,10,3,97.65625,29.296875,97.65625,29.296875,3.3333333333333335,0.0026331187829139848,230730D-JC-52,25.0,0.5873680114746094,0.023494720458984375,0.0029225523623964927,6.866455078125e-05,84
610,5.0,352,436,355,439,4.0,1.3856406460551023,0.9380831519646858,5.414213562373095,1.0,0.000476837158203125,476.837158203125,24.639966035353126,39.0625,13.531646934131858,3,3,29.296875,29.296875,29.296875,29.296875,1.0,0.0007314218841427735,230730D-JC-52,25.0,0.5873680114746094,0.023494720458984375,0.0008118201006656925,1.9073486328125e-05,445
611,9.0,352,476,358,480,7.3708398168954075,1.599877896140251,0.9761593679726451,8.207106781186548,0.8181818181818182,0.000858306884765625,858.306884765625,33.057983411001345,71.98085758686922,15.62380757949464,6,4,58.59375,39.0625,58.59375,39.0625,1.5,0.0013165593914569924,230730D-JC-52,25.0,0.5873680114746094,0.023494720458984375,0.0014612761811982464,3.4332275390625e-05,257
612,37.0,352,491,364,497,11.005052854942548,4.870176016908385,0.8967487687823535,24.727922061357855,0.9024390243902439,0.003528594970703125,3528.594970703125,67.0279542732197,107.47121928654832,47.56031266512095,12,6,117.1875,58.59375,117.1875,58.59375,2.0,0.005412521942656524,230730D-JC-52,25.0,0.5873680114746094,0.023494720458984375,0.0060074687449261244,0.000141143798828125,11
614,5.0,354,33,356,37,4.093338188813542,1.563516060678838,0.9241763718304448,4.414213562373095,0.8333333333333334,0.000476837158203125,476.837158203125,24.639966035353126,39.97400575013224,15.268711530066778,2,4,19.53125,39.0625,39.0625,19.53125,2.0,0.0007314218841427735,230730D-JC-52,25.0,0.5873680114746094,0.023494720458984375,0.0008118201006656925,1.9073486328125e-05,446
615,7.0,354,355,356,360,5.133805351608395,1.5423153015346889,0.9538059423779468,6.207106781186548,0.875,0.000667572021484375,667.572021484375,29.154400983602766,50.134817886800725,15.061672866549696,2,5,19.53125,48.828125,48.828125,19.53125,2.5,0.001023990637799883,230730D-JC-52,25.0,0.5873680114746094,0.023494720458984375,0.0011365481409319695,2.6702880859375e-05,342
617,27.0,354,385,361,390,7.374142717896993,4.713819972923156,0.7690103423229799,17.071067811865476,1.0,0.002574920654296875,2574.920654296875,57.25810686362343,72.01311247946282,46.0333981730777,7,5,68.359375,48.828125,68.359375,48.828125,1.4,0.003949678174370978,230730D-JC-52,25.0,0.5873680114746094,0.023494720458984375,0.00438382854359474,0.000102996826171875,24
618,6.0,355,352,359,355,3.9702144414365588,2.4525853841989638,0.78637743917759,5.414213562373095,0.6666666666666666,0.00057220458984375,572.20458984375,26.991730427448083,38.771625404653896,23.951029142568007,4,3,39.0625,29.296875,39.0625,29.296875,1.3333333333333333,0.0008777062609713282,230730D-JC-52,25.0,0.5873680114746094,0.023494720458984375,0.000974184120798831,2.288818359375e-05,392
620,22.0,356,268,367,274,13.618189630121371,2.908997519757547,0.9769187606587822,19.65685424949238,0.5945945945945946,0.00209808349609375,2098.08349609375,51.68522879298074,132.990133106654,28.408178903882295,11,6,107.421875,58.59375,107.421875,58.59375,1.8333333333333333,0.0032182562902282035,230730D-JC-52,25.0,0.5873680114746094,0.023494720458984375,0.003572008442929047,8.392333984375e-05,49
622,54.0,356,502,364,512,9.722907373883087,7.3684193986790385,0.6524390981935829,27.727922061357855,0.8852459016393442,0.00514984130859375,5149.84130859375,80.97519128234426,94.95026732307703,71.95722069022499,8,10,78.125,97.65625,97.65625,78.125,1.25,0.007899356348741955,230730D-JC-52,25.0,0.5873680114746094,0.023494720458984375,0.00876765708718948,0.00020599365234375,7
623,6.0,357,85,361,87,4.363338213437162,1.65500979239906,0.9252741613028527,5.0,0.8571428571428571,0.00057220458984375,572.20458984375,26.991730427448083,42.610724740597284,16.16220500389707,4,2,39.0625,19.53125,39.0625,19.53125,2.0,0.0008777062609713282,230730D-JC-52,25.0,0.5873680114746094,0.023494720458984375,0.000974184120798831,2.288818359375e-05,393
625,8.0,357,363,361,365,4.47213595499958,2.0,0.8944271909999159,8.0,1.0,0.000762939453125,762.939453125,31.167365656361927,43.67320268554277,19.53125,4,2,39.0625,19.53125,39.0625,19.53125,2.0,0.0011702750146284377,230730D-JC-52,25.0,0.5873680114746094,0.023494720458984375,0.001298912161065108,3.0517578125e-05,290
627,5.0,357,418,360,420,3.098386676965933,1.7888543819998317,0.816496580927726,5.207106781186548,1.0,0.000476837158203125,476.837158203125,24.639966035353126,30.257682392245442,17.469281074217108,3,2,29.296875,19.53125,29.296875,19.53125,1.5,0.0007314218841427735,230730D-JC-52,25.0,0.5873680114746094,0.023494720458984375,0.0008118201006656925,1.9073486328125e-05,447
628,4.0,358,25,361,27,3.4641016151377544,1.4142135623730951,0.9128709291752769,3.2071067811865475,0.8,0.0003814697265625,381.4697265625,22.03865560733423,33.829117335329634,13.810679320049758,3,2,29.296875,19.53125,29.296875,19.53125,1.5,0.0005851375073142189,230730D-JC-52,25.0,0.5873680114746094,0.023494720458984375,0.000649456080532554,1.52587890625e-05,511
630,20.0,358,474,370,479,13.893656070665147,2.6918991418828306,0.9810508886239209,18.035533905932738,0.5882352941176471,0.0019073486328125,1907.3486328125,49.27993207070625,135.68023506508933,26.28807755744952,12,5,117.1875,48.828125,117.1875,48.828125,2.4,0.002925687536571094,230730D-JC-52,25.0,0.5873680114746094,0.023494720458984375,0.00324728040266277,7.62939453125e-05,64
631,11.0,359,74,363,79,4.63387839960592,3.5926781468595097,0.6315846160213254,9.035533905932738,0.7857142857142857,0.001049041748046875,1049.041748046875,36.54697576669487,45.252718746151565,35.0847475279249,4,5,39.0625,48.828125,48.828125,39.0625,1.25,0.0016091281451141018,230730D-JC-52,25.0,0.5873680114746094,0.023494720458984375,0.0017860042214645235,4.1961669921875e-05,201
632,15.0,359,111,364,116,5.306212990198417,3.6569102520486436,0.7245947707619824,12.485281374238571,0.8823529411764706,0.001430511474609375,1430.511474609375,42.67767307000309,51.818486232406414,35.712014180162534,5,5,48.828125,48.828125,48.828125,48.828125,1.0,0.0021942656524283205,230730D-JC-52,25.0,0.5873680114746094,0.023494720458984375,0.0024354603019970775,5.7220458984375e-05,124
633,14.0,359,220,363,225,5.1916092756594585,3.426524577455572,0.7512550300251774,11.65685424949238,0.9333333333333333,0.00133514404296875,1335.14404296875,41.23054927387454,50.6993093326119,33.46215407671457,4,5,39.0625,48.828125,48.828125,39.0625,1.25,0.002047981275599766,230730D-JC-52,25.0,0.5873680114746094,0.023494720458984375,0.002273096281863939,5.340576171875e-05,142
635,13.0,359,405,365,409,6.725087708672652,2.5797000049218384,0.9235020402989321,10.82842712474619,0.8666666666666667,0.001239776611328125,1239.776611328125,39.73075141726777,65.67468465500637,25.192382860564827,6,4,58.59375,39.0625,58.59375,39.0625,1.5,0.0019016968987712111,230730D-JC-52,25.0,0.5873680114746094,0.023494720458984375,0.0021107322617308004,4.9591064453125e-05,156
636,5.0,360,41,363,43,3.098386676965933,1.7888543819998317,0.816496580927726,5.207106781186548,1.0,0.000476837158203125,476.837158203125,24.639966035353126,30.257682392245442,17.469281074217108,3,2,29.296875,19.53125,29.296875,19.53125,1.5,0.0007314218841427735,230730D-JC-52,25.0,0.5873680114746094,0.023494720458984375,0.0008118201006656925,1.9073486328125e-05,448
638,17.0,360,310,368,313,7.828712832203079,2.7936859158529574,0.934161222382843,12.414213562373096,0.85,0.001621246337890625,1621.246337890625,45.43385245782498,76.4522737519832,27.28208902200154,8,3,78.125,29.296875,78.125,29.296875,2.6666666666666665,0.00248683440608543,230730D-JC-52,25.0,0.5873680114746094,0.023494720458984375,0.0027601883422633546,6.4849853515625e-05,94
640,31.0,361,236,373,240,13.49140978399924,3.4078579423282807,0.967572189771624,24.27817459305202,0.8157894736842105,0.002956390380859375,2956.390380859375,61.353020647599784,131.75204867186758,33.279862718049614,12,4,117.1875,39.0625,117.1875,39.0625,3.0,0.004534815681685196,230730D-JC-52,25.0,0.5873680114746094,0.023494720458984375,0.005033284624127293,0.000118255615234375,20
641,4.0,361,347,362,351,4.47213595499958,0.0,1.0,2.0,1.0,0.0003814697265625,381.4697265625,22.03865560733423,43.67320268554277,0.0,1,4,9.765625,39.0625,39.0625,9.765625,4.0,0.0005851375073142189,230730D-JC-52,25.0,0.5873680114746094,0.023494720458984375,0.000649456080532554,1.52587890625e-05,512
644,13.0,362,371,369,378,10.583005244258363,1.4100232907556405,0.9910845174403943,13.414213562373096,1.0,0.001239776611328125,1239.776611328125,39.73075141726777,103.34966058846058,13.769758698785552,7,7,68.359375,68.359375,68.359375,68.359375,1.0,0.0019016968987712111,230730D-JC-52,25.0,0.5873680114746094,0.023494720458984375,0.0021107322617308004,4.9591064453125e-05,157
647,10.0,363,444,369,446,6.0,1.959591794226542,0.9451631252505217,10.414213562373096,1.0,0.00095367431640625,953.67431640625,34.84617414360881,58.59375,19.136638615493574,6,2,58.59375,19.53125,58.59375,19.53125,3.0,0.001462843768285547,230730D-JC-52,25.0,0.5873680114746094,0.023494720458984375,0.001623640201331385,3.814697265625e-05,229
648,6.0,364,248,367,251,3.1269438398822857,2.309401076758503,0.674199862463242,6.242640687119286,1.0,0.00057220458984375,572.20458984375,26.991730427448083,30.536560936350448,22.552744890219756,3,3,29.296875,29.296875,29.296875,29.296875,1.0,0.0008777062609713282,230730D-JC-52,25.0,0.5873680114746094,0.023494720458984375,0.000974184120798831,2.288818359375e-05,394
650,5.0,365,94,367,97,3.098386676965933,1.7888543819998317,0.816496580927726,5.207106781186548,1.0,0.000476837158203125,476.837158203125,24.639966035353126,30.257682392245442,17.469281074217108,2,3,19.53125,29.296875,29.296875,19.53125,1.5,0.0007314218841427735,230730D-JC-52,25.0,0.5873680114746094,0.023494720458984375,0.0008118201006656925,1.9073486328125e-05,449
651,9.0,365,131,370,133,5.274258481434536,1.946056459258261,0.9294403032006735,9.207106781186548,1.0,0.000858306884765625,858.306884765625,33.057983411001345,51.50643048275914,19.004457609943955,5,2,48.828125,19.53125,48.828125,19.53125,2.5,0.0013165593914569924,230730D-JC-52,25.0,0.5873680114746094,0.023494720458984375,0.0014612761811982464,3.4332275390625e-05,258
654,9.0,365,438,368,443,5.076757022710609,2.331612033672926,0.8882957207433088,6.82842712474619,0.75,0.000858306884765625,858.306884765625,33.057983411001345,49.577705299908295,22.76964876633717,3,5,29.296875,48.828125,48.828125,29.296875,1.6666666666666667,0.0013165593914569924,230730D-JC-52,25.0,0.5873680114746094,0.023494720458984375,0.0014612761811982464,3.4332275390625e-05,259
656,8.0,367,319,370,323,4.507893913753563,2.104493398028036,0.8843384945005575,8.242640687119284,1.0,0.000762939453125,762.939453125,31.167365656361927,44.02240150149964,20.551693340117538,3,4,29.296875,39.0625,39.0625,29.296875,1.3333333333333333,0.0011702750146284377,230730D-JC-52,25.0,0.5873680114746094,0.023494720458984375,0.001298912161065108,3.0517578125e-05,291
659,4.0,368,299,371,301,3.23606797749979,1.2360679774997898,0.9241763718304448,4.414213562373095,1.0,0.0003814697265625,381.4697265625,22.03865560733423,31.602226342771385,12.070976342771385,3,2,29.296875,19.53125,29.296875,19.53125,1.5,0.0005851375073142189,230730D-JC-52,25.0,0.5873680114746094,0.023494720458984375,0.000649456080532554,1.52587890625e-05,513
660,10.0,368,343,373,346,5.789587707837038,2.2451445773629537,0.9217477245185397,10.207106781186548,0.8333333333333334,0.00095367431640625,953.67431640625,34.84617414360881,56.538942459346075,21.925240013310095,5,3,48.828125,29.296875,48.828125,29.296875,1.6666666666666667,0.001462843768285547,230730D-JC-52,25.0,0.5873680114746094,0.023494720458984375,0.001623640201331385,3.814697265625e-05,230
661,17.0,368,391,373,396,5.092739773303555,4.284233775234309,0.5406565679232267,13.071067811865474,0.8947368421052632,0.001621246337890625,1621.246337890625,45.43385245782498,49.733786848667535,41.83822046127255,5,5,48.828125,48.828125,48.828125,48.828125,1.0,0.00248683440608543,230730D-JC-52,25.0,0.5873680114746094,0.023494720458984375,0.0027601883422633546,6.4849853515625e-05,95
662,16.0,369,256,374,260,5.326818938165629,3.7416573867739418,0.7117639563193815,12.242640687119286,0.9411764705882353,0.00152587890625,1525.87890625,44.07731121466846,52.01971619302372,36.539622917714276,5,4,48.828125,39.0625,48.828125,39.0625,1.25,0.0023405500292568754,230730D-JC-52,25.0,0.5873680114746094,0.023494720458984375,0.002597824322130216,6.103515625e-05,112
663,6.0,369,330,373,333,4.320493798938573,1.885618083164126,0.8997354108424375,6.621320343559642,0.8571428571428571,0.00057220458984375,572.20458984375,26.991730427448083,42.192322255259505,18.41423909339967,4,3,39.0625,29.296875,39.0625,29.296875,1.3333333333333333,0.0008777062609713282,230730D-JC-52,25.0,0.5873680114746094,0.023494720458984375,0.000974184120798831,2.288818359375e-05,395
664,19.0,369,422,376,427,7.4189180981204155,3.7786523801704845,0.8605733017735147,15.071067811865477,0.8636363636363636,0.001811981201171875,1811.981201171875,48.03213632193296,72.45037205195719,36.90090215010239,7,5,68.359375,48.828125,68.359375,48.828125,1.4,0.0027794031597425397,230730D-JC-52,25.0,0.5873680114746094,0.023494720458984375,0.0030849163825296313,7.2479248046875e-05,72
665,12.0,369,446,374,451,6.5618365397967775,2.6558261117962814,0.9144325915799765,12.242640687119284,0.9230769230769231,0.0011444091796875,1144.4091796875,38.17207124241562,64.0804349589529,25.93580187301056,5,5,48.828125,48.828125,48.828125,48.828125,1.0,0.0017554125219426564,230730D-JC-52,25.0,0.5873680114746094,0.023494720458984375,0.001948368241597662,4.57763671875e-05,179
666,10.0,370,174,375,177,4.585203148326627,3.0620111182971854,0.744338318101621,9.035533905932738,0.9090909090909091,0.00095367431640625,953.67431640625,34.84617414360881,44.77737449537722,29.90245232712095,5,3,48.828125,29.296875,48.828125,29.296875,1.6666666666666667,0.001462843768285547,230730D-JC-52,25.0,0.5873680114746094,0.023494720458984375,0.001623640201331385,3.814697265625e-05,231
667,5.0,370,458,373,461,4.0,1.3856406460551023,0.9380831519646858,5.414213562373095,1.0,0.000476837158203125,476.837158203125,24.639966035353126,39.0625,13.531646934131858,3,3,29.296875,29.296875,29.296875,29.296875,1.0,0.0007314218841427735,230730D-JC-52,25.0,0.5873680114746094,0.023494720458984375,0.0008118201006656925,1.9073486328125e-05,450
670,10.0,372,55,377,59,6.126879753342567,2.5102478937509196,0.9122155349853186,10.86396103067893,0.8333333333333334,0.00095367431640625,953.67431640625,34.84617414360881,59.832810091236006,24.514139587411325,5,4,48.828125,39.0625,48.828125,39.0625,1.25,0.001462843768285547,230730D-JC-52,25.0,0.5873680114746094,0.023494720458984375,0.001623640201331385,3.814697265625e-05,232
671,16.0,372,70,377,76,6.769166098398461,3.516516789707246,0.8544762878632411,12.449747468305832,0.8,0.00152587890625,1525.87890625,44.07731121466846,66.10513767967247,34.340984274484825,5,6,48.828125,58.59375,58.59375,48.828125,1.2,0.0023405500292568754,230730D-JC-52,25.0,0.5873680114746094,0.023494720458984375,0.002597824322130216,6.103515625e-05,113
672,19.0,372,202,376,211,9.825624766255126,2.627371563417567,0.9635856304264949,15.82842712474619,0.7916666666666666,0.001811981201171875,1811.981201171875,48.03213632193296,95.95336685796022,25.65792542399968,4,9,39.0625,87.890625,87.890625,39.0625,2.25,0.0027794031597425397,230730D-JC-52,25.0,0.5873680114746094,0.023494720458984375,0.0030849163825296313,7.2479248046875e-05,73
673,7.0,372,223,375,228,5.896459480240757,1.3428306554839582,0.9737231303459101,7.414213562373095,0.7777777777777778,0.000667572021484375,667.572021484375,29.154400983602766,57.58261211172614,13.11358061996053,3,5,29.296875,48.828125,48.828125,29.296875,1.6666666666666667,0.001023990637799883,230730D-JC-52,25.0,0.5873680114746094,0.023494720458984375,0.0011365481409319695,2.6702880859375e-05,343
674,5.0,372,279,375,281,3.098386676965933,1.7888543819998317,0.816496580927726,5.207106781186548,1.0,0.000476837158203125,476.837158203125,24.639966035353126,30.257682392245442,17.469281074217108,3,2,29.296875,19.53125,29.296875,19.53125,1.5,0.0007314218841427735,230730D-JC-52,25.0,0.5873680114746094,0.023494720458984375,0.0008118201006656925,1.9073486328125e-05,451
676,17.0,373,185,378,191,5.764571671996207,4.154643536982169,0.6932260245694625,14.485281374238571,0.8947368421052632,0.001621246337890625,1621.246337890625,45.43385245782498,56.29464523433796,40.57269079084149,5,6,48.828125,58.59375,58.59375,48.828125,1.2,0.00248683440608543,230730D-JC-52,25.0,0.5873680114746094,0.023494720458984375,0.0027601883422633546,6.4849853515625e-05,96
679,29.0,374,290,385,296,11.74459733057289,3.8958175398366577,0.9433808915891335,23.106601717798213,0.7073170731707317,0.002765655517578125,2765.655517578125,59.3408962865869,114.69333330637589,38.04509316246736,11,6,107.421875,58.59375,107.421875,58.59375,1.8333333333333333,0.0042422469280280865,230730D-JC-52,25.0,0.5873680114746094,0.023494720458984375,0.004708556583861016,0.000110626220703125,22
680,6.0,374,380,376,384,3.8297084310253524,1.8856180831641272,0.8703882797784891,6.414213562373095,1.0,0.00057220458984375,572.20458984375,26.991730427448083,37.399496396731955,18.41423909339968,2,4,19.53125,39.0625,39.0625,19.53125,2.0,0.0008777062609713282,230730D-JC-52,25.0,0.5873680114746094,0.023494720458984375,0.000974184120798831,2.288818359375e-05,396
681,7.0,374,458,379,461,5.795253355551201,1.5275489818370203,0.9646358377857661,6.207106781186548,0.875,0.000667572021484375,667.572021484375,29.154400983602766,56.59427105030469,14.917470525752151,5,3,48.828125,29.296875,48.828125,29.296875,1.6666666666666667,0.001023990637799883,230730D-JC-52,25.0,0.5873680114746094,0.023494720458984375,0.0011365481409319695,2.6702880859375e-05,344
683,9.0,375,218,378,223,4.952443034793325,2.34478130006868,0.8808155784873766,9.242640687119284,0.9,0.000858306884765625,858.306884765625,33.057983411001345,48.36370151165357,22.8982548834832,3,5,29.296875,48.828125,48.828125,29.296875,1.6666666666666667,0.0013165593914569924,230730D-JC-52,25.0,0.5873680114746094,0.023494720458984375,0.0014612761811982464,3.4332275390625e-05,260
685,8.0,375,487,378,493,6.631420911978987,1.6656100048233915,0.9679431455502306,7.414213562373096,0.7272727272727273,0.000762939453125,762.939453125,31.167365656361927,64.7599698435448,16.265722703353433,3,6,29.296875,58.59375,58.59375,29.296875,2.0,0.0011702750146284377,230730D-JC-52,25.0,0.5873680114746094,0.023494720458984375,0.001298912161065108,3.0517578125e-05,292
686,10.0,375,502,378,507,4.569200140512701,2.7572468289833445,0.7974069660082093,9.242640687119286,0.9090909090909091,0.00095367431640625,953.67431640625,34.84617414360881,44.62109512219435,26.926238564290475,3,5,29.296875,48.828125,48.828125,29.296875,1.6666666666666667,0.001462843768285547,230730D-JC-52,25.0,0.5873680114746094,0.023494720458984375,0.001623640201331385,3.814697265625e-05,233
687,9.0,376,5,379,9,3.7817431280582214,3.1300454222715657,0.5612111506528393,7.621320343559642,0.9,0.000858306884765625,858.306884765625,33.057983411001345,36.931085234943566,30.566849826870758,3,4,29.296875,39.0625,39.0625,29.296875,1.3333333333333333,0.0013165593914569924,230730D-JC-52,25.0,0.5873680114746094,0.023494720458984375,0.0014612761811982464,3.4332275390625e-05,261
688,11.0,376,22,381,26,4.629794335505376,3.1259584100192797,0.7376502707905419,10.071067811865476,0.9166666666666666,0.001049041748046875,1049.041748046875,36.54697576669487,45.212835307669685,30.52693759784453,5,4,48.828125,39.0625,48.828125,39.0625,1.25,0.0016091281451141018,230730D-JC-52,25.0,0.5873680114746094,0.023494720458984375,0.0017860042214645235,4.1961669921875e-05,202
690,5.0,376,396,378,399,3.098386676965933,1.7888543819998317,0.816496580927726,5.207106781186548,1.0,0.000476837158203125,476.837158203125,24.639966035353126,30.257682392245442,17.469281074217108,2,3,19.53125,29.296875,29.296875,19.53125,1.5,0.0007314218841427735,230730D-JC-52,25.0,0.5873680114746094,0.023494720458984375,0.0008118201006656925,1.9073486328125e-05,452
692,5.0,377,90,381,92,4.34169545110285,1.27658944452507,0.9557961393962537,4.207106781186548,0.8333333333333334,0.000476837158203125,476.837158203125,24.639966035353126,42.399369639676266,12.466693794190137,4,2,39.0625,19.53125,39.0625,19.53125,2.0,0.0007314218841427735,230730D-JC-52,25.0,0.5873680114746094,0.023494720458984375,0.0008118201006656925,1.9073486328125e-05,453
693,4.0,378,272,380,275,3.23606797749979,1.2360679774997898,0.9241763718304448,4.414213562373095,1.0,0.0003814697265625,381.4697265625,22.03865560733423,31.602226342771385,12.070976342771385,2,3,19.53125,29.296875,29.296875,19.53125,1.5,0.0005851375073142189,230730D-JC-52,25.0,0.5873680114746094,0.023494720458984375,0.000649456080532554,1.52587890625e-05,514
695,33.0,378,346,387,355,10.77093860659012,4.3397614950893635,0.9152378615512418,24.556349186104043,0.8918918918918919,0.003147125244140625,3147.125244140625,63.301218890904046,105.18494732998164,42.380483350482066,9,9,87.890625,87.890625,87.890625,87.890625,1.0,0.004827384435342305,230730D-JC-52,25.0,0.5873680114746094,0.023494720458984375,0.00535801266439357,0.000125885009765625,14
696,12.0,378,410,381,416,6.5179579119421245,2.324890007514324,0.9342228255025101,10.82842712474619,0.9230769230769231,0.0011444091796875,1144.4091796875,38.17207124241562,63.65193273380981,22.704003979632073,3,6,29.296875,58.59375,58.59375,29.296875,2.0,0.0017554125219426564,230730D-JC-52,25.0,0.5873680114746094,0.023494720458984375,0.001948368241597662,4.57763671875e-05,180
697,4.0,378,435,380,438,3.4641016151377544,1.4142135623730951,0.9128709291752769,3.2071067811865475,0.8,0.0003814697265625,381.4697265625,22.03865560733423,33.829117335329634,13.810679320049758,2,3,19.53125,29.296875,29.296875,19.53125,1.5,0.0005851375073142189,230730D-JC-52,25.0,0.5873680114746094,0.023494720458984375,0.000649456080532554,1.52587890625e-05,515
699,22.0,379,39,386,50,14.0420766539063,5.029853088192028,0.9336453917676344,19.82842712474619,0.5,0.00209808349609375,2098.08349609375,51.68522879298074,137.1296548233037,49.11965906437528,7,11,68.359375,107.421875,107.421875,68.359375,1.5714285714285714,0.0032182562902282035,230730D-JC-52,25.0,0.5873680114746094,0.023494720458984375,0.003572008442929047,8.392333984375e-05,50
705,4.0,380,359,382,362,2.8284271247461903,1.7320508075688772,0.7905694150420949,4.621320343559642,1.0,0.0003814697265625,381.4697265625,22.03865560733423,27.621358640099515,16.914558667664817,2,3,19.53125,29.296875,29.296875,19.53125,1.5,0.0005851375073142189,230730D-JC-52,25.0,0.5873680114746094,0.023494720458984375,0.000649456080532554,1.52587890625e-05,516
707,9.0,381,65,385,69,5.311578320742263,2.045042168517769,0.9229099348869616,9.242640687119284,0.9,0.000858306884765625,858.306884765625,33.057983411001345,51.870882038498664,19.97111492693134,4,4,39.0625,39.0625,39.0625,39.0625,1.0,0.0013165593914569924,230730D-JC-52,25.0,0.5873680114746094,0.023494720458984375,0.0014612761811982464,3.4332275390625e-05,262
708,18.0,381,113,385,124,12.57893669246188,2.129737961769379,0.9855628709598081,16.82842712474619,0.6923076923076923,0.00171661376953125,1716.61376953125,46.75104848454289,122.84117863732305,20.79822228290409,4,11,39.0625,107.421875,107.421875,39.0625,2.75,0.0026331187829139848,230730D-JC-52,25.0,0.5873680114746094,0.023494720458984375,0.0029225523623964927,6.866455078125e-05,85
709,6.0,381,253,382,259,6.831300510639732,0.0,1.0,4.0,1.0,0.00057220458984375,572.20458984375,26.991730427448083,66.71191904921614,0.0,1,6,9.765625,58.59375,58.59375,9.765625,6.0,0.0008777062609713282,230730D-JC-52,25.0,0.5873680114746094,0.023494720458984375,0.000974184120798831,2.288818359375e-05,397
711,11.0,381,324,383,332,8.051970105292165,1.7699490309728143,0.9755414294857537,9.0,0.8461538461538461,0.001049041748046875,1049.041748046875,36.54697576669487,78.6325205594938,17.28465850559389,2,8,19.53125,78.125,78.125,19.53125,4.0,0.0016091281451141018,230730D-JC-52,25.0,0.5873680114746094,0.023494720458984375,0.0017860042214645235,4.1961669921875e-05,203
712,19.0,382,86,387,93,7.34985119817658,3.5049103420681855,0.8789748095456066,14.692388155425117,0.8636363636363636,0.001811981201171875,1811.981201171875,48.03213632193296,71.77589060719316,34.22764005925963,5,7,48.828125,68.359375,68.359375,48.828125,1.4,0.0027794031597425397,230730D-JC-52,25.0,0.5873680114746094,0.023494720458984375,0.0030849163825296313,7.2479248046875e-05,74
713,11.0,382,374,386,378,5.189483704979297,2.6306840451061073,0.861989596244706,9.035533905932738,0.9166666666666666,0.001049041748046875,1049.041748046875,36.54697576669487,50.67855180643845,25.69027387798933,4,4,39.0625,39.0625,39.0625,39.0625,1.0,0.0016091281451141018,230730D-JC-52,25.0,0.5873680114746094,0.023494720458984375,0.0017860042214645235,4.1961669921875e-05,204
714,23.0,383,139,385,153,14.458414693704654,1.8603388943829957,0.9916876936989996,22.207106781186546,0.92,0.002193450927734375,2193.450927734375,52.84683964654307,141.19545599320952,18.16737201545894,2,14,19.53125,136.71875,136.71875,19.53125,7.0,0.0033645406670567584,230730D-JC-52,25.0,0.5873680114746094,0.023494720458984375,0.0037343724630621855,8.7738037109375e-05,42
715,8.0,384,433,385,441,9.16515138991168,0.0,1.0,6.0,1.0,0.000762939453125,762.939453125,31.167365656361927,89.50343154210624,0.0,1,8,9.765625,78.125,78.125,9.765625,8.0,0.0011702750146284377,230730D-JC-52,25.0,0.5873680114746094,0.023494720458984375,0.001298912161065108,3.0517578125e-05,293
716,14.0,384,461,387,469,8.584369172394442,2.105007100139044,0.9694689872173007,13.207106781186548,0.8235294117647058,0.00133514404296875,1335.14404296875,41.23054927387454,83.83173019916448,20.55670996229535,3,8,29.296875,78.125,78.125,29.296875,2.6666666666666665,0.002047981275599766,230730D-JC-52,25.0,0.5873680114746094,0.023494720458984375,0.002273096281863939,5.340576171875e-05,143
717,11.0,385,26,387,34,9.198243604151171,1.549380218507389,0.9857113870181203,10.0,0.8461538461538461,0.001049041748046875,1049.041748046875,36.54697576669487,89.82659769678878,15.13066619636122,2,8,19.53125,78.125,78.125,19.53125,4.0,0.0016091281451141018,230730D-JC-52,25.0,0.5873680114746094,0.023494720458984375,0.0017860042214645235,4.1961669921875e-05,205
718,20.0,385,214,389,221,7.865923448666095,3.232220335887531,0.9116739810121494,15.035533905932738,0.8695652173913043,0.0019073486328125,1907.3486328125,49.27993207070625,76.81565867837983,31.56465171765167,4,7,39.0625,68.359375,68.359375,39.0625,1.75,0.002925687536571094,230730D-JC-52,25.0,0.5873680114746094,0.023494720458984375,0.00324728040266277,7.62939453125e-05,65
719,8.0,385,387,388,391,3.4641016151377544,2.8284271247461903,0.5773502691896258,7.65685424949238,1.0,0.000762939453125,762.939453125,31.167365656361927,33.829117335329634,27.621358640099515,3,4,29.296875,39.0625,39.0625,29.296875,1.3333333333333333,0.0011702750146284377,230730D-JC-52,25.0,0.5873680114746094,0.023494720458984375,0.001298912161065108,3.0517578125e-05,294
722,11.0,387,309,389,316,7.049811475828224,1.7868184403435534,0.9673468632033755,10.207106781186548,0.9166666666666666,0.001049041748046875,1049.041748046875,36.54697576669487,68.845815193635,17.449398831480014,2,7,19.53125,68.359375,68.359375,19.53125,3.5,0.0016091281451141018,230730D-JC-52,25.0,0.5873680114746094,0.023494720458984375,0.0017860042214645235,4.1961669921875e-05,206
727,7.0,389,127,391,132,5.672452304781605,1.5606183863895253,0.9614092233077123,6.0,0.875,0.000667572021484375,667.572021484375,29.154400983602766,55.39504203888286,15.240413929585209,2,5,19.53125,48.828125,48.828125,19.53125,2.5,0.001023990637799883,230730D-JC-52,25.0,0.5873680114746094,0.023494720458984375,0.0011365481409319695,2.6702880859375e-05,345
728,4.0,389,183,391,185,2.0,2.0,0.0,4.0,1.0,0.0003814697265625,381.4697265625,22.03865560733423,19.53125,19.53125,2,2,19.53125,19.53125,19.53125,19.53125,1.0,0.0005851375073142189,230730D-JC-52,25.0,0.5873680114746094,0.023494720458984375,0.000649456080532554,1.52587890625e-05,517
729,9.0,389,206,392,211,4.952443034793325,2.34478130006868,0.8808155784873766,9.242640687119284,0.9,0.000858306884765625,858.306884765625,33.057983411001345,48.36370151165357,22.8982548834832,3,5,29.296875,48.828125,48.828125,29.296875,1.6666666666666667,0.0013165593914569924,230730D-JC-52,25.0,0.5873680114746094,0.023494720458984375,0.0014612761811982464,3.4332275390625e-05,263
730,5.0,389,244,391,247,3.098386676965933,1.7888543819998317,0.816496580927726,5.207106781186548,1.0,0.000476837158203125,476.837158203125,24.639966035353126,30.257682392245442,17.469281074217108,2,3,19.53125,29.296875,29.296875,19.53125,1.5,0.0007314218841427735,230730D-JC-52,25.0,0.5873680114746094,0.023494720458984375,0.0008118201006656925,1.9073486328125e-05,454
733,4.0,390,115,392,118,2.8284271247461903,1.7320508075688772,0.7905694150420949,4.621320343559642,1.0,0.0003814697265625,381.4697265625,22.03865560733423,27.621358640099515,16.914558667664817,2,3,19.53125,29.296875,29.296875,19.53125,1.5,0.0005851375073142189,230730D-JC-52,25.0,0.5873680114746094,0.023494720458984375,0.000649456080532554,1.52587890625e-05,518
737,13.0,392,4,397,9,5.764613536983137,3.328201177351375,0.816496580927726,12.242640687119286,0.8125,0.001239776611328125,1239.776611328125,39.73075141726777,56.295054072100946,32.50196462257202,5,5,48.828125,48.828125,48.828125,48.828125,1.0,0.0019016968987712111,230730D-JC-52,25.0,0.5873680114746094,0.023494720458984375,0.0021107322617308004,4.9591064453125e-05,158
738,6.0,392,136,394,140,3.9999999999999996,1.632993161855452,0.9128709291752768,6.414213562373095,1.0,0.00057220458984375,572.20458984375,26.991730427448083,39.06249999999999,15.94719884624465,2,4,19.53125,39.0625,39.0625,19.53125,2.0,0.0008777062609713282,230730D-JC-52,25.0,0.5873680114746094,0.023494720458984375,0.000974184120798831,2.288818359375e-05,398
740,8.0,393,23,396,27,4.487387140792187,2.3158921927958827,0.8565348226437695,7.207106781186548,0.8,0.000762939453125,762.939453125,31.167365656361927,43.8221400467987,22.61613469527229,3,4,29.296875,39.0625,39.0625,29.296875,1.3333333333333333,0.0011702750146284377,230730D-JC-52,25.0,0.5873680114746094,0.023494720458984375,0.001298912161065108,3.0517578125e-05,295
743,7.0,395,450,399,454,5.656854249492381,1.3997084244475309,0.9689042833036097,7.414213562373095,1.0,0.000667572021484375,667.572021484375,29.154400983602766,55.24271728019903,13.669027582495419,4,4,39.0625,39.0625,39.0625,39.0625,1.0,0.001023990637799883,230730D-JC-52,25.0,0.5873680114746094,0.023494720458984375,0.0011365481409319695,2.6702880859375e-05,346
748,5.0,397,170,399,173,3.098386676965933,1.7888543819998317,0.816496580927726,5.207106781186548,1.0,0.000476837158203125,476.837158203125,24.639966035353126,30.257682392245442,17.469281074217108,2,3,19.53125,29.296875,29.296875,19.53125,1.5,0.0007314218841427735,230730D-JC-52,25.0,0.5873680114746094,0.023494720458984375,0.0008118201006656925,1.9073486328125e-05,455
749,11.0,398,27,404,31,6.889306318170725,2.5471300864999864,0.9291423091404075,11.414213562373096,0.7857142857142857,0.001049041748046875,1049.041748046875,36.54697576669487,67.27838201338598,24.87431725097643,6,4,58.59375,39.0625,58.59375,39.0625,1.5,0.0016091281451141018,230730D-JC-52,25.0,0.5873680114746094,0.023494720458984375,0.0017860042214645235,4.1961669921875e-05,207
752,5.0,398,147,400,150,3.098386676965933,1.7888543819998317,0.816496580927726,5.207106781186548,1.0,0.000476837158203125,476.837158203125,24.639966035353126,30.257682392245442,17.469281074217108,2,3,19.53125,29.296875,29.296875,19.53125,1.5,0.0007314218841427735,230730D-JC-52,25.0,0.5873680114746094,0.023494720458984375,0.0008118201006656925,1.9073486328125e-05,456
753,14.0,398,217,400,225,8.246211251235321,1.9794866372215747,0.97076101630644,14.414213562373096,1.0,0.00133514404296875,1335.14404296875,41.23054927387454,80.52940675034493,19.33092419161694,2,8,19.53125,78.125,78.125,19.53125,4.0,0.002047981275599766,230730D-JC-52,25.0,0.5873680114746094,0.023494720458984375,0.002273096281863939,5.340576171875e-05,144
755,5.0,399,40,401,43,3.098386676965933,1.7888543819998317,0.816496580927726,5.207106781186548,1.0,0.000476837158203125,476.837158203125,24.639966035353126,30.257682392245442,17.469281074217108,2,3,19.53125,29.296875,29.296875,19.53125,1.5,0.0007314218841427735,230730D-JC-52,25.0,0.5873680114746094,0.023494720458984375,0.0008118201006656925,1.9073486328125e-05,457
756,9.0,399,118,404,123,7.341253111310781,1.612398808038385,0.975582034663845,9.414213562373096,0.75,0.000858306884765625,858.306884765625,33.057983411001345,71.69192491514434,15.746082109749855,5,5,48.828125,48.828125,48.828125,48.828125,1.0,0.0013165593914569924,230730D-JC-52,25.0,0.5873680114746094,0.023494720458984375,0.0014612761811982464,3.4332275390625e-05,264
757,4.0,399,186,401,189,2.8284271247461903,1.7320508075688772,0.7905694150420949,4.621320343559642,1.0,0.0003814697265625,381.4697265625,22.03865560733423,27.621358640099515,16.914558667664817,2,3,19.53125,29.296875,29.296875,19.53125,1.5,0.0005851375073142189,230730D-JC-52,25.0,0.5873680114746094,0.023494720458984375,0.000649456080532554,1.52587890625e-05,519
758,21.0,399,311,404,322,12.986927681670641,2.7158774954322125,0.9778891437131898,18.44974746830583,0.6176470588235294,0.002002716064453125,2002.716064453125,50.496903767836045,126.82546564131486,26.5222411663302,5,11,48.828125,107.421875,107.421875,48.828125,2.2,0.003071971913399649,230730D-JC-52,25.0,0.5873680114746094,0.023494720458984375,0.0034096444227959084,8.0108642578125e-05,55
760,63.0,401,69,411,80,13.167613657490259,6.3216618755605145,0.8772183140725178,33.14213562373095,0.9,0.006008148193359375,6008.148193359375,87.4632029508083,128.58997712392832,61.73497925352065,10,11,97.65625,107.421875,107.421875,97.65625,1.1,0.009215915740198947,230730D-JC-52,25.0,0.5873680114746094,0.023494720458984375,0.010228933268387726,0.000240325927734375,5
764,4.0,405,47,407,49,2.0,2.0,0.0,4.0,1.0,0.0003814697265625,381.4697265625,22.03865560733423,19.53125,19.53125,2,2,19.53125,19.53125,19.53125,19.53125,1.0,0.0005851375073142189,230730D-JC-52,25.0,0.5873680114746094,0.023494720458984375,0.000649456080532554,1.52587890625e-05,520
766,11.0,407,151,411,155,4.585280077424906,3.190896140869863,0.7181387543088393,10.65685424949238,0.8461538461538461,0.001049041748046875,1049.041748046875,36.54697576669487,44.7781257561026,31.161095125682255,4,4,39.0625,39.0625,39.0625,39.0625,1.0,0.0016091281451141018,230730D-JC-52,25.0,0.5873680114746094,0.023494720458984375,0.0017860042214645235,4.1961669921875e-05,208
767,4.0,407,432,409,435,3.23606797749979,1.2360679774997898,0.9241763718304448,4.414213562373095,1.0,0.0003814697265625,381.4697265625,22.03865560733423,31.602226342771385,12.070976342771385,2,3,19.53125,29.296875,29.296875,19.53125,1.5,0.0005851375073142189,230730D-JC-52,25.0,0.5873680114746094,0.023494720458984375,0.000649456080532554,1.52587890625e-05,521
768,18.0,408,362,413,368,6.200412278954441,3.715077543098921,0.8006246620082804,13.899494936611665,0.9473684210526315,0.00171661376953125,1716.61376953125,46.75104848454289,60.55090116166446,36.2800541318254,5,6,48.828125,58.59375,58.59375,48.828125,1.2,0.0026331187829139848,230730D-JC-52,25.0,0.5873680114746094,0.023494720458984375,0.0029225523623964927,6.866455078125e-05,86
769,7.0,409,328,412,333,5.795253355551202,1.5275489818370205,0.9646358377857661,6.207106781186548,0.875,0.000667572021484375,667.572021484375,29.154400983602766,56.594271050304705,14.917470525752153,3,5,29.296875,48.828125,48.828125,29.296875,1.6666666666666667,0.001023990637799883,230730D-JC-52,25.0,0.5873680114746094,0.023494720458984375,0.0011365481409319695,2.6702880859375e-05,347
775,8.0,411,218,415,220,4.47213595499958,2.0,0.8944271909999159,8.0,1.0,0.000762939453125,762.939453125,31.167365656361927,43.67320268554277,19.53125,4,2,39.0625,19.53125,39.0625,19.53125,2.0,0.0011702750146284377,230730D-JC-52,25.0,0.5873680114746094,0.023494720458984375,0.001298912161065108,3.0517578125e-05,296
777,4.0,411,427,413,430,3.23606797749979,1.2360679774997898,0.9241763718304448,4.414213562373095,1.0,0.0003814697265625,381.4697265625,22.03865560733423,31.602226342771385,12.070976342771385,2,3,19.53125,29.296875,29.296875,19.53125,1.5,0.0005851375073142189,230730D-JC-52,25.0,0.5873680114746094,0.023494720458984375,0.000649456080532554,1.52587890625e-05,522
778,4.0,411,459,414,461,3.23606797749979,1.2360679774997898,0.9241763718304448,4.414213562373095,1.0,0.0003814697265625,381.4697265625,22.03865560733423,31.602226342771385,12.070976342771385,3,2,29.296875,19.53125,29.296875,19.53125,1.5,0.0005851375073142189,230730D-JC-52,25.0,0.5873680114746094,0.023494720458984375,0.000649456080532554,1.52587890625e-05,523
779,5.0,412,10,415,13,4.0,1.3856406460551023,0.9380831519646858,5.414213562373095,1.0,0.000476837158203125,476.837158203125,24.639966035353126,39.0625,13.531646934131858,3,3,29.296875,29.296875,29.296875,29.296875,1.0,0.0007314218841427735,230730D-JC-52,25.0,0.5873680114746094,0.023494720458984375,0.0008118201006656925,1.9073486328125e-05,458
780,8.0,412,36,416,40,4.802940558043421,2.163737968401339,0.892775036020812,8.65685424949238,0.8888888888888888,0.000762939453125,762.939453125,31.167365656361927,46.90371638714278,21.130253597669327,4,4,39.0625,39.0625,39.0625,39.0625,1.0,0.0011702750146284377,230730D-JC-52,25.0,0.5873680114746094,0.023494720458984375,0.001298912161065108,3.0517578125e-05,297
781,7.0,412,106,415,109,3.0237157840738176,2.7994168488950604,0.3779644730092273,6.82842712474619,1.0,0.000667572021484375,667.572021484375,29.154400983602766,29.528474453845874,27.338055164990823,3,3,29.296875,29.296875,29.296875,29.296875,1.0,0.001023990637799883,230730D-JC-52,25.0,0.5873680114746094,0.023494720458984375,0.0011365481409319695,2.6702880859375e-05,348
782,12.0,412,141,417,145,5.513329550938411,2.8563530626140765,0.8553313648810071,10.242640687119284,0.8571428571428571,0.0011444091796875,1144.4091796875,38.17207124241562,53.84110889588292,27.89407287709059,5,4,48.828125,39.0625,48.828125,39.0625,1.25,0.0017554125219426564,230730D-JC-52,25.0,0.5873680114746094,0.023494720458984375,0.001948368241597662,4.57763671875e-05,181
783,6.0,413,290,416,292,3.265986323710904,2.0,0.7905694150420949,6.0,1.0,0.00057220458984375,572.20458984375,26.991730427448083,31.8943976924893,19.53125,3,2,29.296875,19.53125,29.296875,19.53125,1.5,0.0008777062609713282,230730D-JC-52,25.0,0.5873680114746094,0.023494720458984375,0.000974184120798831,2.288818359375e-05,399
785,8.0,414,378,419,381,5.552553065882964,1.7085533209571493,0.951481519023024,8.414213562373096,0.8888888888888888,0.000762939453125,762.939453125,31.167365656361927,54.22415103401332,16.68509102497216,5,3,48.828125,29.296875,48.828125,29.296875,1.6666666666666667,0.0011702750146284377,230730D-JC-52,25.0,0.5873680114746094,0.023494720458984375,0.001298912161065108,3.0517578125e-05,298
787,6.0,415,246,417,250,3.9999999999999996,1.632993161855452,0.9128709291752768,6.414213562373095,1.0,0.00057220458984375,572.20458984375,26.991730427448083,39.06249999999999,15.94719884624465,2,4,19.53125,39.0625,39.0625,19.53125,2.0,0.0008777062609713282,230730D-JC-52,25.0,0.5873680114746094,0.023494720458984375,0.000974184120798831,2.288818359375e-05,400
788,13.0,416,125,422,129,6.6956752621996305,2.9586705797935577,0.8970752292397265,12.035533905932738,0.7222222222222222,0.001239776611328125,1239.776611328125,39.73075141726777,65.38745373241827,28.893267380796463,6,4,58.59375,39.0625,58.59375,39.0625,1.5,0.0019016968987712111,230730D-JC-52,25.0,0.5873680114746094,0.023494720458984375,0.0021107322617308004,4.9591064453125e-05,159
793,17.0,418,182,420,194,14.535560266118408,1.9073287537688082,0.9913535229503951,17.207106781186546,0.7391304347826086,0.001621246337890625,1621.246337890625,45.43385245782498,141.94883072381256,18.626257361023516,2,12,19.53125,117.1875,117.1875,19.53125,6.0,0.00248683440608543,230730D-JC-52,25.0,0.5873680114746094,0.023494720458984375,0.0027601883422633546,6.4849853515625e-05,97
794,13.0,418,263,423,267,5.376796813410203,2.993305616289287,0.830708276629804,11.071067811865476,1.0,0.001239776611328125,1239.776611328125,39.73075141726777,52.50778138095901,29.23150015907507,5,4,48.828125,39.0625,48.828125,39.0625,1.25,0.0019016968987712111,230730D-JC-52,25.0,0.5873680114746094,0.023494720458984375,0.0021107322617308004,4.9591064453125e-05,160
795,13.0,418,435,422,445,11.649417070518329,2.1444752795983666,0.9829104511196218,12.207106781186548,0.6190476190476191,0.001239776611328125,1239.776611328125,39.73075141726777,113.76383857928056,20.9421414023278,4,10,39.0625,97.65625,97.65625,39.0625,2.5,0.0019016968987712111,230730D-JC-52,25.0,0.5873680114746094,0.023494720458984375,0.0021107322617308004,4.9591064453125e-05,161
796,5.0,418,496,420,499,3.098386676965933,1.7888543819998317,0.816496580927726,5.207106781186548,1.0,0.000476837158203125,476.837158203125,24.639966035353126,30.257682392245442,17.469281074217108,2,3,19.53125,29.296875,29.296875,19.53125,1.5,0.0007314218841427735,230730D-JC-52,25.0,0.5873680114746094,0.023494720458984375,0.0008118201006656925,1.9073486328125e-05,459
797,10.0,419,154,422,159,5.438198096416778,2.2329356157598745,0.9118146230702718,9.035533905932738,0.9090909090909091,0.00095367431640625,953.67431640625,34.84617414360881,53.1074032853201,21.806011872655024,3,5,29.296875,48.828125,48.828125,29.296875,1.6666666666666667,0.001462843768285547,230730D-JC-52,25.0,0.5873680114746094,0.023494720458984375,0.001623640201331385,3.814697265625e-05,234
798,4.0,419,313,420,317,4.47213595499958,0.0,1.0,2.0,1.0,0.0003814697265625,381.4697265625,22.03865560733423,43.67320268554277,0.0,1,4,9.765625,39.0625,39.0625,9.765625,4.0,0.0005851375073142189,230730D-JC-52,25.0,0.5873680114746094,0.023494720458984375,0.000649456080532554,1.52587890625e-05,524
799,4.0,419,447,421,450,3.23606797749979,1.2360679774997898,0.9241763718304448,4.414213562373095,1.0,0.0003814697265625,381.4697265625,22.03865560733423,31.602226342771385,12.070976342771385,2,3,19.53125,29.296875,29.296875,19.53125,1.5,0.0005851375073142189,230730D-JC-52,25.0,0.5873680114746094,0.023494720458984375,0.000649456080532554,1.52587890625e-05,525
801,7.0,420,17,423,21,4.634736211286691,1.826347935745029,0.9190862167414559,7.414213562373095,0.875,0.000667572021484375,667.572021484375,29.154400983602766,45.26109581334659,17.83542906001005,3,4,29.296875,39.0625,39.0625,29.296875,1.3333333333333333,0.001023990637799883,230730D-JC-52,25.0,0.5873680114746094,0.023494720458984375,0.0011365481409319695,2.6702880859375e-05,349
802,8.0,420,340,424,343,4.507893913753563,2.104493398028036,0.8843384945005575,8.242640687119284,1.0,0.000762939453125,762.939453125,31.167365656361927,44.02240150149964,20.551693340117538,4,3,39.0625,29.296875,39.0625,29.296875,1.3333333333333333,0.0011702750146284377,230730D-JC-52,25.0,0.5873680114746094,0.023494720458984375,0.001298912161065108,3.0517578125e-05,299
803,13.0,420,388,426,391,6.273719102168027,2.6156513642006423,0.9089422787103519,11.035533905932738,0.9285714285714286,0.001239776611328125,1239.776611328125,39.73075141726777,61.26678810710963,25.543470353521897,6,3,58.59375,29.296875,58.59375,29.296875,2.0,0.0019016968987712111,230730D-JC-52,25.0,0.5873680114746094,0.023494720458984375,0.0021107322617308004,4.9591064453125e-05,162
806,9.0,422,224,426,227,3.885753375057407,2.7954428906961324,0.6945875203623408,8.242640687119284,1.0,0.000858306884765625,858.306884765625,33.057983411001345,37.94681030329499,27.299246979454416,4,3,39.0625,29.296875,39.0625,29.296875,1.3333333333333333,0.0013165593914569924,230730D-JC-52,25.0,0.5873680114746094,0.023494720458984375,0.0014612761811982464,3.4332275390625e-05,265
807,4.0,423,352,425,355,3.23606797749979,1.2360679774997898,0.9241763718304448,4.414213562373095,1.0,0.0003814697265625,381.4697265625,22.03865560733423,31.602226342771385,12.070976342771385,2,3,19.53125,29.296875,29.296875,19.53125,1.5,0.0005851375073142189,230730D-JC-52,25.0,0.5873680114746094,0.023494720458984375,0.000649456080532554,1.52587890625e-05,526
809,4.0,425,168,426,172,4.47213595499958,0.0,1.0,2.0,1.0,0.0003814697265625,381.4697265625,22.03865560733423,43.67320268554277,0.0,1,4,9.765625,39.0625,39.0625,9.765625,4.0,0.0005851375073142189,230730D-JC-52,25.0,0.5873680114746094,0.023494720458984375,0.000649456080532554,1.52587890625e-05,527
810,24.0,425,285,432,295,11.417530931912337,3.2017336756726147,0.9598766415905986,15.485281374238571,0.75,0.002288818359375,2288.818359375,53.983460854896165,111.49932550695641,31.26693042649038,7,10,68.359375,97.65625,97.65625,68.359375,1.4285714285714286,0.003510825043885313,230730D-JC-52,25.0,0.5873680114746094,0.023494720458984375,0.003896736483195324,9.1552734375e-05,34
814,23.0,426,396,429,411,16.774223454691462,2.247809748199696,0.9909808174608838,22.0,0.6388888888888888,0.002193450927734375,2193.450927734375,52.84683964654307,163.8107759247213,21.951267072262656,3,15,29.296875,146.484375,146.484375,29.296875,5.0,0.0033645406670567584,230730D-JC-52,25.0,0.5873680114746094,0.023494720458984375,0.0037343724630621855,8.7738037109375e-05,43
818,21.0,428,343,434,350,7.178250510740671,4.3924459339934785,0.7909271127735137,14.278174593052023,0.8076923076923077,0.002002716064453125,2002.716064453125,50.496903767836045,70.10010264395187,42.894979824155065,6,7,58.59375,68.359375,68.359375,58.59375,1.1666666666666667,0.003071971913399649,230730D-JC-52,25.0,0.5873680114746094,0.023494720458984375,0.0034096444227959084,8.0108642578125e-05,56
819,13.0,430,261,432,270,10.101380490164923,1.6346777555570697,0.9868191166797612,12.0,0.8666666666666667,0.001239776611328125,1239.776611328125,39.73075141726777,98.64629384926683,15.96364995661201,2,9,19.53125,87.890625,87.890625,19.53125,4.5,0.0019016968987712111,230730D-JC-52,25.0,0.5873680114746094,0.023494720458984375,0.0021107322617308004,4.9591064453125e-05,163
820,4.0,431,201,433,204,3.23606797749979,1.2360679774997898,0.9241763718304448,4.414213562373095,1.0,0.0003814697265625,381.4697265625,22.03865560733423,31.602226342771385,12.070976342771385,2,3,19.53125,29.296875,29.296875,19.53125,1.5,0.0005851375073142189,230730D-JC-52,25.0,0.5873680114746094,0.023494720458984375,0.000649456080532554,1.52587890625e-05,528
822,9.0,431,239,434,243,4.618802153517006,2.3517789431685254,0.8606629658238704,7.621320343559642,0.9,0.000858306884765625,858.306884765625,33.057983411001345,45.10548978043951,22.96659124188013,3,4,29.296875,39.0625,39.0625,29.296875,1.3333333333333333,0.0013165593914569924,230730D-JC-52,25.0,0.5873680114746094,0.023494720458984375,0.0014612761811982464,3.4332275390625e-05,266
825,26.0,433,186,440,195,9.85748854129012,3.7670766389729984,0.9240987383537845,21.31370849898476,0.896551724137931,0.00247955322265625,2479.55322265625,56.18776749757414,96.26453653603633,36.78785780247069,7,9,68.359375,87.890625,87.890625,68.359375,1.2857142857142858,0.0038033937975424223,230730D-JC-52,25.0,0.5873680114746094,0.023494720458984375,0.004221464523461601,9.918212890625e-05,30
826,17.0,434,49,438,56,6.430854285876917,3.4016832295140156,0.8486449595510055,14.071067811865476,0.85,0.001621246337890625,1621.246337890625,45.43385245782498,62.80131138551677,33.21956278822281,4,7,39.0625,68.359375,68.359375,39.0625,1.75,0.00248683440608543,230730D-JC-52,25.0,0.5873680114746094,0.023494720458984375,0.0027601883422633546,6.4849853515625e-05,98
827,8.0,435,35,438,38,3.4641016151377544,2.7386127875258306,0.6123724356957945,7.414213562373095,1.0,0.000762939453125,762.939453125,31.167365656361927,33.829117335329634,26.74426550318194,3,3,29.296875,29.296875,29.296875,29.296875,1.0,0.0011702750146284377,230730D-JC-52,25.0,0.5873680114746094,0.023494720458984375,0.001298912161065108,3.0517578125e-05,300
829,4.0,437,373,439,375,2.0,2.0,0.0,4.0,1.0,0.0003814697265625,381.4697265625,22.03865560733423,19.53125,19.53125,2,2,19.53125,19.53125,19.53125,19.53125,1.0,0.0005851375073142189,230730D-JC-52,25.0,0.5873680114746094,0.023494720458984375,0.000649456080532554,1.52587890625e-05,529
830,20.0,438,110,443,117,6.518370870730343,4.367017425155772,0.7424013952528233,15.48528137423857,0.9090909090909091,0.0019073486328125,1907.3486328125,49.27993207070625,63.655965534476,42.64665454253683,5,7,48.828125,68.359375,68.359375,48.828125,1.4,0.002925687536571094,230730D-JC-52,25.0,0.5873680114746094,0.023494720458984375,0.00324728040266277,7.62939453125e-05,66
833,4.0,446,380,448,383,3.23606797749979,1.2360679774997898,0.9241763718304448,4.414213562373095,1.0,0.0003814697265625,381.4697265625,22.03865560733423,31.602226342771385,12.070976342771385,2,3,19.53125,29.296875,29.296875,19.53125,1.5,0.0005851375073142189,230730D-JC-52,25.0,0.5873680114746094,0.023494720458984375,0.000649456080532554,1.52587890625e-05,530
834,6.0,447,276,450,279,3.126943839882286,2.309401076758503,0.6741998624632421,6.242640687119286,1.0,0.00057220458984375,572.20458984375,26.991730427448083,30.53656093635045,22.552744890219756,3,3,29.296875,29.296875,29.296875,29.296875,1.0,0.0008777062609713282,230730D-JC-52,25.0,0.5873680114746094,0.023494720458984375,0.000974184120798831,2.288818359375e-05,401
835,9.0,448,43,451,47,4.25044367047193,2.612014068307059,0.7888954830250753,7.621320343559642,0.9,0.000858306884765625,858.306884765625,33.057983411001345,41.50823896945244,25.507949885811122,3,4,29.296875,39.0625,39.0625,29.296875,1.3333333333333333,0.0013165593914569924,230730D-JC-52,25.0,0.5873680114746094,0.023494720458984375,0.0014612761811982464,3.4332275390625e-05,267
837,26.0,452,139,458,146,7.545100348692186,4.426304416478452,0.8098433434653333,17.31370849898476,0.9285714285714286,0.00247955322265625,2479.55322265625,56.18776749757414,73.68262059269713,43.22562906717238,6,7,58.59375,68.359375,68.359375,58.59375,1.1666666666666667,0.0038033937975424223,230730D-JC-52,25.0,0.5873680114746094,0.023494720458984375,0.004221464523461601,9.918212890625e-05,31
839,4.0,459,377,461,379,2.0,2.0,0.0,4.0,1.0,0.0003814697265625,381.4697265625,22.03865560733423,19.53125,19.53125,2,2,19.53125,19.53125,19.53125,19.53125,1.0,0.0005851375073142189,230730D-JC-52,25.0,0.5873680114746094,0.023494720458984375,0.000649456080532554,1.52587890625e-05,531
840,9.0,461,5,464,9,3.885753375057407,2.7954428906961324,0.6945875203623408,8.242640687119284,1.0,0.000858306884765625,858.306884765625,33.057983411001345,37.94681030329499,27.299246979454416,3,4,29.296875,39.0625,39.0625,29.296875,1.3333333333333333,0.0013165593914569924,230730D-JC-52,25.0,0.5873680114746094,0.023494720458984375,0.0014612761811982464,3.4332275390625e-05,268
842,76.0,464,314,472,329,14.67530744034346,6.902639485284593,0.8824760133405426,36.55634918610404,0.8351648351648352,0.0072479248046875,7247.9248046875,96.06427264386592,143.3135492221041,67.40858872348235,8,15,78.125,146.484375,146.484375,78.125,1.875,0.011117612638970159,230730D-JC-52,25.0,0.5873680114746094,0.023494720458984375,0.012339665530118525,0.0002899169921875,3
843,27.0,465,376,473,382,8.151899159867613,5.1281824036387675,0.7773419863325589,20.86396103067893,0.7941176470588235,0.002574920654296875,2574.920654296875,57.25810686362343,79.60839023308216,50.07990628553484,8,6,78.125,58.59375,78.125,58.59375,1.3333333333333333,0.003949678174370978,230730D-JC-52,25.0,0.5873680114746094,0.023494720458984375,0.00438382854359474,0.000102996826171875,25
848,8.0,471,20,475,24,3.4641016151377544,3.3911649915626336,0.20412414523193195,8.242640687119286,0.8,0.000762939453125,762.939453125,31.167365656361927,33.829117335329634,33.116845620728846,4,4,39.0625,39.0625,39.0625,39.0625,1.0,0.0011702750146284377,230730D-JC-52,25.0,0.5873680114746094,0.023494720458984375,0.001298912161065108,3.0517578125e-05,301
849,4.0,471,449,474,451,3.23606797749979,1.2360679774997898,0.9241763718304448,4.414213562373095,1.0,0.0003814697265625,381.4697265625,22.03865560733423,31.602226342771385,12.070976342771385,3,2,29.296875,19.53125,29.296875,19.53125,1.5,0.0005851375073142189,230730D-JC-52,25.0,0.5873680114746094,0.023494720458984375,0.000649456080532554,1.52587890625e-05,532
851,5.0,472,362,477,363,5.656854249492381,0.0,1.0,3.0,1.0,0.000476837158203125,476.837158203125,24.639966035353126,55.24271728019903,0.0,5,1,48.828125,9.765625,48.828125,9.765625,5.0,0.0007314218841427735,230730D-JC-52,25.0,0.5873680114746094,0.023494720458984375,0.0008118201006656925,1.9073486328125e-05,460
852,7.0,473,50,476,53,3.0237157840738176,2.799416848895061,0.377964473009227,6.82842712474619,1.0,0.000667572021484375,667.572021484375,29.154400983602766,29.528474453845874,27.338055164990827,3,3,29.296875,29.296875,29.296875,29.296875,1.0,0.001023990637799883,230730D-JC-52,25.0,0.5873680114746094,0.023494720458984375,0.0011365481409319695,2.6702880859375e-05,350
857,14.0,478,258,482,262,4.780914437337574,3.5456210417116734,0.6708203932499369,10.82842712474619,1.0,0.00133514404296875,1335.14404296875,41.23054927387454,46.68861755212475,34.62520548546556,4,4,39.0625,39.0625,39.0625,39.0625,1.0,0.002047981275599766,230730D-JC-52,25.0,0.5873680114746094,0.023494720458984375,0.002273096281863939,5.340576171875e-05,145
861,4.0,479,36,482,38,3.23606797749979,1.2360679774997898,0.9241763718304448,4.414213562373095,1.0,0.0003814697265625,381.4697265625,22.03865560733423,31.602226342771385,12.070976342771385,3,2,29.296875,19.53125,29.296875,19.53125,1.5,0.0005851375073142189,230730D-JC-52,25.0,0.5873680114746094,0.023494720458984375,0.000649456080532554,1.52587890625e-05,533
862,17.0,479,401,484,406,5.4399833126574135,3.975488074870983,0.6826018301990938,13.071067811865474,0.8947368421052632,0.001621246337890625,1621.246337890625,45.43385245782498,53.124837037670055,38.823125731161944,5,5,48.828125,48.828125,48.828125,48.828125,1.0,0.00248683440608543,230730D-JC-52,25.0,0.5873680114746094,0.023494720458984375,0.0027601883422633546,6.4849853515625e-05,99
863,5.0,480,162,482,165,3.098386676965933,1.7888543819998317,0.816496580927726,5.207106781186548,1.0,0.000476837158203125,476.837158203125,24.639966035353126,30.257682392245442,17.469281074217108,2,3,19.53125,29.296875,29.296875,19.53125,1.5,0.0007314218841427735,230730D-JC-52,25.0,0.5873680114746094,0.023494720458984375,0.0008118201006656925,1.9073486328125e-05,461
864,32.0,480,353,491,363,14.17345492725999,4.654035928624696,0.9445516632568348,26.071067811865476,0.6037735849056604,0.0030517578125,3051.7578125,62.334731312723854,138.41264577402333,45.449569615475546,11,10,107.421875,97.65625,107.421875,97.65625,1.1,0.004681100058513751,230730D-JC-52,25.0,0.5873680114746094,0.023494720458984375,0.005195648644260432,0.0001220703125,17
865,8.0,481,391,484,394,3.4641016151377544,2.7386127875258306,0.6123724356957945,7.414213562373095,1.0,0.000762939453125,762.939453125,31.167365656361927,33.829117335329634,26.74426550318194,3,3,29.296875,29.296875,29.296875,29.296875,1.0,0.0011702750146284377,230730D-JC-52,25.0,0.5873680114746094,0.023494720458984375,0.001298912161065108,3.0517578125e-05,302
866,6.0,482,204,485,207,3.6514837167011076,2.10818510677892,0.8164965809277259,5.414213562373095,1.0,0.00057220458984375,572.20458984375,26.991730427448083,35.65902067090926,20.58774518338789,3,3,29.296875,29.296875,29.296875,29.296875,1.0,0.0008777062609713282,230730D-JC-52,25.0,0.5873680114746094,0.023494720458984375,0.000974184120798831,2.288818359375e-05,402
868,8.0,483,230,487,233,4.507893913753563,2.104493398028036,0.8843384945005575,8.242640687119284,1.0,0.000762939453125,762.939453125,31.167365656361927,44.02240150149964,20.551693340117538,4,3,39.0625,29.296875,39.0625,29.296875,1.3333333333333333,0.0011702750146284377,230730D-JC-52,25.0,0.5873680114746094,0.023494720458984375,0.001298912161065108,3.0517578125e-05,303
869,14.0,484,138,487,144,5.9143273407509565,3.043949747553235,0.8573860311337047,12.242640687119284,1.0,0.00133514404296875,1335.14404296875,41.23054927387454,57.75710293702106,29.72607175344956,3,6,29.296875,58.59375,58.59375,29.296875,2.0,0.002047981275599766,230730D-JC-52,25.0,0.5873680114746094,0.023494720458984375,0.002273096281863939,5.340576171875e-05,146
871,4.0,484,443,487,445,3.23606797749979,1.2360679774997898,0.9241763718304448,4.414213562373095,1.0,0.0003814697265625,381.4697265625,22.03865560733423,31.602226342771385,12.070976342771385,3,2,29.296875,19.53125,29.296875,19.53125,1.5,0.0005851375073142189,230730D-JC-52,25.0,0.5873680114746094,0.023494720458984375,0.000649456080532554,1.52587890625e-05,534
874,13.0,486,313,490,317,4.318667337728677,3.6794648440311994,0.523556754446835,10.242640687119284,1.0,0.001239776611328125,1239.776611328125,39.73075141726777,42.17448572000661,35.932273867492185,4,4,39.0625,39.0625,39.0625,39.0625,1.0,0.0019016968987712111,230730D-JC-52,25.0,0.5873680114746094,0.023494720458984375,0.0021107322617308004,4.9591064453125e-05,164
876,12.0,487,252,492,256,5.129725253921036,3.0032069779850508,0.8107072025645274,10.65685424949238,0.9230769230769231,0.0011444091796875,1144.4091796875,38.17207124241562,50.09497318282261,29.32819314438526,5,4,48.828125,39.0625,48.828125,39.0625,1.25,0.0017554125219426564,230730D-JC-52,25.0,0.5873680114746094,0.023494720458984375,0.001948368241597662,4.57763671875e-05,182
878,5.0,488,14,490,17,3.098386676965933,1.7888543819998317,0.816496580927726,5.207106781186548,1.0,0.000476837158203125,476.837158203125,24.639966035353126,30.257682392245442,17.469281074217108,2,3,19.53125,29.296875,29.296875,19.53125,1.5,0.0007314218841427735,230730D-JC-52,25.0,0.5873680114746094,0.023494720458984375,0.0008118201006656925,1.9073486328125e-05,462
881,9.0,488,168,490,173,5.274258481434536,1.946056459258261,0.9294403032006735,9.207106781186548,1.0,0.000858306884765625,858.306884765625,33.057983411001345,51.50643048275914,19.004457609943955,2,5,19.53125,48.828125,48.828125,19.53125,2.5,0.0013165593914569924,230730D-JC-52,25.0,0.5873680114746094,0.023494720458984375,0.0014612761811982464,3.4332275390625e-05,269
882,8.0,488,428,491,431,3.4641016151377544,2.7386127875258306,0.6123724356957945,7.414213562373095,1.0,0.000762939453125,762.939453125,31.167365656361927,33.829117335329634,26.74426550318194,3,3,29.296875,29.296875,29.296875,29.296875,1.0,0.0011702750146284377,230730D-JC-52,25.0,0.5873680114746094,0.023494720458984375,0.001298912161065108,3.0517578125e-05,304
883,6.0,488,456,491,459,3.6514837167011076,2.10818510677892,0.8164965809277259,5.414213562373095,1.0,0.00057220458984375,572.20458984375,26.991730427448083,35.65902067090926,20.58774518338789,3,3,29.296875,29.296875,29.296875,29.296875,1.0,0.0008777062609713282,230730D-JC-52,25.0,0.5873680114746094,0.023494720458984375,0.000974184120798831,2.288818359375e-05,403
886,7.0,490,284,493,287,3.7032803990902057,2.138089935299395,0.816496580927726,6.82842712474619,1.0,0.000667572021484375,667.572021484375,29.154400983602766,36.16484764736529,20.879784524408155,3,3,29.296875,29.296875,29.296875,29.296875,1.0,0.001023990637799883,230730D-JC-52,25.0,0.5873680114746094,0.023494720458984375,0.0011365481409319695,2.6702880859375e-05,351
888,10.0,490,466,493,472,6.250781049938739,2.0316831115424363,0.9457041595523512,9.449747468305834,0.9090909090909091,0.00095367431640625,953.67431640625,34.84617414360881,61.042783690808,19.840655386156605,3,6,29.296875,58.59375,58.59375,29.296875,2.0,0.001462843768285547,230730D-JC-52,25.0,0.5873680114746094,0.023494720458984375,0.001623640201331385,3.814697265625e-05,235
890,8.0,491,44,494,49,4.683926736946213,2.358141285614668,0.8640220764089543,7.035533905932738,0.7272727272727273,0.000762939453125,762.939453125,31.167365656361927,45.74147204049036,23.028723492330744,3,5,29.296875,48.828125,48.828125,29.296875,1.6666666666666667,0.0011702750146284377,230730D-JC-52,25.0,0.5873680114746094,0.023494720458984375,0.001298912161065108,3.0517578125e-05,305
891,15.0,491,300,496,306,7.147579097305345,2.687605655388237,0.9266130822996146,9.65685424949238,0.9375,0.001430511474609375,1430.511474609375,42.67767307000309,69.8005771221225,26.246148978400754,5,6,48.828125,58.59375,58.59375,48.828125,1.2,0.0021942656524283205,230730D-JC-52,25.0,0.5873680114746094,0.023494720458984375,0.0024354603019970775,5.7220458984375e-05,125
892,9.0,492,97,496,102,5.733546460018015,2.0645211212169015,0.9329223913306783,9.65685424949238,0.9,0.000858306884765625,858.306884765625,33.057983411001345,55.99166464861343,20.161339074383804,4,5,39.0625,48.828125,48.828125,39.0625,1.25,0.0013165593914569924,230730D-JC-52,25.0,0.5873680114746094,0.023494720458984375,0.0014612761811982464,3.4332275390625e-05,270
893,11.0,492,193,495,198,5.196736578748781,2.5652886368981056,0.8696694471536169,10.242640687119284,1.0,0.001049041748046875,1049.041748046875,36.54697576669487,50.749380651843566,25.051646844708063,3,5,29.296875,48.828125,48.828125,29.296875,1.6666666666666667,0.0016091281451141018,230730D-JC-52,25.0,0.5873680114746094,0.023494720458984375,0.0017860042214645235,4.1961669921875e-05,209
894,15.0,492,234,498,240,8.442651670674325,2.409580297915902,0.9584068174766432,13.449747468305834,0.8333333333333334,0.001430511474609375,1430.511474609375,42.67767307000309,82.44777022142895,23.531057596834977,6,6,58.59375,58.59375,58.59375,58.59375,1.0,0.0021942656524283205,230730D-JC-52,25.0,0.5873680114746094,0.023494720458984375,0.0024354603019970775,5.7220458984375e-05,126
895,6.0,492,342,494,346,3.9999999999999996,1.632993161855452,0.9128709291752768,6.414213562373095,1.0,0.00057220458984375,572.20458984375,26.991730427448083,39.06249999999999,15.94719884624465,2,4,19.53125,39.0625,39.0625,19.53125,2.0,0.0008777062609713282,230730D-JC-52,25.0,0.5873680114746094,0.023494720458984375,0.000974184120798831,2.288818359375e-05,404
896,19.0,493,58,501,65,11.378343745723972,2.3339710855036024,0.9787359987924096,19.48528137423857,0.7916666666666666,0.001811981201171875,1811.981201171875,48.03213632193296,111.11663814183567,22.792686381871118,8,7,78.125,68.359375,78.125,68.359375,1.1428571428571428,0.0027794031597425397,230730D-JC-52,25.0,0.5873680114746094,0.023494720458984375,0.0030849163825296313,7.2479248046875e-05,75
898,8.0,494,152,497,157,5.226251859505506,2.164784400584788,0.9101797211244547,8.414213562373096,0.8888888888888888,0.000762939453125,762.939453125,31.167365656361927,51.03761581548346,21.14047266196082,3,5,29.296875,48.828125,48.828125,29.296875,1.6666666666666667,0.0011702750146284377,230730D-JC-52,25.0,0.5873680114746094,0.023494720458984375,0.001298912161065108,3.0517578125e-05,306
899,11.0,494,273,498,277,4.585280077424906,3.190896140869863,0.7181387543088393,10.65685424949238,0.8461538461538461,0.001049041748046875,1049.041748046875,36.54697576669487,44.7781257561026,31.161095125682255,4,4,39.0625,39.0625,39.0625,39.0625,1.0,0.0016091281451141018,230730D-JC-52,25.0,0.5873680114746094,0.023494720458984375,0.0017860042214645235,4.1961669921875e-05,210
900,9.0,496,82,499,85,3.265986323710904,3.265986323710904,0.0,8.0,1.0,0.000858306884765625,858.306884765625,33.057983411001345,31.8943976924893,31.8943976924893,3,3,29.296875,29.296875,29.296875,29.296875,1.0,0.0013165593914569924,230730D-JC-52,25.0,0.5873680114746094,0.023494720458984375,0.0014612761811982464,3.4332275390625e-05,271
902,19.0,497,23,503,29,7.712120767322745,3.2753899645406674,0.9053309629694198,14.485281374238571,0.9047619047619048,0.001811981201171875,1811.981201171875,48.03213632193296,75.31367936838619,31.986230122467454,6,6,58.59375,58.59375,58.59375,58.59375,1.0,0.0027794031597425397,230730D-JC-52,25.0,0.5873680114746094,0.023494720458984375,0.0030849163825296313,7.2479248046875e-05,76
903,5.0,497,157,499,161,4.34169545110285,1.2765894445250698,0.9557961393962537,4.207106781186548,0.8333333333333334,0.000476837158203125,476.837158203125,24.639966035353126,42.399369639676266,12.466693794190135,2,4,19.53125,39.0625,39.0625,19.53125,2.0,0.0007314218841427735,230730D-JC-52,25.0,0.5873680114746094,0.023494720458984375,0.0008118201006656925,1.9073486328125e-05,463
904,8.0,498,69,501,73,4.1204045563213505,2.4025541184843804,0.8124097554365945,7.035533905932738,0.8888888888888888,0.000762939453125,762.939453125,31.167365656361927,40.23832574532569,23.46244256332403,3,4,29.296875,39.0625,39.0625,29.296875,1.3333333333333333,0.0011702750146284377,230730D-JC-52,25.0,0.5873680114746094,0.023494720458984375,0.001298912161065108,3.0517578125e-05,307
905,5.0,498,446,501,448,3.098386676965933,1.7888543819998317,0.816496580927726,5.207106781186548,1.0,0.000476837158203125,476.837158203125,24.639966035353126,30.257682392245442,17.469281074217108,3,2,29.296875,19.53125,29.296875,19.53125,1.5,0.0007314218841427735,230730D-JC-52,25.0,0.5873680114746094,0.023494720458984375,0.0008118201006656925,1.9073486328125e-05,464
906,13.0,498,456,502,461,4.417038656910848,3.8174087729822177,0.5030691259730695,11.071067811865476,0.9285714285714286,0.001239776611328125,1239.776611328125,39.73075141726777,43.135143133895,37.27938254865447,4,5,39.0625,48.828125,48.828125,39.0625,1.25,0.0019016968987712111,230730D-JC-52,25.0,0.5873680114746094,0.023494720458984375,0.0021107322617308004,4.9591064453125e-05,165
907,8.0,499,176,502,180,4.507893913753563,2.104493398028036,0.8843384945005575,8.242640687119284,1.0,0.000762939453125,762.939453125,31.167365656361927,44.02240150149964,20.551693340117538,3,4,29.296875,39.0625,39.0625,29.296875,1.3333333333333333,0.0011702750146284377,230730D-JC-52,25.0,0.5873680114746094,0.023494720458984375,0.001298912161065108,3.0517578125e-05,308
908,19.0,500,462,503,474,12.075561699764496,2.3438918545365004,0.9809813330243308,14.82842712474619,0.7037037037037037,0.001811981201171875,1811.981201171875,48.03213632193296,117.92540722426266,22.88956889195801,3,12,29.296875,117.1875,117.1875,29.296875,4.0,0.0027794031597425397,230730D-JC-52,25.0,0.5873680114746094,0.023494720458984375,0.0030849163825296313,7.2479248046875e-05,77
909,12.0,500,494,502,501,7.4062343186343895,1.8952935556073236,0.9667018933746258,11.0,0.9230769230769231,0.0011444091796875,1144.4091796875,38.17207124241562,72.32650701791395,18.50872612897777,2,7,19.53125,68.359375,68.359375,19.53125,3.5,0.0017554125219426564,230730D-JC-52,25.0,0.5873680114746094,0.023494720458984375,0.001948368241597662,4.57763671875e-05,183
912,13.0,501,359,503,366,7.554371880072024,1.9753176197160076,0.9652088777670543,13.207106781186548,1.0,0.001239776611328125,1239.776611328125,39.73075141726777,73.77316289132835,19.290211130039136,2,7,19.53125,68.359375,68.359375,19.53125,3.5,0.0019016968987712111,230730D-JC-52,25.0,0.5873680114746094,0.023494720458984375,0.0021107322617308004,4.9591064453125e-05,166
915,6.0,502,332,504,336,3.9999999999999996,1.632993161855452,0.9128709291752768,6.414213562373095,1.0,0.00057220458984375,572.20458984375,26.991730427448083,39.06249999999999,15.94719884624465,2,4,19.53125,39.0625,39.0625,19.53125,2.0,0.0008777062609713282,230730D-JC-52,25.0,0.5873680114746094,0.023494720458984375,0.000974184120798831,2.288818359375e-05,405
916,4.0,503,45,505,48,3.23606797749979,1.2360679774997898,0.9241763718304448,4.414213562373095,1.0,0.0003814697265625,381.4697265625,22.03865560733423,31.602226342771385,12.070976342771385,2,3,19.53125,29.296875,29.296875,19.53125,1.5,0.0005851375073142189,230730D-JC-52,25.0,0.5873680114746094,0.023494720458984375,0.000649456080532554,1.52587890625e-05,535
917,9.0,503,110,505,117,7.563396510518426,1.565041281350756,0.9783572149528893,8.207106781186548,0.8181818181818182,0.000858306884765625,858.306884765625,33.057983411001345,73.8612940480315,15.283606263190975,2,7,19.53125,68.359375,68.359375,19.53125,3.5,0.0013165593914569924,230730D-JC-52,25.0,0.5873680114746094,0.023494720458984375,0.0014612761811982464,3.4332275390625e-05,272
918,7.0,503,281,505,285,4.155374705678736,1.9054711331003737,0.8886656215775005,7.207106781186548,1.0,0.000667572021484375,667.572021484375,29.154400983602766,40.57983111014391,18.60811653418334,2,4,19.53125,39.0625,39.0625,19.53125,2.0,0.001023990637799883,230730D-JC-52,25.0,0.5873680114746094,0.023494720458984375,0.0011365481409319695,2.6702880859375e-05,352
920,26.0,504,122,510,131,9.328963261889037,3.6014503270661193,0.9224776753365819,19.72792206135786,0.9285714285714286,0.00247955322265625,2479.55322265625,56.18776749757414,91.10315685438512,35.170413350255075,6,9,58.59375,87.890625,87.890625,58.59375,1.5,0.0038033937975424223,230730D-JC-52,25.0,0.5873680114746094,0.023494720458984375,0.004221464523461601,9.918212890625e-05,32
921,15.0,504,143,508,149,5.983406373381878,3.2935902993332387,0.8348654584002478,12.65685424949238,0.8823529411764706,0.001430511474609375,1430.511474609375,42.67767307000309,58.4317028650574,32.163967766926156,4,6,39.0625,58.59375,58.59375,39.0625,1.5,0.0021942656524283205,230730D-JC-52,25.0,0.5873680114746094,0.023494720458984375,0.0024354603019970775,5.7220458984375e-05,127
922,7.0,504,239,506,243,4.155374705678736,1.9054711331003737,0.8886656215775005,7.207106781186548,1.0,0.000667572021484375,667.572021484375,29.154400983602766,40.57983111014391,18.60811653418334,2,4,19.53125,39.0625,39.0625,19.53125,2.0,0.001023990637799883,230730D-JC-52,25.0,0.5873680114746094,0.023494720458984375,0.0011365481409319695,2.6702880859375e-05,353
923,16.0,504,246,506,261,17.176955891314392,0.9432318420408935,0.9984911631793286,14.207106781186548,0.7272727272727273,0.00152587890625,1525.87890625,44.07731121466846,167.74370987611712,9.211248457430601,2,15,19.53125,146.484375,146.484375,19.53125,7.5,0.0023405500292568754,230730D-JC-52,25.0,0.5873680114746094,0.023494720458984375,0.002597824322130216,6.103515625e-05,114
924,4.0,505,195,507,197,2.0,2.0,0.0,4.0,1.0,0.0003814697265625,381.4697265625,22.03865560733423,19.53125,19.53125,2,2,19.53125,19.53125,19.53125,19.53125,1.0,0.0005851375073142189,230730D-JC-52,25.0,0.5873680114746094,0.023494720458984375,0.000649456080532554,1.52587890625e-05,536
925,24.0,505,207,510,217,9.00814509439159,4.31637576401389,0.8777255766564456,17.449747468305834,0.8,0.002288818359375,2288.818359375,53.983460854896165,87.97016693741787,42.152107070448146,5,10,48.828125,97.65625,97.65625,48.828125,2.0,0.003510825043885313,230730D-JC-52,25.0,0.5873680114746094,0.023494720458984375,0.003896736483195324,9.1552734375e-05,35
926,26.0,506,91,512,98,6.635560457537455,5.3220641672347515,0.5972542829181677,17.899494936611667,0.896551724137931,0.00247955322265625,2479.55322265625,56.18776749757414,64.80039509313922,51.97328288315187,6,7,58.59375,68.359375,68.359375,58.59375,1.1666666666666667,0.0038033937975424223,230730D-JC-52,25.0,0.5873680114746094,0.023494720458984375,0.004221464523461601,9.918212890625e-05,33
928,28.0,507,71,512,80,9.277064490059965,4.374946408805659,0.8818193443408288,21.65685424949238,0.8484848484848485,0.0026702880859375,2670.2880859375,58.30880196720553,90.59633291074185,42.72408602349277,5,9,48.828125,87.890625,87.890625,48.828125,1.8,0.004095962551199532,230730D-JC-52,25.0,0.5873680114746094,0.023494720458984375,0.004546192563727878,0.0001068115234375,23
929,22.0,508,44,512,53,7.930432328496228,3.7900450433008466,0.8784079747019767,15.449747468305832,0.88,0.00209808349609375,2098.08349609375,51.68522879298074,77.44562820797098,37.01215862598483,4,9,39.0625,87.890625,87.890625,39.0625,2.25,0.0032182562902282035,230730D-JC-52,25.0,0.5873680114746094,0.023494720458984375,0.003572008442929047,8.392333984375e-05,51
930,8.0,509,111,512,114,3.4641016151377544,2.7386127875258306,0.6123724356957945,7.414213562373095,1.0,0.000762939453125,762.939453125,31.167365656361927,33.829117335329634,26.74426550318194,3,3,29.296875,29.296875,29.296875,29.296875,1.0,0.0011702750146284377,230730D-JC-52,25.0,0.5873680114746094,0.023494720458984375,0.001298912161065108,3.0517578125e-05,309
