5.014096e+002,4.046190e-001
5.052666e+002,4.002147e-001
5.091236e+002,3.260850e-001
5.129806e+002,2.737827e-001
5.168376e+002,3.438035e-001
5.206946e+002,6.047270e-001
5.245516e+002,1.063959e+000
5.284086e+002,1.664775e+000
5.322656e+002,2.296453e+000
5.361226e+002,2.838536e+000
5.399796e+002,3.194188e+000
5.438365e+002,3.318362e+000
5.476936e+002,3.228707e+000
5.515505e+002,2.997598e+000
5.554076e+002,2.729406e+000
5.592646e+002,2.539246e+000
5.631216e+002,2.490872e+000
5.669786e+002,2.614270e+000
5.708356e+002,2.884369e+000
5.746926e+002,3.226417e+000
5.785496e+002,3.535172e+000
5.824066e+002,3.704382e+000
5.862635e+002,3.659439e+000
5.901205e+002,3.384441e+000
5.939775e+002,2.931594e+000
5.978345e+002,2.406486e+000
6.016915e+002,1.940397e+000
6.055485e+002,1.649786e+000
6.094055e+002,1.598142e+000
6.132625e+002,1.773761e+000
6.171195e+002,2.091980e+000
6.209765e+002,2.419886e+000
6.248335e+002,2.627986e+000
6.286905e+002,2.618732e+000
6.325475e+002,2.357443e+000
6.364045e+002,1.878729e+000
6.402615e+002,1.272067e+000
6.441185e+002,6.538645e-001
6.479755e+002,1.367363e-001
6.518325e+002,-1.932610e-001
6.556895e+002,-2.941559e-001
6.595465e+002,-1.638870e-001
6.634035e+002,1.637441e-001
6.672605e+002,6.285585e-001
6.711175e+002,1.155041e+000
6.749745e+002,1.664936e+000
6.788315e+002,2.091700e+000
6.826885e+002,2.397680e+000
6.865455e+002,2.577314e+000
6.904025e+002,2.666463e+000
6.942595e+002,2.726953e+000
6.981165e+002,2.820948e+000
7.019734e+002,2.980437e+000
7.058304e+002,3.184074e+000
7.096874e+002,3.353068e+000
7.135444e+002,3.374229e+000
7.174014e+002,3.127880e+000
7.212584e+002,2.550956e+000
7.251154e+002,1.667079e+000
7.289724e+002,5.935180e-001
7.328294e+002,-4.850875e-001
7.366864e+002,-1.368183e+000
7.405435e+002,-1.897712e+000
7.444004e+002,-1.993390e+000
7.482574e+002,-1.689079e+000
7.521144e+002,-1.102743e+000
7.559714e+002,-3.943710e-001
7.598284e+002,2.854552e-001
7.636854e+002,8.359525e-001
7.675424e+002,1.223397e+000
7.713994e+002,1.473389e+000
7.752564e+002,1.647444e+000
7.791134e+002,1.804513e+000
7.829704e+002,1.987399e+000
7.868274e+002,2.206299e+000
7.906844e+002,2.440842e+000
7.945414e+002,2.651823e+000
7.983984e+002,2.796817e+000
8.022554e+002,2.844584e+000
8.061124e+002,2.784232e+000
8.099694e+002,2.631215e+000
8.138264e+002,2.422817e+000
8.176833e+002,2.210079e+000
8.215403e+002,2.045008e+000
8.253973e+002,1.967034e+000
8.292544e+002,1.993400e+000
8.331113e+002,2.117602e+000
8.369684e+002,2.317716e+000
8.408253e+002,2.568847e+000
8.446824e+002,2.861742e+000
8.485393e+002,3.207462e+000
8.523964e+002,3.630956e+000
8.562533e+002,4.152153e+000
8.601104e+002,4.761848e+000
8.639673e+002,5.403700e+000
8.678243e+002,5.975621e+000
8.716813e+002,6.351975e+000
8.755383e+002,6.409094e+000
8.793953e+002,6.067241e+000
8.832523e+002,5.319683e+000
8.871093e+002,4.241494e+000
8.909663e+002,2.974811e+000
8.948233e+002,1.696016e+000
8.986803e+002,6.339111e-001
9.025373e+002,-1.610698e-001
9.063943e+002,-6.218740e-001
9.102513e+002,-7.373291e-001
9.141083e+002,-5.458928e-001
9.179653e+002,-1.251474e-001
9.218223e+002,4.189852e-001
9.256793e+002,9.626908e-001
9.295363e+002,1.368022e+000
9.333933e+002,1.547871e+000
9.372502e+002,1.426834e+000
9.411073e+002,9.718550e-001
9.449642e+002,2.048974e-001
9.488213e+002,-7.953986e-001
9.526782e+002,-1.906399e+000
9.565353e+002,-2.986782e+000
9.603922e+002,-3.888041e+000
9.642493e+002,-4.554333e+000
9.681062e+002,-4.952691e+000
9.719633e+002,-5.096514e+000
9.758203e+002,-5.028571e+000
9.796772e+002,-4.797381e+000
9.835342e+002,-4.436568e+000
9.873912e+002,-3.955457e+000
9.912482e+002,-3.272132e+000
9.951052e+002,-2.429776e+000
9.989622e+002,-1.449618e+000
1.002819e+003,-3.959284e-001
1.006676e+003,6.235847e-001
1.010533e+003,1.477218e+000
1.014390e+003,2.043696e+000
1.018247e+003,2.250289e+000
1.022104e+003,2.116071e+000
1.025961e+003,1.679961e+000
1.029818e+003,1.116471e+000
1.033675e+003,6.273603e-001
1.037532e+003,3.817360e-001
1.041389e+003,4.642958e-001
1.045246e+003,8.489536e-001
1.049103e+003,1.407250e+000
1.052960e+003,1.946624e+000
1.056817e+003,2.270928e+000
1.060674e+003,2.253299e+000
1.064531e+003,1.882778e+000
1.068388e+003,1.272260e+000
1.072245e+003,6.245563e-001
1.076102e+003,1.672586e-001
1.079959e+003,7.784872e-002
1.083816e+003,4.293561e-001
1.087673e+003,1.155546e+000
1.091530e+003,2.066371e+000
1.095387e+003,2.910550e+000
1.099244e+003,3.451773e+000
1.103101e+003,3.536807e+000
1.106958e+003,3.133827e+000
1.110815e+003,2.331113e+000
1.114672e+003,1.288584e+000
1.118529e+003,2.185575e-001
1.122386e+003,-6.990634e-001
1.126243e+003,-1.344984e+000
1.130100e+003,-1.670466e+000
1.133957e+003,-1.684802e+000
1.137814e+003,-1.431110e+000
1.141671e+003,-9.625012e-001
1.145528e+003,-3.261915e-001
1.149385e+003,4.418795e-001
1.153242e+003,1.313112e+000
1.157099e+003,2.263562e+000
1.160956e+003,3.270618e+000
1.164813e+003,4.310675e+000
1.168670e+003,5.356424e+000
1.172527e+003,6.373197e+000
1.176384e+003,7.317034e+000
1.180241e+003,8.133816e+000
1.184098e+003,8.771680e+000
1.187955e+003,9.196183e+000
1.191812e+003,9.407067e+000
1.195669e+003,9.446487e+000
1.199526e+003,9.390985e+000
1.203383e+003,9.325899e+000
1.207240e+003,9.309763e+000
1.211097e+003,9.342702e+000
1.214954e+003,9.354916e+000
1.218811e+003,9.223341e+000
1.222668e+003,8.814204e+000
1.226525e+003,8.037169e+000
1.230382e+003,6.890687e+000
1.234239e+003,5.480525e+000
1.238096e+003,4.004677e+000
1.241953e+003,2.703831e+000
1.245810e+003,1.807153e+000
1.249667e+003,1.479625e+000
1.253524e+003,1.792774e+000
1.257381e+003,2.722652e+000
1.261238e+003,4.169644e+000
1.265095e+003,5.988260e+000
1.268952e+003,8.011943e+000
1.272809e+003,1.008133e+001
1.276666e+003,1.204590e+001
1.280523e+003,1.377219e+001
1.284380e+003,1.515060e+001
1.288237e+003,1.610533e+001
1.292094e+003,1.660543e+001
1.295951e+003,1.667256e+001
1.299808e+003,1.638032e+001
1.303665e+003,1.584580e+001
1.307522e+003,1.520897e+001
1.311379e+003,1.461177e+001
1.315236e+003,1.417580e+001
1.319093e+003,1.398305e+001
1.322950e+003,1.406175e+001
1.326807e+003,1.437947e+001
1.330664e+003,1.484497e+001
1.334521e+003,1.532691e+001
1.338378e+003,1.567932e+001
1.342235e+003,1.578001e+001
1.346092e+003,1.556846e+001
1.349949e+003,1.507164e+001
1.353806e+003,1.440676e+001
1.357663e+003,1.375628e+001
1.361520e+003,1.332055e+001
1.365377e+003,1.326093e+001
1.369234e+003,1.365547e+001
1.373091e+003,1.447746e+001
1.376948e+003,1.560483e+001
1.380805e+003,1.685434e+001
1.384662e+003,1.802675e+001
1.388519e+003,1.894748e+001
1.392376e+003,1.949260e+001
1.396233e+003,1.959916e+001
1.400090e+003,1.926257e+001
1.403947e+003,1.853288e+001
1.407804e+003,1.751145e+001
1.411661e+003,1.634612e+001
1.415518e+003,1.521767e+001
1.419375e+003,1.431135e+001
1.423232e+003,1.377423e+001
1.427089e+003,1.366918e+001
1.430946e+003,1.394462e+001
1.434803e+003,1.443582e+001
1.438660e+003,1.490625e+001
1.442517e+003,1.512054e+001
1.446374e+003,1.492591e+001
1.450231e+003,1.431196e+001
1.454088e+003,1.342401e+001
1.457945e+003,1.252222e+001
1.461802e+003,1.189748e+001
1.465659e+003,1.177399e+001
1.469516e+003,1.223328e+001
1.473373e+003,1.318631e+001
1.477230e+003,1.440274e+001
1.481087e+003,1.558527e+001
1.484944e+003,1.646154e+001
1.488801e+003,1.686049e+001
1.492658e+003,1.675241e+001
1.496515e+003,1.623940e+001
1.500372e+003,1.550691e+001
1.504229e+003,1.475657e+001
1.508086e+003,1.414420e+001
1.511943e+003,1.374161e+001
1.515800e+003,1.352886e+001
1.519657e+003,1.341804e+001
1.523514e+003,1.328704e+001
1.527371e+003,1.301998e+001
1.531228e+003,1.253747e+001
1.535085e+003,1.181287e+001
1.538942e+003,1.087503e+001
1.542799e+003,9.801810e+000
1.546656e+003,8.706594e+000
1.550513e+003,7.730242e+000
1.554370e+003,7.016541e+000
1.558227e+003,6.691359e+000
1.562084e+003,6.835183e+000
1.565941e+003,7.455511e+000
1.569798e+003,8.467680e+000
1.573655e+003,9.694481e+000
1.577512e+003,1.089301e+001
1.581369e+003,1.180158e+001
1.585226e+003,1.221119e+001
1.589083e+003,1.202627e+001
1.592940e+003,1.130002e+001
1.596797e+003,1.022727e+001
1.600654e+003,9.092913e+000
1.604511e+003,8.190314e+000
1.608368e+003,7.736182e+000
1.612225e+003,7.817090e+000
1.616082e+003,8.373985e+000
1.619939e+003,9.243155e+000
1.623796e+003,1.022705e+001
1.627653e+003,1.116656e+001
1.631510e+003,1.198511e+001
1.635367e+003,1.268829e+001
1.639224e+003,1.332457e+001
1.643081e+003,1.392489e+001
1.646938e+003,1.446059e+001
1.650795e+003,1.483374e+001
1.654652e+003,1.490989e+001
1.658509e+003,1.457782e+001
1.662366e+003,1.380805e+001
1.666223e+003,1.268265e+001
1.670080e+003,1.138133e+001
1.673937e+003,1.012942e+001
1.677794e+003,9.127915e+000
1.681651e+003,8.494826e+000
1.685508e+003,8.239335e+000
1.689365e+003,8.275377e+000
1.693222e+003,8.464767e+000
1.697079e+003,8.669759e+000
1.700936e+003,8.794568e+000
1.704793e+003,8.803637e+000
1.708650e+003,8.715971e+000
1.712507e+003,8.583754e+000
1.716364e+003,8.466388e+000
1.720221e+003,8.408465e+000
1.724078e+003,8.425089e+000
1.727935e+003,8.494558e+000
1.731792e+003,8.558468e+000
1.735649e+003,8.528893e+000
1.739506e+003,8.308036e+000
1.743363e+003,7.816600e+000
1.747220e+003,7.026159e+000
1.751077e+003,5.983411e+000
1.754934e+003,4.813305e+000
1.758791e+003,3.693971e+000
1.762648e+003,2.808086e+000
1.766505e+003,2.286253e+000
1.770362e+003,2.167806e+000
1.774219e+003,2.393812e+000
1.778076e+003,2.838324e+000
1.781933e+003,3.364160e+000
1.785790e+003,3.877583e+000
1.789647e+003,4.356041e+000
1.793504e+003,4.836086e+000
1.797361e+003,5.367395e+000
1.801218e+003,5.959371e+000
1.805075e+003,6.548019e+000
1.808932e+003,7.004267e+000
1.812789e+003,7.182961e+000
1.816646e+003,6.990484e+000
1.820503e+003,6.437845e+000
1.824360e+003,5.650902e+000
1.828217e+003,4.831025e+000
1.832073e+003,4.179272e+000
1.835931e+003,3.818426e+000
1.839788e+003,3.748131e+000
1.843645e+003,3.852180e+000
1.847501e+003,3.952947e+000
1.851359e+003,3.886501e+000
1.855216e+003,3.562503e+000
1.859073e+003,2.988202e+000
1.862929e+003,2.245306e+000
1.866787e+003,1.438327e+000
1.870644e+003,6.442575e-001
1.874500e+003,-1.107813e-001
1.878357e+003,-8.387680e-001
1.882215e+003,-1.552222e+000
1.886072e+003,-2.232204e+000
1.889928e+003,-2.795852e+000
1.893786e+003,-3.140457e+000
1.897643e+003,-3.186130e+000
1.901500e+003,-2.926970e+000
1.905356e+003,-2.455718e+000
1.909214e+003,-1.946009e+000
1.913071e+003,-1.596790e+000
1.916927e+003,-1.571027e+000
1.920784e+003,-1.928568e+000
1.924642e+003,-2.605073e+000
1.928499e+003,-3.446903e+000
1.932355e+003,-4.274230e+000
1.936212e+003,-4.945553e+000
1.940070e+003,-5.394802e+000
1.943927e+003,-5.626956e+000
1.947783e+003,-5.695863e+000
1.951640e+003,-5.576176e+000
1.955498e+003,-5.225272e+000
1.959354e+003,-4.549036e+000
1.963211e+003,-3.447579e+000
1.967068e+003,-1.882014e+000
1.970926e+003,7.019597e-002
1.974782e+003,2.200337e+000
1.978639e+003,4.286527e+000
1.982497e+003,5.866238e+000
1.986354e+003,6.677557e+000
1.990210e+003,6.640211e+000
1.994067e+003,5.875425e+000
1.997925e+003,4.655879e+000
2.001781e+003,3.307123e+000
2.005638e+003,2.100870e+000
2.009495e+003,1.165048e+000
2.013353e+003,5.269608e-001
2.017209e+003,9.492517e-002
2.021066e+003,-2.409393e-001
2.024923e+003,-5.336682e-001
2.028781e+003,-7.437961e-001
2.032637e+003,-7.571366e-001
2.036494e+003,-4.449513e-001
2.040351e+003,2.216534e-001
2.044208e+003,1.224209e+000
2.048065e+003,2.428868e+000
2.051922e+003,3.620861e+000
2.055779e+003,4.557586e+000
2.059636e+003,5.029297e+000
2.063493e+003,4.909797e+000
2.067350e+003,4.185973e+000
2.071207e+003,3.041931e+000
2.075064e+003,1.616057e+000
2.078921e+003,1.362621e-001
2.082778e+003,-1.163476e+000
2.086635e+003,-2.095349e+000
2.090492e+003,-2.565574e+000
2.094349e+003,-2.602389e+000
2.098206e+003,-2.349438e+000
2.102063e+003,-2.027690e+000
2.105920e+003,-1.835754e+000
2.109777e+003,-1.878772e+000
2.113634e+003,-2.119861e+000
2.117491e+003,-2.377259e+000
2.121348e+003,-2.381164e+000
2.125205e+003,-1.874925e+000
2.129062e+003,-7.243928e-001
2.132919e+003,9.716581e-001
2.136776e+003,2.985759e+000
2.140633e+003,4.933921e+000
2.144490e+003,6.417320e+000
2.148347e+003,7.144976e+000
2.152204e+003,7.019108e+000
2.156061e+003,6.153547e+000
2.159918e+003,4.822573e+000
2.163775e+003,3.372786e+000
2.167632e+003,2.092829e+000
2.171489e+003,1.164995e+000
2.175346e+003,6.389111e-001
2.179203e+003,4.564506e-001
2.183060e+003,5.034950e-001
2.186917e+003,6.624867e-001
2.190774e+003,8.458346e-001
2.194631e+003,1.003803e+000
2.198488e+003,1.112952e+000
2.202345e+003,1.159308e+000
2.206202e+003,1.127030e+000
2.210059e+003,9.976128e-001
2.213916e+003,7.564034e-001
2.217773e+003,3.997659e-001
2.221630e+003,-6.233680e-002
2.225487e+003,-6.153908e-001
2.229344e+003,-1.225616e+000
2.233201e+003,-1.860176e+000
2.237058e+003,-2.480457e+000
2.240915e+003,-3.039505e+000
2.244772e+003,-3.482688e+000
2.248629e+003,-3.754436e+000
2.252486e+003,-3.809750e+000
2.256343e+003,-3.614848e+000
2.260200e+003,-3.173284e+000
2.264057e+003,-2.514307e+000
2.267914e+003,-1.682737e+000
2.271771e+003,-7.305797e-001
2.275628e+003,2.845547e-001
2.279485e+003,1.294400e+000
2.283342e+003,2.215423e+000
2.287199e+003,2.982435e+000
2.291056e+003,3.473930e+000
2.294913e+003,3.655475e+000
2.298770e+003,3.571920e+000
2.302627e+003,3.349940e+000
2.306484e+003,3.161710e+000
2.310341e+003,3.156466e+000
2.314198e+003,3.386609e+000
2.318055e+003,3.771208e+000
2.321912e+003,4.078138e+000
2.325769e+003,4.033526e+000
2.329626e+003,3.430794e+000
2.333483e+003,2.232343e+000
2.337340e+003,6.064024e-001
2.341197e+003,-1.122929e+000
2.345054e+003,-2.594715e+000
2.348911e+003,-3.557647e+000
2.352768e+003,-3.933366e+000
2.356625e+003,-3.870023e+000
2.360482e+003,-3.653844e+000
2.364339e+003,-3.582697e+000
2.368196e+003,-3.845404e+000
2.372053e+003,-4.456215e+000
2.375910e+003,-5.264008e+000
2.379767e+003,-6.020634e+000
2.383624e+003,-6.469557e+000
2.387481e+003,-6.417654e+000
2.391338e+003,-5.768687e+000
2.395195e+003,-4.523325e+000
2.399052e+003,-2.764738e+000
2.402909e+003,-6.472925e-001
2.406766e+003,1.608487e+000
2.410623e+003,3.789325e+000
2.414480e+003,5.494853e+000
2.418337e+003,6.450495e+000
2.422194e+003,6.516402e+000
2.426051e+003,5.748085e+000
2.429908e+003,4.398554e+000
2.433765e+003,2.848918e+000
2.437622e+003,1.487891e+000
2.441479e+003,1.173624e-001
2.445336e+003,-4.194891e-001
2.449193e+003,-3.445328e-001
2.453050e+003,-1.034851e-001
2.456907e+003,-6.141052e-002
2.460764e+003,-3.104925e-001
2.464621e+003,-6.820070e-001
2.468478e+003,-9.129292e-001
2.472335e+003,-8.393756e-001
2.476192e+003,-5.373297e-001
2.480049e+003,-9.852067e-002
2.483906e+003,3.492344e-001
2.487763e+003,6.909666e-001
2.491620e+003,8.428792e-001
2.495477e+003,7.478130e-001
2.499334e+003,3.706542e-001
2.503191e+003,-1.420965e-001
2.507048e+003,-8.373738e-001
2.510905e+003,-1.663954e+000
2.514762e+003,-2.534529e+000
2.518619e+003,-3.339618e+000
2.522476e+003,-3.970594e+000
2.526333e+003,-4.342010e+000
2.530190e+003,-4.405355e+000
2.534047e+003,-4.159339e+000
2.537904e+003,-3.639220e+000
2.541761e+003,-2.900719e+000
2.545618e+003,-2.029232e+000
2.549475e+003,-1.137507e+000
2.553332e+003,-3.556802e-001
2.557189e+003,1.901651e-001
2.561046e+003,4.082792e-001
2.564903e+003,2.820160e-001
2.568760e+003,-1.432106e-001
2.572617e+003,-7.479966e-001
2.576474e+003,-1.369103e+000
2.580331e+003,-1.838683e+000
2.584188e+003,-2.021722e+000
2.588045e+003,-1.839526e+000
2.591902e+003,-1.274713e+000
2.595759e+003,-3.706138e-001
2.599616e+003,8.030292e-001
2.603473e+003,2.147617e+000
2.607330e+003,3.541426e+000
2.611187e+003,4.844056e+000
2.615044e+003,5.909526e+000
2.618901e+003,6.612387e+000
2.622758e+003,6.882108e+000
2.626615e+003,6.733116e+000
2.630472e+003,6.273464e+000
2.634329e+003,5.671942e+000
2.638186e+003,5.111784e+000
2.642043e+003,4.729521e+000
2.645900e+003,4.568842e+000
2.649757e+003,4.570549e+000
2.653614e+003,4.605111e+000
2.657471e+003,4.541900e+000
2.661328e+003,4.297097e+000
2.665185e+003,3.889172e+000
2.669042e+003,3.429438e+000
2.672899e+003,3.075468e+000
2.676756e+003,2.961953e+000
2.680613e+003,3.139177e+000
2.684470e+003,3.546005e+000
2.688327e+003,4.024848e+000
2.692184e+003,4.391711e+000
2.696041e+003,4.497974e+000
2.699898e+003,4.285349e+000
2.703755e+003,3.805231e+000
2.707612e+003,3.197147e+000
2.711469e+003,2.637105e+000
2.715326e+003,2.277145e+000
2.719183e+003,2.182442e+000
2.723040e+003,2.355184e+000
2.726897e+003,2.713583e+000
2.730754e+003,3.131508e+000
2.734611e+003,3.476083e+000
2.738468e+003,3.639589e+000
2.742325e+003,3.558474e+000
2.746182e+003,3.218612e+000
2.750039e+003,2.658427e+000
2.753896e+003,1.944668e+000
2.757753e+003,1.155997e+000
2.761610e+003,3.802762e-001
2.765467e+003,-2.969604e-001
2.769324e+003,-8.051006e-001
2.773181e+003,-1.100722e+000
2.777038e+003,-1.176599e+000
2.780895e+003,-1.080028e+000
2.784752e+003,-8.669389e-001
2.788609e+003,-6.085381e-001
2.792466e+003,-3.750674e-001
2.796323e+003,-2.195122e-001
2.800180e+003,-1.656232e-001
2.804037e+003,-2.034569e-001
2.807894e+003,-2.935670e-001
2.811751e+003,-3.807387e-001
2.815608e+003,-4.039533e-001
2.819465e+003,-3.199617e-001
2.823322e+003,-1.086551e-001
2.827179e+003,2.210561e-001
2.831036e+003,6.315152e-001
2.834893e+003,1.062501e+000
2.838750e+003,1.441876e+000
2.842607e+003,1.689680e+000
2.846464e+003,1.747815e+000
2.850321e+003,1.582211e+000
2.854178e+003,1.190552e+000
2.858035e+003,6.033726e-001
2.861892e+003,-1.193750e-001
2.865749e+003,-8.950118e-001
2.869606e+003,-1.626686e+000
2.873463e+003,-2.254406e+000
2.877320e+003,-2.599109e+000
2.881177e+003,-2.571287e+000
2.885034e+003,-2.118469e+000
2.888891e+003,-1.238001e+000
2.892748e+003,1.473737e-002
2.896605e+003,1.526275e+000
2.900462e+003,3.136069e+000
2.904319e+003,4.709192e+000
2.908176e+003,5.993011e+000
2.912033e+003,6.837533e+000
2.915890e+003,7.169973e+000
2.919747e+003,7.008440e+000
2.923604e+003,6.454163e+000
2.927461e+003,5.663930e+000
2.931318e+003,4.810759e+000
2.935175e+003,4.025146e+000
2.939032e+003,3.430168e+000
2.942889e+003,3.065217e+000
2.946746e+003,2.912851e+000
2.950603e+003,2.920014e+000
2.954460e+003,3.021959e+000
2.958317e+003,3.159257e+000
2.962174e+003,3.283072e+000
2.966031e+003,3.352294e+000
2.969888e+003,3.320470e+000
2.973745e+003,3.138343e+000
2.977602e+003,2.762424e+000
2.981459e+003,2.174371e+000
2.985316e+003,1.402506e+000
2.989173e+003,5.338826e-001
2.993030e+003,-2.930078e-001
2.996887e+003,-9.184198e-001
3.000744e+003,-1.205858e+000
3.004601e+003,-1.088728e+000
3.008458e+003,-6.001718e-001
3.012315e+003,1.268114e-001
3.016172e+003,8.922778e-001
3.020029e+003,1.486207e+000
3.023886e+003,1.750698e+000
3.027743e+003,1.626369e+000
3.031600e+003,1.173534e+000
3.035457e+003,5.333978e-001
3.039314e+003,-1.094179e-001
3.043171e+003,-5.806726e-001
3.047028e+003,-7.596247e-001
3.050885e+003,-5.990723e-001
3.054742e+003,-1.207266e-001
3.058599e+003,6.065918e-001
3.062456e+003,1.487754e+000
3.066313e+003,2.424702e+000
3.070170e+003,3.309982e+000
3.074027e+003,4.021490e+000
3.077884e+003,4.422712e+000
3.081741e+003,4.378214e+000
3.085598e+003,3.786360e+000
3.089455e+003,2.772876e+000
3.093312e+003,1.294954e+000
3.097169e+003,-4.906068e-001
3.101026e+003,-2.349985e+000
3.104883e+003,-4.021521e+000
3.108740e+003,-5.279599e+000
3.112597e+003,-5.992479e+000
3.116454e+003,-6.153485e+000
3.120311e+003,-5.866250e+000
3.124168e+003,-5.341184e+000
3.128025e+003,-4.751617e+000
3.131882e+003,-4.219902e+000
3.135739e+003,-3.781876e+000
3.139596e+003,-3.385018e+000
3.143453e+003,-2.920202e+000
3.147310e+003,-2.274475e+000
3.151167e+003,-1.330982e+000
3.155024e+003,-1.460116e-001
3.158881e+003,1.147639e+000
3.162738e+003,2.352034e+000
3.166594e+003,3.267857e+000
3.170452e+003,3.758263e+000
3.174309e+003,3.788616e+000
3.178166e+003,3.428825e+000
3.182023e+003,2.760786e+000
3.185880e+003,1.995611e+000
3.189737e+003,1.289807e+000
3.193594e+003,7.233830e-001
3.197451e+003,2.985228e-001
3.201308e+003,-3.091449e-002
3.205165e+003,-3.184013e-001
3.209021e+003,-5.930616e-001
3.212879e+003,-8.496277e-001
3.216736e+003,-1.044556e+000
3.220593e+003,-1.146138e+000
3.224449e+003,-1.142266e+000
3.228307e+003,-1.046504e+000
3.232164e+003,-8.898536e-001
3.236021e+003,-7.068387e-001
3.239877e+003,-5.263476e-001
3.243735e+003,-3.655492e-001
3.247592e+003,-2.613294e-001
3.251448e+003,-2.519038e-001
3.255305e+003,-3.807249e-001
3.259163e+003,-6.802300e-001
3.263020e+003,-1.149611e+000
3.266876e+003,-1.738003e+000
3.270734e+003,-2.343301e+000
3.274591e+003,-2.828150e+000
3.278448e+003,-3.066293e+000
3.282304e+003,-2.959454e+000
3.286162e+003,-2.469268e+000
3.290019e+003,-1.630681e+000
3.293875e+003,-5.496480e-001
3.297732e+003,6.131890e-001
3.301590e+003,1.669870e+000
3.305447e+003,2.433861e+000
3.309303e+003,2.796338e+000
3.313160e+003,2.706513e+000
3.317018e+003,2.213676e+000
3.320875e+003,1.469275e+000
3.324731e+003,7.009634e-001
3.328588e+003,1.598409e-001
3.332446e+003,5.281777e-002
3.336302e+003,4.700460e-001
3.340159e+003,1.368729e+000
3.344016e+003,2.581405e+000
3.347874e+003,3.853864e+000
3.351730e+003,4.911725e+000
3.355587e+003,5.528504e+000
3.359444e+003,5.573750e+000
3.363302e+003,5.029401e+000
3.367158e+003,3.989525e+000
3.371015e+003,2.594864e+000
3.374873e+003,1.021881e+000
3.378729e+003,-5.419967e-001
3.382586e+003,-1.910334e+000
3.386443e+003,-2.907470e+000
3.390301e+003,-3.386067e+000
3.394157e+003,-3.256715e+000
3.398014e+003,-2.529484e+000
3.401871e+003,-1.325388e+000
3.405729e+003,1.205410e-001
3.409585e+003,1.496736e+000
3.413442e+003,2.486533e+000
3.417299e+003,2.853333e+000
3.421156e+003,2.511291e+000
3.425013e+003,1.555369e+000
3.428870e+003,2.412608e-001
3.432727e+003,-1.097188e+000
3.436584e+003,-2.134614e+000
3.440441e+003,-2.643037e+000
3.444298e+003,-2.544280e+000
3.448155e+003,-1.912955e+000
3.452012e+003,-9.336048e-001
3.455869e+003,1.691351e-001
3.459726e+003,1.199846e+000
3.463583e+003,2.045547e+000
3.467440e+003,2.683968e+000
3.471297e+003,3.164261e+000
3.475154e+003,3.564458e+000
3.479011e+003,3.944919e+000
3.482868e+003,4.314541e+000
3.486725e+003,4.620332e+000
3.490582e+003,4.762621e+000
3.494439e+003,4.628681e+000
3.498296e+003,4.134523e+000
3.502153e+003,3.260723e+000
3.506010e+003,2.071027e+000
3.509867e+003,7.073891e-001
3.513724e+003,-6.381533e-001
3.517581e+003,-1.767360e+000
3.521438e+003,-2.522668e+000
3.525295e+003,-2.824888e+000
3.529152e+003,-2.684949e+000
3.533009e+003,-2.192550e+000
3.536866e+003,-1.482236e+000
3.540723e+003,-6.899875e-001
3.544580e+003,8.396798e-002
3.548437e+003,7.930203e-001
3.552294e+003,1.434474e+000
3.556151e+003,2.032001e+000
3.560008e+003,2.592959e+000
3.563865e+003,3.088037e+000
3.567722e+003,3.449478e+000
3.571579e+003,3.593724e+000
3.575436e+003,3.459992e+000
3.579293e+003,3.048261e+000
3.583150e+003,2.441446e+000
3.587007e+003,1.787379e+000
3.590864e+003,1.264521e+000
3.594721e+003,1.025810e+000
3.598578e+003,1.146513e+000
3.602435e+003,1.595628e+000
3.606292e+003,2.242764e+000
3.610149e+003,2.899252e+000
3.614006e+003,3.379535e+000
3.617863e+003,3.564636e+000
3.621720e+003,3.426926e+000
3.625577e+003,3.032662e+000
3.629434e+003,2.508831e+000
3.633291e+003,1.991109e+000
3.637148e+003,1.573985e+000
3.641005e+003,1.282814e+000
3.644862e+003,1.088373e+000
3.648719e+003,9.064590e-001
3.652576e+003,6.829799e-001
3.656433e+003,4.181291e-001
3.660290e+003,1.806196e-001
3.664147e+003,8.969364e-002
3.668004e+003,2.699801e-001
3.671861e+003,7.957591e-001
3.675718e+003,1.612598e+000
3.679575e+003,2.620644e+000
3.683432e+003,3.621160e+000
3.687289e+003,4.384947e+000
3.691146e+003,4.716651e+000
3.695003e+003,4.512845e+000
3.698860e+003,3.795222e+000
3.702717e+003,2.708396e+000
3.706574e+003,1.498538e+000
3.710431e+003,3.985122e-001
3.714288e+003,-3.831946e-001
3.718145e+003,-7.196625e-001
3.722002e+003,-5.901152e-001
3.725859e+003,-7.768911e-002
3.729716e+003,6.562161e-001
3.733573e+003,1.412334e+000
3.737430e+003,2.000679e+000
3.741287e+003,2.266218e+000
3.745144e+003,2.132633e+000
3.749001e+003,1.608079e+000
3.752858e+003,7.801107e-001
3.756715e+003,-2.033552e-001
3.760572e+003,-1.163371e+000
3.764429e+003,-1.924657e+000
3.768286e+003,-2.364140e+000
3.772143e+003,-2.371475e+000
3.776000e+003,-1.959179e+000
3.779857e+003,-1.226037e+000
3.783714e+003,-3.333844e-001
3.787571e+003,5.336486e-001
3.791428e+003,1.210428e+000
3.795285e+003,1.591039e+000
3.799142e+003,1.628090e+000
3.802999e+003,1.378772e+000
3.806856e+003,9.662603e-001
3.810713e+003,5.367014e-001
3.814570e+003,2.136594e-001
3.818427e+003,6.265497e-002
3.822284e+003,7.629836e-002
3.826141e+003,1.839362e-001
3.829998e+003,2.628191e-001
3.833855e+003,2.406091e-001
3.837712e+003,7.111686e-002
3.841569e+003,-2.176855e-001
3.845426e+003,-5.249056e-001
3.849283e+003,-7.041373e-001
3.853140e+003,-6.089590e-001
3.856997e+003,-1.419815e-001
3.860854e+003,7.345387e-001
3.864711e+003,1.920294e+000
3.868568e+003,3.246238e+000
3.872425e+003,4.510571e+000
3.876282e+003,5.534984e+000
3.880139e+003,6.210372e+000
3.883996e+003,6.516134e+000
3.887853e+003,6.507675e+000
3.891710e+003,6.277942e+000
3.895567e+003,5.912115e+000
3.899424e+003,5.469254e+000
3.903281e+003,4.968725e+000
3.907138e+003,4.412032e+000
3.910995e+003,3.817328e+000
3.914852e+003,3.245326e+000
3.918709e+003,2.798741e+000
3.922566e+003,2.585979e+000
3.926423e+003,2.689383e+000
3.930280e+003,3.089421e+000
3.934137e+003,3.657811e+000
3.937994e+003,4.186490e+000
3.941851e+003,4.456342e+000
3.945708e+003,4.320417e+000
3.949565e+003,3.767384e+000
3.953422e+003,2.915926e+000
3.957279e+003,2.034720e+000
3.961136e+003,1.403267e+000
3.964993e+003,1.223351e+000
3.968850e+003,1.544450e+000
3.972707e+003,2.243321e+000
3.976564e+003,3.063552e+000
3.980421e+003,3.698334e+000
3.984278e+003,3.864800e+000
3.988135e+003,3.432234e+000
3.991992e+003,2.418243e+000
3.995849e+003,9.892889e-001
3.999706e+003,-5.885520e-001
4.003563e+003,-2.017027e+000
4.007420e+003,-3.031598e+000
4.011277e+003,-3.451452e+000
4.015134e+003,-3.204340e+000
4.018991e+003,-2.330851e+000
4.022848e+003,-9.738894e-001
4.026705e+003,6.585426e-001
4.030562e+003,2.334945e+000
4.034419e+003,3.841834e+000
4.038276e+003,5.016675e+000
4.042133e+003,5.765997e+000
4.045990e+003,6.052888e+000
4.049847e+003,5.933419e+000
4.053704e+003,5.484138e+000
4.057561e+003,4.804173e+000
4.061418e+003,4.001788e+000
4.065275e+003,3.183567e+000
4.069132e+003,2.442734e+000
4.072989e+003,1.844561e+000
4.076846e+003,1.408210e+000
4.080703e+003,1.110008e+000
4.084560e+003,8.774126e-001
4.088417e+003,6.176761e-001
4.092274e+003,2.550861e-001
4.096131e+003,-2.309199e-001
4.099988e+003,-7.831746e-001
4.103845e+003,-1.272403e+000
4.107702e+003,-1.535021e+000
4.111559e+003,-1.435280e+000
4.115416e+003,-9.024892e-001
4.119273e+003,3.104353e-002
4.123130e+003,1.229678e+000
4.126987e+003,2.486670e+000
4.130844e+003,3.577282e+000
4.134701e+003,4.314565e+000
4.138558e+003,4.585613e+000
4.142415e+003,4.395362e+000
4.146271e+003,3.816534e+000
4.150129e+003,2.981014e+000
4.153986e+003,2.047680e+000
4.157843e+003,1.170686e+000
4.161700e+003,4.730920e-001
4.165557e+003,2.823186e-002
4.169414e+003,-1.485909e-001
4.173271e+003,-1.055181e-001
4.177128e+003,7.263400e-002
4.180985e+003,2.823807e-001
4.184842e+003,4.312037e-001
4.188699e+003,4.650137e-001
4.192556e+003,3.843898e-001
4.196413e+003,2.435410e-001
4.200270e+003,1.271253e-001
4.204126e+003,1.314680e-001
4.207984e+003,3.296882e-001
4.211841e+003,7.560805e-001
4.215698e+003,1.402502e+000
4.219555e+003,2.226853e+000
4.223412e+003,3.166719e+000
4.227269e+003,4.150734e+000
4.231125e+003,5.093076e+000
4.234982e+003,5.929077e+000
4.238840e+003,6.582827e+000
4.242697e+003,6.986767e+000
4.246554e+003,7.097424e+000
4.250411e+003,6.912945e+000
4.254268e+003,6.483223e+000
4.258125e+003,5.904441e+000
4.261981e+003,5.295900e+000
4.265839e+003,4.765768e+000
4.269696e+003,4.377733e+000
4.273553e+003,4.132401e+000
4.277410e+003,3.971054e+000
4.281267e+003,3.800253e+000
4.285124e+003,3.526970e+000
4.288980e+003,3.090271e+000
4.292837e+003,2.461799e+000
4.296695e+003,1.692540e+000
4.300552e+003,8.525140e-001
4.304409e+003,2.384043e-002
4.308266e+003,-7.160798e-001
4.312123e+003,-1.303908e+000
4.315979e+003,-1.694357e+000
4.319836e+003,-1.863621e+000
4.323693e+003,-1.831349e+000
4.327551e+003,-1.607245e+000
4.331408e+003,-1.263775e+000
4.335265e+003,-8.922422e-001
4.339122e+003,-5.746810e-001
4.342979e+003,-3.518528e-001
4.346835e+003,-2.030380e-001
4.350692e+003,-5.173242e-002
4.354550e+003,1.952204e-001
4.358407e+003,6.120424e-001
4.362264e+003,1.169303e+000
4.366121e+003,1.728050e+000
4.369978e+003,2.076580e+000
4.373834e+003,2.011566e+000
4.377691e+003,1.430518e+000
4.381548e+003,3.929594e-001
4.385406e+003,-1.019612e+000
4.389263e+003,-2.305983e+000
4.393120e+003,-3.117481e+000
4.396977e+003,-3.281051e+000
4.400833e+003,-2.860048e+000
4.404690e+003,-2.110754e+000
4.408547e+003,-1.359312e+000
4.412404e+003,-8.608422e-001
4.416262e+003,-6.965069e-001
4.420119e+003,-8.010846e-001
4.423976e+003,-9.885023e-001
4.427833e+003,-1.076332e+000
4.431689e+003,-9.712729e-001
4.435546e+003,-6.931118e-001
4.439403e+003,-3.368690e-001
4.443260e+003,-4.782259e-003
4.447118e+003,1.746309e-001
4.450975e+003,2.932125e-001
4.454832e+003,4.024633e-001
4.458688e+003,5.601231e-001
4.462545e+003,8.027898e-001
4.466402e+003,1.135188e+000
4.470259e+003,1.536978e+000
4.474117e+003,1.979090e+000
4.477974e+003,2.385115e+000
4.481831e+003,2.806400e+000
4.485688e+003,3.252032e+000
4.489544e+003,3.738286e+000
4.493401e+003,4.280990e+000
4.497258e+003,4.886786e+000
4.501115e+003,5.543158e+000
4.504973e+003,6.208253e+000
4.508830e+003,6.808029e+000
4.512687e+003,7.247474e+000
4.516543e+003,7.405246e+000
4.520400e+003,7.170681e+000
4.524257e+003,6.476974e+000
4.528114e+003,5.328197e+000
4.531971e+003,3.808428e+000
4.535829e+003,2.067291e+000
4.539686e+003,3.133688e-001
4.543542e+003,-1.316072e+000
4.547399e+003,-2.698159e+000
4.551256e+003,-3.765388e+000
4.555113e+003,-4.497743e+000
4.558970e+003,-4.901793e+000
4.562828e+003,-4.990272e+000
4.566685e+003,-4.774058e+000
4.570542e+003,-4.273915e+000
4.574398e+003,-3.531209e+000
4.578255e+003,-2.626661e+000
4.582112e+003,-1.681097e+000
4.585969e+003,-8.343890e-001
4.589826e+003,-2.083105e-001
4.593684e+003,1.327170e-001
4.597541e+003,2.063312e-001
4.601397e+003,1.101038e-001
4.605254e+003,-6.148517e-003
4.609111e+003,1.119286e-002
4.612968e+003,2.750152e-001
4.616826e+003,8.259438e-001
4.620683e+003,1.624759e+000
4.624540e+003,2.568342e+000
4.628396e+003,3.520571e+000
4.632253e+003,4.325150e+000
4.636110e+003,4.902696e+000
4.639967e+003,5.189105e+000
4.643824e+003,5.159649e+000
4.647682e+003,4.823318e+000
4.651539e+003,4.215499e+000
4.655396e+003,3.392078e+000
4.659252e+003,2.425357e+000
4.663109e+003,2.001569e+000
4.666966e+003,1.560959e+000
4.670823e+003,1.145135e+000
4.674681e+003,7.723805e-001
4.678538e+003,4.469681e-001
4.682395e+003,1.705263e-001
4.686251e+003,-5.072433e-002
4.690108e+003,-2.064915e-001
4.693965e+003,-7.938449e-001
4.697822e+003,-1.271178e+000
4.701679e+003,-1.570749e+000
4.705537e+003,-1.647097e+000
4.709394e+003,-1.483341e+000
4.713250e+003,-1.092539e+000
4.717107e+003,-5.135111e-001
4.720964e+003,1.977341e-001
4.724821e+003,1.067910e+000
4.728678e+003,1.962052e+000
4.732535e+003,2.803314e+000
4.736393e+003,3.520790e+000
4.740250e+003,4.046947e+000
4.744106e+003,4.317139e+000
4.747963e+003,4.276142e+000
4.751820e+003,3.892956e+000
4.755677e+003,3.176450e+000
4.759534e+003,2.198455e+000
4.763392e+003,1.091260e+000
4.767249e+003,2.942592e-002
4.771105e+003,-8.060291e-001
4.774962e+003,-1.271674e+000
4.778819e+003,-1.299829e+000
4.782676e+003,-9.174408e-001
4.786533e+003,-2.382332e-001
4.790390e+003,5.692472e-001
4.794248e+003,1.328606e+000
4.798104e+003,1.901142e+000
4.801961e+003,2.216246e+000
4.805818e+003,2.278314e+000
4.809675e+003,2.150408e+000
4.813532e+003,1.922565e+000
4.817389e+003,1.677900e+000
4.821246e+003,1.464393e+000
4.825104e+003,1.288673e+000
4.828960e+003,1.125450e+000
4.832817e+003,9.407786e-001
4.836674e+003,7.192847e-001
4.840531e+003,4.843843e-001
4.844388e+003,3.025768e-001
4.848245e+003,2.655580e-001
4.852103e+003,4.631120e-001
4.855959e+003,9.422049e-001
4.859816e+003,1.675816e+000
4.863673e+003,2.551303e+000
4.867530e+003,3.386699e+000
4.871387e+003,3.973791e+000
4.875244e+003,4.136805e+000
4.879101e+003,3.795922e+000
4.882958e+003,2.984990e+000
4.886815e+003,1.854349e+000
4.890672e+003,6.360348e-001
4.894529e+003,-4.168240e-001
4.898386e+003,-1.095869e+000
4.902243e+003,-1.287793e+000
4.906100e+003,-9.943742e-001
4.909957e+003,-3.351449e-001
4.913814e+003,5.336784e-001
4.917671e+003,1.439986e+000
4.921528e+003,2.238406e+000
4.925385e+003,2.833227e+000
4.929242e+003,3.183012e+000
4.933099e+003,3.292199e+000
4.936956e+003,3.197735e+000
4.940813e+003,2.954457e+000
4.944670e+003,2.639330e+000
4.948527e+003,2.321733e+000
4.952384e+003,2.065464e+000
4.956241e+003,1.916215e+000
4.960098e+003,1.888435e+000
4.963955e+003,1.957620e+000
4.967812e+003,2.063960e+000
4.971669e+003,2.124719e+000
4.975526e+003,2.075246e+000
4.979383e+003,1.879671e+000
4.983240e+003,1.548881e+000
4.987097e+003,1.137711e+000
4.990954e+003,7.252176e-001
4.994811e+003,3.855526e-001
4.998668e+003,1.613331e-001
5.002525e+003,4.933137e-002
5.006382e+003,1.093902e-002
5.010239e+003,-9.593636e-003
5.014096e+003,-5.565098e-002
5.017953e+003,-1.354802e-001
5.021810e+003,-2.144585e-001
5.025667e+003,-2.250897e-001
5.029524e+003,-9.005186e-002
5.033381e+003,2.559249e-001
5.037238e+003,8.364236e-001
5.041095e+003,1.632534e+000
5.044952e+003,2.588253e+000
5.048809e+003,3.626056e+000
5.052666e+003,4.663723e+000
5.056523e+003,5.626527e+000
5.060380e+003,6.452650e+000
5.064237e+003,7.099411e+000
5.068094e+003,7.515136e+000
5.071951e+003,7.676057e+000
5.075808e+003,7.575562e+000
5.079665e+003,7.226169e+000
5.083522e+003,6.657806e+000
5.087379e+003,5.911105e+000
5.091236e+003,5.027544e+000
5.095093e+003,4.013783e+000
5.098950e+003,2.916813e+000
5.102807e+003,1.755963e+000
5.106664e+003,5.555916e-001
5.110521e+003,-6.438550e-001
5.114378e+003,-1.780829e+000
5.118235e+003,-2.777316e+000
5.122092e+003,-3.552043e+000
5.125949e+003,-4.046696e+000
5.129806e+003,-4.203267e+000
5.133663e+003,-4.013239e+000
5.137520e+003,-3.500309e+000
5.141377e+003,-2.715336e+000
5.145234e+003,-1.732700e+000
5.149091e+003,-6.502060e-001
5.152948e+003,4.104010e-001
5.156805e+003,1.312045e+000
5.160662e+003,1.909648e+000
5.164519e+003,2.094756e+000
5.168376e+003,1.830701e+000
5.172233e+003,1.182673e+000
5.176090e+003,3.228081e-001
5.179947e+003,-4.993561e-001
5.183804e+003,-1.017811e+000
5.187661e+003,-1.019786e+000
5.191518e+003,-4.223021e-001
5.195375e+003,7.054381e-001
5.199232e+003,2.159278e+000
5.203089e+003,3.661350e+000
5.206946e+003,4.942336e+000
5.210803e+003,5.815527e+000
5.214660e+003,6.217622e+000
5.218517e+003,6.207429e+000
5.222374e+003,5.913608e+000
5.226231e+003,5.489678e+000
5.230088e+003,5.053371e+000
5.233945e+003,4.657450e+000
5.237802e+003,4.291667e+000
5.241659e+003,3.908635e+000
5.245516e+003,3.458345e+000
5.249373e+003,2.908899e+000
5.253230e+003,2.278491e+000
5.257087e+003,1.612596e+000
5.260944e+003,9.747861e-001
5.264801e+003,4.301665e-001
5.268658e+003,3.249715e-002
5.272515e+003,-1.839448e-001
5.276372e+003,-2.097631e-001
5.280229e+003,-6.803953e-002
5.284086e+003,1.933239e-001
5.287943e+003,4.899419e-001
5.291800e+003,7.190419e-001
5.295657e+003,7.824934e-001
5.299514e+003,6.160014e-001
5.303371e+003,2.148914e-001
5.307228e+003,-3.543332e-001
5.311085e+003,-9.682001e-001
5.314942e+003,-1.459148e+000
5.318799e+003,-1.678546e+000
5.322656e+003,-1.534045e+000
5.326513e+003,-1.017124e+000
5.330370e+003,-2.067046e-001
5.334227e+003,7.513010e-001
5.338084e+003,1.681195e+000
5.341941e+003,2.430016e+000
5.345798e+003,2.867074e+000
5.349655e+003,2.949866e+000
5.353512e+003,2.715614e+000
5.357369e+003,2.267734e+000
5.361226e+003,1.747374e+000
5.365083e+003,1.296200e+000
5.368940e+003,1.018877e+000
5.372797e+003,9.503489e-001
5.376654e+003,1.061231e+000
5.380511e+003,1.252892e+000
5.384368e+003,1.400635e+000
5.388225e+003,1.400911e+000
5.392082e+003,1.211571e+000
5.395939e+003,8.687136e-001
5.399796e+003,4.722004e-001
5.403653e+003,1.279037e-001
5.407510e+003,-4.291533e-002
5.411367e+003,-3.922634e-003
5.415224e+003,2.092467e-001
5.419081e+003,5.167823e-001
5.422938e+003,8.410600e-001
5.426795e+003,1.145969e+000
5.430652e+003,1.446920e+000
5.434509e+003,1.776980e+000
5.438366e+003,2.156447e+000
5.442223e+003,2.526355e+000
5.446080e+003,2.748633e+000
5.449937e+003,2.651234e+000
5.453794e+003,2.108915e+000
5.457651e+003,1.120624e+000
5.461508e+003,-1.584011e-001
5.465365e+003,-1.634086e+000
5.469222e+003,-2.662880e+000
5.473079e+003,-2.958320e+000
5.476936e+003,-2.482129e+000
5.480793e+003,-1.438913e+000
5.484650e+003,-1.641785e-001
5.488507e+003,1.027762e+000
5.492364e+003,1.953198e+000
5.496221e+003,2.657743e+000
5.500078e+003,3.053405e+000
5.503935e+003,3.170695e+000
5.507792e+003,2.988700e+000
5.511649e+003,2.473830e+000
5.515506e+003,1.672411e+000
5.519363e+003,7.754107e-001
5.523220e+003,8.821225e-002
5.527077e+003,-1.128321e-001
5.530934e+003,1.903935e-001
5.534791e+003,9.404703e-001
5.538648e+003,1.919382e+000
5.542505e+003,2.821935e+000
5.546362e+003,3.365220e+000
5.550219e+003,3.385931e+000
5.554076e+003,2.886528e+000
5.557933e+003,2.090826e+000
5.561790e+003,1.171384e+000
5.565647e+003,3.330466e-001
5.569504e+003,-2.675228e-001
5.573361e+003,-5.488114e-001
5.577218e+003,-5.090883e-001
5.581075e+003,-2.170123e-001
5.584932e+003,2.047335e-001
5.588789e+003,6.072834e-001
5.592646e+003,8.344574e-001
5.596503e+003,7.677135e-001
5.600360e+003,3.578405e-001
5.604217e+003,-3.483988e-001
5.608074e+003,-1.206398e+000
5.611931e+003,-2.004264e+000
5.615788e+003,-2.520578e+000
5.619645e+003,-2.591791e+000
5.623501e+003,-2.169825e+000
5.627359e+003,-1.321606e+000
5.631216e+003,-2.122009e-001
5.635073e+003,9.482183e-001
5.638930e+003,1.965376e+000
5.642787e+003,2.707028e+000
5.646644e+003,3.119984e+000
5.650500e+003,3.216897e+000
5.654358e+003,3.052064e+000
5.658215e+003,2.682068e+000
5.662072e+003,2.153668e+000
5.665929e+003,1.504791e+000
5.669786e+003,7.771019e-001
5.673643e+003,2.907255e-002
5.677500e+003,-6.604431e-001
5.681356e+003,-1.200740e+000
5.685214e+003,-1.515427e+000
5.689071e+003,-1.555775e+000
5.692928e+003,-1.317708e+000
5.696785e+003,-8.435327e-001
5.700642e+003,-2.107642e-001
5.704499e+003,4.881510e-001
5.708355e+003,1.169101e+000
5.712212e+003,1.773582e+000
5.716070e+003,2.288707e+000
5.719927e+003,2.737965e+000
5.723784e+003,3.171220e+000
5.727641e+003,3.641593e+000
5.731498e+003,4.178099e+000
5.735354e+003,4.763186e+000
5.739211e+003,5.324910e+000
5.743069e+003,5.749886e+000
5.746926e+003,5.917028e+000
5.750783e+003,5.738054e+000
5.754640e+003,5.194137e+000
5.758497e+003,4.349849e+000
5.762354e+003,3.336925e+000
5.766210e+003,2.312278e+000
5.770067e+003,1.406686e+000
5.773925e+003,6.853135e-001
5.777782e+003,1.405613e-001
5.781639e+003,-2.864394e-001
5.785496e+003,-6.593332e-001
5.789353e+003,-1.002530e+000
5.793209e+003,-1.281632e+000
5.797066e+003,-1.419401e+000
5.800923e+003,-1.340342e+000
5.804781e+003,-1.017290e+000
5.808638e+003,-5.136036e-001
5.812495e+003,3.601193e-002
5.816352e+003,4.705431e-001
5.820208e+003,6.682450e-001
5.824065e+003,5.987908e-001
5.827922e+003,3.354693e-001
5.831779e+003,1.921615e-002
5.835637e+003,-2.094111e-001
5.839494e+003,-2.838607e-001
5.843351e+003,-2.453865e-001
5.847208e+003,-2.298311e-001
5.851064e+003,-4.043315e-001
5.854921e+003,-8.840752e-001
5.858778e+003,-1.667063e+000
5.862636e+003,-2.617031e+000
5.866493e+003,-3.504600e+000
5.870350e+003,-4.077769e+000
5.874207e+003,-4.159607e+000
5.878063e+003,-3.703525e+000
5.881920e+003,-2.802196e+000
5.885777e+003,-1.648817e+000
5.889634e+003,-4.717526e-001
5.893492e+003,5.289593e-001
5.897349e+003,1.221711e+000
5.901206e+003,1.549991e+000
5.905063e+003,1.522377e+000
5.908919e+003,1.191610e+000
5.912776e+003,6.408478e-001
5.916633e+003,-2.164119e-002
5.920490e+003,-6.668168e-001
5.924348e+003,-1.158726e+000
5.928205e+003,-1.376656e+000
5.932062e+003,-1.271857e+000
5.935918e+003,-8.700128e-001
5.939775e+003,-2.820866e-001
5.943632e+003,3.252257e-001
5.947489e+003,7.843332e-001
5.951347e+003,9.866456e-001
5.955204e+003,9.226934e-001
5.959061e+003,6.882083e-001
5.962917e+003,4.333862e-001
5.966774e+003,3.164894e-001
5.970631e+003,4.427834e-001
5.974488e+003,8.305350e-001
5.978345e+003,1.411737e+000
5.982203e+003,2.063157e+000
5.986060e+003,2.651175e+000
5.989917e+003,3.063758e+000
5.993773e+003,3.257913e+000
5.997630e+003,3.221861e+000
6.001487e+003,2.971470e+000
6.005344e+003,2.535410e+000
6.009201e+003,1.949414e+000
6.013059e+003,1.260477e+000
6.016916e+003,5.339715e-001
6.020772e+003,-1.306478e-001
6.024629e+003,-6.640133e-001
6.028486e+003,-9.978913e-001
6.032343e+003,-1.105736e+000
6.036200e+003,-1.016865e+000
6.040058e+003,-8.111966e-001
6.043915e+003,-5.937480e-001
6.047771e+003,-4.574328e-001
6.051628e+003,-4.432813e-001
6.055485e+003,-5.395219e-001
6.059342e+003,-6.762108e-001
6.063199e+003,-7.550600e-001
6.067056e+003,-6.858061e-001
6.070914e+003,-4.198936e-001
6.074771e+003,3.022832e-002
6.078627e+003,5.922343e-001
6.082484e+003,1.102838e+000
6.086341e+003,1.505643e+000
6.090198e+003,1.720579e+000
6.094055e+003,1.708796e+000
6.097912e+003,1.482853e+000
6.101770e+003,1.104853e+000
6.105626e+003,6.732557e-001
6.109483e+003,3.012488e-001
6.113340e+003,-4.475930e-002
6.117197e+003,-2.697394e-001
6.121054e+003,-3.588716e-001
6.124911e+003,-3.211631e-001
6.128768e+003,-1.870638e-001
6.132625e+003,-1.717567e-003
6.136482e+003,1.853038e-001
6.140339e+003,3.319396e-001
6.144196e+003,4.991224e-001
6.148053e+003,5.754946e-001
6.151910e+003,5.861201e-001
6.155767e+003,5.843102e-001
6.159625e+003,6.368575e-001
6.163481e+003,8.043219e-001
6.167338e+003,1.121708e+000
6.171195e+003,1.585011e+000
6.175052e+003,2.082331e+000
6.178909e+003,2.508574e+000
6.182766e+003,2.745357e+000
6.186623e+003,2.695661e+000
6.190480e+003,2.317237e+000
6.194337e+003,1.640852e+000
6.198194e+003,7.683733e-001
6.202051e+003,-1.475366e-001
6.205908e+003,-9.891636e-001
6.209765e+003,-1.504495e+000
6.213622e+003,-1.570793e+000
6.217479e+003,-1.142203e+000
6.221336e+003,-2.596985e-001
6.225193e+003,9.516532e-001
6.229050e+003,2.297312e+000
6.232907e+003,3.539602e+000
6.236764e+003,4.446355e+000
6.240621e+003,4.790973e+000
6.244478e+003,4.455009e+000
6.248335e+003,3.447580e+000
6.252192e+003,1.916650e+000
6.256049e+003,1.267740e-001
6.259906e+003,-1.595486e+000
6.263763e+003,-2.936070e+000
6.267620e+003,-3.662179e+000
6.271477e+003,-3.679570e+000
6.275334e+003,-3.048333e+000
6.279191e+003,-1.951434e+000
6.283048e+003,-6.358743e-001
6.286905e+003,6.543260e-001
6.290762e+003,1.730956e+000
6.294619e+003,2.485965e+000
6.298476e+003,2.889115e+000
6.302333e+003,2.950814e+000
6.306190e+003,2.712181e+000
6.310047e+003,2.223403e+000
6.313904e+003,1.545017e+000
6.317761e+003,7.596809e-001
6.321618e+003,-1.834965e-002
6.325475e+003,-6.481253e-001
6.329332e+003,-9.867380e-001
6.333189e+003,-9.208271e-001
6.337046e+003,-4.071285e-001
6.340903e+003,5.120497e-001
6.344760e+003,1.717426e+000
6.348617e+003,3.044910e+000
6.352474e+003,4.328533e+000
6.356331e+003,5.436974e+000
6.360188e+003,6.290770e+000
6.364045e+003,6.853864e+000
6.367902e+003,7.113993e+000
6.371759e+003,7.059235e+000
6.375616e+003,6.668609e+000
6.379473e+003,5.922021e+000
6.383330e+003,4.824610e+000
6.387187e+003,3.432111e+000
6.391044e+003,1.863402e+000
6.394901e+003,2.849414e-001
6.398758e+003,-1.118762e+000
6.402615e+003,-2.188892e+000
6.406472e+003,-2.828336e+000
6.410329e+003,-3.017672e+000
6.414186e+003,-2.806740e+000
6.418043e+003,-2.287830e+000
6.421900e+003,-1.566287e+000
6.425757e+003,-7.280457e-001
6.429614e+003,1.635207e-001
6.433471e+003,1.064121e+000
6.437328e+003,1.937643e+000
6.441185e+003,2.748359e+000
6.445042e+003,3.461734e+000
6.448899e+003,4.052655e+000
6.452756e+003,4.513071e+000
6.456613e+003,4.861068e+000
6.460470e+003,5.121778e+000
6.464327e+003,5.315335e+000
6.468184e+003,5.441095e+000
6.472041e+003,5.471778e+000
6.475898e+003,5.362560e+000
6.479755e+003,5.072519e+000
6.483612e+003,4.602307e+000
6.487469e+003,3.969620e+000
6.491326e+003,3.242759e+000
6.495183e+003,2.510316e+000
6.499040e+003,1.852630e+000
6.502897e+003,1.317159e+000
6.506754e+003,9.089978e-001
6.510611e+003,6.004724e-001
6.514468e+003,3.549919e-001
6.518325e+003,1.446853e-001
6.522182e+003,-2.328946e-002
6.526039e+003,-1.176899e-001
6.529896e+003,-1.031905e-001
6.533753e+003,3.443331e-002
6.537610e+003,2.711667e-001
6.541467e+003,5.452042e-001
6.545324e+003,7.678238e-001
6.549181e+003,8.796261e-001
6.553038e+003,8.497273e-001
6.556895e+003,6.959797e-001
6.560752e+003,4.766433e-001
6.564609e+003,2.659392e-001
6.568466e+003,1.243393e-001
6.572323e+003,7.630214e-002
6.576180e+003,1.041962e-001
6.580037e+003,1.578619e-001
6.583894e+003,1.763182e-001
6.587751e+003,1.082708e-001
6.591608e+003,-7.524768e-002
6.595465e+003,-3.792094e-001
6.599322e+003,-7.905390e-001
6.603179e+003,-1.284974e+000
6.607036e+003,-1.836552e+000
6.610893e+003,-2.392891e+000
6.614750e+003,-2.891395e+000
6.618607e+003,-3.255786e+000
6.622464e+003,-3.409131e+000
6.626321e+003,-3.295930e+000
6.630178e+003,-2.904869e+000
6.634035e+003,-2.280683e+000
6.637892e+003,-1.512830e+000
6.641749e+003,-7.172763e-001
6.645606e+003,1.105964e-002
6.649463e+003,6.330405e-001
6.653320e+003,1.178653e+000
6.657177e+003,1.729994e+000
6.661034e+003,2.378617e+000
6.664891e+003,3.174016e+000
6.668748e+003,4.088731e+000
6.672605e+003,4.998484e+000
6.676462e+003,5.722966e+000
6.680319e+003,6.081296e+000
6.684176e+003,5.956846e+000
6.688033e+003,5.343762e+000
6.691890e+003,4.357673e+000
6.695747e+003,3.206903e+000
6.699604e+003,2.129337e+000
6.703461e+003,1.347959e+000
6.707318e+003,9.941294e-001
6.711175e+003,1.088841e+000
6.715032e+003,1.548894e+000
6.718889e+003,2.218382e+000
6.722746e+003,2.912995e+000
6.726603e+003,3.464247e+000
6.730460e+003,3.754771e+000
6.734317e+003,3.736186e+000
6.738174e+003,3.438121e+000
6.742031e+003,2.956894e+000
6.745888e+003,2.431770e+000
6.749745e+003,2.010506e+000
6.753602e+003,1.810054e+000
6.757459e+003,1.881578e+000
6.761316e+003,2.190506e+000
6.765173e+003,2.621038e+000
6.769030e+003,3.006388e+000
6.772887e+003,3.178675e+000
6.776744e+003,3.023874e+000
6.780601e+003,2.523438e+000
6.784458e+003,1.767330e+000
6.788315e+003,9.324023e-001
6.792172e+003,2.343778e-001
6.796029e+003,-1.453712e-001
6.799886e+003,-1.018279e-001
6.803743e+003,3.609531e-001
6.807600e+003,1.134197e+000
6.811457e+003,2.039023e+000
6.815314e+003,2.878833e+000
6.819171e+003,3.492645e+000
6.823028e+003,3.781692e+000
6.826885e+003,3.762797e+000
6.830742e+003,3.518896e+000
6.834599e+003,3.184111e+000
6.838456e+003,2.906434e+000
6.842313e+003,2.810573e+000
6.846170e+003,2.968906e+000
6.850027e+003,3.385684e+000
6.853884e+003,3.965799e+000
6.857741e+003,4.628944e+000
6.861598e+003,5.235177e+000
6.865455e+003,5.645569e+000
6.869312e+003,5.751673e+000
6.873169e+003,5.498740e+000
6.877026e+003,4.897418e+000
6.880883e+003,4.021156e+000
6.884740e+003,3.050065e+000
6.888597e+003,2.072165e+000
6.892454e+003,1.203775e+000
6.896311e+003,5.315757e-001
6.900167e+003,9.906125e-002
6.904025e+003,-9.661746e-002
6.907882e+003,-9.779018e-002
6.911739e+003,2.784300e-002
6.915596e+003,2.293457e-001
6.919453e+003,3.948767e-001
6.923310e+003,4.858921e-001
6.927167e+003,4.865243e-001
6.931024e+003,4.019193e-001
6.934881e+003,2.527952e-001
6.938738e+003,6.820688e-002
6.942595e+003,-1.212471e-001
6.946452e+003,-2.754972e-001
6.950309e+003,-3.764333e-001
6.954166e+003,-4.040785e-001
6.958022e+003,-3.395206e-001
6.961880e+003,-1.614483e-001
6.965737e+003,1.554003e-001
6.969594e+003,6.383009e-001
6.973451e+003,1.310584e+000
6.977308e+003,2.183693e+000
6.981165e+003,3.248513e+000
6.985021e+003,4.455685e+000
6.988878e+003,5.718093e+000
6.992736e+003,6.916457e+000
6.996593e+003,7.913560e+000
7.000450e+003,8.575108e+000
7.004307e+003,8.793370e+000
7.008164e+003,8.401101e+000
7.012021e+003,7.456633e+000
7.015877e+003,6.050320e+000
7.019735e+003,4.342986e+000
7.023592e+003,2.540421e+000
7.027449e+003,8.580376e-001
7.031306e+003,-5.174137e-001
7.035163e+003,-1.461101e+000
7.039020e+003,-1.945337e+000
7.042876e+003,-1.984921e+000
7.046733e+003,-1.699198e+000
7.050591e+003,-1.250767e+000
7.054448e+003,-8.050939e-001
7.058305e+003,-4.915371e-001
7.062162e+003,-3.758255e-001
7.066019e+003,-4.510947e-001
7.069875e+003,-6.673631e-001
7.073732e+003,-9.060376e-001
7.077589e+003,-1.066828e+000
7.081447e+003,-1.081234e+000
7.085304e+003,-9.304736e-001
7.089161e+003,-6.464477e-001
7.093018e+003,-2.967852e-001
7.096875e+003,3.978449e-002
7.100731e+003,3.035322e-001
7.104588e+003,4.677083e-001
7.108445e+003,5.329767e-001
7.112303e+003,5.246879e-001
7.116160e+003,4.763911e-001
7.120017e+003,4.124579e-001
7.123874e+003,3.366334e-001
7.127730e+003,2.306118e-001
7.131587e+003,1.948786e-002
7.135444e+003,-2.817792e-001
7.139302e+003,-6.837468e-001
7.143159e+003,-1.170288e+000
7.147016e+003,-1.698137e+000
7.150873e+003,-2.205968e+000
7.154729e+003,-2.629657e+000
7.158586e+003,-2.918423e+000
7.162443e+003,-3.048888e+000
7.166300e+003,-2.997234e+000
7.170158e+003,-2.798350e+000
7.174015e+003,-2.502947e+000
7.177872e+003,-2.162364e+000
7.181729e+003,-1.815907e+000
7.185585e+003,-1.484720e+000
7.189442e+003,-1.173772e+000
7.193299e+003,-8.559835e-001
7.197156e+003,-5.639430e-001
7.201014e+003,-3.167785e-001
7.204871e+003,-1.499866e-001
7.208728e+003,-1.072858e-001
7.212584e+003,-2.230763e-001
7.216441e+003,-5.008431e-001
7.220298e+003,-8.957072e-001
7.224155e+003,-1.307753e+000
7.228013e+003,-1.592189e+000
7.231870e+003,-1.593149e+000
7.235727e+003,-1.185753e+000
7.239583e+003,-3.155487e-001
7.243440e+003,9.773463e-001
7.247297e+003,2.558272e+000
7.251154e+003,4.223326e+000
7.255011e+003,5.756349e+000
7.258869e+003,6.931181e+000
7.262726e+003,7.601625e+000
7.266583e+003,7.709180e+000
7.270439e+003,7.284835e+000
7.274296e+003,6.433767e+000
7.278153e+003,5.310704e+000
7.282010e+003,4.093278e+000
7.285867e+003,2.955446e+000
7.289725e+003,2.051965e+000
7.293582e+003,1.489430e+000
7.297438e+003,1.308939e+000
7.301295e+003,1.473615e+000
7.305152e+003,1.870084e+000
7.309009e+003,2.329594e+000
7.312866e+003,2.668421e+000
7.316724e+003,2.738590e+000
7.320581e+003,2.471687e+000
7.324438e+003,1.903545e+000
7.328294e+003,1.161623e+000
7.332151e+003,4.212605e-001
7.336008e+003,-1.549118e-001
7.339865e+003,-4.712449e-001
7.343722e+003,-5.256237e-001
7.347580e+003,-3.977905e-001
7.351437e+003,-2.070401e-001
7.355293e+003,-5.736962e-002
7.359150e+003,5.370706e-003
7.363007e+003,4.442841e-003
7.366864e+003,8.607894e-003
7.370721e+003,8.725944e-002
7.374578e+003,2.676288e-001
7.378436e+003,5.166783e-001
7.382292e+003,7.524332e-001
7.386149e+003,8.883486e-001
7.390006e+003,8.787075e-001
7.393863e+003,7.462546e-001
7.397720e+003,5.760527e-001
7.401577e+003,4.774105e-001
7.405434e+003,5.320005e-001
7.409292e+003,7.534363e-001
7.413148e+003,1.081434e+000
7.417005e+003,1.407713e+000
7.420862e+003,1.632406e+000
7.424719e+003,1.717731e+000
7.428576e+003,1.714548e+000
7.432433e+003,1.748043e+000
7.436291e+003,1.967663e+000
7.440147e+003,2.489203e+000
7.444004e+003,3.327593e+000
7.447861e+003,4.393259e+000
7.451718e+003,5.516024e+000
7.455575e+003,6.501740e+000
7.459432e+003,7.194298e+000
7.463289e+003,7.518205e+000
7.467146e+003,7.487241e+000
7.471003e+003,7.169144e+000
7.474860e+003,6.670214e+000
7.478717e+003,6.075284e+000
7.482574e+003,5.427284e+000
7.486431e+003,4.728553e+000
7.490288e+003,3.961913e+000
7.494145e+003,3.118937e+000
7.498002e+003,2.222157e+000
7.501859e+003,1.312932e+000
7.505716e+003,5.082762e-001
7.509573e+003,-8.861840e-002
7.513430e+003,-3.922179e-001
7.517287e+003,-3.596661e-001
7.521144e+003,-8.809088e-003
7.525001e+003,5.749043e-001
7.528858e+003,1.245928e+000
7.532715e+003,1.825194e+000
7.536572e+003,2.125031e+000
7.540429e+003,2.011421e+000
7.544286e+003,1.444720e+000
7.548143e+003,5.029122e-001
7.552000e+003,-6.270040e-001
7.555857e+003,-1.691672e+000
7.559714e+003,-2.437768e+000
7.563571e+003,-2.673354e+000
7.567428e+003,-2.327140e+000
7.571285e+003,-1.470908e+000
7.575142e+003,-2.849199e-001
7.578999e+003,1.001418e+000
7.582856e+003,2.175870e+000
7.586713e+003,3.093013e+000
7.590570e+003,3.692726e+000
7.594427e+003,4.007396e+000
7.598284e+003,4.059629e+000
7.602141e+003,3.911510e+000
7.605998e+003,3.612911e+000
7.609855e+003,3.198996e+000
7.613712e+003,2.700972e+000
7.617569e+003,2.158846e+000
7.621426e+003,1.626167e+000
7.625283e+003,1.160120e+000
7.629140e+003,8.177694e-001
7.632997e+003,6.293886e-001
7.636854e+003,5.923631e-001
7.640711e+003,6.730633e-001
7.644568e+003,8.163750e-001
7.648425e+003,9.583281e-001
7.652282e+003,1.038603e+000
7.656139e+003,9.987738e-001
7.659996e+003,8.278668e-001
7.663853e+003,5.522935e-001
7.667710e+003,2.454423e-001
7.671567e+003,1.704092e-002
7.675424e+003,-1.668128e-002
7.679281e+003,2.227374e-001
7.683138e+003,7.325658e-001
7.686995e+003,1.405494e+000
7.690852e+003,2.042629e+000
7.694709e+003,2.406490e+000
7.698566e+003,2.312261e+000
7.702423e+003,1.701424e+000
7.706280e+003,6.713409e-001
7.710137e+003,-5.541711e-001
7.713994e+003,-1.701298e+000
7.717851e+003,-2.544795e+000
7.721708e+003,-2.926294e+000
7.725565e+003,-2.830709e+000
7.729422e+003,-2.328117e+000
7.733279e+003,-1.514508e+000
7.737136e+003,-4.680996e-001
7.740993e+003,7.542039e-001
7.744850e+003,2.083405e+000
7.748707e+003,3.392889e+000
7.752564e+003,4.501717e+000
7.756421e+003,5.197510e+000
7.760278e+003,5.321842e+000
7.764135e+003,4.854261e+000
7.767992e+003,3.952394e+000
7.771849e+003,2.917242e+000
7.775706e+003,2.088623e+000
7.779563e+003,1.724014e+000
7.783420e+003,1.857417e+000
7.787277e+003,2.327667e+000
7.791134e+003,2.830566e+000
7.794991e+003,3.046989e+000
7.798848e+003,2.776037e+000
7.802705e+003,2.016136e+000
7.806562e+003,9.616576e-001
7.810419e+003,-6.788230e-002
7.814276e+003,-7.896084e-001
7.818133e+003,-1.021971e+000
7.821990e+003,-7.498847e-001
7.825847e+003,-1.098379e-001
7.829704e+003,6.772441e-001
7.833561e+003,1.391713e+000
7.837418e+003,1.884398e+000
7.841275e+003,2.107964e+000
7.845132e+003,2.105984e+000
7.848989e+003,1.978260e+000
7.852846e+003,1.835779e+000
7.856703e+003,1.765239e+000
7.860560e+003,1.810352e+000
7.864417e+003,1.969697e+000
7.868274e+003,2.206419e+000
7.872131e+003,2.467376e+000
7.875988e+003,2.692182e+000
7.879845e+003,2.839836e+000
7.883702e+003,2.897880e+000
7.887559e+003,2.884561e+000
7.891416e+003,2.839468e+000
7.895273e+003,2.805114e+000
7.899130e+003,2.806634e+000
7.902987e+003,2.838964e+000
7.906844e+003,2.867498e+000
7.910701e+003,2.843720e+000
7.914558e+003,2.728246e+000
7.918415e+003,2.510762e+000
7.922272e+003,2.217556e+000
7.926129e+003,1.903458e+000
7.929986e+003,1.632391e+000
7.933843e+003,1.459251e+000
7.937700e+003,1.397629e+000
7.941557e+003,1.439808e+000
7.945414e+003,1.553183e+000
7.949271e+003,1.689742e+000
7.953128e+003,1.796024e+000
7.956985e+003,1.822349e+000
7.960842e+003,1.732451e+000
7.964699e+003,1.513667e+000
7.968556e+003,1.193155e+000
7.972413e+003,8.285348e-001
7.976270e+003,5.067601e-001
7.980127e+003,3.236753e-001
7.983984e+003,3.534462e-001
7.987841e+003,6.180149e-001
7.991698e+003,1.069428e+000
7.995555e+003,1.588535e+000
7.999412e+003,2.041483e+000
8.003269e+003,2.289412e+000
8.007126e+003,2.235108e+000
8.010983e+003,1.848612e+000
8.014840e+003,1.173234e+000
8.018697e+003,3.135584e-001
8.022554e+003,-5.866498e-001
8.026411e+003,-1.361910e+000
8.030268e+003,-1.883438e+000
8.034125e+003,-2.021894e+000
8.037982e+003,-1.681702e+000
8.041839e+003,-8.233850e-001
8.045696e+003,5.113093e-001
8.049553e+003,2.181411e+000
8.053410e+003,3.949154e+000
8.057267e+003,5.474807e+000
8.061124e+003,6.509474e+000
8.064981e+003,6.829264e+000
8.068838e+003,6.343325e+000
8.072695e+003,5.127705e+000
8.076552e+003,3.414166e+000
8.080409e+003,1.534901e+000
8.084266e+003,-1.602673e-001
8.088123e+003,-1.384371e+000
8.091980e+003,-1.994913e+000
8.095837e+003,-1.980947e+000
8.099694e+003,-1.452799e+000
8.103551e+003,-5.956064e-001
8.107408e+003,3.850428e-001
8.111265e+003,1.308194e+000
8.115122e+003,2.043564e+000
8.118979e+003,2.513626e+000
8.122836e+003,2.705482e+000
8.126693e+003,2.633535e+000
8.130550e+003,2.337437e+000
8.134407e+003,1.873548e+000
8.138264e+003,1.307861e+000
8.142121e+003,7.087061e-001
8.145978e+003,1.390270e-001
8.149835e+003,-3.463511e-001
8.153692e+003,-7.163270e-001
8.157549e+003,-9.479908e-001
8.161406e+003,-1.027034e+000
8.165263e+003,-9.447802e-001
8.169120e+003,-6.996670e-001
8.172977e+003,-3.038282e-001
8.176833e+003,2.082912e-001
8.180691e+003,7.740808e-001
8.184548e+003,1.309824e+000
8.188405e+003,1.722589e+000
8.192262e+003,1.933343e+000
8.196118e+003,1.899427e+000
8.199976e+003,1.628675e+000
8.203832e+003,1.179458e+000
8.207689e+003,6.463597e-001
8.211547e+003,1.330961e-001
8.215403e+003,-2.601362e-001
8.219261e+003,-4.668390e-001
8.223117e+003,-4.586923e-001
8.226975e+003,-2.439036e-001
8.230831e+003,1.399798e-001
8.234688e+003,6.344947e-001
8.238546e+003,1.167804e+000
8.242402e+003,1.665477e+000
8.246260e+003,2.045848e+000
8.250116e+003,2.248158e+000
8.253974e+003,2.243312e+000
8.257830e+003,2.044154e+000
8.261688e+003,1.705898e+000
8.265544e+003,1.313883e+000
8.269401e+003,9.610273e-001
8.273259e+003,7.012993e-001
8.277115e+003,5.993621e-001
8.280973e+003,6.440438e-001
8.284829e+003,7.821534e-001
8.288687e+003,9.383513e-001
8.292543e+003,1.036296e+000
8.296400e+003,1.013036e+000
8.300258e+003,8.244902e-001
8.304114e+003,3.249353e-001
8.307972e+003,-3.990515e-001
8.311828e+003,-1.291041e+000
8.315686e+003,-2.237703e+000
8.319542e+003,-3.072352e+000
8.323399e+003,-3.603833e+000
8.327257e+003,-3.671568e+000
8.331113e+003,-3.210744e+000
8.334971e+003,-2.283255e+000
8.338827e+003,-1.118094e+000
8.342685e+003,-3.799921e-002
8.346541e+003,6.555614e-001
8.350398e+003,7.961855e-001
8.354255e+003,4.211926e-001
8.358112e+003,-2.373581e-001
8.361970e+003,-8.384333e-001
8.365826e+003,-1.102500e+000
8.369684e+003,-8.865038e-001
8.373540e+003,-1.783445e-001
8.377397e+003,8.989494e-001
8.381254e+003,2.141253e+000
8.385111e+003,3.335263e+000
8.388969e+003,4.319133e+000
8.392825e+003,5.011625e+000
8.396683e+003,5.362955e+000
8.400539e+003,5.501082e+000
8.404396e+003,5.468663e+000
8.408253e+003,5.294476e+000
8.412110e+003,4.991081e+000
8.415968e+003,4.565051e+000
8.419824e+003,4.031351e+000
8.423682e+003,3.423206e+000
8.427538e+003,2.886546e+000
8.431396e+003,2.356624e+000
8.435252e+003,1.875301e+000
8.439109e+003,1.482097e+000
8.442966e+003,1.210564e+000
8.446823e+003,1.086112e+000
8.450681e+003,1.123296e+000
8.454537e+003,1.320760e+000
8.458395e+003,1.458282e+000
8.462251e+003,1.698158e+000
8.466108e+003,2.049872e+000
8.469965e+003,2.501131e+000
8.473822e+003,3.017879e+000
8.477680e+003,3.548041e+000
8.481536e+003,4.028453e+000
8.485394e+003,4.393817e+000
8.489250e+003,4.170294e+000
8.493107e+003,3.347676e+000
8.496964e+003,2.031121e+000
8.500821e+003,4.430267e-001
8.504679e+003,-1.122827e+000
8.508535e+003,-2.369425e+000
8.512393e+003,-3.068051e+000
8.516249e+003,-3.112589e+000
8.520106e+003,-2.523867e+000
8.523963e+003,-1.415366e+000
8.527820e+003,-8.296728e-002
8.531677e+003,1.165462e+000
8.535534e+003,2.092331e+000
8.539392e+003,2.583242e+000
8.543248e+003,2.658438e+000
8.547105e+003,2.445145e+000
8.550962e+003,2.121171e+000
8.554819e+003,1.868071e+000
8.558676e+003,1.813833e+000
8.562533e+003,2.002739e+000
8.566391e+003,2.394323e+000
8.570247e+003,2.884214e+000
8.574104e+003,3.337700e+000
8.577961e+003,3.625965e+000
8.581818e+003,3.646606e+000
8.585675e+003,3.363138e+000
8.589532e+003,2.797226e+000
8.593389e+003,2.018910e+000
8.597246e+003,1.123610e+000
8.601104e+003,2.059614e-001
8.604960e+003,-6.604066e-001
8.608817e+003,-1.430161e+000
8.612674e+003,-2.085480e+000
8.616531e+003,-2.595995e+000
8.620388e+003,-2.931099e+000
8.624245e+003,-3.046736e+000
8.628103e+003,-2.899219e+000
8.631959e+003,-2.471778e+000
8.635816e+003,-1.800856e+000
8.639673e+003,-9.863052e-001
8.643530e+003,-1.744268e-001
8.647387e+003,4.806163e-001
8.651244e+003,8.710451e-001
8.655102e+003,9.744474e-001
8.658958e+003,8.625170e-001
8.662815e+003,6.721178e-001
8.666672e+003,5.488976e-001
8.670529e+003,5.868646e-001
8.674386e+003,7.937137e-001
8.678243e+003,1.081062e+000
8.682100e+003,1.314209e+000
8.685957e+003,1.368082e+000
8.689814e+003,1.181833e+000
8.693671e+003,7.862493e-001
8.697528e+003,2.946876e-001
8.701385e+003,-1.357400e-001
8.705242e+003,-3.514603e-001
8.709099e+003,-2.608950e-001
8.712956e+003,1.682709e-001
8.716813e+003,9.019779e-001
8.720670e+003,1.854825e+000
8.724526e+003,2.908736e+000
8.728384e+003,3.929146e+000
8.732241e+003,4.779191e+000
8.736098e+003,5.331730e+000
8.739955e+003,5.512685e+000
8.743812e+003,5.297015e+000
8.747669e+003,4.735282e+000
8.751525e+003,3.952016e+000
8.755383e+003,3.119370e+000
8.759240e+003,2.410509e+000
8.763097e+003,1.948131e+000
8.766954e+003,1.767002e+000
8.770811e+003,1.809941e+000
8.774668e+003,1.963584e+000
8.778524e+003,2.105487e+000
8.782382e+003,2.154383e+000
8.786238e+003,2.098554e+000
8.790096e+003,1.990735e+000
8.793953e+003,1.913681e+000
8.797810e+003,1.929805e+000
8.801667e+003,2.058979e+000
8.805523e+003,2.259365e+000
8.809381e+003,2.453998e+000
8.813237e+003,2.571465e+000
8.817095e+003,2.584662e+000
8.820952e+003,2.528759e+000
8.824809e+003,2.489455e+000
8.828666e+003,2.563780e+000
8.832522e+003,2.820648e+000
8.836380e+003,3.262590e+000
8.840236e+003,3.817327e+000
8.844094e+003,4.355772e+000
8.847951e+003,4.730737e+000
8.851808e+003,4.822181e+000
8.855665e+003,4.573924e+000
8.859521e+003,4.013900e+000
8.863379e+003,3.242453e+000
8.867235e+003,2.410499e+000
8.871093e+003,1.684255e+000
8.874949e+003,1.206598e+000
8.878807e+003,1.063819e+000
8.882664e+003,1.264836e+000
8.886521e+003,1.738014e+000
8.890378e+003,2.343859e+000
8.894234e+003,2.921023e+000
8.898092e+003,3.319515e+000
8.901948e+003,3.445190e+000
8.905806e+003,3.287483e+000
8.909663e+003,2.922861e+000
8.913520e+003,2.491014e+000
8.917377e+003,2.150058e+000
8.921233e+003,2.023087e+000
8.925091e+003,2.160914e+000
8.928947e+003,2.523408e+000
8.932805e+003,2.993147e+000
8.936662e+003,3.413152e+000
8.940519e+003,3.635876e+000
8.944376e+003,3.566723e+000
8.948232e+003,3.188287e+000
8.952090e+003,2.560446e+000
8.955946e+003,1.793425e+000
8.959804e+003,1.013253e+000
8.963660e+003,3.260375e-001
8.967518e+003,-2.062510e-001
8.971375e+003,-5.726031e-001
8.975231e+003,-8.026286e-001
8.979089e+003,-9.444768e-001
8.982945e+003,-1.039150e+000
8.986803e+003,-1.100468e+000
8.990659e+003,-1.105482e+000
8.994517e+003,-9.998361e-001
8.998374e+003,-7.157618e-001
9.002230e+003,-1.975286e-001
9.006088e+003,5.736111e-001
9.009944e+003,1.563398e+000
9.013802e+003,2.685361e+000
9.017658e+003,3.811019e+000
9.021516e+003,4.803081e+000
9.025373e+003,5.546654e+000
9.029229e+003,5.975623e+000
9.033087e+003,6.084568e+000
9.036943e+003,5.923127e+000
9.040801e+003,5.575864e+000
9.044657e+003,5.134364e+000
9.048515e+003,4.676105e+000
9.052371e+003,4.248343e+000
9.056229e+003,3.865971e+000
9.060086e+003,3.519149e+000
9.063942e+003,3.185651e+000
9.067800e+003,2.842927e+000
9.071656e+003,2.477163e+000
9.075514e+003,2.086044e+000
9.079370e+003,1.691607e+000
9.083228e+003,1.331926e+000
9.087085e+003,1.061231e+000
9.090941e+003,9.405688e-001
9.094799e+003,1.021098e+000
9.098655e+003,1.322868e+000
9.102513e+003,1.816138e+000
9.106369e+003,2.414795e+000
9.110227e+003,2.985739e+000
9.114084e+003,3.381315e+000
9.117940e+003,3.481634e+000
9.121798e+003,3.233803e+000
9.125654e+003,2.672730e+000
9.129512e+003,1.914009e+000
9.133368e+003,1.119770e+000
9.137226e+003,4.452914e-001
9.141082e+003,5.675673e-003
9.144939e+003,-1.666870e-001
9.148797e+003,-1.169514e-001
9.152653e+003,5.858598e-002
9.156511e+003,2.522603e-001
9.160367e+003,3.818944e-001
9.164225e+003,4.116503e-001
9.168081e+003,3.522403e-001
9.171938e+003,2.438166e-001
9.175796e+003,1.325795e-001
9.179652e+003,5.057859e-002
9.183510e+003,5.843520e-003
9.187366e+003,-1.631553e-002
9.191224e+003,-4.445019e-002
9.195080e+003,-1.096486e-001
9.198938e+003,-2.334247e-001
9.202795e+003,-4.264388e-001
9.206651e+003,-6.774135e-001
9.210509e+003,-9.540725e-001
9.214365e+003,-1.206835e+000
9.218223e+003,-1.379002e+000
9.222079e+003,-1.423112e+000
9.225937e+003,-1.319525e+000
9.229793e+003,-1.070647e+000
9.233650e+003,-7.597774e-001
9.237508e+003,-4.829788e-001
9.241364e+003,-3.330315e-001
9.245222e+003,-3.651951e-001
9.249078e+003,-5.742594e-001
9.252936e+003,-8.939812e-001
9.256792e+003,-1.220844e+000
9.260649e+003,-1.437758e+000
9.264507e+003,-1.496180e+000
9.268363e+003,-1.395389e+000
9.272221e+003,-1.197881e+000
9.276077e+003,-9.895754e-001
9.279935e+003,-8.320544e-001
9.283791e+003,-7.322032e-001
9.287648e+003,-6.446214e-001
9.291506e+003,-5.328366e-001
9.295362e+003,-3.267418e-001
9.299220e+003,-1.058285e-001
9.303076e+003,-3.498485e-002
9.306934e+003,-2.472652e-001
9.310790e+003,-7.303411e-001
9.314647e+003,-1.301470e+000
9.318504e+003,-1.693055e+000
9.322361e+003,-1.745832e+000
9.326219e+003,-1.569696e+000
9.330075e+003,-1.199438e+000
9.333933e+003,-7.147239e-001
9.337789e+003,-2.119118e-001
9.341646e+003,2.223547e-001
9.345503e+003,5.271326e-001
9.349360e+003,6.712410e-001
9.353218e+003,6.507852e-001
9.357074e+003,5.049915e-001
9.360932e+003,2.570797e-001
9.364788e+003,-5.970315e-002
9.368646e+003,-4.026137e-001
9.372502e+003,-7.225643e-001
9.376359e+003,-9.711683e-001
9.380216e+003,-1.110924e+000
9.384073e+003,-1.122788e+000
9.387931e+003,-1.024305e+000
9.391787e+003,-8.580989e-001
9.395645e+003,-6.908990e-001
9.399501e+003,-5.996199e-001
9.403358e+003,-6.515108e-001
9.407215e+003,-8.829818e-001
9.411072e+003,-1.283364e+000
9.414930e+003,-1.785795e+000
9.418786e+003,-2.290158e+000
9.422644e+003,-2.674244e+000
9.426500e+003,-2.828507e+000
9.430357e+003,-2.685686e+000
9.434214e+003,-2.239006e+000
9.438071e+003,-1.542767e+000
9.441929e+003,-6.953228e-001
9.445785e+003,1.877611e-001
9.449643e+003,1.006541e+000
9.453499e+003,1.693169e+000
9.457356e+003,2.218580e+000
9.461213e+003,2.584923e+000
9.465070e+003,2.810623e+000
9.468927e+003,2.915743e+000
9.472784e+003,2.913440e+000
9.476642e+003,2.809389e+000
9.480498e+003,2.606101e+000
9.484355e+003,2.311219e+000
9.488212e+003,1.943231e+000
9.492069e+003,1.535390e+000
9.495926e+003,1.137239e+000
9.499783e+003,8.131838e-001
9.503641e+003,6.361892e-001
9.507497e+003,6.740103e-001
9.511354e+003,9.689626e-001
9.515211e+003,1.510771e+000
9.519068e+003,2.219038e+000
9.522925e+003,2.943612e+000
9.526782e+003,3.492210e+000
9.530640e+003,3.683909e+000
9.534496e+003,3.414339e+000
9.538354e+003,2.705387e+000
9.542210e+003,1.732557e+000
9.546067e+003,7.845038e-001
9.549924e+003,1.838661e-001
9.553781e+003,1.849733e-001
9.557638e+003,8.854616e-001
9.561495e+003,2.184903e+000
9.565353e+003,3.807014e+000
9.569209e+003,5.384095e+000
9.573066e+003,6.538699e+000
9.576923e+003,7.011828e+000
9.580780e+003,6.714561e+000
9.584637e+003,5.731741e+000
9.588494e+003,4.277410e+000
9.592352e+003,2.624727e+000
9.596208e+003,1.036852e+000
9.600065e+003,-3.007665e-001
9.603922e+003,-1.238105e+000
9.607779e+003,-1.737213e+000
9.611636e+003,-1.838399e+000
9.615493e+003,-1.643623e+000
9.619351e+003,-1.294094e+000
9.623207e+003,-9.401214e-001
9.627064e+003,-7.041717e-001
9.630921e+003,-6.376491e-001
9.634778e+003,-7.226964e-001
9.638635e+003,-8.548796e-001
9.642492e+003,-8.909891e-001
9.646349e+003,-7.111760e-001
9.650206e+003,-2.783815e-001
9.654063e+003,3.314863e-001
9.657920e+003,9.446498e-001
9.661777e+003,1.348619e+000
9.665634e+003,1.353262e+000
9.669491e+003,8.820229e-001
9.673348e+003,-8.042812e-003
9.677205e+003,-1.145760e+000
9.681063e+003,-2.300822e+000
9.684919e+003,-3.248299e+000
9.688776e+003,-3.816924e+000
9.692633e+003,-3.907935e+000
9.696490e+003,-3.489210e+000
9.700347e+003,-2.580826e+000
9.704204e+003,-1.246161e+000
9.708062e+003,4.045832e-001
9.711918e+003,2.207097e+000
9.715775e+003,3.947784e+000
9.719632e+003,5.392845e+000
9.723489e+003,6.330385e+000
9.727346e+003,6.673048e+000
9.731203e+003,6.432663e+000
9.735060e+003,5.740672e+000
9.738917e+003,4.803915e+000
9.742774e+003,3.833710e+000
9.746631e+003,2.976686e+000
9.750488e+003,2.275850e+000
9.754345e+003,1.703816e+000
9.758202e+003,1.128782e+000
9.762059e+003,4.598991e-001
9.765916e+003,-3.275752e-001
9.769773e+003,-1.171245e+000
9.773630e+003,-1.938492e+000
9.777487e+003,-2.472232e+000
9.781344e+003,-2.646069e+000
9.785201e+003,-2.416911e+000
9.789058e+003,-1.829056e+000
9.792915e+003,-9.996611e-001
9.796772e+003,-9.370869e-002
9.800629e+003,7.169430e-001
9.804486e+003,1.292905e+000
9.808343e+003,1.555959e+000
9.812200e+003,1.501750e+000
9.816057e+003,1.189201e+000
9.819914e+003,7.390478e-001
9.823771e+003,2.783188e-001
9.827628e+003,-8.287190e-002
9.831485e+003,-2.778254e-001
9.835342e+003,-2.952987e-001
9.839199e+003,-1.734573e-001
9.843056e+003,2.156536e-002
9.846913e+003,2.217873e-001
9.850770e+003,3.884055e-001
9.854627e+003,5.134602e-001
9.858484e+003,6.163599e-001
9.862341e+003,7.263631e-001
9.866198e+003,8.634240e-001
9.870055e+003,1.027121e+000
9.873912e+003,1.198516e+000
9.877769e+003,1.353389e+000
9.881626e+003,1.475710e+000
9.885483e+003,1.568532e+000
9.889340e+003,1.652233e+000
9.893197e+003,1.754045e+000
9.897054e+003,1.895385e+000
9.900911e+003,2.084882e+000
9.904768e+003,2.321199e+000
9.908625e+003,2.603391e+000
9.912481e+003,2.941460e+000
9.916339e+003,3.358543e+000
9.920196e+003,3.881616e+000
9.924053e+003,4.523412e+000
9.927910e+003,5.264595e+000
9.931767e+003,6.046241e+000
9.935624e+003,6.778228e+000
9.939480e+003,7.363310e+000
9.943338e+003,7.717665e+000
9.947195e+003,7.799196e+000
9.951052e+003,7.612108e+000
9.954909e+003,7.199020e+000
9.958766e+003,6.624528e+000
9.962623e+003,5.959263e+000
9.966479e+003,5.270912e+000
9.970337e+003,4.619987e+000
9.974193e+003,4.068514e+000
9.978051e+003,3.667618e+000
9.981908e+003,3.447406e+000
9.985765e+003,3.400275e+000
9.989622e+003,3.469328e+000
9.993479e+003,3.551905e+000
9.997336e+003,3.522579e+000
1.000119e+004,3.264887e+000
1.000505e+004,2.723991e+000
1.000891e+004,1.919869e+000
1.001276e+004,9.482163e-001
1.001662e+004,-4.800934e-002
1.002048e+004,-9.218926e-001
1.002433e+004,-1.563486e+000
1.002819e+004,-1.923288e+000
1.003205e+004,-2.011693e+000
1.003591e+004,-1.875564e+000
1.003976e+004,-1.585842e+000
1.004362e+004,-1.210168e+000
1.004748e+004,-8.051842e-001
1.005133e+004,-4.195803e-001
1.005519e+004,-9.979272e-002
1.005905e+004,1.099261e-001
1.006290e+004,1.779456e-001
1.006676e+004,8.378573e-002
1.007062e+004,-1.462883e-001
1.007448e+004,-4.521385e-001
1.007833e+004,-7.552795e-001
1.008219e+004,-9.810888e-001
1.008605e+004,-1.077401e+000
1.008990e+004,-1.021486e+000
1.009376e+004,-8.030170e-001
1.009762e+004,-4.255347e-001
1.010147e+004,8.818160e-002
1.010533e+004,7.044038e-001
1.010919e+004,1.367811e+000
1.011305e+004,1.992718e+000
1.011690e+004,2.468333e+000
1.012076e+004,2.683095e+000
1.012462e+004,2.512177e+000
1.012847e+004,1.906057e+000
1.013233e+004,9.987415e-001
1.013619e+004,1.508194e-002
1.014004e+004,-8.039912e-001
1.014390e+004,-1.279027e+000
1.014776e+004,-1.339125e+000
1.015162e+004,-1.024341e+000
1.015547e+004,-4.637266e-001
1.015933e+004,1.993294e-001
1.016319e+004,8.216574e-001
1.016704e+004,1.284687e+000
1.017090e+004,1.509877e+000
1.017476e+004,1.474590e+000
1.017861e+004,1.225088e+000
1.018247e+004,8.735260e-001
1.018633e+004,6.039118e-001
1.019019e+004,4.842900e-001
1.019404e+004,5.589397e-001
1.019790e+004,7.962083e-001
1.020176e+004,1.095152e+000
1.020561e+004,1.325032e+000
1.020947e+004,1.383549e+000
1.021333e+004,1.248492e+000
1.021718e+004,1.010490e+000
1.022104e+004,8.042433e-001
1.022490e+004,7.954608e-001
1.022876e+004,1.108719e+000
1.023261e+004,1.775756e+000
1.023647e+004,2.713251e+000
1.024033e+004,3.737353e+000
1.024418e+004,4.609583e+000
1.024804e+004,5.105396e+000
1.025190e+004,5.070432e+000
1.025575e+004,4.456065e+000
1.025961e+004,3.337682e+000
1.026347e+004,1.898635e+000
1.026733e+004,3.864551e-001
1.027118e+004,-9.482126e-001
1.027504e+004,-1.913572e+000
1.027890e+004,-2.418783e+000
1.028275e+004,-2.494313e+000
1.028661e+004,-2.254800e+000
1.029047e+004,-1.849561e+000
1.029432e+004,-1.401886e+000
1.029818e+004,-9.665546e-001
1.030204e+004,-5.237657e-001
1.030590e+004,-1.128927e-002
1.030975e+004,6.191397e-001
1.031361e+004,1.361555e+000
1.031747e+004,2.133608e+000
1.032132e+004,2.804397e+000
1.032518e+004,3.250376e+000
1.032904e+004,3.412929e+000
1.033289e+004,3.326880e+000
1.033675e+004,3.102978e+000
1.034061e+004,2.869218e+000
1.034447e+004,2.708840e+000
1.034832e+004,2.608683e+000
1.035218e+004,2.466238e+000
1.035604e+004,2.142008e+000
1.035989e+004,1.536375e+000
1.036375e+004,6.536908e-001
1.036761e+004,-3.784404e-001
1.037146e+004,-1.340764e+000
1.037532e+004,-2.017559e+000
1.037918e+004,-2.255251e+000
1.038304e+004,-2.018082e+000
1.038689e+004,-1.388674e+000
1.039075e+004,-5.236560e-001
1.039461e+004,4.112999e-001
1.039846e+004,1.295631e+000
1.040232e+004,2.064678e+000
1.040618e+004,2.726632e+000
1.041003e+004,3.285390e+000
1.041389e+004,3.715786e+000
1.041775e+004,3.949102e+000
1.042161e+004,3.889271e+000
1.042546e+004,3.452429e+000
1.042932e+004,2.611850e+000
1.043318e+004,1.453821e+000
1.043703e+004,1.059439e-001
1.044089e+004,-1.222620e+000
1.044475e+004,-2.301877e+000
1.044860e+004,-2.932353e+000
1.045246e+004,-2.991502e+000
1.045632e+004,-2.464726e+000
1.046018e+004,-1.454078e+000
1.046403e+004,-1.920532e-001
1.046789e+004,1.090905e+000
1.047175e+004,2.146629e+000
1.047560e+004,2.783735e+000
1.047946e+004,2.914947e+000
1.048332e+004,2.578503e+000
1.048717e+004,1.924577e+000
1.049103e+004,1.168491e+000
1.049489e+004,5.187829e-001
1.049875e+004,1.190968e-001
1.050260e+004,1.401043e-002
1.050646e+004,1.495538e-001
1.051032e+004,4.024963e-001
1.051417e+004,6.291261e-001
1.051803e+004,7.145908e-001
1.052189e+004,6.054812e-001
1.052574e+004,3.112810e-001
1.052960e+004,-8.348726e-002
1.053346e+004,-4.963073e-001
1.053732e+004,-8.491263e-001
1.054117e+004,-1.083322e+000
1.054503e+004,-1.163854e+000
1.054889e+004,-1.076534e+000
1.055274e+004,-8.244908e-001
1.055660e+004,-4.356843e-001
1.056046e+004,5.530658e-002
1.056431e+004,5.933089e-001
1.056817e+004,1.109980e+000
1.057203e+004,1.536710e+000
1.057589e+004,1.822493e+000
1.057974e+004,1.949664e+000
1.058360e+004,1.939402e+000
1.058746e+004,1.840824e+000
1.059131e+004,1.712450e+000
1.059517e+004,1.591493e+000
1.059903e+004,1.473817e+000
1.060288e+004,1.312357e+000
1.060674e+004,1.037431e+000
1.061060e+004,5.924956e-001
1.061446e+004,-2.875501e-002
1.061831e+004,-7.812394e-001
1.062217e+004,-1.496997e+000
1.062603e+004,-1.988827e+000
1.062988e+004,-2.087969e+000
1.063374e+004,-1.700676e+000
1.063760e+004,-8.438284e-001
1.064145e+004,3.531701e-001
1.064531e+004,1.680209e+000
1.064917e+004,2.925239e+000
1.065303e+004,3.831636e+000
1.065688e+004,4.256038e+000
1.066074e+004,4.156040e+000
1.066460e+004,3.584129e+000
1.066845e+004,2.662635e+000
1.067231e+004,1.551379e+000
1.067617e+004,4.175409e-001
1.068002e+004,-6.085564e-001
1.068388e+004,-1.380575e+000
1.068774e+004,-1.822564e+000
1.069160e+004,-1.914735e+000
1.069545e+004,-1.695172e+000
1.069931e+004,-1.251808e+000
1.070317e+004,-7.034669e-001
1.070702e+004,-1.728296e-001
1.071088e+004,2.424035e-001
1.071474e+004,4.874797e-001
1.071859e+004,5.612541e-001
1.072245e+004,5.076895e-001
1.072631e+004,3.975271e-001
1.073017e+004,3.070822e-001
1.073402e+004,3.012506e-001
1.073788e+004,4.240039e-001
1.074174e+004,6.938000e-001
1.074559e+004,1.106815e+000
1.074945e+004,1.634403e+000
1.075331e+004,2.223759e+000
1.075716e+004,2.801909e+000
1.076102e+004,3.287385e+000
1.076488e+004,3.610146e+000
1.076874e+004,3.734869e+000
1.077259e+004,3.672235e+000
1.077645e+004,3.498239e+000
1.078031e+004,3.313309e+000
1.078416e+004,3.214640e+000
1.078802e+004,3.255612e+000
1.079188e+004,3.416562e+000
1.079573e+004,3.600688e+000
1.079959e+004,3.660038e+000
1.080345e+004,3.453901e+000
1.080731e+004,2.902553e+000
1.081116e+004,2.000242e+000
1.081502e+004,8.388135e-001
1.081888e+004,-4.104822e-001
1.082273e+004,-1.539715e+000
1.082659e+004,-2.357538e+000
1.083045e+004,-2.736238e+000
1.083430e+004,-2.639137e+000
1.083816e+004,-2.181737e+000
1.084202e+004,-1.469757e+000
1.084588e+004,-6.356851e-001
1.084973e+004,1.895852e-001
1.085359e+004,8.993089e-001
1.085745e+004,1.423669e+000
1.086130e+004,1.732265e+000
1.086516e+004,1.797071e+000
1.086902e+004,1.715649e+000
1.087287e+004,1.528969e+000
1.087673e+004,1.277239e+000
1.088059e+004,9.942735e-001
1.088445e+004,7.049057e-001
1.088830e+004,4.251606e-001
1.089216e+004,1.644847e-001
1.089602e+004,-1.360940e-001
1.089987e+004,-4.039544e-001
1.090373e+004,-6.209483e-001
1.090759e+004,-7.712131e-001
1.091144e+004,-8.460590e-001
1.091530e+004,-8.492070e-001
1.091916e+004,-8.000685e-001
1.092301e+004,-7.329442e-001
1.092687e+004,-7.054481e-001
1.093073e+004,-7.443376e-001
1.093459e+004,-8.833047e-001
1.093844e+004,-1.122273e+000
1.094230e+004,-1.420760e+000
1.094616e+004,-1.702839e+000
1.095001e+004,-1.873347e+000
1.095387e+004,-1.841283e+000
1.095773e+004,-1.528350e+000
1.096158e+004,-9.198012e-001
1.096544e+004,-5.706793e-002
1.096930e+004,9.672397e-001
1.097316e+004,2.028793e+000
1.097701e+004,2.998165e+000
1.098087e+004,3.767759e+000
1.098473e+004,4.272567e+000
1.098858e+004,4.501927e+000
1.099244e+004,4.490200e+000
1.099630e+004,4.312665e+000
1.100016e+004,4.059577e+000
1.100401e+004,3.811805e+000
1.100787e+004,3.620234e+000
1.101173e+004,3.494328e+000
1.101558e+004,3.402944e+000
1.101944e+004,3.287856e+000
1.102330e+004,3.084963e+000
1.102715e+004,2.746466e+000
1.103101e+004,2.258554e+000
1.103487e+004,1.648651e+000
1.103872e+004,9.800512e-001
1.104258e+004,3.358136e-001
1.104644e+004,-2.028674e-001
1.105030e+004,-5.804428e-001
1.105415e+004,-7.801534e-001
1.105801e+004,-8.150017e-001
1.106187e+004,-7.262356e-001
1.106572e+004,-5.700611e-001
1.106958e+004,-4.023895e-001
1.107344e+004,-2.658671e-001
1.107729e+004,-1.821890e-001
1.108115e+004,-1.777023e-001
1.108501e+004,-2.043409e-001
1.108887e+004,-2.353105e-001
1.109272e+004,-2.449393e-001
1.109658e+004,-2.163830e-001
1.110044e+004,-1.457760e-001
1.110429e+004,-4.144228e-002
1.110815e+004,8.185828e-002
1.111201e+004,2.035073e-001
1.111587e+004,3.316890e-001
1.111972e+004,4.799232e-001
1.112358e+004,6.748075e-001
1.112744e+004,9.462594e-001
1.113129e+004,1.312737e+000
1.113515e+004,1.766853e+000
1.113901e+004,2.267998e+000
1.114286e+004,2.759374e+000
1.114672e+004,3.144432e+000
1.115058e+004,3.356724e+000
1.115443e+004,3.374099e+000
1.115829e+004,3.234110e+000
1.116215e+004,3.029130e+000
1.116601e+004,2.879949e+000
1.116986e+004,2.895240e+000
1.117372e+004,3.129257e+000
1.117758e+004,3.555843e+000
1.118143e+004,4.063375e+000
1.118529e+004,4.488950e+000
1.118915e+004,4.671849e+000
1.119300e+004,4.508605e+000
1.119686e+004,3.989563e+000
1.120072e+004,3.203876e+000
1.120458e+004,2.262429e+000
1.120843e+004,1.408537e+000
1.121229e+004,8.090926e-001
1.121615e+004,5.596626e-001
1.122000e+004,6.724744e-001
1.122386e+004,1.090729e+000
1.122772e+004,1.717391e+000
1.123158e+004,2.443067e+000
1.123543e+004,3.170572e+000
1.123929e+004,3.788917e+000
1.124315e+004,4.194329e+000
1.124700e+004,4.288113e+000
1.125086e+004,3.992194e+000
1.125472e+004,3.276644e+000
1.125857e+004,2.187923e+000
1.126243e+004,8.617512e-001
1.126629e+004,-5.022742e-001
1.127014e+004,-1.646104e+000
1.127400e+004,-2.359248e+000
1.127786e+004,-2.529420e+000
1.128172e+004,-2.177853e+000
1.128557e+004,-1.453514e+000
1.128943e+004,-5.873691e-001
1.129329e+004,1.771849e-001
1.129714e+004,6.585716e-001
1.130100e+004,7.588364e-001
1.130486e+004,5.074282e-001
1.130871e+004,2.499717e-002
1.131257e+004,-5.242446e-001
1.131643e+004,-9.838400e-001
1.132029e+004,-1.243937e+000
1.132414e+004,-1.259484e+000
1.132800e+004,-1.054029e+000
1.133186e+004,-6.871063e-001
1.133571e+004,-2.538086e-001
1.133957e+004,1.434855e-001
1.134343e+004,4.138967e-001
1.134729e+004,4.943316e-001
1.135114e+004,3.627815e-001
1.135500e+004,4.636896e-002
1.135886e+004,-3.858829e-001
1.136271e+004,-8.128005e-001
1.136657e+004,-1.108414e+000
1.137043e+004,-1.165403e+000
1.137428e+004,-9.233691e-001
1.137814e+004,-3.858130e-001
1.138200e+004,3.796712e-001
1.138585e+004,1.257869e+000
1.138971e+004,2.120531e+000
1.139357e+004,2.831678e+000
1.139743e+004,3.296480e+000
1.140128e+004,3.466671e+000
1.140514e+004,3.341062e+000
1.140900e+004,2.957349e+000
1.141285e+004,2.380318e+000
1.141671e+004,1.690758e+000
1.142057e+004,9.726766e-001
1.142442e+004,3.207613e-001
1.142828e+004,-1.800105e-001
1.143214e+004,-4.597892e-001
1.143600e+004,-4.750975e-001
1.143985e+004,-2.198641e-001
1.144371e+004,2.678025e-001
1.144757e+004,9.073244e-001
1.145142e+004,1.590899e+000
1.145528e+004,2.197361e+000
1.145914e+004,2.626840e+000
1.146300e+004,2.822876e+000
1.146685e+004,2.785361e+000
1.147071e+004,2.567384e+000
1.147457e+004,2.256420e+000
1.147842e+004,1.946113e+000
1.148228e+004,1.709103e+000
1.148614e+004,1.578286e+000
1.148999e+004,1.546451e+000
1.149385e+004,1.578529e+000
1.149771e+004,1.631469e+000
1.150156e+004,1.671461e+000
1.150542e+004,1.681347e+000
1.150928e+004,1.657187e+000
1.151314e+004,1.597719e+000
1.151699e+004,1.501915e+000
1.152085e+004,1.368198e+000
1.152471e+004,1.205209e+000
1.152856e+004,1.042253e+000
1.153242e+004,9.298404e-001
1.153628e+004,9.238942e-001
1.154013e+004,1.056547e+000
1.154399e+004,1.304345e+000
1.154785e+004,1.581607e+000
1.155171e+004,1.749986e+000
1.155556e+004,1.669497e+000
1.155942e+004,1.260965e+000
1.156328e+004,5.561185e-001
1.156713e+004,-2.903083e-001
1.157099e+004,-1.038194e+000
1.157485e+004,-1.437781e+000
1.157871e+004,-1.317946e+000
1.158256e+004,-6.613582e-001
1.158642e+004,3.858175e-001
1.159028e+004,1.560092e+000
1.159413e+004,2.567859e+000
1.159799e+004,3.178611e+000
1.160185e+004,3.288413e+000
1.160570e+004,2.930458e+000
1.160956e+004,2.240256e+000
1.161342e+004,1.400170e+000
1.161727e+004,5.722398e-001
1.162113e+004,-1.373489e-001
1.162499e+004,-6.801579e-001
1.162885e+004,-1.043758e+000
1.163270e+004,-1.225455e+000
1.163656e+004,-1.218844e+000
1.164042e+004,-1.012934e+000
1.164427e+004,-6.126305e-001
1.164813e+004,-4.811800e-002
1.165199e+004,6.259018e-001
1.165584e+004,1.344658e+000
1.165970e+004,2.052729e+000
1.166356e+004,2.716061e+000
1.166742e+004,3.316933e+000
1.167127e+004,3.843338e+000
1.167513e+004,4.262825e+000
1.167899e+004,4.516599e+000
1.168284e+004,4.530513e+000
1.168670e+004,4.242812e+000
1.169056e+004,3.636264e+000
1.169441e+004,2.758628e+000
1.169827e+004,1.736395e+000
1.170213e+004,6.976469e-001
1.170599e+004,-2.204925e-001
1.170984e+004,-9.220570e-001
1.171370e+004,-1.373446e+000
1.171756e+004,-1.602260e+000
1.172141e+004,-1.676291e+000
1.172527e+004,-1.672075e+000
1.172913e+004,-1.650300e+000
1.173298e+004,-1.624922e+000
1.173684e+004,-1.565499e+000
1.174070e+004,-1.408492e+000
1.174456e+004,-1.079716e+000
1.174841e+004,-5.231176e-001
1.175227e+004,2.713355e-001
1.175613e+004,1.249204e+000
1.175998e+004,2.265049e+000
1.176384e+004,3.187871e+000
1.176770e+004,3.857861e+000
1.177155e+004,4.160233e+000
1.177541e+004,4.066194e+000
1.177927e+004,3.649745e+000
1.178313e+004,3.070164e+000
1.178698e+004,2.522647e+000
1.179084e+004,2.172102e+000
1.179470e+004,2.095687e+000
1.179855e+004,2.264211e+000
1.180241e+004,2.556964e+000
1.180627e+004,2.811265e+000
1.181012e+004,2.886065e+000
1.181398e+004,2.713852e+000
1.181784e+004,2.320625e+000
1.182170e+004,1.810166e+000
1.182555e+004,1.310797e+000
1.182941e+004,9.312379e-001
1.183327e+004,7.262312e-001
1.183712e+004,6.897113e-001
1.184098e+004,7.732458e-001
1.184484e+004,9.164113e-001
1.184869e+004,1.071993e+000
1.185255e+004,1.210171e+000
1.185641e+004,1.323288e+000
1.186027e+004,1.392779e+000
1.186412e+004,1.382347e+000
1.186798e+004,1.242244e+000
1.187184e+004,9.301404e-001
1.187569e+004,4.390026e-001
1.187955e+004,-1.828308e-001
1.188341e+004,-8.248533e-001
1.188726e+004,-1.361027e+000
1.189112e+004,-1.665806e+000
1.189498e+004,-1.658325e+000
1.189883e+004,-1.325311e+000
1.190269e+004,-7.205502e-001
1.190655e+004,5.713218e-002
1.191041e+004,8.965731e-001
1.191426e+004,1.699111e+000
1.191812e+004,2.407411e+000
1.192198e+004,2.991344e+000
1.192583e+004,3.439446e+000
1.192969e+004,3.745616e+000
1.193355e+004,3.902894e+000
1.193741e+004,3.906853e+000
1.194126e+004,3.764735e+000
1.194512e+004,3.502676e+000
1.194898e+004,3.164430e+000
1.195283e+004,2.800185e+000
1.195669e+004,2.449719e+000
1.196055e+004,2.128375e+000
1.196440e+004,1.823430e+000
1.196826e+004,1.503696e+000
1.197212e+004,1.138765e+000
1.197598e+004,7.174599e-001
1.197983e+004,2.673374e-001
1.198369e+004,-1.523188e-001
1.198755e+004,-4.629218e-001
1.199140e+004,-5.887055e-001
1.199526e+004,-4.784151e-001
1.199912e+004,-1.196615e-001
1.200297e+004,4.571322e-001
1.200683e+004,1.190288e+000
1.201069e+004,1.977587e+000
1.201454e+004,2.708797e+000
1.201840e+004,3.275737e+000
1.202226e+004,3.587721e+000
1.202612e+004,3.587249e+000
1.202997e+004,3.264017e+000
1.203383e+004,2.663105e+000
1.203769e+004,1.863194e+000
1.204154e+004,1.016586e+000
1.204540e+004,2.700219e-001
1.204926e+004,-2.572374e-001
1.205312e+004,-5.033718e-001
1.205697e+004,-4.782962e-001
1.206083e+004,-2.570193e-001
1.206469e+004,4.580379e-002
1.206854e+004,3.010369e-001
1.207240e+004,4.272595e-001
1.207626e+004,3.835369e-001
1.208011e+004,1.832619e-001
1.208397e+004,-1.189551e-001
1.208783e+004,-4.494537e-001
1.209169e+004,-7.379603e-001
1.209554e+004,-9.335970e-001
1.209940e+004,-1.015329e+000
1.210326e+004,-9.760667e-001
1.210711e+004,-8.379542e-001
1.211097e+004,-6.368284e-001
1.211483e+004,-4.139095e-001
1.211868e+004,-2.069877e-001
1.212254e+004,-4.150236e-002
1.212640e+004,7.695758e-002
1.213025e+004,1.749214e-001
1.213411e+004,2.839478e-001
1.213797e+004,4.532773e-001
1.214183e+004,7.281237e-001
1.214568e+004,1.134715e+000
1.214954e+004,1.670147e+000
1.215340e+004,2.300161e+000
1.215725e+004,2.964833e+000
1.216111e+004,3.601233e+000
1.216497e+004,4.116189e+000
1.216883e+004,4.439267e+000
1.217268e+004,4.517961e+000
1.217654e+004,4.324826e+000
1.218040e+004,3.863269e+000
1.218425e+004,3.170994e+000
1.218811e+004,2.318709e+000
1.219197e+004,1.392765e+000
1.219582e+004,5.057014e-001
1.219968e+004,-2.477785e-001
1.220354e+004,-8.036497e-001
1.220740e+004,-1.137619e+000
1.221125e+004,-1.261160e+000
1.221511e+004,-1.206841e+000
1.221897e+004,-1.010525e+000
1.222282e+004,-7.000020e-001
1.222668e+004,-2.943420e-001
1.223054e+004,1.794667e-001
1.223439e+004,6.731346e-001
1.223825e+004,1.109280e+000
1.224211e+004,1.390824e+000
1.224596e+004,1.428056e+000
1.224982e+004,1.174054e+000
1.225368e+004,6.331598e-001
1.225754e+004,-7.032371e-002
1.226139e+004,-7.642933e-001
1.226525e+004,-1.260271e+000
1.226911e+004,-1.405508e+000
1.227296e+004,-1.123357e+000
1.227682e+004,-4.290071e-001
1.228068e+004,5.813286e-001
1.228454e+004,1.782916e+000
1.228839e+004,2.977849e+000
1.229225e+004,3.993291e+000
1.229611e+004,4.681533e+000
1.229996e+004,4.930661e+000
1.230382e+004,4.675313e+000
1.230768e+004,3.911671e+000
1.231153e+004,2.713328e+000
1.231539e+004,1.227918e+000
1.231925e+004,-3.059298e-001
1.232311e+004,-1.625134e+000
1.232696e+004,-2.494200e+000
1.233082e+004,-2.767137e+000
1.233468e+004,-2.430662e+000
1.233853e+004,-1.611734e+000
1.234239e+004,-5.443398e-001
1.234625e+004,4.918903e-001
1.235010e+004,1.263466e+000
1.235396e+004,1.627494e+000
1.235782e+004,1.561785e+000
1.236167e+004,1.158981e+000
1.236553e+004,5.897670e-001
1.236939e+004,4.888368e-002
1.237325e+004,-2.987351e-001
1.237710e+004,-3.570824e-001
1.238096e+004,-1.268467e-001
1.238482e+004,3.372793e-001
1.238867e+004,9.385657e-001
1.239253e+004,1.569573e+000
1.239639e+004,2.139400e+000
1.240025e+004,2.589758e+000
1.240410e+004,2.897659e+000
1.240796e+004,3.058723e+000
1.241182e+004,3.105540e+000
1.241567e+004,3.060583e+000
1.241953e+004,2.945479e+000
1.242339e+004,2.782517e+000
1.242724e+004,2.598725e+000
1.243110e+004,2.427959e+000
1.243496e+004,2.307840e+000
1.243881e+004,2.264559e+000
1.244267e+004,2.319156e+000
1.244653e+004,2.467535e+000
1.245039e+004,2.683132e+000
1.245424e+004,2.923363e+000
1.245810e+004,3.140985e+000
1.246196e+004,3.295682e+000
1.246581e+004,3.361331e+000
1.246967e+004,3.321064e+000
1.247353e+004,3.181910e+000
1.247738e+004,2.947241e+000
1.248124e+004,2.620338e+000
1.248510e+004,2.205221e+000
1.248896e+004,1.711602e+000
1.249281e+004,1.161026e+000
1.249667e+004,5.905169e-001
1.250053e+004,5.074565e-002
1.250438e+004,-4.005393e-001
1.250824e+004,-7.079760e-001
1.251210e+004,-8.284500e-001
1.251596e+004,-7.389832e-001
1.251981e+004,-4.413533e-001
1.252367e+004,3.660935e-002
1.252753e+004,6.427879e-001
1.253138e+004,1.302765e+000
1.253524e+004,1.938314e+000
1.253910e+004,2.470155e+000
1.254295e+004,2.836018e+000
1.254681e+004,3.004977e+000
1.255067e+004,2.986494e+000
1.255452e+004,2.830071e+000
1.255838e+004,2.614011e+000
1.256224e+004,2.425810e+000
1.256610e+004,2.339051e+000
1.256995e+004,2.395511e+000
1.257381e+004,2.596237e+000
1.257767e+004,2.903945e+000
1.258152e+004,3.254232e+000
1.258538e+004,3.570617e+000
1.258924e+004,3.778578e+000
1.259309e+004,3.813371e+000
1.259695e+004,3.633274e+000
1.260081e+004,3.220538e+000
1.260467e+004,2.587678e+000
1.260852e+004,1.780724e+000
1.261238e+004,8.773388e-001
1.261624e+004,-2.361441e-002
1.262009e+004,-8.215888e-001
1.262395e+004,-1.449639e+000
1.262781e+004,-1.858350e+000
1.263167e+004,-2.066197e+000
1.263552e+004,-2.135350e+000
1.263938e+004,-2.145156e+000
1.264324e+004,-2.158692e+000
1.264709e+004,-2.196272e+000
1.265095e+004,-2.227804e+000
1.265481e+004,-2.183840e+000
1.265866e+004,-1.995954e+000
1.266252e+004,-1.633492e+000
1.266638e+004,-1.128059e+000
1.267023e+004,-5.747126e-001
1.267409e+004,-1.077606e-001
1.267795e+004,1.394651e-001
1.268181e+004,7.551673e-002
1.268566e+004,-3.274166e-001
1.268952e+004,-1.019635e+000
1.269338e+004,-1.882297e+000
1.269723e+004,-2.763790e+000
1.270109e+004,-3.513237e+000
1.270495e+004,-4.008255e+000
1.270880e+004,-4.172844e+000
1.271266e+004,-3.985193e+000
1.271652e+004,-3.462882e+000
1.272038e+004,-2.689944e+000
1.272423e+004,-1.773395e+000
1.272809e+004,-8.249066e-001
1.273195e+004,6.440137e-002
1.273580e+004,8.420132e-001
1.273966e+004,1.496760e+000
1.274352e+004,2.043126e+000
1.274738e+004,2.490532e+000
1.275123e+004,2.824185e+000
1.275509e+004,2.983285e+000
1.275895e+004,2.881246e+000
1.276280e+004,2.446797e+000
1.276666e+004,1.674355e+000
1.277052e+004,6.598465e-001
1.277437e+004,-3.991890e-001
1.277823e+004,-1.242973e+000
1.278209e+004,-1.642369e+000
1.278594e+004,-1.456733e+000
1.278980e+004,-6.937382e-001
1.279366e+004,4.857098e-001
1.279752e+004,1.814276e+000
1.280137e+004,2.999702e+000
1.280523e+004,3.810510e+000
1.280909e+004,4.135276e+000
1.281294e+004,3.990618e+000
1.281680e+004,3.499605e+000
1.282066e+004,2.827220e+000
1.282451e+004,2.118835e+000
1.282837e+004,1.460856e+000
1.283223e+004,8.743147e-001
1.283609e+004,3.367646e-001
1.283994e+004,-2.060504e-001
1.284380e+004,-7.417794e-001
1.284766e+004,-1.247710e+000
1.285151e+004,-1.677519e+000
1.285537e+004,-1.982178e+000
1.285923e+004,-2.130300e+000
1.286308e+004,-2.117423e+000
1.286694e+004,-1.960989e+000
1.287080e+004,-1.686851e+000
1.287466e+004,-1.302490e+000
1.287851e+004,-8.121153e-001
1.288237e+004,-2.135186e-001
1.288623e+004,4.847848e-001
1.289008e+004,1.245463e+000
1.289394e+004,1.993981e+000
1.289780e+004,2.626988e+000
1.290165e+004,3.038661e+000
1.290551e+004,3.146145e+000
1.290937e+004,2.931263e+000
1.291323e+004,2.448720e+000
1.291708e+004,1.813814e+000
1.292094e+004,1.167749e+000
1.292480e+004,6.323076e-001
1.292865e+004,2.708929e-001
1.293251e+004,7.690246e-002
1.293637e+004,-3.104341e-002
1.294022e+004,-1.530415e-001
1.294408e+004,-3.692731e-001
1.294794e+004,-7.034724e-001
1.295180e+004,-1.110827e+000
1.295565e+004,-1.495406e+000
1.295951e+004,-1.749536e+000
1.296337e+004,-1.799813e+000
1.296722e+004,-1.638498e+000
1.297108e+004,-1.314914e+000
1.297494e+004,-9.159770e-001
1.297879e+004,-5.262453e-001
1.298265e+004,-1.905890e-001
1.298651e+004,1.034234e-001
1.299037e+004,4.150130e-001
1.299422e+004,8.051407e-001
1.299808e+004,1.323579e+000
1.300194e+004,1.948968e+000
1.300579e+004,2.591705e+000
1.300965e+004,3.118708e+000
1.301351e+004,3.401034e+000
1.301736e+004,3.366188e+000
1.302122e+004,3.033768e+000
1.302508e+004,2.518518e+000
1.302894e+004,1.996557e+000
1.303279e+004,1.645846e+000
1.303665e+004,1.582518e+000
1.304051e+004,1.816929e+000
1.304436e+004,2.247461e+000
1.304822e+004,2.695860e+000
1.305208e+004,2.971824e+000
1.305593e+004,2.938547e+000
1.305979e+004,2.569470e+000
1.306365e+004,1.955577e+000
1.306751e+004,1.270718e+000
1.307136e+004,7.083553e-001
1.307522e+004,4.151880e-001
1.307908e+004,4.471819e-001
1.308293e+004,7.625289e-001
1.308679e+004,1.246001e+000
1.309065e+004,1.765530e+000
1.309450e+004,2.201743e+000
1.309836e+004,2.479033e+000
1.310222e+004,2.563705e+000
1.310608e+004,2.446129e+000
1.310993e+004,2.123618e+000
1.311379e+004,1.597579e+000
1.311765e+004,8.683196e-001
1.312150e+004,1.231423e-002
1.312536e+004,-8.607612e-001
1.312922e+004,-1.606148e+000
1.313307e+004,-2.081579e+000
1.313693e+004,-2.194703e+000
1.314079e+004,-1.939306e+000
1.314465e+004,-1.403081e+000
1.314850e+004,-7.408453e-001
1.315236e+004,-1.325828e-001
1.315622e+004,2.710173e-001
1.316007e+004,3.823000e-001
1.316393e+004,1.871720e-001
1.316779e+004,-2.642992e-001
1.317164e+004,-8.758653e-001
1.317550e+004,-1.521671e+000
1.317936e+004,-2.062803e+000
1.318322e+004,-2.359077e+000
1.318707e+004,-2.291319e+000
1.319093e+004,-1.794048e+000
1.319479e+004,-8.887670e-001
1.319864e+004,2.992100e-001
1.320250e+004,1.555577e+000
1.320636e+004,2.627042e+000
1.321021e+004,3.284781e+000
1.321407e+004,3.438256e+000
1.321793e+004,3.106784e+000
1.322179e+004,2.437320e+000
1.322564e+004,1.658897e+000
1.322950e+004,1.015576e+000
1.323336e+004,7.025223e-001
1.323721e+004,8.247867e-001
1.324107e+004,1.385422e+000
1.324493e+004,2.292785e+000
1.324878e+004,3.401109e+000
1.325264e+004,4.528378e+000
1.325650e+004,5.482378e+000
1.326036e+004,6.090368e+000
1.326421e+004,6.234389e+000
1.326807e+004,5.886966e+000
1.327193e+004,5.140893e+000
1.327578e+004,4.180624e+000
1.327964e+004,3.255615e+000
1.328350e+004,2.603708e+000
1.328735e+004,2.372438e+000
1.329121e+004,2.565327e+000
1.329507e+004,3.037580e+000
1.329892e+004,3.546375e+000
1.330278e+004,3.837476e+000
1.330664e+004,3.733782e+000
1.331050e+004,3.190706e+000
1.331435e+004,2.298328e+000
1.331821e+004,1.234467e+000
1.332207e+004,1.933245e-001
1.332592e+004,-6.780335e-001
1.332978e+004,-1.311282e+000
1.333364e+004,-1.711926e+000
1.333750e+004,-1.922005e+000
1.334135e+004,-1.995774e+000
1.334521e+004,-1.974253e+000
1.334907e+004,-1.882682e+000
1.335292e+004,-1.738439e+000
1.335678e+004,-1.556631e+000
1.336064e+004,-1.346015e+000
1.336449e+004,-1.087645e+000
1.336835e+004,-7.639778e-001
1.337221e+004,-3.403373e-001
1.337607e+004,1.950818e-001
1.337992e+004,7.983371e-001
1.338378e+004,1.356294e+000
1.338764e+004,1.709140e+000
1.339149e+004,1.707746e+000
1.339535e+004,1.281755e+000
1.339921e+004,4.917660e-001
1.340306e+004,-4.651257e-001
1.340692e+004,-1.317467e+000
1.341078e+004,-1.814915e+000
1.341463e+004,-1.820136e+000
1.341849e+004,-1.356164e+000
1.342235e+004,-5.882496e-001
1.342621e+004,2.502685e-001
1.343006e+004,9.531485e-001
1.343392e+004,1.413985e+000
1.343778e+004,1.646783e+000
1.344163e+004,1.750769e+000
1.344549e+004,1.842184e+000
1.344935e+004,1.988818e+000
1.345321e+004,2.177598e+000
1.345706e+004,2.324236e+000
1.346092e+004,2.328481e+000
1.346478e+004,2.115391e+000
1.346863e+004,1.677607e+000
1.347249e+004,1.085427e+000
1.347635e+004,4.695391e-001
1.348020e+004,-1.332197e-002
1.348406e+004,-2.193212e-001
1.348792e+004,-5.150331e-002
1.349178e+004,5.086339e-001
1.349563e+004,1.402087e+000
1.349949e+004,2.488930e+000
1.350335e+004,3.569257e+000
1.350720e+004,4.423856e+000
1.351106e+004,4.867601e+000
1.351492e+004,4.800008e+000
1.351877e+004,4.251492e+000
1.352263e+004,3.328136e+000
1.352649e+004,2.206471e+000
1.353034e+004,1.066008e+000
1.353420e+004,3.762726e-002
1.353806e+004,-8.186814e-001
1.354192e+004,-1.499327e+000
1.354577e+004,-2.017916e+000
1.354963e+004,-2.365981e+000
1.355349e+004,-2.509404e+000
1.355734e+004,-2.396308e+000
1.356120e+004,-2.010786e+000
1.356506e+004,-1.415706e+000
1.356892e+004,-7.622932e-001
1.357277e+004,-2.526715e-001
1.357663e+004,-6.646544e-002
1.358049e+004,-2.860320e-001
1.358434e+004,-8.453782e-001
1.358820e+004,-1.557666e+000
1.359206e+004,-2.179885e+000
1.359591e+004,-2.505903e+000
1.359977e+004,-2.441017e+000
1.360363e+004,-2.024198e+000
1.360749e+004,-1.389817e+000
1.361134e+004,-6.926296e-001
1.361520e+004,-2.428120e-002
1.361906e+004,6.164128e-001
1.362291e+004,1.305695e+000
1.362677e+004,2.130322e+000
1.363063e+004,3.112718e+000
1.363448e+004,4.165199e+000
1.363834e+004,5.098009e+000
1.364220e+004,5.679786e+000
1.364605e+004,5.723863e+000
1.364991e+004,5.162511e+000
1.365377e+004,4.080017e+000
1.365763e+004,2.692416e+000
1.366148e+004,1.285606e+000
1.366534e+004,1.377883e-001
1.366920e+004,-5.463803e-001
1.367305e+004,-6.729603e-001
1.367691e+004,-2.616349e-001
1.368077e+004,5.712779e-001
1.368463e+004,1.646345e+000
1.368848e+004,2.757811e+000
1.369234e+004,3.710715e+000
1.369620e+004,4.356262e+000
1.370005e+004,4.621273e+000
1.370391e+004,4.523829e+000
1.370777e+004,4.166206e+000
1.371162e+004,3.704368e+000
1.371548e+004,3.295847e+000
1.371934e+004,3.046457e+000
1.372320e+004,2.975735e+000
1.372705e+004,3.015981e+000
1.373091e+004,3.046002e+000
1.373477e+004,2.943357e+000
1.373862e+004,2.639121e+000
1.374248e+004,2.141484e+000
1.374634e+004,1.527957e+000
1.375019e+004,9.094187e-001
1.375405e+004,3.863117e-001
1.375791e+004,1.811582e-002
1.376176e+004,-1.821797e-001
1.376562e+004,-2.314957e-001
1.376948e+004,-1.494521e-001
1.377334e+004,4.848605e-002
1.377719e+004,3.501647e-001
1.378105e+004,7.277463e-001
1.378491e+004,1.119419e+000
1.378876e+004,1.428452e+000
1.379262e+004,1.547125e+000
1.379648e+004,1.404019e+000
1.380033e+004,9.828131e-001
1.380419e+004,3.715227e-001
1.380805e+004,-2.679044e-001
1.381191e+004,-7.517813e-001
1.381576e+004,-9.395750e-001
1.381962e+004,-7.847983e-001
1.382348e+004,-3.512021e-001
1.382733e+004,2.584714e-001
1.383119e+004,8.054547e-001
1.383505e+004,1.122036e+000
1.383891e+004,1.125511e+000
1.384276e+004,8.381585e-001
1.384662e+004,3.728257e-001
1.385048e+004,-1.057672e-001
1.385433e+004,-4.291263e-001
1.385819e+004,-4.171279e-001
1.386205e+004,-3.670016e-002
1.386590e+004,6.622670e-001
1.386976e+004,1.528790e+000
1.387362e+004,2.344957e+000
1.387747e+004,2.880407e+000
1.388133e+004,2.954469e+000
1.388519e+004,2.488308e+000
1.388905e+004,1.515867e+000
1.389290e+004,2.078882e-001
1.389676e+004,-1.193731e+000
1.390062e+004,-2.438711e+000
1.390447e+004,-3.328628e+000
1.390833e+004,-3.754759e+000
1.391219e+004,-3.706941e+000
1.391604e+004,-3.258508e+000
1.391990e+004,-2.589235e+000
1.392376e+004,-1.817651e+000
1.392762e+004,-1.067214e+000
1.393147e+004,-4.383152e-001
1.393533e+004,1.029563e-002
1.393919e+004,2.757651e-001
1.394304e+004,4.141093e-001
1.394690e+004,5.256858e-001
1.395076e+004,6.968051e-001
1.395462e+004,1.026132e+000
1.395847e+004,1.535995e+000
1.396233e+004,2.180110e+000
1.396619e+004,2.852420e+000
1.397004e+004,3.416508e+000
1.397390e+004,3.745311e+000
1.397776e+004,3.757355e+000
1.398161e+004,3.452423e+000
1.398547e+004,2.882892e+000
1.398933e+004,2.146600e+000
1.399318e+004,1.365558e+000
1.399704e+004,6.600888e-001
1.400090e+004,1.261784e-001
1.400476e+004,-1.810123e-001
1.400861e+004,-2.557463e-001
1.401247e+004,-1.388704e-001
1.401633e+004,8.494121e-002
1.402018e+004,3.218368e-001
1.402404e+004,4.879136e-001
1.402790e+004,5.330682e-001
1.403175e+004,4.544251e-001
1.403561e+004,2.932823e-001
1.403947e+004,1.156712e-001
1.404333e+004,-1.578223e-002
1.404718e+004,-6.915664e-002
1.405104e+004,-5.201467e-002
1.405490e+004,-5.078025e-003
1.405875e+004,1.929536e-002
1.406261e+004,-1.788448e-002
1.406647e+004,-1.257955e-001
1.407032e+004,-2.827664e-001
1.407418e+004,-4.485402e-001
1.407804e+004,-5.814391e-001
1.408190e+004,-6.483877e-001
1.408575e+004,-6.232622e-001
1.408961e+004,-4.763837e-001
1.409347e+004,-1.659161e-001
1.409732e+004,3.574257e-001
1.410118e+004,1.127981e+000
1.410504e+004,2.141674e+000
1.410889e+004,3.299844e+000
1.411275e+004,4.433304e+000
1.411661e+004,5.325843e+000
1.412047e+004,5.773285e+000
1.412432e+004,5.648893e+000
1.412818e+004,4.947986e+000
1.413204e+004,3.791756e+000
1.413589e+004,2.369867e+000
1.413975e+004,9.250008e-001
1.414361e+004,-3.581334e-001
1.414746e+004,-1.381902e+000
1.415132e+004,-2.133612e+000
1.415518e+004,-2.649643e+000
1.415904e+004,-2.969042e+000
1.416289e+004,-3.102531e+000
1.416675e+004,-3.031491e+000
1.417061e+004,-2.728740e+000
1.417446e+004,-2.208356e+000
1.417832e+004,-1.538482e+000
1.418218e+004,-8.312514e-001
1.418603e+004,-2.057176e-001
1.418989e+004,2.570450e-001
1.419375e+004,5.423432e-001
1.419761e+004,6.996275e-001
1.420146e+004,8.013600e-001
1.420532e+004,9.074192e-001
1.420918e+004,1.027230e+000
1.421303e+004,1.118315e+000
1.421689e+004,1.116754e+000
1.422075e+004,9.818091e-001
1.422460e+004,7.290445e-001
1.422846e+004,4.301052e-001
1.423232e+004,1.898832e-001
1.423618e+004,9.128571e-002
1.424003e+004,1.583748e-001
1.424389e+004,3.473655e-001
1.424775e+004,5.723857e-001
1.425160e+004,7.519014e-001
1.425546e+004,8.506843e-001
1.425932e+004,8.957864e-001
1.426317e+004,9.536240e-001
1.426703e+004,1.091197e+000
1.427089e+004,1.332332e+000
1.427475e+004,1.638139e+000
1.427860e+004,1.920899e+000
1.428246e+004,2.084306e+000
1.428632e+004,2.069419e+000
1.429017e+004,1.882061e+000
1.429403e+004,1.592945e+000
1.429789e+004,1.301403e+000
1.430174e+004,1.092936e+000
1.430560e+004,1.003172e+000
1.430946e+004,1.005775e+000
1.431332e+004,1.027728e+000
1.431717e+004,9.826087e-001
1.432103e+004,8.055872e-001
1.432489e+004,4.776729e-001
1.432874e+004,2.104668e-002
1.433260e+004,-5.128153e-001
1.433646e+004,-1.063146e+000
1.434031e+004,-1.575105e+000
1.434417e+004,-2.004567e+000
1.434803e+004,-2.313809e+000
1.435189e+004,-2.463951e+000
1.435574e+004,-2.417681e+000
1.435960e+004,-2.137265e+000
1.436346e+004,-1.599862e+000
1.436731e+004,-8.110376e-001
1.437117e+004,1.871726e-001
1.437503e+004,1.317847e+000
1.437888e+004,2.480286e+000
1.438274e+004,3.561857e+000
1.438660e+004,4.471479e+000
1.439046e+004,5.133755e+000
1.439431e+004,5.500413e+000
1.439817e+004,5.551550e+000
1.440203e+004,5.295272e+000
1.440588e+004,4.768155e+000
1.440974e+004,4.036532e+000
1.441360e+004,3.198152e+000
1.441745e+004,2.368448e+000
1.442131e+004,1.671515e+000
1.442517e+004,1.213926e+000
1.442903e+004,1.056563e+000
1.443288e+004,1.191715e+000
1.443674e+004,1.535520e+000
1.444060e+004,1.942615e+000
1.444445e+004,2.242932e+000
1.444831e+004,2.291084e+000
1.445217e+004,2.013802e+000
1.445602e+004,1.436714e+000
1.445988e+004,6.789027e-001
1.446374e+004,-8.578798e-002
1.446760e+004,-6.886984e-001
1.447145e+004,-1.025973e+000
1.447531e+004,-1.093898e+000
1.447917e+004,-9.891436e-001
1.448302e+004,-8.663388e-001
1.448688e+004,-8.732976e-001
1.449074e+004,-1.088256e+000
1.449459e+004,-1.484495e+000
1.449845e+004,-1.936543e+000
1.450231e+004,-2.265198e+000
1.450617e+004,-2.301738e+000
1.451002e+004,-1.950107e+000
1.451388e+004,-1.219306e+000
1.451774e+004,-2.186693e-001
1.452159e+004,8.784412e-001
1.452545e+004,1.884892e+000
1.452931e+004,2.643996e+000
1.453316e+004,3.054384e+000
1.453702e+004,3.074704e+000
1.454088e+004,2.712084e+000
1.454474e+004,2.010427e+000
1.454859e+004,1.045185e+000
1.455245e+004,-7.692540e-002
1.455631e+004,-1.219893e+000
1.456016e+004,-2.230480e+000
1.456402e+004,-2.963562e+000
1.456788e+004,-3.312721e+000
1.457173e+004,-3.259067e+000
1.457559e+004,-2.844768e+000
1.457945e+004,-2.173880e+000
1.458331e+004,-1.378510e+000
1.458716e+004,-5.782117e-001
1.459102e+004,1.507448e-001
1.459488e+004,7.838584e-001
1.459873e+004,1.313138e+000
1.460259e+004,1.783712e+000
1.460645e+004,2.191109e+000
1.461030e+004,2.493072e+000
1.461416e+004,2.617626e+000
1.461802e+004,2.489370e+000
1.462188e+004,2.062373e+000
1.462573e+004,1.345403e+000
1.462959e+004,4.296619e-001
1.463345e+004,-5.856907e-001
1.463730e+004,-1.568891e+000
1.464116e+004,-2.400482e+000
1.464502e+004,-2.998186e+000
1.464887e+004,-3.329041e+000
1.465273e+004,-3.407732e+000
1.465659e+004,-3.284532e+000
1.466045e+004,-3.029084e+000
1.466430e+004,-2.711634e+000
1.466816e+004,-2.389396e+000
1.467202e+004,-2.098230e+000
1.467587e+004,-1.849303e+000
1.467973e+004,-1.631730e+000
1.468359e+004,-1.420931e+000
1.468744e+004,-1.190929e+000
1.469130e+004,-9.232343e-001
1.469516e+004,-6.248819e-001
1.469902e+004,-3.169180e-001
1.470287e+004,-2.558708e-002
1.470673e+004,2.360040e-001
1.471059e+004,4.843073e-001
1.471444e+004,7.703949e-001
1.471830e+004,1.167626e+000
1.472216e+004,1.750999e+000
1.472601e+004,2.538602e+000
1.472987e+004,3.484696e+000
1.473373e+004,4.466824e+000
1.473758e+004,5.308653e+000
1.474144e+004,5.827443e+000
1.474530e+004,5.891141e+000
1.474916e+004,5.464778e+000
1.475301e+004,4.624085e+000
1.475687e+004,3.548594e+000
1.476073e+004,2.466642e+000
1.476458e+004,1.591179e+000
1.476844e+004,1.063029e+000
1.477230e+004,9.197375e-001
1.477616e+004,1.097923e+000
1.478001e+004,1.464783e+000
1.478387e+004,1.863504e+000
1.478773e+004,2.161163e+000
1.479158e+004,2.276466e+000
1.479544e+004,2.190383e+000
1.479930e+004,1.936606e+000
1.480315e+004,1.581608e+000
1.480701e+004,1.203519e+000
1.481087e+004,8.760033e-001
1.481472e+004,6.536456e-001
1.481858e+004,5.837530e-001
1.482244e+004,6.845214e-001
1.482630e+004,9.470149e-001
1.483015e+004,1.332344e+000
1.483401e+004,1.773046e+000
1.483787e+004,2.181548e+000
1.484172e+004,2.466193e+000
1.484558e+004,2.550119e+000
1.484944e+004,2.394549e+000
1.485329e+004,2.007764e+000
1.485715e+004,1.445269e+000
1.486101e+004,7.958398e-001
1.486487e+004,1.583979e-001
1.486872e+004,-3.830454e-001
1.487258e+004,-7.784153e-001
1.487644e+004,-1.017790e+000
1.488029e+004,-1.125603e+000
1.488415e+004,-1.144798e+000
1.488801e+004,-1.113696e+000
1.489187e+004,-1.048232e+000
1.489572e+004,-9.349024e-001
1.489958e+004,-7.369710e-001
1.490344e+004,-4.113263e-001
1.490729e+004,7.742786e-002
1.491115e+004,7.216429e-001
1.491501e+004,1.481992e+000
1.491886e+004,2.290006e+000
1.492272e+004,3.065418e+000
1.492658e+004,3.735505e+000
1.493043e+004,4.248277e+000
1.493429e+004,4.574715e+000
1.493815e+004,4.700487e+000
1.494201e+004,4.612640e+000
1.494586e+004,4.300811e+000
1.494972e+004,3.759907e+000
1.495358e+004,3.007428e+000
1.495743e+004,2.103844e+000
1.496129e+004,1.163312e+000
1.496515e+004,3.436540e-001
1.496900e+004,-1.913090e-001
1.497286e+004,-3.048932e-001
1.497672e+004,4.252997e-002
1.498058e+004,7.753314e-001
1.498443e+004,1.714449e+000
1.498829e+004,2.627014e+000
1.499215e+004,3.298290e+000
1.499600e+004,3.599739e+000
1.499986e+004,3.524216e+000
