#	z_max	A_0	V_L	D_min	D_max	M_min	M_max
3.87797e-09	2.57492e-15	6.35732e-24	4.88281e-08	8.40071e-08	4.35309e-08	7.85263e-08
5.90142e-09	1.71661e-15	5.31678e-24	3.90625e-08	5.69429e-08	3.84096e-08	5.29199e-08
3.84574e-09	1.14441e-15	2.4804e-24	3.90625e-08	4.88281e-08	3.07277e-08	4.5238e-08
4.89576e-09	1.52588e-15	4.25575e-24	2.92969e-08	6.17632e-08	2.90206e-08	5.88947e-08
2.87169e-09	1.90735e-16	2.9448e-25	9.76562e-09	2.18366e-08	9.38902e-09	2.13387e-08
4.93093e-09	1.81198e-15	5.59693e-24	3.90625e-08	6.25305e-08	3.84096e-08	6.14554e-08
4.55248e-09	1.04904e-15	3.09958e-24	2.92969e-08	4.88281e-08	2.98741e-08	4.69451e-08
5.15471e-09	1.23978e-15	3.83723e-24	2.92969e-08	5.25895e-08	2.90206e-08	5.03593e-08
3.86862e-09	1.43051e-15	3.65972e-24	3.90625e-08	5.52427e-08	3.92632e-08	5.54805e-08
4.4734e-09	1.33514e-15	4.53259e-24	2.92969e-08	5.69429e-08	2.90206e-08	5.63341e-08
4.08436e-09	1.14441e-15	3.40214e-24	2.92969e-08	4.88281e-08	2.98741e-08	4.86522e-08
5.01935e-09	6.67572e-16	1.82478e-24	1.95312e-08	4.36732e-08	1.96316e-08	4.26773e-08
5.65924e-09	1.52588e-15	4.34079e-24	3.90625e-08	5.69429e-08	3.92632e-08	5.4627e-08
2.84449e-09	2.86102e-16	4.32396e-25	9.76562e-09	3.08816e-08	9.38902e-09	2.98741e-08
3.16327e-09	2.86102e-16	5.50039e-25	9.76562e-09	3.08816e-08	9.38902e-09	2.98741e-08
4.51991e-09	3.8147e-16	9.87227e-25	9.76562e-09	4.02647e-08	9.38902e-09	4.01167e-08
5.43553e-09	5.72205e-16	1.2603e-24	1.95312e-08	4.02647e-08	1.96316e-08	3.84096e-08
5.58071e-09	2.57492e-15	8.49781e-24	4.88281e-08	7.04209e-08	4.95057e-08	6.91373e-08
3.97304e-09	6.67572e-16	1.57722e-24	1.95312e-08	4.36732e-08	1.96316e-08	4.26773e-08
4.4086e-09	1.71661e-15	4.42997e-24	3.90625e-08	6.25305e-08	3.67025e-08	6.23089e-08
5.04851e-09	1.33514e-15	3.18075e-24	3.90625e-08	4.88281e-08	3.84096e-08	4.5238e-08
4.62885e-09	2.28882e-15	5.84052e-24	4.88281e-08	6.55098e-08	4.01167e-08	6.4016e-08
5.11245e-09	1.52588e-15	3.9091e-24	3.90625e-08	5.69429e-08	2.90206e-08	5.54805e-08
4.01999e-09	5.72205e-16	1.52443e-24	1.95312e-08	4.02647e-08	1.96316e-08	3.84096e-08
3.21935e-09	1.90735e-16	3.96134e-25	9.76562e-09	2.18366e-08	9.38902e-09	2.13387e-08
2.17111e-09	9.53674e-17	9.81985e-26	9.76562e-09	1.38107e-08	9.38902e-09	1.45103e-08
4.53523e-09	7.62939e-16	2.20689e-24	1.95312e-08	4.97951e-08	1.96316e-08	4.86522e-08
6.03116e-09	7.62939e-16	2.07677e-24	1.95312e-08	4.97951e-08	1.96316e-08	4.86522e-08
3.2385e-09	1.90735e-16	2.50206e-25	9.76562e-09	2.18366e-08	9.38902e-09	2.13387e-08
4.49749e-09	1.52588e-15	2.34085e-24	4.80405e-08	5.25895e-08	3.67025e-08	5.12128e-08
4.72332e-09	1.90735e-15	4.81001e-24	4.88281e-08	6.25305e-08	4.09703e-08	5.97483e-08
5.3729e-09	5.72205e-16	3.27134e-25	2.76214e-08	4.1432e-08	1.96316e-08	3.49954e-08
4.49009e-09	1.33514e-15	3.14645e-24	3.90625e-08	5.25895e-08	3.41419e-08	5.12128e-08
4.99637e-09	1.04904e-15	2.7282e-24	2.92969e-08	4.88281e-08	2.98741e-08	4.69451e-08
4.52575e-09	1.14441e-15	2.40055e-24	3.90625e-08	4.88281e-08	2.98741e-08	4.5238e-08
3.92276e-09	1.14441e-15	2.23158e-24	3.90625e-08	4.88281e-08	3.07277e-08	4.5238e-08
4.13902e-09	1.43051e-15	2.99286e-24	3.90625e-08	5.25895e-08	3.41419e-08	5.03593e-08
3.58069e-09	1.81198e-15	3.59158e-24	4.88281e-08	5.69429e-08	4.09703e-08	5.4627e-08
4.74706e-09	2.95639e-15	7.83294e-24	4.88281e-08	7.8733e-08	4.95057e-08	7.42586e-08
5.02969e-09	1.52588e-15	3.73835e-24	3.90625e-08	5.25895e-08	3.67025e-08	5.03593e-08
4.88787e-09	2.09808e-15	5.72377e-24	4.88281e-08	6.25305e-08	4.18238e-08	5.71876e-08
4.96685e-09	1.04904e-15	2.58021e-24	3.90625e-08	4.97951e-08	2.47529e-08	4.86522e-08
3.92652e-09	1.52588e-15	3.76665e-24	3.90625e-08	5.25895e-08	3.67025e-08	5.03593e-08
4.15148e-09	1.14441e-15	2.30328e-24	3.90625e-08	4.88281e-08	3.07277e-08	4.86522e-08
1.44764e-09	9.53674e-17	-7.53715e-27	9.76562e-09	1.38107e-08	9.38902e-09	1.45103e-08
4.00985e-09	7.62939e-16	1.47334e-24	2.92969e-08	4.1432e-08	2.8167e-08	4.18238e-08
4.54788e-09	1.81198e-15	4.55027e-24	4.88281e-08	5.69429e-08	4.09703e-08	5.4627e-08
4.35776e-09	1.33514e-15	2.7852e-24	3.90625e-08	5.25895e-08	3.41419e-08	5.12128e-08
3.50613e-09	4.76837e-16	3.72565e-25	2.0716e-08	4.1432e-08	1.36568e-08	3.75561e-08
5.48931e-09	2.38419e-15	7.3853e-24	5.52427e-08	6.55098e-08	4.86522e-08	6.31625e-08
4.55919e-09	1.71661e-15	4.54175e-24	3.90625e-08	5.69429e-08	3.84096e-08	5.20664e-08
5.17268e-09	1.62125e-15	4.47353e-24	3.90625e-08	5.69429e-08	3.75561e-08	5.29199e-08
4.00779e-09	1.43051e-15	3.00341e-24	3.90625e-08	5.52427e-08	3.92632e-08	5.54805e-08
5.43229e-09	1.23978e-15	2.70172e-24	3.90625e-08	5.52427e-08	3.24348e-08	4.86522e-08
4.17421e-09	9.53674e-17	1.55374e-26	9.76562e-09	1.38107e-08	9.38902e-09	1.45103e-08
3.77253e-09	8.58307e-16	2.00706e-24	2.92969e-08	4.1432e-08	2.98741e-08	4.18238e-08
5.48874e-09	2.09808e-15	5.98035e-24	4.88281e-08	6.17632e-08	4.69451e-08	6.06018e-08
4.92807e-09	2.19345e-15	5.62756e-24	4.88281e-08	6.25305e-08	4.86522e-08	5.80412e-08
5.24417e-09	1.62125e-15	4.2217e-24	4.83374e-08	5.25895e-08	3.75561e-08	5.03593e-08
4.8508e-09	1.43051e-15	4.17486e-24	3.90625e-08	5.25895e-08	3.75561e-08	5.03593e-08
4.48376e-09	1.33514e-15	2.25252e-24	3.90625e-08	5.25895e-08	3.41419e-08	5.12128e-08
9.92451e-10	9.53674e-17	-2.33518e-26	9.76562e-09	1.38107e-08	9.38902e-09	1.45103e-08
4.86003e-09	1.52588e-15	4.09092e-24	3.90625e-08	5.25895e-08	3.67025e-08	5.03593e-08
1.81424e-10	9.53674e-17	-1.08052e-25	9.76562e-09	1.38107e-08	9.38902e-09	1.45103e-08
4.15928e-09	1.33514e-15	3.11717e-24	3.90625e-08	4.88281e-08	3.84096e-08	4.5238e-08
3.27338e-09	1.71661e-15	3.80725e-24	4.80405e-08	6.25305e-08	3.41419e-08	5.97483e-08
4.28397e-09	1.04904e-15	2.02898e-24	3.90625e-08	4.36732e-08	3.15812e-08	4.18238e-08
2.90677e-09	9.53674e-17	2.75836e-26	9.76562e-09	1.38107e-08	9.38902e-09	1.45103e-08
5.57378e-09	1.81198e-15	5.58977e-24	4.88281e-08	5.69429e-08	4.26773e-08	5.37735e-08
4.36039e-09	6.67572e-16	9.98737e-25	2.76214e-08	4.1432e-08	1.45103e-08	4.18238e-08
4.52221e-09	1.04904e-15	2.4367e-24	2.92969e-08	4.88281e-08	2.98741e-08	4.69451e-08
4.78969e-09	5.72205e-16	1.6309e-24	1.95312e-08	3.52105e-08	1.96316e-08	3.32883e-08
3.4049e-09	1.14441e-15	2.63304e-24	2.92969e-08	4.88281e-08	2.98741e-08	4.86522e-08
5.12478e-09	1.62125e-15	3.32434e-24	4.83374e-08	5.25895e-08	3.75561e-08	5.03593e-08
4.70779e-09	1.52588e-15	4.67596e-24	3.90625e-08	5.52427e-08	3.84096e-08	5.54805e-08
4.45239e-09	1.23978e-15	3.16887e-24	3.90625e-08	4.88281e-08	2.98741e-08	4.69451e-08
5.24688e-09	2.57492e-15	7.51503e-24	5.85937e-08	6.55098e-08	4.95057e-08	6.4016e-08
5.32157e-09	1.43051e-15	3.48975e-24	4.1432e-08	5.25895e-08	3.32883e-08	5.03593e-08
5.13052e-09	1.43051e-15	3.8585e-24	3.90625e-08	5.25895e-08	3.75561e-08	5.03593e-08
4.57344e-09	1.62125e-15	3.96554e-24	3.90625e-08	5.69429e-08	3.75561e-08	5.29199e-08
6.13949e-09	2.19345e-15	6.45163e-24	4.88281e-08	6.25305e-08	4.86522e-08	5.80412e-08
3.66996e-10	9.53674e-17	-5.68937e-26	9.76562e-09	1.38107e-08	9.38902e-09	1.45103e-08
4.37945e-09	1.23978e-15	3.27396e-24	3.90625e-08	4.88281e-08	3.15812e-08	4.5238e-08
3.98975e-09	1.14441e-15	2.55782e-24	3.90625e-08	4.36732e-08	2.8167e-08	4.18238e-08
4.31909e-09	8.58307e-16	2.50339e-24	2.92969e-08	4.1432e-08	2.98741e-08	4.18238e-08
5.20646e-09	1.90735e-15	5.13559e-24	4.88281e-08	5.69429e-08	4.5238e-08	5.54805e-08
3.96414e-09	9.53674e-16	2.23468e-24	2.92969e-08	4.36732e-08	2.98741e-08	4.09703e-08
5.87292e-09	2.09808e-15	5.14098e-24	4.88281e-08	6.17632e-08	4.18238e-08	5.88947e-08
4.09105e-09	1.71661e-15	3.46155e-24	4.83374e-08	5.69429e-08	3.75561e-08	5.20664e-08
4.83295e-09	9.53674e-16	1.77456e-24	3.90625e-08	4.88281e-08	2.90206e-08	4.26773e-08
5.63171e-09	2.47955e-15	5.25427e-24	4.88281e-08	7.43728e-08	4.86522e-08	6.99908e-08
4.92789e-09	1.62125e-15	4.49344e-24	3.90625e-08	5.69429e-08	3.75561e-08	5.29199e-08
5.52931e-09	1.81198e-15	4.2454e-24	4.83374e-08	5.69429e-08	4.09703e-08	5.37735e-08
2.82172e-09	7.62939e-16	1.14182e-24	2.92969e-08	4.1432e-08	2.8167e-08	4.18238e-08
4.89517e-09	1.71661e-15	4.34988e-24	3.90625e-08	6.25305e-08	3.67025e-08	6.23089e-08
4.33301e-09	1.14441e-15	2.00344e-24	3.90625e-08	4.36732e-08	2.8167e-08	4.18238e-08
4.14493e-09	2.00272e-15	5.17504e-24	4.88281e-08	6.25305e-08	4.43844e-08	5.80412e-08
5.14207e-09	1.62125e-15	4.34273e-24	4.83374e-08	5.25895e-08	3.75561e-08	5.03593e-08
5.02007e-09	2.09808e-15	5.57894e-24	4.88281e-08	7.04209e-08	3.92632e-08	6.82838e-08
3.47654e-09	2.19345e-15	4.53382e-24	4.88281e-08	6.25305e-08	4.77986e-08	5.88947e-08
4.11035e-09	2.19345e-15	5.38292e-24	4.88281e-08	6.55098e-08	4.09703e-08	6.31625e-08
5.01459e-09	2.19345e-15	6.35354e-24	4.88281e-08	6.25305e-08	4.86522e-08	5.80412e-08
3.69433e-09	5.72205e-16	8.72482e-25	2.76214e-08	3.52105e-08	2.04851e-08	3.15812e-08
3.6065e-09	1.04904e-15	1.7081e-24	3.90625e-08	4.36732e-08	3.15812e-08	4.18238e-08
4.77775e-09	1.43051e-15	3.09044e-24	3.90625e-08	5.52427e-08	3.92632e-08	5.54805e-08
6.82788e-09	2.95639e-15	9.15863e-24	5.85937e-08	7.43728e-08	5.03593e-08	7.25515e-08
4.05893e-09	1.52588e-15	3.35459e-24	3.90625e-08	5.25895e-08	3.67025e-08	5.03593e-08
4.94563e-09	2.19345e-15	5.85779e-24	4.88281e-08	6.55098e-08	4.18238e-08	5.88947e-08
5.45225e-09	2.19345e-15	5.0976e-24	4.88281e-08	6.25305e-08	4.86522e-08	6.14554e-08
4.97115e-09	2.09808e-15	5.24201e-24	4.88281e-08	6.25305e-08	4.01167e-08	5.97483e-08
4.09924e-09	1.52588e-15	4.05271e-24	3.90625e-08	5.52427e-08	3.84096e-08	5.54805e-08
5.10793e-09	1.81198e-15	4.48073e-24	4.83374e-08	5.69429e-08	4.09703e-08	5.37735e-08
5.66216e-09	2.28882e-15	6.61847e-24	5.52427e-08	6.55098e-08	4.01167e-08	6.4016e-08
6.12108e-09	2.28882e-15	6.46647e-24	4.88281e-08	6.55098e-08	4.01167e-08	6.4016e-08
5.10453e-09	1.23978e-15	2.90499e-24	3.90625e-08	4.88281e-08	2.98741e-08	4.69451e-08
5.1844e-09	2.00272e-15	4.45979e-24	4.88281e-08	6.55098e-08	3.92632e-08	6.31625e-08
3.9209e-09	6.67572e-16	1.06666e-24	2.92969e-08	3.52105e-08	2.47529e-08	3.41419e-08
3.67751e-09	1.33514e-15	2.60186e-24	3.90625e-08	4.88281e-08	3.84096e-08	4.5238e-08
4.95352e-09	2.09808e-15	4.95175e-24	5.52427e-08	6.17632e-08	4.5238e-08	6.06018e-08
5.20743e-09	1.71661e-15	4.39883e-24	4.83374e-08	5.69429e-08	3.92632e-08	5.54805e-08
4.24359e-09	1.62125e-15	3.40874e-24	3.90625e-08	5.69429e-08	3.75561e-08	5.29199e-08
3.04082e-09	2.86102e-16	3.78405e-25	1.95312e-08	2.76214e-08	1.36568e-08	2.47529e-08
4.87841e-09	1.33514e-15	3.50019e-24	3.90625e-08	4.88281e-08	3.84096e-08	4.5238e-08
5.42802e-09	1.43051e-15	3.52764e-24	3.90625e-08	5.52427e-08	3.92632e-08	5.54805e-08
5.40953e-09	2.28882e-15	6.1362e-24	4.88281e-08	6.55098e-08	4.01167e-08	6.4016e-08
4.68022e-09	1.71661e-15	3.93256e-24	3.90625e-08	5.69429e-08	3.84096e-08	5.29199e-08
4.60375e-09	5.72205e-16	4.63635e-25	2.76214e-08	4.1432e-08	1.96316e-08	3.49954e-08
5.0955e-09	1.33514e-15	3.68391e-24	3.90625e-08	4.88281e-08	3.84096e-08	4.5238e-08
5.09992e-09	1.43051e-15	3.42228e-24	3.90625e-08	5.25895e-08	3.75561e-08	5.03593e-08
5.76922e-09	2.47955e-15	6.12692e-24	5.85937e-08	6.55098e-08	4.86522e-08	6.31625e-08
5.10005e-09	1.90735e-15	4.89957e-24	4.88281e-08	6.17632e-08	3.92632e-08	6.06018e-08
5.03994e-09	1.33514e-15	2.98177e-24	3.90625e-08	4.97951e-08	3.67025e-08	4.86522e-08
3.72663e-09	6.67572e-16	1.26341e-24	2.92969e-08	3.52105e-08	2.47529e-08	3.41419e-08
3.59249e-09	9.53674e-16	1.88872e-24	2.92969e-08	4.36732e-08	2.90206e-08	4.01167e-08
4.80371e-09	1.71661e-15	4.6299e-24	4.83374e-08	5.69429e-08	3.75561e-08	5.20664e-08
4.76052e-09	1.71661e-15	3.36387e-24	4.80405e-08	5.69429e-08	3.32883e-08	5.54805e-08
5.12224e-09	1.62125e-15	3.37053e-24	4.80405e-08	5.69429e-08	3.84096e-08	5.29199e-08
5.23487e-09	2.00272e-15	4.72178e-24	4.88281e-08	6.25305e-08	4.18238e-08	5.80412e-08
4.42241e-09	5.72205e-16	5.7037e-25	2.76214e-08	4.1432e-08	1.96316e-08	3.49954e-08
3.83514e-09	8.58307e-16	1.79106e-24	2.92969e-08	4.1432e-08	2.98741e-08	4.18238e-08
4.7462e-09	1.33514e-15	3.20459e-24	3.90625e-08	4.88281e-08	3.84096e-08	4.5238e-08
4.53671e-09	2.28882e-15	5.94931e-24	4.88281e-08	7.04209e-08	3.92632e-08	6.82838e-08
5.30702e-09	1.33514e-15	3.00432e-24	3.90625e-08	5.25895e-08	3.32883e-08	5.03593e-08
4.86971e-09	1.62125e-15	3.96626e-24	3.90625e-08	5.69429e-08	3.75561e-08	5.29199e-08
4.80818e-09	1.52588e-15	3.43233e-24	3.90625e-08	5.25895e-08	3.67025e-08	5.03593e-08
4.5459e-09	1.81198e-15	4.29874e-24	4.88281e-08	5.69429e-08	4.26773e-08	5.37735e-08
3.60317e-09	6.67572e-16	1.11496e-24	1.95312e-08	4.36732e-08	1.96316e-08	4.26773e-08
5.55255e-09	1.90735e-15	4.97309e-24	4.83374e-08	6.17632e-08	3.92632e-08	5.88947e-08
3.72854e-09	7.62939e-16	1.40739e-24	2.92969e-08	4.1432e-08	2.8167e-08	4.18238e-08
4.3939e-09	1.23978e-15	3.32767e-24	2.92969e-08	5.25895e-08	2.90206e-08	5.03593e-08
5.41592e-09	2.19345e-15	5.71643e-24	4.88281e-08	6.25305e-08	4.77986e-08	5.88947e-08
5.07369e-09	1.43051e-15	3.23887e-24	4.36732e-08	5.25895e-08	2.98741e-08	5.03593e-08
3.22153e-09	9.53674e-17	1.12536e-25	9.76562e-09	1.38107e-08	9.38902e-09	1.45103e-08
3.37905e-09	9.53674e-16	2.02183e-24	2.92969e-08	4.36732e-08	2.98741e-08	4.09703e-08
4.19942e-09	8.58307e-16	2.27968e-24	2.92969e-08	4.1432e-08	2.98741e-08	4.18238e-08
4.24319e-09	1.14441e-15	2.63714e-24	2.92969e-08	4.88281e-08	2.98741e-08	4.86522e-08
2.41799e-09	1.90735e-16	1.95853e-25	9.76562e-09	2.18366e-08	9.38902e-09	2.13387e-08
4.80511e-09	1.62125e-15	3.95894e-24	3.90625e-08	5.69429e-08	3.75561e-08	5.29199e-08
5.21317e-09	1.81198e-15	4.70518e-24	4.83374e-08	5.69429e-08	4.09703e-08	5.37735e-08
4.76118e-09	2.38419e-15	6.3344e-24	4.88281e-08	6.55098e-08	4.95057e-08	6.31625e-08
4.85945e-09	1.33514e-15	3.10437e-24	3.90625e-08	4.88281e-08	3.84096e-08	4.5238e-08
3.24411e-09	4.76837e-16	8.38172e-25	1.95312e-08	3.52105e-08	1.96316e-08	3.32883e-08
6.5426e-09	1.90735e-15	5.93173e-24	4.88281e-08	6.25305e-08	4.09703e-08	5.97483e-08
4.74297e-09	1.33514e-15	2.92486e-24	3.90625e-08	5.52427e-08	2.98741e-08	5.12128e-08
5.86072e-09	1.04904e-15	2.36679e-24	2.92969e-08	4.97951e-08	2.98741e-08	4.86522e-08
5.41758e-09	1.71661e-15	4.33449e-24	4.83374e-08	5.69429e-08	3.92632e-08	5.29199e-08
4.93806e-09	1.14441e-15	2.86289e-24	2.92969e-08	5.25895e-08	2.98741e-08	4.86522e-08
5.29261e-09	2.28882e-15	6.59922e-24	4.88281e-08	6.90534e-08	4.86522e-08	6.91373e-08
5.22337e-09	1.81198e-15	4.07978e-24	4.88281e-08	5.69429e-08	4.09703e-08	5.4627e-08
4.86379e-09	2.09808e-15	5.63976e-24	4.88281e-08	6.25305e-08	4.18238e-08	5.71876e-08
5.44391e-09	7.62939e-16	1.79979e-24	2.92969e-08	4.36732e-08	2.21922e-08	4.09703e-08
4.20426e-09	1.23978e-15	2.77104e-24	3.90625e-08	4.88281e-08	3.15812e-08	4.5238e-08
4.40954e-09	6.67572e-16	1.13255e-24	2.76214e-08	4.1432e-08	1.45103e-08	4.18238e-08
5.70725e-09	2.09808e-15	5.85293e-24	4.88281e-08	6.25305e-08	4.18238e-08	5.71876e-08
5.89269e-09	2.00272e-15	5.07445e-24	4.88281e-08	5.69429e-08	4.18238e-08	5.71876e-08
4.97654e-09	1.14441e-15	2.23531e-24	3.70579e-08	5.25895e-08	2.73135e-08	5.12128e-08
4.65683e-09	1.33514e-15	2.45869e-24	3.90625e-08	5.25895e-08	3.41419e-08	5.12128e-08
5.02245e-09	1.33514e-15	3.63685e-24	3.90625e-08	4.88281e-08	3.84096e-08	4.5238e-08
5.42105e-09	2.86102e-15	6.76804e-24	4.88281e-08	8.73464e-08	4.77986e-08	8.45011e-08
5.19987e-09	2.28882e-15	6.48881e-24	4.88281e-08	6.55098e-08	4.86522e-08	5.97483e-08
3.89665e-09	7.62939e-16	1.35252e-24	2.92969e-08	4.88281e-08	1.96316e-08	4.26773e-08
4.24801e-09	7.62939e-16	6.3991e-25	2.76214e-08	4.88281e-08	2.04851e-08	4.5238e-08
5.07546e-09	1.52588e-15	3.30952e-24	4.80405e-08	5.25895e-08	3.67025e-08	5.12128e-08
6.26922e-09	2.09808e-15	6.42402e-24	4.88281e-08	6.17632e-08	4.18238e-08	5.88947e-08
5.65089e-09	2.19345e-15	6.04064e-24	4.88281e-08	6.25305e-08	4.77986e-08	5.88947e-08
4.1316e-09	1.71661e-15	4.385e-24	3.90625e-08	6.17632e-08	3.84096e-08	6.06018e-08
5.27847e-09	1.90735e-15	4.59231e-24	4.88281e-08	5.69429e-08	4.09703e-08	5.54805e-08
2.92029e-09	5.72205e-16	4.66913e-25	1.95312e-08	3.52105e-08	1.96316e-08	3.32883e-08
3.90396e-09	7.62939e-16	1.34828e-24	2.92969e-08	4.02647e-08	2.30458e-08	4.01167e-08
5.2228e-09	2.38419e-15	6.43075e-24	4.88281e-08	6.90534e-08	4.86522e-08	6.23089e-08
4.8532e-09	1.23978e-15	2.99611e-24	3.90625e-08	4.88281e-08	2.98741e-08	4.69451e-08
5.26231e-09	2.19345e-15	5.22475e-24	4.88281e-08	6.55098e-08	4.5238e-08	6.31625e-08
5.30939e-09	1.90735e-15	5.36221e-24	4.88281e-08	5.69429e-08	4.5238e-08	5.54805e-08
3.81482e-09	7.62939e-16	1.3545e-24	2.92969e-08	4.36732e-08	2.21922e-08	4.18238e-08
4.82495e-09	1.52588e-15	4.14369e-24	3.90625e-08	5.25895e-08	3.67025e-08	5.03593e-08
4.02722e-09	7.62939e-16	8.48007e-25	2.76214e-08	4.88281e-08	2.04851e-08	4.5238e-08
5.68485e-09	2.38419e-15	6.45955e-24	4.88281e-08	6.55098e-08	4.86522e-08	6.31625e-08
5.4186e-09	1.81198e-15	5.29023e-24	4.83374e-08	5.69429e-08	4.09703e-08	5.37735e-08
3.49301e-09	5.72205e-16	9.43165e-25	1.95312e-08	3.52105e-08	1.96316e-08	3.32883e-08
5.3766e-09	1.62125e-15	3.56826e-24	4.63224e-08	6.17632e-08	3.75561e-08	5.37735e-08
4.37624e-09	2.57492e-15	6.40941e-24	3.90625e-08	7.8733e-08	3.92632e-08	7.76728e-08
3.66326e-09	6.67572e-16	1.22378e-24	2.92969e-08	3.52105e-08	2.47529e-08	3.41419e-08
4.95963e-09	1.14441e-15	2.38773e-24	3.90625e-08	4.88281e-08	3.07277e-08	4.5238e-08
4.93596e-09	1.33514e-15	3.33752e-24	3.90625e-08	5.25895e-08	3.41419e-08	5.12128e-08
5.03626e-09	1.71661e-15	4.01045e-24	4.80405e-08	5.69429e-08	3.32883e-08	5.54805e-08
4.15548e-09	5.72205e-16	5.52813e-25	2.76214e-08	4.1432e-08	1.96316e-08	3.49954e-08
4.42069e-09	1.14441e-15	2.27327e-24	3.90625e-08	4.88281e-08	3.07277e-08	4.5238e-08
3.12621e-09	2.86102e-16	3.1612e-25	1.95312e-08	2.76214e-08	1.36568e-08	2.47529e-08
5.52758e-09	2.09808e-15	6.28987e-24	4.80405e-08	7.04209e-08	3.41419e-08	6.31625e-08
4.25287e-09	1.14441e-15	2.70189e-24	3.90625e-08	4.88281e-08	3.07277e-08	4.86522e-08
4.12476e-09	4.76837e-16	6.79672e-25	1.95312e-08	3.52105e-08	1.96316e-08	3.32883e-08
5.174e-09	1.14441e-15	2.09211e-24	3.90625e-08	4.36732e-08	2.8167e-08	4.18238e-08
4.78684e-09	1.62125e-15	3.40677e-24	3.90625e-08	5.69429e-08	3.75561e-08	5.29199e-08
2.641e-09	9.53674e-17	6.38541e-26	9.76562e-09	1.38107e-08	9.38902e-09	1.45103e-08
3.90242e-09	1.33514e-15	2.81055e-24	3.90625e-08	4.97951e-08	3.67025e-08	4.86522e-08
4.54329e-09	1.04904e-15	2.60303e-24	2.92969e-08	4.97951e-08	2.98741e-08	4.86522e-08
5.86189e-09	1.62125e-15	4.40488e-24	3.90625e-08	5.69429e-08	3.75561e-08	5.29199e-08
5.34171e-09	1.81198e-15	4.42831e-24	3.90625e-08	7.04209e-08	3.41419e-08	6.48696e-08
5.54677e-09	1.71661e-15	4.73365e-24	4.83374e-08	5.69429e-08	3.92632e-08	5.54805e-08
4.6843e-09	9.53674e-16	2.04242e-24	2.92969e-08	4.36732e-08	2.90206e-08	4.01167e-08
4.50723e-09	1.43051e-15	2.82946e-24	3.90625e-08	5.52427e-08	3.92632e-08	5.54805e-08
4.38359e-09	1.33514e-15	2.74374e-24	3.90625e-08	5.25895e-08	3.41419e-08	5.12128e-08
4.5171e-09	1.90735e-15	4.85419e-24	4.88281e-08	5.69429e-08	4.09703e-08	5.54805e-08
4.5881e-09	1.52588e-15	3.89213e-24	3.90625e-08	5.52427e-08	3.84096e-08	5.54805e-08
4.74882e-09	1.71661e-15	4.03138e-24	3.90625e-08	5.69429e-08	3.84096e-08	5.20664e-08
4.30689e-09	1.23978e-15	2.53025e-24	3.90625e-08	5.25895e-08	3.15812e-08	5.03593e-08
4.26391e-09	9.53674e-16	2.22096e-24	2.92969e-08	4.36732e-08	2.90206e-08	4.01167e-08
4.48276e-09	2.00272e-15	4.84144e-24	4.88281e-08	6.25305e-08	4.43844e-08	5.80412e-08
5.4084e-09	1.71661e-15	4.23811e-24	4.80405e-08	5.69429e-08	3.92632e-08	5.29199e-08
5.44347e-09	2.47955e-15	6.16483e-24	4.88281e-08	6.55098e-08	4.86522e-08	6.4016e-08
5.03471e-09	1.14441e-15	3.01177e-24	2.92969e-08	5.25895e-08	2.98741e-08	4.86522e-08
6.19056e-09	1.90735e-15	5.44987e-24	4.88281e-08	5.69429e-08	4.09703e-08	5.54805e-08
5.48517e-09	1.43051e-15	3.70155e-24	3.90625e-08	5.25895e-08	3.75561e-08	5.03593e-08
4.84776e-09	1.14441e-15	2.08799e-24	3.90625e-08	4.36732e-08	2.8167e-08	4.18238e-08
3.68022e-09	7.62939e-16	9.64451e-25	2.76214e-08	4.88281e-08	2.04851e-08	4.5238e-08
4.84068e-09	1.71661e-15	4.20185e-24	3.90625e-08	6.25305e-08	3.67025e-08	6.23089e-08
2.90998e-09	9.53674e-17	1.11415e-25	9.76562e-09	1.38107e-08	9.38902e-09	1.45103e-08
5.0569e-09	2.09808e-15	5.70609e-24	4.88281e-08	6.25305e-08	4.26773e-08	5.97483e-08
5.07915e-09	9.53674e-16	2.3737e-24	3.90625e-08	4.36732e-08	2.73135e-08	4.18238e-08
5.52957e-09	1.52588e-15	3.5816e-24	3.90625e-08	5.69429e-08	3.5849e-08	5.29199e-08
4.62495e-09	2.00272e-15	4.8089e-24	4.88281e-08	5.69429e-08	4.18238e-08	5.71876e-08
4.70507e-09	1.62125e-15	4.23284e-24	3.90625e-08	5.69429e-08	3.92632e-08	5.54805e-08
3.8871e-09	1.14441e-15	2.5795e-24	2.92969e-08	4.88281e-08	2.98741e-08	4.86522e-08
4.29056e-09	5.72205e-16	4.72022e-25	2.76214e-08	4.1432e-08	1.96316e-08	3.49954e-08
4.28504e-09	1.62125e-15	3.59361e-24	3.90625e-08	5.69429e-08	3.75561e-08	5.29199e-08
5.81705e-09	1.71661e-15	4.05951e-24	4.83374e-08	5.9402e-08	3.67025e-08	5.88947e-08
4.3636e-09	1.52588e-15	2.94917e-24	4.80405e-08	5.25895e-08	3.67025e-08	5.12128e-08
3.99529e-09	4.76837e-16	2.92288e-25	2.0716e-08	4.1432e-08	1.36568e-08	3.75561e-08
6.5536e-09	1.52588e-15	3.73632e-24	3.90625e-08	5.69429e-08	3.5849e-08	5.29199e-08
5.0823e-09	1.43051e-15	3.33644e-24	3.90625e-08	5.25895e-08	3.75561e-08	5.03593e-08
3.90048e-09	9.53674e-16	2.20352e-24	2.92969e-08	4.36732e-08	2.90206e-08	4.01167e-08
5.66074e-09	1.43051e-15	3.06739e-24	3.90625e-08	5.25895e-08	3.75561e-08	5.03593e-08
3.03927e-09	5.72205e-16	-4.57534e-25	2.0716e-08	4.88281e-08	9.38902e-09	4.86522e-08
5.23031e-09	1.62125e-15	3.8669e-24	4.83374e-08	5.52427e-08	4.01167e-08	5.03593e-08
3.32191e-09	7.62939e-16	1.11779e-24	2.92969e-08	4.1432e-08	2.8167e-08	4.18238e-08
4.49942e-09	1.14441e-15	2.71242e-24	2.92969e-08	4.88281e-08	2.98741e-08	4.86522e-08
4.60939e-09	1.14441e-15	2.67504e-24	3.90625e-08	4.88281e-08	3.07277e-08	4.5238e-08
4.77905e-09	1.52588e-15	3.45155e-24	3.90625e-08	5.25895e-08	3.67025e-08	5.03593e-08
4.98465e-09	1.33514e-15	3.69746e-24	3.90625e-08	4.88281e-08	3.84096e-08	4.5238e-08
6.17621e-09	1.23978e-15	3.22672e-24	3.90625e-08	4.88281e-08	3.15812e-08	4.5238e-08
4.89954e-09	1.43051e-15	3.12002e-24	3.90625e-08	5.25895e-08	3.75561e-08	5.03593e-08
3.65189e-09	4.76837e-16	1.21225e-25	2.0716e-08	4.1432e-08	1.36568e-08	3.75561e-08
4.92829e-09	1.71661e-15	4.28292e-24	3.90625e-08	5.69429e-08	3.84096e-08	5.29199e-08
4.45843e-09	1.23978e-15	2.76511e-24	3.90625e-08	4.88281e-08	3.15812e-08	4.5238e-08
5.2035e-09	1.52588e-15	3.87233e-24	4.1432e-08	5.69429e-08	3.32883e-08	5.63341e-08
5.24953e-09	1.33514e-15	3.15583e-24	3.90625e-08	4.88281e-08	3.84096e-08	4.5238e-08
5.01078e-09	2.09808e-15	5.66467e-24	4.88281e-08	6.25305e-08	4.18238e-08	5.71876e-08
4.62093e-09	4.76837e-16	2.14694e-25	2.0716e-08	4.1432e-08	1.36568e-08	3.75561e-08
5.01383e-09	1.71661e-15	3.64757e-24	4.80405e-08	5.69429e-08	3.92632e-08	5.29199e-08
4.39073e-09	1.14441e-15	2.84041e-24	2.92969e-08	4.88281e-08	2.98741e-08	4.86522e-08
4.53283e-09	1.43051e-15	2.76133e-24	3.90625e-08	5.69429e-08	3.15812e-08	5.4627e-08
4.78799e-09	1.43051e-15	3.61535e-24	3.90625e-08	5.52427e-08	3.92632e-08	5.54805e-08
4.15228e-09	5.72205e-16	7.37798e-25	2.76214e-08	4.1432e-08	1.96316e-08	3.49954e-08
3.72736e-09	6.67572e-16	1.24004e-24	1.95312e-08	4.36732e-08	1.96316e-08	4.26773e-08
5.94313e-09	2.38419e-15	6.62135e-24	4.88281e-08	6.55098e-08	4.95057e-08	6.31625e-08
5.27237e-09	1.71661e-15	4.35863e-24	3.90625e-08	5.69429e-08	3.84096e-08	5.29199e-08
5.5586e-09	1.52588e-15	3.25874e-24	3.90625e-08	5.69429e-08	3.92632e-08	5.20664e-08
4.23573e-09	1.62125e-15	3.6445e-24	3.90625e-08	5.69429e-08	3.75561e-08	5.29199e-08
5.22658e-09	1.90735e-15	5.06327e-24	4.88281e-08	6.25305e-08	4.09703e-08	5.97483e-08
5.17326e-09	1.43051e-15	4.13081e-24	3.90625e-08	5.25895e-08	3.75561e-08	5.03593e-08
5.05048e-09	1.52588e-15	4.37837e-24	3.90625e-08	5.52427e-08	3.92632e-08	5.20664e-08
5.00526e-09	7.62939e-16	1.19644e-24	2.92969e-08	4.1432e-08	2.8167e-08	4.18238e-08
4.5903e-09	2.47955e-15	6.99711e-24	4.83374e-08	7.6272e-08	3.92632e-08	7.42586e-08
3.77231e-09	1.04904e-15	1.83239e-24	2.92969e-08	4.88281e-08	2.98741e-08	4.69451e-08
5.98503e-10	9.53674e-17	-4.18442e-26	9.76562e-09	1.38107e-08	9.38902e-09	1.45103e-08
5.31067e-09	1.81198e-15	4.87021e-24	4.83374e-08	5.69429e-08	4.09703e-08	5.37735e-08
3.9187e-09	9.53674e-16	1.85581e-24	2.92969e-08	5.25895e-08	2.73135e-08	5.12128e-08
4.18726e-09	1.23978e-15	2.81842e-24	3.90625e-08	4.88281e-08	2.98741e-08	4.69451e-08
3.15e-09	4.76837e-16	9.14953e-25	1.95312e-08	3.52105e-08	1.96316e-08	3.32883e-08
5.81133e-09	1.62125e-15	4.81562e-24	3.90625e-08	6.25305e-08	3.75561e-08	5.80412e-08
6.39863e-09	2.09808e-15	5.54156e-24	4.88281e-08	6.25305e-08	4.26773e-08	5.97483e-08
4.92726e-09	1.71661e-15	4.47562e-24	3.90625e-08	5.69429e-08	3.84096e-08	5.20664e-08
5.70254e-09	1.23978e-15	3.35326e-24	2.92969e-08	5.25895e-08	2.98741e-08	4.95057e-08
3.75866e-09	4.76837e-16	6.48636e-25	1.95312e-08	3.52105e-08	1.96316e-08	3.32883e-08
3.90877e-09	9.53674e-16	1.78864e-24	3.45267e-08	4.36732e-08	2.73135e-08	4.09703e-08
5.87509e-09	4.76837e-16	2.29768e-25	2.0716e-08	4.1432e-08	1.36568e-08	3.75561e-08
4.32654e-09	9.53674e-17	5.24157e-26	9.76562e-09	1.38107e-08	9.38902e-09	1.45103e-08
5.67941e-09	1.52588e-15	3.68762e-24	3.90625e-08	5.25895e-08	3.67025e-08	5.03593e-08
4.30837e-09	1.62125e-15	3.89856e-24	3.90625e-08	5.69429e-08	3.75561e-08	5.29199e-08
4.0369e-09	1.04904e-15	2.26832e-24	2.92969e-08	4.88281e-08	2.98741e-08	4.69451e-08
4.74693e-09	1.33514e-15	2.97076e-24	3.90625e-08	4.88281e-08	3.84096e-08	4.5238e-08
5.18664e-09	1.90735e-15	4.21392e-24	4.88281e-08	5.69429e-08	4.5238e-08	5.54805e-08
5.2943e-09	1.90735e-15	5.37223e-24	4.88281e-08	5.69429e-08	4.09703e-08	5.54805e-08
4.7111e-09	1.23978e-15	3.12414e-24	3.90625e-08	4.88281e-08	3.15812e-08	4.5238e-08
4.31291e-09	1.04904e-15	2.16992e-24	3.90625e-08	4.88281e-08	2.47529e-08	4.5238e-08
3.36709e-09	4.76837e-16	5.29956e-25	1.95312e-08	3.52105e-08	1.96316e-08	3.32883e-08
5.92082e-09	1.62125e-15	4.97849e-24	3.90625e-08	5.69429e-08	3.75561e-08	5.29199e-08
4.43169e-09	1.52588e-15	3.13271e-24	4.60444e-08	5.69429e-08	3.41419e-08	5.29199e-08
3.57296e-09	6.67572e-16	1.22849e-24	2.92969e-08	3.52105e-08	2.47529e-08	3.41419e-08
1.11635e-09	9.53674e-17	-5.93551e-26	9.76562e-09	1.38107e-08	9.38902e-09	1.45103e-08
5.31316e-09	2.00272e-15	3.47928e-24	4.88281e-08	6.25305e-08	4.01167e-08	6.14554e-08
3.8487e-09	1.33514e-15	2.95898e-24	3.90625e-08	5.25895e-08	2.98741e-08	4.95057e-08
3.75893e-09	1.52588e-15	2.95752e-24	3.90625e-08	5.25895e-08	3.67025e-08	5.03593e-08
5.24096e-09	1.90735e-15	4.47446e-24	4.88281e-08	5.69429e-08	4.09703e-08	5.54805e-08
5.57276e-09	1.62125e-15	4.38881e-24	3.90625e-08	5.69429e-08	3.75561e-08	5.29199e-08
4.50351e-09	1.04904e-15	2.5672e-24	3.90625e-08	4.36732e-08	3.15812e-08	4.18238e-08
5.02433e-09	1.62125e-15	4.22309e-24	3.90625e-08	5.69429e-08	3.75561e-08	5.29199e-08
4.56848e-09	1.52588e-15	4.09993e-24	3.90625e-08	5.52427e-08	3.84096e-08	5.54805e-08
3.87372e-09	7.62939e-16	1.71603e-24	2.92969e-08	4.1432e-08	2.8167e-08	4.18238e-08
4.00874e-09	1.23978e-15	3.29048e-24	2.92969e-08	5.25895e-08	2.98741e-08	4.95057e-08
4.25311e-09	1.43051e-15	3.17083e-24	3.90625e-08	5.25895e-08	3.75561e-08	5.03593e-08
4.43733e-09	1.52588e-15	3.80764e-24	3.90625e-08	5.25895e-08	3.67025e-08	5.03593e-08
4.81478e-09	1.52588e-15	3.60803e-24	3.90625e-08	5.52427e-08	3.84096e-08	5.54805e-08
4.59377e-09	2.00272e-15	4.42242e-24	4.88281e-08	6.25305e-08	4.43844e-08	5.80412e-08
4.31198e-09	1.52588e-15	3.13724e-24	3.90625e-08	5.25895e-08	3.67025e-08	5.03593e-08
3.70852e-09	1.33514e-15	3.13331e-24	3.90625e-08	4.88281e-08	3.84096e-08	4.5238e-08
4.10916e-09	1.62125e-15	3.57427e-24	3.90625e-08	5.69429e-08	3.92632e-08	5.54805e-08
3.87156e-09	7.62939e-16	1.55565e-24	2.92969e-08	4.36732e-08	1.96316e-08	4.09703e-08
5.70072e-09	1.62125e-15	4.44507e-24	4.83374e-08	5.52427e-08	4.01167e-08	5.03593e-08
5.70586e-09	1.62125e-15	4.1528e-24	3.90625e-08	5.69429e-08	3.75561e-08	5.29199e-08
4.36546e-09	1.43051e-15	3.34081e-24	3.90625e-08	5.52427e-08	3.15812e-08	5.12128e-08
2.21182e-09	9.53674e-17	4.57642e-26	9.76562e-09	1.38107e-08	9.38902e-09	1.45103e-08
3.49042e-09	2.86102e-16	4.21824e-25	1.95312e-08	2.76214e-08	1.36568e-08	2.47529e-08
5.15207e-09	1.23978e-15	2.99165e-24	2.92969e-08	5.25895e-08	2.90206e-08	5.03593e-08
4.08886e-09	9.53674e-16	1.88343e-24	2.92969e-08	4.36732e-08	2.90206e-08	4.01167e-08
3.84762e-09	8.58307e-16	1.97207e-24	2.92969e-08	4.1432e-08	2.98741e-08	4.18238e-08
3.73164e-09	8.58307e-16	1.48057e-24	3.45267e-08	4.36732e-08	2.47529e-08	4.18238e-08
2.54985e-09	5.72205e-16	8.99886e-25	1.95312e-08	3.52105e-08	1.96316e-08	3.32883e-08
4.34395e-09	8.58307e-16	1.56379e-24	2.92969e-08	4.36732e-08	2.38993e-08	4.01167e-08
4.72471e-09	1.33514e-15	2.99637e-24	3.90625e-08	5.25895e-08	2.98741e-08	4.95057e-08
3.32007e-09	3.8147e-16	6.68237e-25	1.95312e-08	2.76214e-08	1.96316e-08	2.8167e-08
4.3021e-09	9.53674e-16	2.36784e-24	2.92969e-08	4.36732e-08	2.98741e-08	4.09703e-08
1.97183e-09	3.8147e-16	5.4172e-25	1.95312e-08	2.76214e-08	1.96316e-08	2.8167e-08
2.63749e-09	1.90735e-16	3.08617e-25	9.76562e-09	2.18366e-08	9.38902e-09	2.13387e-08
4.46506e-09	9.53674e-17	1.08208e-25	9.76562e-09	1.38107e-08	9.38902e-09	1.45103e-08
4.76882e-09	1.43051e-15	3.12188e-24	3.90625e-08	5.25895e-08	3.75561e-08	5.03593e-08
3.59783e-09	6.67572e-16	1.30209e-24	2.92969e-08	3.52105e-08	2.47529e-08	3.41419e-08
5.62197e-09	1.43051e-15	3.60882e-24	3.90625e-08	5.25895e-08	3.41419e-08	5.03593e-08
5.53344e-09	1.71661e-15	5.03492e-24	3.90625e-08	5.69429e-08	3.84096e-08	5.20664e-08
5.54207e-09	2.00272e-15	5.52774e-24	3.90625e-08	6.55098e-08	3.92632e-08	6.06018e-08
5.98269e-09	1.62125e-15	4.626e-24	4.83374e-08	5.25895e-08	3.75561e-08	5.03593e-08
5.64177e-09	1.62125e-15	3.51325e-24	3.90625e-08	5.69429e-08	3.75561e-08	5.29199e-08
3.81505e-09	1.14441e-15	2.14557e-24	3.90625e-08	4.88281e-08	3.07277e-08	4.5238e-08
4.90109e-09	1.62125e-15	4.10197e-24	3.90625e-08	5.69429e-08	3.75561e-08	5.29199e-08
5.05112e-09	1.71661e-15	4.93664e-24	3.90625e-08	5.69429e-08	3.84096e-08	5.20664e-08
4.50143e-09	1.90735e-15	5.0859e-24	4.80405e-08	6.25305e-08	3.41419e-08	5.63341e-08
3.6112e-09	1.04904e-15	1.90648e-24	2.92969e-08	4.88281e-08	2.98741e-08	4.69451e-08
4.97917e-09	1.33514e-15	3.16488e-24	3.90625e-08	5.25895e-08	3.41419e-08	5.12128e-08
4.71579e-09	8.58307e-16	2.181e-24	2.92969e-08	4.36732e-08	2.38993e-08	4.01167e-08
4.92607e-09	1.43051e-15	3.59913e-24	3.90625e-08	5.25895e-08	3.41419e-08	5.03593e-08
4.70497e-09	1.52588e-15	4.03492e-24	3.90625e-08	5.52427e-08	3.92632e-08	5.20664e-08
5.45632e-09	1.33514e-15	3.54435e-24	3.90625e-08	5.25895e-08	2.90206e-08	5.03593e-08
4.43737e-09	1.52588e-15	3.71758e-24	3.90625e-08	5.25895e-08	3.67025e-08	5.03593e-08
4.69555e-09	1.43051e-15	3.59938e-24	3.90625e-08	5.25895e-08	3.75561e-08	5.03593e-08
4.49446e-09	1.90735e-15	5.27123e-24	3.90625e-08	6.25305e-08	3.84096e-08	6.23089e-08
4.19494e-09	9.53674e-16	2.01443e-24	3.45267e-08	4.36732e-08	2.73135e-08	4.09703e-08
3.92134e-09	1.23978e-15	2.95528e-24	3.90625e-08	4.88281e-08	2.98741e-08	4.69451e-08
4.76695e-09	2.00272e-15	4.72903e-24	4.88281e-08	6.25305e-08	4.18238e-08	5.80412e-08
5.15439e-09	2.00272e-15	5.25295e-24	4.88281e-08	5.69429e-08	4.18238e-08	5.71876e-08
4.68659e-09	1.23978e-15	2.49822e-24	3.90625e-08	5.25895e-08	3.15812e-08	5.03593e-08
4.76367e-09	1.52588e-15	3.64417e-24	3.90625e-08	5.25895e-08	3.67025e-08	5.03593e-08
4.93999e-09	1.23978e-15	2.81434e-24	3.90625e-08	4.88281e-08	3.15812e-08	4.5238e-08
5.94979e-09	1.71661e-15	4.23618e-24	4.83374e-08	5.69429e-08	3.92632e-08	5.29199e-08
5.2859e-09	1.43051e-15	3.03141e-24	3.90625e-08	5.69429e-08	3.15812e-08	5.4627e-08
4.73431e-09	9.53674e-16	1.76094e-24	2.92969e-08	4.36732e-08	2.98741e-08	4.09703e-08
4.28073e-09	1.33514e-15	3.53662e-24	3.90625e-08	4.88281e-08	3.84096e-08	4.5238e-08
4.40369e-09	2.47955e-15	5.33802e-24	4.88281e-08	7.43728e-08	4.01167e-08	6.91373e-08
5.81117e-09	1.81198e-15	4.5052e-24	3.90625e-08	6.25305e-08	3.84096e-08	6.14554e-08
4.63713e-09	1.62125e-15	4.25648e-24	3.90625e-08	5.69429e-08	3.92632e-08	5.54805e-08
3.48425e-09	8.58307e-16	1.96965e-24	2.92969e-08	4.1432e-08	2.98741e-08	4.18238e-08
4.69357e-09	9.53674e-16	2.44077e-24	2.92969e-08	4.36732e-08	2.98741e-08	4.09703e-08
4.23036e-09	2.09808e-15	5.18934e-24	4.83374e-08	7.04209e-08	4.01167e-08	6.31625e-08
4.90405e-09	1.52588e-15	3.97207e-24	4.80405e-08	5.69429e-08	3.32883e-08	5.54805e-08
5.28596e-09	1.81198e-15	5.29361e-24	4.88281e-08	5.69429e-08	3.92632e-08	5.37735e-08
5.08259e-09	1.52588e-15	3.49669e-24	3.90625e-08	5.25895e-08	3.67025e-08	5.03593e-08
4.17667e-09	1.33514e-15	3.08935e-24	3.90625e-08	4.88281e-08	3.84096e-08	4.5238e-08
4.82736e-09	1.52588e-15	4.02871e-24	3.90625e-08	5.25895e-08	3.67025e-08	5.03593e-08
4.08975e-09	1.04904e-15	2.33626e-24	3.90625e-08	4.36732e-08	2.90206e-08	4.26773e-08
4.62073e-09	1.33514e-15	3.30861e-24	3.90625e-08	5.25895e-08	3.41419e-08	5.12128e-08
5.03421e-09	1.43051e-15	3.82469e-24	3.90625e-08	5.52427e-08	3.92632e-08	5.54805e-08
4.81414e-09	5.72205e-16	3.38149e-25	2.76214e-08	4.1432e-08	1.96316e-08	3.49954e-08
5.68468e-09	1.90735e-15	5.46359e-24	4.88281e-08	6.25305e-08	4.09703e-08	5.97483e-08
3.91489e-09	9.53674e-16	2.07137e-24	2.92969e-08	4.36732e-08	2.90206e-08	4.01167e-08
5.61661e-09	1.81198e-15	5.57432e-24	3.90625e-08	6.55098e-08	3.84096e-08	6.14554e-08
3.8755e-09	1.14441e-15	2.76115e-24	3.90625e-08	4.88281e-08	3.07277e-08	4.5238e-08
5.28003e-09	1.23978e-15	3.30352e-24	2.92969e-08	5.25895e-08	2.98741e-08	4.95057e-08
4.42469e-09	2.00272e-15	5.42508e-24	3.90625e-08	6.55098e-08	3.92632e-08	6.23089e-08
4.11074e-09	1.33514e-15	3.61439e-24	3.90625e-08	4.88281e-08	3.84096e-08	4.5238e-08
4.43975e-09	1.52588e-15	3.86646e-24	3.90625e-08	5.69429e-08	3.32883e-08	5.29199e-08
4.30071e-09	1.43051e-15	3.10472e-24	4.80405e-08	5.25895e-08	3.41419e-08	4.86522e-08
4.56463e-09	6.67572e-16	1.49306e-24	2.92969e-08	3.52105e-08	2.47529e-08	3.41419e-08
4.44603e-09	5.72205e-16	5.30831e-25	2.76214e-08	4.1432e-08	1.96316e-08	3.49954e-08
5.08813e-09	1.62125e-15	4.16497e-24	4.83374e-08	5.69429e-08	3.92632e-08	5.54805e-08
4.63182e-09	1.04904e-15	2.76266e-24	3.90625e-08	4.36732e-08	3.15812e-08	4.18238e-08
3.79713e-09	1.90735e-15	4.33329e-24	3.90625e-08	6.55098e-08	3.92632e-08	6.14554e-08
5.35711e-09	1.90735e-15	5.46009e-24	4.88281e-08	5.69429e-08	4.5238e-08	5.54805e-08
4.49444e-09	1.23978e-15	3.82937e-24	2.92969e-08	5.25895e-08	2.98741e-08	4.95057e-08
3.58558e-09	1.14441e-15	2.34865e-24	3.90625e-08	4.88281e-08	3.07277e-08	4.5238e-08
4.57279e-09	1.43051e-15	3.69332e-24	3.90625e-08	5.52427e-08	3.92632e-08	5.54805e-08
4.85256e-09	1.43051e-15	3.13034e-24	4.1432e-08	5.69429e-08	3.41419e-08	5.63341e-08
2.55812e-09	9.53674e-17	9.62344e-26	9.76562e-09	1.38107e-08	9.38902e-09	1.45103e-08
6.08395e-09	1.43051e-15	4.04634e-24	3.90625e-08	5.25895e-08	3.75561e-08	5.03593e-08
4.1723e-09	1.33514e-15	2.9915e-24	3.90625e-08	5.25895e-08	3.32883e-08	4.95057e-08
4.2904e-09	7.62939e-16	1.68825e-24	2.92969e-08	4.1432e-08	2.8167e-08	4.18238e-08
4.83544e-09	1.90735e-15	4.44381e-24	4.88281e-08	5.69429e-08	4.09703e-08	5.54805e-08
4.97418e-09	1.62125e-15	3.85056e-24	3.90625e-08	5.69429e-08	3.75561e-08	5.29199e-08
4.91389e-09	1.23978e-15	3.28684e-24	2.92969e-08	5.25895e-08	2.98741e-08	4.95057e-08
3.98597e-09	6.67572e-16	1.44445e-24	2.92969e-08	3.52105e-08	2.47529e-08	3.41419e-08
4.19463e-09	1.14441e-15	2.44509e-24	3.90625e-08	4.36732e-08	2.8167e-08	4.18238e-08
4.70387e-09	1.52588e-15	3.29304e-24	4.80405e-08	5.25895e-08	3.67025e-08	5.12128e-08
4.54819e-09	1.52588e-15	3.18554e-24	4.80405e-08	5.25895e-08	3.67025e-08	5.12128e-08
4.48959e-09	1.90735e-15	4.62528e-24	4.83374e-08	6.17632e-08	3.92632e-08	5.88947e-08
4.704e-09	1.23978e-15	2.68865e-24	3.90625e-08	4.88281e-08	3.15812e-08	4.5238e-08
4.51008e-09	1.62125e-15	3.84578e-24	3.90625e-08	5.69429e-08	3.75561e-08	5.29199e-08
4.10511e-09	1.33514e-15	2.70085e-24	3.90625e-08	4.88281e-08	3.84096e-08	4.5238e-08
4.24056e-09	8.58307e-16	2.34218e-24	2.92969e-08	4.1432e-08	2.98741e-08	4.18238e-08
3.97407e-09	1.52588e-15	3.2843e-24	3.90625e-08	5.25895e-08	3.67025e-08	5.03593e-08
4.14015e-09	8.58307e-16	1.96243e-24	2.92969e-08	4.1432e-08	2.98741e-08	4.18238e-08
4.51429e-09	8.58307e-16	2.05173e-24	2.92969e-08	4.36732e-08	2.38993e-08	4.01167e-08
4.08446e-09	8.58307e-16	1.75056e-24	2.92969e-08	4.1432e-08	2.98741e-08	4.18238e-08
3.30802e-09	1.23978e-15	2.10845e-24	3.90625e-08	4.88281e-08	3.15812e-08	4.5238e-08
5.18546e-09	1.52588e-15	3.32692e-24	3.90625e-08	5.25895e-08	3.67025e-08	5.03593e-08
3.8866e-09	1.04904e-15	2.38273e-24	2.92969e-08	4.88281e-08	2.98741e-08	4.69451e-08
4.16364e-09	1.33514e-15	3.41315e-24	3.90625e-08	4.88281e-08	3.84096e-08	4.5238e-08
4.90561e-09	1.43051e-15	3.23089e-24	3.90625e-08	5.69429e-08	3.32883e-08	5.37735e-08
4.62209e-09	1.43051e-15	3.94375e-24	3.90625e-08	5.52427e-08	3.92632e-08	5.54805e-08
5.94886e-09	2.38419e-15	6.20664e-24	4.88281e-08	6.55098e-08	4.95057e-08	6.31625e-08
2.11817e-09	9.53674e-17	6.65941e-26	9.76562e-09	1.38107e-08	9.38902e-09	1.45103e-08
5.64215e-09	2.38419e-15	6.46781e-24	5.67752e-08	6.55098e-08	4.43844e-08	6.14554e-08
3.28001e-09	6.67572e-16	1.05264e-24	2.92969e-08	3.52105e-08	2.47529e-08	3.41419e-08
5.16324e-09	8.58307e-16	1.95853e-24	2.92969e-08	4.88281e-08	2.47529e-08	4.43844e-08
4.00049e-09	8.58307e-16	1.81594e-24	2.92969e-08	4.36732e-08	2.38993e-08	4.01167e-08
3.55855e-09	1.23978e-15	1.8715e-24	2.92969e-08	5.25895e-08	2.90206e-08	5.03593e-08
5.12512e-09	1.52588e-15	4.40948e-24	3.90625e-08	5.25895e-08	3.67025e-08	5.03593e-08
4.14044e-09	1.71661e-15	3.74346e-24	4.83374e-08	5.69429e-08	3.92632e-08	5.29199e-08
4.42477e-09	2.86102e-16	3.25812e-25	1.95312e-08	2.76214e-08	1.36568e-08	2.47529e-08
5.018e-09	2.00272e-15	3.92416e-24	4.88281e-08	6.17632e-08	4.09703e-08	5.97483e-08
4.75819e-09	1.14441e-15	2.14775e-24	3.90625e-08	4.97951e-08	3.32883e-08	4.95057e-08
2.95613e-09	5.72205e-16	8.72131e-25	2.76214e-08	3.52105e-08	2.04851e-08	3.15812e-08
5.34697e-09	1.71661e-15	4.43831e-24	4.83374e-08	5.69429e-08	3.92632e-08	5.29199e-08
2.98117e-09	1.90735e-16	2.57849e-25	9.76562e-09	2.18366e-08	9.38902e-09	2.13387e-08
5.50605e-09	1.90735e-15	4.74915e-24	4.88281e-08	5.9402e-08	4.18238e-08	5.88947e-08
5.65411e-09	1.52588e-15	3.48197e-24	3.90625e-08	5.69429e-08	3.67025e-08	5.63341e-08
4.33697e-09	1.23978e-15	2.98935e-24	3.90625e-08	4.88281e-08	2.98741e-08	4.69451e-08
6.03194e-09	2.19345e-15	6.12258e-24	4.88281e-08	6.25305e-08	4.77986e-08	5.88947e-08
5.07948e-09	1.23978e-15	2.70649e-24	3.90625e-08	5.25895e-08	3.15812e-08	5.03593e-08
4.47282e-09	1.52588e-15	2.3222e-24	3.90625e-08	5.69429e-08	3.92632e-08	5.4627e-08
5.43698e-09	1.62125e-15	3.93391e-24	4.80405e-08	5.69429e-08	3.41419e-08	5.63341e-08
4.61386e-09	1.33514e-15	3.35585e-24	3.90625e-08	4.88281e-08	3.84096e-08	4.5238e-08
4.95619e-09	1.04904e-15	2.58454e-24	2.92969e-08	4.88281e-08	2.98741e-08	4.69451e-08
5.62756e-09	1.52588e-15	3.57765e-24	4.80405e-08	5.25895e-08	3.67025e-08	5.12128e-08
5.30423e-09	1.90735e-15	5.0785e-24	4.83374e-08	6.17632e-08	3.92632e-08	5.88947e-08
3.89412e-09	1.04904e-15	2.52328e-24	2.92969e-08	4.88281e-08	2.98741e-08	4.69451e-08
5.17568e-09	1.43051e-15	3.74366e-24	3.90625e-08	5.25895e-08	3.75561e-08	5.03593e-08
5.24606e-09	1.52588e-15	3.96722e-24	4.80405e-08	5.25895e-08	3.67025e-08	5.12128e-08
5.56321e-09	1.52588e-15	4.13239e-24	3.90625e-08	5.52427e-08	3.84096e-08	5.54805e-08
4.40497e-09	9.53674e-16	2.05122e-24	2.92969e-08	4.36732e-08	2.98741e-08	4.09703e-08
6.05154e-09	2.38419e-15	6.96706e-24	4.88281e-08	6.55098e-08	4.86522e-08	6.31625e-08
5.48472e-09	1.62125e-15	4.25271e-24	3.90625e-08	5.69429e-08	3.75561e-08	5.29199e-08
4.24498e-09	1.14441e-15	2.71691e-24	3.90625e-08	4.97951e-08	3.32883e-08	4.95057e-08
4.87453e-09	1.81198e-15	4.61971e-24	3.90625e-08	6.25305e-08	3.84096e-08	6.14554e-08
4.25946e-09	1.81198e-15	4.23128e-24	3.90625e-08	6.17632e-08	3.92632e-08	6.06018e-08
4.30322e-09	1.81198e-15	4.17665e-24	4.83374e-08	5.69429e-08	4.09703e-08	5.37735e-08
5.26212e-09	1.81198e-15	5.05569e-24	4.88281e-08	5.69429e-08	4.09703e-08	5.4627e-08
3.75495e-09	1.04904e-15	2.06988e-24	3.90625e-08	4.36732e-08	2.90206e-08	4.26773e-08
5.00944e-09	2.47955e-15	6.15909e-24	4.88281e-08	7.6272e-08	4.86522e-08	7.3405e-08
4.69783e-09	2.00272e-15	5.11615e-24	4.88281e-08	5.69429e-08	4.18238e-08	5.71876e-08
4.41143e-09	1.62125e-15	3.90641e-24	4.83374e-08	5.25895e-08	3.75561e-08	5.03593e-08
5.60112e-09	1.33514e-15	3.61616e-24	2.92969e-08	5.69429e-08	2.90206e-08	5.63341e-08
4.34387e-09	1.04904e-15	1.48535e-24	3.45267e-08	4.88281e-08	2.47529e-08	4.60915e-08
4.04158e-09	1.43051e-15	3.81122e-24	3.90625e-08	5.52427e-08	3.92632e-08	5.54805e-08
3.70018e-09	7.62939e-16	1.65654e-24	2.92969e-08	4.1432e-08	2.8167e-08	4.18238e-08
4.03464e-09	1.14441e-15	2.05672e-24	2.92969e-08	4.88281e-08	2.98741e-08	4.86522e-08
4.20853e-09	1.04904e-15	1.77924e-24	2.92969e-08	4.88281e-08	2.98741e-08	4.69451e-08
4.31777e-09	9.53674e-16	2.15924e-24	2.92969e-08	4.36732e-08	2.98741e-08	4.09703e-08
3.72431e-09	7.62939e-16	1.53232e-24	2.92969e-08	4.02647e-08	2.30458e-08	4.01167e-08
5.42029e-09	1.33514e-15	3.62127e-24	3.90625e-08	4.88281e-08	3.84096e-08	4.5238e-08
4.70811e-09	1.23978e-15	3.24869e-24	3.90625e-08	4.88281e-08	2.98741e-08	4.69451e-08
5.35e-09	2.09808e-15	5.46673e-24	4.88281e-08	6.17632e-08	4.69451e-08	6.06018e-08
3.78138e-09	1.71661e-15	3.8886e-24	4.83374e-08	5.69429e-08	3.92632e-08	5.29199e-08
4.42931e-09	1.43051e-15	3.69895e-24	3.90625e-08	5.52427e-08	3.92632e-08	5.54805e-08
5.30942e-09	1.62125e-15	4.33345e-24	3.90625e-08	5.69429e-08	3.75561e-08	5.29199e-08
5.22632e-09	1.90735e-15	5.45146e-24	3.90625e-08	6.17632e-08	3.84096e-08	6.06018e-08
3.78455e-09	6.67572e-16	1.26621e-24	2.92969e-08	3.52105e-08	2.47529e-08	3.41419e-08
4.2623e-09	9.53674e-16	2.01198e-24	2.92969e-08	4.88281e-08	2.30458e-08	4.86522e-08
5.20629e-09	2.28882e-15	5.0559e-24	4.88281e-08	6.55098e-08	4.5238e-08	6.14554e-08
4.74806e-09	1.23978e-15	2.95001e-24	3.90625e-08	4.88281e-08	3.15812e-08	4.5238e-08
4.67718e-09	1.52588e-15	4.05521e-24	3.90625e-08	5.25895e-08	3.67025e-08	5.03593e-08
3.1565e-09	9.53674e-16	1.69503e-24	3.90625e-08	4.36732e-08	2.73135e-08	4.18238e-08
4.89764e-09	1.52588e-15	4.13353e-24	3.90625e-08	5.69429e-08	3.5849e-08	5.29199e-08
5.6981e-09	2.09808e-15	6.10409e-24	4.88281e-08	6.25305e-08	4.18238e-08	5.71876e-08
4.07261e-09	7.62939e-16	1.53061e-24	2.92969e-08	4.02647e-08	2.30458e-08	4.01167e-08
3.97793e-09	1.14441e-15	2.47751e-24	3.90625e-08	4.88281e-08	3.07277e-08	4.5238e-08
4.68153e-09	2.00272e-15	4.6814e-24	4.88281e-08	5.69429e-08	4.18238e-08	5.71876e-08
3.66925e-09	9.53674e-16	2.21223e-24	2.92969e-08	4.36732e-08	2.98741e-08	4.09703e-08
3.45797e-09	1.14441e-15	2.22238e-24	3.90625e-08	4.36732e-08	2.8167e-08	4.18238e-08
4.82364e-09	1.14441e-15	2.93989e-24	3.90625e-08	4.36732e-08	2.8167e-08	4.18238e-08
5.8072e-09	1.43051e-15	3.56975e-24	3.90625e-08	5.52427e-08	3.92632e-08	5.54805e-08
5.01386e-09	1.43051e-15	2.87817e-24	3.90625e-08	5.69429e-08	3.15812e-08	5.63341e-08
4.92463e-09	1.23978e-15	3.17586e-24	3.90625e-08	4.88281e-08	3.15812e-08	4.5238e-08
3.97311e-09	1.33514e-15	3.34972e-24	3.90625e-08	4.88281e-08	3.84096e-08	4.5238e-08
5.03793e-09	1.33514e-15	3.52436e-24	3.90625e-08	4.88281e-08	3.84096e-08	4.5238e-08
4.42126e-09	1.14441e-15	1.99651e-24	3.70579e-08	5.25895e-08	2.73135e-08	5.12128e-08
4.98566e-09	1.90735e-15	5.4257e-24	3.90625e-08	6.17632e-08	3.84096e-08	6.06018e-08
2.92485e-09	4.76837e-16	7.36624e-25	1.95312e-08	3.52105e-08	1.96316e-08	3.32883e-08
4.43647e-09	1.23978e-15	2.79517e-24	3.90625e-08	4.88281e-08	3.15812e-08	4.5238e-08
4.27899e-09	8.58307e-16	1.94589e-24	2.92969e-08	4.36732e-08	2.90206e-08	4.26773e-08
5.26309e-09	1.71661e-15	4.16349e-24	3.90625e-08	5.69429e-08	3.84096e-08	5.29199e-08
3.00788e-09	3.8147e-16	7.34659e-25	1.95312e-08	2.76214e-08	1.96316e-08	2.8167e-08
3.98733e-09	8.58307e-16	1.90543e-24	2.92969e-08	4.36732e-08	2.38993e-08	4.01167e-08
4.89608e-09	1.23978e-15	3.03637e-24	3.90625e-08	4.88281e-08	2.98741e-08	4.69451e-08
5.06423e-09	8.58307e-16	2.17838e-24	2.92969e-08	4.1432e-08	2.98741e-08	4.18238e-08
3.58723e-09	6.67572e-16	1.11333e-24	2.92969e-08	3.52105e-08	2.47529e-08	3.41419e-08
5.134e-09	1.81198e-15	4.66553e-24	4.88281e-08	5.69429e-08	4.09703e-08	5.4627e-08
5.09303e-09	8.58307e-16	9.71938e-25	2.76214e-08	5.52427e-08	1.36568e-08	4.86522e-08
4.17884e-09	1.52588e-15	3.55064e-24	4.80405e-08	5.25895e-08	3.67025e-08	5.12128e-08
4.37042e-09	1.81198e-15	4.01872e-24	4.83374e-08	5.69429e-08	4.09703e-08	5.37735e-08
5.26894e-09	1.71661e-15	4.92174e-24	3.90625e-08	5.69429e-08	3.84096e-08	5.20664e-08
4.46539e-09	9.53674e-16	2.0586e-24	2.92969e-08	4.36732e-08	2.98741e-08	4.09703e-08
5.57814e-09	1.04904e-15	2.0301e-24	3.45267e-08	4.88281e-08	2.47529e-08	4.60915e-08
4.47915e-09	1.81198e-15	4.17884e-24	4.83374e-08	5.69429e-08	4.09703e-08	5.37735e-08
5.19063e-09	1.52588e-15	2.46723e-24	4.60444e-08	5.69429e-08	2.73135e-08	5.29199e-08
5.28293e-09	1.71661e-15	4.62268e-24	3.90625e-08	6.25305e-08	3.41419e-08	5.97483e-08
4.82768e-09	1.04904e-15	2.90291e-24	2.92969e-08	4.88281e-08	2.98741e-08	4.69451e-08
5.39571e-09	7.62939e-16	9.81234e-25	2.76214e-08	4.88281e-08	2.04851e-08	4.5238e-08
4.64341e-09	1.71661e-15	4.65323e-24	3.90625e-08	5.69429e-08	3.84096e-08	5.20664e-08
4.27461e-09	1.14441e-15	3.16391e-24	2.92969e-08	4.88281e-08	2.98741e-08	4.86522e-08
4.7351e-09	1.33514e-15	3.39954e-24	3.90625e-08	4.88281e-08	3.84096e-08	4.5238e-08
5.3045e-09	2.09808e-15	5.97147e-24	4.88281e-08	6.25305e-08	4.43844e-08	5.88947e-08
4.92447e-09	1.71661e-15	4.2965e-24	3.90625e-08	5.69429e-08	3.84096e-08	5.29199e-08
4.85473e-09	1.71661e-15	4.84091e-24	3.90625e-08	5.69429e-08	3.84096e-08	5.20664e-08
4.07245e-09	6.67572e-16	1.57031e-24	2.92969e-08	3.52105e-08	2.47529e-08	3.41419e-08
5.51024e-09	1.52588e-15	3.3562e-24	3.90625e-08	6.25305e-08	3.84096e-08	5.97483e-08
4.67281e-09	1.04904e-15	2.17812e-24	3.45267e-08	4.88281e-08	2.47529e-08	4.60915e-08
2.63836e-09	3.8147e-16	6.44755e-25	1.95312e-08	2.76214e-08	1.96316e-08	2.8167e-08
4.46117e-09	1.23978e-15	2.66278e-24	3.90625e-08	4.88281e-08	3.15812e-08	4.5238e-08
4.50984e-09	1.43051e-15	3.25753e-24	3.90625e-08	5.25895e-08	3.75561e-08	5.03593e-08
5.02004e-09	1.90735e-15	4.96242e-24	4.88281e-08	5.69429e-08	4.5238e-08	5.54805e-08
4.18178e-09	1.04904e-15	2.02147e-24	3.45267e-08	4.88281e-08	2.47529e-08	4.60915e-08
4.37715e-09	1.23978e-15	2.62395e-24	3.90625e-08	4.97951e-08	3.32883e-08	4.86522e-08
5.50227e-09	1.81198e-15	4.12261e-24	3.90625e-08	6.55098e-08	3.15812e-08	6.06018e-08
2.89847e-09	2.86102e-16	3.55598e-25	1.95312e-08	2.76214e-08	1.36568e-08	2.47529e-08
5.12293e-09	1.23978e-15	2.66637e-24	3.90625e-08	4.88281e-08	3.15812e-08	4.5238e-08
5.70016e-09	1.14441e-15	2.86403e-24	3.90625e-08	4.88281e-08	2.98741e-08	4.5238e-08
3.61426e-09	7.62939e-16	1.2368e-24	2.92969e-08	4.1432e-08	2.8167e-08	4.18238e-08
3.55302e-09	7.62939e-16	1.53562e-24	2.92969e-08	4.1432e-08	2.8167e-08	4.18238e-08
4.05512e-09	1.14441e-15	2.50577e-24	3.90625e-08	4.36732e-08	2.8167e-08	4.18238e-08
2.45304e-09	1.90735e-16	2.34216e-25	9.76562e-09	2.18366e-08	9.38902e-09	2.13387e-08
5.19289e-09	1.62125e-15	4.07873e-24	3.90625e-08	5.69429e-08	3.75561e-08	5.29199e-08
4.53778e-09	1.33514e-15	3.47634e-24	3.90625e-08	4.88281e-08	3.84096e-08	4.5238e-08
4.76277e-09	1.52588e-15	3.94101e-24	3.90625e-08	5.69429e-08	3.32883e-08	5.29199e-08
4.95466e-09	1.71661e-15	4.91737e-24	4.83374e-08	5.69429e-08	3.92632e-08	5.29199e-08
5.17312e-09	1.33514e-15	3.47698e-24	3.90625e-08	5.25895e-08	3.41419e-08	5.12128e-08
4.74866e-09	1.43051e-15	3.54707e-24	3.90625e-08	5.52427e-08	3.92632e-08	5.54805e-08
5.17727e-09	1.62125e-15	3.67914e-24	4.83374e-08	5.52427e-08	4.01167e-08	5.03593e-08
5.47325e-09	1.90735e-15	5.37005e-24	4.88281e-08	5.69429e-08	4.5238e-08	5.54805e-08
3.70167e-09	8.58307e-16	1.77376e-24	2.92969e-08	4.36732e-08	2.38993e-08	4.01167e-08
3.77044e-09	1.43051e-15	3.10012e-24	3.90625e-08	5.52427e-08	3.92632e-08	5.54805e-08
4.36839e-09	1.90735e-15	4.53113e-24	4.88281e-08	6.17632e-08	3.92632e-08	6.06018e-08
4.47858e-09	1.04904e-15	2.79978e-24	2.92969e-08	4.97951e-08	2.98741e-08	4.86522e-08
5.4731e-09	2.19345e-15	5.84508e-24	4.88281e-08	6.25305e-08	4.86522e-08	6.14554e-08
5.28816e-09	1.90735e-15	4.57714e-24	4.88281e-08	5.69429e-08	4.09703e-08	5.54805e-08
3.82395e-09	3.8147e-16	7.06072e-25	1.95312e-08	3.08816e-08	1.96316e-08	2.98741e-08
4.82199e-09	1.62125e-15	4.05652e-24	3.90625e-08	5.69429e-08	3.75561e-08	5.29199e-08
4.9684e-09	1.62125e-15	3.71389e-24	4.80405e-08	5.69429e-08	3.41419e-08	5.63341e-08
4.65134e-09	1.62125e-15	4.12256e-24	3.90625e-08	5.69429e-08	3.92632e-08	5.54805e-08
3.68635e-09	7.62939e-16	1.45215e-24	2.92969e-08	4.1432e-08	2.8167e-08	4.18238e-08
4.38211e-09	1.04904e-15	2.55749e-24	2.92969e-08	4.88281e-08	2.98741e-08	4.69451e-08
5.43693e-09	2.09808e-15	5.75191e-24	4.88281e-08	6.25305e-08	4.01167e-08	6.23089e-08
4.69298e-09	1.43051e-15	3.51399e-24	4.80405e-08	5.25895e-08	3.41419e-08	4.86522e-08
3.89074e-09	6.67572e-16	1.03835e-24	2.92969e-08	3.52105e-08	2.47529e-08	3.41419e-08
4.59165e-09	1.62125e-15	4.42348e-24	3.90625e-08	5.69429e-08	3.92632e-08	5.54805e-08
5.61718e-09	1.71661e-15	4.30055e-24	4.83374e-08	5.69429e-08	3.92632e-08	5.29199e-08
3.68422e-09	1.23978e-15	2.80105e-24	3.90625e-08	4.88281e-08	3.15812e-08	4.5238e-08
4.95426e-09	1.14441e-15	2.74562e-24	3.90625e-08	4.88281e-08	3.07277e-08	4.5238e-08
4.9649e-09	1.90735e-15	4.41176e-24	4.83374e-08	6.17632e-08	3.92632e-08	5.88947e-08
3.99952e-09	2.09808e-15	5.40033e-24	4.80405e-08	7.04209e-08	3.92632e-08	6.65767e-08
4.75989e-09	1.23978e-15	3.05041e-24	3.90625e-08	4.88281e-08	2.98741e-08	4.69451e-08
4.7952e-09	1.62125e-15	3.24377e-24	3.90625e-08	5.69429e-08	3.75561e-08	5.29199e-08
5.16048e-09	2.38419e-15	5.55695e-24	5.85937e-08	6.55098e-08	4.95057e-08	6.14554e-08
6.12049e-09	2.09808e-15	6.17037e-24	4.88281e-08	6.17632e-08	4.69451e-08	6.06018e-08
6.10109e-09	2.19345e-15	6.36279e-24	4.88281e-08	6.25305e-08	4.77986e-08	5.88947e-08
4.55963e-09	1.43051e-15	2.90406e-24	4.1432e-08	5.25895e-08	3.32883e-08	5.03593e-08
4.09731e-09	1.90735e-15	4.23718e-24	3.90625e-08	6.55098e-08	3.92632e-08	6.14554e-08
4.39855e-09	1.33514e-15	2.26455e-24	3.90625e-08	5.69429e-08	2.98741e-08	5.29199e-08
4.29894e-09	1.23978e-15	3.55211e-24	2.92969e-08	5.25895e-08	2.98741e-08	4.95057e-08
4.8973e-09	1.43051e-15	3.95996e-24	3.90625e-08	5.52427e-08	3.92632e-08	5.54805e-08
4.91852e-09	1.62125e-15	4.34443e-24	4.80405e-08	5.69429e-08	3.15812e-08	5.71876e-08
4.6452e-09	1.90735e-15	4.656e-24	4.88281e-08	5.69429e-08	4.09703e-08	5.54805e-08
5.25977e-09	1.90735e-15	4.93697e-24	4.88281e-08	6.25305e-08	4.09703e-08	5.97483e-08
5.82485e-09	2.19345e-15	6.57554e-24	4.88281e-08	6.55098e-08	4.18238e-08	5.88947e-08
5.53611e-09	2.38419e-15	5.26893e-24	4.88281e-08	7.04209e-08	4.77986e-08	6.91373e-08
4.25022e-09	1.52588e-15	3.48242e-24	3.90625e-08	5.52427e-08	3.84096e-08	5.54805e-08
5.67241e-09	1.71661e-15	4.6175e-24	4.83374e-08	5.69429e-08	3.92632e-08	5.29199e-08
4.46374e-09	1.33514e-15	2.95218e-24	3.90625e-08	4.88281e-08	3.84096e-08	4.5238e-08
4.55806e-09	1.52588e-15	3.72136e-24	3.90625e-08	5.69429e-08	3.92632e-08	5.20664e-08
4.4707e-09	1.81198e-15	4.37552e-24	4.83374e-08	5.69429e-08	4.09703e-08	5.37735e-08
5.17346e-09	1.81198e-15	4.44008e-24	3.90625e-08	6.17632e-08	3.84096e-08	5.88947e-08
6.79631e-09	2.09808e-15	6.86062e-24	4.88281e-08	6.25305e-08	4.18238e-08	5.71876e-08
5.01797e-09	1.62125e-15	3.59858e-24	3.90625e-08	5.69429e-08	3.75561e-08	5.29199e-08
3.61467e-09	4.76837e-16	7.11978e-25	1.95312e-08	3.52105e-08	1.96316e-08	3.32883e-08
5.4467e-09	2.09808e-15	5.25487e-24	4.88281e-08	6.25305e-08	4.18238e-08	5.71876e-08
4.88238e-09	1.90735e-15	5.20178e-24	3.90625e-08	6.17632e-08	3.84096e-08	6.06018e-08
4.28301e-09	8.58307e-16	1.73383e-24	2.92969e-08	4.36732e-08	2.38993e-08	4.01167e-08
4.5968e-09	9.53674e-16	2.00933e-24	3.45267e-08	4.36732e-08	2.73135e-08	4.09703e-08
4.43483e-09	2.76566e-15	7.01613e-24	4.88281e-08	7.43728e-08	4.86522e-08	6.91373e-08
3.19585e-09	6.67572e-16	1.02022e-24	2.92969e-08	3.52105e-08	2.47529e-08	3.41419e-08
4.77363e-09	1.33514e-15	2.85291e-24	3.90625e-08	5.25895e-08	3.41419e-08	5.12128e-08
5.95846e-09	1.33514e-15	3.72933e-24	3.90625e-08	4.88281e-08	3.84096e-08	4.5238e-08
4.90265e-09	2.00272e-15	5.31619e-24	4.88281e-08	6.25305e-08	4.43844e-08	5.80412e-08
4.22144e-09	1.14441e-15	2.38027e-24	3.90625e-08	4.36732e-08	2.8167e-08	4.18238e-08
5.70429e-09	1.90735e-15	4.89426e-24	4.88281e-08	6.25305e-08	4.09703e-08	5.97483e-08
5.8652e-09	2.47955e-15	6.83374e-24	4.88281e-08	6.55098e-08	4.86522e-08	6.4016e-08
4.76345e-09	1.14441e-15	2.4228e-24	3.90625e-08	4.88281e-08	3.07277e-08	4.5238e-08
3.67615e-09	9.53674e-16	1.78999e-24	2.92969e-08	5.25895e-08	2.73135e-08	5.12128e-08
4.4514e-09	8.58307e-16	2.29848e-24	2.92969e-08	4.1432e-08	2.98741e-08	4.18238e-08
4.57038e-09	1.81198e-15	4.32988e-24	4.83374e-08	5.9402e-08	3.75561e-08	5.88947e-08
5.36189e-09	1.33514e-15	3.11272e-24	3.90625e-08	4.88281e-08	3.84096e-08	4.5238e-08
6.38014e-09	2.38419e-15	6.40831e-24	4.88281e-08	6.55098e-08	4.95057e-08	6.31625e-08
4.28536e-09	1.71661e-15	4.36076e-24	3.90625e-08	5.69429e-08	3.84096e-08	5.29199e-08
4.42671e-09	1.71661e-15	4.31381e-24	4.83374e-08	5.69429e-08	3.92632e-08	5.54805e-08
4.74113e-09	1.33514e-15	3.01836e-24	3.90625e-08	4.88281e-08	3.84096e-08	4.5238e-08
5.39823e-09	1.52588e-15	3.69363e-24	3.90625e-08	5.69429e-08	3.5849e-08	5.29199e-08
2.49477e-09	9.53674e-17	9.14778e-26	9.76562e-09	1.38107e-08	9.38902e-09	1.45103e-08
3.92166e-09	1.62125e-15	3.94226e-24	3.90625e-08	5.69429e-08	3.75561e-08	5.29199e-08
5.94546e-09	2.28882e-15	6.89848e-24	5.67752e-08	6.55098e-08	4.18238e-08	6.06018e-08
4.91335e-09	1.81198e-15	4.6775e-24	4.88281e-08	5.69429e-08	4.09703e-08	5.4627e-08
4.184e-09	1.33514e-15	3.20594e-24	3.90625e-08	4.88281e-08	3.84096e-08	4.5238e-08
4.07602e-09	8.58307e-16	1.48185e-24	2.92969e-08	4.36732e-08	2.04851e-08	4.26773e-08
5.65481e-09	1.90735e-15	4.57913e-24	4.88281e-08	5.69429e-08	4.09703e-08	5.54805e-08
4.09547e-09	1.43051e-15	2.71835e-24	3.90625e-08	5.52427e-08	3.15812e-08	5.12128e-08
4.00981e-09	8.58307e-16	1.6648e-24	2.92969e-08	4.36732e-08	2.38993e-08	4.01167e-08
4.50395e-09	1.33514e-15	3.33144e-24	3.90625e-08	5.25895e-08	3.41419e-08	5.12128e-08
5.99228e-09	2.38419e-15	6.32364e-24	4.88281e-08	6.55098e-08	4.95057e-08	6.31625e-08
4.46217e-09	1.81198e-15	3.79546e-24	4.83374e-08	5.69429e-08	4.09703e-08	5.37735e-08
4.28229e-09	9.53674e-16	2.34091e-24	2.92969e-08	4.36732e-08	2.98741e-08	4.09703e-08
4.76207e-09	1.04904e-15	2.45419e-24	2.92969e-08	4.88281e-08	2.98741e-08	4.69451e-08
4.45312e-09	1.71661e-15	3.7125e-24	3.90625e-08	5.69429e-08	3.84096e-08	5.20664e-08
3.66387e-09	6.67572e-16	1.00249e-24	2.92969e-08	3.52105e-08	2.47529e-08	3.41419e-08
5.416e-09	1.81198e-15	4.81875e-24	4.88281e-08	5.69429e-08	4.09703e-08	5.4627e-08
3.43465e-09	1.04904e-15	2.08875e-24	2.92969e-08	4.88281e-08	2.98741e-08	4.69451e-08
5.27686e-09	1.90735e-15	4.80046e-24	4.88281e-08	5.69429e-08	4.5238e-08	5.54805e-08
3.88431e-09	7.62939e-16	1.46294e-24	2.92969e-08	4.1432e-08	2.8167e-08	4.18238e-08
3.12761e-09	1.04904e-15	2.06772e-24	2.92969e-08	4.88281e-08	2.98741e-08	4.69451e-08
3.90848e-09	1.81198e-15	3.94616e-24	4.88281e-08	6.25305e-08	3.92632e-08	5.80412e-08
4.26037e-09	1.52588e-15	3.51146e-24	3.90625e-08	5.52427e-08	3.84096e-08	5.54805e-08
3.82193e-09	7.62939e-16	1.17347e-24	2.92969e-08	4.36732e-08	2.21922e-08	4.18238e-08
5.22037e-09	1.62125e-15	4.20403e-24	4.83374e-08	5.52427e-08	4.01167e-08	5.03593e-08
3.75319e-09	8.58307e-16	1.73429e-24	2.92969e-08	4.36732e-08	2.38993e-08	4.01167e-08
4.86202e-09	1.52588e-15	3.98136e-24	4.80405e-08	5.69429e-08	3.5849e-08	5.29199e-08
4.92764e-09	1.04904e-15	3.03549e-24	2.92969e-08	4.97951e-08	2.98741e-08	4.86522e-08
4.64833e-09	1.04904e-15	2.83092e-24	2.92969e-08	4.88281e-08	2.98741e-08	4.69451e-08
5.33114e-09	1.81198e-15	4.99127e-24	4.88281e-08	5.69429e-08	4.09703e-08	5.4627e-08
3.35008e-09	7.62939e-16	1.06003e-24	2.92969e-08	4.1432e-08	2.8167e-08	4.18238e-08
5.30737e-09	1.23978e-15	3.0224e-24	3.90625e-08	4.88281e-08	3.15812e-08	4.5238e-08
3.06556e-09	4.76837e-16	6.08549e-25	1.95312e-08	3.52105e-08	1.96316e-08	3.32883e-08
4.75759e-10	9.53674e-17	-5.0101e-26	9.76562e-09	1.38107e-08	9.38902e-09	1.45103e-08
4.83865e-09	1.71661e-15	4.32813e-24	3.90625e-08	5.69429e-08	3.84096e-08	5.29199e-08
3.28555e-09	5.72205e-16	6.44692e-25	2.76214e-08	4.1432e-08	1.96316e-08	3.49954e-08
3.26134e-09	3.8147e-16	5.41675e-25	1.95312e-08	2.76214e-08	1.96316e-08	2.8167e-08
4.99171e-09	1.14441e-15	2.93276e-24	3.90625e-08	4.88281e-08	3.07277e-08	4.5238e-08
4.58477e-09	1.33514e-15	3.57215e-24	3.90625e-08	4.88281e-08	3.84096e-08	4.5238e-08
5.28104e-09	1.62125e-15	4.49719e-24	4.80405e-08	5.69429e-08	3.84096e-08	5.29199e-08
4.86922e-09	2.09808e-15	5.59855e-24	4.88281e-08	6.25305e-08	4.69451e-08	6.06018e-08
5.36796e-09	1.14441e-15	3.00864e-24	3.90625e-08	4.88281e-08	3.07277e-08	4.5238e-08
3.7582e-09	9.53674e-17	2.28337e-26	9.76562e-09	1.38107e-08	9.38902e-09	1.45103e-08
4.33586e-09	1.04904e-15	1.6545e-24	3.90625e-08	4.36732e-08	3.15812e-08	4.18238e-08
4.58768e-09	1.14441e-15	2.66865e-24	2.92969e-08	5.25895e-08	2.98741e-08	4.86522e-08
4.14973e-09	1.52588e-15	3.64283e-24	3.90625e-08	5.52427e-08	3.92632e-08	5.20664e-08
3.80499e-09	8.58307e-16	2.19319e-24	2.92969e-08	4.1432e-08	2.98741e-08	4.18238e-08
4.17064e-09	4.76837e-16	8.13857e-25	2.76214e-08	3.08816e-08	1.45103e-08	2.98741e-08
4.44144e-09	1.04904e-15	2.57139e-24	2.92969e-08	4.88281e-08	2.98741e-08	4.69451e-08
4.61033e-09	9.53674e-16	1.92671e-24	2.92969e-08	4.36732e-08	2.98741e-08	4.09703e-08
4.70707e-09	1.33514e-15	3.79501e-24	2.92969e-08	5.69429e-08	2.90206e-08	5.63341e-08
3.96606e-09	1.14441e-15	2.17965e-24	3.90625e-08	4.88281e-08	2.98741e-08	4.86522e-08
4.95185e-09	2.38419e-15	6.01773e-24	4.88281e-08	6.55098e-08	4.86522e-08	6.4016e-08
5.21646e-09	1.62125e-15	4.16338e-24	3.90625e-08	5.69429e-08	3.75561e-08	5.29199e-08
1.94496e-09	9.53674e-17	1.64518e-27	9.76562e-09	1.38107e-08	9.38902e-09	1.45103e-08
4.40107e-09	1.52588e-15	3.155e-24	3.90625e-08	5.25895e-08	3.67025e-08	5.03593e-08
5.6523e-09	2.00272e-15	6.32105e-24	4.88281e-08	5.69429e-08	4.18238e-08	5.71876e-08
4.70787e-09	1.52588e-15	3.96861e-24	3.90625e-08	5.52427e-08	3.92632e-08	5.20664e-08
4.07828e-09	1.04904e-15	1.24331e-24	3.90625e-08	4.36732e-08	3.15812e-08	4.18238e-08
3.46205e-09	4.76837e-16	5.50664e-25	2.76214e-08	3.08816e-08	1.45103e-08	2.98741e-08
3.26427e-09	2.86102e-16	3.73657e-25	1.95312e-08	2.76214e-08	1.36568e-08	2.47529e-08
4.65833e-09	9.53674e-16	2.00377e-24	2.92969e-08	4.36732e-08	2.90206e-08	4.01167e-08
5.17469e-09	1.62125e-15	3.56869e-24	4.83374e-08	5.25895e-08	3.75561e-08	5.03593e-08
5.77313e-09	1.62125e-15	3.59948e-24	4.80405e-08	6.25305e-08	2.98741e-08	5.80412e-08
5.16213e-09	1.90735e-15	4.37982e-24	4.88281e-08	6.25305e-08	4.09703e-08	5.97483e-08
5.61173e-09	1.23978e-15	3.3612e-24	3.90625e-08	4.88281e-08	3.15812e-08	4.5238e-08
3.92634e-09	1.04904e-15	2.1069e-24	3.90625e-08	4.36732e-08	2.90206e-08	4.26773e-08
5.27421e-09	1.71661e-15	4.80834e-24	3.90625e-08	6.25305e-08	3.67025e-08	6.23089e-08
3.69778e-09	1.33514e-15	2.88919e-24	3.90625e-08	5.52427e-08	2.8167e-08	5.54805e-08
6.20387e-09	2.00272e-15	5.32751e-24	4.88281e-08	6.25305e-08	4.18238e-08	5.80412e-08
5.30777e-09	1.52588e-15	4.09091e-24	3.90625e-08	5.52427e-08	3.84096e-08	5.54805e-08
4.68227e-09	1.23978e-15	3.97953e-24	2.92969e-08	5.25895e-08	2.98741e-08	4.95057e-08
4.51231e-09	1.04904e-15	2.25469e-24	3.90625e-08	4.36732e-08	2.90206e-08	4.26773e-08
4.57103e-09	1.71661e-15	4.55658e-24	3.90625e-08	5.69429e-08	3.84096e-08	5.20664e-08
5.14414e-09	1.33514e-15	3.52441e-24	3.90625e-08	4.88281e-08	3.84096e-08	4.5238e-08
6.05562e-09	2.76566e-15	7.42226e-24	5.85937e-08	7.04209e-08	4.95057e-08	6.74302e-08
4.65373e-09	1.33514e-15	3.58796e-24	3.90625e-08	4.88281e-08	3.84096e-08	4.5238e-08
4.35899e-09	1.62125e-15	4.04474e-24	3.90625e-08	5.69429e-08	3.75561e-08	5.29199e-08
4.34306e-09	1.14441e-15	2.08226e-24	3.90625e-08	4.88281e-08	3.07277e-08	4.86522e-08
4.05251e-09	1.62125e-15	3.68386e-24	4.80405e-08	5.69429e-08	3.75561e-08	5.54805e-08
5.44659e-09	1.62125e-15	4.26189e-24	3.90625e-08	5.69429e-08	3.32883e-08	5.29199e-08
3.10679e-09	7.62939e-16	1.43374e-24	2.92969e-08	4.1432e-08	2.8167e-08	4.18238e-08
4.58031e-09	9.53674e-16	2.29857e-24	2.92969e-08	4.36732e-08	2.98741e-08	4.09703e-08
3.73593e-09	4.76837e-16	1.06692e-24	1.95312e-08	3.52105e-08	1.96316e-08	3.32883e-08
3.68232e-09	1.04904e-15	1.90116e-24	2.92969e-08	4.88281e-08	2.98741e-08	4.69451e-08
3.93832e-09	5.72205e-16	1.28804e-24	1.95312e-08	3.52105e-08	1.96316e-08	3.32883e-08
5.9436e-09	2.38419e-15	7.68284e-24	4.88281e-08	6.55098e-08	4.86522e-08	6.31625e-08
3.75967e-09	7.62939e-16	1.61171e-24	2.92969e-08	4.02647e-08	2.30458e-08	4.01167e-08
5.1597e-09	1.62125e-15	4.06229e-24	3.90625e-08	5.69429e-08	3.75561e-08	5.29199e-08
4.31178e-09	1.14441e-15	3.09026e-24	2.92969e-08	5.25895e-08	2.98741e-08	4.86522e-08
4.71611e-09	1.43051e-15	2.86267e-24	3.90625e-08	5.25895e-08	3.41419e-08	5.03593e-08
6.04968e-09	2.09808e-15	5.54823e-24	4.88281e-08	6.25305e-08	4.18238e-08	5.71876e-08
5.86465e-09	2.28882e-15	6.1484e-24	4.88281e-08	6.55098e-08	4.86522e-08	6.4016e-08
5.19759e-09	1.81198e-15	4.37484e-24	3.90625e-08	6.17632e-08	3.84096e-08	5.88947e-08
3.69825e-09	5.72205e-16	1.08328e-24	2.76214e-08	3.52105e-08	2.04851e-08	3.15812e-08
5.29867e-09	1.81198e-15	4.70877e-24	4.83374e-08	5.9402e-08	3.75561e-08	5.88947e-08
4.65055e-09	1.23978e-15	2.65259e-24	3.90625e-08	4.88281e-08	3.15812e-08	4.5238e-08
4.73641e-09	1.04904e-15	2.66263e-24	3.90625e-08	4.36732e-08	2.90206e-08	4.26773e-08
4.9943e-09	1.04904e-15	2.15165e-24	3.45267e-08	4.88281e-08	2.47529e-08	4.60915e-08
5.54369e-09	1.33514e-15	3.08576e-24	3.90625e-08	5.25895e-08	3.32883e-08	5.03593e-08
4.72268e-09	2.38419e-15	4.82559e-24	4.88281e-08	6.55098e-08	4.86522e-08	6.4016e-08
4.64425e-09	1.14441e-15	2.72985e-24	3.90625e-08	4.88281e-08	2.98741e-08	4.5238e-08
2.65264e-09	9.53674e-17	1.03343e-25	9.76562e-09	1.38107e-08	9.38902e-09	1.45103e-08
4.20971e-09	9.53674e-16	1.9093e-24	3.45267e-08	4.36732e-08	2.73135e-08	4.09703e-08
4.71081e-09	1.33514e-15	2.71969e-24	3.90625e-08	5.25895e-08	3.41419e-08	5.12128e-08
5.07858e-09	2.00272e-15	5.04825e-24	4.88281e-08	6.17632e-08	4.5238e-08	6.06018e-08
5.05692e-09	1.33514e-15	3.25383e-24	3.90625e-08	4.88281e-08	3.84096e-08	4.5238e-08
4.76048e-09	1.71661e-15	3.75122e-24	4.88281e-08	6.25305e-08	3.84096e-08	5.97483e-08
3.25079e-09	4.76837e-16	8.02453e-25	1.95312e-08	3.52105e-08	1.96316e-08	3.32883e-08
5.21169e-09	1.62125e-15	3.52013e-24	3.90625e-08	5.69429e-08	3.75561e-08	5.29199e-08
4.14815e-09	6.67572e-16	1.15098e-24	2.92969e-08	4.1432e-08	1.8778e-08	3.75561e-08
4.27314e-09	1.62125e-15	3.2922e-24	3.90625e-08	6.17632e-08	3.75561e-08	6.06018e-08
4.97651e-09	1.43051e-15	3.74626e-24	3.90625e-08	5.25895e-08	3.75561e-08	5.03593e-08
4.13811e-09	4.76837e-16	7.93576e-25	1.95312e-08	3.52105e-08	1.96316e-08	3.32883e-08
4.79712e-09	1.33514e-15	2.91537e-24	3.90625e-08	5.25895e-08	3.32883e-08	5.03593e-08
4.62793e-09	1.14441e-15	2.33294e-24	3.90625e-08	4.88281e-08	3.07277e-08	4.86522e-08
5.34628e-09	1.43051e-15	3.53302e-24	4.80405e-08	5.25895e-08	3.41419e-08	4.86522e-08
4.48184e-09	1.33514e-15	3.12462e-24	3.90625e-08	5.25895e-08	3.41419e-08	5.12128e-08
4.59219e-09	1.52588e-15	3.40102e-24	3.90625e-08	5.25895e-08	3.67025e-08	5.03593e-08
4.40259e-09	1.33514e-15	3.04926e-24	3.90625e-08	5.25895e-08	3.41419e-08	5.12128e-08
5.04836e-09	9.53674e-16	2.55745e-24	2.92969e-08	4.36732e-08	2.98741e-08	4.09703e-08
4.5399e-09	1.71661e-15	3.84211e-24	3.90625e-08	6.25305e-08	3.67025e-08	6.23089e-08
5.40258e-09	1.71661e-15	3.89233e-24	4.83374e-08	5.69429e-08	3.92632e-08	5.29199e-08
4.32721e-09	1.43051e-15	2.40047e-24	4.1432e-08	6.17632e-08	3.41419e-08	5.88947e-08
4.54072e-09	1.33514e-15	3.37791e-24	3.90625e-08	4.88281e-08	3.84096e-08	4.5238e-08
2.65569e-09	4.76837e-16	7.17267e-25	1.95312e-08	3.52105e-08	1.96316e-08	3.32883e-08
3.72335e-09	4.76837e-16	9.53357e-25	1.95312e-08	3.52105e-08	1.96316e-08	3.32883e-08
5.48013e-09	2.09808e-15	5.24038e-24	4.88281e-08	6.17632e-08	4.18238e-08	5.88947e-08
4.66469e-09	2.57492e-15	6.39374e-24	4.88281e-08	7.43728e-08	4.35309e-08	7.25515e-08
4.5796e-09	1.23978e-15	2.90764e-24	3.90625e-08	4.88281e-08	3.15812e-08	4.5238e-08
4.98748e-09	1.62125e-15	4.15615e-24	3.90625e-08	5.69429e-08	3.32883e-08	5.29199e-08
5.3568e-09	9.53674e-16	2.53779e-24	2.92969e-08	4.36732e-08	2.98741e-08	4.09703e-08
4.07099e-09	1.33514e-15	3.11711e-24	3.90625e-08	4.88281e-08	3.84096e-08	4.5238e-08
7.28201e-09	1.33514e-15	3.98224e-24	3.90625e-08	5.25895e-08	3.41419e-08	5.12128e-08
5.1262e-09	1.52588e-15	3.48682e-24	3.90625e-08	5.69429e-08	3.32883e-08	5.63341e-08
3.71733e-09	1.43051e-15	2.66336e-24	3.90625e-08	5.52427e-08	3.92632e-08	5.54805e-08
4.65537e-09	2.00272e-15	4.71113e-24	4.88281e-08	6.25305e-08	4.43844e-08	5.80412e-08
5.44746e-09	1.23978e-15	3.38161e-24	3.90625e-08	5.25895e-08	3.15812e-08	5.03593e-08
4.06067e-09	1.04904e-15	2.52284e-24	3.90625e-08	4.36732e-08	3.15812e-08	4.18238e-08
3.55896e-09	1.04904e-15	1.57322e-24	1.95312e-08	6.17632e-08	1.8778e-08	6.06018e-08
5.36659e-09	2.09808e-15	5.55687e-24	4.88281e-08	6.55098e-08	3.84096e-08	6.14554e-08
4.69822e-09	2.00272e-15	4.17802e-24	4.88281e-08	6.17632e-08	4.09703e-08	5.97483e-08
4.52898e-09	2.47955e-15	5.7486e-24	5.85937e-08	6.55098e-08	4.86522e-08	6.31625e-08
4.12607e-09	9.53674e-16	1.31103e-24	3.45267e-08	4.88281e-08	2.21922e-08	4.26773e-08
4.80052e-09	1.33514e-15	2.96107e-24	3.90625e-08	5.25895e-08	3.41419e-08	5.12128e-08
4.44171e-09	1.23978e-15	3.04473e-24	2.92969e-08	5.25895e-08	2.98741e-08	4.95057e-08
4.27149e-09	1.33514e-15	3.35571e-24	3.90625e-08	4.88281e-08	3.84096e-08	4.5238e-08
3.69119e-09	7.62939e-16	1.60617e-24	2.92969e-08	4.1432e-08	2.8167e-08	4.18238e-08
5.95871e-09	2.67029e-15	7.43228e-24	5.85937e-08	6.55098e-08	5.29199e-08	6.31625e-08
5.54617e-09	1.71661e-15	4.83254e-24	3.90625e-08	5.69429e-08	3.84096e-08	5.20664e-08
4.02872e-09	1.43051e-15	3.04763e-24	3.90625e-08	5.25895e-08	3.75561e-08	5.03593e-08
4.35682e-09	8.58307e-16	2.00981e-24	2.92969e-08	4.1432e-08	2.98741e-08	4.18238e-08
3.1933e-09	7.62939e-16	1.77474e-24	2.92969e-08	4.1432e-08	2.8167e-08	4.18238e-08
3.7789e-09	9.53674e-16	1.6297e-24	1.95312e-08	5.25895e-08	1.96316e-08	5.03593e-08
5.24808e-09	2.00272e-15	4.82317e-24	3.90625e-08	6.55098e-08	3.92632e-08	6.06018e-08
5.07964e-09	2.09808e-15	4.97715e-24	4.88281e-08	6.25305e-08	4.01167e-08	6.23089e-08
5.27068e-09	1.71661e-15	4.71404e-24	3.90625e-08	5.69429e-08	3.84096e-08	5.20664e-08
4.47934e-09	1.33514e-15	2.74515e-24	3.90625e-08	5.25895e-08	2.98741e-08	5.03593e-08
4.83257e-09	1.81198e-15	3.58941e-24	4.83374e-08	5.69429e-08	4.09703e-08	5.37735e-08
3.51784e-09	5.72205e-16	7.11211e-25	2.76214e-08	4.1432e-08	1.96316e-08	3.49954e-08
3.23116e-09	1.23978e-15	2.52932e-24	3.90625e-08	4.88281e-08	2.98741e-08	4.69451e-08
2.9755e-09	2.86102e-16	2.63538e-25	1.95312e-08	2.76214e-08	1.36568e-08	2.47529e-08
4.43253e-09	1.81198e-15	3.1687e-24	3.90625e-08	7.04209e-08	3.07277e-08	6.82838e-08
5.00737e-09	1.52588e-15	4.29784e-24	4.80405e-08	5.25895e-08	3.67025e-08	5.12128e-08
4.49645e-09	1.71661e-15	3.74434e-24	4.83374e-08	5.69429e-08	3.92632e-08	5.29199e-08
3.975e-09	7.62939e-16	1.48018e-24	2.92969e-08	4.1432e-08	2.8167e-08	4.18238e-08
4.75454e-09	9.53674e-16	2.02842e-24	2.92969e-08	4.36732e-08	2.98741e-08	4.09703e-08
5.28128e-09	1.43051e-15	3.64761e-24	4.1432e-08	5.25895e-08	3.32883e-08	5.03593e-08
5.11588e-09	1.71661e-15	4.30325e-24	4.80405e-08	6.25305e-08	3.92632e-08	6.14554e-08
4.98706e-09	9.53674e-16	2.69989e-24	2.92969e-08	4.36732e-08	2.98741e-08	4.09703e-08
4.42287e-09	1.33514e-15	3.13259e-24	3.90625e-08	5.25895e-08	3.41419e-08	5.12128e-08
4.66047e-09	1.43051e-15	3.27301e-24	3.90625e-08	5.25895e-08	3.41419e-08	5.03593e-08
4.42803e-09	1.52588e-15	4.23245e-24	3.90625e-08	5.52427e-08	3.92632e-08	5.20664e-08
5.09395e-09	1.43051e-15	3.92264e-24	3.90625e-08	5.25895e-08	3.75561e-08	5.03593e-08
5.95417e-09	1.81198e-15	4.81143e-24	4.83374e-08	5.69429e-08	4.09703e-08	5.37735e-08
4.97383e-09	1.33514e-15	2.76867e-24	3.90625e-08	4.88281e-08	3.84096e-08	4.5238e-08
1.09106e-09	9.53674e-17	1.58699e-26	9.76562e-09	1.38107e-08	9.38902e-09	1.45103e-08
3.36875e-09	2.86102e-16	1.98332e-25	1.95312e-08	2.76214e-08	1.36568e-08	2.47529e-08
4.65092e-09	1.04904e-15	2.55948e-24	3.90625e-08	4.36732e-08	3.15812e-08	4.18238e-08
4.65119e-09	1.71661e-15	4.42097e-24	4.83374e-08	5.69429e-08	3.92632e-08	5.29199e-08
4.05125e-09	8.58307e-16	1.89501e-24	2.92969e-08	4.1432e-08	2.98741e-08	4.18238e-08
5.04521e-09	2.09808e-15	5.98835e-24	4.88281e-08	6.25305e-08	4.18238e-08	5.71876e-08
6.00911e-09	1.43051e-15	3.71564e-24	3.90625e-08	5.25895e-08	3.75561e-08	5.03593e-08
4.34677e-09	1.14441e-15	2.56482e-24	3.90625e-08	4.88281e-08	2.98741e-08	4.5238e-08
4.43809e-09	5.72205e-16	1.08457e-24	2.76214e-08	4.1432e-08	1.96316e-08	3.49954e-08
5.9531e-09	2.00272e-15	5.75897e-24	4.88281e-08	6.25305e-08	4.26773e-08	6.14554e-08
5.49048e-09	1.90735e-15	4.73407e-24	4.88281e-08	6.25305e-08	3.67025e-08	6.06018e-08
4.25323e-09	9.53674e-16	2.0042e-24	3.45267e-08	4.36732e-08	2.73135e-08	4.09703e-08
4.53291e-09	1.33514e-15	2.98879e-24	3.90625e-08	5.25895e-08	3.32883e-08	5.03593e-08
5.23701e-09	1.04904e-15	2.24127e-24	3.90625e-08	4.36732e-08	3.15812e-08	4.18238e-08
4.73894e-09	2.86102e-15	7.70364e-24	4.88281e-08	7.8733e-08	4.86522e-08	7.3405e-08
5.62435e-09	6.67572e-16	5.98394e-25	2.76214e-08	4.36732e-08	1.96316e-08	4.26773e-08
4.9328e-09	1.23978e-15	2.82681e-24	3.90625e-08	5.25895e-08	2.98741e-08	5.03593e-08
4.39007e-09	2.38419e-15	6.24078e-24	4.88281e-08	6.55098e-08	4.86522e-08	6.4016e-08
4.40262e-09	5.72205e-16	6.80164e-26	2.0716e-08	4.88281e-08	9.38902e-09	4.86522e-08
4.67489e-09	1.71661e-15	3.79022e-24	4.88281e-08	5.69429e-08	4.01167e-08	5.54805e-08
3.75416e-09	3.8147e-16	7.48131e-25	1.95312e-08	3.08816e-08	1.96316e-08	2.98741e-08
4.6652e-09	1.33514e-15	2.66689e-24	3.90625e-08	5.25895e-08	2.90206e-08	5.03593e-08
4.96431e-09	2.28882e-15	5.44978e-24	4.88281e-08	6.25305e-08	4.86522e-08	5.97483e-08
3.96934e-09	9.53674e-16	1.99524e-24	2.92969e-08	4.36732e-08	2.98741e-08	4.09703e-08
4.90726e-09	1.43051e-15	3.17722e-24	3.90625e-08	5.25895e-08	3.75561e-08	5.03593e-08
5.02417e-09	1.14441e-15	3.34653e-24	2.92969e-08	4.88281e-08	2.98741e-08	4.86522e-08
4.42363e-09	1.62125e-15	4.20965e-24	3.90625e-08	5.69429e-08	3.92632e-08	5.54805e-08
4.87164e-09	1.43051e-15	3.11679e-24	4.1432e-08	5.52427e-08	3.15812e-08	4.95057e-08
4.56771e-09	1.33514e-15	3.27161e-24	3.90625e-08	5.25895e-08	3.41419e-08	5.12128e-08
5.39563e-09	1.52588e-15	4.2684e-24	3.90625e-08	5.69429e-08	3.92632e-08	5.20664e-08
3.61415e-09	4.76837e-16	4.67793e-25	1.95312e-08	3.52105e-08	1.96316e-08	3.32883e-08
4.86097e-09	2.00272e-15	4.68936e-24	4.88281e-08	6.17632e-08	4.35309e-08	5.88947e-08
4.04295e-09	2.00272e-15	4.11143e-24	4.80405e-08	7.6272e-08	3.15812e-08	7.3405e-08
5.6949e-09	1.52588e-15	4.74607e-24	3.90625e-08	5.52427e-08	3.84096e-08	5.54805e-08
4.50165e-09	8.58307e-16	1.94281e-24	2.92969e-08	4.36732e-08	2.38993e-08	4.01167e-08
4.52566e-09	2.00272e-15	5.01375e-24	4.88281e-08	6.25305e-08	4.18238e-08	5.80412e-08
3.9833e-09	1.33514e-15	3.02248e-24	3.90625e-08	4.88281e-08	3.84096e-08	4.5238e-08
4.93215e-09	1.33514e-15	3.25041e-24	3.90625e-08	4.88281e-08	3.84096e-08	4.5238e-08
5.43415e-09	5.72205e-16	5.26222e-25	2.76214e-08	4.1432e-08	1.96316e-08	3.49954e-08
6.13492e-09	1.71661e-15	4.6533e-24	3.90625e-08	5.69429e-08	3.84096e-08	5.20664e-08
3.6484e-09	4.76837e-16	2.22762e-25	2.0716e-08	4.1432e-08	1.36568e-08	3.75561e-08
2.80887e-09	7.62939e-16	1.09256e-24	2.92969e-08	4.36732e-08	1.96316e-08	4.09703e-08
3.89679e-09	7.62939e-16	1.48252e-24	2.92969e-08	4.1432e-08	2.8167e-08	4.18238e-08
4.07112e-09	6.67572e-16	7.72478e-25	2.76214e-08	4.36732e-08	1.96316e-08	4.26773e-08
4.51252e-09	1.04904e-15	2.37581e-24	3.90625e-08	4.36732e-08	3.15812e-08	4.18238e-08
4.91643e-09	1.52588e-15	4.16889e-24	3.90625e-08	5.52427e-08	3.92632e-08	5.20664e-08
4.31276e-09	1.43051e-15	3.20516e-24	4.1432e-08	5.25895e-08	3.32883e-08	5.03593e-08
3.56111e-09	8.58307e-16	2.12113e-24	2.92969e-08	4.1432e-08	2.98741e-08	4.18238e-08
5.33421e-09	1.71661e-15	4.52844e-24	3.90625e-08	6.17632e-08	3.92632e-08	6.06018e-08
5.3557e-09	2.38419e-15	6.29337e-24	4.88281e-08	6.55098e-08	4.86522e-08	6.31625e-08
4.55731e-09	8.58307e-16	2.07405e-24	2.92969e-08	4.36732e-08	2.04851e-08	4.26773e-08
5.46711e-09	2.00272e-15	5.66371e-24	4.88281e-08	6.25305e-08	4.18238e-08	5.80412e-08
4.68435e-09	1.71661e-15	4.31556e-24	3.90625e-08	7.10948e-08	2.8167e-08	6.91373e-08
4.72179e-09	1.62125e-15	4.54882e-24	3.90625e-08	5.69429e-08	3.75561e-08	5.29199e-08
3.42908e-09	5.72205e-16	1.09376e-24	1.95312e-08	3.52105e-08	1.96316e-08	3.32883e-08
4.65317e-09	1.81198e-15	4.79654e-24	4.88281e-08	5.69429e-08	4.09703e-08	5.4627e-08
5.76931e-09	1.81198e-15	4.37736e-24	4.83374e-08	6.25305e-08	3.75561e-08	6.14554e-08
6.0288e-09	2.19345e-15	5.8139e-24	4.88281e-08	6.55098e-08	4.77986e-08	6.31625e-08
5.67349e-09	2.95639e-15	8.05476e-24	5.85937e-08	7.43728e-08	5.29199e-08	7.08444e-08
5.18823e-09	1.90735e-15	5.03986e-24	4.88281e-08	5.69429e-08	4.09703e-08	5.54805e-08
3.79141e-09	6.67572e-16	1.262e-24	2.92969e-08	4.02647e-08	2.04851e-08	3.92632e-08
3.58758e-09	8.58307e-16	1.14962e-24	2.92969e-08	4.88281e-08	2.47529e-08	4.43844e-08
4.81101e-09	1.23978e-15	3.16926e-24	3.90625e-08	4.88281e-08	3.15812e-08	4.5238e-08
4.60013e-09	1.71661e-15	4.404e-24	3.90625e-08	5.69429e-08	3.84096e-08	5.20664e-08
4.97273e-09	1.33514e-15	2.9352e-24	3.90625e-08	5.25895e-08	3.41419e-08	5.12128e-08
4.87916e-09	1.23978e-15	2.75476e-24	2.92969e-08	5.25895e-08	2.98741e-08	4.95057e-08
4.84567e-09	1.52588e-15	3.61822e-24	3.90625e-08	5.9402e-08	3.07277e-08	5.80412e-08
5.52977e-09	2.09808e-15	5.20305e-24	4.88281e-08	6.17632e-08	4.69451e-08	6.06018e-08
4.19318e-09	1.62125e-15	3.92502e-24	3.90625e-08	5.69429e-08	3.92632e-08	5.54805e-08
4.31649e-09	8.58307e-16	1.4381e-24	2.92969e-08	4.88281e-08	2.47529e-08	4.43844e-08
4.42925e-09	2.57492e-15	6.29854e-24	5.85937e-08	6.55098e-08	4.86522e-08	6.4016e-08
3.65568e-09	1.04904e-15	2.49738e-24	2.92969e-08	4.88281e-08	2.98741e-08	4.69451e-08
4.07149e-09	1.33514e-15	2.23845e-24	3.90625e-08	4.88281e-08	3.84096e-08	4.5238e-08
4.92964e-09	1.04904e-15	1.79066e-24	3.45267e-08	4.88281e-08	2.47529e-08	4.60915e-08
4.2155e-09	1.23978e-15	2.59134e-24	3.90625e-08	4.88281e-08	3.15812e-08	4.5238e-08
5.5093e-09	1.62125e-15	4.04015e-24	3.90625e-08	6.17632e-08	3.75561e-08	5.97483e-08
4.64437e-09	1.62125e-15	3.51855e-24	4.80405e-08	5.69429e-08	3.41419e-08	5.37735e-08
4.39007e-09	1.14441e-15	2.02341e-24	3.90625e-08	4.88281e-08	3.07277e-08	4.86522e-08
3.31261e-09	1.23978e-15	2.43305e-24	3.90625e-08	4.88281e-08	3.15812e-08	4.5238e-08
4.11906e-09	7.62939e-16	1.77466e-24	2.92969e-08	4.1432e-08	2.8167e-08	4.18238e-08
5.23145e-09	1.81198e-15	4.77256e-24	4.83374e-08	5.69429e-08	4.09703e-08	5.37735e-08
5.09669e-09	2.09808e-15	5.45961e-24	4.88281e-08	6.17632e-08	4.69451e-08	6.06018e-08
4.37119e-09	1.62125e-15	4.33896e-24	3.90625e-08	5.69429e-08	3.75561e-08	5.29199e-08
3.83728e-09	7.62939e-16	1.67065e-24	2.92969e-08	4.1432e-08	2.8167e-08	4.18238e-08
4.80347e-09	1.81198e-15	4.40092e-24	4.88281e-08	6.17632e-08	3.75561e-08	5.88947e-08
5.42115e-09	1.90735e-15	4.5299e-24	4.88281e-08	6.17632e-08	3.92632e-08	6.06018e-08
4.36463e-09	1.62125e-15	4.17438e-24	4.83374e-08	5.25895e-08	3.75561e-08	5.03593e-08
4.62916e-09	1.23978e-15	2.98549e-24	3.90625e-08	4.88281e-08	2.98741e-08	4.69451e-08
5.04693e-09	2.47955e-15	6.0771e-24	5.85937e-08	6.55098e-08	4.86522e-08	6.4016e-08
4.00149e-09	1.43051e-15	3.03397e-24	3.90625e-08	5.25895e-08	3.75561e-08	5.03593e-08
5.11295e-09	2.09808e-15	5.84195e-24	4.88281e-08	6.25305e-08	4.26773e-08	5.97483e-08
4.80552e-09	1.23978e-15	2.10575e-24	3.90625e-08	4.97951e-08	3.32883e-08	4.86522e-08
5.05018e-09	1.90735e-15	5.16229e-24	4.88281e-08	5.69429e-08	4.5238e-08	5.54805e-08
4.17316e-09	9.53674e-16	9.58062e-25	3.45267e-08	4.36732e-08	2.73135e-08	4.09703e-08
3.79839e-09	8.58307e-16	1.61307e-24	2.92969e-08	4.36732e-08	2.38993e-08	4.01167e-08
4.41096e-09	1.81198e-15	4.41844e-24	4.88281e-08	5.69429e-08	4.09703e-08	5.4627e-08
3.91722e-09	7.62939e-16	1.49566e-24	2.92969e-08	4.02647e-08	2.30458e-08	4.01167e-08
5.61638e-09	1.81198e-15	4.77563e-24	4.88281e-08	5.69429e-08	3.92632e-08	5.54805e-08
3.63883e-09	7.62939e-16	1.54676e-24	2.92969e-08	4.36732e-08	2.30458e-08	4.09703e-08
4.7779e-09	1.23978e-15	3.29752e-24	3.90625e-08	4.88281e-08	3.15812e-08	4.5238e-08
5.22025e-09	2.19345e-15	5.63606e-24	4.88281e-08	6.25305e-08	4.86522e-08	5.80412e-08
4.92546e-09	1.62125e-15	4.49635e-24	3.90625e-08	5.69429e-08	3.92632e-08	5.54805e-08
4.49857e-09	9.53674e-16	2.38137e-24	2.92969e-08	4.36732e-08	2.98741e-08	4.09703e-08
5.68304e-09	1.71661e-15	5.14356e-24	3.90625e-08	5.69429e-08	3.84096e-08	5.29199e-08
5.62655e-09	2.19345e-15	6.62445e-24	4.88281e-08	6.25305e-08	4.86522e-08	5.80412e-08
5.47542e-09	1.90735e-15	5.20538e-24	4.88281e-08	5.69429e-08	4.09703e-08	5.54805e-08
4.49444e-09	1.23978e-15	3.07175e-24	3.90625e-08	4.88281e-08	3.15812e-08	4.5238e-08
4.29179e-09	1.43051e-15	3.31013e-24	3.90625e-08	5.25895e-08	3.75561e-08	5.03593e-08
3.88561e-09	1.33514e-15	3.19884e-24	3.90625e-08	4.88281e-08	3.84096e-08	4.5238e-08
5.62489e-09	1.52588e-15	3.45158e-24	4.1432e-08	5.69429e-08	3.32883e-08	5.54805e-08
5.80481e-09	2.19345e-15	5.71945e-24	4.88281e-08	6.25305e-08	4.77986e-08	5.88947e-08
5.39309e-09	1.71661e-15	4.37321e-24	4.83374e-08	5.69429e-08	3.92632e-08	5.54805e-08
4.41119e-09	1.62125e-15	4.41273e-24	3.90625e-08	5.69429e-08	3.75561e-08	5.29199e-08
4.67794e-09	1.33514e-15	3.43879e-24	3.90625e-08	5.25895e-08	2.98741e-08	4.95057e-08
4.41747e-09	1.43051e-15	3.35845e-24	3.90625e-08	5.25895e-08	3.75561e-08	5.03593e-08
5.00625e-09	1.14441e-15	2.07703e-24	3.90625e-08	4.88281e-08	2.73135e-08	4.43844e-08
4.47958e-09	1.71661e-15	4.08708e-24	3.90625e-08	5.69429e-08	3.84096e-08	5.20664e-08
4.80204e-09	1.62125e-15	3.38085e-24	4.60444e-08	5.69429e-08	3.07277e-08	5.29199e-08
5.74688e-09	1.62125e-15	4.55957e-24	3.90625e-08	5.69429e-08	3.92632e-08	5.54805e-08
5.68437e-09	1.81198e-15	3.9316e-24	4.83374e-08	5.69429e-08	4.09703e-08	5.37735e-08
4.86152e-09	1.04904e-15	2.31635e-24	3.90625e-08	4.36732e-08	2.90206e-08	4.26773e-08
4.23379e-09	1.14441e-15	2.0305e-24	3.90625e-08	4.88281e-08	3.07277e-08	4.86522e-08
4.69426e-09	1.33514e-15	3.43229e-24	3.90625e-08	4.88281e-08	3.84096e-08	4.5238e-08
5.32871e-09	2.00272e-15	4.62691e-24	4.88281e-08	5.69429e-08	4.18238e-08	5.71876e-08
5.30359e-09	2.09808e-15	6.25026e-24	4.88281e-08	6.25305e-08	4.18238e-08	5.71876e-08
5.01286e-09	1.43051e-15	3.74574e-24	3.90625e-08	5.52427e-08	3.92632e-08	5.54805e-08
4.57408e-09	1.52588e-15	3.92599e-24	3.90625e-08	5.52427e-08	3.84096e-08	5.54805e-08
5.12952e-09	1.14441e-15	2.57343e-24	3.90625e-08	4.88281e-08	2.98741e-08	4.86522e-08
4.91764e-09	1.81198e-15	3.98575e-24	4.80405e-08	6.55098e-08	3.32883e-08	6.31625e-08
4.79954e-09	2.00272e-15	5.44173e-24	4.88281e-08	6.25305e-08	4.43844e-08	5.80412e-08
3.10635e-09	2.86102e-16	4.20549e-25	1.95312e-08	2.76214e-08	1.36568e-08	2.47529e-08
4.74871e-09	1.43051e-15	3.37244e-24	3.90625e-08	5.25895e-08	3.75561e-08	5.03593e-08
4.88334e-09	1.62125e-15	4.28922e-24	3.90625e-08	6.17632e-08	3.84096e-08	6.06018e-08
4.87653e-09	1.81198e-15	5.01254e-24	4.88281e-08	5.69429e-08	4.09703e-08	5.4627e-08
4.79796e-09	1.52588e-15	4.20795e-24	4.80405e-08	5.25895e-08	3.67025e-08	5.12128e-08
5.73787e-09	1.62125e-15	2.81756e-24	4.83374e-08	5.25895e-08	3.75561e-08	5.03593e-08
4.22564e-09	1.52588e-15	3.4953e-24	3.90625e-08	5.25895e-08	3.67025e-08	5.03593e-08
5.29872e-09	2.00272e-15	5.10601e-24	4.88281e-08	5.69429e-08	4.18238e-08	5.71876e-08
3.85346e-09	1.14441e-15	1.97114e-24	3.90625e-08	4.88281e-08	3.07277e-08	4.86522e-08
4.69417e-09	7.62939e-16	9.09776e-25	2.92969e-08	4.36732e-08	2.21922e-08	4.18238e-08
5.12952e-09	7.62939e-16	1.35505e-24	1.95312e-08	4.36732e-08	1.96316e-08	4.18238e-08
4.35396e-09	1.33514e-15	2.43576e-24	3.90625e-08	5.25895e-08	3.32883e-08	5.03593e-08
5.16553e-09	1.81198e-15	4.4614e-24	4.83374e-08	5.69429e-08	4.09703e-08	5.37735e-08
4.79353e-09	1.71661e-15	4.86845e-24	4.83374e-08	5.69429e-08	3.92632e-08	5.29199e-08
5.2799e-09	1.62125e-15	4.64815e-24	3.90625e-08	5.69429e-08	3.75561e-08	5.29199e-08
4.22171e-09	1.33514e-15	2.41535e-24	3.90625e-08	5.25895e-08	3.41419e-08	5.12128e-08
5.22808e-09	1.71661e-15	3.91647e-24	3.90625e-08	6.25305e-08	3.67025e-08	6.23089e-08
4.49513e-09	1.33514e-15	2.92973e-24	3.90625e-08	5.25895e-08	3.41419e-08	5.12128e-08
5.33572e-09	1.90735e-15	4.45615e-24	4.83374e-08	6.55098e-08	3.92632e-08	6.14554e-08
5.546e-09	1.71661e-15	3.96522e-24	4.80405e-08	5.69429e-08	3.32883e-08	5.54805e-08
4.90166e-09	1.14441e-15	2.80144e-24	3.90625e-08	4.88281e-08	3.07277e-08	4.86522e-08
5.27477e-09	1.43051e-15	3.72739e-24	3.90625e-08	5.52427e-08	3.92632e-08	5.54805e-08
5.94405e-09	1.71661e-15	3.89811e-24	4.80405e-08	5.69429e-08	3.32883e-08	5.54805e-08
5.00982e-09	1.23978e-15	2.94441e-24	3.90625e-08	4.88281e-08	3.15812e-08	4.5238e-08
6.09422e-09	2.09808e-15	6.22707e-24	4.88281e-08	6.25305e-08	4.18238e-08	5.71876e-08
5.13906e-09	1.71661e-15	4.06566e-24	4.83374e-08	5.69429e-08	3.75561e-08	5.20664e-08
2.28739e-09	9.53674e-17	7.75956e-26	9.76562e-09	1.38107e-08	9.38902e-09	1.45103e-08
4.88751e-09	1.23978e-15	2.78656e-24	3.90625e-08	4.88281e-08	3.15812e-08	4.5238e-08
5.05953e-09	2.19345e-15	6.05543e-24	4.88281e-08	6.25305e-08	4.26773e-08	6.14554e-08
5.18691e-09	1.33514e-15	3.32432e-24	3.90625e-08	5.25895e-08	3.32883e-08	5.03593e-08
2.84493e-09	2.86102e-16	3.42713e-25	1.95312e-08	2.76214e-08	1.36568e-08	2.47529e-08
4.99003e-09	2.00272e-15	5.0271e-24	4.88281e-08	6.17632e-08	4.35309e-08	5.88947e-08
5.74422e-09	2.57492e-15	7.20201e-24	5.85937e-08	6.55098e-08	4.86522e-08	6.4016e-08
5.50399e-09	1.90735e-15	4.80386e-24	4.83374e-08	6.17632e-08	3.92632e-08	5.88947e-08
5.5703e-09	1.62125e-15	4.78882e-24	3.90625e-08	5.69429e-08	3.92632e-08	5.54805e-08
6.01411e-09	2.00272e-15	5.11036e-24	4.88281e-08	5.69429e-08	4.18238e-08	5.71876e-08
5.06596e-09	8.58307e-16	1.85339e-24	2.92969e-08	4.36732e-08	2.38993e-08	4.01167e-08
4.99325e-09	1.52588e-15	4.12131e-24	3.90625e-08	5.25895e-08	3.67025e-08	5.03593e-08
5.10206e-09	1.33514e-15	3.70641e-24	3.90625e-08	5.52427e-08	2.8167e-08	5.54805e-08
4.6079e-09	1.23978e-15	2.83754e-24	3.90625e-08	4.88281e-08	2.98741e-08	4.69451e-08
5.41828e-09	1.90735e-15	4.96026e-24	4.88281e-08	6.25305e-08	3.92632e-08	6.14554e-08
4.26802e-09	1.71661e-15	3.42218e-24	3.90625e-08	6.17632e-08	3.92632e-08	6.06018e-08
4.85787e-09	1.04904e-15	9.57237e-25	3.45267e-08	5.52427e-08	2.04851e-08	5.54805e-08
5.04358e-09	1.43051e-15	3.48316e-24	3.90625e-08	5.25895e-08	3.75561e-08	5.03593e-08
5.63156e-09	1.81198e-15	4.41101e-24	3.90625e-08	6.55098e-08	3.75561e-08	6.14554e-08
4.69257e-09	1.90735e-15	4.9281e-24	3.90625e-08	6.17632e-08	3.84096e-08	6.06018e-08
4.03723e-09	7.62939e-16	1.04069e-24	2.76214e-08	4.88281e-08	2.04851e-08	4.5238e-08
5.12682e-09	1.33514e-15	3.09879e-24	3.90625e-08	5.25895e-08	3.41419e-08	5.12128e-08
3.95717e-09	1.33514e-15	3.01038e-24	3.90625e-08	4.88281e-08	3.84096e-08	4.5238e-08
3.54627e-09	1.52588e-15	2.91224e-24	3.90625e-08	6.17632e-08	2.73135e-08	6.06018e-08
5.42331e-09	1.81198e-15	4.23544e-24	4.83374e-08	5.69429e-08	4.09703e-08	5.37735e-08
5.55408e-09	2.09808e-15	5.57562e-24	4.88281e-08	6.25305e-08	4.18238e-08	5.71876e-08
3.94695e-09	5.72205e-16	1.40175e-24	1.95312e-08	3.52105e-08	1.96316e-08	3.32883e-08
3.82363e-09	1.52588e-15	3.41869e-24	3.90625e-08	5.69429e-08	3.92632e-08	5.20664e-08
4.9112e-09	1.62125e-15	3.85034e-24	3.90625e-08	5.69429e-08	3.32883e-08	5.29199e-08
5.84986e-09	2.09808e-15	5.02304e-24	4.88281e-08	6.17632e-08	4.69451e-08	6.06018e-08
3.60332e-09	8.58307e-16	1.80006e-24	2.92969e-08	4.1432e-08	2.98741e-08	4.18238e-08
4.88803e-09	1.90735e-15	4.70445e-24	4.88281e-08	5.69429e-08	4.09703e-08	5.54805e-08
4.76391e-09	1.23978e-15	1.61049e-24	3.90625e-08	5.52427e-08	3.24348e-08	4.86522e-08
4.59645e-09	1.62125e-15	2.57913e-24	4.83374e-08	5.25895e-08	3.75561e-08	5.03593e-08
4.69281e-09	1.33514e-15	3.01624e-24	3.90625e-08	5.69429e-08	2.8167e-08	5.20664e-08
4.29447e-09	1.81198e-15	4.32111e-24	4.88281e-08	5.69429e-08	4.26773e-08	5.37735e-08
4.10507e-09	7.62939e-16	1.70457e-24	2.92969e-08	4.02647e-08	2.30458e-08	4.01167e-08
4.85558e-09	1.62125e-15	3.75807e-24	4.83374e-08	5.25895e-08	3.75561e-08	5.03593e-08
6.31948e-09	2.19345e-15	6.04204e-24	4.88281e-08	6.25305e-08	4.77986e-08	5.88947e-08
5.35065e-09	1.71661e-15	4.13916e-24	4.80405e-08	5.69429e-08	3.32883e-08	5.54805e-08
5.37225e-09	1.71661e-15	4.24409e-24	3.90625e-08	5.69429e-08	3.84096e-08	5.29199e-08
4.39229e-09	1.62125e-15	4.22881e-24	3.90625e-08	5.69429e-08	3.75561e-08	5.29199e-08
3.76723e-09	1.23978e-15	2.51165e-24	2.92969e-08	5.25895e-08	2.98741e-08	4.95057e-08
3.30162e-09	6.67572e-16	1.15176e-24	2.92969e-08	3.52105e-08	2.47529e-08	3.41419e-08
4.96493e-09	2.00272e-15	5.64365e-24	4.88281e-08	6.25305e-08	4.43844e-08	5.80412e-08
4.9483e-09	1.62125e-15	3.62006e-24	4.83374e-08	5.25895e-08	3.75561e-08	5.03593e-08
4.8304e-09	1.04904e-15	2.55038e-24	3.90625e-08	4.36732e-08	2.90206e-08	4.26773e-08
5.02898e-09	1.81198e-15	4.28001e-24	4.88281e-08	5.69429e-08	4.09703e-08	5.4627e-08
4.53591e-09	1.43051e-15	3.92349e-24	3.90625e-08	5.25895e-08	3.75561e-08	5.03593e-08
4.06943e-09	6.67572e-16	1.42627e-24	2.92969e-08	3.52105e-08	2.47529e-08	3.41419e-08
3.92377e-09	8.58307e-16	1.8711e-24	2.92969e-08	4.36732e-08	2.38993e-08	4.01167e-08
5.03609e-09	1.62125e-15	4.15112e-24	3.90625e-08	5.69429e-08	3.75561e-08	5.29199e-08
4.39261e-09	9.53674e-16	2.27203e-24	2.92969e-08	4.36732e-08	2.98741e-08	4.09703e-08
5.25634e-09	2.00272e-15	5.43023e-24	4.88281e-08	6.17632e-08	4.35309e-08	5.88947e-08
4.89218e-09	1.90735e-15	5.23631e-24	4.88281e-08	5.69429e-08	4.09703e-08	5.54805e-08
5.51058e-09	1.52588e-15	3.48321e-24	4.1432e-08	5.69429e-08	3.32883e-08	5.54805e-08
4.41207e-09	1.52588e-15	3.65565e-24	3.90625e-08	5.69429e-08	3.92632e-08	5.4627e-08
3.9341e-09	8.58307e-16	1.97551e-24	2.92969e-08	4.1432e-08	2.98741e-08	4.18238e-08
5.39946e-09	1.33514e-15	2.90947e-24	3.90625e-08	5.52427e-08	2.98741e-08	5.12128e-08
4.24186e-09	1.62125e-15	3.26773e-24	3.90625e-08	5.69429e-08	3.75561e-08	5.29199e-08
4.36872e-09	1.04904e-15	2.08812e-24	3.90625e-08	4.36732e-08	3.15812e-08	4.18238e-08
3.92469e-09	7.62939e-16	1.55924e-24	2.92969e-08	4.1432e-08	2.8167e-08	4.18238e-08
4.77073e-09	1.04904e-15	2.08861e-24	2.92969e-08	4.97951e-08	2.98741e-08	4.86522e-08
3.75348e-09	8.58307e-16	1.71148e-24	2.92969e-08	4.1432e-08	2.98741e-08	4.18238e-08
4.50731e-09	1.23978e-15	2.8678e-24	3.90625e-08	4.88281e-08	3.15812e-08	4.5238e-08
4.18463e-09	1.52588e-15	3.85013e-24	3.90625e-08	5.69429e-08	3.92632e-08	5.20664e-08
5.13373e-09	2.19345e-15	5.3552e-24	5.52427e-08	6.55098e-08	4.43844e-08	6.14554e-08
5.01097e-09	1.90735e-15	4.90225e-24	4.88281e-08	5.69429e-08	4.09703e-08	5.54805e-08
4.20874e-09	1.23978e-15	3.19789e-24	2.92969e-08	5.25895e-08	2.98741e-08	4.95057e-08
4.43597e-09	1.14441e-15	2.69702e-24	3.90625e-08	4.88281e-08	3.07277e-08	4.5238e-08
5.94263e-09	1.43051e-15	3.81283e-24	3.90625e-08	5.69429e-08	3.15812e-08	5.29199e-08
5.14723e-09	1.33514e-15	3.33292e-24	3.90625e-08	5.25895e-08	3.41419e-08	5.12128e-08
4.70826e-09	1.14441e-15	2.6925e-24	3.90625e-08	4.97951e-08	3.32883e-08	4.95057e-08
3.39848e-09	8.58307e-16	1.64629e-24	2.92969e-08	4.1432e-08	2.98741e-08	4.18238e-08
5.31533e-09	2.00272e-15	4.6239e-24	4.88281e-08	5.69429e-08	4.18238e-08	5.71876e-08
4.81644e-09	1.23978e-15	3.42835e-24	3.90625e-08	4.88281e-08	2.98741e-08	4.69451e-08
5.34525e-09	1.52588e-15	3.91544e-24	3.90625e-08	5.52427e-08	3.92632e-08	5.20664e-08
4.01612e-09	1.23978e-15	2.87268e-24	3.90625e-08	4.88281e-08	3.15812e-08	4.5238e-08
6.82028e-09	8.58307e-16	2.39999e-24	2.92969e-08	4.36732e-08	2.38993e-08	4.01167e-08
4.16884e-09	1.90735e-15	4.92564e-24	3.90625e-08	6.17632e-08	3.84096e-08	6.06018e-08
4.99355e-09	1.52588e-15	4.00321e-24	3.90625e-08	5.25895e-08	3.67025e-08	5.03593e-08
4.65907e-09	1.23978e-15	3.21743e-24	3.90625e-08	5.25895e-08	2.98741e-08	5.03593e-08
4.4208e-09	9.53674e-16	2.07074e-24	2.92969e-08	4.36732e-08	2.98741e-08	4.09703e-08
4.33859e-09	2.09808e-15	4.64704e-24	3.90625e-08	7.43728e-08	3.92632e-08	6.99908e-08
5.90214e-09	2.19345e-15	5.5401e-24	4.88281e-08	6.55098e-08	4.43844e-08	6.14554e-08
3.97232e-09	2.38419e-15	5.82714e-24	4.83374e-08	7.8733e-08	4.18238e-08	7.76728e-08
5.55411e-09	2.00272e-15	5.56875e-24	4.88281e-08	5.69429e-08	4.18238e-08	5.71876e-08
5.87613e-09	1.62125e-15	3.57466e-24	4.80405e-08	5.69429e-08	3.41419e-08	5.63341e-08
5.03637e-09	9.53674e-16	2.84478e-24	2.92969e-08	4.36732e-08	2.98741e-08	4.09703e-08
2.98056e-09	2.86102e-16	2.81145e-25	1.95312e-08	2.76214e-08	1.36568e-08	2.47529e-08
4.99925e-09	1.81198e-15	4.94748e-24	4.83374e-08	5.69429e-08	4.09703e-08	5.37735e-08
5.65339e-09	1.62125e-15	4.32479e-24	3.90625e-08	5.69429e-08	3.75561e-08	5.29199e-08
5.18578e-09	2.09808e-15	5.6581e-24	4.88281e-08	6.25305e-08	4.18238e-08	5.71876e-08
3.91157e-09	1.04904e-15	1.6161e-24	3.45267e-08	4.88281e-08	2.47529e-08	4.60915e-08
4.57825e-09	2.09808e-15	5.34997e-24	4.88281e-08	6.25305e-08	4.18238e-08	5.71876e-08
4.5394e-09	1.43051e-15	3.45077e-24	3.90625e-08	5.25895e-08	3.41419e-08	5.03593e-08
4.85878e-09	1.62125e-15	4.13953e-24	4.83374e-08	5.25895e-08	3.75561e-08	5.03593e-08
3.4946e-09	8.58307e-16	1.49955e-24	2.92969e-08	4.36732e-08	2.38993e-08	4.01167e-08
4.45098e-09	1.33514e-15	3.56582e-24	3.90625e-08	4.88281e-08	3.84096e-08	4.5238e-08
5.1928e-09	2.09808e-15	5.5937e-24	5.52427e-08	6.55098e-08	4.01167e-08	6.23089e-08
5.77822e-09	2.38419e-15	6.14309e-24	5.67752e-08	6.55098e-08	3.75561e-08	6.4016e-08
4.12888e-09	1.14441e-15	2.64303e-24	3.90625e-08	4.88281e-08	3.07277e-08	4.5238e-08
4.93249e-09	1.81198e-15	4.77932e-24	3.90625e-08	6.55098e-08	3.92632e-08	6.06018e-08
5.98177e-09	1.14441e-15	2.86806e-24	2.92969e-08	5.25895e-08	2.98741e-08	4.86522e-08
3.92861e-09	5.72205e-16	1.11674e-24	1.95312e-08	3.52105e-08	1.96316e-08	3.32883e-08
3.09198e-09	8.58307e-16	8.59131e-25	3.45267e-08	4.36732e-08	2.47529e-08	4.18238e-08
5.0267e-09	2.00272e-15	4.77222e-24	4.88281e-08	6.17632e-08	4.35309e-08	5.88947e-08
2.53652e-09	1.90735e-16	2.14479e-25	9.76562e-09	2.18366e-08	9.38902e-09	2.13387e-08
4.35435e-09	1.90735e-15	4.41661e-24	4.88281e-08	5.69429e-08	4.5238e-08	5.54805e-08
4.62086e-09	1.52588e-15	3.9284e-24	3.90625e-08	5.52427e-08	3.92632e-08	5.20664e-08
3.84722e-09	9.53674e-16	2.23696e-24	2.92969e-08	4.36732e-08	2.98741e-08	4.09703e-08
4.11456e-09	1.23978e-15	2.33118e-24	3.90625e-08	5.69429e-08	2.47529e-08	5.37735e-08
3.81173e-09	1.14441e-15	2.21809e-24	2.92969e-08	4.88281e-08	2.98741e-08	4.86522e-08
5.01328e-09	1.62125e-15	3.81464e-24	3.90625e-08	5.69429e-08	3.75561e-08	5.29199e-08
4.36904e-09	2.09808e-15	5.1335e-24	4.88281e-08	6.25305e-08	4.18238e-08	5.71876e-08
6.05798e-09	1.52588e-15	3.10964e-24	3.90625e-08	5.25895e-08	3.67025e-08	5.03593e-08
6.29971e-09	2.47955e-15	6.8845e-24	4.88281e-08	7.04209e-08	4.86522e-08	6.65767e-08
3.85635e-09	6.67572e-16	9.61218e-25	2.92969e-08	4.02647e-08	2.04851e-08	3.92632e-08
4.60735e-09	1.33514e-15	3.27423e-24	3.90625e-08	5.25895e-08	3.32883e-08	5.03593e-08
3.39259e-09	5.72205e-16	1.03837e-24	1.95312e-08	3.52105e-08	1.96316e-08	3.32883e-08
4.34774e-09	1.04904e-15	2.68679e-24	3.90625e-08	4.36732e-08	3.15812e-08	4.18238e-08
3.4984e-09	1.04904e-15	2.08935e-24	2.92969e-08	4.97951e-08	2.98741e-08	4.86522e-08
3.69395e-09	6.67572e-16	1.16831e-24	2.92969e-08	3.52105e-08	2.47529e-08	3.41419e-08
4.68212e-09	1.33514e-15	2.72484e-24	3.90625e-08	4.88281e-08	3.84096e-08	4.5238e-08
4.48229e-09	9.53674e-16	1.97722e-24	2.92969e-08	4.88281e-08	2.90206e-08	4.5238e-08
4.03502e-09	9.53674e-16	1.79208e-24	2.92969e-08	4.36732e-08	2.98741e-08	4.09703e-08
5.55074e-09	1.81198e-15	5.46707e-24	4.88281e-08	5.69429e-08	4.09703e-08	5.4627e-08
5.08586e-09	2.09808e-15	5.72871e-24	4.88281e-08	6.17632e-08	4.69451e-08	6.06018e-08
4.45215e-09	1.14441e-15	3.01841e-24	2.92969e-08	4.88281e-08	2.98741e-08	4.86522e-08
4.2952e-09	1.23978e-15	2.83699e-24	3.90625e-08	4.88281e-08	3.15812e-08	4.5238e-08
4.91403e-09	1.52588e-15	3.44628e-24	4.80405e-08	5.25895e-08	3.67025e-08	5.12128e-08
4.22356e-09	7.62939e-16	1.86174e-24	2.92969e-08	4.02647e-08	2.30458e-08	4.01167e-08
5.19372e-09	2.09808e-15	5.28851e-24	4.88281e-08	6.17632e-08	4.18238e-08	5.88947e-08
3.6482e-09	2.28882e-15	5.19709e-24	3.90625e-08	8.05294e-08	3.92632e-08	7.93799e-08
4.56142e-09	2.38419e-15	5.65999e-24	3.90625e-08	7.43728e-08	3.92632e-08	7.08444e-08
4.67731e-09	5.72205e-16	8.18996e-25	2.92969e-08	3.52105e-08	1.96316e-08	3.41419e-08
5.00135e-09	2.57492e-15	6.18323e-24	5.67752e-08	8.05294e-08	4.18238e-08	7.93799e-08
3.46402e-09	8.58307e-16	1.63972e-24	2.92969e-08	4.36732e-08	2.38993e-08	4.01167e-08
4.65018e-09	9.53674e-16	2.44531e-24	2.92969e-08	4.36732e-08	2.98741e-08	4.09703e-08
4.59665e-09	1.62125e-15	4.41873e-24	3.90625e-08	5.69429e-08	3.75561e-08	5.29199e-08
5.53006e-09	1.81198e-15	4.84034e-24	4.83374e-08	6.17632e-08	3.75561e-08	5.97483e-08
5.29911e-09	1.62125e-15	4.87811e-24	3.90625e-08	5.69429e-08	3.75561e-08	5.29199e-08
4.58361e-09	2.57492e-15	5.39692e-24	4.88281e-08	7.43728e-08	4.5238e-08	6.99908e-08
4.47045e-09	1.04904e-15	2.46384e-24	3.90625e-08	4.36732e-08	3.15812e-08	4.18238e-08
4.14528e-09	1.04904e-15	2.6954e-24	2.92969e-08	4.88281e-08	2.98741e-08	4.69451e-08
5.1151e-09	1.52588e-15	4.10792e-24	3.90625e-08	5.25895e-08	3.67025e-08	5.03593e-08
3.08627e-09	3.8147e-16	6.66722e-25	1.95312e-08	2.76214e-08	1.96316e-08	2.8167e-08
3.86248e-09	1.33514e-15	3.13162e-24	3.90625e-08	4.88281e-08	3.84096e-08	4.5238e-08
4.69312e-09	2.47955e-15	5.90352e-24	5.85937e-08	6.55098e-08	4.86522e-08	6.4016e-08
3.83024e-09	1.04904e-15	2.38097e-24	2.92969e-08	4.97951e-08	2.98741e-08	4.86522e-08
4.02901e-09	1.33514e-15	2.64605e-24	2.92969e-08	5.69429e-08	2.90206e-08	5.63341e-08
4.08128e-09	9.53674e-16	2.11818e-24	2.92969e-08	4.36732e-08	2.98741e-08	4.09703e-08
3.95371e-09	1.23978e-15	2.96759e-24	3.90625e-08	4.88281e-08	3.15812e-08	4.5238e-08
4.92152e-09	1.71661e-15	4.35905e-24	3.90625e-08	5.69429e-08	3.84096e-08	5.20664e-08
4.8665e-09	9.53674e-16	2.51396e-24	2.92969e-08	4.36732e-08	2.98741e-08	4.09703e-08
3.34285e-09	7.62939e-16	1.10876e-24	2.92969e-08	4.1432e-08	2.8167e-08	4.18238e-08
4.98731e-09	1.62125e-15	4.2896e-24	4.83374e-08	5.52427e-08	4.01167e-08	5.03593e-08
5.18454e-09	1.52588e-15	3.67474e-24	3.90625e-08	5.25895e-08	3.67025e-08	5.03593e-08
5.28003e-09	2.38419e-15	6.3543e-24	5.85937e-08	6.55098e-08	4.95057e-08	6.14554e-08
5.6929e-09	1.52588e-15	4.74017e-24	3.90625e-08	5.69429e-08	3.5849e-08	5.29199e-08
3.62298e-09	6.67572e-16	1.32468e-24	2.92969e-08	3.52105e-08	2.47529e-08	3.41419e-08
4.71365e-09	1.71661e-15	4.64384e-24	3.90625e-08	5.69429e-08	3.84096e-08	5.29199e-08
4.33727e-09	1.33514e-15	3.62997e-24	3.90625e-08	4.88281e-08	3.84096e-08	4.5238e-08
4.96525e-09	1.43051e-15	3.37104e-24	3.90625e-08	5.25895e-08	3.75561e-08	5.03593e-08
4.02798e-09	1.14441e-15	2.4385e-24	3.90625e-08	4.36732e-08	2.8167e-08	4.18238e-08
5.44814e-09	1.43051e-15	3.68258e-24	3.90625e-08	5.52427e-08	3.92632e-08	5.54805e-08
3.17849e-09	5.72205e-16	1.17014e-24	1.95312e-08	3.52105e-08	1.96316e-08	3.32883e-08
4.12188e-09	1.33514e-15	3.05124e-24	3.90625e-08	4.88281e-08	3.84096e-08	4.5238e-08
4.29641e-09	1.90735e-15	4.19449e-24	4.88281e-08	5.69429e-08	4.5238e-08	5.54805e-08
5.20438e-09	9.53674e-16	2.75306e-24	2.92969e-08	4.36732e-08	2.98741e-08	4.09703e-08
3.18267e-09	5.72205e-16	9.28434e-25	1.95312e-08	3.52105e-08	1.96316e-08	3.32883e-08
5.15844e-09	1.81198e-15	4.91071e-24	4.83374e-08	5.69429e-08	4.09703e-08	5.37735e-08
3.74574e-09	6.67572e-16	1.07033e-24	2.76214e-08	4.1432e-08	1.45103e-08	4.18238e-08
5.48413e-09	1.52588e-15	4.28021e-24	3.90625e-08	5.52427e-08	3.84096e-08	5.54805e-08
2.98223e-09	1.90735e-16	3.71642e-25	9.76562e-09	2.18366e-08	9.38902e-09	2.13387e-08
5.10037e-09	2.38419e-15	5.5793e-24	5.52427e-08	7.6272e-08	4.86522e-08	6.99908e-08
4.73148e-09	1.52588e-15	3.27693e-24	3.90625e-08	5.25895e-08	3.67025e-08	5.03593e-08
4.77575e-09	1.52588e-15	3.81213e-24	3.90625e-08	5.52427e-08	3.92632e-08	5.20664e-08
5.61827e-09	1.71661e-15	4.77602e-24	4.83374e-08	5.69429e-08	3.92632e-08	5.29199e-08
4.34198e-09	1.23978e-15	2.78888e-24	3.90625e-08	4.88281e-08	3.15812e-08	4.5238e-08
3.0306e-09	4.76837e-16	7.02029e-25	1.95312e-08	3.52105e-08	1.96316e-08	3.32883e-08
4.65559e-09	1.52588e-15	3.71939e-24	3.90625e-08	5.69429e-08	3.92632e-08	5.20664e-08
5.10873e-09	1.81198e-15	4.84249e-24	4.88281e-08	5.69429e-08	4.09703e-08	5.4627e-08
4.75729e-09	1.43051e-15	3.30588e-24	3.90625e-08	5.69429e-08	3.15812e-08	5.4627e-08
4.52281e-09	1.62125e-15	3.95992e-24	3.90625e-08	5.69429e-08	3.75561e-08	5.29199e-08
5.56802e-09	1.81198e-15	3.03454e-24	4.83374e-08	5.69429e-08	4.09703e-08	5.37735e-08
6.0775e-09	2.19345e-15	6.49632e-24	4.88281e-08	6.55098e-08	4.5238e-08	6.31625e-08
5.12153e-09	7.62939e-16	8.92171e-25	2.76214e-08	4.88281e-08	2.04851e-08	4.5238e-08
5.45142e-09	1.33514e-15	3.11242e-24	3.90625e-08	5.25895e-08	3.41419e-08	5.12128e-08
3.75384e-09	1.62125e-15	3.679e-24	3.90625e-08	5.69429e-08	3.75561e-08	5.29199e-08
4.7104e-09	1.62125e-15	4.05108e-24	3.90625e-08	5.69429e-08	3.75561e-08	5.29199e-08
5.14391e-09	1.81198e-15	4.67642e-24	4.88281e-08	5.69429e-08	4.26773e-08	5.37735e-08
4.69538e-09	1.23978e-15	2.93603e-24	3.90625e-08	4.88281e-08	2.98741e-08	4.69451e-08
5.63197e-09	1.81198e-15	3.57966e-24	4.83374e-08	5.69429e-08	4.09703e-08	5.37735e-08
2.66983e-09	9.53674e-17	9.51956e-26	9.76562e-09	1.38107e-08	9.38902e-09	1.45103e-08
5.2308e-09	1.04904e-15	8.44514e-25	3.45267e-08	5.52427e-08	2.04851e-08	5.54805e-08
5.84974e-09	1.23978e-15	3.56519e-24	3.90625e-08	5.25895e-08	3.15812e-08	5.03593e-08
4.40387e-09	1.62125e-15	4.00701e-24	4.83374e-08	5.25895e-08	3.75561e-08	5.03593e-08
4.27785e-09	8.58307e-16	1.82105e-24	3.45267e-08	4.36732e-08	2.47529e-08	4.18238e-08
4.49459e-09	1.43051e-15	3.58867e-24	3.90625e-08	5.52427e-08	3.92632e-08	5.54805e-08
4.53121e-09	1.23978e-15	2.8583e-24	3.90625e-08	4.88281e-08	3.15812e-08	4.5238e-08
4.96979e-09	3.33786e-15	8.79464e-24	4.88281e-08	8.34375e-08	4.86522e-08	8.1087e-08
4.8932e-09	2.47955e-15	6.66753e-24	5.52427e-08	6.55098e-08	4.69451e-08	6.14554e-08
4.78835e-09	2.09808e-15	5.78714e-24	4.88281e-08	6.25305e-08	4.18238e-08	5.71876e-08
3.57381e-09	6.67572e-16	1.18157e-24	2.92969e-08	3.52105e-08	2.47529e-08	3.41419e-08
4.37364e-09	1.23978e-15	2.88467e-24	3.90625e-08	4.88281e-08	3.15812e-08	4.5238e-08
4.78318e-09	1.33514e-15	3.07219e-24	3.90625e-08	4.88281e-08	3.84096e-08	4.5238e-08
4.34868e-09	8.58307e-16	6.63119e-25	2.92969e-08	4.88281e-08	2.47529e-08	4.43844e-08
4.11843e-09	1.04904e-15	2.12537e-24	3.70579e-08	5.52427e-08	2.98741e-08	5.54805e-08
4.5038e-09	1.43051e-15	3.38652e-24	3.90625e-08	5.25895e-08	3.75561e-08	5.03593e-08
5.34027e-09	1.52588e-15	3.55674e-24	3.90625e-08	5.25895e-08	3.67025e-08	5.03593e-08
4.75311e-09	2.38419e-15	5.37078e-24	4.88281e-08	7.43728e-08	4.09703e-08	7.08444e-08
4.01234e-09	1.23978e-15	2.81867e-24	3.90625e-08	4.88281e-08	2.98741e-08	4.69451e-08
5.06595e-09	1.90735e-15	4.48916e-24	4.88281e-08	5.69429e-08	4.5238e-08	5.54805e-08
5.05888e-09	2.28882e-15	5.80902e-24	4.88281e-08	6.55098e-08	4.86522e-08	6.4016e-08
4.64465e-09	1.43051e-15	3.71718e-24	3.90625e-08	5.52427e-08	3.92632e-08	5.54805e-08
5.16916e-09	2.00272e-15	5.62924e-24	4.88281e-08	5.69429e-08	4.18238e-08	5.71876e-08
4.86669e-09	1.23978e-15	3.02463e-24	3.90625e-08	5.25895e-08	3.15812e-08	5.03593e-08
4.35593e-09	2.38419e-15	6.03116e-24	3.90625e-08	7.43728e-08	3.92632e-08	7.08444e-08
4.92723e-09	1.52588e-15	3.97985e-24	3.90625e-08	5.25895e-08	3.67025e-08	5.03593e-08
5.68399e-09	1.52588e-15	3.5789e-24	3.90625e-08	5.25895e-08	3.67025e-08	5.03593e-08
5.28898e-09	2.09808e-15	5.64771e-24	4.88281e-08	6.25305e-08	4.18238e-08	5.71876e-08
5.49763e-09	1.62125e-15	4.06544e-24	3.90625e-08	5.69429e-08	3.75561e-08	5.29199e-08
3.76701e-09	4.76837e-16	7.29881e-25	2.76214e-08	3.08816e-08	1.45103e-08	2.98741e-08
4.32542e-09	9.53674e-16	2.49289e-24	2.92969e-08	4.36732e-08	2.90206e-08	4.01167e-08
3.84234e-09	9.53674e-16	2.09977e-24	2.92969e-08	4.36732e-08	2.98741e-08	4.09703e-08
4.93923e-09	1.81198e-15	3.69353e-24	4.83374e-08	5.69429e-08	4.09703e-08	5.37735e-08
4.28034e-09	7.62939e-16	7.72388e-25	2.76214e-08	4.88281e-08	2.04851e-08	4.5238e-08
5.17116e-09	1.52588e-15	3.57619e-24	4.63224e-08	5.69429e-08	3.67025e-08	5.63341e-08
5.48809e-09	1.71661e-15	4.69289e-24	3.90625e-08	5.69429e-08	3.84096e-08	5.20664e-08
4.77001e-09	1.90735e-15	5.18211e-24	4.88281e-08	6.25305e-08	4.09703e-08	5.97483e-08
4.55662e-09	1.14441e-15	3.0677e-24	2.92969e-08	4.88281e-08	2.98741e-08	4.86522e-08
4.65507e-09	1.81198e-15	4.36878e-24	4.83374e-08	5.69429e-08	4.09703e-08	5.37735e-08
4.30962e-09	1.71661e-15	4.07519e-24	3.90625e-08	6.25305e-08	3.92632e-08	5.97483e-08
4.37816e-09	1.52588e-15	4.02508e-24	3.90625e-08	5.25895e-08	3.67025e-08	5.03593e-08
4.08769e-09	1.81198e-15	4.45498e-24	3.90625e-08	6.25305e-08	3.84096e-08	6.14554e-08
5.23934e-09	1.62125e-15	4.0673e-24	4.80405e-08	5.9402e-08	3.75561e-08	5.97483e-08
5.57711e-09	1.71661e-15	3.88107e-24	4.80405e-08	5.69429e-08	3.32883e-08	5.54805e-08
4.44824e-09	1.43051e-15	3.55661e-24	3.90625e-08	5.52427e-08	3.92632e-08	5.54805e-08
4.41699e-09	1.81198e-15	3.7863e-24	4.83374e-08	5.69429e-08	4.09703e-08	5.37735e-08
4.84106e-09	1.23978e-15	2.70556e-24	3.90625e-08	4.88281e-08	3.15812e-08	4.5238e-08
4.74893e-09	1.81198e-15	4.52082e-24	4.88281e-08	5.69429e-08	4.09703e-08	5.4627e-08
4.06609e-09	2.09808e-15	5.14508e-24	4.88281e-08	6.55098e-08	4.01167e-08	6.14554e-08
4.21494e-09	1.52588e-15	3.29798e-24	3.90625e-08	5.25895e-08	3.67025e-08	5.03593e-08
4.13104e-09	1.71661e-15	4.16703e-24	3.90625e-08	5.69429e-08	3.84096e-08	5.20664e-08
4.12404e-09	8.58307e-16	1.85892e-24	2.92969e-08	4.36732e-08	2.38993e-08	4.01167e-08
5.05623e-09	2.09808e-15	5.47179e-24	4.88281e-08	6.25305e-08	4.01167e-08	6.23089e-08
4.85598e-09	1.33514e-15	3.37211e-24	3.90625e-08	4.88281e-08	3.84096e-08	4.5238e-08
5.59626e-09	2.09808e-15	4.95175e-24	4.88281e-08	6.25305e-08	4.18238e-08	5.71876e-08
5.20703e-09	1.81198e-15	4.32361e-24	4.88281e-08	5.69429e-08	4.09703e-08	5.4627e-08
4.19523e-09	1.04904e-15	1.71539e-24	3.45267e-08	4.88281e-08	2.47529e-08	4.60915e-08
2.96484e-09	4.76837e-16	7.19809e-25	1.95312e-08	3.52105e-08	1.96316e-08	3.32883e-08
5.24703e-09	1.04904e-15	2.3923e-24	3.90625e-08	4.88281e-08	2.98741e-08	4.69451e-08
4.4756e-09	1.23978e-15	2.60081e-24	3.90625e-08	5.25895e-08	2.90206e-08	5.03593e-08
4.04881e-09	7.62939e-16	1.77864e-24	2.92969e-08	4.1432e-08	2.8167e-08	4.18238e-08
5.57245e-09	1.90735e-15	5.23221e-24	4.88281e-08	6.17632e-08	4.01167e-08	6.06018e-08
5.68062e-09	2.38419e-15	6.43753e-24	4.88281e-08	6.90534e-08	4.86522e-08	6.91373e-08
5.35143e-09	2.00272e-15	5.20054e-24	4.88281e-08	5.69429e-08	4.18238e-08	5.71876e-08
3.41586e-09	8.58307e-16	1.62171e-24	2.92969e-08	4.36732e-08	2.04851e-08	4.26773e-08
4.44325e-09	1.23978e-15	2.48063e-24	3.90625e-08	4.88281e-08	3.15812e-08	4.5238e-08
5.29171e-09	2.09808e-15	5.37987e-24	4.88281e-08	6.25305e-08	4.18238e-08	5.71876e-08
4.98648e-09	1.81198e-15	3.56829e-24	4.83374e-08	5.69429e-08	4.09703e-08	5.37735e-08
4.4342e-09	1.43051e-15	3.05566e-24	3.90625e-08	5.52427e-08	3.92632e-08	5.54805e-08
4.24174e-09	1.04904e-15	2.3481e-24	2.92969e-08	5.25895e-08	2.98741e-08	5.03593e-08
6.41181e-09	1.81198e-15	5.10072e-24	3.90625e-08	6.17632e-08	3.84096e-08	5.88947e-08
4.95727e-09	1.52588e-15	3.63147e-24	3.90625e-08	5.25895e-08	3.67025e-08	5.03593e-08
5.25846e-09	1.62125e-15	4.0119e-24	4.83374e-08	5.25895e-08	3.75561e-08	5.03593e-08
5.39484e-09	2.09808e-15	5.67907e-24	4.88281e-08	6.25305e-08	4.18238e-08	5.71876e-08
3.58587e-09	8.58307e-16	1.08053e-24	3.45267e-08	4.36732e-08	2.47529e-08	4.18238e-08
4.81103e-09	1.62125e-15	4.22483e-24	3.90625e-08	5.69429e-08	3.75561e-08	5.29199e-08
4.69981e-09	9.53674e-16	2.47349e-24	2.92969e-08	4.36732e-08	2.90206e-08	4.01167e-08
4.72345e-09	1.33514e-15	2.75465e-24	3.90625e-08	4.88281e-08	3.84096e-08	4.5238e-08
5.81734e-09	2.09808e-15	5.99139e-24	4.88281e-08	6.55098e-08	3.92632e-08	6.14554e-08
3.8668e-09	6.67572e-16	1.01897e-24	2.92969e-08	4.1432e-08	1.8778e-08	3.75561e-08
3.84778e-09	1.43051e-15	3.19474e-24	3.90625e-08	5.25895e-08	3.41419e-08	5.03593e-08
5.0467e-09	1.81198e-15	4.29447e-24	4.83374e-08	5.69429e-08	4.09703e-08	5.37735e-08
6.00949e-09	1.71661e-15	4.0216e-24	4.83374e-08	5.69429e-08	3.92632e-08	5.29199e-08
4.97552e-09	1.81198e-15	4.24463e-24	4.83374e-08	5.69429e-08	4.09703e-08	5.37735e-08
5.22923e-09	9.53674e-16	2.25292e-24	3.45267e-08	4.36732e-08	2.73135e-08	4.09703e-08
4.76833e-09	1.43051e-15	2.93834e-24	3.90625e-08	5.69429e-08	3.15812e-08	5.29199e-08
4.93483e-09	2.67029e-15	6.99623e-24	5.44758e-08	8.28641e-08	4.09703e-08	8.27941e-08
3.6628e-09	1.14441e-15	2.01589e-24	3.45267e-08	5.69429e-08	2.73135e-08	5.29199e-08
4.54453e-09	9.53674e-16	1.5676e-24	3.45267e-08	4.88281e-08	2.21922e-08	4.26773e-08
4.39939e-09	9.53674e-16	2.18499e-24	2.92969e-08	4.36732e-08	2.90206e-08	4.01167e-08
5.93832e-09	2.00272e-15	6.154e-24	4.88281e-08	6.17632e-08	4.35309e-08	5.88947e-08
5.00274e-09	1.62125e-15	4.12192e-24	4.80405e-08	5.69429e-08	3.41419e-08	5.63341e-08
4.63433e-09	1.71661e-15	4.66867e-24	4.80405e-08	5.69429e-08	3.92632e-08	5.29199e-08
6.71525e-09	2.00272e-15	5.66599e-24	4.88281e-08	6.17632e-08	3.92632e-08	6.06018e-08
5.06246e-09	1.43051e-15	3.74512e-24	3.90625e-08	5.52427e-08	3.92632e-08	5.54805e-08
5.52313e-09	2.09808e-15	5.96558e-24	4.88281e-08	6.25305e-08	4.18238e-08	5.71876e-08
4.86064e-09	1.90735e-15	4.90642e-24	4.88281e-08	6.17632e-08	4.01167e-08	5.88947e-08
5.73733e-09	1.23978e-15	3.14055e-24	3.90625e-08	4.88281e-08	3.15812e-08	4.5238e-08
3.10449e-09	7.62939e-16	1.36467e-24	2.92969e-08	4.1432e-08	2.8167e-08	4.18238e-08
5.13888e-09	1.62125e-15	3.99753e-24	4.83374e-08	5.52427e-08	4.01167e-08	5.03593e-08
4.45886e-09	1.14441e-15	2.62057e-24	3.90625e-08	4.88281e-08	3.07277e-08	4.86522e-08
3.39936e-09	3.8147e-16	2.55259e-25	1.95312e-08	3.52105e-08	9.38902e-09	3.32883e-08
4.46271e-09	1.33514e-15	3.65501e-24	3.90625e-08	4.88281e-08	3.84096e-08	4.5238e-08
4.50049e-09	1.71661e-15	4.47391e-24	3.90625e-08	5.69429e-08	3.84096e-08	5.20664e-08
5.85229e-09	1.62125e-15	4.84685e-24	3.90625e-08	5.69429e-08	3.92632e-08	5.54805e-08
4.1897e-09	1.43051e-15	3.34222e-24	3.90625e-08	5.25895e-08	3.75561e-08	5.03593e-08
4.40367e-09	1.33514e-15	3.14388e-24	3.90625e-08	4.88281e-08	3.84096e-08	4.5238e-08
4.32602e-09	1.33514e-15	3.0348e-24	3.90625e-08	4.88281e-08	3.84096e-08	4.5238e-08
4.84037e-09	1.90735e-15	5.06477e-24	4.88281e-08	5.69429e-08	4.5238e-08	5.54805e-08
4.62105e-09	1.90735e-15	4.87409e-24	4.88281e-08	5.69429e-08	4.09703e-08	5.54805e-08
4.57978e-09	2.28882e-15	5.81698e-24	4.88281e-08	6.90534e-08	4.5238e-08	6.23089e-08
3.46786e-09	8.58307e-16	1.44737e-24	2.92969e-08	4.36732e-08	2.38993e-08	4.01167e-08
4.43859e-09	4.76837e-16	8.1962e-25	1.95312e-08	3.52105e-08	1.96316e-08	3.32883e-08
4.6522e-09	9.53674e-16	2.36679e-24	2.92969e-08	4.36732e-08	2.98741e-08	4.09703e-08
4.22972e-09	1.33514e-15	3.384e-24	3.90625e-08	4.97951e-08	3.67025e-08	4.86522e-08
3.64173e-09	1.04904e-15	2.24007e-24	3.90625e-08	4.36732e-08	2.90206e-08	4.26773e-08
3.94917e-09	1.14441e-15	2.00112e-24	3.90625e-08	4.88281e-08	2.98741e-08	4.5238e-08
5.61313e-09	1.62125e-15	3.21329e-24	4.83374e-08	5.25895e-08	3.75561e-08	5.03593e-08
4.04512e-09	1.23978e-15	2.91576e-24	3.90625e-08	4.88281e-08	3.15812e-08	4.5238e-08
5.04549e-09	1.33514e-15	3.06941e-24	3.90625e-08	5.25895e-08	3.41419e-08	5.12128e-08
4.36587e-09	9.53674e-16	1.70243e-24	2.92969e-08	4.36732e-08	2.90206e-08	4.01167e-08
4.54494e-09	2.76566e-15	6.60272e-24	5.85937e-08	7.10948e-08	5.03593e-08	6.82838e-08
4.8787e-09	1.43051e-15	3.30259e-24	3.90625e-08	5.25895e-08	3.75561e-08	5.03593e-08
4.15882e-09	9.53674e-16	2.37186e-24	2.92969e-08	4.36732e-08	2.90206e-08	4.01167e-08
4.45484e-09	9.53674e-16	2.14381e-24	2.92969e-08	4.36732e-08	2.90206e-08	4.01167e-08
3.70026e-09	9.53674e-16	2.0658e-24	2.92969e-08	4.36732e-08	2.98741e-08	4.09703e-08
5.78848e-09	1.81198e-15	4.77189e-24	4.88281e-08	5.69429e-08	4.18238e-08	5.63341e-08
3.19863e-09	3.8147e-16	7.23593e-25	1.95312e-08	2.76214e-08	1.96316e-08	2.8167e-08
5.0599e-09	1.71661e-15	3.94226e-24	4.83374e-08	5.69429e-08	3.92632e-08	5.29199e-08
4.56236e-09	1.62125e-15	4.06604e-24	3.90625e-08	5.69429e-08	3.92632e-08	5.54805e-08
5.38866e-09	5.72205e-16	4.93137e-25	2.76214e-08	4.1432e-08	1.96316e-08	3.49954e-08
4.7615e-09	2.19345e-15	6.19713e-24	4.88281e-08	6.25305e-08	4.26773e-08	6.14554e-08
5.05383e-09	9.53674e-16	2.48875e-24	2.92969e-08	4.36732e-08	2.98741e-08	4.09703e-08
2.07854e-09	1.90735e-16	1.93022e-25	9.76562e-09	2.18366e-08	9.38902e-09	2.13387e-08
4.81923e-09	8.58307e-16	1.90419e-24	2.92969e-08	4.36732e-08	2.38993e-08	4.01167e-08
5.16638e-09	1.62125e-15	4.43143e-24	3.90625e-08	5.69429e-08	3.75561e-08	5.29199e-08
4.93098e-09	2.67029e-15	7.51059e-24	5.85937e-08	7.04209e-08	4.86522e-08	6.65767e-08
5.26216e-09	6.67572e-16	6.12876e-25	2.76214e-08	4.36732e-08	1.96316e-08	4.26773e-08
4.32375e-09	1.23978e-15	2.86369e-24	3.90625e-08	4.97951e-08	3.32883e-08	4.86522e-08
5.67576e-09	2.00272e-15	5.68241e-24	4.88281e-08	6.17632e-08	4.35309e-08	5.88947e-08
4.44443e-09	7.62939e-16	1.68594e-24	2.92969e-08	4.1432e-08	2.8167e-08	4.18238e-08
3.82881e-09	1.14441e-15	2.65509e-24	2.92969e-08	4.88281e-08	2.98741e-08	4.86522e-08
4.96738e-09	1.14441e-15	2.99429e-24	2.92969e-08	5.25895e-08	2.98741e-08	4.86522e-08
3.98003e-09	7.62939e-16	1.62017e-24	2.92969e-08	4.1432e-08	2.8167e-08	4.18238e-08
4.12125e-09	7.62939e-16	1.58989e-24	2.92969e-08	4.1432e-08	2.8167e-08	4.18238e-08
4.02286e-09	1.81198e-15	4.46973e-24	4.88281e-08	5.69429e-08	3.92632e-08	5.54805e-08
3.79285e-09	9.53674e-16	1.74084e-24	3.45267e-08	4.36732e-08	2.73135e-08	4.09703e-08
4.81292e-09	1.43051e-15	3.59295e-24	3.90625e-08	5.25895e-08	3.75561e-08	5.03593e-08
2.68135e-09	9.53674e-17	1.10235e-25	9.76562e-09	1.38107e-08	9.38902e-09	1.45103e-08
4.06085e-09	1.33514e-15	3.2136e-24	3.90625e-08	5.52427e-08	2.8167e-08	5.54805e-08
4.43369e-09	1.81198e-15	4.1872e-24	4.83374e-08	5.69429e-08	4.09703e-08	5.37735e-08
4.96391e-09	1.71661e-15	4.77668e-24	4.88281e-08	5.69429e-08	3.84096e-08	5.54805e-08
3.68369e-09	7.62939e-16	1.46447e-24	2.92969e-08	4.02647e-08	2.30458e-08	4.01167e-08
5.11206e-09	1.43051e-15	3.71023e-24	3.90625e-08	5.25895e-08	3.75561e-08	5.03593e-08
3.51269e-09	7.62939e-16	1.17258e-24	2.92969e-08	4.36732e-08	2.21922e-08	4.18238e-08
5.3774e-09	2.00272e-15	5.56859e-24	4.88281e-08	6.25305e-08	4.43844e-08	5.80412e-08
4.47914e-09	1.90735e-15	4.13234e-24	4.88281e-08	5.69429e-08	4.09703e-08	5.54805e-08
5.61457e-09	1.33514e-15	3.94171e-24	2.92969e-08	5.9402e-08	2.98741e-08	5.88947e-08
4.82191e-09	1.14441e-15	2.79843e-24	3.90625e-08	4.88281e-08	3.07277e-08	4.86522e-08
5.37652e-09	1.52588e-15	3.84203e-24	4.80405e-08	5.25895e-08	3.67025e-08	5.12128e-08
4.85679e-09	1.52588e-15	3.24677e-24	3.90625e-08	5.52427e-08	3.92632e-08	5.20664e-08
4.02868e-09	1.04904e-15	2.45206e-24	2.92969e-08	4.88281e-08	2.98741e-08	4.69451e-08
4.33777e-09	2.09808e-15	5.76838e-24	3.90625e-08	7.04209e-08	3.92632e-08	6.74302e-08
4.91906e-09	1.33514e-15	3.60249e-24	3.90625e-08	4.88281e-08	3.84096e-08	4.5238e-08
3.58499e-09	1.04904e-15	2.2786e-24	3.90625e-08	4.36732e-08	2.90206e-08	4.26773e-08
4.82586e-09	1.52588e-15	3.83113e-24	3.90625e-08	5.25895e-08	3.67025e-08	5.03593e-08
4.83948e-09	2.57492e-15	5.67602e-24	4.88281e-08	7.8733e-08	3.92632e-08	7.68192e-08
4.06478e-09	2.00272e-15	4.88454e-24	3.90625e-08	7.04209e-08	3.92632e-08	6.74302e-08
6.07408e-09	2.00272e-15	4.64885e-24	4.88281e-08	5.69429e-08	4.18238e-08	5.71876e-08
4.88447e-09	1.71661e-15	4.31665e-24	4.83374e-08	5.69429e-08	3.92632e-08	5.29199e-08
4.94034e-09	7.62939e-16	2.0088e-24	2.92969e-08	4.1432e-08	2.8167e-08	4.18238e-08
4.94922e-09	1.71661e-15	4.49135e-24	4.83374e-08	5.69429e-08	3.92632e-08	5.29199e-08
4.60741e-09	1.62125e-15	4.22197e-24	3.90625e-08	5.69429e-08	3.75561e-08	5.29199e-08
6.26874e-09	1.71661e-15	4.61907e-24	4.80405e-08	5.69429e-08	3.32883e-08	5.54805e-08
3.825e-09	1.14441e-15	2.51647e-24	3.90625e-08	4.36732e-08	2.8167e-08	4.18238e-08
4.71034e-09	1.14441e-15	2.3719e-24	3.90625e-08	4.88281e-08	2.98741e-08	4.5238e-08
5.42548e-09	1.81198e-15	4.00766e-24	4.83374e-08	5.69429e-08	4.09703e-08	5.37735e-08
4.24768e-09	1.71661e-15	3.90321e-24	3.90625e-08	6.25305e-08	3.67025e-08	6.23089e-08
4.68225e-09	1.14441e-15	3.05495e-24	2.92969e-08	4.88281e-08	2.98741e-08	4.86522e-08
4.67148e-09	7.62939e-16	1.50003e-24	2.92969e-08	4.1432e-08	2.8167e-08	4.18238e-08
4.32734e-09	7.62939e-16	1.77279e-24	2.92969e-08	4.1432e-08	2.8167e-08	4.18238e-08
4.6792e-09	1.62125e-15	3.66776e-24	3.90625e-08	5.69429e-08	3.75561e-08	5.29199e-08
4.78348e-09	1.52588e-15	3.92083e-24	3.90625e-08	5.52427e-08	3.92632e-08	5.20664e-08
5.68067e-09	1.52588e-15	3.74069e-24	3.90625e-08	5.25895e-08	3.67025e-08	5.03593e-08
4.76328e-09	1.81198e-15	4.33853e-24	4.88281e-08	5.69429e-08	4.09703e-08	5.4627e-08
4.51714e-09	2.28882e-15	5.14739e-24	4.88281e-08	7.43728e-08	3.92632e-08	7.08444e-08
3.40645e-09	4.76837e-16	6.56139e-25	1.95312e-08	3.52105e-08	1.96316e-08	3.32883e-08
4.01784e-09	1.23978e-15	2.45475e-24	3.90625e-08	4.88281e-08	3.15812e-08	4.5238e-08
5.69503e-09	2.09808e-15	6.22936e-24	4.88281e-08	6.25305e-08	4.18238e-08	5.71876e-08
4.23078e-09	1.23978e-15	2.75258e-24	3.90625e-08	4.88281e-08	3.15812e-08	4.5238e-08
4.63102e-09	1.04904e-15	2.89278e-24	2.92969e-08	4.88281e-08	2.98741e-08	4.69451e-08
3.98203e-09	1.14441e-15	1.97582e-24	3.90625e-08	4.88281e-08	3.07277e-08	4.86522e-08
4.56956e-09	1.62125e-15	4.1761e-24	3.90625e-08	5.69429e-08	3.75561e-08	5.29199e-08
5.45189e-09	1.71661e-15	4.59711e-24	3.90625e-08	5.69429e-08	3.84096e-08	5.20664e-08
4.05066e-09	7.62939e-16	1.72575e-24	2.92969e-08	4.1432e-08	2.8167e-08	4.18238e-08
4.1213e-09	1.14441e-15	2.53112e-24	3.90625e-08	4.88281e-08	3.07277e-08	4.86522e-08
4.45498e-09	1.71661e-15	4.24339e-24	3.90625e-08	5.69429e-08	3.84096e-08	5.29199e-08
4.68457e-09	1.14441e-15	2.70998e-24	3.90625e-08	4.88281e-08	3.07277e-08	4.5238e-08
4.65162e-09	1.52588e-15	3.50247e-24	3.90625e-08	5.52427e-08	3.92632e-08	5.20664e-08
5.01221e-09	1.52588e-15	3.58921e-24	4.80405e-08	5.69429e-08	3.32883e-08	5.54805e-08
4.43521e-09	9.53674e-16	2.256e-24	2.92969e-08	4.88281e-08	2.90206e-08	4.5238e-08
4.64621e-09	1.14441e-15	2.30295e-24	3.90625e-08	5.25895e-08	3.32883e-08	4.86522e-08
5.42062e-09	1.52588e-15	3.77389e-24	3.90625e-08	5.52427e-08	3.92632e-08	5.20664e-08
5.68042e-09	1.71661e-15	4.48911e-24	4.80405e-08	5.69429e-08	3.32883e-08	5.54805e-08
4.17469e-09	2.47955e-15	5.51148e-24	4.88281e-08	7.04209e-08	4.86522e-08	6.74302e-08
4.60076e-09	1.04904e-15	2.89877e-24	2.92969e-08	4.88281e-08	2.98741e-08	4.69451e-08
3.05962e-09	4.76837e-16	5.45381e-25	1.95312e-08	3.52105e-08	1.96316e-08	3.32883e-08
3.01422e-09	9.53674e-16	1.61083e-24	2.92969e-08	4.36732e-08	2.90206e-08	4.01167e-08
3.91637e-09	6.67572e-16	1.49461e-24	2.92969e-08	3.52105e-08	2.47529e-08	3.41419e-08
5.35844e-09	1.33514e-15	2.78422e-24	4.1432e-08	5.25895e-08	3.32883e-08	4.95057e-08
4.16489e-09	1.43051e-15	3.18336e-24	3.90625e-08	5.25895e-08	3.75561e-08	5.03593e-08
5.52469e-09	2.09808e-15	4.95081e-24	4.88281e-08	6.55098e-08	4.5238e-08	6.14554e-08
4.56515e-09	1.71661e-15	4.39447e-24	3.90625e-08	5.69429e-08	3.84096e-08	5.20664e-08
6.2257e-09	1.71661e-15	4.77031e-24	3.90625e-08	5.69429e-08	3.84096e-08	5.20664e-08
5.61311e-09	1.81198e-15	4.92599e-24	4.88281e-08	5.69429e-08	4.09703e-08	5.4627e-08
4.36879e-09	1.04904e-15	2.24302e-24	3.90625e-08	4.36732e-08	3.15812e-08	4.18238e-08
4.34876e-09	1.14441e-15	2.52995e-24	3.90625e-08	4.97951e-08	3.32883e-08	4.95057e-08
4.60335e-09	8.58307e-16	1.87441e-24	2.92969e-08	4.1432e-08	2.98741e-08	4.18238e-08
3.8219e-09	4.76837e-16	1.16423e-24	1.95312e-08	3.52105e-08	1.96316e-08	3.32883e-08
4.80684e-09	1.71661e-15	4.17178e-24	3.90625e-08	5.69429e-08	3.84096e-08	5.20664e-08
4.29006e-09	2.09808e-15	4.71445e-24	4.88281e-08	6.17632e-08	4.18238e-08	5.88947e-08
5.22045e-09	1.43051e-15	4.11942e-24	3.90625e-08	5.25895e-08	3.75561e-08	5.03593e-08
5.20703e-09	3.05176e-15	7.11015e-24	4.88281e-08	9.26449e-08	3.92632e-08	9.13295e-08
4.27702e-09	7.62939e-16	1.61591e-24	2.92969e-08	4.36732e-08	2.21922e-08	4.18238e-08
5.46408e-09	2.28882e-15	5.61467e-24	4.88281e-08	6.55098e-08	4.86522e-08	6.4016e-08
4.59629e-09	9.53674e-16	2.44833e-24	2.92969e-08	4.36732e-08	2.90206e-08	4.01167e-08
4.70707e-09	1.23978e-15	3.12815e-24	3.90625e-08	4.88281e-08	2.98741e-08	4.69451e-08
4.84327e-09	1.52588e-15	3.21957e-24	3.90625e-08	5.25895e-08	3.67025e-08	5.03593e-08
4.50881e-09	1.14441e-15	2.78457e-24	3.90625e-08	4.88281e-08	3.07277e-08	4.5238e-08
4.9036e-09	2.19345e-15	6.10262e-24	4.83374e-08	7.04209e-08	3.84096e-08	6.48696e-08
3.42497e-09	5.72205e-16	1.00867e-24	1.95312e-08	3.52105e-08	1.96316e-08	3.32883e-08
4.84529e-09	1.81198e-15	4.51731e-24	3.90625e-08	6.25305e-08	3.84096e-08	6.14554e-08
5.59708e-09	2.19345e-15	5.45918e-24	4.88281e-08	6.25305e-08	4.77986e-08	5.88947e-08
3.00881e-09	5.72205e-16	8.10696e-25	2.76214e-08	3.52105e-08	2.04851e-08	3.15812e-08
5.48743e-09	1.62125e-15	3.63544e-24	4.83374e-08	5.52427e-08	4.01167e-08	5.03593e-08
4.12762e-09	7.62939e-16	1.32756e-24	2.92969e-08	4.1432e-08	2.8167e-08	4.18238e-08
4.35358e-09	1.33514e-15	3.1152e-24	3.90625e-08	4.88281e-08	3.84096e-08	4.5238e-08
4.88185e-09	9.53674e-16	1.86555e-24	3.49386e-08	4.36732e-08	1.96316e-08	4.18238e-08
4.42638e-09	1.33514e-15	2.28871e-24	3.90625e-08	5.69429e-08	2.8167e-08	5.20664e-08
5.08108e-09	1.81198e-15	4.09787e-24	4.88281e-08	5.69429e-08	4.26773e-08	5.37735e-08
3.36765e-09	6.67572e-16	1.20801e-24	2.92969e-08	3.52105e-08	2.47529e-08	3.41419e-08
4.01876e-09	7.62939e-16	1.70858e-24	2.92969e-08	4.1432e-08	2.8167e-08	4.18238e-08
5.17545e-09	1.90735e-15	4.44591e-24	4.32343e-08	7.10948e-08	2.90206e-08	6.91373e-08
4.54001e-09	1.71661e-15	4.207e-24	3.90625e-08	5.69429e-08	3.84096e-08	5.20664e-08
5.05482e-09	1.81198e-15	4.04842e-24	3.90625e-08	6.55098e-08	3.84096e-08	6.4016e-08
5.66186e-09	1.71661e-15	4.2043e-24	4.83374e-08	5.69429e-08	3.75561e-08	5.20664e-08
4.20641e-09	9.53674e-16	1.89486e-24	3.45267e-08	4.36732e-08	2.73135e-08	4.09703e-08
5.07107e-09	1.43051e-15	3.73835e-24	3.90625e-08	5.25895e-08	3.75561e-08	5.03593e-08
5.00667e-09	1.23978e-15	2.83032e-24	3.90625e-08	4.88281e-08	3.15812e-08	4.5238e-08
2.72359e-09	9.53674e-17	9.79329e-26	9.76562e-09	1.38107e-08	9.38902e-09	1.45103e-08
5.13432e-09	1.23978e-15	3.15606e-24	3.90625e-08	4.88281e-08	2.98741e-08	4.69451e-08
4.10679e-09	1.04904e-15	1.89559e-24	3.90625e-08	4.36732e-08	2.90206e-08	4.26773e-08
2.16522e-09	9.53674e-17	3.61234e-26	9.76562e-09	1.38107e-08	9.38902e-09	1.45103e-08
3.59641e-09	5.72205e-16	1.41695e-24	1.95312e-08	3.52105e-08	1.96316e-08	3.32883e-08
4.18083e-09	1.52588e-15	3.82846e-24	3.90625e-08	5.69429e-08	3.32883e-08	5.63341e-08
3.79915e-09	1.04904e-15	1.99763e-24	3.90625e-08	4.36732e-08	2.90206e-08	4.26773e-08
4.5472e-09	1.04904e-15	1.43695e-24	3.45267e-08	4.88281e-08	2.47529e-08	4.60915e-08
5.2786e-09	1.71661e-15	4.39934e-24	3.90625e-08	5.69429e-08	3.84096e-08	5.20664e-08
4.0785e-09	9.53674e-16	1.87369e-24	2.92969e-08	4.36732e-08	2.90206e-08	4.01167e-08
5.43782e-09	1.62125e-15	4.09824e-24	4.80405e-08	5.69429e-08	3.41419e-08	5.37735e-08
2.53089e-09	9.53674e-17	4.74643e-26	9.76562e-09	1.38107e-08	9.38902e-09	1.45103e-08
4.64022e-09	1.52588e-15	2.93424e-24	3.90625e-08	5.25895e-08	3.67025e-08	5.03593e-08
4.93483e-09	2.09808e-15	5.14813e-24	4.88281e-08	6.17632e-08	4.69451e-08	6.06018e-08
4.55863e-09	1.33514e-15	3.18368e-24	3.90625e-08	4.88281e-08	3.84096e-08	4.5238e-08
4.1101e-09	6.67572e-16	8.82671e-25	2.76214e-08	4.36732e-08	1.96316e-08	4.26773e-08
5.45615e-09	1.23978e-15	3.22549e-24	3.90625e-08	4.88281e-08	2.98741e-08	4.69451e-08
5.22055e-09	1.52588e-15	3.62047e-24	3.90625e-08	5.69429e-08	3.92632e-08	5.4627e-08
4.69904e-09	1.81198e-15	4.90015e-24	4.88281e-08	5.69429e-08	4.09703e-08	5.4627e-08
4.87096e-09	1.62125e-15	4.47228e-24	3.90625e-08	5.69429e-08	3.75561e-08	5.29199e-08
4.49187e-09	1.81198e-15	5.39231e-24	3.90625e-08	6.25305e-08	3.84096e-08	6.14554e-08
3.62611e-09	5.72205e-16	5.89914e-25	2.76214e-08	4.1432e-08	1.96316e-08	3.49954e-08
4.66902e-09	9.53674e-16	2.08961e-24	2.92969e-08	4.36732e-08	2.90206e-08	4.01167e-08
4.68109e-09	1.14441e-15	1.82188e-24	3.90625e-08	4.88281e-08	3.07277e-08	4.86522e-08
4.63249e-09	1.14441e-15	2.53902e-24	3.90625e-08	4.88281e-08	3.07277e-08	4.5238e-08
4.18441e-09	1.23978e-15	3.09242e-24	3.90625e-08	4.88281e-08	3.15812e-08	4.5238e-08
2.89871e-09	9.53674e-17	8.60099e-26	9.76562e-09	1.38107e-08	9.38902e-09	1.45103e-08
4.08287e-09	8.58307e-16	1.89841e-24	2.92969e-08	4.1432e-08	2.98741e-08	4.18238e-08
6.06812e-09	2.57492e-15	6.64578e-24	5.85937e-08	6.55098e-08	4.86522e-08	6.4016e-08
3.19201e-09	4.76837e-16	6.11541e-25	1.95312e-08	3.52105e-08	1.96316e-08	3.32883e-08
4.65953e-09	1.43051e-15	3.75631e-24	3.90625e-08	5.52427e-08	3.92632e-08	5.54805e-08
3.91224e-09	1.23978e-15	1.99288e-24	3.90625e-08	5.25895e-08	2.98741e-08	5.03593e-08
4.89766e-09	5.72205e-16	8.21052e-25	1.95312e-08	4.36732e-08	1.96316e-08	4.18238e-08
5.61774e-09	1.81198e-15	4.34768e-24	4.83374e-08	5.69429e-08	4.09703e-08	5.37735e-08
5.32303e-09	1.43051e-15	3.64691e-24	3.90625e-08	5.25895e-08	3.75561e-08	5.03593e-08
3.79043e-09	1.04904e-15	2.61662e-24	2.92969e-08	4.88281e-08	2.98741e-08	4.69451e-08
4.61377e-09	1.71661e-15	4.33924e-24	3.90625e-08	5.69429e-08	3.84096e-08	5.29199e-08
5.99738e-09	1.52588e-15	4.90089e-24	3.90625e-08	5.52427e-08	3.92632e-08	5.20664e-08
4.01087e-09	8.58307e-16	1.89883e-24	2.92969e-08	4.36732e-08	2.38993e-08	4.01167e-08
4.8323e-09	1.43051e-15	3.33112e-24	3.90625e-08	5.25895e-08	3.75561e-08	5.03593e-08
5.51127e-09	1.62125e-15	4.08368e-24	3.90625e-08	5.69429e-08	3.75561e-08	5.29199e-08
4.75384e-09	5.72205e-16	4.97333e-25	2.76214e-08	4.1432e-08	1.96316e-08	3.49954e-08
5.40926e-09	7.62939e-16	2.04662e-24	2.92969e-08	4.1432e-08	2.8167e-08	4.18238e-08
4.70908e-09	1.43051e-15	3.49847e-24	3.90625e-08	5.25895e-08	3.75561e-08	5.03593e-08
4.55584e-09	1.33514e-15	3.07667e-24	3.90625e-08	4.88281e-08	3.84096e-08	4.5238e-08
5.6982e-09	1.90735e-15	4.53345e-24	4.88281e-08	5.69429e-08	4.5238e-08	5.54805e-08
4.84549e-09	1.81198e-15	4.29982e-24	4.83374e-08	5.69429e-08	4.09703e-08	5.37735e-08
3.85237e-09	6.67572e-16	1.28002e-24	2.92969e-08	3.52105e-08	2.47529e-08	3.41419e-08
5.36658e-09	1.43051e-15	3.82174e-24	3.90625e-08	5.52427e-08	3.92632e-08	5.54805e-08
5.23117e-09	1.52588e-15	3.73627e-24	3.90625e-08	5.25895e-08	3.67025e-08	5.03593e-08
6.27422e-09	2.28882e-15	4.68829e-24	4.88281e-08	6.55098e-08	4.01167e-08	6.4016e-08
5.64312e-09	3.05176e-15	8.68404e-24	5.85937e-08	7.43728e-08	5.03593e-08	7.3405e-08
5.8948e-09	2.00272e-15	3.92954e-24	4.88281e-08	5.69429e-08	4.18238e-08	5.71876e-08
3.81426e-09	7.62939e-16	9.33715e-25	2.92969e-08	4.36732e-08	2.21922e-08	4.18238e-08
3.76082e-09	1.04904e-15	2.08751e-24	2.92969e-08	4.88281e-08	2.98741e-08	4.69451e-08
5.4147e-09	2.00272e-15	5.18433e-24	4.88281e-08	6.25305e-08	4.43844e-08	5.80412e-08
3.23238e-09	7.62939e-16	1.69573e-24	2.92969e-08	4.1432e-08	2.8167e-08	4.18238e-08
3.9123e-09	6.67572e-16	1.19446e-24	2.76214e-08	4.36732e-08	1.96316e-08	4.26773e-08
4.02888e-09	1.14441e-15	3.02756e-24	2.92969e-08	4.88281e-08	2.98741e-08	4.86522e-08
5.34021e-09	1.81198e-15	3.95245e-24	4.88281e-08	5.69429e-08	4.26773e-08	5.37735e-08
4.99715e-09	1.90735e-15	5.1858e-24	3.90625e-08	6.17632e-08	3.84096e-08	6.06018e-08
4.40485e-09	1.52588e-15	3.02474e-24	3.90625e-08	5.69429e-08	3.92632e-08	5.4627e-08
3.48789e-09	8.58307e-16	1.69988e-24	2.92969e-08	4.1432e-08	2.98741e-08	4.18238e-08
4.42658e-09	8.58307e-16	1.9808e-24	2.92969e-08	4.1432e-08	2.98741e-08	4.18238e-08
4.40008e-09	1.04904e-15	2.15697e-24	2.92969e-08	4.88281e-08	2.98741e-08	4.69451e-08
4.56846e-09	1.62125e-15	3.92292e-24	3.90625e-08	5.9402e-08	3.92632e-08	5.88947e-08
2.90371e-09	9.53674e-17	1.18412e-25	9.76562e-09	1.38107e-08	9.38902e-09	1.45103e-08
5.00195e-09	2.00272e-15	4.54468e-24	4.88281e-08	5.69429e-08	4.18238e-08	5.71876e-08
5.69003e-09	2.47955e-15	6.21419e-24	5.52427e-08	7.04209e-08	4.43844e-08	6.74302e-08
5.57998e-09	1.90735e-15	5.1432e-24	4.88281e-08	5.9402e-08	4.18238e-08	5.88947e-08
3.88171e-09	5.72205e-16	6.55408e-25	2.76214e-08	4.1432e-08	1.96316e-08	3.49954e-08
4.77614e-09	9.53674e-16	1.83947e-24	2.92969e-08	4.36732e-08	2.98741e-08	4.09703e-08
4.04229e-09	1.23978e-15	2.99441e-24	2.92969e-08	5.25895e-08	2.90206e-08	5.03593e-08
4.96214e-09	9.53674e-16	2.40094e-24	2.92969e-08	4.36732e-08	2.98741e-08	4.09703e-08
4.24937e-09	1.33514e-15	3.51621e-24	2.92969e-08	5.69429e-08	2.90206e-08	5.63341e-08
4.79621e-09	1.23978e-15	2.81654e-24	3.90625e-08	4.88281e-08	3.15812e-08	4.5238e-08
5.36256e-09	2.00272e-15	5.25572e-24	4.80405e-08	7.04209e-08	3.75561e-08	6.4016e-08
4.59791e-09	1.33514e-15	2.94289e-24	3.90625e-08	5.52427e-08	2.98741e-08	5.12128e-08
4.85179e-09	8.58307e-16	1.62579e-24	2.92969e-08	4.36732e-08	2.47529e-08	4.18238e-08
4.06586e-09	5.72205e-16	7.66876e-25	2.76214e-08	4.1432e-08	1.96316e-08	3.49954e-08
5.55773e-09	2.19345e-15	5.5189e-24	4.88281e-08	6.25305e-08	4.77986e-08	5.88947e-08
5.31103e-09	1.23978e-15	3.29855e-24	3.90625e-08	4.88281e-08	3.15812e-08	4.5238e-08
3.90104e-09	2.19345e-15	5.1871e-24	4.80405e-08	7.04209e-08	3.92632e-08	6.74302e-08
4.24416e-09	1.23978e-15	2.70947e-24	3.90625e-08	4.88281e-08	3.15812e-08	4.60915e-08
4.46123e-09	2.19345e-15	3.66684e-24	4.73702e-08	7.8733e-08	3.92632e-08	7.42586e-08
5.49905e-09	1.71661e-15	4.42964e-24	4.83374e-08	5.69429e-08	3.92632e-08	5.54805e-08
4.22289e-09	7.62939e-16	1.44935e-24	2.92969e-08	4.02647e-08	2.30458e-08	4.01167e-08
3.87058e-09	1.04904e-15	1.6903e-24	3.90625e-08	4.36732e-08	3.15812e-08	4.18238e-08
4.8605e-09	1.04904e-15	2.5695e-24	2.92969e-08	4.88281e-08	2.98741e-08	4.69451e-08
5.53434e-09	2.28882e-15	6.31498e-24	4.88281e-08	6.55098e-08	4.5238e-08	6.14554e-08
4.74227e-09	2.00272e-15	4.88269e-24	4.88281e-08	5.69429e-08	4.18238e-08	5.71876e-08
5.51617e-09	2.00272e-15	4.55507e-24	4.88281e-08	5.69429e-08	4.18238e-08	5.71876e-08
5.19185e-09	1.81198e-15	4.11009e-24	4.83374e-08	5.69429e-08	4.09703e-08	5.37735e-08
4.54619e-09	1.23978e-15	2.62265e-24	3.90625e-08	4.88281e-08	3.15812e-08	4.5238e-08
4.58796e-09	2.00272e-15	4.93841e-24	4.88281e-08	6.25305e-08	3.92632e-08	5.97483e-08
4.82696e-09	1.52588e-15	3.22025e-24	3.90625e-08	5.69429e-08	3.67025e-08	5.29199e-08
4.88013e-09	2.76566e-15	6.98602e-24	4.88281e-08	7.43728e-08	4.86522e-08	7.16979e-08
4.34649e-09	1.71661e-15	3.59701e-24	4.88281e-08	5.69429e-08	4.01167e-08	5.54805e-08
3.82255e-09	3.8147e-16	8.88221e-25	1.95312e-08	3.08816e-08	1.96316e-08	2.98741e-08
5.17845e-09	1.04904e-15	2.96212e-24	3.90625e-08	4.36732e-08	3.15812e-08	4.18238e-08
4.93378e-09	2.47955e-15	5.82929e-24	5.52427e-08	7.6272e-08	4.18238e-08	7.3405e-08
4.6013e-09	1.62125e-15	4.08039e-24	3.90625e-08	5.69429e-08	3.75561e-08	5.29199e-08
4.45615e-09	1.71661e-15	4.12714e-24	3.90625e-08	5.69429e-08	3.84096e-08	5.20664e-08
4.80739e-09	2.00272e-15	4.68434e-24	3.90625e-08	7.43728e-08	3.92632e-08	7.3405e-08
4.27095e-09	1.04904e-15	2.49893e-24	2.92969e-08	4.88281e-08	2.98741e-08	4.69451e-08
4.0915e-09	7.62939e-16	9.69488e-25	2.76214e-08	4.36732e-08	1.96316e-08	4.18238e-08
4.6178e-09	1.62125e-15	4.43558e-24	3.90625e-08	5.69429e-08	3.75561e-08	5.29199e-08
3.57678e-09	5.72205e-16	1.02691e-24	1.95312e-08	3.52105e-08	1.96316e-08	3.32883e-08
4.52626e-09	6.67572e-16	1.39145e-24	2.92969e-08	3.52105e-08	2.47529e-08	3.41419e-08
4.70785e-09	1.33514e-15	3.27942e-24	3.90625e-08	4.88281e-08	3.84096e-08	4.5238e-08
4.64781e-09	1.14441e-15	2.90725e-24	2.92969e-08	4.88281e-08	2.98741e-08	4.86522e-08
5.05633e-09	1.62125e-15	3.94596e-24	3.90625e-08	5.69429e-08	3.75561e-08	5.29199e-08
5.51125e-09	2.00272e-15	5.9596e-24	4.88281e-08	6.25305e-08	4.26773e-08	6.14554e-08
5.7152e-09	2.09808e-15	5.46417e-24	4.88281e-08	6.17632e-08	4.69451e-08	6.06018e-08
4.38642e-09	1.33514e-15	3.3852e-24	3.90625e-08	4.88281e-08	3.84096e-08	4.5238e-08
4.97541e-09	9.53674e-16	2.31889e-24	2.92969e-08	4.36732e-08	2.98741e-08	4.09703e-08
5.57731e-09	1.81198e-15	4.68935e-24	3.90625e-08	6.25305e-08	3.84096e-08	6.14554e-08
4.493e-09	1.33514e-15	3.22509e-24	2.92969e-08	5.69429e-08	2.90206e-08	5.63341e-08
5.1902e-09	1.81198e-15	4.3657e-24	4.80405e-08	6.25305e-08	3.75561e-08	6.14554e-08
4.92483e-09	1.14441e-15	2.92707e-24	2.92969e-08	4.88281e-08	2.98741e-08	4.86522e-08
3.58762e-09	1.04904e-15	2.2016e-24	2.92969e-08	4.88281e-08	2.98741e-08	4.69451e-08
4.09203e-09	1.43051e-15	3.21774e-24	3.90625e-08	5.52427e-08	3.92632e-08	5.54805e-08
4.30159e-09	2.19345e-15	5.12436e-24	3.90625e-08	7.04209e-08	3.92632e-08	6.74302e-08
4.59824e-09	2.09808e-15	4.75941e-24	4.88281e-08	6.17632e-08	4.69451e-08	6.06018e-08
4.26044e-09	1.62125e-15	4.52179e-24	3.90625e-08	5.69429e-08	3.92632e-08	5.54805e-08
5.4645e-09	1.43051e-15	3.5646e-24	3.90625e-08	5.69429e-08	3.15812e-08	5.63341e-08
4.53445e-09	1.81198e-15	4.58032e-24	4.80405e-08	6.25305e-08	3.15812e-08	5.80412e-08
4.07482e-09	1.62125e-15	3.25991e-24	3.90625e-08	6.55098e-08	3.41419e-08	6.31625e-08
1.78647e-09	9.53674e-17	4.79625e-26	9.76562e-09	1.38107e-08	9.38902e-09	1.45103e-08
4.5669e-09	1.62125e-15	3.89804e-24	3.90625e-08	5.69429e-08	3.75561e-08	5.29199e-08
3.3428e-09	6.67572e-16	1.19718e-24	2.92969e-08	3.52105e-08	2.47529e-08	3.41419e-08
4.51869e-09	1.04904e-15	2.35011e-24	3.90625e-08	4.36732e-08	2.90206e-08	4.26773e-08
3.96043e-09	9.53674e-16	1.38045e-24	3.45267e-08	4.36732e-08	2.73135e-08	4.09703e-08
2.25541e-09	9.53674e-17	7.40354e-26	9.76562e-09	1.38107e-08	9.38902e-09	1.45103e-08
4.72464e-09	1.52588e-15	3.92048e-24	3.90625e-08	5.25895e-08	3.67025e-08	5.03593e-08
4.41875e-09	1.14441e-15	2.75602e-24	3.90625e-08	4.88281e-08	3.07277e-08	4.86522e-08
3.93031e-09	1.04904e-15	2.4014e-24	2.92969e-08	5.25895e-08	2.98741e-08	5.03593e-08
4.03045e-09	5.72205e-16	8.85985e-25	2.76214e-08	4.1432e-08	1.96316e-08	3.49954e-08
2.90498e-09	2.86102e-16	3.64879e-25	1.95312e-08	2.76214e-08	1.36568e-08	2.47529e-08
3.75321e-09	4.76837e-16	8.688e-25	1.95312e-08	3.52105e-08	1.96316e-08	3.32883e-08
4.40674e-09	8.58307e-16	2.11449e-24	2.92969e-08	4.1432e-08	2.98741e-08	4.18238e-08
4.29796e-09	1.23978e-15	3.0597e-24	3.90625e-08	4.88281e-08	2.98741e-08	4.69451e-08
3.6794e-09	7.62939e-16	1.62201e-24	2.92969e-08	4.1432e-08	2.8167e-08	4.18238e-08
4.14387e-09	1.43051e-15	2.96436e-24	3.90625e-08	5.69429e-08	2.90206e-08	5.54805e-08
5.15822e-09	1.62125e-15	4.71979e-24	3.90625e-08	5.69429e-08	3.75561e-08	5.29199e-08
4.8164e-09	1.33514e-15	3.22211e-24	3.90625e-08	5.25895e-08	3.41419e-08	5.12128e-08
5.03024e-09	1.33514e-15	3.71209e-24	3.90625e-08	4.88281e-08	3.84096e-08	4.5238e-08
4.79467e-09	2.09808e-15	5.24612e-24	4.88281e-08	6.25305e-08	4.18238e-08	5.71876e-08
5.46422e-09	1.71661e-15	4.51841e-24	4.83374e-08	5.69429e-08	3.75561e-08	5.20664e-08
3.48958e-09	1.23978e-15	1.92721e-24	3.90625e-08	5.69429e-08	2.90206e-08	5.37735e-08
4.17855e-09	9.53674e-16	2.18902e-24	2.92969e-08	4.36732e-08	2.90206e-08	4.01167e-08
3.60846e-09	7.62939e-16	1.22054e-24	2.92969e-08	4.02647e-08	2.30458e-08	4.01167e-08
5.01219e-09	1.81198e-15	4.37632e-24	4.83374e-08	6.17632e-08	4.01167e-08	5.88947e-08
5.61079e-09	1.71661e-15	5.33953e-24	3.90625e-08	5.69429e-08	3.84096e-08	5.20664e-08
4.37079e-09	2.67029e-15	6.6558e-24	4.88281e-08	7.43728e-08	4.18238e-08	7.3405e-08
5.79811e-09	1.90735e-15	5.81948e-24	4.88281e-08	5.69429e-08	4.5238e-08	5.54805e-08
4.43687e-09	1.14441e-15	2.06598e-24	3.90625e-08	4.88281e-08	3.07277e-08	4.86522e-08
4.26928e-09	8.58307e-16	2.10909e-24	2.92969e-08	4.36732e-08	2.04851e-08	4.26773e-08
4.24469e-09	1.52588e-15	3.54441e-24	4.80405e-08	5.25895e-08	3.67025e-08	5.12128e-08
3.58484e-09	7.62939e-16	1.16501e-24	2.92969e-08	4.36732e-08	2.21922e-08	4.18238e-08
3.86306e-09	1.71661e-15	3.22074e-24	4.83374e-08	6.55098e-08	3.92632e-08	6.31625e-08
3.99329e-09	1.33514e-15	2.82052e-24	3.90625e-08	5.52427e-08	2.8167e-08	5.54805e-08
6.3564e-09	1.62125e-15	3.71958e-24	4.80405e-08	5.69429e-08	3.75561e-08	5.29199e-08
4.17132e-09	4.76837e-16	1.20729e-24	1.95312e-08	3.52105e-08	1.96316e-08	3.32883e-08
4.75604e-09	1.14441e-15	2.56105e-24	3.90625e-08	4.88281e-08	3.07277e-08	4.5238e-08
2.625e-09	3.8147e-16	7.19171e-25	1.95312e-08	2.76214e-08	1.96316e-08	2.8167e-08
4.70326e-09	1.71661e-15	4.60437e-24	4.83374e-08	5.69429e-08	3.92632e-08	5.29199e-08
3.33029e-09	7.62939e-16	1.49831e-24	2.92969e-08	4.1432e-08	2.8167e-08	4.18238e-08
4.61061e-09	1.14441e-15	3.54005e-24	2.92969e-08	4.88281e-08	2.98741e-08	4.86522e-08
4.54051e-09	1.52588e-15	3.77364e-24	3.90625e-08	5.25895e-08	3.67025e-08	5.03593e-08
4.3199e-09	1.52588e-15	3.24665e-24	4.80405e-08	5.25895e-08	3.67025e-08	5.12128e-08
5.1113e-09	1.52588e-15	3.98361e-24	3.90625e-08	5.25895e-08	3.67025e-08	5.03593e-08
5.33834e-09	1.71661e-15	4.72327e-24	3.90625e-08	5.69429e-08	3.84096e-08	5.20664e-08
4.41463e-09	8.58307e-16	1.65496e-24	2.92969e-08	4.88281e-08	2.47529e-08	4.43844e-08
5.43081e-09	2.00272e-15	5.21958e-24	4.88281e-08	6.55098e-08	3.75561e-08	6.31625e-08
5.34152e-09	1.71661e-15	4.17045e-24	4.83374e-08	5.69429e-08	3.92632e-08	5.29199e-08
5.13366e-09	1.52588e-15	3.52271e-24	4.80405e-08	5.25895e-08	3.67025e-08	5.12128e-08
5.1724e-09	1.33514e-15	3.56585e-24	3.90625e-08	5.25895e-08	3.41419e-08	5.12128e-08
3.37961e-09	3.8147e-16	6.59167e-25	1.95312e-08	2.76214e-08	1.96316e-08	2.8167e-08
4.57204e-09	4.76837e-16	1.03817e-24	1.95312e-08	3.52105e-08	1.96316e-08	3.32883e-08
4.62016e-09	1.71661e-15	3.6014e-24	4.83374e-08	5.69429e-08	3.92632e-08	5.29199e-08
5.99756e-09	2.09808e-15	6.28547e-24	4.88281e-08	6.25305e-08	4.18238e-08	5.71876e-08
4.67713e-09	1.33514e-15	3.0524e-24	3.90625e-08	4.88281e-08	3.84096e-08	4.5238e-08
2.85628e-09	9.53674e-17	1.01244e-25	9.76562e-09	1.38107e-08	9.38902e-09	1.45103e-08
4.69333e-09	4.76837e-16	1.06684e-24	1.95312e-08	3.52105e-08	1.96316e-08	3.32883e-08
4.82633e-09	1.14441e-15	2.23867e-24	3.90625e-08	4.97951e-08	3.32883e-08	4.95057e-08
5.77384e-09	2.09808e-15	5.50577e-24	4.88281e-08	6.17632e-08	4.18238e-08	5.88947e-08
5.0791e-09	1.23978e-15	3.1839e-24	4.1432e-08	4.97951e-08	3.15812e-08	4.86522e-08
4.6403e-09	1.33514e-15	3.71011e-24	3.90625e-08	4.88281e-08	3.84096e-08	4.5238e-08
5.32359e-09	1.62125e-15	4.34925e-24	3.90625e-08	5.69429e-08	3.32883e-08	5.29199e-08
3.12068e-09	5.72205e-16	1.22229e-24	1.95312e-08	3.52105e-08	1.96316e-08	3.32883e-08
4.80875e-09	1.23978e-15	3.00384e-24	3.90625e-08	4.88281e-08	3.15812e-08	4.60915e-08
4.5672e-09	1.62125e-15	3.77481e-24	4.80405e-08	5.69429e-08	3.75561e-08	5.29199e-08
5.21429e-09	2.00272e-15	4.87934e-24	4.88281e-08	6.25305e-08	4.26773e-08	6.14554e-08
4.51552e-09	1.33514e-15	3.31789e-24	3.90625e-08	4.88281e-08	3.84096e-08	4.5238e-08
4.71047e-09	9.53674e-16	1.86192e-24	3.45267e-08	4.36732e-08	2.73135e-08	4.09703e-08
4.9348e-09	1.81198e-15	4.21985e-24	4.88281e-08	5.69429e-08	4.09703e-08	5.4627e-08
5.13258e-09	6.67572e-16	1.45192e-24	1.95312e-08	4.36732e-08	1.96316e-08	4.26773e-08
4.63799e-09	1.23978e-15	3.03781e-24	3.90625e-08	4.88281e-08	2.98741e-08	4.69451e-08
5.13108e-09	1.52588e-15	3.93398e-24	3.90625e-08	5.52427e-08	3.92632e-08	5.20664e-08
4.91957e-09	1.90735e-15	4.87697e-24	4.88281e-08	5.69429e-08	4.09703e-08	5.54805e-08
3.8574e-09	4.76837e-16	1.28264e-24	1.95312e-08	3.52105e-08	1.96316e-08	3.32883e-08
4.87749e-09	1.90735e-15	4.63006e-24	4.88281e-08	6.25305e-08	4.09703e-08	5.97483e-08
4.91178e-09	1.43051e-15	3.39165e-24	3.90625e-08	5.52427e-08	3.92632e-08	5.54805e-08
5.2423e-09	1.81198e-15	3.86022e-24	3.90625e-08	6.17632e-08	3.92632e-08	6.06018e-08
5.18446e-09	1.90735e-15	4.59776e-24	4.88281e-08	5.69429e-08	4.09703e-08	5.54805e-08
4.37962e-09	1.04904e-15	2.53169e-24	2.92969e-08	4.88281e-08	2.98741e-08	4.69451e-08
4.16475e-09	9.53674e-16	1.13526e-24	3.45267e-08	4.88281e-08	2.30458e-08	4.5238e-08
4.21408e-09	1.04904e-15	2.34186e-24	3.90625e-08	4.36732e-08	3.15812e-08	4.18238e-08
4.51259e-09	1.52588e-15	3.65862e-24	3.90625e-08	5.69429e-08	3.32883e-08	5.29199e-08
5.39995e-09	2.09808e-15	5.49875e-24	4.88281e-08	6.55098e-08	3.84096e-08	6.14554e-08
4.07929e-09	1.33514e-15	2.6974e-24	3.90625e-08	4.88281e-08	3.84096e-08	4.5238e-08
5.47622e-09	1.33514e-15	3.54407e-24	3.90625e-08	4.88281e-08	3.84096e-08	4.5238e-08
4.7798e-09	1.43051e-15	3.60512e-24	3.90625e-08	5.52427e-08	3.92632e-08	5.54805e-08
4.2193e-09	1.14441e-15	2.89779e-24	2.92969e-08	5.25895e-08	2.98741e-08	4.86522e-08
4.31092e-09	1.71661e-15	3.99551e-24	4.83374e-08	5.69429e-08	3.75561e-08	5.20664e-08
4.32955e-09	1.04904e-15	2.16804e-24	2.92969e-08	4.88281e-08	2.98741e-08	4.69451e-08
5.5527e-09	1.71661e-15	4.92864e-24	3.90625e-08	5.69429e-08	3.84096e-08	5.20664e-08
4.30603e-09	8.58307e-16	2.00078e-24	2.92969e-08	4.1432e-08	2.98741e-08	4.18238e-08
4.72861e-09	1.14441e-15	2.41753e-24	2.92969e-08	5.25895e-08	2.98741e-08	4.86522e-08
4.55573e-09	1.04904e-15	2.08205e-24	3.90625e-08	4.36732e-08	2.90206e-08	4.26773e-08
3.41071e-09	2.86102e-16	5.53922e-25	9.76562e-09	3.08816e-08	9.38902e-09	2.98741e-08
4.59449e-09	1.52588e-15	3.65242e-24	3.90625e-08	5.69429e-08	3.92632e-08	5.54805e-08
4.36779e-09	1.04904e-15	1.22134e-24	3.45267e-08	4.88281e-08	2.47529e-08	4.60915e-08
4.00436e-09	7.62939e-16	9.62376e-25	3.45267e-08	4.36732e-08	1.96316e-08	4.26773e-08
6.23258e-09	1.52588e-15	4.1563e-24	3.90625e-08	5.25895e-08	3.67025e-08	5.03593e-08
3.20678e-09	4.76837e-16	6.33367e-25	1.95312e-08	3.52105e-08	1.96316e-08	3.32883e-08
5.04456e-09	1.04904e-15	2.61573e-24	2.92969e-08	4.88281e-08	2.98741e-08	4.69451e-08
6.84019e-09	2.28882e-15	7.67958e-24	4.88281e-08	7.04209e-08	3.92632e-08	6.74302e-08
5.68155e-09	1.71661e-15	4.66454e-24	4.80405e-08	5.69429e-08	3.32883e-08	5.54805e-08
3.59652e-09	8.58307e-16	2.46768e-24	2.92969e-08	4.1432e-08	2.98741e-08	4.18238e-08
4.01385e-09	7.62939e-16	1.4945e-24	2.92969e-08	4.02647e-08	2.30458e-08	4.01167e-08
4.85934e-09	1.52588e-15	4.36499e-24	3.90625e-08	5.52427e-08	3.84096e-08	5.54805e-08
4.31758e-09	1.90735e-15	4.50251e-24	4.88281e-08	5.69429e-08	4.5238e-08	5.54805e-08
5.29959e-09	1.23978e-15	3.15335e-24	3.90625e-08	4.88281e-08	3.15812e-08	4.5238e-08
4.69083e-09	1.14441e-15	2.07338e-24	3.90625e-08	4.88281e-08	3.07277e-08	4.86522e-08
4.6021e-09	1.81198e-15	3.99854e-24	4.88281e-08	5.69429e-08	4.26773e-08	5.37735e-08
4.33843e-09	1.81198e-15	4.1714e-24	4.88281e-08	5.69429e-08	3.92632e-08	5.54805e-08
5.36128e-09	2.00272e-15	5.82594e-24	4.88281e-08	6.25305e-08	4.18238e-08	5.80412e-08
4.04496e-09	1.23978e-15	2.65652e-24	2.92969e-08	5.25895e-08	2.98741e-08	4.95057e-08
4.94658e-09	2.28882e-15	6.39539e-24	4.88281e-08	6.90534e-08	4.86522e-08	6.91373e-08
4.3158e-09	1.33514e-15	3.04702e-24	3.90625e-08	5.52427e-08	2.98741e-08	5.12128e-08
4.86321e-09	1.90735e-15	4.69773e-24	4.88281e-08	5.69429e-08	4.09703e-08	5.54805e-08
5.04161e-09	1.43051e-15	3.58208e-24	4.1432e-08	5.69429e-08	3.15812e-08	5.71876e-08
4.04494e-09	1.23978e-15	2.10357e-24	3.90625e-08	5.25895e-08	2.98741e-08	5.03593e-08
5.16278e-09	1.90735e-15	4.80003e-24	4.88281e-08	5.69429e-08	4.5238e-08	5.54805e-08
4.0829e-09	1.52588e-15	3.25982e-24	3.90625e-08	5.25895e-08	3.67025e-08	5.03593e-08
4.72472e-09	1.43051e-15	3.85858e-24	3.90625e-08	5.25895e-08	3.75561e-08	5.03593e-08
4.84178e-09	9.53674e-16	2.36829e-24	3.45267e-08	4.36732e-08	2.73135e-08	4.09703e-08
4.48263e-09	1.33514e-15	3.25192e-24	3.90625e-08	4.88281e-08	3.84096e-08	4.5238e-08
3.85746e-09	7.62939e-16	1.88957e-24	2.92969e-08	4.1432e-08	2.8167e-08	4.18238e-08
5.54652e-09	1.81198e-15	4.87556e-24	4.88281e-08	5.69429e-08	4.09703e-08	5.4627e-08
4.8904e-09	1.62125e-15	4.12834e-24	3.90625e-08	5.69429e-08	3.75561e-08	5.29199e-08
4.24984e-09	9.53674e-16	2.21387e-24	2.92969e-08	4.36732e-08	2.98741e-08	4.09703e-08
5.911e-09	2.28882e-15	6.53902e-24	4.88281e-08	6.55098e-08	4.86522e-08	6.4016e-08
5.14332e-09	1.52588e-15	4.09152e-24	3.90625e-08	5.52427e-08	3.92632e-08	5.20664e-08
5.21402e-09	1.14441e-15	2.67843e-24	3.90625e-08	4.36732e-08	2.8167e-08	4.18238e-08
4.415e-09	1.14441e-15	3.00703e-24	2.92969e-08	4.88281e-08	2.98741e-08	4.86522e-08
5.46738e-09	2.38419e-15	6.19131e-24	5.52427e-08	6.55098e-08	4.86522e-08	6.31625e-08
6.36089e-09	2.00272e-15	6.2454e-24	4.88281e-08	5.69429e-08	4.18238e-08	5.71876e-08
5.23096e-09	2.19345e-15	5.87283e-24	4.88281e-08	6.55098e-08	3.75561e-08	6.31625e-08
5.57957e-09	1.71661e-15	5.33303e-24	3.90625e-08	5.69429e-08	3.84096e-08	5.20664e-08
4.66161e-09	1.43051e-15	3.84979e-24	3.90625e-08	5.52427e-08	3.92632e-08	5.54805e-08
4.32136e-09	1.33514e-15	3.52292e-24	3.90625e-08	4.88281e-08	3.84096e-08	4.5238e-08
4.8498e-09	1.62125e-15	3.74217e-24	4.80405e-08	5.69429e-08	3.84096e-08	5.29199e-08
4.74016e-09	1.23978e-15	2.82008e-24	3.90625e-08	4.88281e-08	3.15812e-08	4.5238e-08
4.82363e-09	1.71661e-15	4.19041e-24	4.83374e-08	5.69429e-08	3.92632e-08	5.54805e-08
4.58963e-09	1.14441e-15	2.98648e-24	2.92969e-08	4.88281e-08	2.98741e-08	4.86522e-08
4.39619e-09	8.58307e-16	2.44919e-24	2.92969e-08	4.1432e-08	2.98741e-08	4.18238e-08
4.54633e-09	1.81198e-15	5.00239e-24	4.88281e-08	5.69429e-08	4.09703e-08	5.4627e-08
2.86156e-09	3.8147e-16	7.0206e-25	1.95312e-08	2.76214e-08	1.96316e-08	2.8167e-08
5.1136e-09	1.43051e-15	3.72695e-24	3.90625e-08	5.52427e-08	3.92632e-08	5.54805e-08
5.37815e-09	1.52588e-15	3.43439e-24	3.90625e-08	5.25895e-08	3.67025e-08	5.03593e-08
4.92884e-09	8.58307e-16	2.05489e-24	2.92969e-08	4.1432e-08	2.98741e-08	4.18238e-08
3.83966e-09	9.53674e-16	2.06625e-24	2.92969e-08	4.36732e-08	2.98741e-08	4.09703e-08
5.07072e-09	1.52588e-15	3.9379e-24	3.90625e-08	5.25895e-08	3.67025e-08	5.03593e-08
4.85465e-09	2.00272e-15	5.39517e-24	4.88281e-08	6.25305e-08	4.43844e-08	5.80412e-08
3.78631e-09	1.04904e-15	1.85882e-24	3.90625e-08	4.36732e-08	2.90206e-08	4.26773e-08
4.94924e-09	2.00272e-15	4.89452e-24	4.88281e-08	5.69429e-08	4.18238e-08	5.71876e-08
4.59993e-09	1.62125e-15	3.59663e-24	3.90625e-08	5.69429e-08	3.75561e-08	5.29199e-08
4.47623e-09	8.58307e-16	1.09814e-24	2.92969e-08	4.88281e-08	2.47529e-08	4.43844e-08
4.57381e-09	1.52588e-15	3.97747e-24	3.90625e-08	5.25895e-08	3.67025e-08	5.03593e-08
3.49439e-09	8.58307e-16	1.40879e-24	2.92969e-08	4.36732e-08	2.38993e-08	4.01167e-08
4.17183e-09	1.14441e-15	3.00641e-24	2.92969e-08	4.88281e-08	2.98741e-08	4.86522e-08
5.99551e-09	1.62125e-15	4.58136e-24	3.90625e-08	5.69429e-08	3.75561e-08	5.29199e-08
4.42896e-09	1.23978e-15	3.01045e-24	3.90625e-08	4.88281e-08	3.15812e-08	4.5238e-08
4.85043e-09	1.52588e-15	3.90804e-24	3.90625e-08	5.69429e-08	3.5849e-08	5.29199e-08
4.53134e-09	1.04904e-15	2.53281e-24	3.90625e-08	4.36732e-08	3.15812e-08	4.18238e-08
5.36937e-09	1.23978e-15	2.72998e-24	3.90625e-08	5.25895e-08	3.15812e-08	5.03593e-08
3.69797e-09	1.14441e-15	2.20716e-24	3.90625e-08	4.88281e-08	3.07277e-08	4.5238e-08
4.71454e-09	1.90735e-15	4.98713e-24	4.88281e-08	5.69429e-08	4.09703e-08	5.54805e-08
4.16734e-09	1.23978e-15	2.61964e-24	3.90625e-08	4.88281e-08	3.15812e-08	4.5238e-08
4.90152e-09	1.23978e-15	3.32786e-24	3.90625e-08	4.88281e-08	2.98741e-08	4.69451e-08
4.11304e-09	1.43051e-15	3.51594e-24	3.90625e-08	5.25895e-08	3.75561e-08	5.03593e-08
5.07626e-09	1.71661e-15	4.89405e-24	3.90625e-08	5.69429e-08	3.84096e-08	5.29199e-08
4.4476e-09	1.04904e-15	2.85377e-24	2.92969e-08	4.88281e-08	2.98741e-08	4.69451e-08
4.80963e-09	3.24249e-15	7.77869e-24	5.85937e-08	7.8733e-08	4.86522e-08	7.42586e-08
4.63155e-09	8.58307e-16	1.08414e-24	2.92969e-08	4.88281e-08	2.47529e-08	4.43844e-08
5.80087e-09	1.43051e-15	3.57773e-24	3.90625e-08	5.25895e-08	3.75561e-08	5.03593e-08
3.73858e-09	8.58307e-16	2.08987e-24	2.92969e-08	4.1432e-08	2.98741e-08	4.18238e-08
3.92835e-09	1.81198e-15	4.5745e-24	4.88281e-08	5.69429e-08	4.26773e-08	5.37735e-08
3.294e-09	6.67572e-16	6.76971e-25	2.76214e-08	4.36732e-08	1.96316e-08	4.26773e-08
4.74881e-09	1.90735e-15	4.48523e-24	4.88281e-08	5.69429e-08	4.09703e-08	5.54805e-08
5.78419e-09	2.09808e-15	6.19541e-24	4.88281e-08	6.25305e-08	4.26773e-08	5.97483e-08
4.06735e-09	1.14441e-15	2.24544e-24	3.90625e-08	4.88281e-08	2.98741e-08	4.5238e-08
4.69371e-09	7.62939e-16	1.46185e-24	2.92969e-08	4.02647e-08	2.30458e-08	4.01167e-08
5.04187e-09	1.52588e-15	3.86472e-24	3.90625e-08	5.52427e-08	3.92632e-08	5.20664e-08
4.01039e-09	1.52588e-15	3.33412e-24	3.90625e-08	5.69429e-08	3.92632e-08	5.4627e-08
5.16587e-09	1.81198e-15	4.85157e-24	3.90625e-08	6.25305e-08	3.84096e-08	6.14554e-08
4.57369e-09	1.62125e-15	3.35907e-24	3.90625e-08	5.69429e-08	3.92632e-08	5.54805e-08
5.80055e-09	1.71661e-15	4.72174e-24	4.83374e-08	5.69429e-08	3.75561e-08	5.20664e-08
3.92886e-09	5.72205e-16	1.39835e-24	1.95312e-08	4.02647e-08	1.96316e-08	3.84096e-08
4.2155e-09	1.52588e-15	3.82262e-24	3.90625e-08	5.52427e-08	3.92632e-08	5.20664e-08
4.22984e-09	9.53674e-16	2.11331e-24	2.92969e-08	4.36732e-08	2.98741e-08	4.09703e-08
3.81711e-09	8.58307e-16	1.76781e-24	2.92969e-08	4.36732e-08	2.04851e-08	4.26773e-08
2.98844e-09	3.8147e-16	5.84653e-25	1.95312e-08	2.76214e-08	1.96316e-08	2.8167e-08
4.08236e-09	1.04904e-15	2.04312e-24	3.90625e-08	4.36732e-08	2.90206e-08	4.26773e-08
4.41473e-09	5.72205e-16	8.28993e-25	2.76214e-08	4.1432e-08	1.96316e-08	3.49954e-08
5.16117e-09	2.19345e-15	5.93657e-24	4.88281e-08	6.25305e-08	4.86522e-08	5.80412e-08
4.43831e-09	1.23978e-15	2.69349e-24	3.90625e-08	5.25895e-08	3.07277e-08	5.03593e-08
3.71748e-09	1.14441e-15	2.31163e-24	3.90625e-08	4.88281e-08	3.07277e-08	4.5238e-08
4.85738e-09	1.52588e-15	3.87796e-24	3.90625e-08	5.52427e-08	3.92632e-08	5.20664e-08
4.55939e-09	1.14441e-15	2.63667e-24	3.90625e-08	4.88281e-08	3.07277e-08	4.86522e-08
3.56452e-09	7.62939e-16	1.06012e-24	2.92969e-08	4.1432e-08	2.8167e-08	4.18238e-08
4.57574e-09	1.43051e-15	3.44558e-24	3.90625e-08	5.25895e-08	3.75561e-08	5.03593e-08
4.42545e-09	1.04904e-15	2.60319e-24	3.90625e-08	4.36732e-08	3.15812e-08	4.18238e-08
4.53092e-09	1.04904e-15	2.30329e-24	3.90625e-08	4.36732e-08	3.15812e-08	4.18238e-08
4.49568e-09	5.72205e-16	7.21739e-25	2.76214e-08	4.1432e-08	1.96316e-08	3.49954e-08
5.19878e-09	1.43051e-15	3.99258e-24	3.90625e-08	5.69429e-08	3.15812e-08	5.63341e-08
5.34852e-09	1.71661e-15	4.70741e-24	3.90625e-08	5.69429e-08	3.84096e-08	5.29199e-08
5.1749e-09	1.33514e-15	3.31161e-24	4.1432e-08	5.25895e-08	3.32883e-08	4.95057e-08
5.09412e-09	1.23978e-15	3.02968e-24	3.90625e-08	4.88281e-08	3.15812e-08	4.5238e-08
5.15073e-09	2.28882e-15	5.44654e-24	4.88281e-08	7.10948e-08	3.92632e-08	6.91373e-08
3.33406e-09	2.86102e-16	4.20971e-25	1.95312e-08	2.76214e-08	1.36568e-08	2.47529e-08
5.11537e-09	1.62125e-15	4.72685e-24	3.90625e-08	5.69429e-08	3.75561e-08	5.29199e-08
4.03279e-09	4.76837e-16	8.76877e-25	1.95312e-08	3.52105e-08	1.96316e-08	3.32883e-08
4.6061e-09	1.33514e-15	3.32125e-24	3.90625e-08	4.88281e-08	3.84096e-08	4.5238e-08
5.62123e-09	2.09808e-15	6.17658e-24	4.88281e-08	6.55098e-08	3.92632e-08	6.14554e-08
4.67082e-09	1.71661e-15	3.66563e-24	4.83374e-08	5.69429e-08	3.92632e-08	5.54805e-08
5.45592e-09	1.62125e-15	4.37916e-24	3.90625e-08	5.69429e-08	3.75561e-08	5.29199e-08
4.81647e-09	1.90735e-15	4.80996e-24	4.88281e-08	5.69429e-08	4.09703e-08	5.54805e-08
3.91136e-09	4.76837e-16	8.12991e-25	1.95312e-08	3.52105e-08	1.96316e-08	3.32883e-08
4.60199e-09	1.52588e-15	4.13203e-24	3.90625e-08	5.52427e-08	3.92632e-08	5.20664e-08
4.2398e-09	7.62939e-16	1.39586e-24	2.92969e-08	4.36732e-08	2.21922e-08	4.18238e-08
2.64463e-09	5.72205e-16	1.1241e-24	1.95312e-08	3.52105e-08	1.96316e-08	3.32883e-08
4.9441e-09	2.19345e-15	5.79517e-24	4.88281e-08	6.25305e-08	4.77986e-08	5.88947e-08
4.83119e-09	1.52588e-15	3.91205e-24	3.90625e-08	5.25895e-08	3.67025e-08	5.03593e-08
4.94973e-09	1.04904e-15	2.79441e-24	3.90625e-08	4.36732e-08	3.15812e-08	4.18238e-08
4.65315e-09	1.62125e-15	4.53284e-24	3.90625e-08	5.69429e-08	3.92632e-08	5.54805e-08
5.76742e-09	1.43051e-15	3.4028e-24	3.90625e-08	5.25895e-08	3.75561e-08	5.03593e-08
4.17488e-09	1.33514e-15	2.31977e-24	3.90625e-08	4.88281e-08	3.84096e-08	4.5238e-08
5.04033e-09	1.90735e-15	4.76227e-24	4.88281e-08	5.69429e-08	4.09703e-08	5.54805e-08
3.72178e-09	1.81198e-15	3.80721e-24	3.90625e-08	6.55098e-08	2.90206e-08	6.31625e-08
5.25851e-09	2.19345e-15	5.91907e-24	4.88281e-08	6.55098e-08	4.5238e-08	6.31625e-08
4.16016e-09	1.14441e-15	2.53597e-24	3.90625e-08	4.88281e-08	3.07277e-08	4.86522e-08
5.35834e-09	1.33514e-15	3.81841e-24	3.90625e-08	4.88281e-08	3.84096e-08	4.5238e-08
4.00668e-09	1.14441e-15	2.53302e-24	3.90625e-08	4.36732e-08	2.8167e-08	4.18238e-08
3.77651e-09	3.8147e-16	8.38394e-25	1.95312e-08	2.76214e-08	1.96316e-08	2.8167e-08
4.84537e-09	1.43051e-15	3.41619e-24	3.90625e-08	5.25895e-08	3.75561e-08	5.03593e-08
5.95555e-09	2.00272e-15	5.31938e-24	4.88281e-08	6.25305e-08	4.43844e-08	5.80412e-08
4.67344e-09	1.43051e-15	3.79368e-24	3.90625e-08	5.25895e-08	3.75561e-08	5.03593e-08
4.30475e-09	1.14441e-15	2.84755e-24	3.90625e-08	4.88281e-08	3.07277e-08	4.5238e-08
4.51185e-09	1.71661e-15	3.3501e-24	4.80405e-08	5.69429e-08	3.32883e-08	5.54805e-08
4.4054e-09	1.81198e-15	3.47802e-24	3.90625e-08	6.17632e-08	3.84096e-08	6.06018e-08
4.18689e-09	1.52588e-15	3.35899e-24	3.90625e-08	5.25895e-08	3.67025e-08	5.03593e-08
5.03597e-09	1.62125e-15	4.59504e-24	3.90625e-08	5.69429e-08	3.92632e-08	5.54805e-08
4.21045e-09	5.72205e-16	1.12812e-24	1.95312e-08	3.52105e-08	1.96316e-08	3.32883e-08
4.32872e-09	1.23978e-15	2.81488e-24	3.90625e-08	4.88281e-08	3.15812e-08	4.5238e-08
4.25608e-09	1.14441e-15	2.46458e-24	3.90625e-08	4.88281e-08	3.07277e-08	4.5238e-08
5.55555e-09	1.62125e-15	4.33428e-24	4.83374e-08	5.25895e-08	3.75561e-08	5.03593e-08
4.48828e-09	8.58307e-16	1.4061e-24	3.45267e-08	4.36732e-08	2.04851e-08	4.26773e-08
4.62765e-09	1.04904e-15	1.88378e-24	3.90625e-08	4.36732e-08	2.90206e-08	4.26773e-08
3.93061e-09	1.62125e-15	3.98937e-24	3.90625e-08	5.69429e-08	3.75561e-08	5.29199e-08
4.33215e-09	1.33514e-15	3.57411e-24	3.90625e-08	4.88281e-08	3.84096e-08	4.5238e-08
5.53487e-09	2.38419e-15	7.0448e-24	5.67752e-08	6.55098e-08	4.43844e-08	6.14554e-08
5.12673e-09	1.04904e-15	2.64495e-24	3.90625e-08	4.88281e-08	2.98741e-08	4.43844e-08
4.95299e-09	1.43051e-15	3.71943e-24	3.90625e-08	5.25895e-08	3.75561e-08	5.03593e-08
4.16567e-09	5.72205e-16	1.02406e-24	2.76214e-08	3.52105e-08	2.04851e-08	3.15812e-08
4.48978e-09	1.14441e-15	2.28745e-24	3.90625e-08	4.36732e-08	2.8167e-08	4.18238e-08
5.42088e-09	1.81198e-15	4.89268e-24	4.88281e-08	5.69429e-08	4.09703e-08	5.4627e-08
5.29538e-09	1.52588e-15	3.82334e-24	3.90625e-08	5.25895e-08	3.67025e-08	5.03593e-08
3.8031e-09	1.14441e-15	2.25309e-24	3.90625e-08	4.88281e-08	3.07277e-08	4.86522e-08
4.35539e-09	1.14441e-15	2.12971e-24	3.90625e-08	4.97951e-08	3.32883e-08	4.95057e-08
4.62169e-09	1.62125e-15	4.3506e-24	3.90625e-08	5.69429e-08	3.75561e-08	5.29199e-08
4.6483e-09	1.33514e-15	3.127e-24	3.90625e-08	4.88281e-08	3.84096e-08	4.5238e-08
5.48328e-09	1.62125e-15	4.05832e-24	3.90625e-08	5.69429e-08	3.75561e-08	5.29199e-08
4.77819e-09	1.52588e-15	2.8948e-24	4.80405e-08	5.25895e-08	3.67025e-08	5.12128e-08
3.98915e-09	1.23978e-15	2.71697e-24	3.90625e-08	4.88281e-08	2.98741e-08	4.69451e-08
4.08612e-09	1.04904e-15	2.11332e-24	3.90625e-08	4.36732e-08	3.15812e-08	4.18238e-08
5.72975e-09	2.57492e-15	7.43541e-24	4.88281e-08	7.04209e-08	4.86522e-08	6.4016e-08
5.33481e-09	1.33514e-15	3.38126e-24	3.90625e-08	4.88281e-08	3.84096e-08	4.5238e-08
4.6798e-09	8.58307e-16	1.81285e-24	2.92969e-08	4.88281e-08	2.47529e-08	4.69451e-08
4.92474e-09	1.04904e-15	2.58637e-24	3.90625e-08	4.36732e-08	3.15812e-08	4.18238e-08
5.05716e-09	1.52588e-15	4.03452e-24	4.80405e-08	5.25895e-08	3.67025e-08	5.12128e-08
4.03799e-09	1.04904e-15	1.8845e-24	3.90625e-08	4.36732e-08	2.90206e-08	4.26773e-08
5.08322e-09	2.57492e-15	6.37711e-24	5.85937e-08	6.55098e-08	4.86522e-08	6.4016e-08
5.03212e-09	1.52588e-15	3.41601e-24	3.90625e-08	6.25305e-08	3.84096e-08	5.97483e-08
5.56115e-09	1.43051e-15	3.48786e-24	4.1432e-08	5.25895e-08	3.32883e-08	5.03593e-08
5.0791e-09	1.81198e-15	4.7366e-24	3.90625e-08	6.25305e-08	3.84096e-08	6.14554e-08
4.66844e-09	1.43051e-15	2.20543e-24	3.90625e-08	5.69429e-08	2.98741e-08	5.54805e-08
3.8798e-09	1.71661e-15	4.01651e-24	4.88281e-08	5.69429e-08	3.92632e-08	5.63341e-08
5.02953e-09	1.62125e-15	4.11968e-24	4.83374e-08	5.52427e-08	4.01167e-08	5.03593e-08
4.74539e-09	1.33514e-15	2.76598e-24	3.90625e-08	6.25305e-08	2.90206e-08	5.97483e-08
4.43547e-09	1.43051e-15	2.76522e-24	3.90625e-08	5.69429e-08	3.32883e-08	5.37735e-08
5.16981e-09	8.58307e-16	1.13794e-24	2.92969e-08	4.88281e-08	2.47529e-08	4.43844e-08
2.0875e-09	9.53674e-17	6.3957e-26	9.76562e-09	1.38107e-08	9.38902e-09	1.45103e-08
4.94375e-09	1.43051e-15	3.6676e-24	3.90625e-08	5.52427e-08	3.92632e-08	5.54805e-08
4.12746e-09	9.53674e-17	9.10912e-26	9.76562e-09	1.38107e-08	9.38902e-09	1.45103e-08
3.92545e-09	9.53674e-16	2.32905e-24	2.92969e-08	4.36732e-08	2.90206e-08	4.01167e-08
4.47946e-09	1.43051e-15	3.81097e-24	3.90625e-08	5.52427e-08	3.92632e-08	5.54805e-08
5.98638e-09	1.43051e-15	3.01403e-24	3.90625e-08	5.25895e-08	3.75561e-08	5.03593e-08
3.87054e-09	7.62939e-16	1.43425e-24	2.92969e-08	4.02647e-08	2.30458e-08	4.01167e-08
5.46322e-09	2.00272e-15	5.11264e-24	4.88281e-08	5.69429e-08	4.18238e-08	5.71876e-08
4.60224e-09	1.43051e-15	3.84763e-24	3.90625e-08	5.25895e-08	3.75561e-08	5.03593e-08
4.87261e-09	1.90735e-15	3.15736e-24	4.83374e-08	6.55098e-08	3.92632e-08	6.14554e-08
4.27501e-09	1.23978e-15	2.78154e-24	3.90625e-08	4.88281e-08	3.15812e-08	4.5238e-08
4.24396e-09	9.53674e-16	2.12678e-24	2.92969e-08	4.36732e-08	2.98741e-08	4.09703e-08
4.70891e-09	1.04904e-15	2.04336e-24	3.90625e-08	4.36732e-08	3.15812e-08	4.18238e-08
4.63175e-09	1.43051e-15	2.97117e-24	4.1432e-08	5.25895e-08	3.32883e-08	5.03593e-08
4.79477e-09	1.90735e-15	4.58281e-24	4.88281e-08	5.69429e-08	4.09703e-08	5.54805e-08
2.91102e-09	1.90735e-16	2.51695e-25	9.76562e-09	2.18366e-08	9.38902e-09	2.13387e-08
2.04969e-09	9.53674e-17	2.24114e-26	9.76562e-09	1.38107e-08	9.38902e-09	1.45103e-08
3.26052e-09	3.8147e-16	7.57087e-25	1.95312e-08	2.76214e-08	1.96316e-08	2.8167e-08
4.05814e-09	8.58307e-16	1.97531e-24	2.92969e-08	4.1432e-08	2.98741e-08	4.18238e-08
5.74341e-09	8.58307e-16	2.44595e-24	2.92969e-08	4.1432e-08	2.98741e-08	4.18238e-08
5.5806e-09	1.43051e-15	3.06303e-24	3.90625e-08	5.25895e-08	3.75561e-08	5.03593e-08
5.17933e-09	1.43051e-15	3.74116e-24	3.90625e-08	5.52427e-08	3.92632e-08	5.54805e-08
2.7953e-09	1.90735e-16	2.57897e-25	9.76562e-09	2.18366e-08	9.38902e-09	2.13387e-08
5.80181e-09	2.28882e-15	6.36426e-24	4.88281e-08	6.55098e-08	4.86522e-08	6.4016e-08
4.87762e-09	1.43051e-15	2.80874e-24	3.90625e-08	5.69429e-08	3.15812e-08	5.4627e-08
4.93452e-09	1.62125e-15	4.21745e-24	2.92969e-08	7.10948e-08	2.90206e-08	6.91373e-08
5.04307e-09	1.52588e-15	3.77112e-24	3.90625e-08	5.69429e-08	3.92632e-08	5.4627e-08
5.04857e-09	1.33514e-15	3.25117e-24	3.90625e-08	5.25895e-08	3.41419e-08	5.12128e-08
3.18699e-09	1.90735e-16	4.3739e-25	9.76562e-09	2.18366e-08	9.38902e-09	2.13387e-08
4.78565e-09	1.33514e-15	3.55037e-24	3.90625e-08	5.25895e-08	3.32883e-08	5.03593e-08
4.64672e-09	1.14441e-15	2.99113e-24	2.92969e-08	4.88281e-08	2.98741e-08	4.86522e-08
4.75488e-09	1.52588e-15	3.46895e-24	4.80405e-08	5.25895e-08	3.67025e-08	5.12128e-08
4.33633e-09	1.52588e-15	4.25018e-24	3.90625e-08	5.52427e-08	3.84096e-08	5.54805e-08
5.09695e-09	1.43051e-15	3.23475e-24	4.1432e-08	5.69429e-08	3.15812e-08	5.29199e-08
5.48815e-09	1.62125e-15	3.91118e-24	3.90625e-08	5.69429e-08	3.75561e-08	5.29199e-08
4.2185e-09	1.81198e-15	4.50186e-24	4.80405e-08	6.25305e-08	3.41419e-08	5.80412e-08
4.5244e-09	1.14441e-15	2.68098e-24	3.90625e-08	4.88281e-08	3.07277e-08	4.5238e-08
3.50504e-09	1.14441e-15	2.37833e-24	3.90625e-08	4.88281e-08	3.07277e-08	4.5238e-08
5.27681e-09	1.52588e-15	3.65638e-24	3.90625e-08	5.25895e-08	3.67025e-08	5.03593e-08
5.0394e-09	1.62125e-15	4.01629e-24	4.32343e-08	6.55098e-08	2.38993e-08	6.06018e-08
6.14834e-09	1.52588e-15	4.13314e-24	4.80405e-08	5.25895e-08	3.67025e-08	5.12128e-08
4.17063e-09	1.23978e-15	3.15678e-24	3.90625e-08	4.88281e-08	2.98741e-08	4.69451e-08
4.19954e-09	2.47955e-15	5.92474e-24	4.88281e-08	6.55098e-08	4.86522e-08	6.4016e-08
4.79191e-09	2.00272e-15	4.95379e-24	4.88281e-08	5.69429e-08	4.18238e-08	5.71876e-08
5.00159e-09	1.71661e-15	4.11903e-24	4.63224e-08	6.25305e-08	3.92632e-08	6.14554e-08
5.14226e-09	1.62125e-15	4.25453e-24	4.83374e-08	5.52427e-08	4.01167e-08	5.03593e-08
4.63933e-09	1.23978e-15	3.09211e-24	3.90625e-08	4.88281e-08	3.15812e-08	4.5238e-08
5.09894e-09	1.52588e-15	3.83071e-24	3.90625e-08	5.69429e-08	3.67025e-08	5.29199e-08
5.1956e-09	2.09808e-15	5.88586e-24	4.88281e-08	6.25305e-08	4.18238e-08	5.71876e-08
2.68051e-09	4.76837e-16	7.17246e-25	1.95312e-08	3.52105e-08	1.96316e-08	3.32883e-08
5.01909e-09	2.00272e-15	5.47312e-24	4.88281e-08	6.17632e-08	4.35309e-08	5.88947e-08
5.55324e-09	2.28882e-15	6.36217e-24	5.52427e-08	6.55098e-08	4.5238e-08	6.14554e-08
4.04121e-09	1.14441e-15	2.01123e-24	3.90625e-08	4.88281e-08	2.98741e-08	4.5238e-08
4.07742e-09	2.00272e-15	4.25068e-24	4.88281e-08	6.17632e-08	3.92632e-08	6.06018e-08
5.02073e-09	1.62125e-15	4.73845e-24	3.90625e-08	5.69429e-08	3.75561e-08	5.29199e-08
4.76449e-09	2.19345e-15	5.60628e-24	4.88281e-08	6.25305e-08	4.26773e-08	6.14554e-08
3.78724e-09	2.19345e-15	5.53594e-24	4.88281e-08	6.55098e-08	3.92632e-08	6.23089e-08
4.22828e-09	1.04904e-15	2.13921e-24	3.45267e-08	4.88281e-08	2.47529e-08	4.60915e-08
4.62972e-09	1.23978e-15	3.18562e-24	3.90625e-08	4.88281e-08	3.15812e-08	4.5238e-08
3.6661e-09	5.72205e-16	1.07323e-24	1.95312e-08	4.02647e-08	1.96316e-08	3.84096e-08
4.92061e-09	1.04904e-15	2.68061e-24	2.92969e-08	4.88281e-08	2.98741e-08	4.69451e-08
4.4855e-09	1.43051e-15	3.01997e-24	3.90625e-08	5.25895e-08	3.41419e-08	5.03593e-08
4.77047e-09	1.43051e-15	3.77653e-24	3.90625e-08	5.25895e-08	3.75561e-08	5.03593e-08
4.70498e-09	1.33514e-15	3.35443e-24	3.90625e-08	4.88281e-08	3.84096e-08	4.5238e-08
5.47219e-09	2.28882e-15	5.75275e-24	4.88281e-08	6.25305e-08	4.86522e-08	5.97483e-08
5.19387e-09	2.00272e-15	5.52462e-24	4.88281e-08	6.25305e-08	4.26773e-08	6.14554e-08
5.25428e-09	1.33514e-15	3.79514e-24	3.90625e-08	4.88281e-08	3.84096e-08	4.5238e-08
3.1393e-09	1.90735e-16	3.06845e-25	9.76562e-09	2.18366e-08	9.38902e-09	2.13387e-08
4.77843e-09	1.71661e-15	3.74871e-24	4.83374e-08	5.69429e-08	3.92632e-08	5.29199e-08
4.90997e-09	1.81198e-15	5.26178e-24	4.88281e-08	5.69429e-08	4.09703e-08	5.4627e-08
4.95279e-09	1.52588e-15	4.19318e-24	3.90625e-08	5.25895e-08	3.67025e-08	5.03593e-08
4.50877e-09	1.04904e-15	2.36488e-24	2.92969e-08	4.88281e-08	2.98741e-08	4.69451e-08
3.78022e-09	4.76837e-16	7.33271e-25	2.76214e-08	3.08816e-08	1.45103e-08	2.98741e-08
5.06963e-09	2.00272e-15	4.90529e-24	4.88281e-08	6.25305e-08	4.18238e-08	5.80412e-08
3.84987e-09	1.14441e-15	2.47445e-24	3.90625e-08	4.88281e-08	2.98741e-08	4.5238e-08
3.14669e-09	6.67572e-16	9.41694e-25	2.92969e-08	4.02647e-08	2.04851e-08	3.92632e-08
3.68087e-09	9.53674e-16	2.03814e-24	2.92969e-08	4.36732e-08	2.90206e-08	4.01167e-08
4.75067e-09	1.23978e-15	2.7396e-24	3.90625e-08	5.25895e-08	3.15812e-08	5.03593e-08
4.54239e-09	9.53674e-16	2.20874e-24	2.92969e-08	4.88281e-08	2.30458e-08	4.86522e-08
5.98103e-09	1.62125e-15	4.37108e-24	3.90625e-08	5.69429e-08	3.75561e-08	5.29199e-08
3.80704e-09	9.53674e-16	2.12067e-24	2.92969e-08	4.36732e-08	2.98741e-08	4.09703e-08
3.05941e-09	3.8147e-16	7.26603e-25	1.95312e-08	2.76214e-08	1.96316e-08	2.8167e-08
4.84312e-09	1.04904e-15	2.4013e-24	3.90625e-08	4.36732e-08	3.15812e-08	4.18238e-08
5.03735e-09	2.57492e-15	5.93546e-24	4.88281e-08	7.04209e-08	4.86522e-08	6.91373e-08
5.54729e-09	1.90735e-15	4.81803e-24	4.88281e-08	7.10948e-08	2.90206e-08	6.82838e-08
4.37467e-09	1.43051e-15	3.69222e-24	3.90625e-08	5.52427e-08	3.92632e-08	5.54805e-08
4.62392e-09	9.53674e-16	2.21146e-24	2.92969e-08	4.36732e-08	2.90206e-08	4.01167e-08
3.76902e-09	1.14441e-15	2.4412e-24	3.90625e-08	4.88281e-08	3.07277e-08	4.5238e-08
5.28923e-09	2.47955e-15	6.85671e-24	4.88281e-08	6.55098e-08	4.86522e-08	6.4016e-08
4.10487e-09	2.19345e-15	5.90232e-24	4.88281e-08	7.04209e-08	3.75561e-08	6.82838e-08
5.28541e-09	1.23978e-15	3.11615e-24	3.90625e-08	4.88281e-08	2.98741e-08	4.69451e-08
4.90924e-09	1.52588e-15	3.60583e-24	3.90625e-08	5.69429e-08	2.90206e-08	5.54805e-08
5.57495e-09	1.81198e-15	4.14741e-24	4.80405e-08	5.69429e-08	3.15812e-08	5.71876e-08
4.63577e-09	1.62125e-15	3.68172e-24	4.80405e-08	5.69429e-08	3.75561e-08	5.54805e-08
4.67511e-09	9.53674e-16	2.49284e-24	2.92969e-08	4.36732e-08	2.90206e-08	4.01167e-08
5.71084e-09	2.09808e-15	5.16758e-24	4.88281e-08	6.25305e-08	4.26773e-08	5.97483e-08
4.80906e-09	7.62939e-16	1.39354e-24	2.92969e-08	4.1432e-08	2.8167e-08	4.18238e-08
3.85833e-09	9.53674e-16	2.05165e-24	2.92969e-08	4.36732e-08	2.98741e-08	4.09703e-08
6.09532e-09	2.09808e-15	5.66636e-24	4.88281e-08	6.25305e-08	4.18238e-08	5.71876e-08
5.67494e-09	8.58307e-16	2.11691e-24	2.92969e-08	4.1432e-08	2.98741e-08	4.18238e-08
5.19484e-09	2.47955e-15	6.69147e-24	3.90625e-08	8.05294e-08	3.92632e-08	7.85263e-08
4.48972e-09	1.33514e-15	3.03631e-24	3.90625e-08	4.88281e-08	3.84096e-08	4.5238e-08
4.22787e-09	1.23978e-15	2.07523e-24	3.90625e-08	4.88281e-08	3.15812e-08	4.5238e-08
4.64109e-09	1.43051e-15	2.95245e-24	3.90625e-08	5.25895e-08	3.75561e-08	5.03593e-08
5.05119e-09	1.33514e-15	3.37158e-24	3.90625e-08	4.88281e-08	3.84096e-08	4.5238e-08
4.2034e-09	1.43051e-15	2.78244e-24	3.90625e-08	5.25895e-08	3.75561e-08	5.03593e-08
6.59281e-09	1.71661e-15	4.01601e-24	4.83374e-08	5.69429e-08	3.92632e-08	5.29199e-08
4.49692e-09	1.04904e-15	2.55772e-24	3.90625e-08	4.36732e-08	3.15812e-08	4.18238e-08
4.92336e-09	1.43051e-15	3.25076e-24	3.90625e-08	5.25895e-08	3.75561e-08	5.03593e-08
3.74852e-09	9.53674e-16	1.8128e-24	2.92969e-08	4.36732e-08	2.90206e-08	4.01167e-08
4.79545e-09	1.71661e-15	4.46964e-24	3.90625e-08	6.25305e-08	3.67025e-08	6.23089e-08
5.02022e-09	1.62125e-15	4.19511e-24	3.90625e-08	5.69429e-08	3.75561e-08	5.29199e-08
3.19016e-09	3.8147e-16	6.07423e-25	1.95312e-08	2.76214e-08	1.96316e-08	2.8167e-08
4.49369e-09	1.04904e-15	2.71199e-24	2.92969e-08	4.88281e-08	2.98741e-08	4.69451e-08
4.95916e-09	2.09808e-15	5.3254e-24	4.88281e-08	6.25305e-08	4.18238e-08	5.71876e-08
4.90863e-09	1.81198e-15	4.96652e-24	3.90625e-08	6.25305e-08	3.84096e-08	6.14554e-08
4.94247e-09	1.71661e-15	5.0475e-24	3.90625e-08	5.69429e-08	3.84096e-08	5.20664e-08
5.49693e-09	1.23978e-15	3.46444e-24	3.90625e-08	4.88281e-08	3.15812e-08	4.5238e-08
5.29014e-09	2.19345e-15	6.2464e-24	4.88281e-08	6.90534e-08	4.18238e-08	6.91373e-08
4.93796e-09	1.43051e-15	3.23267e-24	4.1432e-08	5.25895e-08	3.32883e-08	5.03593e-08
4.25753e-09	9.53674e-16	1.85522e-24	3.45267e-08	4.36732e-08	2.73135e-08	4.09703e-08
4.66048e-09	7.62939e-16	8.02844e-25	2.76214e-08	4.88281e-08	2.04851e-08	4.5238e-08
4.70282e-09	2.47955e-15	6.04202e-24	4.88281e-08	7.43728e-08	3.32883e-08	7.25515e-08
4.91285e-09	6.67572e-16	9.04638e-25	2.76214e-08	4.36732e-08	1.96316e-08	4.26773e-08
4.45343e-09	2.09808e-15	5.09924e-24	4.88281e-08	6.25305e-08	4.18238e-08	5.71876e-08
4.4743e-09	1.14441e-15	2.8947e-24	2.92969e-08	4.88281e-08	2.98741e-08	4.86522e-08
3.93856e-09	6.67572e-16	1.48616e-24	2.92969e-08	3.52105e-08	2.47529e-08	3.41419e-08
5.15928e-09	2.95639e-15	7.52751e-24	4.88281e-08	7.8733e-08	4.95057e-08	7.42586e-08
4.99003e-09	1.33514e-15	3.7499e-24	3.90625e-08	4.88281e-08	3.84096e-08	4.5238e-08
4.01062e-09	1.90735e-15	4.49785e-24	4.88281e-08	6.17632e-08	3.92632e-08	6.06018e-08
4.19469e-09	8.58307e-16	1.82834e-24	3.45267e-08	4.36732e-08	2.47529e-08	4.18238e-08
4.13531e-09	1.71661e-15	4.41332e-24	3.90625e-08	5.69429e-08	3.84096e-08	5.29199e-08
3.52262e-09	6.67572e-16	1.1949e-24	2.92969e-08	3.52105e-08	2.47529e-08	3.41419e-08
3.99154e-09	9.53674e-16	1.9458e-24	3.45267e-08	4.36732e-08	2.73135e-08	4.09703e-08
3.96903e-09	7.62939e-16	1.47023e-24	2.92969e-08	4.1432e-08	2.8167e-08	4.18238e-08
4.29853e-09	1.43051e-15	3.61266e-24	3.90625e-08	5.25895e-08	3.75561e-08	5.03593e-08
4.69383e-09	1.62125e-15	3.39681e-24	4.80405e-08	5.69429e-08	3.84096e-08	5.29199e-08
2.50734e-09	1.90735e-16	1.73055e-25	9.76562e-09	2.18366e-08	9.38902e-09	2.13387e-08
4.92492e-09	1.23978e-15	2.0748e-24	3.90625e-08	5.52427e-08	3.24348e-08	4.86522e-08
3.49469e-09	1.14441e-15	1.9549e-24	3.90625e-08	4.36732e-08	2.8167e-08	4.18238e-08
4.10605e-09	8.58307e-16	1.93536e-24	2.92969e-08	4.1432e-08	2.98741e-08	4.18238e-08
4.34345e-09	1.14441e-15	3.04503e-24	3.90625e-08	4.88281e-08	2.98741e-08	4.5238e-08
4.16871e-09	1.04904e-15	1.36988e-24	3.45267e-08	5.52427e-08	2.04851e-08	5.54805e-08
4.98684e-09	1.62125e-15	4.34478e-24	3.90625e-08	5.69429e-08	3.75561e-08	5.29199e-08
3.8124e-09	1.33514e-15	2.94204e-24	3.90625e-08	5.52427e-08	2.8167e-08	5.54805e-08
4.37336e-09	1.23978e-15	2.28994e-24	2.92969e-08	5.69429e-08	2.90206e-08	5.37735e-08
3.7747e-09	1.14441e-15	2.05541e-24	3.90625e-08	4.88281e-08	3.07277e-08	4.86522e-08
4.01223e-09	9.53674e-16	2.16617e-24	2.92969e-08	4.36732e-08	2.90206e-08	4.01167e-08
5.42801e-09	1.62125e-15	3.69111e-24	4.83374e-08	5.52427e-08	4.01167e-08	5.03593e-08
4.79924e-09	2.09808e-15	5.05166e-24	4.88281e-08	6.17632e-08	4.69451e-08	6.06018e-08
4.56288e-09	9.53674e-16	2.77472e-24	2.92969e-08	4.36732e-08	2.98741e-08	4.09703e-08
5.08623e-09	2.00272e-15	4.81676e-24	3.90625e-08	7.10948e-08	2.90206e-08	6.91373e-08
3.56404e-09	9.53674e-16	1.95411e-24	2.92969e-08	4.36732e-08	2.98741e-08	4.09703e-08
4.93854e-09	1.33514e-15	3.73381e-24	3.90625e-08	4.88281e-08	3.84096e-08	4.5238e-08
4.45056e-09	1.14441e-15	2.67854e-24	3.90625e-08	4.36732e-08	2.8167e-08	4.18238e-08
5.24245e-09	2.00272e-15	5.65513e-24	4.88281e-08	6.17632e-08	4.09703e-08	5.97483e-08
3.7523e-09	8.58307e-16	1.64161e-24	2.92969e-08	4.36732e-08	2.04851e-08	4.26773e-08
4.40505e-09	1.52588e-15	3.69257e-24	3.90625e-08	5.25895e-08	3.67025e-08	5.03593e-08
2.43861e-09	9.53674e-17	7.57094e-26	9.76562e-09	1.38107e-08	9.38902e-09	1.45103e-08
4.84824e-09	1.62125e-15	3.459e-24	4.83374e-08	5.25895e-08	3.75561e-08	5.03593e-08
4.24028e-09	1.33514e-15	3.23174e-24	3.90625e-08	4.88281e-08	3.84096e-08	4.5238e-08
4.64166e-09	2.00272e-15	5.43403e-24	4.88281e-08	6.25305e-08	4.18238e-08	6.14554e-08
3.83567e-09	9.53674e-16	1.75618e-24	3.45267e-08	4.36732e-08	2.73135e-08	4.09703e-08
4.94981e-09	9.53674e-16	2.44488e-24	2.92969e-08	4.36732e-08	2.98741e-08	4.09703e-08
3.92456e-09	1.04904e-15	2.25696e-24	2.92969e-08	4.88281e-08	2.98741e-08	4.69451e-08
4.47011e-09	1.23978e-15	2.82944e-24	3.90625e-08	4.88281e-08	3.15812e-08	4.5238e-08
5.1011e-09	1.23978e-15	3.27354e-24	3.70579e-08	5.69429e-08	2.90206e-08	5.54805e-08
3.97875e-09	9.53674e-16	2.21098e-24	2.92969e-08	4.36732e-08	2.98741e-08	4.09703e-08
4.23941e-09	1.23978e-15	2.86163e-24	3.90625e-08	4.88281e-08	2.98741e-08	4.69451e-08
5.48302e-09	2.28882e-15	6.11163e-24	4.88281e-08	6.55098e-08	4.86522e-08	6.4016e-08
7.6562e-09	2.00272e-15	5.62493e-24	4.88281e-08	5.69429e-08	4.18238e-08	5.71876e-08
4.83726e-09	1.43051e-15	3.11728e-24	3.90625e-08	5.9402e-08	2.98741e-08	5.97483e-08
4.58909e-09	1.14441e-15	2.52525e-24	3.90625e-08	4.88281e-08	3.07277e-08	4.86522e-08
4.49224e-09	9.53674e-16	2.53888e-24	2.92969e-08	4.36732e-08	2.98741e-08	4.09703e-08
4.42357e-09	1.52588e-15	3.05738e-24	3.90625e-08	5.69429e-08	3.92632e-08	5.4627e-08
3.26127e-09	6.67572e-16	1.04882e-24	2.92969e-08	4.02647e-08	2.04851e-08	3.92632e-08
4.23859e-09	1.33514e-15	3.42162e-24	2.92969e-08	5.69429e-08	2.90206e-08	5.63341e-08
4.80981e-09	1.33514e-15	3.34074e-24	3.90625e-08	5.25895e-08	2.98741e-08	5.03593e-08
4.45994e-09	8.58307e-16	2.0861e-24	2.92969e-08	4.36732e-08	2.38993e-08	4.01167e-08
5.87807e-09	1.23978e-15	3.86446e-24	3.90625e-08	4.88281e-08	2.98741e-08	4.69451e-08
5.59009e-09	6.67572e-16	1.99956e-24	1.95312e-08	4.36732e-08	1.96316e-08	4.26773e-08
4.42472e-09	7.62939e-16	9.29072e-25	3.45267e-08	4.36732e-08	1.96316e-08	4.26773e-08
4.56246e-09	1.52588e-15	4.36447e-24	3.90625e-08	5.52427e-08	3.84096e-08	5.54805e-08
3.4662e-09	6.67572e-16	1.35866e-24	2.92969e-08	3.52105e-08	2.47529e-08	3.41419e-08
4.74924e-09	1.81198e-15	4.44143e-24	4.88281e-08	5.69429e-08	4.26773e-08	5.37735e-08
4.50687e-09	1.43051e-15	3.04082e-24	3.90625e-08	5.25895e-08	3.75561e-08	5.03593e-08
5.09378e-09	1.52588e-15	2.95782e-24	4.1432e-08	5.69429e-08	2.8167e-08	5.20664e-08
5.1064e-09	1.62125e-15	4.02162e-24	4.80405e-08	5.69429e-08	3.84096e-08	5.29199e-08
5.18547e-09	9.53674e-16	2.50138e-24	2.92969e-08	4.36732e-08	2.98741e-08	4.09703e-08
4.15241e-09	9.53674e-16	1.57435e-24	3.45267e-08	4.36732e-08	2.73135e-08	4.09703e-08
4.8157e-09	1.52588e-15	3.46046e-24	3.90625e-08	5.25895e-08	3.67025e-08	5.03593e-08
4.67384e-09	1.52588e-15	3.25517e-24	4.1432e-08	5.69429e-08	3.32883e-08	5.63341e-08
4.99186e-09	1.14441e-15	2.44315e-24	3.90625e-08	4.88281e-08	2.98741e-08	4.5238e-08
6.00197e-09	2.00272e-15	5.16534e-24	4.88281e-08	5.69429e-08	4.18238e-08	5.71876e-08
4.87023e-09	1.52588e-15	4.21831e-24	3.90625e-08	5.69429e-08	2.90206e-08	5.54805e-08
6.03789e-09	2.67029e-15	6.17421e-24	5.85937e-08	6.90534e-08	5.29199e-08	6.23089e-08
4.8722e-09	2.00272e-15	4.39847e-24	4.88281e-08	6.17632e-08	4.5238e-08	6.06018e-08
4.98094e-09	2.00272e-15	4.94443e-24	4.88281e-08	5.69429e-08	4.18238e-08	5.71876e-08
4.53749e-09	1.04904e-15	2.65365e-24	2.92969e-08	4.88281e-08	2.98741e-08	4.69451e-08
-2.96726e-10	9.53674e-17	-8.88135e-26	9.76562e-09	1.38107e-08	9.38902e-09	1.45103e-08
4.9891e-09	2.86102e-16	3.40934e-25	1.95312e-08	2.76214e-08	1.36568e-08	2.47529e-08
5.86135e-09	2.00272e-15	4.82993e-24	4.88281e-08	6.17632e-08	4.18238e-08	5.88947e-08
4.23216e-09	1.14441e-15	2.77154e-24	2.92969e-08	4.88281e-08	2.98741e-08	4.86522e-08
4.06923e-09	7.62939e-16	1.62591e-24	2.92969e-08	4.02647e-08	2.30458e-08	4.01167e-08
4.0883e-09	7.62939e-16	1.63337e-24	2.92969e-08	4.1432e-08	2.8167e-08	4.18238e-08
4.54446e-09	2.67029e-15	6.59891e-24	4.88281e-08	7.43728e-08	4.86522e-08	7.08444e-08
5.0443e-09	1.62125e-15	4.03069e-24	4.83374e-08	5.52427e-08	4.01167e-08	5.03593e-08
5.6944e-09	2.19345e-15	5.64937e-24	4.88281e-08	6.25305e-08	4.77986e-08	5.88947e-08
4.42059e-09	8.58307e-16	1.54004e-24	3.45267e-08	4.36732e-08	2.04851e-08	4.26773e-08
2.73602e-09	9.53674e-17	-1.37913e-26	9.76562e-09	1.38107e-08	9.38902e-09	1.45103e-08
4.24608e-09	1.43051e-15	3.18021e-24	4.80405e-08	5.25895e-08	3.41419e-08	4.86522e-08
4.73825e-09	1.23978e-15	3.30121e-24	2.92969e-08	5.25895e-08	2.98741e-08	4.95057e-08
3.74711e-09	1.14441e-15	2.08263e-24	3.90625e-08	4.36732e-08	2.8167e-08	4.18238e-08
5.23262e-09	1.71661e-15	4.23197e-24	4.83374e-08	5.69429e-08	3.92632e-08	5.54805e-08
-1.93245e-10	9.53674e-17	-8.52487e-26	9.76562e-09	1.38107e-08	9.38902e-09	1.45103e-08
4.3043e-09	1.14441e-15	3.06925e-24	2.92969e-08	4.88281e-08	2.98741e-08	4.86522e-08
5.5885e-09	1.81198e-15	3.83083e-24	4.88281e-08	5.69429e-08	4.26773e-08	5.37735e-08
4.8691e-09	1.23978e-15	2.35645e-24	3.90625e-08	5.25895e-08	3.15812e-08	5.03593e-08
2.50518e-09	3.8147e-16	5.63734e-25	1.95312e-08	2.76214e-08	1.96316e-08	2.8167e-08
4.53787e-09	1.81198e-15	4.17466e-24	4.88281e-08	5.69429e-08	4.26773e-08	5.37735e-08
5.12401e-09	1.81198e-15	4.65609e-24	4.88281e-08	5.69429e-08	4.26773e-08	5.37735e-08
5.37246e-09	1.90735e-15	4.56234e-24	4.88281e-08	6.17632e-08	3.92632e-08	6.06018e-08
3.46295e-09	3.8147e-16	7.90344e-25	1.95312e-08	2.76214e-08	1.96316e-08	2.8167e-08
4.53568e-09	1.04904e-15	1.82437e-24	3.90625e-08	4.36732e-08	2.90206e-08	4.26773e-08
4.97069e-09	1.62125e-15	4.24941e-24	4.83374e-08	5.25895e-08	3.75561e-08	5.03593e-08
5.54245e-09	1.33514e-15	2.81032e-24	3.90625e-08	5.25895e-08	3.41419e-08	5.12128e-08
3.09252e-09	5.72205e-16	8.56688e-25	1.95312e-08	3.52105e-08	1.96316e-08	3.32883e-08
5.09975e-09	2.19345e-15	5.26188e-24	4.88281e-08	6.25305e-08	4.77986e-08	5.88947e-08
5.22107e-09	1.14441e-15	3.06613e-24	3.90625e-08	4.97951e-08	3.32883e-08	4.95057e-08
4.54923e-09	7.62939e-16	1.63114e-24	2.92969e-08	4.36732e-08	2.21922e-08	4.18238e-08
3.0361e-09	5.72205e-16	7.57647e-25	2.76214e-08	3.52105e-08	2.04851e-08	3.15812e-08
5.71e-09	1.62125e-15	4.09099e-24	4.80405e-08	5.69429e-08	3.41419e-08	5.37735e-08
3.88336e-09	1.04904e-15	2.11055e-24	3.45267e-08	4.88281e-08	2.47529e-08	4.60915e-08
4.92972e-09	1.52588e-15	3.7755e-24	3.90625e-08	5.25895e-08	3.67025e-08	5.03593e-08
5.11747e-09	2.00272e-15	5.30551e-24	4.88281e-08	6.25305e-08	4.43844e-08	5.80412e-08
5.67989e-09	1.71661e-15	5.01381e-24	4.88281e-08	5.69429e-08	3.92632e-08	5.54805e-08
3.73202e-09	1.71661e-15	3.54123e-24	4.83374e-08	5.69429e-08	3.75561e-08	5.20664e-08
5.27241e-09	1.43051e-15	3.24679e-24	3.90625e-08	5.25895e-08	3.75561e-08	5.03593e-08
4.35047e-09	1.23978e-15	2.68891e-24	3.90625e-08	4.88281e-08	3.15812e-08	4.5238e-08
5.27239e-09	1.71661e-15	4.22763e-24	4.83374e-08	5.69429e-08	3.92632e-08	5.29199e-08
4.87864e-09	1.04904e-15	1.03833e-24	3.90625e-08	4.36732e-08	3.15812e-08	4.18238e-08
4.36237e-09	1.14441e-15	2.64072e-24	2.92969e-08	5.25895e-08	2.98741e-08	4.86522e-08
4.60087e-09	1.71661e-15	3.4014e-24	4.83374e-08	5.69429e-08	3.92632e-08	5.29199e-08
4.45945e-09	1.23978e-15	3.08812e-24	3.90625e-08	5.25895e-08	3.15812e-08	5.03593e-08
3.87439e-09	6.67572e-16	8.00008e-25	2.76214e-08	4.36732e-08	1.96316e-08	4.26773e-08
4.47495e-09	1.52588e-15	3.68574e-24	3.90625e-08	5.52427e-08	3.92632e-08	5.20664e-08
3.64311e-09	1.23978e-15	2.87753e-24	3.90625e-08	4.88281e-08	3.15812e-08	4.5238e-08
4.75359e-09	2.76566e-15	7.37444e-24	5.52427e-08	7.8733e-08	4.35309e-08	7.68192e-08
5.42642e-09	1.90735e-15	4.95115e-24	4.88281e-08	5.69429e-08	4.5238e-08	5.54805e-08
4.25587e-09	1.81198e-15	4.00421e-24	3.90625e-08	7.10948e-08	3.92632e-08	7.08444e-08
4.48411e-09	1.04904e-15	2.39147e-24	2.92969e-08	5.25895e-08	2.98741e-08	5.03593e-08
3.52785e-09	8.58307e-16	1.95497e-24	2.92969e-08	4.1432e-08	2.98741e-08	4.18238e-08
5.21329e-09	1.52588e-15	4.14908e-24	3.90625e-08	5.52427e-08	3.92632e-08	5.20664e-08
4.18102e-09	1.33514e-15	2.88065e-24	3.90625e-08	4.88281e-08	3.84096e-08	4.5238e-08
5.41932e-09	1.90735e-15	5.40235e-24	4.88281e-08	6.17632e-08	4.01167e-08	6.06018e-08
4.02207e-09	1.52588e-15	3.41075e-24	4.80405e-08	5.25895e-08	3.67025e-08	5.12128e-08
5.68776e-09	1.81198e-15	4.91403e-24	4.88281e-08	5.69429e-08	4.26773e-08	5.37735e-08
4.76922e-09	1.14441e-15	1.48979e-24	3.45267e-08	5.52427e-08	2.73135e-08	5.20664e-08
5.19245e-09	1.90735e-15	4.8692e-24	4.88281e-08	5.69429e-08	4.5238e-08	5.54805e-08
3.94635e-09	1.14441e-15	2.82934e-24	2.92969e-08	5.25895e-08	2.98741e-08	4.86522e-08
4.03259e-09	1.43051e-15	3.1918e-24	3.90625e-08	5.52427e-08	3.92632e-08	5.54805e-08
4.2197e-09	1.14441e-15	3.06e-24	2.92969e-08	4.88281e-08	2.98741e-08	4.86522e-08
3.60806e-09	1.14441e-15	2.92522e-24	2.92969e-08	4.88281e-08	2.98741e-08	4.86522e-08
4.04323e-09	1.04904e-15	1.68709e-24	3.90625e-08	4.88281e-08	2.98741e-08	4.26773e-08
3.6766e-09	7.62939e-16	9.7925e-25	2.92969e-08	4.36732e-08	2.21922e-08	4.18238e-08
5.24588e-09	1.62125e-15	4.81483e-24	3.90625e-08	5.69429e-08	3.75561e-08	5.29199e-08
4.41412e-09	1.52588e-15	3.72352e-24	3.90625e-08	5.25895e-08	3.67025e-08	5.03593e-08
4.57182e-09	1.52588e-15	3.67609e-24	3.90625e-08	5.25895e-08	3.67025e-08	5.03593e-08
4.41041e-09	1.81198e-15	3.86862e-24	4.88281e-08	5.69429e-08	4.26773e-08	5.37735e-08
5.20486e-09	1.71661e-15	4.79216e-24	4.83374e-08	5.69429e-08	3.92632e-08	5.29199e-08
5.11136e-09	1.62125e-15	4.31397e-24	4.83374e-08	5.25895e-08	3.75561e-08	5.03593e-08
4.27529e-09	1.23978e-15	3.10585e-24	3.90625e-08	4.88281e-08	3.15812e-08	4.5238e-08
4.78837e-09	1.52588e-15	4.33314e-24	3.90625e-08	5.52427e-08	3.84096e-08	5.54805e-08
3.24454e-09	8.58307e-16	1.51942e-24	2.92969e-08	4.36732e-08	2.38993e-08	4.01167e-08
4.32366e-09	1.33514e-15	3.47486e-24	3.90625e-08	4.88281e-08	3.84096e-08	4.5238e-08
4.63139e-09	1.81198e-15	5.11548e-24	3.90625e-08	6.25305e-08	3.84096e-08	6.14554e-08
3.43981e-09	1.90735e-16	3.42977e-25	9.76562e-09	2.18366e-08	9.38902e-09	2.13387e-08
4.05312e-09	1.14441e-15	1.60125e-24	3.90625e-08	4.97951e-08	3.32883e-08	4.95057e-08
4.81633e-09	2.00272e-15	5.409e-24	4.88281e-08	6.25305e-08	4.43844e-08	5.80412e-08
4.6325e-09	1.14441e-15	2.76388e-24	2.92969e-08	5.25895e-08	2.98741e-08	4.86522e-08
4.83192e-09	1.90735e-15	4.84064e-24	4.80405e-08	6.55098e-08	3.67025e-08	6.31625e-08
3.94002e-09	5.72205e-16	1.3774e-24	1.95312e-08	3.52105e-08	1.96316e-08	3.32883e-08
2.96937e-09	3.8147e-16	7.01025e-25	1.95312e-08	2.76214e-08	1.96316e-08	2.8167e-08
4.63839e-09	1.81198e-15	4.46372e-24	4.83374e-08	5.69429e-08	4.09703e-08	5.37735e-08
3.39419e-09	5.72205e-16	6.23907e-25	2.76214e-08	4.1432e-08	1.96316e-08	3.49954e-08
4.2927e-09	9.53674e-16	2.04146e-24	3.49386e-08	4.36732e-08	1.96316e-08	4.18238e-08
4.60144e-09	1.71661e-15	4.40713e-24	3.90625e-08	6.25305e-08	3.67025e-08	6.23089e-08
5.29575e-09	1.81198e-15	5.04594e-24	3.90625e-08	6.25305e-08	3.84096e-08	6.14554e-08
5.15699e-09	1.43051e-15	3.40771e-24	3.90625e-08	5.52427e-08	3.92632e-08	5.54805e-08
5.32132e-09	1.62125e-15	3.65171e-24	4.83374e-08	5.25895e-08	3.75561e-08	5.03593e-08
4.47443e-09	2.19345e-15	4.96115e-24	4.88281e-08	7.04209e-08	4.09703e-08	6.82838e-08
2.84511e-09	1.90735e-16	2.49474e-25	9.76562e-09	2.18366e-08	9.38902e-09	2.13387e-08
5.17446e-09	1.23978e-15	2.83157e-24	3.90625e-08	4.88281e-08	3.15812e-08	4.60915e-08
4.37146e-09	1.52588e-15	3.44402e-24	3.90625e-08	5.52427e-08	3.84096e-08	5.54805e-08
4.46724e-09	1.62125e-15	4.15701e-24	3.90625e-08	5.69429e-08	3.75561e-08	5.29199e-08
5.18683e-09	1.14441e-15	2.609e-24	3.90625e-08	4.88281e-08	3.07277e-08	4.5238e-08
4.66159e-09	1.04904e-15	2.45004e-24	2.92969e-08	4.97951e-08	2.98741e-08	4.86522e-08
4.1108e-09	8.58307e-16	2.09065e-24	2.92969e-08	4.1432e-08	2.98741e-08	4.18238e-08
3.704e-09	8.58307e-16	1.03882e-24	2.92969e-08	4.88281e-08	2.47529e-08	4.43844e-08
4.58612e-09	1.43051e-15	3.73028e-24	3.90625e-08	5.52427e-08	3.92632e-08	5.54805e-08
4.07181e-09	1.71661e-15	4.0551e-24	3.90625e-08	5.69429e-08	3.84096e-08	5.20664e-08
4.24295e-09	1.43051e-15	2.94905e-24	3.90625e-08	5.69429e-08	3.15812e-08	5.4627e-08
5.33189e-09	1.43051e-15	3.96489e-24	3.90625e-08	5.25895e-08	3.75561e-08	5.03593e-08
3.80485e-09	9.53674e-16	1.95453e-24	2.92969e-08	4.36732e-08	2.90206e-08	4.01167e-08
4.05939e-09	1.43051e-15	3.08272e-24	3.90625e-08	5.25895e-08	3.75561e-08	5.03593e-08
4.521e-09	1.52588e-15	3.89948e-24	4.80405e-08	5.25895e-08	3.67025e-08	5.12128e-08
5.09931e-09	2.00272e-15	5.02594e-24	4.88281e-08	5.69429e-08	4.18238e-08	5.71876e-08
4.93087e-09	6.67572e-16	1.15849e-24	2.76214e-08	4.36732e-08	1.96316e-08	4.26773e-08
5.52806e-09	2.28882e-15	4.93892e-24	5.24078e-08	7.43728e-08	3.92632e-08	7.08444e-08
3.88344e-09	1.14441e-15	3.05742e-24	2.92969e-08	4.88281e-08	2.98741e-08	4.86522e-08
5.45417e-09	1.62125e-15	4.95317e-24	3.90625e-08	5.69429e-08	3.75561e-08	5.29199e-08
4.45367e-09	9.53674e-16	2.49917e-24	2.92969e-08	4.36732e-08	2.90206e-08	4.01167e-08
4.58219e-09	6.67572e-16	1.54513e-24	2.92969e-08	3.52105e-08	2.47529e-08	3.41419e-08
4.96351e-09	8.58307e-16	9.69004e-25	2.92969e-08	4.88281e-08	2.47529e-08	4.43844e-08
4.19656e-09	1.52588e-15	3.48797e-24	2.92969e-08	6.17632e-08	2.98741e-08	5.97483e-08
-1.29075e-10	9.53674e-17	-5.42634e-26	9.76562e-09	1.38107e-08	9.38902e-09	1.45103e-08
4.98773e-09	1.90735e-15	4.96261e-24	4.88281e-08	5.69429e-08	4.5238e-08	5.54805e-08
4.51368e-09	1.52588e-15	3.98881e-24	3.90625e-08	5.69429e-08	3.92632e-08	5.20664e-08
5.49583e-09	1.90735e-15	5.97599e-24	3.90625e-08	6.17632e-08	3.84096e-08	6.06018e-08
-1.36078e-10	9.53674e-17	-7.59723e-26	9.76562e-09	1.38107e-08	9.38902e-09	1.45103e-08
4.92645e-09	9.53674e-16	2.06241e-24	2.92969e-08	4.36732e-08	2.90206e-08	4.01167e-08
4.23003e-09	1.43051e-15	3.04728e-24	3.90625e-08	5.25895e-08	3.75561e-08	5.03593e-08
5.73522e-09	1.81198e-15	4.94544e-24	4.88281e-08	5.69429e-08	4.26773e-08	5.37735e-08
5.13593e-09	1.62125e-15	3.43509e-24	4.1432e-08	5.69429e-08	3.15812e-08	5.71876e-08
3.82814e-09	8.58307e-16	1.94247e-24	2.92969e-08	4.1432e-08	2.98741e-08	4.18238e-08
1.74422e-09	9.53674e-17	1.67605e-26	9.76562e-09	1.38107e-08	9.38902e-09	1.45103e-08
3.93984e-09	9.53674e-17	8.03362e-26	9.76562e-09	1.38107e-08	9.38902e-09	1.45103e-08
4.10844e-09	7.62939e-16	1.0961e-24	2.92969e-08	4.36732e-08	2.21922e-08	4.18238e-08
3.84569e-09	7.62939e-16	1.20193e-24	1.95312e-08	4.36732e-08	1.96316e-08	4.18238e-08
4.34342e-09	5.72205e-16	8.07898e-25	2.76214e-08	4.1432e-08	1.96316e-08	3.49954e-08
4.81894e-09	1.52588e-15	3.79451e-24	3.90625e-08	5.25895e-08	3.67025e-08	5.03593e-08
4.8672e-09	1.33514e-15	3.72491e-24	3.90625e-08	4.88281e-08	3.84096e-08	4.5238e-08
4.62327e-09	1.33514e-15	2.12645e-24	3.90625e-08	5.25895e-08	3.41419e-08	5.12128e-08
4.30611e-09	9.53674e-17	4.50626e-26	9.76562e-09	1.38107e-08	9.38902e-09	1.45103e-08
4.68904e-09	4.76837e-16	5.13749e-25	2.0716e-08	4.1432e-08	1.36568e-08	3.75561e-08
4.17624e-09	8.58307e-16	1.94325e-24	2.92969e-08	4.1432e-08	2.98741e-08	4.18238e-08
5.17975e-09	9.53674e-16	1.1086e-24	2.76214e-08	5.52427e-08	1.96316e-08	5.54805e-08
4.35766e-09	9.53674e-17	9.44507e-26	9.76562e-09	1.38107e-08	9.38902e-09	1.45103e-08
1.34086e-09	9.53674e-17	9.98225e-27	9.76562e-09	1.38107e-08	9.38902e-09	1.45103e-08
5.1572e-09	1.43051e-15	3.52201e-24	3.90625e-08	5.25895e-08	3.41419e-08	5.03593e-08
4.08377e-09	5.72205e-16	7.73789e-25	2.76214e-08	4.1432e-08	1.96316e-08	3.49954e-08
5.2277e-09	9.53674e-16	1.93077e-24	3.45267e-08	4.36732e-08	2.73135e-08	4.09703e-08
5.23774e-09	2.19345e-15	5.65932e-24	4.88281e-08	6.55098e-08	4.5238e-08	6.31625e-08
2.20705e-10	9.53674e-17	-7.88666e-26	9.76562e-09	1.38107e-08	9.38902e-09	1.45103e-08
4.66407e-09	1.33514e-15	3.72712e-24	3.90625e-08	4.88281e-08	3.84096e-08	4.5238e-08
5.00649e-09	2.95639e-15	7.38622e-24	5.85937e-08	7.04209e-08	5.54805e-08	6.82838e-08
3.06087e-09	4.76837e-16	8.18614e-25	1.95312e-08	3.52105e-08	1.96316e-08	3.32883e-08
4.38234e-09	1.33514e-15	3.14626e-24	3.90625e-08	5.52427e-08	2.8167e-08	5.54805e-08
4.04133e-09	1.33514e-15	3.36465e-24	3.90625e-08	4.88281e-08	3.84096e-08	4.5238e-08
2.54491e-10	9.53674e-17	-4.34998e-26	9.76562e-09	1.38107e-08	9.38902e-09	1.45103e-08
6.26883e-09	2.38419e-15	6.74367e-24	5.52427e-08	6.55098e-08	4.86522e-08	6.31625e-08
5.31565e-09	1.43051e-15	3.55691e-24	3.90625e-08	5.25895e-08	3.75561e-08	5.03593e-08
4.37689e-09	8.58307e-16	2.35653e-24	2.92969e-08	4.1432e-08	2.98741e-08	4.18238e-08
3.91594e-09	7.62939e-16	1.50763e-24	2.92969e-08	4.1432e-08	2.8167e-08	4.18238e-08
4.07231e-09	6.67572e-16	8.72919e-25	2.76214e-08	4.36732e-08	1.96316e-08	4.26773e-08
3.66014e-09	1.23978e-15	2.0915e-24	3.90625e-08	5.25895e-08	3.15812e-08	5.03593e-08
3.4175e-09	1.14441e-15	2.71902e-24	2.92969e-08	4.88281e-08	2.98741e-08	4.86522e-08
3.57574e-09	1.62125e-15	3.83964e-24	3.90625e-08	5.69429e-08	3.75561e-08	5.29199e-08
4.65215e-09	1.81198e-15	4.17968e-24	4.83374e-08	5.69429e-08	4.09703e-08	5.37735e-08
5.06127e-09	6.67572e-16	1.47092e-24	2.92969e-08	4.1432e-08	1.8778e-08	3.75561e-08
5.45038e-09	2.38419e-15	5.48525e-24	4.88281e-08	6.55098e-08	4.86522e-08	6.31625e-08
4.88653e-09	1.81198e-15	3.47477e-24	4.80405e-08	6.55098e-08	3.15812e-08	6.31625e-08
6.55568e-09	2.00272e-15	6.79475e-24	4.88281e-08	6.17632e-08	4.5238e-08	6.06018e-08
3.88719e-09	9.53674e-16	2.15954e-24	2.92969e-08	4.36732e-08	2.90206e-08	4.01167e-08
4.85938e-09	8.58307e-16	2.00822e-24	2.92969e-08	4.1432e-08	2.98741e-08	4.18238e-08
5.29292e-09	2.19345e-15	6.64065e-24	4.88281e-08	6.25305e-08	4.86522e-08	6.14554e-08
4.66831e-09	9.53674e-16	1.85448e-24	3.45267e-08	4.36732e-08	2.73135e-08	4.09703e-08
3.89963e-09	5.72205e-16	6.9126e-25	2.76214e-08	4.1432e-08	1.96316e-08	3.49954e-08
4.48495e-09	1.14441e-15	2.55847e-24	3.90625e-08	4.36732e-08	2.8167e-08	4.18238e-08
4.11755e-09	2.09808e-15	4.76664e-24	3.90625e-08	7.43728e-08	3.84096e-08	6.99908e-08
5.24623e-09	1.52588e-15	3.99881e-24	3.90625e-08	5.69429e-08	3.92632e-08	5.20664e-08
5.06573e-09	1.23978e-15	2.7179e-24	3.90625e-08	4.88281e-08	3.15812e-08	4.5238e-08
3.58442e-09	8.58307e-16	1.22861e-24	2.92969e-08	4.88281e-08	2.47529e-08	4.43844e-08
3.65657e-09	8.58307e-16	1.47822e-24	2.92969e-08	4.1432e-08	2.98741e-08	4.18238e-08
4.20674e-09	1.52588e-15	3.33348e-24	3.90625e-08	5.25895e-08	3.67025e-08	5.03593e-08
4.11581e-09	4.76837e-16	5.8179e-25	2.0716e-08	4.1432e-08	1.36568e-08	3.75561e-08
4.79563e-09	1.62125e-15	4.03203e-24	4.83374e-08	5.52427e-08	4.01167e-08	5.03593e-08
4.01111e-09	5.72205e-16	6.51571e-25	2.76214e-08	4.1432e-08	1.96316e-08	3.49954e-08
5.2366e-09	8.58307e-16	2.00795e-24	2.92969e-08	4.36732e-08	2.90206e-08	4.26773e-08
4.89114e-09	1.14441e-15	2.57874e-24	2.92969e-08	5.25895e-08	2.98741e-08	4.86522e-08
4.80199e-09	1.62125e-15	3.15506e-24	3.90625e-08	6.17632e-08	3.15812e-08	5.88947e-08
4.26594e-09	1.04904e-15	1.83683e-24	3.45267e-08	4.88281e-08	2.47529e-08	4.60915e-08
3.49191e-09	3.8147e-16	5.13745e-25	1.95312e-08	3.52105e-08	9.38902e-09	3.32883e-08
4.1501e-09	1.04904e-15	2.64651e-24	2.92969e-08	4.88281e-08	2.98741e-08	4.69451e-08
4.79409e-09	1.62125e-15	3.13767e-24	4.83374e-08	5.25895e-08	3.75561e-08	5.03593e-08
5.00117e-09	1.62125e-15	3.71835e-24	3.90625e-08	5.69429e-08	3.75561e-08	5.29199e-08
4.93219e-09	1.43051e-15	3.7607e-24	3.90625e-08	5.69429e-08	3.32883e-08	5.37735e-08
4.54706e-09	1.04904e-15	2.86464e-24	2.92969e-08	4.88281e-08	2.98741e-08	4.69451e-08
4.70054e-09	1.04904e-15	2.75649e-24	2.92969e-08	4.88281e-08	2.98741e-08	4.69451e-08
2.88689e-09	1.90735e-16	2.90134e-25	9.76562e-09	2.18366e-08	9.38902e-09	2.13387e-08
3.88267e-09	7.62939e-16	7.41069e-25	2.76214e-08	4.88281e-08	2.04851e-08	4.5238e-08
5.23226e-09	1.33514e-15	2.1204e-24	3.90625e-08	5.25895e-08	3.41419e-08	5.12128e-08
5.19876e-09	1.33514e-15	3.2121e-24	3.90625e-08	4.88281e-08	3.84096e-08	4.5238e-08
4.97471e-09	1.04904e-15	2.42493e-24	3.90625e-08	4.36732e-08	3.15812e-08	4.18238e-08
4.76419e-09	2.09808e-15	5.07286e-24	3.90625e-08	6.55098e-08	3.84096e-08	6.14554e-08
4.22823e-09	1.81198e-15	4.36751e-24	4.88281e-08	5.69429e-08	4.09703e-08	5.4627e-08
4.01973e-09	1.14441e-15	2.40401e-24	3.90625e-08	4.36732e-08	2.8167e-08	4.18238e-08
4.3655e-09	1.43051e-15	3.56366e-24	3.90625e-08	5.52427e-08	3.15812e-08	5.12128e-08
5.52781e-09	2.19345e-15	5.44671e-24	4.88281e-08	6.55098e-08	4.5238e-08	6.31625e-08
4.32485e-09	9.53674e-16	1.97466e-24	2.92969e-08	4.36732e-08	2.90206e-08	4.01167e-08
5.03186e-09	2.09808e-15	5.28475e-24	4.88281e-08	6.25305e-08	4.18238e-08	5.71876e-08
4.14794e-09	1.90735e-15	4.13974e-24	4.83374e-08	6.17632e-08	3.92632e-08	5.88947e-08
5.44433e-09	2.00272e-15	4.51104e-24	4.88281e-08	6.25305e-08	4.18238e-08	5.80412e-08
4.43288e-09	1.43051e-15	3.44464e-24	3.90625e-08	5.52427e-08	3.41419e-08	4.95057e-08
5.27152e-09	1.62125e-15	3.50751e-24	4.80405e-08	5.69429e-08	3.41419e-08	5.37735e-08
5.17521e-09	1.62125e-15	4.16715e-24	4.80405e-08	5.69429e-08	3.84096e-08	5.29199e-08
4.27508e-09	1.14441e-15	1.45404e-24	3.90625e-08	4.88281e-08	2.73135e-08	4.43844e-08
4.58963e-09	9.53674e-16	2.51574e-24	2.92969e-08	4.36732e-08	2.98741e-08	4.09703e-08
4.89369e-09	1.14441e-15	2.30531e-24	2.92969e-08	5.25895e-08	2.98741e-08	4.86522e-08
5.5231e-09	1.71661e-15	4.3851e-24	4.83374e-08	5.69429e-08	3.75561e-08	5.20664e-08
5.75013e-09	1.90735e-15	5.6378e-24	4.83374e-08	6.25305e-08	3.67025e-08	6.23089e-08
4.59737e-09	1.04904e-15	2.22873e-24	2.92969e-08	4.88281e-08	2.98741e-08	4.69451e-08
4.2935e-09	5.72205e-16	1.2083e-24	1.95312e-08	3.52105e-08	1.96316e-08	3.32883e-08
5.09486e-09	1.62125e-15	3.73064e-24	3.90625e-08	5.69429e-08	3.75561e-08	5.29199e-08
4.06083e-09	1.33514e-15	3.30599e-24	3.90625e-08	4.88281e-08	3.84096e-08	4.5238e-08
4.46584e-09	1.71661e-15	4.30009e-24	3.90625e-08	5.69429e-08	3.84096e-08	5.20664e-08
4.70974e-09	1.33514e-15	3.23928e-24	4.1432e-08	5.25895e-08	3.32883e-08	4.95057e-08
4.74626e-09	1.52588e-15	3.32367e-24	3.90625e-08	5.52427e-08	3.84096e-08	5.54805e-08
4.12099e-09	1.90735e-15	4.20008e-24	4.88281e-08	5.69429e-08	4.09703e-08	5.54805e-08
4.8072e-09	1.14441e-15	2.86939e-24	3.90625e-08	4.88281e-08	3.07277e-08	4.5238e-08
4.94235e-09	1.52588e-15	3.57873e-24	3.90625e-08	5.25895e-08	3.67025e-08	5.03593e-08
5.29953e-09	1.23978e-15	2.48764e-24	3.90625e-08	4.88281e-08	3.15812e-08	4.5238e-08
4.63137e-09	8.58307e-16	1.57138e-24	2.92969e-08	4.88281e-08	2.47529e-08	4.43844e-08
7.08853e-09	2.47955e-15	7.7893e-24	4.88281e-08	7.04209e-08	4.69451e-08	6.65767e-08
5.19717e-09	1.14441e-15	2.34307e-24	3.90625e-08	4.88281e-08	3.07277e-08	4.86522e-08
2.48974e-09	2.86102e-16	2.98961e-25	1.95312e-08	2.76214e-08	1.36568e-08	2.47529e-08
3.66417e-09	8.58307e-16	1.45664e-24	2.92969e-08	4.36732e-08	2.38993e-08	4.01167e-08
4.91408e-09	1.43051e-15	3.53659e-24	3.90625e-08	5.52427e-08	3.92632e-08	5.54805e-08
5.63989e-09	2.00272e-15	3.80519e-24	4.88281e-08	6.55098e-08	4.5238e-08	5.80412e-08
5.12725e-09	2.00272e-15	4.97803e-24	4.88281e-08	6.25305e-08	3.75561e-08	5.88947e-08
3.51489e-09	5.72205e-16	8.21732e-25	2.76214e-08	4.1432e-08	1.96316e-08	3.49954e-08
4.58065e-09	1.62125e-15	4.1399e-24	3.90625e-08	5.69429e-08	3.75561e-08	5.29199e-08
3.31173e-09	4.76837e-16	8.53638e-25	1.95312e-08	3.52105e-08	1.96316e-08	3.32883e-08
5.84392e-09	1.71661e-15	6.28094e-24	3.90625e-08	5.69429e-08	3.84096e-08	5.20664e-08
5.09282e-09	1.62125e-15	4.18054e-24	4.83374e-08	5.25895e-08	3.75561e-08	5.03593e-08
4.90915e-09	1.62125e-15	3.2921e-24	4.80405e-08	5.69429e-08	3.41419e-08	5.37735e-08
4.94682e-09	1.33514e-15	3.05648e-24	4.1432e-08	5.25895e-08	3.32883e-08	4.95057e-08
5.39233e-09	1.81198e-15	3.8304e-24	4.88281e-08	5.69429e-08	4.09703e-08	5.63341e-08
4.76378e-09	1.33514e-15	3.66643e-24	3.90625e-08	4.88281e-08	3.84096e-08	4.5238e-08
3.74061e-09	1.04904e-15	2.51003e-24	2.92969e-08	4.88281e-08	2.98741e-08	4.69451e-08
3.61541e-09	5.72205e-16	7.71371e-25	2.76214e-08	4.1432e-08	1.96316e-08	3.49954e-08
4.99193e-09	2.09808e-15	5.77375e-24	4.88281e-08	6.55098e-08	3.84096e-08	6.14554e-08
3.65519e-09	6.67572e-16	1.22191e-24	2.92969e-08	3.52105e-08	2.47529e-08	3.41419e-08
4.06677e-09	9.53674e-16	1.83233e-24	2.92969e-08	4.36732e-08	2.90206e-08	4.01167e-08
4.10525e-09	1.43051e-15	3.282e-24	3.90625e-08	5.69429e-08	3.15812e-08	5.4627e-08
3.82725e-09	1.62125e-15	3.07156e-24	3.90625e-08	5.69429e-08	3.75561e-08	5.29199e-08
4.42239e-09	1.33514e-15	2.79016e-24	3.90625e-08	4.88281e-08	3.84096e-08	4.5238e-08
4.14499e-09	1.33514e-15	1.90361e-24	3.90625e-08	5.25895e-08	3.41419e-08	5.12128e-08
3.96123e-09	8.58307e-16	1.47332e-24	2.92969e-08	4.36732e-08	2.47529e-08	4.18238e-08
5.31151e-09	1.43051e-15	2.65992e-24	4.1432e-08	5.25895e-08	3.32883e-08	5.03593e-08
4.38389e-09	1.62125e-15	3.13579e-24	4.60444e-08	5.69429e-08	3.07277e-08	5.29199e-08
5.4058e-09	1.52588e-15	3.86913e-24	3.90625e-08	5.25895e-08	3.67025e-08	5.03593e-08
4.94614e-09	1.81198e-15	4.21661e-24	4.83374e-08	5.69429e-08	4.09703e-08	5.37735e-08
4.62568e-09	1.52588e-15	3.57257e-24	3.90625e-08	5.25895e-08	3.67025e-08	5.03593e-08
4.96442e-09	1.62125e-15	4.38586e-24	3.90625e-08	5.69429e-08	3.75561e-08	5.29199e-08
6.16168e-09	2.19345e-15	6.74598e-24	4.88281e-08	6.25305e-08	4.86522e-08	5.80412e-08
5.21535e-09	1.62125e-15	3.99886e-24	3.90625e-08	5.69429e-08	3.75561e-08	5.29199e-08
4.81354e-09	2.00272e-15	5.0929e-24	4.88281e-08	6.25305e-08	4.43844e-08	5.80412e-08
3.75738e-09	1.04904e-15	2.28077e-24	2.92969e-08	4.88281e-08	2.98741e-08	4.69451e-08
4.81906e-09	1.52588e-15	3.60316e-24	3.90625e-08	5.69429e-08	3.92632e-08	5.20664e-08
4.40579e-09	1.71661e-15	4.08913e-24	4.80405e-08	5.69429e-08	3.92632e-08	5.29199e-08
4.3384e-09	1.14441e-15	2.34977e-24	2.92969e-08	4.88281e-08	2.98741e-08	4.86522e-08
4.81222e-09	1.52588e-15	4.00334e-24	3.90625e-08	5.69429e-08	3.92632e-08	5.20664e-08
4.94658e-09	1.71661e-15	4.55317e-24	4.83374e-08	5.9402e-08	3.67025e-08	5.88947e-08
5.34284e-09	1.52588e-15	4.02722e-24	3.90625e-08	5.25895e-08	3.67025e-08	5.03593e-08
4.56763e-09	7.62939e-16	1.71497e-24	2.92969e-08	4.1432e-08	2.8167e-08	4.18238e-08
3.78843e-09	6.67572e-16	7.3268e-25	2.76214e-08	4.36732e-08	1.96316e-08	4.26773e-08
3.8616e-09	9.53674e-16	1.40895e-24	3.45267e-08	4.88281e-08	2.30458e-08	4.5238e-08
5.15829e-09	1.52588e-15	3.73239e-24	4.80405e-08	5.25895e-08	3.67025e-08	5.12128e-08
4.85536e-09	7.62939e-16	1.44806e-24	2.92969e-08	4.1432e-08	2.8167e-08	4.18238e-08
4.79483e-09	1.23978e-15	2.19798e-24	2.92969e-08	5.25895e-08	2.98741e-08	4.95057e-08
4.59761e-09	1.43051e-15	3.464e-24	3.90625e-08	5.25895e-08	3.75561e-08	5.03593e-08
3.7834e-09	1.23978e-15	1.62204e-24	3.90625e-08	5.52427e-08	3.24348e-08	4.86522e-08
4.40313e-09	1.52588e-15	3.95771e-24	3.90625e-08	5.25895e-08	3.67025e-08	5.03593e-08
4.56705e-09	1.52588e-15	3.68201e-24	3.90625e-08	5.69429e-08	3.92632e-08	5.4627e-08
4.68571e-09	1.04904e-15	2.39903e-24	3.90625e-08	4.36732e-08	3.15812e-08	4.18238e-08
5.34425e-09	1.90735e-15	4.00966e-24	4.88281e-08	5.69429e-08	4.09703e-08	5.54805e-08
6.33991e-09	2.00272e-15	5.84917e-24	4.88281e-08	6.17632e-08	4.35309e-08	5.88947e-08
4.29982e-09	1.23978e-15	2.59012e-24	3.90625e-08	4.88281e-08	3.15812e-08	4.5238e-08
3.56898e-09	1.33514e-15	2.93462e-24	3.90625e-08	4.88281e-08	3.84096e-08	4.5238e-08
4.28619e-09	1.52588e-15	3.39057e-24	3.90625e-08	5.52427e-08	3.84096e-08	5.54805e-08
4.55331e-09	1.14441e-15	2.69885e-24	3.90625e-08	4.88281e-08	3.07277e-08	4.5238e-08
4.83784e-09	2.00272e-15	5.18889e-24	4.88281e-08	6.25305e-08	4.18238e-08	5.80412e-08
4.91174e-09	1.33514e-15	3.62512e-24	3.90625e-08	5.25895e-08	3.41419e-08	5.12128e-08
5.03684e-09	1.14441e-15	3.23385e-24	2.92969e-08	5.25895e-08	2.98741e-08	4.86522e-08
5.18527e-09	9.53674e-16	7.67028e-25	2.76214e-08	5.52427e-08	1.96316e-08	5.54805e-08
5.84516e-09	2.57492e-15	6.42064e-24	5.85937e-08	6.55098e-08	4.95057e-08	6.4016e-08
4.25079e-09	1.52588e-15	1.90513e-24	4.1432e-08	6.25305e-08	3.41419e-08	5.29199e-08
4.45562e-09	1.23978e-15	2.33388e-24	2.92969e-08	5.25895e-08	2.98741e-08	4.95057e-08
4.6319e-09	1.23978e-15	2.68836e-24	3.90625e-08	5.25895e-08	3.15812e-08	5.03593e-08
5.25669e-09	1.43051e-15	3.51414e-24	3.90625e-08	5.25895e-08	3.75561e-08	5.03593e-08
5.1182e-09	1.81198e-15	5.46334e-24	3.90625e-08	6.17632e-08	3.92632e-08	6.06018e-08
4.407e-09	1.62125e-15	4.32323e-24	3.90625e-08	5.69429e-08	3.75561e-08	5.29199e-08
2.64982e-09	1.90735e-16	2.26431e-25	9.76562e-09	2.18366e-08	9.38902e-09	2.13387e-08
4.32939e-09	1.14441e-15	2.69062e-24	2.92969e-08	4.88281e-08	2.98741e-08	4.86522e-08
2.50929e-09	9.53674e-17	9.17184e-26	9.76562e-09	1.38107e-08	9.38902e-09	1.45103e-08
4.09868e-09	1.52588e-15	3.77237e-24	4.80405e-08	5.25895e-08	3.67025e-08	5.12128e-08
5.69488e-09	2.38419e-15	6.86173e-24	4.88281e-08	6.55098e-08	4.86522e-08	6.31625e-08
5.23935e-09	2.00272e-15	5.74755e-24	4.88281e-08	5.69429e-08	4.18238e-08	5.71876e-08
4.13096e-09	1.23978e-15	2.73124e-24	3.90625e-08	4.88281e-08	3.15812e-08	4.5238e-08
4.37967e-09	1.33514e-15	3.39208e-24	3.90625e-08	4.88281e-08	3.84096e-08	4.5238e-08
4.81706e-09	8.58307e-16	8.26829e-25	2.76214e-08	4.88281e-08	1.96316e-08	4.43844e-08
5.10082e-09	1.71661e-15	3.94852e-24	4.80405e-08	5.69429e-08	3.92632e-08	5.29199e-08
5.24521e-09	2.00272e-15	5.73474e-24	4.88281e-08	5.69429e-08	4.18238e-08	5.71876e-08
3.85925e-09	5.72205e-16	7.88236e-25	2.76214e-08	3.52105e-08	2.04851e-08	3.15812e-08
4.10641e-09	7.62939e-16	1.71421e-24	2.92969e-08	4.36732e-08	2.21922e-08	4.18238e-08
3.20039e-09	1.14441e-15	2.11699e-24	2.92969e-08	4.88281e-08	2.98741e-08	4.86522e-08
4.99563e-09	1.90735e-15	4.09245e-24	4.88281e-08	5.69429e-08	4.09703e-08	5.54805e-08
4.76118e-09	2.09808e-15	5.42912e-24	4.88281e-08	6.25305e-08	4.18238e-08	5.71876e-08
3.2991e-09	3.8147e-16	6.02271e-25	1.95312e-08	2.76214e-08	1.96316e-08	2.8167e-08
5.03498e-09	1.90735e-15	4.9528e-24	4.88281e-08	5.69429e-08	4.09703e-08	5.54805e-08
5.50698e-09	1.90735e-15	4.62326e-24	4.88281e-08	5.9402e-08	4.18238e-08	5.88947e-08
4.81344e-09	1.71661e-15	3.97325e-24	4.88281e-08	5.69429e-08	3.92632e-08	5.63341e-08
4.4653e-09	1.14441e-15	1.44134e-24	3.90625e-08	4.88281e-08	3.07277e-08	4.86522e-08
4.45163e-09	2.28882e-15	5.41036e-24	4.80405e-08	7.43728e-08	3.32883e-08	7.3405e-08
4.87985e-09	1.52588e-15	3.6806e-24	3.90625e-08	5.52427e-08	3.92632e-08	5.20664e-08
4.45824e-09	8.58307e-16	1.77967e-24	2.92969e-08	4.36732e-08	2.38993e-08	4.01167e-08
5.46105e-09	1.90735e-15	4.60603e-24	4.88281e-08	5.69429e-08	4.09703e-08	5.54805e-08
4.10966e-09	1.14441e-15	2.38929e-24	3.90625e-08	4.97951e-08	3.32883e-08	4.95057e-08
5.35023e-09	1.14441e-15	2.0031e-24	3.90625e-08	4.97951e-08	3.32883e-08	4.95057e-08
3.72356e-09	6.67572e-16	1.0901e-24	2.92969e-08	3.52105e-08	2.47529e-08	3.41419e-08
5.23308e-09	1.90735e-15	4.83751e-24	4.88281e-08	6.17632e-08	3.92632e-08	6.06018e-08
5.67106e-09	1.52588e-15	4.03995e-24	3.90625e-08	5.52427e-08	3.92632e-08	5.20664e-08
4.34944e-09	7.62939e-16	1.6082e-24	2.92969e-08	4.1432e-08	2.8167e-08	4.18238e-08
4.6021e-09	1.33514e-15	3.21201e-24	3.90625e-08	4.88281e-08	3.84096e-08	4.5238e-08
5.82432e-09	2.57492e-15	7.22241e-24	5.85937e-08	6.90534e-08	5.12128e-08	6.91373e-08
6.04972e-09	1.33514e-15	3.60267e-24	3.90625e-08	4.88281e-08	3.84096e-08	4.5238e-08
2.20563e-09	9.53674e-17	6.00964e-26	9.76562e-09	1.38107e-08	9.38902e-09	1.45103e-08
3.48774e-09	2.86102e-16	4.18148e-25	1.95312e-08	2.76214e-08	1.36568e-08	2.47529e-08
5.27339e-09	1.90735e-15	4.95618e-24	4.88281e-08	5.69429e-08	4.09703e-08	5.54805e-08
4.67341e-09	2.00272e-15	5.14783e-24	4.88281e-08	5.69429e-08	4.18238e-08	5.71876e-08
4.41182e-09	1.14441e-15	2.70207e-24	3.90625e-08	4.36732e-08	2.8167e-08	4.18238e-08
5.25193e-09	2.09808e-15	5.89092e-24	4.88281e-08	6.25305e-08	4.18238e-08	5.71876e-08
2.75354e-09	9.53674e-17	3.62788e-26	9.76562e-09	1.38107e-08	9.38902e-09	1.45103e-08
3.77187e-09	1.04904e-15	1.70877e-24	2.92969e-08	5.69429e-08	1.96316e-08	5.29199e-08
4.58814e-09	8.58307e-16	1.97074e-24	2.92969e-08	4.36732e-08	2.38993e-08	4.01167e-08
5.03968e-09	1.81198e-15	4.62105e-24	4.80405e-08	6.17632e-08	3.32883e-08	5.88947e-08
4.48761e-09	1.52588e-15	3.0648e-24	3.90625e-08	5.25895e-08	3.67025e-08	5.03593e-08
5.50174e-09	1.90735e-15	4.10868e-24	4.83374e-08	6.55098e-08	3.92632e-08	6.31625e-08
4.42001e-09	1.71661e-15	4.20479e-24	4.80405e-08	5.69429e-08	3.92632e-08	5.29199e-08
3.9494e-09	1.04904e-15	2.11962e-24	2.92969e-08	4.88281e-08	2.98741e-08	4.69451e-08
2.82798e-09	9.53674e-17	5.34165e-26	9.76562e-09	1.38107e-08	9.38902e-09	1.45103e-08
4.87169e-09	1.33514e-15	3.60726e-24	3.90625e-08	4.88281e-08	3.84096e-08	4.5238e-08
5.26052e-09	1.23978e-15	2.54564e-24	3.90625e-08	4.88281e-08	2.98741e-08	4.69451e-08
4.55807e-09	1.90735e-15	4.60404e-24	4.88281e-08	6.17632e-08	4.01167e-08	5.88947e-08
3.8972e-09	1.04904e-15	2.04314e-24	3.90625e-08	4.36732e-08	2.90206e-08	4.26773e-08
4.59121e-09	1.52588e-15	3.09286e-24	4.80405e-08	5.25895e-08	3.67025e-08	5.12128e-08
3.93463e-09	5.72205e-16	1.1747e-24	1.95312e-08	3.52105e-08	1.96316e-08	3.32883e-08
4.95846e-09	1.90735e-15	5.29047e-24	4.88281e-08	6.25305e-08	4.09703e-08	5.97483e-08
5.33236e-09	1.81198e-15	4.81035e-24	4.83374e-08	5.69429e-08	4.09703e-08	5.37735e-08
3.75577e-09	7.62939e-16	1.35941e-24	2.92969e-08	4.1432e-08	2.8167e-08	4.18238e-08
4.1676e-09	2.38419e-15	5.24466e-24	5.52427e-08	7.04209e-08	4.26773e-08	6.74302e-08
8.42269e-10	9.53674e-17	-2.08509e-26	9.76562e-09	1.38107e-08	9.38902e-09	1.45103e-08
3.53329e-09	8.58307e-16	1.57587e-24	2.92969e-08	4.36732e-08	2.38993e-08	4.01167e-08
3.87803e-09	1.43051e-15	2.39403e-24	3.90625e-08	5.69429e-08	3.32883e-08	5.37735e-08
4.81448e-09	1.33514e-15	2.59143e-24	3.90625e-08	5.25895e-08	3.41419e-08	5.12128e-08
5.95552e-09	1.52588e-15	3.61357e-24	3.90625e-08	5.69429e-08	3.5849e-08	5.29199e-08
4.32746e-09	9.53674e-16	2.42623e-24	2.92969e-08	4.36732e-08	2.90206e-08	4.01167e-08
4.80691e-09	1.71661e-15	4.30821e-24	4.80405e-08	5.69429e-08	3.32883e-08	5.54805e-08
4.84481e-09	1.43051e-15	3.75452e-24	3.90625e-08	5.52427e-08	3.92632e-08	5.54805e-08
5.0529e-09	1.62125e-15	4.40581e-24	3.90625e-08	5.69429e-08	3.75561e-08	5.29199e-08
5.64909e-09	1.81198e-15	4.78409e-24	4.88281e-08	5.69429e-08	4.26773e-08	5.37735e-08
5.25166e-09	1.81198e-15	4.1635e-24	4.88281e-08	5.69429e-08	4.26773e-08	5.37735e-08
4.81416e-09	1.33514e-15	3.01741e-24	3.90625e-08	5.52427e-08	2.98741e-08	5.12128e-08
4.83727e-09	2.38419e-15	6.19558e-24	4.88281e-08	6.55098e-08	4.86522e-08	6.4016e-08
4.71243e-09	1.33514e-15	3.09604e-24	3.90625e-08	4.88281e-08	3.84096e-08	4.5238e-08
4.66566e-09	1.04904e-15	2.53688e-24	3.90625e-08	4.36732e-08	3.15812e-08	4.18238e-08
3.74527e-09	1.62125e-15	3.00255e-24	3.90625e-08	6.55098e-08	3.41419e-08	6.06018e-08
4.70456e-09	1.43051e-15	2.56696e-24	4.1432e-08	5.25895e-08	3.32883e-08	5.03593e-08
3.93189e-09	9.53674e-16	1.44238e-24	3.45267e-08	4.36732e-08	2.73135e-08	4.09703e-08
4.68501e-09	8.58307e-16	1.86522e-24	2.92969e-08	4.1432e-08	2.98741e-08	4.18238e-08
4.17197e-09	1.43051e-15	3.33285e-24	3.90625e-08	5.52427e-08	3.92632e-08	5.54805e-08
5.22674e-09	1.90735e-15	6.35015e-24	4.88281e-08	5.69429e-08	4.09703e-08	5.54805e-08
4.83044e-09	1.43051e-15	3.36936e-24	3.90625e-08	5.69429e-08	3.15812e-08	5.63341e-08
5.33973e-09	1.52588e-15	4.41892e-24	3.90625e-08	5.52427e-08	3.92632e-08	5.20664e-08
4.82703e-09	1.52588e-15	4.26209e-24	3.90625e-08	5.52427e-08	3.92632e-08	5.20664e-08
4.04035e-09	7.62939e-16	1.55485e-24	2.92969e-08	4.1432e-08	2.8167e-08	4.18238e-08
4.59748e-09	1.52588e-15	3.88802e-24	3.90625e-08	5.25895e-08	3.67025e-08	5.03593e-08
4.78823e-09	1.52588e-15	3.39397e-24	3.90625e-08	5.25895e-08	3.67025e-08	5.03593e-08
4.5689e-09	1.14441e-15	2.7846e-24	3.90625e-08	4.88281e-08	2.98741e-08	4.5238e-08
3.01047e-09	6.67572e-16	9.46401e-25	2.76214e-08	4.36732e-08	1.96316e-08	4.26773e-08
4.44853e-09	5.72205e-16	1.04099e-24	2.76214e-08	4.1432e-08	1.96316e-08	3.49954e-08
4.13705e-09	1.23978e-15	2.22069e-24	3.45267e-08	6.25305e-08	2.47529e-08	5.63341e-08
4.51926e-09	1.52588e-15	3.90216e-24	3.90625e-08	5.52427e-08	3.92632e-08	5.20664e-08
5.22867e-09	1.14441e-15	2.44514e-24	3.90625e-08	4.88281e-08	2.98741e-08	4.5238e-08
6.0459e-09	1.33514e-15	3.43711e-24	3.90625e-08	4.88281e-08	3.84096e-08	4.5238e-08
4.5985e-09	1.43051e-15	3.17106e-24	3.90625e-08	5.69429e-08	3.15812e-08	5.29199e-08
4.77705e-09	1.43051e-15	2.98063e-24	3.90625e-08	5.69429e-08	3.15812e-08	5.4627e-08
5.14061e-09	1.62125e-15	4.33461e-24	3.90625e-08	5.69429e-08	3.75561e-08	5.29199e-08
3.91686e-09	6.67572e-16	1.3431e-24	2.92969e-08	3.52105e-08	2.47529e-08	3.41419e-08
4.33677e-09	1.14441e-15	2.43025e-24	2.92969e-08	5.69429e-08	2.98741e-08	5.29199e-08
3.59765e-09	5.72205e-16	1.25419e-24	1.95312e-08	3.52105e-08	1.96316e-08	3.32883e-08
4.09702e-09	1.62125e-15	4.16195e-24	3.90625e-08	5.69429e-08	3.75561e-08	5.29199e-08
3.4128e-09	8.58307e-16	1.53277e-24	2.92969e-08	4.1432e-08	2.98741e-08	4.18238e-08
3.80907e-09	1.14441e-15	2.30607e-24	3.90625e-08	4.36732e-08	2.8167e-08	4.18238e-08
5.04821e-09	1.90735e-15	4.16463e-24	4.88281e-08	5.69429e-08	4.09703e-08	5.54805e-08
4.26771e-09	9.53674e-16	1.92463e-24	2.92969e-08	4.36732e-08	2.98741e-08	4.09703e-08
4.61488e-09	2.00272e-15	4.45255e-24	3.90625e-08	6.55098e-08	3.92632e-08	6.06018e-08
4.80791e-09	1.04904e-15	2.27773e-24	3.90625e-08	4.36732e-08	2.90206e-08	4.26773e-08
4.36871e-09	1.71661e-15	4.41133e-24	3.90625e-08	5.69429e-08	3.84096e-08	5.20664e-08
4.67176e-09	1.52588e-15	3.37095e-24	3.90625e-08	5.69429e-08	3.5849e-08	5.29199e-08
4.94746e-09	1.71661e-15	4.61626e-24	3.90625e-08	5.69429e-08	3.84096e-08	5.29199e-08
4.79008e-09	1.33514e-15	3.37988e-24	3.90625e-08	4.88281e-08	3.84096e-08	4.5238e-08
4.11879e-09	1.14441e-15	3.15749e-24	2.92969e-08	4.88281e-08	2.98741e-08	4.86522e-08
4.67549e-09	9.53674e-16	2.64835e-24	2.92969e-08	4.36732e-08	2.90206e-08	4.01167e-08
-3.28203e-10	9.53674e-17	-6.26453e-26	9.76562e-09	1.38107e-08	9.38902e-09	1.45103e-08
4.61566e-09	1.71661e-15	3.86743e-24	4.83374e-08	5.69429e-08	3.92632e-08	5.29199e-08
4.02964e-09	1.04904e-15	2.04916e-24	3.90625e-08	4.36732e-08	3.15812e-08	4.18238e-08
4.81187e-09	8.58307e-16	2.2874e-24	2.92969e-08	4.1432e-08	2.98741e-08	4.18238e-08
4.46364e-09	8.58307e-16	1.92047e-24	2.92969e-08	4.88281e-08	2.47529e-08	4.43844e-08
5.22087e-09	1.81198e-15	4.45077e-24	4.83374e-08	5.69429e-08	4.09703e-08	5.37735e-08
3.9606e-09	5.72205e-16	1.29523e-24	1.95312e-08	3.52105e-08	1.96316e-08	3.32883e-08
4.51519e-09	1.71661e-15	4.73632e-24	3.90625e-08	5.69429e-08	3.84096e-08	5.20664e-08
4.55532e-09	1.90735e-15	4.83821e-24	3.90625e-08	6.55098e-08	3.92632e-08	6.06018e-08
2.93653e-09	3.8147e-16	3.90371e-25	1.95312e-08	3.52105e-08	9.38902e-09	3.32883e-08
2.91912e-09	9.53674e-17	2.93261e-26	9.76562e-09	1.38107e-08	9.38902e-09	1.45103e-08
5.00489e-09	1.81198e-15	4.99639e-24	4.83374e-08	6.25305e-08	3.75561e-08	6.14554e-08
5.90205e-09	1.62125e-15	4.47411e-24	3.90625e-08	5.69429e-08	3.75561e-08	5.29199e-08
4.20771e-09	5.72205e-16	1.33737e-24	1.95312e-08	3.52105e-08	1.96316e-08	3.32883e-08
4.18783e-09	1.43051e-15	2.9702e-24	3.90625e-08	5.25895e-08	3.75561e-08	5.03593e-08
3.82545e-09	9.53674e-16	1.89031e-24	2.92969e-08	4.36732e-08	2.90206e-08	4.01167e-08
3.89209e-09	1.43051e-15	2.95258e-24	3.90625e-08	5.25895e-08	3.75561e-08	5.03593e-08
4.97302e-09	1.14441e-15	3.0403e-24	3.90625e-08	4.36732e-08	2.8167e-08	4.18238e-08
1.73504e-11	9.53674e-17	-5.46316e-26	9.76562e-09	1.38107e-08	9.38902e-09	1.45103e-08
4.34164e-09	1.71661e-15	4.59483e-24	3.90625e-08	5.69429e-08	3.84096e-08	5.20664e-08
5.06352e-09	1.43051e-15	3.833e-24	3.90625e-08	5.25895e-08	3.75561e-08	5.03593e-08
4.55194e-09	8.58307e-16	1.78672e-24	2.92969e-08	4.36732e-08	2.38993e-08	4.01167e-08
4.35612e-09	1.81198e-15	4.32522e-24	4.88281e-08	6.17632e-08	3.75561e-08	5.88947e-08
2.78539e-09	5.72205e-16	5.81305e-25	2.76214e-08	4.1432e-08	1.96316e-08	3.49954e-08
4.82741e-09	1.90735e-15	5.17155e-24	4.88281e-08	6.25305e-08	4.09703e-08	5.97483e-08
4.58851e-09	1.33514e-15	3.0986e-24	3.90625e-08	4.88281e-08	3.84096e-08	4.5238e-08
4.09682e-09	1.33514e-15	3.20951e-24	3.90625e-08	4.88281e-08	3.84096e-08	4.5238e-08
3.6862e-09	5.72205e-16	8.80227e-25	2.76214e-08	3.52105e-08	2.04851e-08	3.15812e-08
4.25469e-09	1.62125e-15	4.03207e-24	3.90625e-08	5.69429e-08	3.75561e-08	5.29199e-08
5.10846e-09	1.43051e-15	3.63501e-24	3.90625e-08	5.69429e-08	3.15812e-08	5.4627e-08
4.76464e-09	1.23978e-15	3.00638e-24	3.90625e-08	4.88281e-08	3.15812e-08	4.5238e-08
4.41288e-09	1.62125e-15	4.03409e-24	4.63224e-08	5.69429e-08	3.15812e-08	5.63341e-08
2.34672e-09	3.8147e-16	6.87472e-25	1.95312e-08	2.76214e-08	1.96316e-08	2.8167e-08
4.28384e-09	8.58307e-16	2.02321e-24	2.92969e-08	4.1432e-08	2.98741e-08	4.18238e-08
4.72954e-09	1.62125e-15	4.45735e-24	4.83374e-08	5.52427e-08	4.01167e-08	5.03593e-08
5.34629e-09	1.62125e-15	4.84106e-24	3.90625e-08	5.69429e-08	3.92632e-08	5.54805e-08
1.22377e-10	9.53674e-17	-5.55996e-26	9.76562e-09	1.38107e-08	9.38902e-09	1.45103e-08
4.08878e-09	1.04904e-15	1.80278e-24	3.70579e-08	4.88281e-08	2.98741e-08	4.60915e-08
4.61838e-09	1.23978e-15	3.05757e-24	3.90625e-08	4.88281e-08	2.98741e-08	4.69451e-08
5.31991e-09	1.33514e-15	2.96094e-24	3.90625e-08	5.52427e-08	3.32883e-08	4.95057e-08
4.63707e-09	1.62125e-15	4.0579e-24	3.90625e-08	5.69429e-08	3.75561e-08	5.29199e-08
4.47037e-09	1.43051e-15	3.51878e-24	3.90625e-08	5.25895e-08	3.75561e-08	5.03593e-08
4.51615e-09	1.52588e-15	3.39229e-24	4.80405e-08	5.25895e-08	3.67025e-08	5.12128e-08
4.47404e-09	1.33514e-15	3.00828e-24	3.90625e-08	5.25895e-08	3.41419e-08	5.12128e-08
3.8945e-09	9.53674e-16	1.85289e-24	2.92969e-08	4.88281e-08	2.30458e-08	4.86522e-08
3.03023e-09	9.53674e-17	2.28882e-26	9.76562e-09	1.38107e-08	9.38902e-09	1.45103e-08
4.14742e-09	1.04904e-15	1.98153e-24	2.92969e-08	5.25895e-08	2.98741e-08	5.03593e-08
3.67358e-09	1.04904e-15	2.02135e-24	3.90625e-08	4.36732e-08	2.90206e-08	4.26773e-08
4.65234e-09	2.19345e-15	5.32693e-24	4.63224e-08	7.43728e-08	3.41419e-08	7.16979e-08
5.56726e-09	2.19345e-15	4.88079e-24	4.88281e-08	6.55098e-08	4.5238e-08	6.31625e-08
5.10264e-09	1.43051e-15	3.55286e-24	3.90625e-08	5.52427e-08	3.92632e-08	5.54805e-08
5.07085e-09	1.52588e-15	4.36034e-24	3.90625e-08	5.52427e-08	3.84096e-08	5.54805e-08
5.44789e-09	1.43051e-15	4.2393e-24	3.90625e-08	5.52427e-08	3.92632e-08	5.54805e-08
4.07925e-09	1.14441e-15	2.98199e-24	2.92969e-08	4.88281e-08	2.98741e-08	4.86522e-08
3.84098e-09	5.72205e-16	4.77437e-25	2.76214e-08	4.1432e-08	1.96316e-08	3.49954e-08
4.23055e-10	9.53674e-17	-4.03541e-26	9.76562e-09	1.38107e-08	9.38902e-09	1.45103e-08
4.70976e-09	2.00272e-15	4.54312e-24	4.88281e-08	5.69429e-08	4.18238e-08	5.71876e-08
4.89428e-09	1.43051e-15	3.41823e-24	3.90625e-08	5.52427e-08	3.92632e-08	5.54805e-08
2.99105e-09	3.8147e-16	7.27592e-25	1.95312e-08	2.76214e-08	1.96316e-08	2.8167e-08
4.7193e-09	1.52588e-15	3.33839e-24	3.90625e-08	5.52427e-08	3.92632e-08	5.20664e-08
3.62959e-09	8.58307e-16	1.52057e-24	2.92969e-08	4.36732e-08	2.38993e-08	4.01167e-08
3.54193e-09	1.14441e-15	2.54843e-24	2.92969e-08	4.88281e-08	2.98741e-08	4.86522e-08
3.24232e-09	1.14441e-15	2.35112e-24	2.92969e-08	4.88281e-08	2.98741e-08	4.86522e-08
3.6129e-09	5.72205e-16	4.67276e-25	2.76214e-08	4.1432e-08	1.96316e-08	3.49954e-08
4.62698e-09	1.23978e-15	3.35092e-24	3.90625e-08	4.88281e-08	2.98741e-08	4.69451e-08
4.92896e-09	1.23978e-15	3.1819e-24	3.90625e-08	4.88281e-08	2.98741e-08	4.69451e-08
3.43349e-09	7.62939e-16	1.43497e-24	2.92969e-08	4.1432e-08	2.8167e-08	4.18238e-08
5.56525e-09	1.52588e-15	4.19857e-24	3.90625e-08	5.69429e-08	3.5849e-08	5.29199e-08
3.95231e-09	1.33514e-15	2.5285e-24	3.90625e-08	4.97951e-08	3.67025e-08	4.86522e-08
5.58399e-09	1.81198e-15	4.34873e-24	4.80405e-08	5.69429e-08	3.15812e-08	5.71876e-08
5.57117e-09	1.90735e-15	4.77336e-24	4.88281e-08	5.69429e-08	4.09703e-08	5.54805e-08
3.66029e-09	8.58307e-16	1.37394e-24	2.92969e-08	4.88281e-08	2.47529e-08	4.43844e-08
3.92185e-09	7.62939e-16	1.47666e-24	2.92969e-08	4.36732e-08	2.21922e-08	4.18238e-08
4.78062e-09	1.43051e-15	3.47256e-24	3.90625e-08	5.52427e-08	3.92632e-08	5.54805e-08
4.63883e-09	5.72205e-16	1.29889e-24	1.95312e-08	3.52105e-08	1.96316e-08	3.32883e-08
4.57336e-09	1.14441e-15	2.51207e-24	2.92969e-08	4.88281e-08	2.98741e-08	4.86522e-08
4.19368e-09	9.53674e-16	1.7457e-24	2.92969e-08	4.36732e-08	2.98741e-08	4.09703e-08
4.90895e-09	1.52588e-15	3.93154e-24	3.90625e-08	5.52427e-08	3.92632e-08	5.20664e-08
5.11379e-09	1.43051e-15	3.6329e-24	4.36732e-08	5.25895e-08	2.98741e-08	5.03593e-08
4.59489e-09	1.52588e-15	3.35951e-24	4.36732e-08	5.69429e-08	2.98741e-08	5.63341e-08
5.52187e-09	1.71661e-15	4.40589e-24	4.83374e-08	5.69429e-08	3.92632e-08	5.29199e-08
5.33134e-09	1.62125e-15	4.5138e-24	3.90625e-08	5.69429e-08	3.75561e-08	5.29199e-08
5.61381e-09	1.81198e-15	5.52028e-24	3.90625e-08	6.25305e-08	3.84096e-08	6.14554e-08
4.81828e-09	9.53674e-16	2.24267e-24	2.92969e-08	4.36732e-08	2.90206e-08	4.01167e-08
3.59562e-09	1.33514e-15	2.53763e-24	3.70579e-08	6.55098e-08	1.96316e-08	6.31625e-08
5.30438e-09	1.04904e-15	1.30072e-24	3.90625e-08	4.36732e-08	3.15812e-08	4.18238e-08
4.62186e-09	8.58307e-16	1.89798e-24	2.92969e-08	4.36732e-08	2.38993e-08	4.01167e-08
4.68385e-09	1.90735e-15	4.39699e-24	4.88281e-08	5.69429e-08	4.09703e-08	5.54805e-08
4.08489e-09	1.33514e-15	2.40235e-24	3.90625e-08	4.97951e-08	3.67025e-08	4.86522e-08
4.48248e-09	1.23978e-15	2.1744e-24	3.90625e-08	5.25895e-08	3.07277e-08	5.03593e-08
4.90909e-09	1.14441e-15	3.0292e-24	3.90625e-08	4.88281e-08	3.07277e-08	4.5238e-08
5.236e-09	1.71661e-15	3.94475e-24	4.83374e-08	5.69429e-08	3.75561e-08	5.20664e-08
5.71307e-09	1.52588e-15	3.9634e-24	3.90625e-08	5.25895e-08	3.67025e-08	5.03593e-08
5.05415e-09	1.52588e-15	2.36485e-24	4.1432e-08	5.69429e-08	2.8167e-08	5.20664e-08
4.88073e-09	2.09808e-15	5.06946e-24	4.88281e-08	6.25305e-08	4.43844e-08	5.88947e-08
5.68124e-09	2.86102e-15	7.90074e-24	5.85937e-08	7.04209e-08	5.54805e-08	6.82838e-08
4.4922e-09	1.71661e-15	4.49271e-24	3.90625e-08	5.69429e-08	3.84096e-08	5.20664e-08
4.29345e-09	1.43051e-15	4.00865e-24	3.90625e-08	5.25895e-08	3.75561e-08	5.03593e-08
4.77839e-09	1.62125e-15	4.07128e-24	3.90625e-08	5.9402e-08	3.92632e-08	5.88947e-08
4.51759e-09	9.53674e-16	2.37213e-24	2.92969e-08	4.36732e-08	2.90206e-08	4.01167e-08
4.11884e-09	9.53674e-16	2.24933e-24	2.92969e-08	4.36732e-08	2.90206e-08	4.01167e-08
4.23807e-09	1.90735e-15	4.46547e-24	3.90625e-08	6.17632e-08	3.84096e-08	6.06018e-08
5.03286e-09	2.19345e-15	5.82235e-24	4.88281e-08	6.25305e-08	4.77986e-08	5.88947e-08
4.42747e-09	4.76837e-16	3.12346e-25	2.0716e-08	4.1432e-08	1.36568e-08	3.75561e-08
5.11418e-09	1.52588e-15	3.4489e-24	3.90625e-08	5.25895e-08	3.67025e-08	5.03593e-08
5.33342e-09	2.28882e-15	6.68617e-24	5.67752e-08	6.55098e-08	4.26773e-08	6.14554e-08
4.44936e-09	1.33514e-15	3.83503e-24	3.90625e-08	4.88281e-08	3.84096e-08	4.5238e-08
3.45096e-09	9.53674e-16	2.06159e-24	2.92969e-08	4.36732e-08	2.90206e-08	4.01167e-08
4.37781e-09	8.58307e-16	2.1182e-24	2.92969e-08	4.1432e-08	2.98741e-08	4.18238e-08
4.32885e-09	1.23978e-15	3.20344e-24	3.90625e-08	5.25895e-08	3.15812e-08	5.03593e-08
3.69224e-09	7.62939e-16	1.58601e-24	2.92969e-08	4.1432e-08	2.8167e-08	4.18238e-08
2.25979e-09	1.90735e-16	2.2376e-25	9.76562e-09	2.18366e-08	9.38902e-09	2.13387e-08
3.92773e-09	7.62939e-16	1.63273e-24	2.92969e-08	4.36732e-08	2.21922e-08	4.18238e-08
4.17362e-09	8.58307e-16	1.56513e-24	2.92969e-08	4.36732e-08	2.38993e-08	4.01167e-08
5.25196e-09	1.23978e-15	2.96122e-24	4.1432e-08	5.25895e-08	3.15812e-08	5.03593e-08
3.52523e-09	5.72205e-16	1.07944e-24	1.95312e-08	3.52105e-08	1.96316e-08	3.32883e-08
5.08842e-09	1.90735e-15	4.56083e-24	4.83374e-08	6.25305e-08	3.92632e-08	5.97483e-08
2.91908e-09	1.04904e-15	1.74202e-24	3.90625e-08	4.36732e-08	2.90206e-08	4.26773e-08
5.11668e-09	2.09808e-15	3.71029e-24	4.88281e-08	6.90534e-08	4.5238e-08	6.82838e-08
4.84814e-09	1.23978e-15	2.96704e-24	3.90625e-08	4.88281e-08	3.15812e-08	4.5238e-08
3.21671e-09	3.8147e-16	6.83413e-25	1.95312e-08	2.76214e-08	1.96316e-08	2.8167e-08
4.46533e-09	1.14441e-15	2.94098e-24	3.90625e-08	4.88281e-08	3.07277e-08	4.5238e-08
3.96479e-09	1.23978e-15	1.98888e-24	3.90625e-08	5.52427e-08	2.90206e-08	4.95057e-08
5.58017e-09	1.43051e-15	4.3213e-24	3.90625e-08	5.25895e-08	3.75561e-08	5.03593e-08
4.30673e-09	9.53674e-16	2.42883e-24	2.92969e-08	4.36732e-08	2.90206e-08	4.01167e-08
4.35881e-09	1.62125e-15	3.55186e-24	4.88281e-08	5.69429e-08	3.84096e-08	5.63341e-08
4.54686e-09	1.43051e-15	3.31978e-24	3.90625e-08	5.25895e-08	3.75561e-08	5.03593e-08
5.0428e-09	1.71661e-15	3.56406e-24	4.83374e-08	5.69429e-08	3.92632e-08	5.29199e-08
4.39122e-09	5.72205e-16	1.51349e-24	1.95312e-08	3.52105e-08	1.96316e-08	3.32883e-08
4.94122e-09	1.81198e-15	4.66994e-24	4.83374e-08	5.9402e-08	3.75561e-08	5.88947e-08
5.41174e-09	7.62939e-16	2.01584e-24	2.92969e-08	4.02647e-08	2.30458e-08	4.01167e-08
4.22533e-09	5.72205e-16	1.51426e-24	1.95312e-08	3.52105e-08	1.96316e-08	3.32883e-08
5.2925e-09	1.52588e-15	3.90508e-24	3.90625e-08	5.25895e-08	3.67025e-08	5.03593e-08
3.73549e-09	1.04904e-15	2.21569e-24	2.92969e-08	4.88281e-08	2.98741e-08	4.69451e-08
3.30521e-09	5.72205e-16	9.04824e-25	2.76214e-08	3.52105e-08	2.04851e-08	3.15812e-08
4.9104e-09	2.00272e-15	4.30997e-24	4.88281e-08	5.69429e-08	4.18238e-08	5.71876e-08
3.57244e-09	7.62939e-16	9.21675e-25	2.92969e-08	4.36732e-08	2.21922e-08	4.18238e-08
4.08798e-09	9.53674e-16	1.83596e-24	2.92969e-08	4.36732e-08	2.98741e-08	4.09703e-08
4.14411e-09	9.53674e-16	2.31495e-24	2.92969e-08	4.36732e-08	2.98741e-08	4.09703e-08
4.82669e-09	1.04904e-15	2.4822e-24	2.92969e-08	4.97951e-08	2.98741e-08	4.86522e-08
5.5049e-09	1.33514e-15	3.80012e-24	3.90625e-08	4.88281e-08	3.84096e-08	4.5238e-08
5.00524e-09	1.43051e-15	3.45931e-24	3.90625e-08	5.25895e-08	3.41419e-08	5.03593e-08
4.65841e-09	1.14441e-15	2.97756e-24	2.92969e-08	4.88281e-08	2.98741e-08	4.86522e-08
4.02063e-09	6.67572e-16	1.2215e-24	2.92969e-08	4.1432e-08	1.8778e-08	3.75561e-08
3.72043e-09	9.53674e-16	1.66872e-24	2.92969e-08	4.36732e-08	2.90206e-08	4.01167e-08
4.29987e-09	1.33514e-15	2.44224e-24	3.90625e-08	5.25895e-08	3.41419e-08	5.12128e-08
4.89235e-09	1.52588e-15	3.32329e-24	3.90625e-08	5.25895e-08	3.67025e-08	5.03593e-08
5.05892e-09	2.47955e-15	5.88801e-24	4.88281e-08	7.04209e-08	4.09703e-08	6.91373e-08
4.12333e-09	1.14441e-15	2.36758e-24	3.90625e-08	4.88281e-08	3.07277e-08	4.86522e-08
3.19441e-09	1.14441e-15	2.27354e-24	2.92969e-08	4.88281e-08	2.98741e-08	4.86522e-08
6.09128e-09	2.57492e-15	7.40759e-24	4.88281e-08	8.34375e-08	3.92632e-08	8.02334e-08
3.93492e-09	4.76837e-16	8.97432e-25	1.95312e-08	3.52105e-08	1.96316e-08	3.32883e-08
4.49622e-09	1.23978e-15	3.18455e-24	3.90625e-08	5.52427e-08	3.24348e-08	4.86522e-08
4.8364e-09	1.81198e-15	4.8888e-24	3.90625e-08	6.25305e-08	3.84096e-08	6.14554e-08
4.98152e-09	1.81198e-15	4.41416e-24	4.83374e-08	5.69429e-08	4.09703e-08	5.37735e-08
3.74876e-09	8.58307e-16	1.03224e-24	3.45267e-08	4.36732e-08	2.47529e-08	4.18238e-08
4.24464e-09	5.72205e-16	1.05545e-24	2.76214e-08	4.1432e-08	1.96316e-08	3.49954e-08
3.98873e-09	1.43051e-15	3.05594e-24	3.90625e-08	5.69429e-08	3.15812e-08	5.4627e-08
4.76909e-09	1.33514e-15	3.72849e-24	3.90625e-08	4.88281e-08	3.84096e-08	4.5238e-08
3.90741e-09	4.76837e-16	5.93102e-25	1.95312e-08	3.52105e-08	1.96316e-08	3.32883e-08
4.6991e-09	2.95639e-15	7.62534e-24	5.85937e-08	7.8733e-08	4.86522e-08	7.68192e-08
4.40263e-09	5.72205e-16	1.41279e-24	1.95312e-08	3.52105e-08	1.96316e-08	3.32883e-08
3.84295e-09	8.58307e-16	1.51201e-24	3.45267e-08	4.36732e-08	2.47529e-08	4.18238e-08
4.40081e-09	1.52588e-15	4.02711e-24	3.90625e-08	5.25895e-08	3.67025e-08	5.03593e-08
4.43302e-09	1.62125e-15	3.76592e-24	3.90625e-08	5.69429e-08	3.75561e-08	5.29199e-08
4.76241e-09	1.23978e-15	2.67854e-24	3.90625e-08	4.88281e-08	3.15812e-08	4.5238e-08
5.29447e-09	1.71661e-15	4.15086e-24	4.83374e-08	5.69429e-08	3.92632e-08	5.29199e-08
4.7835e-09	1.14441e-15	2.78384e-24	3.90625e-08	4.88281e-08	3.07277e-08	4.86522e-08
4.53186e-09	1.71661e-15	4.03845e-24	3.90625e-08	5.69429e-08	3.84096e-08	5.20664e-08
5.72952e-09	1.33514e-15	4.13863e-24	3.90625e-08	4.88281e-08	3.84096e-08	4.5238e-08
3.25308e-09	6.67572e-16	1.149e-24	2.92969e-08	3.52105e-08	2.47529e-08	3.41419e-08
5.23974e-09	1.71661e-15	3.49216e-24	4.83374e-08	6.55098e-08	3.32883e-08	6.31625e-08
3.10066e-09	6.67572e-16	8.96735e-25	2.76214e-08	4.1432e-08	1.45103e-08	4.18238e-08
4.29976e-09	1.14441e-15	2.8802e-24	2.92969e-08	4.88281e-08	2.98741e-08	4.86522e-08
5.4758e-09	1.43051e-15	4.40358e-24	3.90625e-08	5.52427e-08	3.92632e-08	5.54805e-08
4.02385e-09	1.43051e-15	2.89783e-24	3.90625e-08	5.25895e-08	3.75561e-08	5.03593e-08
4.14512e-09	5.72205e-16	1.48031e-24	1.95312e-08	3.52105e-08	1.96316e-08	3.32883e-08
5.34632e-09	1.33514e-15	3.6345e-24	3.90625e-08	4.88281e-08	3.84096e-08	4.5238e-08
4.41322e-09	7.62939e-16	1.49171e-24	2.92969e-08	4.1432e-08	2.8167e-08	4.18238e-08
4.28932e-09	5.72205e-16	1.66208e-24	1.95312e-08	3.52105e-08	1.96316e-08	3.32883e-08
4.71859e-09	1.23978e-15	2.80891e-24	3.90625e-08	5.25895e-08	2.90206e-08	5.03593e-08
5.42317e-09	1.90735e-15	5.1502e-24	4.88281e-08	5.69429e-08	4.09703e-08	5.54805e-08
5.15281e-09	1.33514e-15	3.04456e-24	3.90625e-08	4.88281e-08	3.84096e-08	4.5238e-08
4.17389e-09	1.43051e-15	2.10482e-24	4.1432e-08	5.69429e-08	3.15812e-08	5.29199e-08
5.44194e-09	1.81198e-15	4.99581e-24	4.83374e-08	5.69429e-08	4.09703e-08	5.37735e-08
5.04236e-09	1.43051e-15	4.09527e-24	3.90625e-08	5.52427e-08	3.92632e-08	5.54805e-08
4.83856e-09	9.53674e-16	2.18141e-24	2.92969e-08	4.36732e-08	2.98741e-08	4.09703e-08
4.57529e-09	1.23978e-15	2.8273e-24	3.90625e-08	5.25895e-08	3.15812e-08	5.03593e-08
4.72487e-09	1.04904e-15	2.72233e-24	2.92969e-08	4.88281e-08	2.98741e-08	4.69451e-08
5.67151e-09	2.09808e-15	5.34528e-24	5.52427e-08	6.17632e-08	4.43844e-08	6.14554e-08
4.65532e-09	1.81198e-15	4.68276e-24	3.90625e-08	6.17632e-08	3.92632e-08	6.06018e-08
4.82323e-09	1.23978e-15	2.69377e-24	3.90625e-08	4.88281e-08	2.98741e-08	4.69451e-08
4.11949e-09	1.33514e-15	3.10013e-24	3.90625e-08	4.88281e-08	3.84096e-08	4.5238e-08
5.2052e-09	8.58307e-16	1.90224e-24	2.92969e-08	4.36732e-08	2.38993e-08	4.01167e-08
5.01344e-09	1.71661e-15	4.36738e-24	4.83374e-08	5.69429e-08	3.92632e-08	5.29199e-08
2.88093e-09	5.72205e-16	9.69697e-25	1.95312e-08	3.52105e-08	1.96316e-08	3.32883e-08
5.42559e-09	1.62125e-15	4.55676e-24	3.90625e-08	5.69429e-08	3.75561e-08	5.29199e-08
5.20764e-09	1.52588e-15	3.35406e-24	3.90625e-08	5.69429e-08	2.90206e-08	5.54805e-08
4.75697e-09	1.23978e-15	2.93136e-24	3.90625e-08	4.97951e-08	3.32883e-08	4.86522e-08
4.65661e-09	1.33514e-15	3.37287e-24	3.90625e-08	4.88281e-08	3.84096e-08	4.5238e-08
3.78443e-09	8.58307e-16	1.46779e-24	2.92969e-08	4.36732e-08	2.38993e-08	4.01167e-08
4.4744e-09	1.04904e-15	2.23221e-24	2.92969e-08	5.25895e-08	2.98741e-08	5.03593e-08
4.29164e-09	1.71661e-15	3.47993e-24	4.83374e-08	5.69429e-08	3.92632e-08	5.29199e-08
6.0092e-09	1.71661e-15	4.34534e-24	4.83374e-08	5.69429e-08	3.92632e-08	5.54805e-08
4.83075e-09	1.62125e-15	4.67961e-24	3.90625e-08	5.69429e-08	3.32883e-08	5.29199e-08
5.89712e-09	2.19345e-15	5.39327e-24	4.88281e-08	6.55098e-08	4.5238e-08	6.31625e-08
3.83341e-09	1.23978e-15	1.97724e-24	3.90625e-08	5.25895e-08	3.07277e-08	5.03593e-08
5.89403e-09	2.38419e-15	7.31878e-24	4.88281e-08	6.90534e-08	4.86522e-08	6.91373e-08
4.38264e-09	1.62125e-15	4.14008e-24	3.90625e-08	5.69429e-08	3.75561e-08	5.29199e-08
3.82886e-09	8.58307e-16	1.66827e-24	2.92969e-08	4.36732e-08	2.38993e-08	4.01167e-08
4.29932e-09	9.53674e-16	2.07059e-24	2.92969e-08	4.36732e-08	2.90206e-08	4.01167e-08
4.75548e-09	1.81198e-15	5.12685e-24	4.88281e-08	5.69429e-08	4.26773e-08	5.37735e-08
4.85002e-09	1.52588e-15	3.66463e-24	3.90625e-08	5.25895e-08	3.67025e-08	5.03593e-08
4.54739e-09	1.04904e-15	2.54756e-24	3.90625e-08	4.36732e-08	3.15812e-08	4.18238e-08
5.18873e-09	1.04904e-15	3.14914e-24	2.92969e-08	4.88281e-08	2.98741e-08	4.69451e-08
5.02237e-09	1.71661e-15	5.18325e-24	3.90625e-08	5.69429e-08	3.84096e-08	5.20664e-08
4.68189e-09	1.43051e-15	2.93697e-24	3.90625e-08	5.69429e-08	3.15812e-08	5.4627e-08
4.85863e-09	1.23978e-15	2.54078e-24	3.90625e-08	4.88281e-08	3.15812e-08	4.5238e-08
2.97841e-09	1.90735e-16	2.24578e-25	9.76562e-09	2.18366e-08	9.38902e-09	2.13387e-08
5.53955e-09	1.33514e-15	3.66297e-24	3.90625e-08	4.88281e-08	3.84096e-08	4.5238e-08
3.46771e-09	1.33514e-15	2.96593e-24	3.90625e-08	4.88281e-08	3.84096e-08	4.5238e-08
4.25649e-09	1.33514e-15	2.92624e-24	3.90625e-08	5.25895e-08	3.41419e-08	5.12128e-08
4.41752e-09	1.14441e-15	2.81779e-24	3.90625e-08	4.88281e-08	3.07277e-08	4.5238e-08
4.98584e-09	1.43051e-15	4.06754e-24	3.90625e-08	5.25895e-08	3.75561e-08	5.03593e-08
4.25044e-09	1.52588e-15	2.70159e-24	3.90625e-08	5.25895e-08	3.67025e-08	5.03593e-08
5.22879e-09	2.38419e-15	4.64578e-24	4.88281e-08	8.05294e-08	3.92632e-08	7.85263e-08
4.93291e-09	1.62125e-15	4.41502e-24	3.90625e-08	5.69429e-08	3.75561e-08	5.29199e-08
4.2439e-09	1.33514e-15	3.15444e-24	3.90625e-08	5.25895e-08	2.98741e-08	5.03593e-08
4.41863e-09	1.52588e-15	3.23078e-24	3.90625e-08	5.9402e-08	3.92632e-08	5.88947e-08
4.66775e-09	1.52588e-15	4.09449e-24	3.90625e-08	5.52427e-08	3.92632e-08	5.20664e-08
5.24286e-09	1.62125e-15	4.17609e-24	3.90625e-08	5.69429e-08	3.75561e-08	5.29199e-08
4.30076e-09	1.14441e-15	2.60228e-24	3.90625e-08	4.97951e-08	3.32883e-08	4.95057e-08
4.47899e-09	1.71661e-15	4.62782e-24	3.90625e-08	5.69429e-08	3.84096e-08	5.20664e-08
6.4719e-09	2.00272e-15	6.04829e-24	4.88281e-08	5.69429e-08	4.18238e-08	5.71876e-08
4.69714e-09	1.71661e-15	5.07e-24	3.90625e-08	5.69429e-08	3.84096e-08	5.20664e-08
5.18989e-09	2.19345e-15	5.46942e-24	4.88281e-08	6.55098e-08	4.77986e-08	6.31625e-08
4.20974e-09	1.43051e-15	2.85771e-24	3.90625e-08	5.25895e-08	3.75561e-08	5.03593e-08
4.61913e-09	1.14441e-15	2.83577e-24	2.92969e-08	4.88281e-08	2.98741e-08	4.86522e-08
5.84996e-09	1.90735e-15	5.13514e-24	4.88281e-08	5.69429e-08	4.09703e-08	5.54805e-08
5.0744e-09	1.62125e-15	4.67993e-24	3.90625e-08	5.69429e-08	3.32883e-08	5.29199e-08
3.81969e-09	6.67572e-16	8.98564e-25	2.76214e-08	4.1432e-08	1.45103e-08	4.18238e-08
5.5653e-09	1.81198e-15	5.1404e-24	4.88281e-08	5.69429e-08	4.26773e-08	5.37735e-08
2.25732e-09	9.53674e-17	7.4492e-26	9.76562e-09	1.38107e-08	9.38902e-09	1.45103e-08
2.67382e-09	9.53674e-17	9.60868e-26	9.76562e-09	1.38107e-08	9.38902e-09	1.45103e-08
4.42491e-09	1.52588e-15	3.27468e-24	4.60444e-08	5.69429e-08	3.41419e-08	5.29199e-08
5.72726e-09	1.62125e-15	4.09317e-24	3.90625e-08	5.9402e-08	3.92632e-08	5.88947e-08
5.41499e-09	1.81198e-15	4.06527e-24	4.88281e-08	5.69429e-08	4.26773e-08	5.37735e-08
4.5397e-09	1.33514e-15	1.9539e-24	3.90625e-08	4.88281e-08	3.84096e-08	4.5238e-08
5.54345e-09	1.62125e-15	3.49149e-24	3.90625e-08	5.69429e-08	3.75561e-08	5.29199e-08
4.6009e-09	2.00272e-15	4.19276e-24	4.88281e-08	6.17632e-08	4.09703e-08	5.97483e-08
5.42448e-09	1.81198e-15	4.86024e-24	4.88281e-08	5.69429e-08	4.09703e-08	5.4627e-08
4.86526e-09	1.90735e-15	4.4288e-24	4.88281e-08	5.69429e-08	4.09703e-08	5.54805e-08
4.50489e-09	2.47955e-15	5.48279e-24	4.88281e-08	6.55098e-08	4.86522e-08	6.4016e-08
3.58122e-09	8.58307e-16	1.61969e-24	2.92969e-08	4.36732e-08	2.38993e-08	4.01167e-08
6.43757e-09	2.00272e-15	6.42959e-24	4.88281e-08	6.25305e-08	4.09703e-08	5.88947e-08
4.81431e-09	1.81198e-15	4.60402e-24	4.88281e-08	5.69429e-08	4.26773e-08	5.37735e-08
3.17965e-09	3.8147e-16	4.83404e-25	1.95312e-08	2.76214e-08	1.96316e-08	2.8167e-08
4.82238e-09	1.14441e-15	2.67315e-24	3.90625e-08	4.88281e-08	3.07277e-08	4.86522e-08
4.59177e-09	1.23978e-15	3.07388e-24	2.92969e-08	5.25895e-08	2.98741e-08	4.95057e-08
4.3833e-09	6.67572e-16	1.43171e-24	2.92969e-08	3.52105e-08	2.47529e-08	3.41419e-08
4.92015e-09	1.23978e-15	3.15779e-24	3.90625e-08	4.88281e-08	3.15812e-08	4.5238e-08
5.34385e-09	2.19345e-15	6.09203e-24	4.88281e-08	6.55098e-08	4.77986e-08	6.31625e-08
4.46351e-09	1.43051e-15	3.30438e-24	3.90625e-08	5.25895e-08	3.75561e-08	5.03593e-08
5.39024e-09	1.52588e-15	3.33746e-24	4.80405e-08	5.69429e-08	3.32883e-08	5.54805e-08
4.27939e-09	1.62125e-15	4.12061e-24	3.90625e-08	5.69429e-08	3.92632e-08	5.29199e-08
5.37503e-09	1.23978e-15	2.83352e-24	3.90625e-08	4.88281e-08	3.15812e-08	4.5238e-08
4.64424e-09	1.43051e-15	3.19461e-24	3.90625e-08	5.25895e-08	3.75561e-08	5.03593e-08
4.90511e-09	1.43051e-15	3.4306e-24	3.90625e-08	5.52427e-08	3.92632e-08	5.54805e-08
4.14857e-09	1.52588e-15	3.02763e-24	3.90625e-08	5.25895e-08	3.67025e-08	5.03593e-08
4.49985e-09	5.72205e-16	1.045e-24	2.76214e-08	3.52105e-08	2.04851e-08	3.15812e-08
4.28368e-09	1.71661e-15	3.8465e-24	4.83374e-08	5.69429e-08	3.92632e-08	5.29199e-08
4.55118e-09	1.14441e-15	3.16589e-24	2.92969e-08	4.88281e-08	2.98741e-08	4.86522e-08
3.67838e-09	6.67572e-16	5.53818e-25	2.76214e-08	4.36732e-08	1.96316e-08	4.26773e-08
4.98328e-09	1.81198e-15	4.3517e-24	4.83374e-08	5.69429e-08	4.09703e-08	5.37735e-08
3.0581e-09	3.8147e-16	4.95155e-25	1.95312e-08	2.76214e-08	1.96316e-08	2.8167e-08
5.47101e-09	1.23978e-15	2.96934e-24	2.92969e-08	5.25895e-08	2.98741e-08	4.95057e-08
4.4062e-09	7.62939e-16	1.53756e-24	2.92969e-08	4.1432e-08	2.8167e-08	4.18238e-08
4.05972e-09	6.67572e-16	1.36928e-24	2.92969e-08	3.52105e-08	2.47529e-08	3.41419e-08
3.94001e-09	1.33514e-15	2.76746e-24	3.90625e-08	4.88281e-08	3.84096e-08	4.5238e-08
5.34507e-09	1.04904e-15	2.58088e-24	2.92969e-08	4.88281e-08	2.98741e-08	4.69451e-08
3.50287e-09	9.53674e-16	1.75124e-24	2.92969e-08	4.36732e-08	2.98741e-08	4.09703e-08
5.54151e-09	1.33514e-15	3.24467e-24	3.90625e-08	4.88281e-08	3.84096e-08	4.5238e-08
3.46381e-09	9.53674e-16	1.75266e-24	2.92969e-08	4.36732e-08	2.98741e-08	4.09703e-08
5.00451e-09	1.62125e-15	4.67046e-24	3.90625e-08	5.69429e-08	3.75561e-08	5.29199e-08
4.24737e-09	1.04904e-15	1.82008e-24	3.45267e-08	4.88281e-08	2.47529e-08	4.60915e-08
5.79699e-09	2.00272e-15	5.79665e-24	4.88281e-08	5.69429e-08	4.18238e-08	5.71876e-08
6.35617e-09	1.71661e-15	4.78036e-24	4.83374e-08	5.69429e-08	3.92632e-08	5.29199e-08
5.5482e-09	1.81198e-15	4.90775e-24	4.88281e-08	5.69429e-08	4.26773e-08	5.37735e-08
5.25347e-09	1.43051e-15	3.5933e-24	3.90625e-08	5.52427e-08	3.92632e-08	5.54805e-08
4.87167e-09	1.14441e-15	2.94288e-24	2.92969e-08	4.88281e-08	2.98741e-08	4.86522e-08
5.08764e-09	1.62125e-15	4.52045e-24	3.90625e-08	5.69429e-08	3.92632e-08	5.54805e-08
5.38186e-09	1.71661e-15	3.8906e-24	4.83374e-08	5.69429e-08	3.92632e-08	5.29199e-08
5.21518e-09	1.71661e-15	4.11172e-24	4.83374e-08	5.69429e-08	3.75561e-08	5.20664e-08
4.54185e-09	1.81198e-15	3.32181e-24	4.80405e-08	6.17632e-08	3.32883e-08	5.88947e-08
4.55637e-09	1.04904e-15	2.52442e-24	2.92969e-08	4.88281e-08	2.98741e-08	4.69451e-08
4.01469e-09	1.52588e-15	3.42748e-24	3.90625e-08	5.25895e-08	3.67025e-08	5.03593e-08
4.482e-09	1.71661e-15	4.11456e-24	4.83374e-08	5.69429e-08	3.92632e-08	5.29199e-08
4.90544e-09	2.47955e-15	6.38445e-24	5.41699e-08	7.04209e-08	3.92632e-08	6.74302e-08
4.9351e-09	6.67572e-16	1.64126e-24	2.92969e-08	3.52105e-08	2.47529e-08	3.41419e-08
4.64966e-09	1.23978e-15	2.82959e-24	3.90625e-08	4.88281e-08	3.15812e-08	4.5238e-08
5.43191e-09	1.81198e-15	5.19692e-24	3.90625e-08	6.17632e-08	3.92632e-08	6.06018e-08
5.01037e-09	1.43051e-15	3.49128e-24	3.90625e-08	5.52427e-08	3.92632e-08	5.54805e-08
4.03849e-09	8.58307e-16	1.85605e-24	2.92969e-08	4.36732e-08	2.38993e-08	4.01167e-08
4.17869e-09	2.28882e-15	5.54845e-24	4.88281e-08	7.04209e-08	4.01167e-08	6.31625e-08
3.73931e-09	1.52588e-15	3.22826e-24	3.90625e-08	5.69429e-08	3.32883e-08	5.29199e-08
5.41e-09	1.52588e-15	4.46156e-24	3.90625e-08	5.69429e-08	3.32883e-08	5.29199e-08
4.54624e-09	1.52588e-15	3.9296e-24	3.90625e-08	5.69429e-08	3.32883e-08	5.63341e-08
4.51636e-09	1.43051e-15	3.52325e-24	3.90625e-08	5.25895e-08	3.75561e-08	5.03593e-08
5.35378e-09	1.33514e-15	3.53558e-24	3.90625e-08	4.88281e-08	3.84096e-08	4.5238e-08
4.88225e-09	1.43051e-15	3.58497e-24	3.90625e-08	5.25895e-08	3.75561e-08	5.03593e-08
2.90274e-09	3.8147e-16	5.1042e-25	1.95312e-08	3.08816e-08	1.96316e-08	2.98741e-08
4.97237e-09	1.52588e-15	3.72627e-24	3.90625e-08	5.69429e-08	3.92632e-08	5.20664e-08
5.66708e-09	1.90735e-15	4.97896e-24	4.88281e-08	5.69429e-08	4.5238e-08	5.54805e-08
3.70364e-09	1.14441e-15	2.53737e-24	3.90625e-08	4.88281e-08	3.07277e-08	4.5238e-08
4.88814e-09	1.33514e-15	2.7032e-24	3.90625e-08	5.69429e-08	2.8167e-08	5.20664e-08
4.78904e-09	1.81198e-15	4.23135e-24	4.88281e-08	5.69429e-08	4.18238e-08	5.63341e-08
4.8177e-09	1.43051e-15	3.22783e-24	3.90625e-08	5.52427e-08	3.92632e-08	5.54805e-08
4.84715e-09	1.62125e-15	4.25897e-24	3.90625e-08	5.69429e-08	3.92632e-08	5.54805e-08
5.06168e-09	1.90735e-15	5.59999e-24	4.88281e-08	5.9402e-08	4.18238e-08	5.88947e-08
4.28348e-09	1.23978e-15	2.86657e-24	3.90625e-08	4.88281e-08	2.98741e-08	4.69451e-08
5.14129e-09	2.19345e-15	5.85735e-24	4.88281e-08	6.25305e-08	4.5238e-08	6.14554e-08
4.70283e-09	1.43051e-15	3.43797e-24	3.90625e-08	5.25895e-08	3.75561e-08	5.03593e-08
4.8854e-09	1.04904e-15	2.54158e-24	2.92969e-08	4.88281e-08	2.98741e-08	4.69451e-08
4.57575e-09	7.62939e-16	1.39284e-24	2.92969e-08	4.1432e-08	2.8167e-08	4.18238e-08
4.53418e-09	1.52588e-15	4.29763e-24	3.90625e-08	5.52427e-08	3.84096e-08	5.54805e-08
5.13992e-09	1.14441e-15	2.6208e-24	3.90625e-08	4.88281e-08	3.07277e-08	4.5238e-08
5.06304e-09	1.71661e-15	4.59407e-24	4.83374e-08	5.69429e-08	3.92632e-08	5.29199e-08
3.64604e-09	6.67572e-16	1.30865e-24	2.92969e-08	3.52105e-08	2.47529e-08	3.41419e-08
5.63308e-09	1.14441e-15	2.72528e-24	3.90625e-08	4.36732e-08	2.8167e-08	4.18238e-08
4.29146e-09	1.33514e-15	3.27246e-24	3.90625e-08	4.88281e-08	3.84096e-08	4.5238e-08
4.96501e-09	1.62125e-15	3.69281e-24	4.80405e-08	5.69429e-08	3.41419e-08	5.37735e-08
4.40942e-09	1.43051e-15	3.61264e-24	3.90625e-08	5.52427e-08	3.92632e-08	5.54805e-08
2.2078e-09	1.90735e-16	1.79396e-25	9.76562e-09	2.18366e-08	9.38902e-09	2.13387e-08
6.45854e-09	2.00272e-15	5.23222e-24	4.88281e-08	6.17632e-08	4.5238e-08	6.06018e-08
5.09594e-09	1.71661e-15	4.1957e-24	4.88281e-08	5.69429e-08	4.01167e-08	5.54805e-08
4.53839e-09	9.53674e-16	1.98033e-24	3.45267e-08	4.36732e-08	2.73135e-08	4.09703e-08
5.36687e-09	1.33514e-15	3.82766e-24	3.90625e-08	4.88281e-08	3.84096e-08	4.5238e-08
4.838e-09	1.81198e-15	5.03683e-24	4.88281e-08	5.69429e-08	4.09703e-08	5.4627e-08
3.99354e-09	9.53674e-16	2.44387e-24	2.92969e-08	4.36732e-08	2.90206e-08	4.01167e-08
4.78832e-09	1.52588e-15	3.64053e-24	3.90625e-08	5.25895e-08	3.67025e-08	5.03593e-08
4.67609e-09	1.62125e-15	4.2327e-24	4.83374e-08	5.52427e-08	4.01167e-08	5.03593e-08
4.69844e-09	1.23978e-15	3.18082e-24	3.90625e-08	4.88281e-08	3.15812e-08	4.5238e-08
4.85913e-09	1.43051e-15	3.8166e-24	3.90625e-08	5.52427e-08	3.92632e-08	5.54805e-08
5.21912e-09	1.62125e-15	3.90213e-24	3.90625e-08	5.69429e-08	3.75561e-08	5.29199e-08
4.59731e-09	1.52588e-15	3.42973e-24	3.90625e-08	5.52427e-08	3.92632e-08	5.20664e-08
3.82362e-09	1.14441e-15	2.42268e-24	2.92969e-08	5.25895e-08	2.98741e-08	4.86522e-08
4.21167e-09	1.04904e-15	1.89069e-24	3.90625e-08	4.36732e-08	2.90206e-08	4.26773e-08
3.37517e-09	4.76837e-16	7.25185e-25	1.95312e-08	3.52105e-08	1.96316e-08	3.32883e-08
5.42338e-09	2.09808e-15	4.1098e-24	4.88281e-08	6.55098e-08	4.01167e-08	6.4016e-08
4.67409e-09	1.43051e-15	3.88073e-24	3.90625e-08	5.69429e-08	3.15812e-08	5.29199e-08
4.30465e-09	1.04904e-15	2.51666e-24	2.92969e-08	4.88281e-08	2.98741e-08	4.69451e-08
4.40645e-09	1.14441e-15	2.76132e-24	3.90625e-08	4.36732e-08	2.8167e-08	4.18238e-08
5.16282e-09	1.90735e-15	3.43528e-24	4.83374e-08	6.17632e-08	3.92632e-08	5.88947e-08
4.85644e-09	1.71661e-15	4.71091e-24	4.83374e-08	5.69429e-08	3.92632e-08	5.29199e-08
3.10006e-09	6.67572e-16	1.23947e-24	2.92969e-08	3.52105e-08	2.47529e-08	3.41419e-08
3.35768e-09	4.76837e-16	9.19577e-25	1.95312e-08	3.52105e-08	1.96316e-08	3.32883e-08
4.53574e-09	1.81198e-15	4.06036e-24	4.83374e-08	5.69429e-08	4.09703e-08	5.37735e-08
4.82704e-09	1.52588e-15	3.72471e-24	3.90625e-08	5.69429e-08	3.92632e-08	5.4627e-08
4.87798e-09	3.14713e-15	8.39154e-24	5.85937e-08	8.05294e-08	4.86522e-08	7.85263e-08
5.16955e-09	1.71661e-15	4.25285e-24	4.83374e-08	5.69429e-08	3.92632e-08	5.29199e-08
5.39686e-09	1.33514e-15	3.71702e-24	3.90625e-08	5.25895e-08	3.41419e-08	5.12128e-08
5.30022e-09	2.47955e-15	6.17804e-24	5.85937e-08	6.55098e-08	4.86522e-08	6.31625e-08
4.18624e-09	9.53674e-16	2.36129e-24	2.92969e-08	4.36732e-08	2.90206e-08	4.01167e-08
4.25478e-09	1.62125e-15	4.10611e-24	3.90625e-08	5.69429e-08	3.75561e-08	5.29199e-08
4.59058e-09	1.43051e-15	4.04197e-24	3.90625e-08	5.25895e-08	3.75561e-08	5.03593e-08
5.12609e-09	1.33514e-15	3.4267e-24	3.90625e-08	4.88281e-08	3.84096e-08	4.5238e-08
3.2847e-09	8.58307e-16	1.33619e-24	2.92969e-08	4.1432e-08	2.98741e-08	4.18238e-08
3.97089e-09	1.14441e-15	2.4188e-24	3.90625e-08	4.97951e-08	3.32883e-08	4.95057e-08
4.2592e-09	1.23978e-15	2.78194e-24	3.90625e-08	4.88281e-08	2.98741e-08	4.69451e-08
4.18736e-09	1.04904e-15	2.49215e-24	2.92969e-08	4.88281e-08	2.98741e-08	4.69451e-08
4.17316e-09	1.04904e-15	1.87658e-24	3.90625e-08	4.36732e-08	3.15812e-08	4.18238e-08
4.69173e-09	2.47955e-15	5.26174e-24	4.88281e-08	7.43728e-08	3.92632e-08	7.08444e-08
4.0066e-09	1.14441e-15	2.08882e-24	3.90625e-08	4.88281e-08	2.73135e-08	4.43844e-08
5.3671e-09	1.52588e-15	3.41372e-24	3.90625e-08	5.25895e-08	3.67025e-08	5.03593e-08
4.479e-09	1.43051e-15	3.21448e-24	3.90625e-08	5.25895e-08	3.41419e-08	5.03593e-08
6.00973e-09	1.52588e-15	3.71397e-24	4.80405e-08	5.25895e-08	3.67025e-08	5.12128e-08
5.50991e-09	1.14441e-15	3.31751e-24	2.92969e-08	5.25895e-08	2.98741e-08	4.86522e-08
4.40256e-09	9.53674e-16	2.01578e-24	2.92969e-08	4.36732e-08	2.90206e-08	4.01167e-08
4.6906e-09	4.76837e-16	3.34263e-25	2.0716e-08	4.1432e-08	1.36568e-08	3.75561e-08
4.68608e-09	1.62125e-15	4.09199e-24	3.90625e-08	5.69429e-08	3.75561e-08	5.29199e-08
4.19545e-09	1.33514e-15	2.94564e-24	3.90625e-08	5.25895e-08	2.98741e-08	5.03593e-08
5.59641e-09	1.52588e-15	3.43851e-24	4.1432e-08	5.69429e-08	3.32883e-08	5.54805e-08
2.62936e-09	3.8147e-16	2.82943e-25	1.95312e-08	3.52105e-08	9.38902e-09	3.32883e-08
4.62911e-09	2.00272e-15	4.99566e-24	4.88281e-08	6.25305e-08	4.35309e-08	6.14554e-08
4.81093e-09	7.62939e-16	1.9937e-24	2.92969e-08	4.1432e-08	2.8167e-08	4.18238e-08
3.46039e-09	1.14441e-15	2.42744e-24	3.90625e-08	4.88281e-08	2.98741e-08	4.5238e-08
5.15705e-09	1.23978e-15	3.30278e-24	3.90625e-08	5.25895e-08	3.15812e-08	4.95057e-08
3.3437e-09	6.67572e-16	1.2153e-24	2.92969e-08	3.52105e-08	2.47529e-08	3.41419e-08
4.30017e-09	2.19345e-15	5.21666e-24	4.83374e-08	7.04209e-08	3.84096e-08	6.48696e-08
4.07144e-09	1.14441e-15	3.00635e-24	2.92969e-08	4.88281e-08	2.98741e-08	4.86522e-08
4.39373e-09	1.71661e-15	4.10088e-24	4.83374e-08	5.69429e-08	3.92632e-08	5.29199e-08
2.62467e-09	4.76837e-16	6.99922e-25	1.95312e-08	3.52105e-08	1.96316e-08	3.32883e-08
3.94544e-09	1.90735e-15	4.76651e-24	3.90625e-08	6.55098e-08	3.92632e-08	6.14554e-08
4.93953e-09	5.72205e-16	7.75846e-25	2.76214e-08	4.1432e-08	1.96316e-08	3.49954e-08
6.67106e-09	2.19345e-15	6.90449e-24	4.88281e-08	6.25305e-08	4.5238e-08	6.14554e-08
5.54272e-09	1.90735e-15	5.05936e-24	4.88281e-08	5.9402e-08	4.09703e-08	5.88947e-08
5.04324e-09	1.90735e-15	5.19988e-24	4.88281e-08	5.69429e-08	4.09703e-08	5.54805e-08
5.18817e-09	1.90735e-15	5.01967e-24	3.90625e-08	6.17632e-08	3.84096e-08	6.06018e-08
5.61432e-09	1.52588e-15	4.37091e-24	3.90625e-08	5.52427e-08	3.92632e-08	5.20664e-08
5.10041e-09	1.52588e-15	4.17688e-24	3.90625e-08	5.25895e-08	3.67025e-08	5.03593e-08
4.07629e-09	9.53674e-16	2.01678e-24	2.92969e-08	4.36732e-08	2.98741e-08	4.09703e-08
4.34495e-09	1.23978e-15	2.76241e-24	3.90625e-08	4.88281e-08	3.15812e-08	4.5238e-08
5.04919e-09	5.72205e-16	7.69628e-25	2.76214e-08	4.1432e-08	1.96316e-08	3.49954e-08
4.5398e-09	9.53674e-16	1.59421e-24	2.92969e-08	4.88281e-08	2.30458e-08	4.86522e-08
3.96629e-09	1.23978e-15	2.36051e-24	3.90625e-08	4.88281e-08	2.98741e-08	4.69451e-08
6.79737e-09	2.09808e-15	6.09065e-24	4.88281e-08	6.25305e-08	4.18238e-08	5.71876e-08
4.85879e-09	9.53674e-16	2.34433e-24	3.45267e-08	4.36732e-08	2.73135e-08	4.09703e-08
5.12867e-09	1.71661e-15	4.27974e-24	4.83374e-08	5.69429e-08	3.92632e-08	5.29199e-08
4.68192e-09	1.52588e-15	4.18694e-24	3.90625e-08	5.52427e-08	3.92632e-08	5.20664e-08
4.26772e-09	9.53674e-16	1.92469e-24	2.92969e-08	4.88281e-08	2.30458e-08	4.86522e-08
4.56064e-09	1.71661e-15	4.05366e-24	4.80405e-08	5.69429e-08	3.92632e-08	5.29199e-08
4.19204e-09	1.23978e-15	2.64938e-24	3.90625e-08	4.88281e-08	3.15812e-08	4.5238e-08
4.07088e-09	1.04904e-15	2.17181e-24	3.45267e-08	4.88281e-08	2.47529e-08	4.60915e-08
5.21994e-09	1.81198e-15	4.15011e-24	3.90625e-08	6.17632e-08	3.92632e-08	6.06018e-08
4.52786e-09	2.57492e-15	6.34943e-24	4.88281e-08	8.05294e-08	4.26773e-08	7.85263e-08
4.39974e-09	1.33514e-15	2.72148e-24	3.90625e-08	5.69429e-08	2.8167e-08	5.20664e-08
4.95797e-09	1.33514e-15	2.51981e-24	3.90625e-08	5.25895e-08	3.41419e-08	5.12128e-08
3.87471e-09	1.90735e-16	2.75123e-25	9.76562e-09	2.18366e-08	9.38902e-09	2.13387e-08
5.57359e-09	2.95639e-15	7.63936e-24	5.85937e-08	8.34375e-08	4.18238e-08	8.02334e-08
4.60917e-09	8.58307e-16	1.92364e-24	2.92969e-08	4.36732e-08	2.38993e-08	4.01167e-08
3.5948e-09	9.53674e-16	1.49901e-24	2.92969e-08	4.88281e-08	2.90206e-08	4.5238e-08
7.24128e-09	1.62125e-15	4.18286e-24	4.80405e-08	5.69429e-08	3.41419e-08	5.63341e-08
4.61768e-09	1.23978e-15	3.00173e-24	3.90625e-08	6.25305e-08	2.90206e-08	5.37735e-08
4.81548e-09	1.23978e-15	3.21991e-24	3.90625e-08	4.88281e-08	2.98741e-08	4.69451e-08
4.2874e-09	1.23978e-15	3.09032e-24	3.90625e-08	4.88281e-08	3.15812e-08	4.5238e-08
4.55042e-09	1.14441e-15	2.67657e-24	2.92969e-08	4.88281e-08	2.98741e-08	4.86522e-08
5.60183e-09	1.71661e-15	4.5257e-24	3.90625e-08	5.69429e-08	3.84096e-08	5.20664e-08
4.67953e-09	2.09808e-15	4.52095e-24	4.88281e-08	6.25305e-08	4.18238e-08	6.14554e-08
5.37733e-09	1.90735e-15	4.98263e-24	4.88281e-08	5.69429e-08	4.5238e-08	5.54805e-08
4.7772e-09	1.43051e-15	3.37594e-24	3.90625e-08	5.52427e-08	3.41419e-08	4.95057e-08
5.09149e-09	1.04904e-15	2.542e-24	3.90625e-08	4.36732e-08	2.90206e-08	4.26773e-08
4.54165e-09	1.43051e-15	3.5383e-24	3.90625e-08	5.25895e-08	3.75561e-08	5.03593e-08
4.31956e-09	8.58307e-16	1.89231e-24	2.92969e-08	4.36732e-08	2.38993e-08	4.01167e-08
5.48189e-09	2.28882e-15	5.81369e-24	5.52427e-08	6.55098e-08	4.5238e-08	6.14554e-08
5.56994e-09	2.47955e-15	6.24583e-24	5.85937e-08	6.55098e-08	4.86522e-08	6.4016e-08
3.15713e-09	5.72205e-16	9.41597e-25	2.76214e-08	3.52105e-08	2.04851e-08	3.15812e-08
4.92954e-09	2.00272e-15	5.09025e-24	4.88281e-08	6.25305e-08	4.43844e-08	5.80412e-08
4.28168e-09	1.23978e-15	2.72053e-24	3.90625e-08	4.88281e-08	3.15812e-08	4.5238e-08
4.9633e-09	1.71661e-15	4.11071e-24	4.80405e-08	5.69429e-08	3.32883e-08	5.54805e-08
3.75049e-09	1.04904e-15	2.43843e-24	3.90625e-08	4.36732e-08	3.15812e-08	4.18238e-08
5.07921e-09	1.04904e-15	2.28778e-24	3.90625e-08	4.36732e-08	2.90206e-08	4.26773e-08
4.13698e-09	1.33514e-15	2.16601e-24	3.90625e-08	5.25895e-08	3.41419e-08	5.12128e-08
3.92521e-09	1.04904e-15	2.39779e-24	2.92969e-08	4.88281e-08	2.98741e-08	4.69451e-08
5.2917e-09	2.38419e-15	6.43657e-24	4.88281e-08	6.55098e-08	4.95057e-08	6.31625e-08
4.76706e-09	1.23978e-15	2.99422e-24	3.90625e-08	4.88281e-08	2.98741e-08	4.69451e-08
4.00159e-09	8.58307e-16	1.52651e-24	2.92969e-08	4.36732e-08	2.38993e-08	4.01167e-08
5.05684e-09	1.71661e-15	3.53894e-24	3.90625e-08	5.69429e-08	3.84096e-08	5.20664e-08
3.93199e-09	1.04904e-15	2.30267e-24	2.92969e-08	4.88281e-08	2.98741e-08	4.69451e-08
4.84318e-09	1.23978e-15	3.3602e-24	3.90625e-08	4.88281e-08	3.15812e-08	4.5238e-08
4.09307e-09	1.33514e-15	2.94999e-24	3.90625e-08	4.88281e-08	3.84096e-08	4.5238e-08
4.71425e-09	1.52588e-15	4.12187e-24	3.90625e-08	5.52427e-08	3.84096e-08	5.54805e-08
5.76373e-09	2.28882e-15	5.49584e-24	4.88281e-08	6.55098e-08	4.86522e-08	6.4016e-08
5.46712e-09	2.00272e-15	5.67087e-24	4.88281e-08	6.25305e-08	4.18238e-08	5.80412e-08
4.84208e-09	1.33514e-15	3.2595e-24	3.90625e-08	4.88281e-08	3.84096e-08	4.5238e-08
4.99511e-09	1.52588e-15	3.71943e-24	3.90625e-08	5.52427e-08	3.92632e-08	5.20664e-08
3.94239e-09	1.81198e-15	3.75164e-24	4.80405e-08	6.25305e-08	3.75561e-08	6.14554e-08
5.58499e-09	1.33514e-15	3.89533e-24	2.92969e-08	5.69429e-08	2.90206e-08	5.63341e-08
3.85341e-09	9.53674e-16	1.68983e-24	2.92969e-08	5.25895e-08	2.73135e-08	5.12128e-08
6.07607e-09	2.86102e-15	8.3937e-24	5.85937e-08	7.43728e-08	4.95057e-08	7.08444e-08
4.51645e-09	1.14441e-15	2.47137e-24	3.90625e-08	4.36732e-08	2.8167e-08	4.18238e-08
4.55942e-09	1.43051e-15	3.45227e-24	3.90625e-08	5.52427e-08	3.92632e-08	5.54805e-08
5.42414e-09	1.33514e-15	3.47651e-24	3.90625e-08	4.88281e-08	3.84096e-08	4.5238e-08
4.32284e-09	1.23978e-15	2.77411e-24	3.90625e-08	4.88281e-08	3.15812e-08	4.5238e-08
5.54329e-09	1.71661e-15	5.04448e-24	3.90625e-08	5.69429e-08	3.84096e-08	5.20664e-08
4.00565e-09	5.72205e-16	5.48049e-25	2.76214e-08	4.1432e-08	1.96316e-08	3.49954e-08
5.18708e-09	1.43051e-15	3.20314e-24	3.90625e-08	5.25895e-08	3.41419e-08	5.03593e-08
4.77726e-09	2.09808e-15	5.84623e-24	4.88281e-08	6.25305e-08	4.18238e-08	6.14554e-08
4.70721e-09	1.14441e-15	2.30007e-24	3.90625e-08	4.88281e-08	3.07277e-08	4.86522e-08
4.15144e-09	7.62939e-16	1.3382e-24	2.92969e-08	4.1432e-08	2.8167e-08	4.18238e-08
4.62374e-09	1.62125e-15	4.14981e-24	4.83374e-08	5.52427e-08	4.01167e-08	5.03593e-08
5.19305e-09	1.62125e-15	4.03857e-24	3.90625e-08	5.69429e-08	3.75561e-08	5.29199e-08
4.26607e-09	1.62125e-15	3.17817e-24	3.90625e-08	6.55098e-08	2.98741e-08	6.31625e-08
4.47534e-09	1.43051e-15	3.46821e-24	3.90625e-08	5.52427e-08	3.92632e-08	5.54805e-08
5.17931e-09	1.71661e-15	4.87135e-24	3.90625e-08	5.69429e-08	3.84096e-08	5.20664e-08
5.53156e-09	1.62125e-15	4.43088e-24	3.90625e-08	5.69429e-08	3.75561e-08	5.29199e-08
4.60654e-09	7.62939e-16	1.38696e-24	2.92969e-08	4.36732e-08	2.21922e-08	4.18238e-08
4.09995e-09	1.52588e-15	3.89774e-24	3.90625e-08	5.69429e-08	2.90206e-08	5.54805e-08
4.34862e-09	1.04904e-15	2.08563e-24	2.92969e-08	4.88281e-08	2.98741e-08	4.69451e-08
5.2171e-09	1.23978e-15	3.10773e-24	3.90625e-08	4.88281e-08	2.98741e-08	4.69451e-08
3.71383e-09	7.62939e-16	1.62826e-24	2.92969e-08	4.1432e-08	2.8167e-08	4.18238e-08
5.46673e-09	1.71661e-15	4.1932e-24	4.83374e-08	5.69429e-08	3.92632e-08	5.29199e-08
3.4238e-09	5.72205e-16	8.36816e-25	2.76214e-08	3.52105e-08	2.04851e-08	3.15812e-08
5.2406e-09	1.43051e-15	3.34348e-24	3.90625e-08	5.25895e-08	3.75561e-08	5.03593e-08
5.25881e-09	1.43051e-15	4.14014e-24	3.90625e-08	5.25895e-08	3.75561e-08	5.03593e-08
6.05344e-09	1.62125e-15	4.5141e-24	4.83374e-08	5.25895e-08	3.75561e-08	5.03593e-08
2.52962e-09	2.86102e-16	4.34406e-25	9.76562e-09	3.08816e-08	9.38902e-09	2.98741e-08
4.97994e-09	1.71661e-15	4.17446e-24	4.83374e-08	5.69429e-08	3.92632e-08	5.54805e-08
3.78869e-09	6.67572e-16	1.13835e-24	2.92969e-08	3.52105e-08	2.47529e-08	3.41419e-08
4.4297e-09	1.43051e-15	2.9964e-24	3.90625e-08	5.25895e-08	3.75561e-08	5.03593e-08
3.86485e-09	1.14441e-15	1.92243e-24	3.90625e-08	5.25895e-08	2.98741e-08	5.12128e-08
4.69963e-09	1.04904e-15	2.27098e-24	3.90625e-08	4.36732e-08	2.90206e-08	4.26773e-08
4.2704e-09	1.14441e-15	2.67295e-24	2.92969e-08	5.25895e-08	2.98741e-08	4.86522e-08
3.6584e-09	8.58307e-16	1.89437e-24	2.92969e-08	4.36732e-08	2.38993e-08	4.01167e-08
4.65381e-09	1.33514e-15	3.10988e-24	3.90625e-08	5.69429e-08	2.8167e-08	5.20664e-08
4.56412e-09	1.33514e-15	3.08604e-24	3.90625e-08	5.25895e-08	3.41419e-08	5.12128e-08
5.04853e-09	1.23978e-15	3.29929e-24	3.90625e-08	4.88281e-08	3.15812e-08	4.60915e-08
3.66644e-09	6.67572e-16	1.25991e-24	1.95312e-08	4.36732e-08	1.96316e-08	4.26773e-08
5.35318e-09	1.62125e-15	4.52389e-24	3.90625e-08	5.69429e-08	3.75561e-08	5.29199e-08
4.87229e-09	2.09808e-15	5.28665e-24	4.88281e-08	6.25305e-08	4.18238e-08	5.71876e-08
5.08956e-09	1.71661e-15	4.59289e-24	3.90625e-08	5.69429e-08	3.84096e-08	5.29199e-08
4.71814e-09	1.23978e-15	3.27499e-24	2.92969e-08	5.25895e-08	2.98741e-08	4.95057e-08
5.61816e-09	1.71661e-15	4.97266e-24	4.83374e-08	5.69429e-08	3.92632e-08	5.29199e-08
4.79526e-09	1.52588e-15	3.44313e-24	3.90625e-08	5.25895e-08	3.67025e-08	5.03593e-08
5.1178e-09	1.33514e-15	3.66738e-24	3.90625e-08	4.88281e-08	3.84096e-08	4.5238e-08
5.00529e-09	2.00272e-15	4.96957e-24	4.88281e-08	6.25305e-08	4.43844e-08	5.80412e-08
4.47286e-09	2.09808e-15	5.89533e-24	4.88281e-08	6.25305e-08	4.18238e-08	5.71876e-08
3.75352e-09	8.58307e-16	1.77586e-24	2.92969e-08	4.36732e-08	2.38993e-08	4.01167e-08
4.69049e-09	1.14441e-15	2.58833e-24	3.90625e-08	4.88281e-08	3.07277e-08	4.5238e-08
3.84412e-09	1.23978e-15	3.29081e-24	3.90625e-08	4.88281e-08	2.98741e-08	4.69451e-08
4.30105e-09	1.23978e-15	3.20746e-24	3.90625e-08	4.88281e-08	3.15812e-08	4.5238e-08
4.33214e-09	9.53674e-16	2.2832e-24	2.92969e-08	4.36732e-08	2.98741e-08	4.09703e-08
4.13615e-09	1.81198e-15	4.97435e-24	4.88281e-08	5.69429e-08	4.09703e-08	5.4627e-08
4.15833e-09	1.23978e-15	2.76521e-24	3.90625e-08	4.88281e-08	3.15812e-08	4.5238e-08
4.16767e-09	1.71661e-15	4.19708e-24	3.90625e-08	5.69429e-08	3.84096e-08	5.29199e-08
4.17925e-09	7.62939e-16	1.01558e-24	2.92969e-08	4.02647e-08	2.30458e-08	4.01167e-08
4.34981e-09	1.62125e-15	4.29493e-24	3.90625e-08	5.69429e-08	3.92632e-08	5.54805e-08
4.90877e-09	1.14441e-15	2.72324e-24	2.92969e-08	4.88281e-08	2.98741e-08	4.86522e-08
4.35521e-09	1.90735e-15	4.90027e-24	3.90625e-08	6.25305e-08	3.84096e-08	6.23089e-08
5.02772e-09	1.71661e-15	4.53672e-24	4.80405e-08	5.69429e-08	3.32883e-08	5.54805e-08
4.79417e-09	1.43051e-15	3.57905e-24	3.90625e-08	5.25895e-08	3.75561e-08	5.03593e-08
3.5537e-09	1.14441e-15	1.86935e-24	3.90625e-08	4.88281e-08	2.73135e-08	4.43844e-08
5.25324e-09	1.81198e-15	4.83873e-24	4.88281e-08	5.69429e-08	3.92632e-08	5.37735e-08
4.2941e-09	1.62125e-15	3.16302e-24	3.90625e-08	5.69429e-08	3.75561e-08	5.29199e-08
3.99122e-09	1.33514e-15	3.12299e-24	3.90625e-08	4.88281e-08	3.84096e-08	4.5238e-08
4.11382e-09	1.23978e-15	2.74298e-24	3.90625e-08	4.97951e-08	3.32883e-08	4.86522e-08
5.20168e-09	2.09808e-15	4.73623e-24	4.88281e-08	6.17632e-08	4.18238e-08	5.88947e-08
4.99914e-09	1.81198e-15	4.5804e-24	4.83374e-08	5.69429e-08	4.09703e-08	5.37735e-08
4.79362e-09	1.71661e-15	3.69959e-24	4.83374e-08	5.69429e-08	3.92632e-08	5.54805e-08
4.63956e-09	1.71661e-15	4.2632e-24	3.90625e-08	5.69429e-08	3.84096e-08	5.29199e-08
4.69529e-09	1.43051e-15	3.59061e-24	3.90625e-08	5.25895e-08	3.75561e-08	5.03593e-08
4.87253e-09	1.33514e-15	3.25649e-24	3.90625e-08	4.88281e-08	3.84096e-08	4.5238e-08
4.51071e-09	1.14441e-15	2.29066e-24	3.90625e-08	4.36732e-08	2.8167e-08	4.18238e-08
4.67223e-09	1.33514e-15	2.79115e-24	3.90625e-08	4.88281e-08	3.84096e-08	4.5238e-08
4.45675e-09	1.14441e-15	1.94541e-24	3.90625e-08	4.36732e-08	2.8167e-08	4.18238e-08
5.26765e-09	2.47955e-15	6.75462e-24	4.88281e-08	7.43728e-08	4.18238e-08	6.99908e-08
5.48907e-09	5.72205e-16	6.77427e-25	2.76214e-08	4.1432e-08	1.96316e-08	3.49954e-08
4.08903e-09	1.33514e-15	2.98969e-24	3.90625e-08	5.25895e-08	3.41419e-08	5.12128e-08
4.15607e-09	1.62125e-15	3.53124e-24	3.90625e-08	5.69429e-08	3.92632e-08	5.54805e-08
4.08509e-09	9.53674e-16	2.09163e-24	2.92969e-08	4.36732e-08	2.98741e-08	4.09703e-08
4.29338e-09	9.53674e-16	1.96011e-24	3.45267e-08	4.36732e-08	2.73135e-08	4.09703e-08
3.40354e-09	4.76837e-16	7.54204e-25	1.95312e-08	3.52105e-08	1.96316e-08	3.32883e-08
5.19365e-09	1.62125e-15	4.26299e-24	3.90625e-08	5.69429e-08	3.75561e-08	5.29199e-08
5.08198e-09	1.43051e-15	3.17356e-24	4.1432e-08	5.25895e-08	3.32883e-08	5.03593e-08
2.97444e-09	3.8147e-16	6.96306e-25	1.95312e-08	2.76214e-08	1.96316e-08	2.8167e-08
5.54271e-09	7.62939e-16	7.16667e-25	2.76214e-08	4.88281e-08	2.04851e-08	4.5238e-08
5.12899e-09	1.43051e-15	3.05091e-24	3.90625e-08	5.52427e-08	3.92632e-08	5.54805e-08
4.56822e-09	2.19345e-15	4.07331e-24	4.83374e-08	7.04209e-08	3.75561e-08	6.82838e-08
3.7474e-09	3.8147e-16	4.8535e-25	1.95312e-08	3.08816e-08	1.96316e-08	2.98741e-08
5.18595e-09	1.14441e-15	3.04575e-24	3.90625e-08	4.88281e-08	3.07277e-08	4.86522e-08
3.17576e-09	3.8147e-16	3.25127e-25	1.95312e-08	3.52105e-08	9.38902e-09	3.32883e-08
5.15066e-09	2.38419e-15	5.43773e-24	4.88281e-08	6.55098e-08	4.86522e-08	6.31625e-08
5.07536e-09	2.00272e-15	4.79477e-24	4.88281e-08	5.69429e-08	4.18238e-08	5.71876e-08
4.88278e-09	1.23978e-15	2.46442e-24	3.90625e-08	4.88281e-08	3.15812e-08	4.5238e-08
5.11473e-09	1.62125e-15	4.09422e-24	3.90625e-08	5.69429e-08	3.75561e-08	5.29199e-08
3.71481e-09	4.76837e-16	8.3993e-25	1.95312e-08	3.52105e-08	1.96316e-08	3.32883e-08
5.07498e-09	1.43051e-15	4.08703e-24	3.90625e-08	5.25895e-08	3.75561e-08	5.03593e-08
4.42149e-09	1.33514e-15	3.04875e-24	3.90625e-08	5.52427e-08	2.8167e-08	5.54805e-08
5.93646e-09	1.71661e-15	4.2607e-24	4.83374e-08	5.69429e-08	3.92632e-08	5.29199e-08
5.4103e-09	1.33514e-15	3.17215e-24	3.90625e-08	4.88281e-08	3.84096e-08	4.5238e-08
4.62175e-09	1.62125e-15	3.5902e-24	3.90625e-08	6.55098e-08	3.07277e-08	6.06018e-08
5.07182e-09	1.90735e-15	4.94936e-24	4.88281e-08	5.69429e-08	4.5238e-08	5.54805e-08
4.69202e-09	4.76837e-16	2.45799e-25	2.0716e-08	4.1432e-08	1.36568e-08	3.75561e-08
5.58421e-09	1.81198e-15	5.36104e-24	3.90625e-08	6.25305e-08	3.84096e-08	6.14554e-08
5.82196e-09	2.47955e-15	6.52808e-24	4.88281e-08	6.55098e-08	4.86522e-08	6.4016e-08
4.79882e-09	2.00272e-15	5.27648e-24	3.90625e-08	6.55098e-08	3.92632e-08	6.06018e-08
4.87664e-09	1.71661e-15	4.66696e-24	3.90625e-08	5.69429e-08	3.84096e-08	5.20664e-08
4.95887e-09	1.04904e-15	1.75922e-24	3.90625e-08	4.36732e-08	3.15812e-08	4.18238e-08
5.62479e-09	1.90735e-15	5.20629e-24	3.90625e-08	6.17632e-08	3.84096e-08	6.06018e-08
4.36869e-09	4.76837e-16	3.0037e-25	2.0716e-08	4.1432e-08	1.36568e-08	3.75561e-08
5.66096e-09	1.90735e-15	4.29043e-24	4.88281e-08	5.69429e-08	4.09703e-08	5.54805e-08
3.40319e-09	2.86102e-16	3.54346e-25	1.95312e-08	2.76214e-08	1.36568e-08	2.47529e-08
5.27006e-09	1.81198e-15	4.43411e-24	3.90625e-08	6.17632e-08	3.92632e-08	6.06018e-08
5.00898e-09	2.28882e-15	5.64597e-24	3.90625e-08	8.05294e-08	2.98741e-08	7.85263e-08
4.30744e-09	8.58307e-16	1.61952e-24	2.92969e-08	4.88281e-08	2.47529e-08	4.43844e-08
5.17914e-09	1.81198e-15	3.91515e-24	3.90625e-08	6.17632e-08	3.92632e-08	6.06018e-08
5.46009e-09	1.71661e-15	4.20609e-24	4.80405e-08	6.17632e-08	3.67025e-08	5.88947e-08
4.5231e-09	8.58307e-16	1.0786e-24	2.92969e-08	4.88281e-08	2.47529e-08	4.43844e-08
3.1885e-09	6.67572e-16	1.17276e-24	1.95312e-08	4.36732e-08	1.96316e-08	4.26773e-08
3.67555e-09	6.67572e-16	1.44974e-24	2.92969e-08	3.52105e-08	2.47529e-08	3.41419e-08
4.58144e-09	1.81198e-15	4.64066e-24	4.88281e-08	5.69429e-08	4.26773e-08	5.37735e-08
2.51659e-09	1.90735e-16	2.12618e-25	9.76562e-09	2.18366e-08	9.38902e-09	2.13387e-08
4.37302e-09	1.52588e-15	4.0156e-24	3.90625e-08	5.52427e-08	3.92632e-08	5.20664e-08
5.53993e-09	1.33514e-15	3.13548e-24	3.90625e-08	5.25895e-08	3.41419e-08	5.12128e-08
3.98593e-09	1.23978e-15	2.21495e-24	3.90625e-08	4.88281e-08	3.15812e-08	4.5238e-08
5.37794e-09	1.90735e-15	4.63035e-24	4.88281e-08	5.9402e-08	4.18238e-08	5.88947e-08
5.76732e-09	2.09808e-15	5.32676e-24	4.88281e-08	6.55098e-08	3.84096e-08	6.14554e-08
3.61437e-09	8.58307e-16	1.3496e-24	3.45267e-08	4.36732e-08	2.47529e-08	4.18238e-08
5.83977e-09	1.52588e-15	3.82331e-24	3.90625e-08	5.69429e-08	3.92632e-08	5.4627e-08
3.73741e-09	1.52588e-15	3.22178e-24	3.90625e-08	5.69429e-08	3.92632e-08	5.20664e-08
3.40656e-09	1.14441e-15	1.85878e-24	3.90625e-08	4.97951e-08	3.41419e-08	4.86522e-08
4.92933e-09	1.81198e-15	4.67749e-24	4.83374e-08	5.69429e-08	4.09703e-08	5.37735e-08
4.26194e-09	1.23978e-15	2.8189e-24	3.90625e-08	4.88281e-08	3.15812e-08	4.5238e-08
4.70968e-09	1.52588e-15	3.78332e-24	3.90625e-08	5.25895e-08	3.67025e-08	5.03593e-08
5.72274e-09	2.19345e-15	5.32117e-24	4.83374e-08	7.6272e-08	3.75561e-08	6.99908e-08
6.39728e-09	1.71661e-15	4.73394e-24	4.83374e-08	5.69429e-08	3.92632e-08	5.29199e-08
6.37207e-09	2.00272e-15	6.37364e-24	4.88281e-08	6.17632e-08	3.92632e-08	6.06018e-08
3.88633e-09	2.47955e-15	5.14561e-24	4.50017e-08	8.40071e-08	2.90206e-08	8.02334e-08
4.47078e-09	1.23978e-15	2.89745e-24	3.90625e-08	4.88281e-08	3.15812e-08	4.5238e-08
5.81281e-09	2.09808e-15	6.19153e-24	4.88281e-08	6.17632e-08	4.69451e-08	6.06018e-08
4.30705e-09	7.62939e-16	1.68181e-24	2.92969e-08	4.02647e-08	2.30458e-08	4.01167e-08
3.51899e-09	8.58307e-16	2.14832e-24	2.92969e-08	4.1432e-08	2.98741e-08	4.18238e-08
5.49548e-09	1.71661e-15	4.36172e-24	3.90625e-08	5.69429e-08	3.84096e-08	5.29199e-08
4.57199e-09	1.33514e-15	3.13511e-24	3.90625e-08	5.25895e-08	3.41419e-08	5.12128e-08
4.86559e-09	1.33514e-15	3.63134e-24	3.90625e-08	5.25895e-08	2.98741e-08	4.95057e-08
3.9959e-09	6.67572e-16	1.07256e-24	2.92969e-08	3.52105e-08	2.47529e-08	3.41419e-08
5.84704e-09	1.71661e-15	4.98306e-24	4.83374e-08	5.69429e-08	3.75561e-08	5.20664e-08
5.5092e-09	2.09808e-15	5.21031e-24	4.88281e-08	6.17632e-08	4.18238e-08	5.88947e-08
4.10099e-09	1.04904e-15	2.73034e-24	2.92969e-08	4.88281e-08	2.98741e-08	4.69451e-08
4.94439e-09	2.00272e-15	5.09624e-24	4.88281e-08	6.90534e-08	3.92632e-08	6.91373e-08
4.89811e-09	1.52588e-15	3.65212e-24	3.90625e-08	5.25895e-08	3.67025e-08	5.03593e-08
3.78279e-09	1.04904e-15	2.21794e-24	2.92969e-08	4.88281e-08	2.98741e-08	4.69451e-08
4.4007e-09	1.62125e-15	3.59997e-24	3.90625e-08	5.69429e-08	3.75561e-08	5.29199e-08
4.57353e-09	1.62125e-15	3.91303e-24	4.83374e-08	5.25895e-08	3.75561e-08	5.03593e-08
3.44527e-09	5.72205e-16	1.34851e-24	1.95312e-08	3.52105e-08	1.96316e-08	3.32883e-08
4.2906e-09	1.43051e-15	3.64175e-24	3.90625e-08	5.52427e-08	3.92632e-08	5.54805e-08
3.55805e-09	6.67572e-16	7.99487e-25	2.76214e-08	4.36732e-08	1.96316e-08	4.26773e-08
4.32683e-09	7.62939e-16	1.81607e-24	2.92969e-08	4.1432e-08	2.8167e-08	4.18238e-08
3.98752e-09	9.53674e-16	2.46177e-24	2.92969e-08	4.36732e-08	2.98741e-08	4.09703e-08
4.98144e-09	2.09808e-15	5.86951e-24	4.88281e-08	6.25305e-08	4.18238e-08	5.71876e-08
5.25306e-09	1.23978e-15	2.32825e-24	3.90625e-08	5.25895e-08	3.15812e-08	5.03593e-08
3.53778e-09	6.67572e-16	1.30926e-24	2.92969e-08	3.52105e-08	2.47529e-08	3.41419e-08
3.47281e-09	1.14441e-15	2.26994e-24	3.90625e-08	4.36732e-08	2.8167e-08	4.18238e-08
4.46691e-09	1.90735e-15	4.37355e-24	4.88281e-08	6.17632e-08	4.01167e-08	5.88947e-08
4.59544e-09	1.23978e-15	3.40886e-24	3.90625e-08	4.88281e-08	2.98741e-08	4.69451e-08
4.06608e-09	1.62125e-15	2.66012e-24	4.83374e-08	5.25895e-08	3.75561e-08	5.03593e-08
3.10592e-09	4.76837e-16	6.14511e-25	1.95312e-08	3.52105e-08	1.96316e-08	3.32883e-08
4.65176e-09	1.23978e-15	3.21483e-24	3.90625e-08	4.88281e-08	3.15812e-08	4.5238e-08
4.80071e-09	6.67572e-16	1.82236e-24	1.95312e-08	4.36732e-08	1.96316e-08	4.26773e-08
4.07415e-09	1.62125e-15	3.9568e-24	3.90625e-08	5.69429e-08	3.75561e-08	5.29199e-08
4.79539e-09	1.62125e-15	4.05299e-24	4.80405e-08	5.69429e-08	3.41419e-08	5.37735e-08
5.46898e-09	2.67029e-15	7.21582e-24	4.88281e-08	7.10948e-08	4.86522e-08	6.91373e-08
4.3739e-09	8.58307e-16	1.98015e-24	2.92969e-08	4.1432e-08	2.98741e-08	4.18238e-08
5.05275e-09	1.33514e-15	2.53178e-24	3.90625e-08	4.97951e-08	3.67025e-08	4.86522e-08
4.75409e-09	1.43051e-15	4.22525e-24	3.90625e-08	5.52427e-08	3.92632e-08	5.54805e-08
3.77736e-09	9.53674e-16	1.8372e-24	2.92969e-08	4.36732e-08	2.90206e-08	4.01167e-08
3.90456e-09	8.58307e-16	1.50878e-24	2.92969e-08	4.36732e-08	2.38993e-08	4.01167e-08
4.31574e-09	1.04904e-15	2.36445e-24	2.92969e-08	4.97951e-08	2.98741e-08	4.86522e-08
5.21315e-09	2.00272e-15	5.5846e-24	4.88281e-08	6.17632e-08	3.92632e-08	6.06018e-08
4.88168e-09	1.33514e-15	3.3923e-24	3.90625e-08	4.88281e-08	3.84096e-08	4.5238e-08
5.52296e-09	1.81198e-15	5.20528e-24	3.90625e-08	6.25305e-08	3.84096e-08	6.14554e-08
5.43487e-09	1.14441e-15	2.46376e-24	3.90625e-08	4.88281e-08	3.07277e-08	4.86522e-08
3.86212e-09	1.04904e-15	2.34076e-24	3.90625e-08	4.36732e-08	3.15812e-08	4.18238e-08
5.70888e-09	2.19345e-15	6.88606e-24	4.88281e-08	6.25305e-08	4.86522e-08	5.80412e-08
4.18281e-09	8.58307e-16	1.80691e-24	2.92969e-08	4.36732e-08	2.38993e-08	4.01167e-08
5.67075e-09	1.62125e-15	4.72331e-24	4.63224e-08	6.25305e-08	3.84096e-08	6.14554e-08
5.7222e-09	1.71661e-15	4.50353e-24	4.83374e-08	5.69429e-08	3.92632e-08	5.29199e-08
4.86981e-09	1.62125e-15	3.41515e-24	4.80405e-08	5.69429e-08	3.75561e-08	5.37735e-08
5.67606e-09	1.23978e-15	3.27427e-24	3.90625e-08	5.25895e-08	3.15812e-08	5.03593e-08
5.3137e-09	1.52588e-15	4.56324e-24	3.90625e-08	5.69429e-08	3.5849e-08	5.29199e-08
6.30499e-09	1.90735e-15	5.84897e-24	4.88281e-08	6.17632e-08	3.92632e-08	6.06018e-08
4.86276e-09	2.00272e-15	4.79106e-24	4.88281e-08	6.55098e-08	4.18238e-08	6.31625e-08
4.94705e-09	1.62125e-15	3.77388e-24	4.50017e-08	6.25305e-08	3.24348e-08	5.63341e-08
4.67633e-09	1.43051e-15	3.11486e-24	4.1432e-08	5.52427e-08	3.15812e-08	4.95057e-08
3.82616e-09	7.62939e-16	1.60691e-24	2.92969e-08	4.1432e-08	2.8167e-08	4.18238e-08
3.51552e-09	9.53674e-16	1.85691e-24	2.92969e-08	4.36732e-08	2.98741e-08	4.09703e-08
4.11424e-09	1.14441e-15	1.51445e-24	3.90625e-08	5.25895e-08	2.8167e-08	5.12128e-08
4.67399e-09	1.71661e-15	4.26758e-24	3.90625e-08	5.69429e-08	3.84096e-08	5.20664e-08
5.05842e-09	1.90735e-15	5.31639e-24	4.88281e-08	5.69429e-08	4.5238e-08	5.54805e-08
4.73789e-09	1.43051e-15	3.31964e-24	3.90625e-08	5.25895e-08	3.41419e-08	5.03593e-08
4.58721e-09	7.62939e-16	1.52035e-24	2.92969e-08	4.02647e-08	2.30458e-08	4.01167e-08
5.15049e-09	1.14441e-15	2.84292e-24	3.90625e-08	4.88281e-08	3.07277e-08	4.5238e-08
4.34515e-09	1.23978e-15	2.59353e-24	3.90625e-08	4.88281e-08	3.15812e-08	4.5238e-08
4.42002e-09	1.14441e-15	2.83605e-24	3.90625e-08	4.88281e-08	2.98741e-08	4.5238e-08
4.90519e-09	1.52588e-15	4.07182e-24	3.90625e-08	5.25895e-08	3.67025e-08	5.03593e-08
4.23071e-09	1.14441e-15	2.4982e-24	3.90625e-08	4.36732e-08	2.8167e-08	4.18238e-08
4.75078e-09	1.52588e-15	3.77932e-24	3.90625e-08	5.52427e-08	3.84096e-08	5.54805e-08
4.17523e-09	7.62939e-16	6.21684e-25	2.76214e-08	4.88281e-08	2.04851e-08	4.5238e-08
5.81611e-09	2.19345e-15	5.80438e-24	4.88281e-08	6.25305e-08	4.77986e-08	5.88947e-08
4.93162e-09	1.62125e-15	3.91028e-24	3.90625e-08	5.69429e-08	3.75561e-08	5.29199e-08
2.87251e-09	9.53674e-17	8.27201e-26	9.76562e-09	1.38107e-08	9.38902e-09	1.45103e-08
3.95812e-09	8.58307e-16	2.02307e-24	2.92969e-08	4.1432e-08	2.98741e-08	4.18238e-08
6.25599e-09	2.09808e-15	6.64563e-24	4.88281e-08	6.25305e-08	4.18238e-08	5.71876e-08
4.38904e-09	1.23978e-15	3.05622e-24	3.90625e-08	4.88281e-08	3.15812e-08	4.5238e-08
5.3605e-09	1.71661e-15	5.07659e-24	3.90625e-08	5.69429e-08	3.84096e-08	5.20664e-08
4.94624e-09	1.33514e-15	3.16889e-24	3.90625e-08	5.25895e-08	3.32883e-08	5.03593e-08
4.89902e-09	1.90735e-15	4.87797e-24	4.88281e-08	6.25305e-08	4.09703e-08	5.97483e-08
6.58255e-09	1.81198e-15	5.3259e-24	4.88281e-08	5.69429e-08	4.26773e-08	5.37735e-08
3.9472e-09	1.33514e-15	3.09225e-24	3.90625e-08	4.88281e-08	3.84096e-08	4.5238e-08
4.56262e-09	5.72205e-16	6.80822e-25	2.76214e-08	4.1432e-08	1.96316e-08	3.49954e-08
6.81738e-09	2.00272e-15	5.69375e-24	4.88281e-08	6.25305e-08	4.18238e-08	5.80412e-08
5.33173e-09	2.00272e-15	5.55838e-24	4.88281e-08	6.17632e-08	4.35309e-08	5.88947e-08
5.18513e-09	1.71661e-15	4.55257e-24	4.88281e-08	5.69429e-08	4.01167e-08	5.54805e-08
3.97601e-09	1.52588e-15	3.67887e-24	3.90625e-08	5.52427e-08	3.84096e-08	5.54805e-08
5.05492e-09	1.62125e-15	4.44359e-24	3.90625e-08	5.69429e-08	3.75561e-08	5.29199e-08
4.01185e-09	8.58307e-16	7.74155e-25	2.92969e-08	4.88281e-08	2.47529e-08	4.43844e-08
5.56042e-09	8.58307e-16	1.70712e-24	2.92969e-08	4.36732e-08	2.38993e-08	4.01167e-08
3.72552e-09	1.23978e-15	2.814e-24	3.90625e-08	4.88281e-08	3.15812e-08	4.5238e-08
6.31908e-09	2.28882e-15	7.13086e-24	4.88281e-08	7.04209e-08	4.09703e-08	6.31625e-08
5.19231e-09	2.00272e-15	5.61022e-24	4.88281e-08	6.17632e-08	4.18238e-08	5.88947e-08
3.59741e-09	8.58307e-16	1.73424e-24	2.92969e-08	4.36732e-08	2.38993e-08	4.01167e-08
4.95559e-09	1.33514e-15	3.40772e-24	3.90625e-08	5.69429e-08	2.90206e-08	5.63341e-08
2.589e-09	9.53674e-17	9.94661e-26	9.76562e-09	1.38107e-08	9.38902e-09	1.45103e-08
5.05329e-09	1.33514e-15	2.68795e-24	3.90625e-08	5.25895e-08	2.98741e-08	4.95057e-08
4.25026e-09	1.52588e-15	3.34916e-24	3.90625e-08	5.25895e-08	3.67025e-08	5.03593e-08
4.35105e-09	1.52588e-15	3.95697e-24	3.90625e-08	5.69429e-08	3.32883e-08	5.29199e-08
4.00653e-09	7.62939e-16	1.45502e-24	2.92969e-08	4.02647e-08	2.30458e-08	4.01167e-08
4.45539e-09	1.43051e-15	3.7768e-24	3.90625e-08	5.25895e-08	3.75561e-08	5.03593e-08
4.39568e-09	1.52588e-15	4.6896e-24	3.90625e-08	5.52427e-08	3.84096e-08	5.54805e-08
4.66554e-09	1.33514e-15	3.83159e-24	3.90625e-08	4.88281e-08	3.84096e-08	4.5238e-08
5.05984e-09	1.33514e-15	3.41812e-24	3.90625e-08	4.88281e-08	3.84096e-08	4.5238e-08
4.92293e-09	1.62125e-15	4.94269e-24	3.90625e-08	5.69429e-08	3.92632e-08	5.54805e-08
3.29801e-09	9.53674e-16	2.19985e-24	1.95312e-08	5.25895e-08	1.96316e-08	5.03593e-08
4.18443e-09	1.43051e-15	3.22354e-24	3.90625e-08	5.25895e-08	3.75561e-08	5.03593e-08
4.79099e-09	1.71661e-15	4.21441e-24	3.90625e-08	5.69429e-08	3.84096e-08	5.29199e-08
4.62981e-09	2.09808e-15	4.66886e-24	3.90625e-08	7.10948e-08	3.32883e-08	6.91373e-08
4.58004e-09	1.62125e-15	4.04669e-24	3.90625e-08	5.69429e-08	3.75561e-08	5.29199e-08
4.94523e-09	1.14441e-15	2.61657e-24	3.90625e-08	4.88281e-08	3.07277e-08	4.86522e-08
3.96572e-09	4.76837e-16	1.11596e-24	1.95312e-08	3.52105e-08	1.96316e-08	3.32883e-08
4.91626e-09	2.09808e-15	5.21373e-24	4.88281e-08	6.25305e-08	4.18238e-08	5.71876e-08
4.88115e-09	1.43051e-15	3.55706e-24	3.90625e-08	5.52427e-08	3.92632e-08	5.54805e-08
5.09149e-09	1.52588e-15	3.89215e-24	3.90625e-08	5.52427e-08	3.92632e-08	5.20664e-08
4.29543e-09	8.58307e-16	1.54847e-24	2.92969e-08	4.88281e-08	2.47529e-08	4.43844e-08
4.22777e-09	9.53674e-16	1.79349e-24	2.92969e-08	4.36732e-08	2.98741e-08	4.09703e-08
4.45099e-09	1.52588e-15	4.20454e-24	3.90625e-08	5.52427e-08	3.84096e-08	5.54805e-08
3.62761e-09	6.67572e-16	1.19964e-24	2.92969e-08	3.52105e-08	2.47529e-08	3.41419e-08
4.51885e-09	1.23978e-15	2.65092e-24	3.90625e-08	4.88281e-08	3.15812e-08	4.5238e-08
4.24737e-09	1.04904e-15	2.04216e-24	3.90625e-08	4.36732e-08	3.15812e-08	4.18238e-08
5.1759e-09	1.62125e-15	3.93851e-24	4.80405e-08	5.69429e-08	3.75561e-08	5.29199e-08
4.5912e-09	1.81198e-15	5.27631e-24	4.88281e-08	5.69429e-08	4.26773e-08	5.37735e-08
4.78894e-09	1.71661e-15	4.34885e-24	4.83374e-08	5.69429e-08	3.75561e-08	5.20664e-08
5.26456e-09	1.23978e-15	2.41676e-24	3.90625e-08	4.88281e-08	3.15812e-08	4.5238e-08
4.95263e-09	1.52588e-15	3.37549e-24	3.90625e-08	5.69429e-08	3.92632e-08	5.4627e-08
4.60816e-09	1.23978e-15	3.02528e-24	3.90625e-08	4.88281e-08	2.98741e-08	4.69451e-08
4.63675e-09	1.33514e-15	3.44753e-24	3.90625e-08	4.88281e-08	3.84096e-08	4.5238e-08
3.74801e-09	1.33514e-15	2.95861e-24	3.90625e-08	4.88281e-08	3.84096e-08	4.5238e-08
4.71793e-09	1.52588e-15	4.05927e-24	3.90625e-08	5.52427e-08	3.84096e-08	5.54805e-08
4.74909e-10	9.53674e-17	-4.50271e-26	9.76562e-09	1.38107e-08	9.38902e-09	1.45103e-08
4.32236e-09	9.53674e-16	1.33039e-24	3.7919e-08	4.88281e-08	2.8167e-08	4.5238e-08
4.58891e-09	1.04904e-15	2.39962e-24	2.92969e-08	4.88281e-08	2.98741e-08	4.69451e-08
4.39517e-09	1.33514e-15	3.42676e-24	3.90625e-08	4.88281e-08	3.84096e-08	4.5238e-08
3.29842e-09	4.76837e-16	3.69436e-25	2.0716e-08	4.1432e-08	1.36568e-08	3.75561e-08
5.25282e-09	1.81198e-15	5.07668e-24	4.83374e-08	5.69429e-08	4.09703e-08	5.37735e-08
6.04541e-09	1.52588e-15	4.41706e-24	4.80405e-08	5.25895e-08	3.67025e-08	5.12128e-08
4.78488e-09	9.53674e-17	9.60848e-26	9.76562e-09	1.38107e-08	9.38902e-09	1.45103e-08
4.72288e-09	7.62939e-16	8.93541e-25	2.92969e-08	4.36732e-08	2.21922e-08	4.18238e-08
4.5685e-09	1.43051e-15	2.85742e-24	3.90625e-08	5.25895e-08	3.75561e-08	5.03593e-08
5.92407e-09	2.38419e-15	6.25758e-24	4.88281e-08	6.55098e-08	4.95057e-08	6.31625e-08
4.37687e-09	7.62939e-16	1.63432e-24	2.92969e-08	4.36732e-08	2.21922e-08	4.18238e-08
4.71631e-09	1.14441e-15	2.7158e-24	3.90625e-08	4.36732e-08	2.8167e-08	4.18238e-08
4.38216e-09	5.72205e-16	1.4746e-24	1.95312e-08	4.02647e-08	1.96316e-08	3.84096e-08
4.26944e-09	1.43051e-15	2.89939e-24	3.90625e-08	5.25895e-08	3.41419e-08	5.03593e-08
5.66588e-09	1.33514e-15	3.20212e-24	3.90625e-08	5.25895e-08	3.41419e-08	5.12128e-08
5.37637e-09	1.43051e-15	4.57747e-24	3.90625e-08	5.52427e-08	3.92632e-08	5.54805e-08
1.25427e-09	9.53674e-17	-1.96175e-26	9.76562e-09	1.38107e-08	9.38902e-09	1.45103e-08
5.28647e-09	1.62125e-15	3.70721e-24	4.1432e-08	6.25305e-08	3.41419e-08	5.80412e-08
4.36656e-09	9.53674e-16	8.62433e-25	2.76214e-08	5.52427e-08	1.96316e-08	5.54805e-08
4.75768e-09	1.71661e-15	4.36917e-24	3.90625e-08	5.69429e-08	3.84096e-08	5.20664e-08
4.62676e-09	1.52588e-15	3.81342e-24	3.90625e-08	5.69429e-08	3.5849e-08	5.29199e-08
4.99746e-09	1.23978e-15	3.31e-24	3.90625e-08	5.52427e-08	2.90206e-08	4.95057e-08
4.44335e-09	9.53674e-16	2.26348e-24	3.45267e-08	4.36732e-08	2.73135e-08	4.09703e-08
4.8093e-09	1.04904e-15	2.62093e-24	3.90625e-08	4.36732e-08	2.90206e-08	4.26773e-08
3.60013e-09	6.67572e-16	9.514e-25	2.92969e-08	3.52105e-08	2.47529e-08	3.41419e-08
5.17303e-09	2.00272e-15	4.65068e-24	4.88281e-08	5.69429e-08	4.18238e-08	5.71876e-08
5.13556e-09	2.28882e-15	5.87147e-24	4.88281e-08	6.55098e-08	4.86522e-08	6.4016e-08
4.7576e-09	1.33514e-15	2.90956e-24	3.90625e-08	5.25895e-08	2.98741e-08	4.95057e-08
5.91865e-09	1.71661e-15	4.32437e-24	4.80405e-08	5.69429e-08	3.32883e-08	5.54805e-08
5.26999e-09	1.52588e-15	4.35647e-24	3.90625e-08	5.25895e-08	3.67025e-08	5.03593e-08
5.10726e-09	1.71661e-15	4.75149e-24	3.90625e-08	5.69429e-08	3.84096e-08	5.20664e-08
3.4917e-09	1.81198e-15	4.12403e-24	4.80405e-08	6.25305e-08	3.84096e-08	6.14554e-08
3.95594e-09	1.71661e-15	3.23653e-24	3.90625e-08	5.69429e-08	3.84096e-08	5.29199e-08
4.35692e-09	1.62125e-15	3.93031e-24	3.90625e-08	5.69429e-08	3.75561e-08	5.29199e-08
4.67921e-09	1.62125e-15	4.03128e-24	3.90625e-08	5.69429e-08	3.75561e-08	5.29199e-08
4.67259e-09	1.52588e-15	4.09321e-24	3.90625e-08	5.52427e-08	3.92632e-08	5.20664e-08
5.2586e-09	2.00272e-15	4.10783e-24	4.88281e-08	6.17632e-08	4.35309e-08	5.88947e-08
4.00099e-09	1.23978e-15	2.58475e-24	3.90625e-08	4.97951e-08	3.32883e-08	4.86522e-08
5.3669e-09	1.62125e-15	4.10022e-24	3.90625e-08	5.69429e-08	3.75561e-08	5.4627e-08
5.49961e-09	1.71661e-15	4.78151e-24	4.88281e-08	5.69429e-08	4.01167e-08	5.54805e-08
4.88949e-09	1.90735e-15	5.73959e-24	4.88281e-08	5.69429e-08	4.5238e-08	5.54805e-08
5.34796e-09	2.09808e-15	5.67253e-24	4.88281e-08	6.25305e-08	4.43844e-08	5.88947e-08
5.22942e-09	1.52588e-15	4.04457e-24	3.90625e-08	5.52427e-08	3.84096e-08	5.54805e-08
3.72154e-09	7.62939e-16	1.62765e-24	2.92969e-08	4.1432e-08	2.8167e-08	4.18238e-08
4.40423e-09	1.52588e-15	3.91246e-24	3.90625e-08	5.69429e-08	3.92632e-08	5.20664e-08
5.68494e-09	1.71661e-15	4.54819e-24	4.83374e-08	5.69429e-08	3.92632e-08	5.29199e-08
4.59705e-09	1.71661e-15	4.94157e-24	3.90625e-08	5.69429e-08	3.84096e-08	5.20664e-08
4.78433e-09	1.43051e-15	3.68141e-24	3.90625e-08	5.52427e-08	3.92632e-08	5.54805e-08
4.86435e-09	1.52588e-15	4.28755e-24	3.90625e-08	5.25895e-08	3.67025e-08	5.03593e-08
3.94142e-09	8.58307e-16	1.71175e-24	2.92969e-08	4.36732e-08	2.38993e-08	4.01167e-08
4.68949e-09	1.23978e-15	2.37481e-24	3.90625e-08	5.25895e-08	2.98741e-08	5.03593e-08
4.31719e-09	4.76837e-16	9.90706e-25	1.95312e-08	3.52105e-08	1.96316e-08	3.32883e-08
4.04901e-09	6.67572e-16	1.26852e-24	2.92969e-08	3.52105e-08	2.47529e-08	3.41419e-08
4.32993e-09	1.33514e-15	3.6184e-24	3.90625e-08	5.52427e-08	2.8167e-08	5.54805e-08
4.05469e-09	1.04904e-15	2.1745e-24	3.90625e-08	4.36732e-08	3.15812e-08	4.18238e-08
4.53571e-09	2.00272e-15	4.96492e-24	4.88281e-08	6.25305e-08	4.43844e-08	5.80412e-08
3.37725e-09	6.67572e-16	1.06596e-24	2.92969e-08	3.52105e-08	2.47529e-08	3.41419e-08
4.52329e-09	8.58307e-16	1.99694e-24	2.92969e-08	4.36732e-08	2.38993e-08	4.01167e-08
4.87588e-09	1.04904e-15	2.16024e-24	3.45267e-08	4.88281e-08	2.47529e-08	4.60915e-08
3.65286e-09	4.76837e-16	8.61042e-25	1.95312e-08	3.52105e-08	1.96316e-08	3.32883e-08
2.81913e-09	1.90735e-16	2.56445e-25	9.76562e-09	2.18366e-08	9.38902e-09	2.13387e-08
5.00832e-09	1.71661e-15	4.97651e-24	3.90625e-08	5.69429e-08	3.84096e-08	5.29199e-08
4.55688e-09	1.33514e-15	3.47781e-24	3.90625e-08	4.88281e-08	3.84096e-08	4.5238e-08
4.47519e-09	1.33514e-15	3.07118e-24	3.90625e-08	4.88281e-08	3.84096e-08	4.5238e-08
4.45202e-09	1.33514e-15	3.61373e-24	3.90625e-08	4.88281e-08	3.84096e-08	4.5238e-08
4.13363e-09	1.71661e-15	3.92398e-24	3.90625e-08	6.25305e-08	3.67025e-08	5.97483e-08
4.81657e-09	8.58307e-16	1.8643e-24	2.92969e-08	4.36732e-08	2.38993e-08	4.01167e-08
4.70843e-09	1.62125e-15	4.15556e-24	3.90625e-08	5.69429e-08	3.75561e-08	5.29199e-08
4.3624e-09	1.62125e-15	3.00518e-24	4.83374e-08	5.25895e-08	3.75561e-08	5.03593e-08
3.94859e-09	8.58307e-16	2.06702e-24	2.92969e-08	4.1432e-08	2.98741e-08	4.18238e-08
4.67e-09	1.04904e-15	2.77734e-24	2.92969e-08	4.88281e-08	2.98741e-08	4.69451e-08
3.99835e-09	5.72205e-16	6.95327e-25	2.76214e-08	4.1432e-08	1.96316e-08	3.49954e-08
4.55272e-09	1.04904e-15	2.44661e-24	2.92969e-08	4.88281e-08	2.98741e-08	4.69451e-08
5.0427e-09	1.23978e-15	2.94654e-24	3.90625e-08	4.88281e-08	3.15812e-08	4.5238e-08
4.98776e-09	2.00272e-15	5.0882e-24	4.88281e-08	6.25305e-08	4.18238e-08	5.80412e-08
5.46993e-09	1.71661e-15	3.9529e-24	3.90625e-08	6.17632e-08	3.92632e-08	6.06018e-08
5.30392e-09	2.09808e-15	5.17789e-24	4.88281e-08	6.55098e-08	3.75561e-08	6.31625e-08
4.98445e-09	1.52588e-15	3.67552e-24	4.80405e-08	5.25895e-08	3.67025e-08	5.12128e-08
4.39678e-09	1.33514e-15	3.00895e-24	3.90625e-08	4.88281e-08	3.84096e-08	4.5238e-08
5.1646e-09	1.04904e-15	2.201e-24	2.92969e-08	4.88281e-08	2.98741e-08	4.69451e-08
6.12024e-09	1.52588e-15	4.30754e-24	3.90625e-08	5.25895e-08	3.67025e-08	5.03593e-08
4.92716e-09	1.62125e-15	4.32293e-24	3.90625e-08	5.69429e-08	3.32883e-08	5.29199e-08
4.61562e-09	2.00272e-15	4.95284e-24	4.83374e-08	6.25305e-08	3.75561e-08	6.14554e-08
4.07154e-09	1.33514e-15	2.82821e-24	3.90625e-08	5.25895e-08	3.32883e-08	5.03593e-08
5.35205e-09	1.33514e-15	3.5616e-24	3.90625e-08	4.88281e-08	3.84096e-08	4.5238e-08
3.91477e-09	8.58307e-16	1.92781e-24	2.92969e-08	4.36732e-08	2.38993e-08	4.01167e-08
5.07199e-09	2.09808e-15	5.28787e-24	4.88281e-08	6.25305e-08	4.18238e-08	5.71876e-08
4.8106e-09	1.43051e-15	3.32389e-24	3.90625e-08	5.52427e-08	3.92632e-08	5.54805e-08
4.63834e-09	1.52588e-15	4.43822e-24	3.90625e-08	5.52427e-08	3.84096e-08	5.54805e-08
4.20685e-09	1.14441e-15	2.21487e-24	3.90625e-08	4.36732e-08	2.8167e-08	4.18238e-08
4.09917e-09	1.43051e-15	3.18865e-24	3.90625e-08	5.52427e-08	3.92632e-08	5.54805e-08
5.82316e-09	2.38419e-15	5.55139e-24	4.88281e-08	6.55098e-08	4.86522e-08	6.31625e-08
4.03256e-09	1.71661e-15	3.98924e-24	4.80405e-08	5.69429e-08	3.92632e-08	5.29199e-08
4.68828e-09	1.52588e-15	3.41217e-24	3.90625e-08	5.25895e-08	3.67025e-08	5.03593e-08
5.0892e-09	1.52588e-15	3.92094e-24	3.90625e-08	5.69429e-08	3.32883e-08	5.29199e-08
4.01955e-09	9.53674e-16	1.50306e-24	3.45267e-08	4.36732e-08	2.73135e-08	4.09703e-08
4.70006e-09	8.58307e-16	1.85361e-24	2.92969e-08	4.36732e-08	2.38993e-08	4.01167e-08
4.32383e-09	1.52588e-15	3.82542e-24	3.90625e-08	5.69429e-08	3.92632e-08	5.4627e-08
4.40622e-09	1.71661e-15	4.46409e-24	3.90625e-08	6.55098e-08	3.07277e-08	6.31625e-08
5.19549e-09	1.71661e-15	4.25996e-24	4.88281e-08	5.69429e-08	3.92632e-08	5.63341e-08
3.56918e-09	4.76837e-16	5.22026e-25	2.0716e-08	4.1432e-08	1.36568e-08	3.75561e-08
4.62865e-09	1.71661e-15	4.4245e-24	4.83374e-08	5.69429e-08	3.92632e-08	5.29199e-08
5.74223e-09	2.19345e-15	5.85276e-24	4.88281e-08	6.55098e-08	4.5238e-08	6.31625e-08
-2.71194e-10	9.53674e-17	-6.72406e-26	9.76562e-09	1.38107e-08	9.38902e-09	1.45103e-08
5.54461e-09	1.71661e-15	4.00836e-24	3.90625e-08	5.69429e-08	3.84096e-08	5.29199e-08
4.90359e-09	7.62939e-16	1.64792e-24	2.92969e-08	4.1432e-08	2.8167e-08	4.18238e-08
1.24862e-09	9.53674e-17	2.83467e-27	9.76562e-09	1.38107e-08	9.38902e-09	1.45103e-08
4.72246e-09	1.33514e-15	3.0182e-24	3.90625e-08	5.69429e-08	3.32883e-08	5.63341e-08
2.59437e-09	9.53674e-17	2.23419e-26	9.76562e-09	1.38107e-08	9.38902e-09	1.45103e-08
4.23138e-09	3.8147e-16	3.09907e-25	1.95312e-08	3.08816e-08	1.96316e-08	2.98741e-08
4.86267e-09	1.43051e-15	2.95165e-24	3.90625e-08	5.69429e-08	3.15812e-08	5.4627e-08
5.19544e-09	1.81198e-15	4.50193e-24	4.83374e-08	5.69429e-08	4.09703e-08	5.37735e-08
3.64872e-09	6.67572e-16	1.26282e-24	2.92969e-08	3.52105e-08	2.47529e-08	3.41419e-08
5.02089e-09	1.23978e-15	3.4309e-24	2.92969e-08	5.25895e-08	2.98741e-08	4.95057e-08
6.04424e-09	1.62125e-15	4.94948e-24	3.90625e-08	5.69429e-08	3.75561e-08	5.29199e-08
3.90621e-09	1.04904e-15	2.14648e-24	3.90625e-08	4.36732e-08	3.15812e-08	4.18238e-08
3.24024e-09	9.53674e-17	4.93327e-26	9.76562e-09	1.38107e-08	9.38902e-09	1.45103e-08
3.96469e-09	6.67572e-16	7.66403e-25	2.76214e-08	4.36732e-08	1.96316e-08	4.26773e-08
5.37484e-09	8.58307e-16	2.10762e-24	2.92969e-08	4.1432e-08	2.98741e-08	4.18238e-08
4.1234e-09	1.14441e-15	2.67187e-24	2.92969e-08	4.88281e-08	2.98741e-08	4.86522e-08
4.23708e-09	7.62939e-16	1.5023e-24	2.92969e-08	4.36732e-08	2.21922e-08	4.18238e-08
3.89455e-09	8.58307e-16	1.79538e-24	2.92969e-08	4.36732e-08	2.38993e-08	4.01167e-08
4.33853e-09	1.71661e-15	3.77787e-24	3.90625e-08	5.69429e-08	3.84096e-08	5.20664e-08
3.99587e-09	7.62939e-16	1.06934e-24	2.76214e-08	4.88281e-08	2.04851e-08	4.5238e-08
4.11655e-09	1.04904e-15	2.42816e-24	2.92969e-08	4.88281e-08	2.98741e-08	4.69451e-08
3.76204e-09	6.67572e-16	1.85884e-24	1.95312e-08	4.36732e-08	1.96316e-08	4.26773e-08
5.63558e-09	1.81198e-15	4.57942e-24	4.88281e-08	5.69429e-08	4.09703e-08	5.4627e-08
4.3033e-09	1.90735e-15	4.40021e-24	4.88281e-08	5.69429e-08	4.09703e-08	5.54805e-08
4.33875e-09	1.62125e-15	3.94928e-24	3.90625e-08	5.69429e-08	3.75561e-08	5.29199e-08
5.72963e-09	2.00272e-15	4.27857e-24	4.88281e-08	6.17632e-08	4.35309e-08	5.88947e-08
5.12295e-09	1.33514e-15	2.89945e-24	3.90625e-08	5.25895e-08	3.41419e-08	5.12128e-08
4.27632e-09	1.52588e-15	3.62541e-24	3.90625e-08	5.69429e-08	3.32883e-08	5.29199e-08
4.30789e-10	9.53674e-17	-2.69785e-26	9.76562e-09	1.38107e-08	9.38902e-09	1.45103e-08
5.93265e-09	2.09808e-15	5.49212e-24	4.88281e-08	6.25305e-08	4.18238e-08	5.71876e-08
4.9558e-09	2.28882e-15	6.60869e-24	4.88281e-08	6.55098e-08	4.86522e-08	6.4016e-08
4.77581e-09	1.52588e-15	3.79946e-24	3.90625e-08	5.52427e-08	3.84096e-08	5.54805e-08
5.39937e-09	1.71661e-15	5.03751e-24	4.83374e-08	5.69429e-08	3.92632e-08	5.29199e-08
3.99466e-09	9.53674e-16	1.60428e-24	3.70579e-08	4.88281e-08	2.73135e-08	4.77986e-08
4.71261e-09	1.14441e-15	3.11415e-24	2.92969e-08	4.88281e-08	2.98741e-08	4.86522e-08
4.14688e-09	1.33514e-15	2.15398e-24	3.90625e-08	5.25895e-08	3.41419e-08	5.12128e-08
4.73296e-09	1.52588e-15	3.1076e-24	4.80405e-08	5.25895e-08	3.67025e-08	5.12128e-08
5.24203e-09	1.52588e-15	4.3164e-24	3.90625e-08	5.25895e-08	3.67025e-08	5.03593e-08
4.50843e-09	9.53674e-16	2.18295e-24	2.92969e-08	4.36732e-08	2.90206e-08	4.01167e-08
3.91439e-09	9.53674e-16	1.94491e-24	2.92969e-08	4.36732e-08	2.98741e-08	4.09703e-08
4.74554e-09	1.71661e-15	3.53222e-24	4.83374e-08	5.69429e-08	3.92632e-08	5.29199e-08
5.00905e-09	2.00272e-15	5.50675e-24	4.88281e-08	5.69429e-08	4.18238e-08	5.71876e-08
4.8961e-09	1.71661e-15	3.99765e-24	3.90625e-08	5.69429e-08	3.84096e-08	5.29199e-08
4.04483e-09	1.04904e-15	1.47031e-24	3.45267e-08	4.88281e-08	2.47529e-08	4.60915e-08
5.42276e-09	1.33514e-15	2.72886e-24	3.90625e-08	5.25895e-08	3.41419e-08	5.12128e-08
2.97405e-09	9.53674e-17	7.94252e-26	9.76562e-09	1.38107e-08	9.38902e-09	1.45103e-08
5.18666e-09	2.00272e-15	5.49651e-24	4.88281e-08	6.17632e-08	4.35309e-08	5.88947e-08
4.6058e-09	1.23978e-15	2.92899e-24	3.90625e-08	4.88281e-08	2.98741e-08	4.69451e-08
4.38663e-09	1.23978e-15	3.08467e-24	3.90625e-08	4.88281e-08	2.98741e-08	4.69451e-08
3.21789e-09	8.58307e-16	1.71577e-24	2.92969e-08	4.36732e-08	2.38993e-08	4.01167e-08
5.83798e-09	2.19345e-15	6.6724e-24	4.88281e-08	6.25305e-08	4.26773e-08	6.14554e-08
4.48297e-09	1.43051e-15	3.22737e-24	3.90625e-08	5.69429e-08	3.15812e-08	5.4627e-08
5.05492e-09	1.71661e-15	4.16026e-24	3.90625e-08	5.69429e-08	3.84096e-08	5.20664e-08
5.18214e-09	1.43051e-15	3.96861e-24	3.90625e-08	5.52427e-08	3.92632e-08	5.54805e-08
4.41697e-09	1.23978e-15	2.37096e-24	3.90625e-08	4.88281e-08	3.15812e-08	4.5238e-08
3.99356e-09	6.67572e-16	7.92211e-25	2.76214e-08	4.36732e-08	1.96316e-08	4.26773e-08
5.19167e-09	1.71661e-15	4.08555e-24	4.83374e-08	5.69429e-08	3.92632e-08	5.29199e-08
4.80199e-09	2.76566e-15	5.3781e-24	6.05469e-08	7.8733e-08	4.18238e-08	7.42586e-08
5.04149e-09	2.00272e-15	5.17606e-24	4.88281e-08	6.25305e-08	4.26773e-08	6.14554e-08
5.307e-09	2.28882e-15	5.82114e-24	4.88281e-08	6.55098e-08	4.86522e-08	6.4016e-08
4.571e-09	1.81198e-15	4.0118e-24	4.83374e-08	5.69429e-08	4.09703e-08	5.37735e-08
4.95446e-09	1.62125e-15	4.54888e-24	3.90625e-08	5.69429e-08	3.75561e-08	5.29199e-08
5.67929e-09	1.04904e-15	2.73904e-24	2.92969e-08	4.97951e-08	2.98741e-08	4.86522e-08
4.93608e-09	1.14441e-15	2.0836e-24	3.90625e-08	4.88281e-08	3.07277e-08	4.86522e-08
4.58784e-09	7.62939e-16	1.88031e-24	2.92969e-08	4.1432e-08	2.8167e-08	4.18238e-08
4.94634e-09	1.33514e-15	2.78321e-24	3.90625e-08	5.25895e-08	3.41419e-08	5.12128e-08
4.63964e-09	1.71661e-15	4.16812e-24	4.83374e-08	5.69429e-08	3.92632e-08	5.54805e-08
4.50659e-09	9.53674e-16	2.27675e-24	2.92969e-08	4.36732e-08	2.90206e-08	4.01167e-08
6.63561e-09	1.71661e-15	5.27154e-24	3.90625e-08	5.69429e-08	3.84096e-08	5.20664e-08
5.27882e-09	1.62125e-15	4.64284e-24	3.90625e-08	5.69429e-08	3.75561e-08	5.29199e-08
5.37554e-09	2.28882e-15	5.60071e-24	4.88281e-08	6.55098e-08	4.86522e-08	6.4016e-08
3.65807e-09	1.04904e-15	2.25845e-24	2.92969e-08	4.88281e-08	2.98741e-08	4.69451e-08
4.95967e-09	1.62125e-15	4.44096e-24	3.90625e-08	5.69429e-08	3.75561e-08	5.29199e-08
5.7877e-09	1.71661e-15	3.56253e-24	4.83374e-08	5.69429e-08	3.92632e-08	5.29199e-08
4.17643e-09	1.43051e-15	2.97283e-24	3.90625e-08	5.25895e-08	3.75561e-08	5.03593e-08
3.91764e-09	1.33514e-15	2.76567e-24	3.90625e-08	4.88281e-08	3.84096e-08	4.5238e-08
3.91687e-09	8.58307e-16	1.37973e-24	2.92969e-08	4.36732e-08	2.04851e-08	4.26773e-08
4.03251e-09	1.52588e-15	2.9258e-24	4.80405e-08	5.25895e-08	3.67025e-08	5.12128e-08
4.49907e-09	9.53674e-16	1.82104e-24	3.45267e-08	4.36732e-08	2.73135e-08	4.09703e-08
4.94994e-09	1.33514e-15	3.3728e-24	3.90625e-08	5.52427e-08	2.8167e-08	5.54805e-08
4.84169e-09	1.71661e-15	4.73009e-24	3.90625e-08	5.69429e-08	3.84096e-08	5.20664e-08
4.49924e-09	1.04904e-15	2.63014e-24	2.92969e-08	4.88281e-08	2.98741e-08	4.69451e-08
5.33876e-09	1.23978e-15	2.21709e-24	3.45267e-08	5.69429e-08	2.47529e-08	5.37735e-08
4.88133e-09	2.19345e-15	5.68324e-24	4.88281e-08	6.55098e-08	4.26773e-08	6.31625e-08
3.95362e-09	9.53674e-16	1.41862e-24	3.45267e-08	4.88281e-08	2.8167e-08	4.77986e-08
4.18468e-09	8.58307e-16	9.90835e-25	2.92969e-08	4.88281e-08	2.47529e-08	4.43844e-08
4.00506e-09	1.52588e-15	3.65619e-24	3.90625e-08	5.52427e-08	3.92632e-08	5.20664e-08
5.52616e-09	2.00272e-15	5.19319e-24	4.88281e-08	5.69429e-08	4.18238e-08	5.71876e-08
4.93299e-09	2.38419e-15	6.80895e-24	4.88281e-08	6.55098e-08	4.86522e-08	6.31625e-08
4.89597e-09	1.90735e-15	4.58399e-24	3.90625e-08	7.04209e-08	3.92632e-08	6.82838e-08
4.67927e-09	1.14441e-15	2.15475e-24	2.92969e-08	5.25895e-08	2.98741e-08	4.86522e-08
4.96341e-09	5.72205e-16	1.39011e-24	1.95312e-08	4.02647e-08	1.96316e-08	3.84096e-08
3.67697e-09	1.04904e-15	1.93117e-24	3.90625e-08	4.36732e-08	3.15812e-08	4.18238e-08
5.04127e-09	1.52588e-15	4.05387e-24	3.90625e-08	5.25895e-08	3.67025e-08	5.03593e-08
5.21861e-09	2.00272e-15	5.38772e-24	4.80405e-08	6.55098e-08	3.92632e-08	6.14554e-08
4.31991e-09	6.67572e-16	8.20274e-25	2.76214e-08	4.36732e-08	1.96316e-08	4.26773e-08
4.60967e-09	1.52588e-15	4.4344e-24	3.90625e-08	5.52427e-08	3.84096e-08	5.54805e-08
3.7888e-09	7.62939e-16	1.56523e-24	2.92969e-08	4.1432e-08	2.8167e-08	4.18238e-08
4.53122e-09	1.62125e-15	3.98736e-24	3.90625e-08	5.69429e-08	3.75561e-08	5.29199e-08
5.00491e-09	1.81198e-15	5.18983e-24	4.88281e-08	5.69429e-08	3.92632e-08	5.54805e-08
5.13134e-09	2.00272e-15	4.81407e-24	4.88281e-08	6.25305e-08	4.18238e-08	5.80412e-08
3.75239e-09	1.33514e-15	2.43612e-24	3.90625e-08	4.88281e-08	3.84096e-08	4.5238e-08
4.77444e-09	1.52588e-15	3.47499e-24	4.80405e-08	5.69429e-08	3.32883e-08	5.29199e-08
4.72652e-09	1.23978e-15	2.99584e-24	3.90625e-08	4.97951e-08	3.32883e-08	4.86522e-08
6.08662e-09	1.81198e-15	4.8659e-24	4.83374e-08	5.69429e-08	4.09703e-08	5.37735e-08
4.27565e-09	1.04904e-15	2.40275e-24	3.90625e-08	4.36732e-08	3.15812e-08	4.18238e-08
4.30814e-09	5.72205e-16	5.32298e-25	2.92969e-08	3.52105e-08	1.96316e-08	3.41419e-08
5.69344e-09	1.43051e-15	4.20701e-24	2.92969e-08	5.69429e-08	2.98741e-08	5.71876e-08
4.0025e-09	1.23978e-15	2.79096e-24	3.90625e-08	4.88281e-08	3.15812e-08	4.5238e-08
4.54702e-09	1.62125e-15	3.86184e-24	3.90625e-08	5.69429e-08	3.75561e-08	5.29199e-08
5.35305e-09	2.09808e-15	6.06661e-24	4.88281e-08	6.25305e-08	4.18238e-08	5.71876e-08
5.37019e-09	2.00272e-15	5.51071e-24	4.88281e-08	6.25305e-08	4.43844e-08	5.80412e-08
5.36575e-09	1.90735e-15	5.73154e-24	4.88281e-08	5.69429e-08	4.09703e-08	5.54805e-08
4.63952e-09	2.09808e-15	5.92049e-24	3.90625e-08	7.04209e-08	3.84096e-08	6.74302e-08
4.30707e-09	1.43051e-15	3.45708e-24	3.90625e-08	5.25895e-08	3.75561e-08	5.03593e-08
4.27536e-09	1.43051e-15	3.3711e-24	3.90625e-08	5.25895e-08	3.75561e-08	5.03593e-08
4.73001e-09	1.71661e-15	3.80092e-24	3.90625e-08	6.17632e-08	3.92632e-08	6.06018e-08
4.79167e-09	1.33514e-15	3.26522e-24	3.90625e-08	4.88281e-08	3.84096e-08	4.5238e-08
4.5857e-09	1.43051e-15	3.23793e-24	4.80405e-08	5.25895e-08	3.41419e-08	4.86522e-08
4.76841e-09	1.43051e-15	3.68111e-24	3.90625e-08	5.25895e-08	3.75561e-08	5.03593e-08
3.77373e-09	1.04904e-15	1.38861e-24	3.45267e-08	4.88281e-08	2.47529e-08	4.60915e-08
3.87721e-09	1.23978e-15	2.73038e-24	3.90625e-08	4.88281e-08	3.15812e-08	4.5238e-08
6.06527e-09	1.71661e-15	4.36068e-24	4.83374e-08	5.69429e-08	3.92632e-08	5.29199e-08
5.28361e-09	2.38419e-15	6.26597e-24	4.88281e-08	6.55098e-08	4.95057e-08	6.31625e-08
4.16474e-09	1.52588e-15	3.65797e-24	3.90625e-08	5.69429e-08	3.32883e-08	5.63341e-08
4.32133e-09	1.33514e-15	3.40874e-24	2.92969e-08	5.9402e-08	2.98741e-08	5.88947e-08
4.85932e-09	1.52588e-15	3.92172e-24	3.90625e-08	5.25895e-08	3.67025e-08	5.03593e-08
4.6452e-09	2.86102e-15	6.93196e-24	4.88281e-08	8.05294e-08	4.18238e-08	7.76728e-08
6.08842e-09	2.09808e-15	6.03131e-24	4.88281e-08	6.25305e-08	4.18238e-08	5.71876e-08
5.4266e-09	1.43051e-15	3.77227e-24	3.90625e-08	5.52427e-08	3.92632e-08	5.54805e-08
4.25099e-09	1.52588e-15	3.46855e-24	3.90625e-08	5.52427e-08	3.92632e-08	5.20664e-08
3.26522e-09	6.67572e-16	1.32956e-24	2.92969e-08	3.52105e-08	2.47529e-08	3.41419e-08
4.97006e-09	2.00272e-15	5.00715e-24	4.88281e-08	5.69429e-08	4.18238e-08	5.71876e-08
4.1402e-09	1.71661e-15	4.51818e-24	3.90625e-08	5.69429e-08	3.84096e-08	5.20664e-08
5.79343e-09	1.33514e-15	4.03814e-24	3.90625e-08	4.88281e-08	3.84096e-08	4.5238e-08
4.31577e-09	7.62939e-16	1.56803e-24	2.92969e-08	4.1432e-08	2.8167e-08	4.18238e-08
3.59536e-09	5.72205e-16	1.04864e-24	1.95312e-08	4.02647e-08	1.96316e-08	3.84096e-08
4.057e-09	2.19345e-15	5.16623e-24	4.83374e-08	7.04209e-08	3.84096e-08	6.48696e-08
4.7752e-09	1.43051e-15	3.39507e-24	4.80405e-08	5.25895e-08	3.41419e-08	4.86522e-08
4.39311e-09	8.58307e-16	1.30082e-24	2.92969e-08	4.88281e-08	2.47529e-08	4.43844e-08
4.72759e-09	1.33514e-15	3.3667e-24	3.90625e-08	4.88281e-08	3.84096e-08	4.5238e-08
3.73826e-09	8.58307e-16	1.92865e-24	2.92969e-08	4.1432e-08	2.98741e-08	4.18238e-08
5.38994e-09	1.62125e-15	4.06675e-24	3.90625e-08	5.69429e-08	3.92632e-08	5.29199e-08
3.67045e-09	6.67572e-16	1.34261e-24	2.92969e-08	3.52105e-08	2.47529e-08	3.41419e-08
3.52341e-09	1.43051e-15	3.12051e-24	3.90625e-08	5.69429e-08	3.32883e-08	5.37735e-08
5.03481e-09	2.09808e-15	5.85498e-24	4.88281e-08	6.25305e-08	4.18238e-08	5.71876e-08
5.49377e-09	1.43051e-15	3.33282e-24	3.90625e-08	5.25895e-08	3.75561e-08	5.03593e-08
6.15826e-09	2.00272e-15	6.28559e-24	4.88281e-08	5.69429e-08	4.18238e-08	5.71876e-08
4.13003e-09	9.53674e-16	1.93658e-24	3.45267e-08	4.36732e-08	2.73135e-08	4.09703e-08
1.57012e-09	9.53674e-17	4.78533e-26	9.76562e-09	1.38107e-08	9.38902e-09	1.45103e-08
4.52266e-09	1.33514e-15	3.67188e-24	3.90625e-08	4.88281e-08	3.84096e-08	4.5238e-08
5.12121e-09	1.62125e-15	4.73506e-24	3.90625e-08	5.69429e-08	3.75561e-08	5.29199e-08
3.85127e-09	1.14441e-15	2.43699e-24	3.90625e-08	4.88281e-08	3.07277e-08	4.5238e-08
3.70192e-09	9.53674e-16	1.36681e-24	3.45267e-08	4.36732e-08	2.73135e-08	4.09703e-08
4.99588e-09	1.71661e-15	4.66248e-24	3.90625e-08	5.69429e-08	3.84096e-08	5.29199e-08
5.82855e-09	1.71661e-15	4.60202e-24	4.83374e-08	5.69429e-08	3.92632e-08	5.29199e-08
2.10126e-09	9.53674e-17	4.96105e-26	9.76562e-09	1.38107e-08	9.38902e-09	1.45103e-08
5.79521e-09	8.58307e-16	2.14303e-24	2.92969e-08	4.36732e-08	2.38993e-08	4.01167e-08
4.11071e-09	1.33514e-15	2.81007e-24	3.90625e-08	4.88281e-08	3.84096e-08	4.5238e-08
4.76253e-09	1.43051e-15	3.8134e-24	3.90625e-08	5.52427e-08	3.92632e-08	5.54805e-08
3.05852e-09	2.86102e-16	3.21789e-25	1.95312e-08	2.76214e-08	1.36568e-08	2.47529e-08
6.54251e-09	2.19345e-15	6.66849e-24	4.88281e-08	6.25305e-08	4.86522e-08	5.80412e-08
4.87765e-09	1.62125e-15	4.18606e-24	3.90625e-08	5.69429e-08	3.92632e-08	5.54805e-08
4.85304e-09	1.23978e-15	3.06528e-24	3.90625e-08	4.88281e-08	3.15812e-08	4.5238e-08
6.44619e-09	1.81198e-15	5.16195e-24	4.88281e-08	5.69429e-08	3.92632e-08	5.54805e-08
2.64192e-09	9.53674e-17	6.4934e-26	9.76562e-09	1.38107e-08	9.38902e-09	1.45103e-08
4.98573e-09	1.04904e-15	2.3959e-24	2.92969e-08	4.88281e-08	2.98741e-08	4.69451e-08
4.45881e-09	1.81198e-15	3.84284e-24	3.90625e-08	6.55098e-08	2.98741e-08	6.31625e-08
4.25885e-09	1.43051e-15	3.04896e-24	3.90625e-08	5.25895e-08	3.41419e-08	5.03593e-08
4.16716e-09	8.58307e-16	2.20937e-24	2.92969e-08	4.1432e-08	2.98741e-08	4.18238e-08
5.17122e-09	1.90735e-15	4.85342e-24	3.90625e-08	6.25305e-08	3.92632e-08	6.06018e-08
4.74236e-09	1.04904e-15	2.5471e-24	2.92969e-08	4.88281e-08	2.98741e-08	4.69451e-08
3.88619e-09	1.14441e-15	2.12609e-24	2.92969e-08	5.69429e-08	2.98741e-08	5.54805e-08
-2.3407e-10	9.53674e-17	-6.8736e-26	9.76562e-09	1.38107e-08	9.38902e-09	1.45103e-08
5.83087e-09	1.81198e-15	4.62538e-24	4.83374e-08	5.69429e-08	4.09703e-08	5.37735e-08
4.31517e-09	1.23978e-15	2.63e-24	3.90625e-08	4.88281e-08	3.15812e-08	4.5238e-08
5.229e-09	1.14441e-15	2.56647e-24	3.90625e-08	4.88281e-08	3.07277e-08	4.5238e-08
4.94576e-09	1.52588e-15	3.65202e-24	3.90625e-08	5.25895e-08	3.67025e-08	5.03593e-08
4.05888e-09	9.53674e-16	1.74802e-24	2.92969e-08	4.88281e-08	2.30458e-08	4.86522e-08
3.52482e-09	8.58307e-16	1.91993e-24	2.92969e-08	4.1432e-08	2.98741e-08	4.18238e-08
4.88893e-09	1.81198e-15	4.54428e-24	3.90625e-08	6.17632e-08	3.92632e-08	6.06018e-08
4.38302e-09	1.14441e-15	2.53977e-24	3.90625e-08	4.88281e-08	3.07277e-08	4.5238e-08
4.06316e-09	1.52588e-15	3.00538e-24	4.80405e-08	5.25895e-08	3.67025e-08	5.12128e-08
2.86484e-09	6.67572e-16	5.44243e-25	2.76214e-08	4.88281e-08	1.96316e-08	4.69451e-08
1.74431e-09	9.53674e-17	-1.22622e-26	9.76562e-09	1.38107e-08	9.38902e-09	1.45103e-08
4.54623e-09	2.00272e-15	4.61132e-24	4.88281e-08	5.69429e-08	4.18238e-08	5.71876e-08
4.39989e-09	1.23978e-15	2.68602e-24	3.90625e-08	4.88281e-08	3.15812e-08	4.5238e-08
4.73357e-09	1.90735e-15	4.52665e-24	3.90625e-08	6.25305e-08	3.92632e-08	6.06018e-08
3.69558e-09	8.58307e-16	1.3985e-24	2.92969e-08	4.88281e-08	2.47529e-08	4.43844e-08
4.9391e-09	1.62125e-15	4.42396e-24	3.90625e-08	5.69429e-08	3.75561e-08	5.29199e-08
4.64182e-09	1.04904e-15	2.50187e-24	3.90625e-08	4.36732e-08	3.15812e-08	4.18238e-08
4.70219e-09	9.53674e-16	1.09523e-24	2.92969e-08	5.25895e-08	2.73135e-08	5.12128e-08
4.15527e-09	1.23978e-15	2.91638e-24	3.90625e-08	4.88281e-08	3.15812e-08	4.5238e-08
4.95483e-09	1.43051e-15	3.16743e-24	3.90625e-08	5.25895e-08	3.75561e-08	5.03593e-08
5.2897e-09	1.71661e-15	4.71041e-24	4.83374e-08	5.69429e-08	3.92632e-08	5.29199e-08
5.3123e-09	2.00272e-15	5.73683e-24	4.88281e-08	5.69429e-08	4.18238e-08	5.71876e-08
4.95026e-09	1.04904e-15	2.58267e-24	2.92969e-08	4.88281e-08	2.98741e-08	4.69451e-08
3.61981e-09	6.67572e-16	1.21362e-24	2.76214e-08	4.1432e-08	1.45103e-08	4.18238e-08
3.23968e-09	6.67572e-16	6.20442e-25	2.76214e-08	4.36732e-08	1.96316e-08	4.26773e-08
5.15515e-09	2.00272e-15	5.2217e-24	4.88281e-08	5.69429e-08	4.18238e-08	5.71876e-08
5.1743e-09	1.62125e-15	3.97406e-24	3.90625e-08	5.69429e-08	3.75561e-08	5.29199e-08
4.60237e-09	1.04904e-15	2.25334e-24	3.90625e-08	4.36732e-08	3.15812e-08	4.18238e-08
4.05137e-09	8.58307e-16	1.83684e-24	2.92969e-08	4.36732e-08	2.38993e-08	4.01167e-08
5.6187e-09	1.71661e-15	4.78423e-24	3.90625e-08	5.69429e-08	3.84096e-08	5.20664e-08
5.62786e-09	1.33514e-15	3.15054e-24	3.90625e-08	5.25895e-08	3.41419e-08	5.12128e-08
5.86362e-09	1.81198e-15	5.31342e-24	4.88281e-08	5.69429e-08	4.09703e-08	5.4627e-08
5.8276e-09	1.23978e-15	3.14979e-24	3.90625e-08	4.88281e-08	2.98741e-08	4.69451e-08
4.55296e-09	1.43051e-15	3.30757e-24	3.90625e-08	5.25895e-08	3.75561e-08	5.03593e-08
4.68263e-09	1.43051e-15	3.71988e-24	3.90625e-08	5.52427e-08	3.92632e-08	5.54805e-08
4.7379e-09	1.62125e-15	3.23099e-24	3.90625e-08	5.69429e-08	3.75561e-08	5.29199e-08
3.66492e-09	2.86102e-16	6.63906e-25	9.76562e-09	3.08816e-08	9.38902e-09	2.98741e-08
3.97508e-09	1.52588e-15	3.22641e-24	3.90625e-08	5.52427e-08	3.92632e-08	5.20664e-08
3.37988e-09	3.8147e-16	3.98514e-25	1.95312e-08	2.76214e-08	1.96316e-08	2.8167e-08
4.98365e-09	2.47955e-15	6.28125e-24	5.67752e-08	6.55098e-08	4.69451e-08	6.31625e-08
5.48111e-09	2.00272e-15	5.52514e-24	4.88281e-08	6.25305e-08	4.43844e-08	5.80412e-08
4.84032e-09	7.62939e-16	8.82441e-25	2.76214e-08	4.36732e-08	1.96316e-08	4.18238e-08
4.79627e-09	1.04904e-15	2.38684e-24	3.49386e-08	4.88281e-08	2.04851e-08	4.5238e-08
6.02827e-09	1.62125e-15	3.77512e-24	3.90625e-08	5.69429e-08	3.75561e-08	5.29199e-08
5.17283e-09	2.19345e-15	5.89779e-24	4.88281e-08	6.25305e-08	4.86522e-08	5.80412e-08
5.54541e-09	1.71661e-15	3.67516e-24	4.83374e-08	5.69429e-08	3.92632e-08	5.29199e-08
5.14672e-09	1.23978e-15	3.12647e-24	3.90625e-08	4.88281e-08	3.15812e-08	4.5238e-08
4.94245e-09	1.43051e-15	4.04297e-24	3.90625e-08	5.25895e-08	3.75561e-08	5.03593e-08
5.55591e-09	1.81198e-15	4.57554e-24	4.88281e-08	5.69429e-08	4.09703e-08	5.4627e-08
4.65915e-09	2.00272e-15	5.1827e-24	4.88281e-08	5.69429e-08	4.18238e-08	5.71876e-08
4.25259e-09	1.62125e-15	4.05704e-24	3.90625e-08	5.69429e-08	3.75561e-08	5.29199e-08
5.6892e-09	1.71661e-15	4.97453e-24	3.90625e-08	6.25305e-08	3.67025e-08	6.23089e-08
4.796e-09	1.62125e-15	3.93575e-24	3.90625e-08	5.69429e-08	3.75561e-08	5.29199e-08
6.35025e-09	2.00272e-15	5.19985e-24	4.88281e-08	6.25305e-08	4.18238e-08	5.80412e-08
4.56715e-09	1.14441e-15	2.22904e-24	3.90625e-08	4.88281e-08	3.07277e-08	4.86522e-08
5.34597e-09	1.71661e-15	4.27918e-24	4.83374e-08	5.69429e-08	3.92632e-08	5.29199e-08
4.59905e-09	1.52588e-15	3.97848e-24	3.90625e-08	5.25895e-08	3.67025e-08	5.03593e-08
5.17419e-09	1.33514e-15	3.67027e-24	3.90625e-08	4.88281e-08	3.84096e-08	4.5238e-08
5.67143e-09	1.71661e-15	4.28895e-24	3.90625e-08	5.69429e-08	3.84096e-08	5.20664e-08
5.9206e-09	2.38419e-15	5.48912e-24	4.88281e-08	6.55098e-08	4.86522e-08	6.31625e-08
5.66992e-09	2.00272e-15	5.35332e-24	4.88281e-08	5.69429e-08	4.18238e-08	5.71876e-08
5.32621e-09	1.33514e-15	3.2613e-24	3.90625e-08	4.88281e-08	3.84096e-08	4.5238e-08
4.93076e-09	2.47955e-15	6.40347e-24	4.88281e-08	7.10948e-08	4.18238e-08	6.91373e-08
4.78365e-09	2.00272e-15	5.05223e-24	4.88281e-08	6.25305e-08	4.18238e-08	5.80412e-08
5.27751e-09	2.19345e-15	5.29781e-24	4.88281e-08	6.55098e-08	4.26773e-08	6.31625e-08
4.92977e-09	1.62125e-15	3.49023e-24	4.83374e-08	5.25895e-08	3.75561e-08	5.03593e-08
2.60396e-09	1.90735e-16	2.24705e-25	9.76562e-09	2.18366e-08	9.38902e-09	2.13387e-08
4.46557e-09	1.62125e-15	3.76611e-24	4.83374e-08	5.25895e-08	3.75561e-08	5.03593e-08
5.58747e-09	2.19345e-15	5.0277e-24	4.88281e-08	6.25305e-08	4.86522e-08	5.80412e-08
5.24445e-09	1.52588e-15	3.83888e-24	3.90625e-08	5.52427e-08	3.84096e-08	5.54805e-08
5.76478e-09	1.90735e-15	4.28735e-24	4.88281e-08	6.17632e-08	3.67025e-08	6.06018e-08
5.69745e-09	1.90735e-15	4.44731e-24	4.80405e-08	6.25305e-08	3.67025e-08	5.97483e-08
5.15193e-09	1.14441e-15	2.3253e-24	3.90625e-08	4.97951e-08	3.32883e-08	4.95057e-08
6.08689e-09	1.71661e-15	4.07828e-24	3.90625e-08	6.17632e-08	3.84096e-08	6.06018e-08
4.74011e-09	1.43051e-15	3.48131e-24	3.90625e-08	5.52427e-08	3.92632e-08	5.54805e-08
5.56461e-09	1.71661e-15	3.70281e-24	4.83374e-08	5.69429e-08	3.92632e-08	5.29199e-08
4.12238e-09	1.71661e-15	3.72691e-24	4.80405e-08	5.69429e-08	3.32883e-08	5.54805e-08
3.98955e-09	1.14441e-15	2.87975e-24	2.92969e-08	4.88281e-08	2.98741e-08	4.86522e-08
3.58797e-09	1.43051e-15	2.88057e-24	4.32343e-08	5.69429e-08	2.90206e-08	5.29199e-08
4.59443e-09	1.62125e-15	3.85256e-24	3.90625e-08	5.69429e-08	3.75561e-08	5.29199e-08
4.41481e-09	1.52588e-15	3.92146e-24	3.90625e-08	5.69429e-08	3.5849e-08	5.29199e-08
3.85606e-09	1.14441e-15	2.40888e-24	3.90625e-08	4.88281e-08	3.07277e-08	4.5238e-08
5.76411e-09	1.81198e-15	4.58292e-24	4.88281e-08	5.69429e-08	4.26773e-08	5.37735e-08
4.65957e-09	2.19345e-15	5.33882e-24	4.88281e-08	6.25305e-08	4.26773e-08	6.14554e-08
5.04987e-09	2.19345e-15	5.32574e-24	4.88281e-08	6.55098e-08	4.77986e-08	6.31625e-08
4.91435e-09	1.43051e-15	3.27548e-24	4.1432e-08	5.25895e-08	3.32883e-08	5.03593e-08
4.01168e-09	8.58307e-16	1.71875e-24	2.92969e-08	4.1432e-08	2.98741e-08	4.18238e-08
5.1803e-09	9.53674e-16	2.10297e-24	3.45267e-08	4.36732e-08	2.73135e-08	4.09703e-08
4.58539e-09	1.52588e-15	4.04436e-24	3.90625e-08	5.52427e-08	3.84096e-08	5.54805e-08
4.69814e-09	1.43051e-15	3.03609e-24	3.90625e-08	5.25895e-08	3.75561e-08	5.03593e-08
5.25748e-09	1.90735e-15	4.72041e-24	4.88281e-08	5.69429e-08	4.09703e-08	5.54805e-08
6.43179e-09	2.00272e-15	5.02766e-24	4.83374e-08	6.55098e-08	3.75561e-08	6.31625e-08
5.8038e-09	2.09808e-15	6.22459e-24	4.88281e-08	6.25305e-08	4.18238e-08	5.71876e-08
4.8989e-09	1.71661e-15	4.7211e-24	4.36732e-08	6.25305e-08	3.32883e-08	5.97483e-08
5.35565e-09	2.09808e-15	6.02043e-24	4.88281e-08	6.25305e-08	4.26773e-08	5.97483e-08
4.47064e-09	1.81198e-15	4.5631e-24	4.88281e-08	5.69429e-08	4.09703e-08	5.4627e-08
4.70491e-09	1.90735e-15	3.93209e-24	4.83374e-08	6.25305e-08	3.67025e-08	6.06018e-08
5.14499e-09	2.09808e-15	5.60726e-24	4.88281e-08	6.17632e-08	4.69451e-08	6.06018e-08
4.99858e-09	1.43051e-15	4.19083e-24	3.90625e-08	5.52427e-08	3.92632e-08	5.54805e-08
4.15484e-09	6.67572e-16	1.19117e-24	2.92969e-08	3.52105e-08	2.47529e-08	3.41419e-08
4.73338e-09	1.33514e-15	2.80413e-24	3.90625e-08	5.52427e-08	2.98741e-08	5.12128e-08
5.10563e-09	2.67029e-15	5.95135e-24	4.88281e-08	7.43728e-08	4.95057e-08	7.3405e-08
3.88761e-09	1.33514e-15	2.9247e-24	3.90625e-08	4.88281e-08	3.84096e-08	4.5238e-08
5.37705e-09	1.43051e-15	3.46002e-24	3.90625e-08	5.25895e-08	3.75561e-08	5.03593e-08
4.31379e-09	7.62939e-16	1.64347e-24	2.92969e-08	4.1432e-08	2.8167e-08	4.18238e-08
5.01827e-09	1.71661e-15	4.64088e-24	3.90625e-08	5.69429e-08	3.84096e-08	5.29199e-08
4.76317e-09	8.58307e-16	1.91394e-24	2.92969e-08	4.36732e-08	2.38993e-08	4.01167e-08
3.26677e-09	4.76837e-16	8.64621e-25	1.95312e-08	3.52105e-08	1.96316e-08	3.32883e-08
5.09416e-09	5.72205e-16	5.93705e-25	2.76214e-08	3.52105e-08	2.04851e-08	3.15812e-08
4.36669e-09	1.81198e-15	4.58573e-24	3.90625e-08	6.25305e-08	3.84096e-08	6.14554e-08
3.72684e-09	6.67572e-16	1.21199e-24	2.92969e-08	3.52105e-08	2.47529e-08	3.41419e-08
4.54612e-09	1.81198e-15	4.29447e-24	4.83374e-08	5.69429e-08	4.09703e-08	5.37735e-08
5.44205e-09	2.28882e-15	5.93261e-24	4.88281e-08	6.55098e-08	4.86522e-08	6.4016e-08
5.13846e-09	1.62125e-15	3.8997e-24	4.80405e-08	5.69429e-08	3.41419e-08	5.63341e-08
4.97306e-09	1.71661e-15	4.63339e-24	3.90625e-08	5.69429e-08	3.84096e-08	5.29199e-08
3.71075e-09	7.62939e-16	1.53871e-24	2.92969e-08	4.1432e-08	2.8167e-08	4.18238e-08
5.48072e-09	2.00272e-15	5.4356e-24	4.88281e-08	5.69429e-08	4.18238e-08	5.71876e-08
4.37411e-09	1.52588e-15	3.26138e-24	3.90625e-08	6.17632e-08	2.98741e-08	5.88947e-08
4.85901e-09	1.62125e-15	3.20762e-24	4.83374e-08	5.25895e-08	3.75561e-08	5.03593e-08
3.82448e-09	8.58307e-16	1.62009e-24	2.92969e-08	4.1432e-08	2.98741e-08	4.18238e-08
3.13707e-09	6.67572e-16	1.31376e-24	2.92969e-08	3.52105e-08	2.47529e-08	3.41419e-08
4.29754e-09	6.67572e-16	1.31354e-24	2.92969e-08	3.52105e-08	2.47529e-08	3.41419e-08
4.92121e-09	1.33514e-15	3.34645e-24	3.90625e-08	4.88281e-08	3.84096e-08	4.5238e-08
4.57209e-09	1.33514e-15	3.75122e-24	3.90625e-08	4.88281e-08	3.84096e-08	4.5238e-08
4.14422e-09	7.62939e-16	1.86242e-24	2.92969e-08	4.1432e-08	2.8167e-08	4.18238e-08
5.15874e-09	2.00272e-15	5.9145e-24	4.88281e-08	6.25305e-08	4.43844e-08	5.80412e-08
4.81194e-09	1.81198e-15	3.77367e-24	3.90625e-08	6.55098e-08	3.84096e-08	6.4016e-08
5.13147e-09	9.53674e-16	6.34678e-25	2.76214e-08	5.52427e-08	1.96316e-08	5.54805e-08
1.6564e-10	9.53674e-17	-3.04595e-26	9.76562e-09	1.38107e-08	9.38902e-09	1.45103e-08
5.15066e-09	2.28882e-15	6.2182e-24	4.88281e-08	6.55098e-08	4.86522e-08	6.4016e-08
5.28097e-09	1.43051e-15	3.94089e-24	3.90625e-08	5.52427e-08	3.92632e-08	5.54805e-08
3.9976e-09	8.58307e-16	1.65354e-24	2.92969e-08	4.1432e-08	2.98741e-08	4.18238e-08
2.66451e-09	9.53674e-17	1.02535e-25	9.76562e-09	1.38107e-08	9.38902e-09	1.45103e-08
4.83983e-09	1.52588e-15	3.40102e-24	4.80405e-08	5.25895e-08	3.67025e-08	5.12128e-08
5.71665e-09	1.81198e-15	5.38828e-24	4.88281e-08	5.9402e-08	3.92632e-08	5.88947e-08
2.07763e-09	1.04904e-15	1.2345e-24	3.90625e-08	4.36732e-08	2.90206e-08	4.26773e-08
3.87154e-09	7.62939e-16	1.56407e-24	2.92969e-08	4.02647e-08	2.30458e-08	4.01167e-08
4.36891e-09	1.33514e-15	3.02066e-24	3.90625e-08	5.25895e-08	3.41419e-08	5.12128e-08
4.76404e-09	1.62125e-15	4.127e-24	3.90625e-08	5.69429e-08	3.92632e-08	5.54805e-08
4.51374e-09	1.62125e-15	4.27125e-24	3.90625e-08	5.69429e-08	3.75561e-08	5.29199e-08
5.23719e-09	1.33514e-15	3.87841e-24	3.90625e-08	4.88281e-08	3.84096e-08	4.5238e-08
3.01574e-09	9.53674e-17	2.91086e-26	9.76562e-09	1.38107e-08	9.38902e-09	1.45103e-08
5.0443e-09	1.33514e-15	3.39583e-24	3.90625e-08	4.88281e-08	3.84096e-08	4.5238e-08
5.22334e-09	1.43051e-15	3.82939e-24	3.90625e-08	5.25895e-08	3.75561e-08	5.03593e-08
4.86125e-09	1.33514e-15	3.91739e-24	3.90625e-08	4.88281e-08	3.84096e-08	4.5238e-08
4.91087e-09	2.00272e-15	5.09205e-24	4.88281e-08	6.25305e-08	4.43844e-08	5.80412e-08
3.08363e-09	1.90735e-16	2.72702e-25	9.76562e-09	2.18366e-08	9.38902e-09	2.13387e-08
4.32398e-09	1.90735e-15	5.67751e-24	3.90625e-08	6.25305e-08	3.84096e-08	6.23089e-08
3.36576e-09	4.76837e-16	9.49695e-25	1.95312e-08	3.52105e-08	1.96316e-08	3.32883e-08
5.08913e-09	1.71661e-15	4.856e-24	3.90625e-08	6.25305e-08	3.67025e-08	6.23089e-08
5.13951e-09	1.81198e-15	4.5267e-24	4.83374e-08	5.69429e-08	4.09703e-08	5.37735e-08
5.21337e-09	1.71661e-15	4.29867e-24	4.80405e-08	5.69429e-08	3.32883e-08	5.54805e-08
5.12864e-09	1.81198e-15	4.36452e-24	4.88281e-08	5.69429e-08	4.26773e-08	5.37735e-08
5.16804e-09	1.43051e-15	3.68456e-24	3.90625e-08	5.52427e-08	3.92632e-08	5.54805e-08
5.5149e-09	1.81198e-15	4.75935e-24	4.88281e-08	5.69429e-08	4.09703e-08	5.4627e-08
4.14592e-09	1.14441e-15	1.74192e-24	3.90625e-08	4.88281e-08	2.98741e-08	4.5238e-08
4.97856e-09	2.09808e-15	5.56575e-24	4.88281e-08	6.25305e-08	4.43844e-08	5.88947e-08
6.0172e-09	2.09808e-15	5.86383e-24	4.88281e-08	6.17632e-08	4.69451e-08	6.06018e-08
4.00068e-09	2.00272e-15	4.58879e-24	4.88281e-08	6.25305e-08	4.18238e-08	5.80412e-08
6.0988e-09	1.52588e-15	4.36016e-24	3.90625e-08	5.52427e-08	3.84096e-08	5.54805e-08
3.56217e-09	2.00272e-15	4.69097e-24	4.83374e-08	6.90534e-08	4.09703e-08	6.91373e-08
4.95733e-09	1.52588e-15	3.52393e-24	3.90625e-08	5.52427e-08	3.84096e-08	5.54805e-08
4.73202e-09	1.33514e-15	2.86757e-24	3.90625e-08	4.88281e-08	3.84096e-08	4.5238e-08
4.51962e-09	1.90735e-15	4.42134e-24	4.88281e-08	5.69429e-08	4.5238e-08	5.54805e-08
3.13249e-09	3.8147e-16	5.46719e-25	1.95312e-08	3.08816e-08	1.96316e-08	2.98741e-08
4.51936e-09	1.81198e-15	4.42027e-24	3.90625e-08	6.25305e-08	3.84096e-08	6.14554e-08
5.12616e-09	1.81198e-15	4.7679e-24	3.90625e-08	6.17632e-08	3.92632e-08	6.06018e-08
3.6654e-09	1.43051e-15	2.64986e-24	4.1432e-08	5.69429e-08	3.15812e-08	5.37735e-08
4.77609e-09	8.58307e-16	2.38401e-24	2.92969e-08	4.36732e-08	2.04851e-08	4.26773e-08
4.18095e-09	1.14441e-15	2.45345e-24	3.90625e-08	4.36732e-08	2.8167e-08	4.18238e-08
3.81202e-09	7.62939e-16	1.32765e-24	2.92969e-08	4.1432e-08	2.8167e-08	4.18238e-08
3.94886e-09	8.58307e-16	1.80445e-24	2.92969e-08	4.88281e-08	2.47529e-08	4.43844e-08
4.70628e-09	1.90735e-15	4.5816e-24	4.88281e-08	5.69429e-08	4.5238e-08	5.54805e-08
4.43155e-09	9.53674e-16	2.16351e-24	2.92969e-08	4.36732e-08	2.90206e-08	4.01167e-08
5.11152e-09	1.62125e-15	4.54574e-24	3.90625e-08	5.69429e-08	3.75561e-08	5.29199e-08
4.33774e-09	1.04904e-15	2.29541e-24	3.90625e-08	4.36732e-08	2.90206e-08	4.26773e-08
4.6005e-09	1.62125e-15	3.71753e-24	4.83374e-08	5.25895e-08	3.75561e-08	5.03593e-08
4.01732e-09	1.04904e-15	2.03543e-24	2.92969e-08	4.88281e-08	2.98741e-08	4.69451e-08
4.79778e-09	1.14441e-15	2.85352e-24	3.90625e-08	4.36732e-08	2.8167e-08	4.18238e-08
4.15543e-09	1.43051e-15	2.74378e-24	3.90625e-08	5.25895e-08	3.75561e-08	5.03593e-08
4.33774e-09	1.04904e-15	1.35506e-24	3.45267e-08	4.88281e-08	2.47529e-08	4.60915e-08
3.64283e-09	6.67572e-16	9.72672e-25	2.76214e-08	4.1432e-08	1.45103e-08	4.18238e-08
5.07849e-09	1.43051e-15	3.69036e-24	3.90625e-08	5.52427e-08	3.92632e-08	5.54805e-08
4.69281e-09	1.23978e-15	3.28946e-24	3.90625e-08	4.88281e-08	3.15812e-08	4.5238e-08
3.92803e-09	1.14441e-15	3.00267e-24	2.92969e-08	4.88281e-08	2.98741e-08	4.86522e-08
3.75166e-09	8.58307e-16	1.88209e-24	2.92969e-08	4.1432e-08	2.98741e-08	4.18238e-08
4.13539e-09	6.67572e-16	9.80928e-25	2.76214e-08	4.36732e-08	1.96316e-08	4.26773e-08
4.26383e-09	7.62939e-16	1.41347e-24	2.92969e-08	4.1432e-08	2.8167e-08	4.18238e-08
4.17153e-09	1.43051e-15	3.55089e-24	3.90625e-08	5.25895e-08	3.75561e-08	5.03593e-08
4.24028e-09	1.33514e-15	3.15187e-24	3.90625e-08	5.25895e-08	3.41419e-08	5.12128e-08
4.4298e-09	1.14441e-15	2.91492e-24	3.90625e-08	4.88281e-08	3.07277e-08	4.5238e-08
4.88378e-09	1.71661e-15	4.8811e-24	3.90625e-08	6.25305e-08	3.67025e-08	6.23089e-08
3.99504e-09	1.81198e-15	4.4564e-24	4.80405e-08	6.25305e-08	3.41419e-08	5.80412e-08
6.02918e-09	1.81198e-15	4.88627e-24	4.83374e-08	5.69429e-08	4.09703e-08	5.37735e-08
5.40492e-09	1.71661e-15	4.7389e-24	3.90625e-08	5.69429e-08	3.84096e-08	5.20664e-08
4.58954e-09	2.09808e-15	5.30443e-24	3.90625e-08	6.55098e-08	3.84096e-08	6.14554e-08
3.97819e-09	1.43051e-15	3.54581e-24	3.90625e-08	5.25895e-08	3.75561e-08	5.03593e-08
1.61362e-09	9.53674e-17	-2.21757e-26	9.76562e-09	1.38107e-08	9.38902e-09	1.45103e-08
4.09478e-09	9.53674e-16	2.37966e-24	2.92969e-08	4.36732e-08	2.98741e-08	4.09703e-08
4.6514e-09	1.33514e-15	2.22538e-24	3.90625e-08	5.25895e-08	3.41419e-08	5.12128e-08
5.26046e-09	1.43051e-15	3.29164e-24	3.90625e-08	5.69429e-08	3.15812e-08	5.4627e-08
4.32636e-09	1.71661e-15	3.99618e-24	3.90625e-08	5.9402e-08	3.92632e-08	5.88947e-08
5.19634e-09	9.53674e-16	2.54234e-24	2.92969e-08	4.36732e-08	2.98741e-08	4.09703e-08
4.70018e-09	2.00272e-15	5.19165e-24	4.88281e-08	6.25305e-08	4.43844e-08	5.80412e-08
4.31277e-09	1.23978e-15	3.49415e-24	2.92969e-08	5.25895e-08	2.98741e-08	4.95057e-08
5.94377e-09	1.90735e-15	5.23364e-24	3.90625e-08	6.25305e-08	3.92632e-08	6.06018e-08
3.92246e-09	7.62939e-16	1.06553e-24	2.76214e-08	4.88281e-08	2.04851e-08	4.5238e-08
4.28987e-09	9.53674e-17	2.70309e-26	9.76562e-09	1.38107e-08	9.38902e-09	1.45103e-08
4.53073e-09	2.47955e-15	6.24207e-24	4.88281e-08	7.04209e-08	4.95057e-08	6.31625e-08
4.74384e-09	1.62125e-15	3.63757e-24	3.90625e-08	6.17632e-08	3.84096e-08	6.06018e-08
4.66603e-09	1.52588e-15	4.02441e-24	3.90625e-08	5.25895e-08	3.67025e-08	5.03593e-08
3.44751e-09	9.53674e-16	1.28113e-24	3.70579e-08	4.97951e-08	2.21922e-08	4.86522e-08
4.55256e-09	5.72205e-16	1.35919e-24	2.76214e-08	3.52105e-08	2.04851e-08	3.15812e-08
2.86074e-09	6.67572e-16	1.1136e-24	2.92969e-08	3.52105e-08	2.47529e-08	3.41419e-08
4.74282e-09	1.62125e-15	4.41851e-24	3.90625e-08	5.69429e-08	3.75561e-08	5.29199e-08
5.70098e-09	1.43051e-15	3.49245e-24	3.90625e-08	5.69429e-08	3.15812e-08	5.29199e-08
4.1876e-09	1.04904e-15	2.24003e-24	2.92969e-08	4.88281e-08	2.98741e-08	4.69451e-08
2.83424e-09	5.72205e-16	1.02752e-24	1.95312e-08	3.52105e-08	1.96316e-08	3.32883e-08
5.07453e-09	1.90735e-15	4.79603e-24	4.88281e-08	6.25305e-08	4.09703e-08	5.97483e-08
2.53314e-10	9.53674e-17	-5.53673e-26	9.76562e-09	1.38107e-08	9.38902e-09	1.45103e-08
3.13467e-09	3.8147e-16	6.67276e-25	1.95312e-08	2.76214e-08	1.96316e-08	2.8167e-08
5.76839e-09	1.81198e-15	5.81362e-24	4.88281e-08	5.69429e-08	4.09703e-08	5.4627e-08
3.87168e-09	1.33514e-15	3.16322e-24	3.90625e-08	4.88281e-08	3.84096e-08	4.5238e-08
4.53336e-09	9.53674e-16	2.2515e-24	2.92969e-08	4.36732e-08	2.90206e-08	4.01167e-08
4.36339e-09	1.33514e-15	2.71881e-24	3.90625e-08	4.88281e-08	3.84096e-08	4.5238e-08
5.24901e-09	2.38419e-15	5.62951e-24	4.88281e-08	7.43728e-08	4.26773e-08	7.08444e-08
4.21416e-09	1.81198e-15	4.25097e-24	4.83374e-08	6.17632e-08	4.01167e-08	5.88947e-08
2.2951e-09	9.53674e-17	7.31865e-26	9.76562e-09	1.38107e-08	9.38902e-09	1.45103e-08
4.84231e-09	1.04904e-15	2.82389e-24	2.92969e-08	4.88281e-08	2.98741e-08	4.69451e-08
4.9849e-09	2.09808e-15	5.8191e-24	4.88281e-08	6.25305e-08	4.01167e-08	5.97483e-08
4.25941e-09	9.53674e-16	2.31331e-24	2.92969e-08	4.36732e-08	2.98741e-08	4.09703e-08
4.39538e-09	1.04904e-15	2.49795e-24	3.90625e-08	4.36732e-08	2.90206e-08	4.26773e-08
4.24574e-09	1.14441e-15	2.80074e-24	3.90625e-08	4.88281e-08	3.07277e-08	4.5238e-08
4.36914e-09	1.62125e-15	4.10246e-24	3.90625e-08	5.69429e-08	3.92632e-08	5.54805e-08
4.57396e-09	1.23978e-15	2.64715e-24	3.90625e-08	4.88281e-08	2.98741e-08	4.69451e-08
4.99423e-09	1.62125e-15	4.24101e-24	4.63224e-08	5.69429e-08	3.15812e-08	5.63341e-08
4.73208e-09	1.52588e-15	3.46321e-24	3.90625e-08	5.25895e-08	3.67025e-08	5.03593e-08
4.35213e-09	1.23978e-15	3.19172e-24	3.90625e-08	4.88281e-08	2.98741e-08	4.69451e-08
4.57306e-09	1.14441e-15	2.62373e-24	3.90625e-08	4.88281e-08	3.07277e-08	4.86522e-08
4.73262e-09	1.43051e-15	3.04313e-24	3.90625e-08	5.25895e-08	3.75561e-08	5.03593e-08
4.34136e-09	2.09808e-15	6.16912e-24	3.90625e-08	7.04209e-08	3.84096e-08	6.74302e-08
4.45955e-09	1.23978e-15	2.52778e-24	3.90625e-08	4.88281e-08	2.98741e-08	4.69451e-08
3.91049e-09	8.58307e-16	1.73944e-24	3.45267e-08	4.36732e-08	2.47529e-08	4.18238e-08
3.9182e-09	1.04904e-15	1.26034e-24	3.45267e-08	5.25895e-08	2.47529e-08	5.03593e-08
5.13606e-09	1.43051e-15	3.73657e-24	3.90625e-08	5.69429e-08	3.32883e-08	5.37735e-08
4.84239e-09	1.33514e-15	3.03599e-24	3.90625e-08	4.88281e-08	3.84096e-08	4.5238e-08
5.06976e-09	1.33514e-15	3.51442e-24	3.90625e-08	5.25895e-08	2.98741e-08	4.95057e-08
5.04726e-09	1.33514e-15	3.52844e-24	3.90625e-08	4.88281e-08	3.84096e-08	4.5238e-08
4.16181e-09	4.76837e-16	5.34674e-25	1.95312e-08	3.52105e-08	1.96316e-08	3.32883e-08
4.52413e-09	1.62125e-15	3.70862e-24	4.36732e-08	5.69429e-08	3.15812e-08	5.29199e-08
4.56939e-09	1.90735e-15	4.70763e-24	3.90625e-08	6.17632e-08	3.84096e-08	6.06018e-08
3.77256e-09	1.04904e-15	2.20581e-24	2.92969e-08	4.97951e-08	2.98741e-08	4.86522e-08
4.55107e-09	1.43051e-15	3.29021e-24	3.90625e-08	5.25895e-08	3.75561e-08	5.03593e-08
4.53069e-09	8.58307e-16	2.1742e-24	2.92969e-08	4.1432e-08	2.98741e-08	4.18238e-08
3.64983e-09	8.58307e-16	2.00744e-24	2.92969e-08	4.1432e-08	2.98741e-08	4.18238e-08
3.75974e-09	1.04904e-15	2.44711e-24	2.92969e-08	4.88281e-08	2.98741e-08	4.69451e-08
3.94341e-09	9.53674e-16	2.1301e-24	2.92969e-08	4.88281e-08	2.30458e-08	4.86522e-08
5.27613e-09	1.33514e-15	3.60769e-24	3.90625e-08	4.88281e-08	3.84096e-08	4.5238e-08
4.87901e-09	1.52588e-15	3.60214e-24	3.90625e-08	5.69429e-08	3.92632e-08	5.20664e-08
4.39828e-09	1.52588e-15	3.95131e-24	3.90625e-08	5.52427e-08	3.84096e-08	5.54805e-08
5.11782e-09	1.52588e-15	3.61387e-24	4.80405e-08	5.25895e-08	3.67025e-08	5.12128e-08
5.41226e-09	1.90735e-15	4.94997e-24	3.90625e-08	6.55098e-08	3.92632e-08	6.14554e-08
3.82843e-09	7.62939e-16	1.22318e-24	2.92969e-08	4.36732e-08	2.21922e-08	4.18238e-08
4.44399e-09	1.62125e-15	4.04773e-24	3.90625e-08	5.69429e-08	3.92632e-08	5.54805e-08
5.09054e-09	1.52588e-15	4.92074e-24	3.90625e-08	5.52427e-08	3.84096e-08	5.54805e-08
4.8504e-09	1.62125e-15	3.93774e-24	3.90625e-08	5.69429e-08	3.75561e-08	5.29199e-08
4.75039e-09	1.71661e-15	4.27331e-24	4.83374e-08	5.69429e-08	3.92632e-08	5.29199e-08
3.99791e-09	1.33514e-15	3.04277e-24	3.90625e-08	4.88281e-08	3.84096e-08	4.5238e-08
3.54078e-09	8.58307e-16	1.51416e-24	2.92969e-08	4.36732e-08	2.38993e-08	4.01167e-08
3.15076e-09	4.76837e-16	8.05029e-25	1.95312e-08	4.02647e-08	1.36568e-08	4.01167e-08
4.98087e-09	1.33514e-15	3.444e-24	3.90625e-08	4.88281e-08	3.84096e-08	4.5238e-08
4.0488e-09	1.14441e-15	2.71103e-24	2.92969e-08	4.88281e-08	2.98741e-08	4.86522e-08
5.19633e-09	1.71661e-15	4.48077e-24	4.83374e-08	5.69429e-08	3.92632e-08	5.29199e-08
4.74096e-09	1.23978e-15	3.20143e-24	3.90625e-08	4.88281e-08	3.15812e-08	4.5238e-08
5.18964e-09	1.81198e-15	4.67779e-24	4.83374e-08	6.25305e-08	3.75561e-08	6.14554e-08
5.19379e-09	2.38419e-15	5.38251e-24	4.88281e-08	6.90534e-08	4.86522e-08	6.91373e-08
5.21855e-09	1.23978e-15	2.83061e-24	3.90625e-08	4.88281e-08	3.15812e-08	4.5238e-08
5.03892e-09	1.90735e-15	4.49324e-24	4.88281e-08	5.69429e-08	4.5238e-08	5.54805e-08
4.58837e-09	7.62939e-16	1.30026e-24	2.92969e-08	4.1432e-08	2.8167e-08	4.18238e-08
3.88377e-09	1.81198e-15	4.1737e-24	4.88281e-08	5.69429e-08	4.26773e-08	5.37735e-08
5.26257e-09	1.62125e-15	3.89603e-24	3.90625e-08	5.69429e-08	3.75561e-08	5.29199e-08
5.83363e-09	1.90735e-15	4.92614e-24	4.88281e-08	6.17632e-08	4.01167e-08	5.88947e-08
5.15902e-09	2.86102e-15	7.96372e-24	5.85937e-08	7.04209e-08	5.54805e-08	6.82838e-08
4.83256e-09	1.14441e-15	2.36127e-24	2.92969e-08	4.88281e-08	2.98741e-08	4.86522e-08
3.91852e-09	6.67572e-16	1.19041e-24	2.92969e-08	3.52105e-08	2.47529e-08	3.41419e-08
4.84435e-09	1.33514e-15	2.89001e-24	3.90625e-08	4.88281e-08	3.84096e-08	4.5238e-08
4.36537e-09	1.23978e-15	2.77577e-24	3.90625e-08	4.88281e-08	3.15812e-08	4.5238e-08
4.80472e-09	1.52588e-15	3.79775e-24	3.90625e-08	5.69429e-08	3.92632e-08	5.20664e-08
4.96935e-09	1.62125e-15	4.0402e-24	4.83374e-08	5.25895e-08	3.75561e-08	5.03593e-08
5.07143e-09	1.14441e-15	3.14721e-24	2.92969e-08	4.88281e-08	2.98741e-08	4.86522e-08
5.59103e-09	2.00272e-15	5.87911e-24	4.88281e-08	5.69429e-08	4.18238e-08	5.71876e-08
4.69383e-09	1.52588e-15	4.00077e-24	3.90625e-08	5.25895e-08	3.67025e-08	5.03593e-08
4.83981e-09	1.52588e-15	3.68514e-24	3.90625e-08	5.25895e-08	3.67025e-08	5.03593e-08
4.88801e-09	1.43051e-15	3.16362e-24	3.90625e-08	5.69429e-08	3.75561e-08	5.37735e-08
5.04039e-09	1.52588e-15	3.23527e-24	4.80405e-08	5.25895e-08	3.67025e-08	5.12128e-08
4.03753e-09	6.67572e-16	8.20084e-25	2.76214e-08	4.36732e-08	1.96316e-08	4.26773e-08
4.2908e-09	1.14441e-15	1.72264e-24	3.45267e-08	5.52427e-08	2.73135e-08	5.20664e-08
4.6187e-09	8.58307e-16	1.1726e-24	2.92969e-08	4.88281e-08	2.47529e-08	4.43844e-08
5.9047e-09	1.14441e-15	3.05754e-24	2.92969e-08	4.88281e-08	2.98741e-08	4.86522e-08
4.91051e-09	2.00272e-15	5.49517e-24	4.88281e-08	5.69429e-08	4.18238e-08	5.71876e-08
4.13193e-09	1.23978e-15	2.58377e-24	3.90625e-08	4.88281e-08	3.15812e-08	4.5238e-08
4.27402e-09	1.43051e-15	3.24851e-24	3.90625e-08	5.52427e-08	3.92632e-08	5.54805e-08
4.80934e-09	1.23978e-15	2.57078e-24	3.90625e-08	5.25895e-08	3.15812e-08	4.95057e-08
3.51128e-09	9.53674e-16	1.93415e-24	2.92969e-08	4.36732e-08	2.98741e-08	4.09703e-08
4.84266e-09	1.33514e-15	2.58667e-24	3.90625e-08	5.69429e-08	2.73135e-08	5.20664e-08
4.84569e-09	1.52588e-15	4.07607e-24	3.90625e-08	5.52427e-08	3.84096e-08	5.54805e-08
4.27838e-09	5.72205e-16	-1.32995e-27	2.0716e-08	4.88281e-08	9.38902e-09	4.86522e-08
3.87321e-09	9.53674e-16	1.90638e-24	3.45267e-08	4.36732e-08	2.73135e-08	4.09703e-08
4.14095e-09	5.72205e-16	6.77477e-25	2.76214e-08	4.1432e-08	1.96316e-08	3.49954e-08
4.81253e-09	1.43051e-15	3.67037e-24	3.90625e-08	5.25895e-08	3.75561e-08	5.03593e-08
4.37498e-09	1.43051e-15	3.10169e-24	4.80405e-08	5.25895e-08	3.41419e-08	4.86522e-08
4.56419e-09	9.53674e-16	2.08267e-24	3.90625e-08	4.36732e-08	2.73135e-08	4.18238e-08
4.94683e-09	2.09808e-15	5.93288e-24	4.88281e-08	6.25305e-08	4.18238e-08	6.14554e-08
5.06055e-09	1.23978e-15	2.20358e-24	3.90625e-08	5.25895e-08	3.15812e-08	4.95057e-08
4.28209e-09	7.62939e-16	8.10606e-25	2.76214e-08	4.88281e-08	2.04851e-08	4.5238e-08
4.03336e-09	1.14441e-15	2.29536e-24	3.90625e-08	4.88281e-08	3.07277e-08	4.86522e-08
4.48942e-09	9.53674e-16	1.15103e-24	3.45267e-08	4.88281e-08	2.30458e-08	4.5238e-08
4.03348e-09	1.04904e-15	1.75901e-24	3.45267e-08	4.88281e-08	2.47529e-08	4.60915e-08
3.93165e-09	2.00272e-15	5.09588e-24	4.88281e-08	6.25305e-08	4.01167e-08	6.14554e-08
3.88051e-09	5.72205e-16	5.50372e-26	2.0716e-08	4.88281e-08	9.38902e-09	4.86522e-08
5.13594e-09	1.62125e-15	3.66229e-24	4.83374e-08	5.25895e-08	3.75561e-08	5.03593e-08
3.14368e-09	3.8147e-16	3.94028e-25	1.95312e-08	3.52105e-08	9.38902e-09	3.32883e-08
5.41196e-09	1.71661e-15	4.12954e-24	4.88281e-08	5.69429e-08	4.01167e-08	5.54805e-08
4.94478e-09	1.52588e-15	3.64743e-24	3.90625e-08	5.69429e-08	3.5849e-08	5.29199e-08
5.11269e-09	2.00272e-15	5.15611e-24	4.88281e-08	5.69429e-08	4.18238e-08	5.71876e-08
4.31175e-09	1.33514e-15	3.26047e-24	3.90625e-08	4.88281e-08	3.84096e-08	4.5238e-08
3.50557e-09	4.76837e-16	8.8061e-25	1.95312e-08	3.52105e-08	1.96316e-08	3.32883e-08
4.46616e-09	1.23978e-15	2.73224e-24	3.90625e-08	4.88281e-08	2.98741e-08	4.69451e-08
4.80161e-09	1.52588e-15	4.18332e-24	4.80405e-08	5.25895e-08	3.67025e-08	5.12128e-08
3.05062e-09	4.76837e-16	7.28264e-25	1.95312e-08	3.52105e-08	1.96316e-08	3.32883e-08
4.74311e-09	1.33514e-15	3.01941e-24	3.90625e-08	4.88281e-08	3.84096e-08	4.5238e-08
5.63812e-09	1.71661e-15	4.78535e-24	3.90625e-08	5.69429e-08	3.84096e-08	5.20664e-08
3.4628e-09	8.58307e-16	1.68269e-24	2.92969e-08	4.1432e-08	2.98741e-08	4.18238e-08
3.72292e-09	1.14441e-15	2.43657e-24	3.90625e-08	4.88281e-08	3.07277e-08	4.5238e-08
5.15798e-09	1.71661e-15	3.94589e-24	3.90625e-08	6.17632e-08	3.92632e-08	6.06018e-08
3.15918e-09	1.90735e-16	2.12806e-25	9.76562e-09	2.18366e-08	9.38902e-09	2.13387e-08
5.01671e-09	1.62125e-15	3.36421e-24	4.80405e-08	5.69429e-08	3.41419e-08	5.63341e-08
3.94424e-09	8.58307e-16	1.04791e-24	3.45267e-08	4.36732e-08	2.47529e-08	4.18238e-08
4.1354e-09	7.62939e-16	8.61088e-25	2.76214e-08	4.88281e-08	2.04851e-08	4.5238e-08
4.67844e-09	1.71661e-15	3.51676e-24	4.88281e-08	5.69429e-08	3.92632e-08	5.63341e-08
3.71671e-09	7.62939e-16	1.60764e-24	2.92969e-08	4.02647e-08	2.30458e-08	4.01167e-08
4.78433e-09	1.62125e-15	4.52152e-24	3.90625e-08	5.69429e-08	3.75561e-08	5.29199e-08
3.95094e-09	1.52588e-15	3.29043e-24	4.80405e-08	5.69429e-08	3.32883e-08	5.54805e-08
4.94569e-09	1.62125e-15	3.37426e-24	4.60444e-08	5.69429e-08	3.07277e-08	5.29199e-08
5.98368e-09	1.52588e-15	4.24093e-24	3.90625e-08	5.52427e-08	3.92632e-08	5.20664e-08
5.30529e-09	1.52588e-15	3.80395e-24	3.90625e-08	5.9402e-08	2.98741e-08	5.88947e-08
4.83021e-09	1.52588e-15	3.02794e-24	4.1432e-08	5.69429e-08	2.8167e-08	5.20664e-08
5.00142e-09	2.00272e-15	5.30316e-24	4.88281e-08	6.17632e-08	4.35309e-08	5.88947e-08
4.99181e-09	1.71661e-15	4.34663e-24	3.90625e-08	5.69429e-08	3.84096e-08	5.20664e-08
5.00992e-09	3.14713e-15	8.544e-24	4.88281e-08	8.34375e-08	4.86522e-08	8.1087e-08
4.64539e-09	1.23978e-15	3.35192e-24	2.92969e-08	5.25895e-08	2.90206e-08	5.03593e-08
5.79607e-09	1.90735e-15	4.81018e-24	4.88281e-08	5.69429e-08	4.09703e-08	5.54805e-08
5.06947e-09	1.81198e-15	4.64815e-24	4.88281e-08	5.69429e-08	4.09703e-08	5.4627e-08
6.16674e-09	2.67029e-15	7.34308e-24	5.85937e-08	7.04209e-08	4.86522e-08	6.65767e-08
4.69709e-09	1.43051e-15	3.5743e-24	3.90625e-08	5.25895e-08	3.75561e-08	5.03593e-08
4.27453e-09	1.71661e-15	4.15552e-24	4.83374e-08	5.69429e-08	3.92632e-08	5.29199e-08
5.2161e-09	2.38419e-15	6.84514e-24	4.88281e-08	6.90534e-08	4.86522e-08	6.91373e-08
5.52146e-09	9.53674e-16	2.18101e-24	2.92969e-08	4.36732e-08	2.90206e-08	4.01167e-08
3.88746e-09	7.62939e-16	1.52625e-24	2.92969e-08	4.02647e-08	2.30458e-08	4.01167e-08
4.47564e-09	5.72205e-16	1.31723e-24	1.95312e-08	3.52105e-08	1.96316e-08	3.32883e-08
3.6441e-09	7.62939e-16	1.6056e-24	2.92969e-08	4.1432e-08	2.8167e-08	4.18238e-08
5.28622e-09	9.53674e-16	1.95425e-24	2.92969e-08	5.25895e-08	2.73135e-08	5.12128e-08
3.43764e-09	7.62939e-16	1.32992e-24	2.92969e-08	4.02647e-08	2.30458e-08	4.01167e-08
3.65502e-09	1.14441e-15	2.75072e-24	2.92969e-08	5.25895e-08	2.98741e-08	4.86522e-08
3.7414e-09	7.62939e-16	1.35406e-24	2.92969e-08	4.02647e-08	2.30458e-08	4.01167e-08
4.6883e-09	1.62125e-15	3.79382e-24	3.90625e-08	5.69429e-08	3.75561e-08	5.29199e-08
4.65808e-09	1.52588e-15	4.31445e-24	3.90625e-08	5.25895e-08	3.67025e-08	5.03593e-08
4.25659e-09	1.52588e-15	3.16033e-24	4.1432e-08	5.69429e-08	3.32883e-08	5.54805e-08
5.35116e-09	1.23978e-15	2.73313e-24	3.90625e-08	4.88281e-08	3.15812e-08	4.5238e-08
4.01274e-09	1.33514e-15	3.15116e-24	3.90625e-08	4.88281e-08	3.84096e-08	4.5238e-08
4.33774e-09	1.14441e-15	2.74715e-24	3.90625e-08	4.36732e-08	2.8167e-08	4.18238e-08
4.2484e-09	1.33514e-15	2.6359e-24	3.90625e-08	5.52427e-08	2.8167e-08	5.54805e-08
4.15096e-09	1.33514e-15	3.24271e-24	3.90625e-08	4.88281e-08	3.84096e-08	4.5238e-08
4.60754e-09	1.23978e-15	1.8189e-24	3.90625e-08	5.25895e-08	3.07277e-08	5.03593e-08
4.39341e-09	1.43051e-15	3.18895e-24	3.90625e-08	5.52427e-08	3.92632e-08	5.54805e-08
5.8204e-09	1.43051e-15	3.35576e-24	3.90625e-08	5.25895e-08	3.41419e-08	5.03593e-08
4.49938e-09	2.57492e-15	5.91144e-24	5.85937e-08	6.55098e-08	4.95057e-08	6.4016e-08
4.08193e-09	1.81198e-15	4.08153e-24	3.90625e-08	6.17632e-08	3.84096e-08	5.88947e-08
5.28993e-09	1.33514e-15	3.91796e-24	3.90625e-08	4.97951e-08	3.67025e-08	4.86522e-08
4.27242e-09	1.33514e-15	2.39652e-24	3.90625e-08	5.25895e-08	3.32883e-08	5.03593e-08
3.57565e-09	2.86102e-16	4.16357e-25	1.95312e-08	2.76214e-08	1.36568e-08	2.47529e-08
4.74873e-09	1.33514e-15	3.26056e-24	4.1432e-08	5.25895e-08	3.32883e-08	4.95057e-08
6.12726e-09	2.00272e-15	5.46994e-24	4.88281e-08	5.69429e-08	4.18238e-08	5.71876e-08
3.65296e-09	7.62939e-16	1.32288e-24	2.92969e-08	4.02647e-08	2.30458e-08	4.01167e-08
4.3305e-09	2.19345e-15	5.35304e-24	4.88281e-08	6.55098e-08	3.75561e-08	6.31625e-08
4.24288e-09	1.81198e-15	3.67724e-24	3.90625e-08	6.25305e-08	3.84096e-08	6.14554e-08
4.55306e-09	1.33514e-15	2.91391e-24	3.90625e-08	4.88281e-08	3.84096e-08	4.5238e-08
5.66892e-09	1.81198e-15	4.14325e-24	4.83374e-08	5.69429e-08	4.09703e-08	5.37735e-08
3.77097e-09	8.58307e-16	1.83186e-24	2.92969e-08	4.36732e-08	2.04851e-08	4.26773e-08
4.90311e-09	1.23978e-15	2.98474e-24	3.90625e-08	4.88281e-08	2.98741e-08	4.69451e-08
3.72279e-09	8.58307e-16	1.59896e-24	2.92969e-08	4.36732e-08	2.38993e-08	4.01167e-08
4.88339e-09	2.09808e-15	5.29452e-24	4.88281e-08	6.25305e-08	4.18238e-08	5.71876e-08
5.52114e-09	1.81198e-15	4.85718e-24	3.90625e-08	6.25305e-08	3.84096e-08	6.14554e-08
5.35166e-09	1.90735e-15	4.8076e-24	4.88281e-08	6.25305e-08	4.09703e-08	5.97483e-08
6.27265e-09	2.47955e-15	7.03311e-24	5.85937e-08	6.55098e-08	4.86522e-08	6.31625e-08
4.30215e-09	1.52588e-15	3.23381e-24	3.90625e-08	5.25895e-08	3.67025e-08	5.03593e-08
4.17369e-09	1.04904e-15	2.28845e-24	2.92969e-08	4.88281e-08	2.98741e-08	4.69451e-08
5.50287e-09	1.43051e-15	3.60111e-24	3.90625e-08	5.25895e-08	3.75561e-08	5.03593e-08
6.04449e-09	1.71661e-15	4.68554e-24	4.83374e-08	5.69429e-08	3.92632e-08	5.29199e-08
4.33912e-09	1.90735e-15	4.90014e-24	4.88281e-08	6.25305e-08	4.09703e-08	5.97483e-08
4.89488e-09	1.52588e-15	3.61647e-24	3.90625e-08	5.25895e-08	3.67025e-08	5.03593e-08
4.35916e-09	1.23978e-15	2.96359e-24	3.90625e-08	4.88281e-08	2.98741e-08	4.69451e-08
5.11707e-09	9.53674e-16	1.6555e-24	3.45267e-08	4.88281e-08	2.21922e-08	4.26773e-08
5.17582e-09	1.52588e-15	4.29651e-24	3.90625e-08	5.52427e-08	3.84096e-08	5.54805e-08
5.29359e-09	1.81198e-15	4.38413e-24	4.88281e-08	5.69429e-08	4.26773e-08	5.37735e-08
5.24158e-09	1.71661e-15	3.69711e-24	4.88281e-08	5.69429e-08	3.92632e-08	5.54805e-08
4.23245e-09	9.53674e-16	2.11778e-24	2.92969e-08	4.36732e-08	2.98741e-08	4.09703e-08
4.03389e-09	5.72205e-16	1.4893e-24	1.95312e-08	3.52105e-08	1.96316e-08	3.32883e-08
4.66141e-09	1.43051e-15	4.00753e-24	3.90625e-08	5.52427e-08	3.92632e-08	5.54805e-08
5.10601e-09	1.52588e-15	3.82771e-24	3.90625e-08	5.69429e-08	3.32883e-08	5.29199e-08
4.49604e-09	1.43051e-15	3.59831e-24	3.90625e-08	5.25895e-08	3.75561e-08	5.03593e-08
4.88838e-09	1.23978e-15	3.17414e-24	3.90625e-08	4.88281e-08	3.15812e-08	4.5238e-08
4.91472e-09	1.33514e-15	3.13419e-24	3.90625e-08	5.52427e-08	3.32883e-08	4.95057e-08
5.01729e-09	1.62125e-15	4.45454e-24	3.90625e-08	6.25305e-08	3.75561e-08	5.80412e-08
4.86239e-09	1.14441e-15	2.80269e-24	3.90625e-08	4.88281e-08	3.07277e-08	4.5238e-08
4.74945e-09	2.09808e-15	5.09583e-24	4.83374e-08	7.04209e-08	4.01167e-08	6.65767e-08
4.04224e-09	9.53674e-16	1.92584e-24	2.92969e-08	4.36732e-08	2.98741e-08	4.09703e-08
4.80653e-09	1.43051e-15	3.48282e-24	3.90625e-08	5.52427e-08	3.92632e-08	5.54805e-08
4.74821e-09	1.14441e-15	2.92021e-24	2.92969e-08	4.88281e-08	2.98741e-08	4.86522e-08
5.14866e-09	1.14441e-15	2.59825e-24	3.90625e-08	4.88281e-08	3.07277e-08	4.86522e-08
4.33537e-09	1.52588e-15	3.09327e-24	3.90625e-08	5.69429e-08	3.32883e-08	5.29199e-08
5.02081e-09	1.52588e-15	4.23455e-24	3.90625e-08	5.69429e-08	3.92632e-08	5.20664e-08
3.89107e-09	7.62939e-16	1.24747e-24	2.92969e-08	4.36732e-08	1.96316e-08	4.18238e-08
4.46617e-09	9.53674e-16	1.9967e-24	3.45267e-08	4.36732e-08	2.73135e-08	4.09703e-08
4.53009e-09	1.52588e-15	2.85866e-24	3.90625e-08	5.69429e-08	3.92632e-08	5.4627e-08
5.37433e-09	1.62125e-15	4.04354e-24	3.90625e-08	5.69429e-08	3.75561e-08	5.29199e-08
4.54358e-09	9.53674e-16	8.25028e-25	2.76214e-08	5.52427e-08	1.96316e-08	5.54805e-08
5.55127e-09	1.71661e-15	4.06292e-24	4.83374e-08	5.69429e-08	3.92632e-08	5.54805e-08
4.45623e-09	1.33514e-15	2.81491e-24	3.90625e-08	5.25895e-08	3.41419e-08	5.12128e-08
5.05309e-09	1.62125e-15	4.29861e-24	3.90625e-08	5.69429e-08	3.75561e-08	5.29199e-08
4.5162e-09	2.19345e-15	5.23697e-24	4.83374e-08	7.6272e-08	4.01167e-08	7.25515e-08
6.06549e-09	1.81198e-15	5.00498e-24	3.90625e-08	6.17632e-08	3.92632e-08	6.06018e-08
5.63779e-09	2.47955e-15	6.68618e-24	4.88281e-08	7.10948e-08	4.86522e-08	6.91373e-08
4.81733e-09	1.71661e-15	4.60926e-24	4.80405e-08	5.69429e-08	3.32883e-08	5.54805e-08
4.26692e-09	1.62125e-15	4.03931e-24	3.90625e-08	5.69429e-08	3.75561e-08	5.29199e-08
2.39149e-09	9.53674e-17	8.84001e-26	9.76562e-09	1.38107e-08	9.38902e-09	1.45103e-08
4.34787e-09	1.62125e-15	3.98607e-24	3.90625e-08	5.69429e-08	3.75561e-08	5.29199e-08
4.38529e-09	9.53674e-16	1.67747e-24	2.92969e-08	4.88281e-08	2.30458e-08	4.86522e-08
6.0087e-09	2.19345e-15	6.45725e-24	5.52427e-08	6.17632e-08	4.5238e-08	6.06018e-08
4.85724e-09	1.43051e-15	3.82193e-24	3.90625e-08	5.69429e-08	3.75561e-08	5.29199e-08
4.35604e-09	1.52588e-15	3.44814e-24	3.90625e-08	5.69429e-08	3.32883e-08	5.29199e-08
4.33273e-09	1.04904e-15	2.26355e-24	2.92969e-08	4.88281e-08	2.98741e-08	4.69451e-08
4.32242e-09	1.52588e-15	2.889e-24	4.80405e-08	5.25895e-08	3.67025e-08	5.12128e-08
4.57687e-09	2.00272e-15	5.40067e-24	4.88281e-08	5.69429e-08	4.18238e-08	5.71876e-08
4.73858e-09	1.81198e-15	5.03068e-24	3.90625e-08	6.17632e-08	3.92632e-08	6.06018e-08
4.94891e-09	1.90735e-15	4.53456e-24	4.88281e-08	5.69429e-08	4.09703e-08	5.54805e-08
3.90911e-09	9.53674e-16	2.20407e-24	2.92969e-08	4.36732e-08	2.90206e-08	4.01167e-08
3.94708e-09	7.62939e-16	1.71838e-24	2.92969e-08	4.1432e-08	2.8167e-08	4.18238e-08
4.50729e-09	1.62125e-15	3.63561e-24	3.90625e-08	5.69429e-08	3.75561e-08	5.29199e-08
4.74739e-09	1.14441e-15	1.10181e-24	3.45267e-08	5.52427e-08	2.73135e-08	5.20664e-08
4.89442e-09	1.81198e-15	3.14651e-24	4.83374e-08	5.69429e-08	4.09703e-08	5.37735e-08
5.27281e-09	1.14441e-15	3.05338e-24	2.92969e-08	4.88281e-08	2.98741e-08	4.86522e-08
4.50013e-09	1.04904e-15	2.41245e-24	2.92969e-08	4.88281e-08	2.98741e-08	4.69451e-08
5.26326e-09	1.62125e-15	4.28697e-24	4.83374e-08	5.25895e-08	3.75561e-08	5.03593e-08
4.24731e-09	1.23978e-15	2.61247e-24	3.90625e-08	5.25895e-08	2.98741e-08	5.03593e-08
5.39204e-09	1.43051e-15	3.68537e-24	3.90625e-08	5.52427e-08	3.92632e-08	5.54805e-08
5.17075e-09	2.00272e-15	4.98471e-24	4.88281e-08	6.17632e-08	4.35309e-08	5.88947e-08
4.10987e-09	1.43051e-15	2.30166e-24	4.3336e-08	5.69429e-08	2.90206e-08	5.29199e-08
5.34213e-09	1.43051e-15	3.77757e-24	4.80405e-08	5.25895e-08	3.41419e-08	4.86522e-08
4.85753e-09	1.43051e-15	3.68377e-24	3.90625e-08	5.25895e-08	3.75561e-08	5.03593e-08
3.89368e-09	1.62125e-15	4.35764e-24	3.90625e-08	5.69429e-08	3.92632e-08	5.54805e-08
5.4042e-09	1.90735e-15	4.68067e-24	4.88281e-08	5.69429e-08	4.5238e-08	5.54805e-08
5.38692e-09	1.71661e-15	4.47624e-24	3.90625e-08	6.17632e-08	3.92632e-08	6.06018e-08
2.65881e-09	3.8147e-16	6.12493e-25	1.95312e-08	2.76214e-08	1.96316e-08	2.8167e-08
4.96007e-09	1.14441e-15	3.04115e-24	3.90625e-08	4.88281e-08	2.98741e-08	4.5238e-08
4.70055e-09	1.52588e-15	3.38197e-24	3.90625e-08	5.25895e-08	3.67025e-08	5.03593e-08
4.27015e-09	5.72205e-16	6.5426e-25	2.76214e-08	4.1432e-08	1.96316e-08	3.49954e-08
4.19729e-09	1.90735e-15	4.51593e-24	3.90625e-08	6.55098e-08	3.32883e-08	6.14554e-08
4.34179e-09	1.43051e-15	3.60996e-24	3.90625e-08	5.25895e-08	3.75561e-08	5.03593e-08
3.27617e-09	7.62939e-16	1.40024e-24	2.92969e-08	4.1432e-08	2.8167e-08	4.18238e-08
4.83034e-09	1.04904e-15	2.58687e-24	3.90625e-08	4.36732e-08	3.15812e-08	4.18238e-08
4.06604e-09	1.04904e-15	2.02954e-24	2.92969e-08	4.88281e-08	2.98741e-08	4.69451e-08
5.17773e-09	1.52588e-15	3.91437e-24	3.90625e-08	5.69429e-08	3.92632e-08	5.4627e-08
4.28929e-09	8.58307e-16	1.99681e-24	2.92969e-08	4.1432e-08	2.98741e-08	4.18238e-08
6.09351e-09	2.28882e-15	6.58073e-24	4.88281e-08	6.55098e-08	4.86522e-08	6.4016e-08
4.44142e-09	7.62939e-16	1.32541e-24	2.92969e-08	4.1432e-08	2.8167e-08	4.18238e-08
4.88072e-09	1.43051e-15	3.80962e-24	3.90625e-08	5.25895e-08	3.75561e-08	5.03593e-08
5.06157e-09	1.52588e-15	3.60813e-24	3.90625e-08	5.69429e-08	3.92632e-08	5.20664e-08
3.6118e-09	4.76837e-16	7.79564e-25	1.95312e-08	3.52105e-08	1.96316e-08	3.32883e-08
3.9954e-09	1.33514e-15	3.31168e-24	3.90625e-08	4.88281e-08	3.84096e-08	4.5238e-08
4.4386e-09	2.47955e-15	6.00557e-24	4.88281e-08	7.04209e-08	4.86522e-08	6.65767e-08
2.83934e-09	3.8147e-16	4.74324e-25	1.95312e-08	3.08816e-08	1.96316e-08	2.98741e-08
4.5375e-09	1.04904e-15	2.75434e-24	3.90625e-08	4.36732e-08	3.15812e-08	4.18238e-08
2.87107e-09	4.76837e-16	6.77691e-25	1.95312e-08	3.52105e-08	1.96316e-08	3.32883e-08
5.67135e-09	1.90735e-15	5.72622e-24	4.88281e-08	5.69429e-08	4.5238e-08	5.54805e-08
3.99972e-09	8.58307e-16	1.82313e-24	2.92969e-08	4.1432e-08	2.98741e-08	4.18238e-08
3.58158e-09	5.72205e-16	7.7987e-25	2.76214e-08	4.1432e-08	1.96316e-08	3.49954e-08
3.85843e-09	1.14441e-15	2.72953e-24	2.92969e-08	4.88281e-08	2.98741e-08	4.86522e-08
4.64159e-09	1.04904e-15	2.46449e-24	3.90625e-08	4.36732e-08	2.90206e-08	4.26773e-08
5.08022e-09	1.52588e-15	4.54428e-24	3.90625e-08	5.52427e-08	3.84096e-08	5.54805e-08
4.26072e-09	8.58307e-16	1.7879e-24	3.05712e-08	4.88281e-08	1.96316e-08	4.60915e-08
5.01398e-09	1.33514e-15	3.25197e-24	3.90625e-08	4.88281e-08	3.84096e-08	4.5238e-08
5.22486e-09	1.71661e-15	4.23723e-24	3.90625e-08	5.69429e-08	3.84096e-08	5.20664e-08
3.98038e-09	7.62939e-16	1.91166e-24	2.92969e-08	4.1432e-08	2.8167e-08	4.18238e-08
4.36311e-09	5.72205e-16	7.22101e-25	2.76214e-08	4.1432e-08	1.96316e-08	3.49954e-08
4.35815e-09	1.71661e-15	4.3226e-24	3.90625e-08	6.55098e-08	3.41419e-08	6.06018e-08
3.7853e-09	1.71661e-15	4.34666e-24	3.90625e-08	6.25305e-08	3.67025e-08	6.23089e-08
5.00644e-09	1.43051e-15	3.54076e-24	3.90625e-08	5.52427e-08	3.92632e-08	5.54805e-08
4.5179e-09	5.72205e-16	1.1089e-24	2.76214e-08	3.52105e-08	2.04851e-08	3.15812e-08
4.42871e-09	1.43051e-15	3.41143e-24	4.80405e-08	5.25895e-08	3.41419e-08	4.86522e-08
4.68359e-09	1.14441e-15	2.67732e-24	3.90625e-08	4.36732e-08	2.8167e-08	4.18238e-08
4.96294e-09	1.14441e-15	3.54588e-24	2.92969e-08	4.88281e-08	2.98741e-08	4.86522e-08
4.87831e-09	1.23978e-15	3.07902e-24	2.92969e-08	5.25895e-08	2.98741e-08	4.95057e-08
5.00905e-09	2.09808e-15	5.70313e-24	4.88281e-08	6.25305e-08	4.18238e-08	5.71876e-08
4.4176e-09	1.90735e-15	4.8161e-24	4.88281e-08	6.25305e-08	4.18238e-08	5.54805e-08
4.40551e-09	1.14441e-15	1.57718e-24	3.90625e-08	4.88281e-08	3.07277e-08	4.86522e-08
4.51881e-09	1.71661e-15	3.8106e-24	4.83374e-08	5.69429e-08	3.92632e-08	5.29199e-08
4.01018e-09	1.14441e-15	2.21151e-24	3.90625e-08	4.88281e-08	3.07277e-08	4.5238e-08
4.65114e-09	1.33514e-15	2.25273e-24	3.90625e-08	5.25895e-08	3.41419e-08	5.12128e-08
4.52122e-09	1.52588e-15	3.33145e-24	3.90625e-08	5.25895e-08	3.67025e-08	5.03593e-08
5.53556e-09	1.71661e-15	4.86682e-24	4.88281e-08	5.69429e-08	4.01167e-08	5.54805e-08
3.37244e-09	1.04904e-15	2.22596e-24	2.92969e-08	4.88281e-08	2.98741e-08	4.69451e-08
5.31959e-09	2.09808e-15	5.07653e-24	4.88281e-08	6.25305e-08	4.18238e-08	5.71876e-08
4.32464e-09	4.76837e-16	4.46077e-25	2.0716e-08	4.1432e-08	1.36568e-08	3.75561e-08
4.58872e-09	1.62125e-15	3.70588e-24	4.80405e-08	5.69429e-08	3.41419e-08	5.37735e-08
3.77118e-09	1.04904e-15	2.39973e-24	2.92969e-08	4.88281e-08	2.98741e-08	4.69451e-08
5.74809e-09	2.38419e-15	6.75708e-24	4.88281e-08	6.55098e-08	4.86522e-08	6.31625e-08
4.52405e-09	1.23978e-15	3.05403e-24	3.90625e-08	4.88281e-08	2.98741e-08	4.69451e-08
3.7242e-09	8.58307e-16	1.93922e-24	2.92969e-08	4.1432e-08	2.98741e-08	4.18238e-08
4.7895e-09	1.43051e-15	3.00107e-24	3.90625e-08	5.25895e-08	3.41419e-08	5.03593e-08
3.81358e-09	1.43051e-15	3.41904e-24	3.90625e-08	5.52427e-08	3.92632e-08	5.54805e-08
5.00457e-09	1.71661e-15	3.60273e-24	4.83374e-08	5.69429e-08	3.92632e-08	5.29199e-08
5.02256e-09	1.62125e-15	3.92426e-24	3.90625e-08	5.69429e-08	3.32883e-08	5.29199e-08
4.52388e-09	1.23978e-15	2.65988e-24	3.90625e-08	4.88281e-08	2.98741e-08	4.69451e-08
5.33792e-09	1.90735e-15	5.29171e-24	4.88281e-08	5.69429e-08	4.09703e-08	5.54805e-08
5.0245e-09	1.33514e-15	2.62405e-24	3.90625e-08	4.88281e-08	3.84096e-08	4.5238e-08
5.25864e-09	1.52588e-15	3.98155e-24	3.90625e-08	5.52427e-08	3.92632e-08	5.20664e-08
5.26264e-09	1.52588e-15	3.55571e-24	3.90625e-08	5.25895e-08	3.67025e-08	5.03593e-08
5.84537e-09	1.81198e-15	3.85785e-24	4.83374e-08	5.69429e-08	4.09703e-08	5.37735e-08
4.39748e-09	1.33514e-15	3.44245e-24	3.90625e-08	4.88281e-08	3.84096e-08	4.5238e-08
5.3831e-09	2.00272e-15	5.62257e-24	4.88281e-08	5.69429e-08	4.18238e-08	5.71876e-08
5.42678e-09	1.62125e-15	4.36482e-24	3.90625e-08	5.69429e-08	3.75561e-08	5.29199e-08
4.47732e-09	7.62939e-16	1.51533e-24	2.92969e-08	4.1432e-08	2.8167e-08	4.18238e-08
4.8502e-09	2.00272e-15	5.19771e-24	4.88281e-08	6.17632e-08	4.35309e-08	5.88947e-08
4.98911e-09	1.04904e-15	2.85295e-24	2.92969e-08	4.97951e-08	2.98741e-08	4.86522e-08
3.74993e-09	8.58307e-16	1.6734e-24	2.92969e-08	4.1432e-08	2.98741e-08	4.18238e-08
5.7162e-09	1.71661e-15	4.40576e-24	3.90625e-08	5.69429e-08	3.84096e-08	5.20664e-08
5.88495e-09	1.71661e-15	3.85844e-24	4.80405e-08	5.69429e-08	3.92632e-08	5.29199e-08
5.30732e-09	1.71661e-15	4.84428e-24	3.90625e-08	5.69429e-08	3.84096e-08	5.29199e-08
4.0024e-09	8.58307e-16	2.01998e-24	2.92969e-08	4.1432e-08	2.98741e-08	4.18238e-08
4.08398e-09	8.58307e-16	2.33789e-24	2.92969e-08	4.1432e-08	2.98741e-08	4.18238e-08
4.65948e-09	1.62125e-15	4.23114e-24	3.90625e-08	5.69429e-08	3.75561e-08	5.29199e-08
4.27064e-09	1.43051e-15	2.95476e-24	3.90625e-08	5.52427e-08	3.15812e-08	5.12128e-08
3.78718e-09	7.62939e-16	4.2928e-25	2.76214e-08	4.88281e-08	2.04851e-08	4.5238e-08
5.34957e-09	1.62125e-15	4.58013e-24	3.90625e-08	5.69429e-08	3.75561e-08	5.29199e-08
4.54321e-09	1.90735e-15	5.09655e-24	3.90625e-08	6.25305e-08	3.84096e-08	6.23089e-08
4.01133e-09	7.62939e-16	1.63049e-24	2.92969e-08	4.1432e-08	2.8167e-08	4.18238e-08
3.79216e-09	9.53674e-16	2.07164e-24	2.92969e-08	4.36732e-08	2.98741e-08	4.09703e-08
5.85814e-09	2.09808e-15	5.09224e-24	4.88281e-08	6.17632e-08	4.18238e-08	5.88947e-08
4.74736e-09	7.62939e-16	1.71096e-24	2.92969e-08	4.1432e-08	2.8167e-08	4.18238e-08
3.75569e-09	9.53674e-16	2.55998e-24	2.92969e-08	4.36732e-08	2.98741e-08	4.09703e-08
5.18643e-09	2.38419e-15	6.12745e-24	4.88281e-08	6.55098e-08	4.86522e-08	6.31625e-08
4.73161e-09	1.81198e-15	4.84901e-24	4.88281e-08	5.69429e-08	4.18238e-08	5.63341e-08
5.32572e-09	1.52588e-15	3.5706e-24	3.90625e-08	5.25895e-08	3.67025e-08	5.03593e-08
3.53109e-09	9.53674e-17	1.00119e-25	9.76562e-09	1.38107e-08	9.38902e-09	1.45103e-08
3.67616e-09	1.14441e-15	2.00912e-24	2.92969e-08	5.25895e-08	2.98741e-08	4.86522e-08
5.0124e-09	1.90735e-15	5.01642e-24	4.83374e-08	6.25305e-08	3.92632e-08	5.97483e-08
3.3089e-09	5.72205e-16	1.04077e-24	1.95312e-08	4.36732e-08	1.96316e-08	4.01167e-08
5.19531e-09	1.81198e-15	4.04072e-24	4.83374e-08	5.69429e-08	4.09703e-08	5.37735e-08
4.72862e-09	2.19345e-15	5.07141e-24	4.88281e-08	6.25305e-08	4.26773e-08	6.14554e-08
4.40393e-09	1.14441e-15	1.97007e-24	3.90625e-08	4.97951e-08	3.32883e-08	4.95057e-08
5.17396e-09	1.81198e-15	5.24834e-24	4.88281e-08	5.69429e-08	4.09703e-08	5.4627e-08
4.07459e-09	1.04904e-15	2.20687e-24	3.90625e-08	4.36732e-08	2.90206e-08	4.26773e-08
4.22054e-09	2.09808e-15	5.68635e-24	4.88281e-08	7.04209e-08	3.92632e-08	6.91373e-08
3.69241e-09	5.72205e-16	1.31874e-24	1.95312e-08	3.52105e-08	1.96316e-08	3.32883e-08
3.46588e-09	5.72205e-16	4.95061e-25	2.76214e-08	4.1432e-08	1.96316e-08	3.49954e-08
4.09227e-09	7.62939e-16	1.1943e-24	2.92969e-08	4.1432e-08	2.8167e-08	4.18238e-08
4.68217e-09	2.09808e-15	4.21783e-24	4.88281e-08	7.04209e-08	3.5849e-08	6.74302e-08
4.40829e-09	9.53674e-16	1.94458e-24	2.92969e-08	4.36732e-08	2.90206e-08	4.01167e-08
5.12404e-09	1.43051e-15	4.03325e-24	3.90625e-08	5.25895e-08	3.75561e-08	5.03593e-08
5.45392e-09	1.62125e-15	3.93698e-24	3.90625e-08	5.69429e-08	3.75561e-08	5.29199e-08
4.56908e-09	6.67572e-16	1.66493e-24	2.92969e-08	3.52105e-08	2.47529e-08	3.41419e-08
4.88367e-09	1.62125e-15	4.14451e-24	3.90625e-08	5.9402e-08	3.92632e-08	5.88947e-08
5.54985e-09	1.81198e-15	4.36644e-24	4.88281e-08	5.69429e-08	4.09703e-08	5.4627e-08
4.98497e-09	1.33514e-15	3.19446e-24	3.90625e-08	5.25895e-08	3.41419e-08	5.12128e-08
6.66779e-09	1.90735e-15	5.75514e-24	4.88281e-08	5.69429e-08	4.09703e-08	5.54805e-08
2.52446e-09	9.53674e-17	9.70296e-26	9.76562e-09	1.38107e-08	9.38902e-09	1.45103e-08
3.87343e-09	5.72205e-16	9.02242e-25	2.76214e-08	4.1432e-08	1.96316e-08	3.49954e-08
5.93642e-09	1.14441e-15	2.8959e-24	3.90625e-08	4.88281e-08	3.07277e-08	4.5238e-08
5.29385e-09	1.81198e-15	4.46425e-24	4.88281e-08	5.69429e-08	4.18238e-08	5.63341e-08
4.4256e-09	1.14441e-15	2.46889e-24	3.90625e-08	4.88281e-08	2.98741e-08	4.5238e-08
5.12894e-09	2.28882e-15	5.38614e-24	4.88281e-08	6.25305e-08	4.86522e-08	5.97483e-08
5.90263e-09	1.52588e-15	3.84278e-24	3.90625e-08	5.25895e-08	3.67025e-08	5.03593e-08
5.62268e-09	1.90735e-15	4.82267e-24	4.88281e-08	5.69429e-08	4.09703e-08	5.54805e-08
5.95031e-09	2.09808e-15	6.14895e-24	4.88281e-08	6.25305e-08	4.43844e-08	5.88947e-08
3.64647e-09	1.14441e-15	2.48653e-24	3.90625e-08	4.88281e-08	2.98741e-08	4.5238e-08
4.79056e-09	1.52588e-15	3.59301e-24	3.90625e-08	5.69429e-08	3.5849e-08	5.29199e-08
5.46255e-09	1.71661e-15	4.90987e-24	3.90625e-08	5.69429e-08	3.84096e-08	5.20664e-08
4.57758e-09	1.04904e-15	1.62455e-24	3.90625e-08	4.88281e-08	2.47529e-08	4.5238e-08
5.64739e-09	2.00272e-15	5.30573e-24	4.88281e-08	6.25305e-08	4.43844e-08	5.80412e-08
3.93543e-09	1.04904e-15	2.40767e-24	2.92969e-08	4.88281e-08	2.98741e-08	4.69451e-08
5.48826e-09	1.52588e-15	3.686e-24	3.90625e-08	5.52427e-08	3.84096e-08	5.54805e-08
4.87179e-09	1.71661e-15	4.05358e-24	4.83374e-08	5.69429e-08	3.92632e-08	5.29199e-08
3.9762e-09	8.58307e-16	1.45062e-24	2.92969e-08	4.36732e-08	2.38993e-08	4.01167e-08
4.78512e-09	8.58307e-16	2.27903e-24	2.92969e-08	4.36732e-08	2.38993e-08	4.01167e-08
5.5983e-09	1.62125e-15	4.53414e-24	3.90625e-08	5.69429e-08	3.75561e-08	5.29199e-08
3.80715e-09	1.04904e-15	2.12504e-24	3.90625e-08	4.88281e-08	2.98741e-08	4.43844e-08
4.94807e-09	1.81198e-15	4.64966e-24	4.63224e-08	6.90534e-08	3.32883e-08	6.91373e-08
5.52613e-09	1.52588e-15	3.92271e-24	3.90625e-08	5.9402e-08	3.92632e-08	5.88947e-08
4.99525e-09	1.52588e-15	4.2326e-24	3.90625e-08	5.25895e-08	3.67025e-08	5.03593e-08
5.31189e-09	1.52588e-15	3.89268e-24	4.80405e-08	5.25895e-08	3.67025e-08	5.12128e-08
4.94703e-09	2.38419e-15	5.62506e-24	4.88281e-08	6.55098e-08	4.95057e-08	6.31625e-08
6.50786e-09	1.71661e-15	4.628e-24	3.90625e-08	5.69429e-08	3.84096e-08	5.29199e-08
3.39806e-09	1.04904e-15	1.58687e-24	3.45267e-08	5.25895e-08	2.47529e-08	5.03593e-08
4.07271e-09	7.62939e-16	1.15712e-24	2.92969e-08	4.1432e-08	2.8167e-08	4.18238e-08
5.02814e-09	1.71661e-15	4.853e-24	3.90625e-08	5.69429e-08	3.84096e-08	5.20664e-08
3.87374e-09	1.14441e-15	2.93071e-24	2.92969e-08	4.88281e-08	2.98741e-08	4.86522e-08
3.72671e-09	1.33514e-15	3.29981e-24	3.90625e-08	4.88281e-08	3.84096e-08	4.5238e-08
3.76977e-09	1.33514e-15	2.87741e-24	3.90625e-08	4.88281e-08	3.84096e-08	4.5238e-08
4.18883e-09	9.53674e-16	1.89209e-24	2.92969e-08	4.36732e-08	2.90206e-08	4.01167e-08
5.15815e-09	1.90735e-15	4.9542e-24	4.83374e-08	6.25305e-08	3.92632e-08	5.97483e-08
4.75806e-09	1.23978e-15	3.33229e-24	2.92969e-08	5.25895e-08	2.98741e-08	4.95057e-08
3.12461e-09	2.86102e-16	1.566e-25	1.95312e-08	2.76214e-08	1.36568e-08	2.47529e-08
4.41227e-09	1.52588e-15	3.67936e-24	3.90625e-08	5.25895e-08	3.67025e-08	5.03593e-08
3.911e-09	1.62125e-15	4.22897e-24	3.90625e-08	5.69429e-08	3.32883e-08	5.29199e-08
3.44463e-09	8.58307e-16	1.66239e-24	2.92969e-08	4.36732e-08	2.90206e-08	4.26773e-08
5.24349e-09	1.81198e-15	5.94503e-24	3.90625e-08	6.25305e-08	3.84096e-08	6.14554e-08
3.00848e-09	7.62939e-16	1.46128e-24	2.92969e-08	4.1432e-08	2.8167e-08	4.18238e-08
4.94428e-09	1.62125e-15	3.81638e-24	4.80405e-08	5.69429e-08	3.75561e-08	5.29199e-08
4.83743e-09	1.81198e-15	4.06722e-24	4.83374e-08	5.69429e-08	4.09703e-08	5.37735e-08
4.09836e-09	1.14441e-15	1.77523e-24	3.45267e-08	5.69429e-08	2.8167e-08	5.29199e-08
1.78691e-09	9.53674e-17	9.03156e-27	9.76562e-09	1.38107e-08	9.38902e-09	1.45103e-08
5.03942e-09	1.52588e-15	3.92045e-24	3.90625e-08	5.25895e-08	3.67025e-08	5.03593e-08
4.72013e-09	1.23978e-15	2.37761e-24	3.90625e-08	4.88281e-08	3.15812e-08	4.60915e-08
4.21991e-09	1.14441e-15	2.79659e-24	3.90625e-08	4.97951e-08	3.32883e-08	4.95057e-08
4.52538e-09	1.23978e-15	2.91096e-24	3.90625e-08	4.88281e-08	2.98741e-08	4.69451e-08
4.44985e-09	1.52588e-15	3.72291e-24	3.90625e-08	5.25895e-08	3.67025e-08	5.03593e-08
5.22053e-09	1.71661e-15	3.83889e-24	4.83374e-08	5.69429e-08	3.75561e-08	5.20664e-08
4.10157e-09	6.67572e-16	1.64575e-24	1.95312e-08	4.36732e-08	1.96316e-08	4.26773e-08
5.05482e-09	1.04904e-15	1.67622e-24	3.45267e-08	4.88281e-08	2.47529e-08	4.60915e-08
5.16261e-09	1.62125e-15	3.70623e-24	3.90625e-08	5.69429e-08	3.92632e-08	5.29199e-08
4.31748e-09	1.14441e-15	2.93472e-24	2.92969e-08	4.88281e-08	2.98741e-08	4.86522e-08
4.41014e-09	1.04904e-15	2.38198e-24	3.90625e-08	4.36732e-08	3.15812e-08	4.18238e-08
4.0351e-09	1.43051e-15	3.14472e-24	3.90625e-08	5.25895e-08	3.75561e-08	5.03593e-08
4.42374e-09	1.52588e-15	3.58966e-24	4.80405e-08	5.25895e-08	3.67025e-08	5.12128e-08
5.92877e-09	2.00272e-15	5.18427e-24	4.88281e-08	6.25305e-08	4.43844e-08	5.80412e-08
5.20768e-09	1.62125e-15	4.49927e-24	3.90625e-08	5.69429e-08	3.92632e-08	5.54805e-08
4.44607e-09	1.14441e-15	3.14313e-24	2.92969e-08	4.88281e-08	2.98741e-08	4.86522e-08
5.01311e-09	2.09808e-15	6.13498e-24	4.88281e-08	6.25305e-08	4.26773e-08	5.97483e-08
4.38809e-09	9.53674e-16	2.4424e-24	2.92969e-08	4.36732e-08	2.98741e-08	4.09703e-08
3.23987e-09	8.58307e-16	1.47118e-24	2.92969e-08	4.88281e-08	2.47529e-08	4.43844e-08
5.22626e-09	1.81198e-15	4.50253e-24	3.90625e-08	6.55098e-08	3.75561e-08	6.14554e-08
5.25048e-09	2.19345e-15	5.69761e-24	4.88281e-08	6.25305e-08	4.86522e-08	6.14554e-08
4.85142e-09	1.90735e-15	4.75132e-24	4.88281e-08	5.69429e-08	4.09703e-08	5.54805e-08
5.75256e-09	2.19345e-15	6.24121e-24	4.88281e-08	6.55098e-08	4.5238e-08	6.31625e-08
4.52201e-09	1.43051e-15	3.33289e-24	3.90625e-08	5.25895e-08	3.75561e-08	5.03593e-08
4.66078e-09	1.43051e-15	3.86116e-24	3.90625e-08	5.52427e-08	3.92632e-08	5.54805e-08
4.92076e-09	1.52588e-15	3.57819e-24	4.80405e-08	5.25895e-08	3.67025e-08	5.12128e-08
3.9835e-09	6.67572e-16	1.59007e-24	2.92969e-08	3.52105e-08	2.47529e-08	3.41419e-08
5.4497e-09	1.33514e-15	2.35375e-24	3.90625e-08	5.25895e-08	3.41419e-08	5.12128e-08
5.3648e-09	1.52588e-15	4.25394e-24	3.90625e-08	5.25895e-08	3.67025e-08	5.03593e-08
4.05782e-09	9.53674e-16	1.27241e-24	3.45267e-08	4.36732e-08	2.73135e-08	4.09703e-08
4.85056e-09	1.62125e-15	4.09471e-24	4.80405e-08	5.69429e-08	3.41419e-08	5.37735e-08
3.70824e-09	1.04904e-15	1.80661e-24	3.45267e-08	4.88281e-08	2.47529e-08	4.60915e-08
4.51099e-09	1.23978e-15	3.20296e-24	3.90625e-08	4.88281e-08	3.15812e-08	4.5238e-08
5.70551e-09	1.90735e-15	5.16424e-24	4.88281e-08	5.69429e-08	4.5238e-08	5.54805e-08
4.35443e-09	1.71661e-15	4.55834e-24	3.90625e-08	5.69429e-08	3.84096e-08	5.20664e-08
5.06502e-09	5.72205e-16	4.63371e-25	1.95312e-08	4.02647e-08	1.96316e-08	3.84096e-08
5.06929e-09	1.62125e-15	4.59638e-24	3.90625e-08	5.69429e-08	3.75561e-08	5.29199e-08
4.30586e-09	1.04904e-15	2.55312e-24	2.92969e-08	4.88281e-08	2.98741e-08	4.69451e-08
4.29998e-09	1.04904e-15	2.84262e-24	2.92969e-08	4.88281e-08	2.98741e-08	4.69451e-08
4.7347e-09	1.33514e-15	3.03647e-24	3.90625e-08	4.88281e-08	3.84096e-08	4.5238e-08
4.8995e-09	8.58307e-16	1.58842e-24	2.92969e-08	4.88281e-08	2.47529e-08	4.43844e-08
4.74321e-09	1.04904e-15	2.52528e-24	2.92969e-08	4.88281e-08	2.98741e-08	4.69451e-08
3.9051e-09	1.04904e-15	2.62494e-24	2.92969e-08	4.88281e-08	2.98741e-08	4.69451e-08
4.70895e-09	1.81198e-15	4.17779e-24	4.83374e-08	5.69429e-08	4.09703e-08	5.37735e-08
4.74271e-09	1.43051e-15	3.33445e-24	3.90625e-08	5.25895e-08	3.75561e-08	5.03593e-08
4.79888e-09	9.53674e-16	2.13638e-24	2.92969e-08	4.36732e-08	2.90206e-08	4.01167e-08
4.30547e-09	8.58307e-16	2.29902e-24	2.92969e-08	4.1432e-08	2.98741e-08	4.18238e-08
4.84243e-09	1.33514e-15	2.93705e-24	3.90625e-08	5.69429e-08	2.98741e-08	5.54805e-08
4.19758e-09	1.14441e-15	2.91299e-24	3.90625e-08	4.88281e-08	2.98741e-08	4.5238e-08
4.63217e-09	1.43051e-15	3.20856e-24	3.90625e-08	5.52427e-08	3.92632e-08	5.54805e-08
5.40898e-09	2.86102e-15	6.32196e-24	5.85937e-08	7.8733e-08	4.09703e-08	7.51121e-08
5.64398e-09	1.71661e-15	3.7678e-24	3.90625e-08	6.17632e-08	3.92632e-08	6.06018e-08
4.66287e-09	8.58307e-16	1.63919e-24	2.92969e-08	4.36732e-08	2.38993e-08	4.01167e-08
4.6546e-09	1.43051e-15	3.97695e-24	3.90625e-08	5.25895e-08	3.75561e-08	5.03593e-08
4.15291e-09	1.81198e-15	4.53966e-24	3.90625e-08	6.55098e-08	3.75561e-08	6.14554e-08
4.41172e-09	1.04904e-15	1.72852e-24	3.45267e-08	4.88281e-08	2.47529e-08	4.60915e-08
4.75091e-09	1.52588e-15	4.03023e-24	3.90625e-08	5.25895e-08	3.67025e-08	5.03593e-08
4.90533e-09	1.23978e-15	2.6905e-24	3.90625e-08	4.88281e-08	3.15812e-08	4.5238e-08
4.43998e-09	2.19345e-15	5.0676e-24	3.90625e-08	7.43728e-08	3.75561e-08	7.16979e-08
4.86373e-09	2.19345e-15	5.25331e-24	5.52427e-08	6.17632e-08	4.5238e-08	6.06018e-08
4.22966e-09	1.62125e-15	3.62922e-24	4.83374e-08	5.25895e-08	3.75561e-08	5.03593e-08
4.36205e-09	1.04904e-15	1.86901e-24	3.45267e-08	4.88281e-08	2.47529e-08	4.60915e-08
4.20386e-09	1.33514e-15	2.97265e-24	3.90625e-08	5.52427e-08	2.8167e-08	5.54805e-08
4.87215e-09	1.52588e-15	2.73408e-24	3.90625e-08	5.25895e-08	3.67025e-08	5.03593e-08
4.85112e-09	1.52588e-15	3.08429e-24	3.90625e-08	5.25895e-08	3.67025e-08	5.03593e-08
4.61696e-09	1.52588e-15	3.69439e-24	3.90625e-08	5.25895e-08	3.67025e-08	5.03593e-08
4.44653e-09	1.23978e-15	2.75852e-24	3.90625e-08	4.88281e-08	3.15812e-08	4.5238e-08
4.06679e-09	6.67572e-16	1.66321e-24	1.95312e-08	4.36732e-08	1.96316e-08	4.26773e-08
4.97007e-09	1.62125e-15	3.59069e-24	4.83374e-08	5.25895e-08	3.75561e-08	5.03593e-08
4.75395e-09	2.57492e-15	6.13247e-24	4.88281e-08	7.43728e-08	4.86522e-08	6.99908e-08
5.02295e-09	1.14441e-15	2.55726e-24	3.90625e-08	4.88281e-08	3.07277e-08	4.86522e-08
3.58179e-09	6.67572e-16	1.52422e-24	2.92969e-08	3.52105e-08	2.47529e-08	3.41419e-08
3.75856e-09	9.53674e-16	1.3153e-24	3.45267e-08	4.36732e-08	2.73135e-08	4.09703e-08
3.73896e-09	5.72205e-16	7.17219e-25	2.76214e-08	4.1432e-08	1.96316e-08	3.49954e-08
4.27373e-09	1.43051e-15	3.43284e-24	3.90625e-08	5.25895e-08	3.75561e-08	5.03593e-08
5.50548e-09	1.71661e-15	4.75273e-24	3.90625e-08	5.69429e-08	3.84096e-08	5.29199e-08
4.68577e-09	1.52588e-15	2.69742e-24	4.80405e-08	5.25895e-08	3.67025e-08	5.12128e-08
4.80603e-09	9.53674e-16	2.01711e-24	2.92969e-08	5.25895e-08	2.73135e-08	5.12128e-08
4.58184e-09	1.33514e-15	3.72166e-24	3.90625e-08	4.88281e-08	3.84096e-08	4.5238e-08
3.64533e-09	6.67572e-16	9.67635e-25	2.92969e-08	4.1432e-08	2.04851e-08	3.92632e-08
3.43882e-09	8.58307e-16	1.57454e-24	2.92969e-08	4.36732e-08	2.38993e-08	4.01167e-08
4.84135e-09	8.58307e-16	2.67674e-24	2.92969e-08	4.1432e-08	2.98741e-08	4.18238e-08
4.69697e-09	1.04904e-15	2.28762e-24	3.90625e-08	4.36732e-08	3.15812e-08	4.18238e-08
4.37297e-09	8.58307e-16	1.62731e-24	2.92969e-08	4.36732e-08	2.38993e-08	4.01167e-08
4.22256e-09	1.23978e-15	2.94643e-24	3.90625e-08	4.88281e-08	3.15812e-08	4.5238e-08
4.04571e-09	9.53674e-16	2.21994e-24	2.92969e-08	4.36732e-08	2.90206e-08	4.01167e-08
3.93384e-09	9.53674e-16	1.93939e-24	2.92969e-08	4.36732e-08	2.90206e-08	4.01167e-08
4.33922e-09	1.43051e-15	3.34394e-24	3.90625e-08	5.25895e-08	3.75561e-08	5.03593e-08
4.766e-09	1.81198e-15	4.66699e-24	4.80405e-08	6.17632e-08	3.92632e-08	5.88947e-08
4.22018e-09	1.04904e-15	2.41723e-24	2.92969e-08	4.88281e-08	2.98741e-08	4.69451e-08
4.91724e-09	1.14441e-15	2.35914e-24	3.90625e-08	4.88281e-08	3.07277e-08	4.86522e-08
5.50741e-09	2.19345e-15	6.09415e-24	4.88281e-08	6.55098e-08	4.5238e-08	6.31625e-08
3.73745e-09	1.14441e-15	2.5661e-24	2.92969e-08	4.88281e-08	2.98741e-08	4.86522e-08
4.40245e-09	1.71661e-15	3.52582e-24	4.80405e-08	5.69429e-08	3.92632e-08	5.29199e-08
3.70828e-09	1.62125e-15	3.11986e-24	3.90625e-08	6.25305e-08	2.90206e-08	5.97483e-08
3.54466e-09	8.58307e-16	2.1259e-24	2.92969e-08	4.1432e-08	2.98741e-08	4.18238e-08
3.8343e-09	6.67572e-16	9.7723e-25	2.76214e-08	4.36732e-08	1.96316e-08	4.26773e-08
3.89898e-09	9.53674e-16	2.00142e-24	2.92969e-08	4.36732e-08	2.90206e-08	4.01167e-08
4.62204e-09	1.33514e-15	3.31628e-24	3.90625e-08	4.88281e-08	3.84096e-08	4.5238e-08
5.64965e-09	1.90735e-15	4.85945e-24	4.83374e-08	6.17632e-08	3.92632e-08	5.88947e-08
4.47679e-09	1.43051e-15	3.93073e-24	3.90625e-08	5.52427e-08	3.92632e-08	5.54805e-08
4.77039e-09	2.57492e-15	6.42882e-24	4.88281e-08	7.10948e-08	4.5238e-08	6.91373e-08
4.6138e-09	1.52588e-15	3.97595e-24	3.90625e-08	5.25895e-08	3.67025e-08	5.03593e-08
5.14677e-09	1.71661e-15	3.62005e-24	3.90625e-08	5.69429e-08	3.84096e-08	5.29199e-08
4.14701e-09	1.04904e-15	1.9921e-24	3.90625e-08	4.36732e-08	2.90206e-08	4.26773e-08
3.86426e-09	1.33514e-15	2.25594e-24	3.45267e-08	6.25305e-08	2.30458e-08	6.23089e-08
3.95615e-09	6.67572e-16	1.90912e-24	1.95312e-08	4.36732e-08	1.96316e-08	4.26773e-08
5.40587e-09	7.62939e-16	9.24316e-25	2.76214e-08	4.88281e-08	2.04851e-08	4.5238e-08
5.22951e-09	1.81198e-15	4.34749e-24	4.83374e-08	6.55098e-08	3.75561e-08	6.06018e-08
5.58038e-09	1.71661e-15	4.87753e-24	4.83374e-08	5.69429e-08	3.92632e-08	5.29199e-08
5.69967e-09	1.71661e-15	4.97272e-24	3.90625e-08	5.69429e-08	3.84096e-08	5.20664e-08
5.02608e-09	2.28882e-15	5.8667e-24	4.88281e-08	6.55098e-08	4.01167e-08	6.4016e-08
4.61816e-09	1.43051e-15	3.62719e-24	3.90625e-08	5.52427e-08	3.92632e-08	5.54805e-08
5.01912e-09	2.00272e-15	5.10766e-24	4.88281e-08	6.17632e-08	4.5238e-08	6.06018e-08
3.32718e-09	7.62939e-16	1.32796e-24	2.92969e-08	4.1432e-08	2.8167e-08	4.18238e-08
4.85771e-09	1.62125e-15	4.26412e-24	3.90625e-08	5.69429e-08	3.75561e-08	5.29199e-08
4.60821e-09	1.43051e-15	3.96085e-24	3.90625e-08	5.25895e-08	3.75561e-08	5.03593e-08
4.88957e-09	1.04904e-15	2.32038e-24	3.90625e-08	4.36732e-08	3.15812e-08	4.18238e-08
4.39833e-09	1.04904e-15	2.92709e-24	2.92969e-08	4.88281e-08	2.98741e-08	4.69451e-08
4.63684e-09	1.71661e-15	3.63685e-24	4.83374e-08	5.69429e-08	3.92632e-08	5.29199e-08
5.80191e-09	1.71661e-15	4.53922e-24	3.90625e-08	5.69429e-08	3.84096e-08	5.20664e-08
4.45981e-09	1.23978e-15	2.94721e-24	3.90625e-08	4.88281e-08	3.15812e-08	4.5238e-08
5.4306e-09	1.71661e-15	4.93542e-24	3.90625e-08	6.17632e-08	3.84096e-08	6.06018e-08
4.42744e-09	1.33514e-15	3.3611e-24	3.90625e-08	4.88281e-08	3.84096e-08	4.5238e-08
4.7132e-09	2.28882e-15	5.82245e-24	4.88281e-08	6.55098e-08	4.86522e-08	6.4016e-08
5.20498e-09	1.14441e-15	2.37322e-24	3.90625e-08	4.88281e-08	3.07277e-08	4.86522e-08
4.8216e-09	8.58307e-16	1.82745e-24	2.92969e-08	4.1432e-08	2.98741e-08	4.18238e-08
5.29846e-09	1.52588e-15	4.00939e-24	3.90625e-08	5.52427e-08	3.92632e-08	5.20664e-08
5.4577e-09	1.62125e-15	4.9098e-24	3.90625e-08	5.69429e-08	3.92632e-08	5.54805e-08
5.04436e-09	1.23978e-15	2.36157e-24	3.90625e-08	5.52427e-08	3.24348e-08	4.86522e-08
4.84321e-09	1.62125e-15	4.32401e-24	4.80405e-08	5.69429e-08	3.84096e-08	5.29199e-08
4.85461e-09	1.90735e-15	4.36965e-24	3.90625e-08	6.25305e-08	3.92632e-08	6.06018e-08
4.93692e-09	2.09808e-15	5.09985e-24	4.88281e-08	6.25305e-08	4.18238e-08	5.71876e-08
5.95629e-09	1.43051e-15	3.9664e-24	3.90625e-08	5.25895e-08	3.75561e-08	5.03593e-08
3.36545e-09	7.62939e-16	1.38754e-24	2.92969e-08	4.02647e-08	2.30458e-08	4.01167e-08
4.4084e-09	1.62125e-15	3.91895e-24	3.90625e-08	5.69429e-08	3.92632e-08	5.54805e-08
5.33011e-09	1.62125e-15	4.56233e-24	3.90625e-08	5.69429e-08	3.92632e-08	5.54805e-08
3.94368e-09	1.52588e-15	3.58833e-24	3.90625e-08	5.25895e-08	3.67025e-08	5.03593e-08
5.2293e-09	1.33514e-15	3.15827e-24	3.90625e-08	4.88281e-08	3.84096e-08	4.5238e-08
5.61012e-09	2.67029e-15	8.06218e-24	5.85937e-08	6.55098e-08	5.29199e-08	6.31625e-08
6.10479e-09	2.09808e-15	6.11552e-24	4.88281e-08	6.25305e-08	4.18238e-08	5.71876e-08
3.86748e-09	9.53674e-16	2.01632e-24	2.92969e-08	4.36732e-08	2.90206e-08	4.01167e-08
4.59517e-09	1.52588e-15	4.01994e-24	3.90625e-08	5.25895e-08	3.67025e-08	5.03593e-08
5.63787e-09	2.00272e-15	5.30447e-24	4.88281e-08	5.69429e-08	4.18238e-08	5.71876e-08
4.51398e-09	1.04904e-15	1.31288e-24	3.45267e-08	4.88281e-08	2.47529e-08	4.60915e-08
5.2829e-09	1.43051e-15	3.48257e-24	3.90625e-08	5.52427e-08	3.92632e-08	5.54805e-08
4.06358e-09	1.04904e-15	2.15059e-24	3.90625e-08	4.36732e-08	3.15812e-08	4.18238e-08
4.94123e-09	1.90735e-15	4.23317e-24	4.88281e-08	6.25305e-08	3.92632e-08	6.06018e-08
5.51838e-09	1.90735e-15	4.75392e-24	4.88281e-08	6.17632e-08	3.92632e-08	6.06018e-08
5.25203e-09	2.00272e-15	5.94617e-24	4.88281e-08	5.69429e-08	4.18238e-08	5.71876e-08
4.56081e-09	1.33514e-15	2.55385e-24	3.90625e-08	5.25895e-08	3.41419e-08	5.12128e-08
5.37296e-09	1.90735e-15	5.10556e-24	4.88281e-08	6.25305e-08	4.09703e-08	5.97483e-08
5.54217e-09	2.09808e-15	5.49107e-24	4.88281e-08	6.25305e-08	4.18238e-08	5.71876e-08
3.76827e-09	1.33514e-15	2.84066e-24	3.90625e-08	5.25895e-08	3.41419e-08	5.12128e-08
5.16915e-09	1.23978e-15	2.95472e-24	3.90625e-08	4.88281e-08	2.98741e-08	4.69451e-08
5.09214e-09	1.71661e-15	4.17057e-24	4.88281e-08	5.69429e-08	3.92632e-08	5.63341e-08
4.30526e-09	1.43051e-15	3.24161e-24	3.90625e-08	5.52427e-08	3.92632e-08	5.54805e-08
5.66458e-09	2.09808e-15	5.40755e-24	4.88281e-08	6.25305e-08	4.18238e-08	5.71876e-08
4.48796e-09	1.14441e-15	2.02504e-24	3.90625e-08	4.88281e-08	3.07277e-08	4.86522e-08
3.91888e-09	1.43051e-15	3.36384e-24	3.90625e-08	5.52427e-08	3.92632e-08	5.54805e-08
5.88393e-09	2.00272e-15	4.8598e-24	4.88281e-08	5.69429e-08	4.18238e-08	5.71876e-08
5.29801e-09	1.90735e-15	4.53848e-24	4.88281e-08	5.69429e-08	4.09703e-08	5.54805e-08
3.60779e-09	7.62939e-16	1.4813e-24	2.92969e-08	4.1432e-08	2.8167e-08	4.18238e-08
5.31025e-09	2.38419e-15	5.93398e-24	5.52427e-08	6.55098e-08	4.86522e-08	6.31625e-08
4.53455e-09	9.53674e-16	1.94991e-24	3.70579e-08	4.97951e-08	2.21922e-08	4.86522e-08
4.58146e-09	1.23978e-15	2.88416e-24	3.90625e-08	4.88281e-08	3.15812e-08	4.5238e-08
4.04592e-09	8.58307e-16	2.14267e-24	2.92969e-08	4.1432e-08	2.98741e-08	4.18238e-08
2.87863e-09	4.76837e-16	6.19292e-25	1.95312e-08	3.52105e-08	1.96316e-08	3.32883e-08
5.79183e-09	1.62125e-15	4.741e-24	3.90625e-08	6.17632e-08	3.84096e-08	6.06018e-08
4.06674e-09	1.23978e-15	2.632e-24	2.92969e-08	5.25895e-08	2.90206e-08	5.03593e-08
4.90492e-09	1.43051e-15	3.74313e-24	3.90625e-08	5.52427e-08	3.92632e-08	5.54805e-08
3.82398e-09	8.58307e-16	1.92012e-24	2.92969e-08	4.36732e-08	2.38993e-08	4.01167e-08
4.61653e-09	1.52588e-15	3.52436e-24	3.90625e-08	5.52427e-08	3.92632e-08	5.20664e-08
4.09738e-09	2.19345e-15	5.03972e-24	4.80405e-08	7.04209e-08	3.75561e-08	6.82838e-08
5.08984e-09	8.58307e-16	2.03687e-24	2.92969e-08	4.36732e-08	2.38993e-08	4.01167e-08
6.24546e-09	2.19345e-15	4.90286e-24	4.59647e-08	7.8733e-08	3.75561e-08	7.42586e-08
5.52389e-09	1.71661e-15	3.38736e-24	4.80405e-08	6.17632e-08	3.67025e-08	5.88947e-08
4.24688e-09	9.53674e-16	1.7979e-24	3.45267e-08	4.36732e-08	2.73135e-08	4.09703e-08
6.92487e-09	2.09808e-15	7.2135e-24	3.90625e-08	6.55098e-08	3.84096e-08	6.14554e-08
4.93374e-09	1.90735e-15	4.84947e-24	4.88281e-08	5.69429e-08	4.09703e-08	5.54805e-08
4.7195e-09	9.53674e-16	2.54682e-24	2.92969e-08	4.36732e-08	2.98741e-08	4.09703e-08
3.15191e-09	4.76837e-16	7.64643e-25	1.95312e-08	3.52105e-08	1.96316e-08	3.32883e-08
4.27803e-09	9.53674e-16	2.51592e-24	2.92969e-08	4.36732e-08	2.98741e-08	4.09703e-08
3.68852e-09	8.58307e-16	1.59834e-24	2.92969e-08	4.36732e-08	2.38993e-08	4.01167e-08
5.57296e-09	1.43051e-15	3.5929e-24	4.1432e-08	5.25895e-08	3.32883e-08	5.03593e-08
5.45723e-09	2.19345e-15	5.78516e-24	4.88281e-08	6.25305e-08	4.86522e-08	5.80412e-08
4.35812e-09	1.52588e-15	3.65108e-24	3.90625e-08	5.25895e-08	3.67025e-08	5.03593e-08
5.01895e-09	2.19345e-15	5.99453e-24	5.55869e-08	6.55098e-08	4.01167e-08	6.23089e-08
4.19081e-09	9.53674e-16	1.98874e-24	2.92969e-08	4.36732e-08	2.90206e-08	4.01167e-08
4.59276e-09	1.43051e-15	4.27346e-24	3.90625e-08	5.52427e-08	3.92632e-08	5.54805e-08
4.2618e-09	1.14441e-15	2.43535e-24	3.90625e-08	4.88281e-08	2.98741e-08	4.5238e-08
3.50431e-09	5.72205e-16	8.97165e-25	2.76214e-08	3.52105e-08	2.04851e-08	3.15812e-08
5.32574e-09	1.90735e-15	4.54601e-24	4.88281e-08	5.69429e-08	4.09703e-08	5.54805e-08
4.62781e-09	9.53674e-16	2.10498e-24	2.92969e-08	4.36732e-08	2.90206e-08	4.01167e-08
5.05471e-09	1.04904e-15	2.85948e-24	3.90625e-08	4.36732e-08	3.15812e-08	4.18238e-08
4.52158e-09	9.53674e-16	2.33079e-24	2.92969e-08	4.36732e-08	2.98741e-08	4.09703e-08
4.07391e-09	1.23978e-15	2.56849e-24	3.90625e-08	5.25895e-08	3.07277e-08	5.03593e-08
5.56356e-09	1.81198e-15	4.27968e-24	4.80405e-08	6.17632e-08	3.92632e-08	5.88947e-08
4.925e-09	1.71661e-15	3.80449e-24	4.80405e-08	5.69429e-08	3.32883e-08	5.54805e-08
4.73493e-09	1.23978e-15	2.7923e-24	3.90625e-08	4.88281e-08	2.98741e-08	4.69451e-08
7.33248e-09	2.00272e-15	6.659e-24	4.88281e-08	6.17632e-08	4.5238e-08	6.06018e-08
4.38031e-09	1.23978e-15	3.23739e-24	3.90625e-08	4.88281e-08	2.98741e-08	4.69451e-08
4.76731e-09	1.62125e-15	4.20873e-24	3.90625e-08	5.69429e-08	3.75561e-08	5.29199e-08
3.96254e-09	1.04904e-15	1.86977e-24	3.45267e-08	4.88281e-08	2.47529e-08	4.60915e-08
3.84218e-09	1.23978e-15	2.63418e-24	3.90625e-08	4.88281e-08	3.15812e-08	4.5238e-08
5.03863e-09	1.52588e-15	3.89517e-24	3.90625e-08	5.25895e-08	3.67025e-08	5.03593e-08
4.8695e-09	1.71661e-15	4.87492e-24	3.90625e-08	5.69429e-08	3.84096e-08	5.20664e-08
5.28094e-09	1.33514e-15	3.12684e-24	3.90625e-08	4.88281e-08	3.84096e-08	4.5238e-08
3.00414e-09	9.53674e-16	1.61106e-24	2.92969e-08	4.36732e-08	2.98741e-08	4.09703e-08
3.43189e-09	5.72205e-16	1.29223e-24	1.95312e-08	3.52105e-08	1.96316e-08	3.32883e-08
4.49844e-09	1.71661e-15	3.64164e-24	3.90625e-08	6.17632e-08	3.92632e-08	6.06018e-08
4.49489e-09	6.67572e-16	5.45736e-25	2.76214e-08	4.36732e-08	1.96316e-08	4.26773e-08
3.69e-09	8.58307e-16	1.72873e-24	2.92969e-08	4.36732e-08	2.38993e-08	4.01167e-08
4.61025e-09	1.33514e-15	3.00277e-24	3.90625e-08	5.25895e-08	3.41419e-08	5.12128e-08
4.02862e-09	1.52588e-15	3.58708e-24	3.90625e-08	5.69429e-08	3.32883e-08	5.29199e-08
3.48281e-09	1.14441e-15	2.57434e-24	2.92969e-08	4.88281e-08	2.98741e-08	4.86522e-08
4.38314e-09	1.52588e-15	3.85619e-24	3.90625e-08	5.52427e-08	3.92632e-08	5.20664e-08
4.85972e-09	1.52588e-15	4.00983e-24	3.90625e-08	5.52427e-08	3.92632e-08	5.20664e-08
4.64444e-09	9.53674e-16	2.71117e-24	2.92969e-08	4.36732e-08	2.98741e-08	4.09703e-08
5.2136e-09	1.43051e-15	3.75182e-24	3.90625e-08	5.25895e-08	3.75561e-08	5.03593e-08
4.92043e-09	9.53674e-16	2.6029e-24	2.92969e-08	4.36732e-08	2.98741e-08	4.09703e-08
4.57602e-09	1.23978e-15	2.00311e-24	3.90625e-08	5.25895e-08	2.98741e-08	5.03593e-08
4.08725e-09	1.62125e-15	4.07665e-24	4.80405e-08	5.69429e-08	3.75561e-08	5.54805e-08
4.54394e-09	1.43051e-15	4.32638e-24	3.90625e-08	5.52427e-08	3.92632e-08	5.54805e-08
4.68186e-09	2.09808e-15	5.84941e-24	4.88281e-08	6.25305e-08	4.26773e-08	5.97483e-08
4.90816e-09	9.53674e-16	1.85611e-24	3.45267e-08	4.36732e-08	2.73135e-08	4.09703e-08
5.11612e-09	2.00272e-15	5.09752e-24	4.88281e-08	5.69429e-08	4.18238e-08	5.71876e-08
3.69664e-09	5.72205e-16	1.01239e-24	1.95312e-08	3.52105e-08	1.96316e-08	3.32883e-08
5.20285e-09	1.81198e-15	3.6423e-24	4.88281e-08	5.69429e-08	3.92632e-08	5.37735e-08
4.55843e-09	5.72205e-16	6.86046e-25	2.76214e-08	4.1432e-08	1.96316e-08	3.49954e-08
5.01947e-09	1.43051e-15	4.05119e-24	3.90625e-08	5.25895e-08	3.75561e-08	5.03593e-08
4.33789e-09	1.23978e-15	3.00002e-24	3.90625e-08	4.88281e-08	3.15812e-08	4.5238e-08
4.36455e-09	7.62939e-16	1.82553e-24	2.92969e-08	4.1432e-08	2.8167e-08	4.18238e-08
6.01904e-09	1.90735e-15	5.70517e-24	4.88281e-08	5.69429e-08	4.09703e-08	5.54805e-08
4.49094e-09	2.95639e-15	7.6386e-24	4.88281e-08	8.05294e-08	4.86522e-08	7.85263e-08
4.84715e-09	6.67572e-16	1.73705e-24	1.95312e-08	4.36732e-08	1.96316e-08	4.26773e-08
5.07279e-09	1.14441e-15	2.35826e-24	3.90625e-08	4.88281e-08	3.07277e-08	4.86522e-08
3.2186e-09	5.72205e-16	9.09156e-25	2.76214e-08	3.52105e-08	2.04851e-08	3.15812e-08
4.75473e-09	5.72205e-16	1.56044e-24	1.95312e-08	3.52105e-08	1.96316e-08	3.32883e-08
5.22899e-09	1.81198e-15	5.06533e-24	4.88281e-08	5.69429e-08	4.09703e-08	5.4627e-08
4.44236e-09	1.43051e-15	3.19631e-24	3.90625e-08	5.25895e-08	3.75561e-08	5.03593e-08
4.97583e-09	1.62125e-15	4.89813e-24	3.90625e-08	5.69429e-08	3.75561e-08	5.29199e-08
4.01038e-09	1.14441e-15	2.76617e-24	2.92969e-08	4.88281e-08	2.98741e-08	4.86522e-08
5.15767e-09	1.33514e-15	3.65324e-24	3.90625e-08	4.88281e-08	3.84096e-08	4.5238e-08
4.05209e-09	5.72205e-16	1.34682e-24	1.95312e-08	3.52105e-08	1.96316e-08	3.32883e-08
3.53329e-09	6.67572e-16	1.22236e-24	1.95312e-08	4.36732e-08	1.96316e-08	4.26773e-08
4.33849e-09	5.72205e-16	8.69617e-25	2.76214e-08	4.1432e-08	1.96316e-08	3.49954e-08
4.57669e-09	1.33514e-15	2.27234e-24	3.90625e-08	5.25895e-08	3.41419e-08	5.12128e-08
4.85959e-09	2.00272e-15	3.92895e-24	4.88281e-08	6.17632e-08	3.92632e-08	6.06018e-08
4.09576e-09	9.53674e-16	2.05536e-24	2.92969e-08	4.36732e-08	2.98741e-08	4.09703e-08
4.26204e-09	2.00272e-15	4.44811e-24	4.88281e-08	6.25305e-08	4.43844e-08	5.80412e-08
4.11937e-09	2.38419e-15	5.85118e-24	4.88281e-08	7.43728e-08	4.26773e-08	7.16979e-08
4.72237e-09	1.23978e-15	1.83806e-24	3.45267e-08	5.69429e-08	2.47529e-08	5.29199e-08
3.85916e-09	2.00272e-15	4.63895e-24	4.80405e-08	6.55098e-08	3.75561e-08	6.31625e-08
4.40025e-09	1.04904e-15	1.31658e-24	3.45267e-08	4.88281e-08	2.47529e-08	4.60915e-08
4.27727e-09	9.53674e-16	2.28893e-24	2.92969e-08	4.36732e-08	2.90206e-08	4.01167e-08
4.71502e-09	1.43051e-15	3.67718e-24	3.90625e-08	5.25895e-08	3.75561e-08	5.03593e-08
4.54586e-09	1.81198e-15	4.04741e-24	4.80405e-08	6.55098e-08	3.75561e-08	6.06018e-08
4.73561e-09	3.14713e-15	6.99393e-24	4.88281e-08	9.21287e-08	4.86522e-08	8.70618e-08
4.59071e-09	1.43051e-15	2.71323e-24	3.90625e-08	5.69429e-08	2.90206e-08	5.54805e-08
5.01458e-09	1.43051e-15	2.40548e-24	3.90625e-08	6.17632e-08	3.15812e-08	6.06018e-08
5.37401e-09	2.57492e-15	6.53208e-24	4.88281e-08	7.10948e-08	4.86522e-08	6.91373e-08
4.36581e-09	3.05176e-15	6.68848e-24	6.05469e-08	8.40071e-08	4.09703e-08	7.59657e-08
4.70979e-09	1.14441e-15	2.72457e-24	3.90625e-08	4.97951e-08	3.32883e-08	4.95057e-08
4.94475e-09	1.62125e-15	4.35073e-24	4.80405e-08	5.69429e-08	3.41419e-08	5.37735e-08
5.32899e-09	1.62125e-15	3.97326e-24	4.83374e-08	5.25895e-08	3.75561e-08	5.03593e-08
5.43927e-09	1.71661e-15	4.50328e-24	4.88281e-08	5.69429e-08	3.92632e-08	5.54805e-08
4.8955e-09	1.52588e-15	3.68601e-24	3.90625e-08	5.25895e-08	3.67025e-08	5.03593e-08
4.73148e-09	1.23978e-15	2.53052e-24	3.90625e-08	4.88281e-08	3.15812e-08	4.5238e-08
3.88141e-09	5.72205e-16	1.20795e-24	1.95312e-08	3.52105e-08	1.96316e-08	3.32883e-08
5.08103e-09	8.58307e-16	2.32123e-24	2.92969e-08	4.1432e-08	2.98741e-08	4.18238e-08
4.68821e-09	1.81198e-15	4.77507e-24	4.88281e-08	5.69429e-08	4.09703e-08	5.4627e-08
3.39787e-09	8.58307e-16	1.30936e-24	2.92969e-08	4.36732e-08	2.38993e-08	4.01167e-08
3.57105e-09	5.72205e-16	1.17059e-24	1.95312e-08	3.52105e-08	1.96316e-08	3.32883e-08
5.57185e-09	2.28882e-15	6.92663e-24	4.88281e-08	6.55098e-08	4.86522e-08	5.97483e-08
4.65902e-09	2.00272e-15	4.30415e-24	4.88281e-08	5.69429e-08	4.18238e-08	5.71876e-08
5.33749e-09	2.00272e-15	5.86636e-24	4.88281e-08	6.17632e-08	3.92632e-08	6.06018e-08
5.10783e-09	9.53674e-16	2.62226e-24	2.92969e-08	4.36732e-08	2.98741e-08	4.09703e-08
4.06183e-09	5.72205e-16	1.32998e-24	1.95312e-08	3.52105e-08	1.96316e-08	3.32883e-08
4.62067e-09	2.00272e-15	4.85274e-24	4.88281e-08	6.25305e-08	4.43844e-08	5.80412e-08
4.26036e-09	1.23978e-15	2.96956e-24	3.90625e-08	4.88281e-08	2.98741e-08	4.69451e-08
3.7829e-09	1.33514e-15	2.36709e-24	3.90625e-08	5.25895e-08	3.32883e-08	4.86522e-08
4.1803e-09	1.43051e-15	3.56749e-24	3.90625e-08	5.25895e-08	3.75561e-08	5.03593e-08
5.39534e-09	1.71661e-15	5.12851e-24	3.90625e-08	5.69429e-08	3.84096e-08	5.20664e-08
5.57595e-09	1.81198e-15	4.58144e-24	4.83374e-08	5.69429e-08	4.09703e-08	5.37735e-08
4.73896e-09	1.04904e-15	2.59971e-24	2.92969e-08	4.88281e-08	2.98741e-08	4.69451e-08
5.22588e-09	2.19345e-15	6.82189e-24	4.88281e-08	6.90534e-08	4.01167e-08	6.23089e-08
4.92243e-09	1.23978e-15	3.1895e-24	3.90625e-08	4.88281e-08	3.15812e-08	4.5238e-08
4.85675e-09	1.43051e-15	3.08584e-24	3.90625e-08	5.25895e-08	3.75561e-08	5.03593e-08
4.77439e-09	1.33514e-15	3.61402e-24	3.90625e-08	5.25895e-08	2.98741e-08	4.95057e-08
3.41147e-09	1.14441e-15	2.59205e-24	2.92969e-08	4.88281e-08	2.98741e-08	4.86522e-08
4.50603e-09	1.14441e-15	1.17945e-24	3.45267e-08	5.69429e-08	2.73135e-08	5.29199e-08
5.25014e-09	1.14441e-15	2.37799e-24	3.90625e-08	4.88281e-08	3.07277e-08	4.5238e-08
4.81275e-09	2.19345e-15	5.02009e-24	4.83374e-08	6.55098e-08	3.84096e-08	6.31625e-08
5.23818e-09	2.47955e-15	6.69851e-24	5.52427e-08	6.55098e-08	4.69451e-08	6.14554e-08
3.4327e-09	4.76837e-16	8.56912e-25	1.95312e-08	3.52105e-08	1.96316e-08	3.32883e-08
5.59594e-09	1.43051e-15	3.86814e-24	4.1432e-08	5.25895e-08	3.32883e-08	5.03593e-08
3.64376e-09	2.19345e-15	4.7257e-24	4.80405e-08	7.6272e-08	3.32883e-08	7.25515e-08
4.65109e-09	1.23978e-15	2.91312e-24	3.90625e-08	4.88281e-08	3.15812e-08	4.5238e-08
4.31509e-09	1.81198e-15	4.65416e-24	4.88281e-08	5.69429e-08	4.09703e-08	5.4627e-08
3.78596e-09	1.04904e-15	2.2709e-24	2.92969e-08	4.88281e-08	2.98741e-08	4.69451e-08
4.41621e-09	9.53674e-16	2.39335e-24	2.92969e-08	4.36732e-08	2.90206e-08	4.01167e-08
4.31497e-09	9.53674e-16	2.27992e-24	2.92969e-08	4.36732e-08	2.98741e-08	4.09703e-08
5.79328e-09	1.90735e-15	3.51107e-24	4.83374e-08	6.17632e-08	3.92632e-08	5.88947e-08
5.53098e-09	1.71661e-15	5.03413e-24	3.90625e-08	5.69429e-08	3.84096e-08	5.20664e-08
5.37943e-09	1.90735e-15	4.99973e-24	4.88281e-08	5.69429e-08	4.09703e-08	5.54805e-08
4.39934e-09	9.53674e-16	1.63682e-24	2.92969e-08	4.88281e-08	2.30458e-08	4.86522e-08
4.70627e-09	1.43051e-15	3.47574e-24	3.90625e-08	5.25895e-08	3.75561e-08	5.03593e-08
4.94438e-09	1.71661e-15	4.37285e-24	4.80405e-08	5.69429e-08	3.92632e-08	5.29199e-08
3.32925e-09	8.58307e-16	1.8098e-24	2.92969e-08	4.1432e-08	2.98741e-08	4.18238e-08
4.99871e-09	1.90735e-15	5.13955e-24	4.88281e-08	5.69429e-08	4.09703e-08	5.54805e-08
4.95591e-09	1.52588e-15	3.95464e-24	3.90625e-08	5.69429e-08	3.92632e-08	5.4627e-08
4.95628e-09	3.33786e-15	8.79291e-24	4.88281e-08	8.40071e-08	4.86522e-08	8.02334e-08
5.33708e-09	1.04904e-15	2.61456e-24	2.92969e-08	4.88281e-08	2.98741e-08	4.69451e-08
4.59028e-09	1.43051e-15	3.80409e-24	3.90625e-08	5.52427e-08	3.92632e-08	5.54805e-08
5.85227e-09	1.81198e-15	4.17695e-24	4.80405e-08	5.69429e-08	3.15812e-08	5.71876e-08
4.70254e-09	1.71661e-15	4.38877e-24	3.90625e-08	5.69429e-08	3.84096e-08	5.20664e-08
4.97188e-09	1.52588e-15	3.65461e-24	4.80405e-08	5.25895e-08	3.67025e-08	5.12128e-08
5.62623e-09	1.43051e-15	3.58447e-24	3.90625e-08	5.25895e-08	3.75561e-08	5.03593e-08
4.44672e-09	1.33514e-15	3.38791e-24	3.90625e-08	4.88281e-08	3.84096e-08	4.5238e-08
4.15675e-09	1.14441e-15	2.7692e-24	2.92969e-08	4.88281e-08	2.98741e-08	4.86522e-08
4.05129e-09	1.33514e-15	2.81487e-24	3.90625e-08	4.88281e-08	3.84096e-08	4.5238e-08
5.82605e-09	1.71661e-15	4.89614e-24	4.83374e-08	5.69429e-08	3.92632e-08	5.29199e-08
4.18285e-09	9.53674e-16	1.03235e-24	3.45267e-08	4.36732e-08	2.73135e-08	4.09703e-08
5.06597e-09	1.23978e-15	3.31867e-24	3.90625e-08	4.88281e-08	3.15812e-08	4.5238e-08
5.11862e-09	1.33514e-15	2.98502e-24	3.90625e-08	4.88281e-08	3.84096e-08	4.5238e-08
4.73003e-09	3.43323e-15	8.60129e-24	5.85937e-08	9.00346e-08	4.69451e-08	8.87689e-08
5.21444e-09	2.38419e-15	6.37377e-24	4.88281e-08	6.55098e-08	4.95057e-08	6.31625e-08
4.09852e-09	1.23978e-15	2.89326e-24	3.90625e-08	4.88281e-08	3.15812e-08	4.5238e-08
5.6219e-09	1.33514e-15	4.05776e-24	3.90625e-08	4.88281e-08	3.84096e-08	4.5238e-08
5.8804e-09	1.71661e-15	4.27736e-24	3.90625e-08	5.69429e-08	3.84096e-08	5.20664e-08
5.32512e-09	2.00272e-15	5.34045e-24	4.88281e-08	5.69429e-08	4.18238e-08	5.71876e-08
4.37277e-09	1.33514e-15	3.20856e-24	3.90625e-08	4.88281e-08	3.84096e-08	4.5238e-08
3.61083e-09	5.72205e-16	4.13242e-25	2.76214e-08	4.1432e-08	1.96316e-08	3.49954e-08
4.62867e-09	2.00272e-15	4.38182e-24	3.90625e-08	7.43728e-08	3.84096e-08	7.16979e-08
4.58376e-09	1.62125e-15	2.88627e-24	4.83374e-08	5.25895e-08	3.75561e-08	5.03593e-08
4.88373e-09	1.81198e-15	5.18839e-24	4.88281e-08	5.69429e-08	4.09703e-08	5.4627e-08
3.62306e-09	1.04904e-15	2.1093e-24	2.92969e-08	4.88281e-08	2.98741e-08	4.69451e-08
4.87804e-09	1.90735e-15	5.13851e-24	3.90625e-08	6.17632e-08	3.84096e-08	6.06018e-08
4.11739e-09	1.33514e-15	3.13815e-24	3.90625e-08	5.25895e-08	2.98741e-08	4.95057e-08
4.29973e-09	5.72205e-16	9.54414e-25	2.76214e-08	4.1432e-08	1.96316e-08	3.49954e-08
4.50704e-09	6.67572e-16	9.31064e-25	2.76214e-08	4.36732e-08	1.96316e-08	4.26773e-08
4.43256e-09	1.52588e-15	4.16673e-24	3.90625e-08	5.52427e-08	3.92632e-08	5.20664e-08
4.59381e-09	1.33514e-15	2.33465e-24	3.90625e-08	5.25895e-08	3.41419e-08	5.12128e-08
5.78444e-09	1.33514e-15	4.06474e-24	3.90625e-08	5.25895e-08	2.98741e-08	4.95057e-08
2.38506e-09	3.8147e-16	6.03865e-25	1.95312e-08	2.76214e-08	1.96316e-08	2.8167e-08
4.82072e-09	1.81198e-15	4.37062e-24	4.83374e-08	5.9402e-08	3.75561e-08	5.88947e-08
4.36834e-09	1.04904e-15	2.52901e-24	2.92969e-08	4.88281e-08	2.98741e-08	4.69451e-08
3.93657e-09	9.53674e-16	2.04354e-24	2.92969e-08	4.36732e-08	2.90206e-08	4.01167e-08
5.24055e-09	1.52588e-15	4.6054e-24	3.90625e-08	5.52427e-08	3.84096e-08	5.54805e-08
4.49248e-09	1.14441e-15	2.51269e-24	3.90625e-08	4.36732e-08	2.8167e-08	4.18238e-08
5.81986e-09	1.52588e-15	3.91685e-24	3.90625e-08	5.52427e-08	3.92632e-08	5.20664e-08
5.27821e-09	1.33514e-15	3.01275e-24	4.60444e-08	5.25895e-08	3.41419e-08	4.95057e-08
2.84148e-09	9.53674e-17	3.3909e-26	9.76562e-09	1.38107e-08	9.38902e-09	1.45103e-08
4.12389e-09	1.23978e-15	2.86194e-24	3.90625e-08	4.88281e-08	3.15812e-08	4.5238e-08
4.64162e-09	9.53674e-16	2.46667e-24	2.92969e-08	4.36732e-08	2.90206e-08	4.01167e-08
5.04901e-09	2.09808e-15	5.70125e-24	4.88281e-08	6.55098e-08	3.92632e-08	6.06018e-08
3.75765e-09	1.43051e-15	3.12666e-24	3.90625e-08	5.25895e-08	3.75561e-08	5.03593e-08
4.31727e-09	9.53674e-17	1.35367e-26	9.76562e-09	1.38107e-08	9.38902e-09	1.45103e-08
4.37819e-09	1.04904e-15	1.68273e-24	3.45267e-08	4.88281e-08	2.47529e-08	4.60915e-08
3.26897e-09	7.62939e-16	1.35898e-24	2.92969e-08	4.02647e-08	2.30458e-08	4.01167e-08
4.08504e-09	1.23978e-15	2.72217e-24	3.90625e-08	5.25895e-08	3.15812e-08	4.95057e-08
3.93764e-09	6.67572e-16	8.03718e-25	2.76214e-08	4.36732e-08	1.96316e-08	4.26773e-08
5.34304e-09	1.52588e-15	4.32056e-24	3.90625e-08	5.52427e-08	3.84096e-08	5.54805e-08
5.16101e-09	1.90735e-15	4.85998e-24	4.88281e-08	6.25305e-08	4.01167e-08	6.14554e-08
5.27799e-09	2.09808e-15	5.91158e-24	3.90625e-08	6.55098e-08	3.84096e-08	6.14554e-08
5.07478e-09	1.23978e-15	3.13446e-24	3.90625e-08	4.88281e-08	3.15812e-08	4.5238e-08
4.88112e-09	1.62125e-15	3.95218e-24	4.80405e-08	5.69429e-08	3.41419e-08	5.37735e-08
3.82958e-09	9.53674e-16	1.65927e-24	3.45267e-08	4.88281e-08	2.30458e-08	4.5238e-08
4.68233e-09	1.90735e-15	4.72064e-24	4.88281e-08	6.17632e-08	3.92632e-08	6.06018e-08
4.51898e-09	1.04904e-15	3.02177e-24	2.92969e-08	4.88281e-08	2.98741e-08	4.69451e-08
5.38384e-09	1.71661e-15	4.69207e-24	3.90625e-08	6.25305e-08	3.67025e-08	6.23089e-08
5.26028e-09	1.33514e-15	2.99021e-24	3.90625e-08	5.25895e-08	3.41419e-08	5.12128e-08
2.39545e-09	1.90735e-16	2.13807e-25	9.76562e-09	2.18366e-08	9.38902e-09	2.13387e-08
4.21148e-09	6.67572e-16	1.67761e-24	2.92969e-08	3.52105e-08	2.47529e-08	3.41419e-08
1.33678e-09	9.53674e-17	-2.81895e-26	9.76562e-09	1.38107e-08	9.38902e-09	1.45103e-08
4.52903e-09	1.14441e-15	2.67512e-24	2.92969e-08	5.25895e-08	2.98741e-08	4.86522e-08
4.92251e-09	1.81198e-15	5.33464e-24	3.90625e-08	6.25305e-08	3.84096e-08	6.14554e-08
4.50908e-09	1.33514e-15	3.29094e-24	3.90625e-08	5.25895e-08	3.41419e-08	5.12128e-08
4.4938e-09	1.14441e-15	1.79223e-24	3.45267e-08	5.69429e-08	2.30458e-08	5.54805e-08
4.86139e-09	2.00272e-15	5.09555e-24	4.88281e-08	5.69429e-08	4.18238e-08	5.71876e-08
4.53419e-09	1.33514e-15	3.52456e-24	3.90625e-08	5.52427e-08	2.98741e-08	5.12128e-08
4.0191e-09	9.53674e-16	1.6635e-24	3.45267e-08	4.36732e-08	2.73135e-08	4.09703e-08
4.77376e-09	1.14441e-15	2.76003e-24	3.90625e-08	4.88281e-08	3.07277e-08	4.5238e-08
4.78881e-09	1.52588e-15	3.872e-24	3.90625e-08	5.25895e-08	3.67025e-08	5.03593e-08
4.79863e-09	1.62125e-15	3.56943e-24	3.90625e-08	6.17632e-08	3.41419e-08	5.97483e-08
4.39e-09	9.53674e-16	1.45692e-24	3.45267e-08	4.36732e-08	2.73135e-08	4.09703e-08
5.48026e-09	2.09808e-15	5.89286e-24	4.88281e-08	6.17632e-08	4.18238e-08	5.88947e-08
4.76159e-09	1.04904e-15	2.86672e-24	2.92969e-08	4.97951e-08	2.98741e-08	4.86522e-08
4.913e-09	1.52588e-15	4.29548e-24	3.90625e-08	5.52427e-08	3.84096e-08	5.54805e-08
3.26462e-09	6.67572e-16	1.29505e-24	2.92969e-08	3.52105e-08	2.47529e-08	3.41419e-08
5.40232e-09	1.23978e-15	2.693e-24	3.90625e-08	5.25895e-08	2.90206e-08	5.03593e-08
4.38141e-09	1.04904e-15	2.70722e-24	2.92969e-08	4.88281e-08	2.98741e-08	4.69451e-08
4.57384e-09	1.23978e-15	3.94337e-24	2.92969e-08	5.25895e-08	2.98741e-08	4.95057e-08
5.17567e-09	1.90735e-15	4.00688e-24	4.88281e-08	6.17632e-08	3.92632e-08	5.88947e-08
3.19461e-09	2.86102e-16	1.10017e-25	1.95312e-08	2.76214e-08	1.36568e-08	2.47529e-08
5.0992e-09	1.52588e-15	3.47597e-24	3.90625e-08	5.25895e-08	3.67025e-08	5.03593e-08
4.45567e-09	1.62125e-15	3.85742e-24	3.90625e-08	5.69429e-08	3.75561e-08	5.29199e-08
5.0782e-09	2.19345e-15	6.39111e-24	4.88281e-08	6.90534e-08	4.18238e-08	6.91373e-08
5.53093e-09	1.43051e-15	3.85129e-24	3.90625e-08	5.69429e-08	3.15812e-08	5.29199e-08
5.59809e-09	1.71661e-15	4.95471e-24	3.90625e-08	5.69429e-08	3.84096e-08	5.20664e-08
6.07363e-09	2.00272e-15	6.31345e-24	4.88281e-08	6.25305e-08	4.09703e-08	5.88947e-08
4.31989e-09	1.04904e-15	1.99054e-24	3.90625e-08	4.36732e-08	3.15812e-08	4.18238e-08
4.19461e-09	8.58307e-16	1.94669e-24	2.92969e-08	4.36732e-08	2.38993e-08	4.01167e-08
4.30564e-09	1.52588e-15	4.1491e-24	3.90625e-08	5.52427e-08	3.84096e-08	5.54805e-08
6.03195e-09	1.90735e-15	5.79058e-24	4.88281e-08	5.69429e-08	4.5238e-08	5.54805e-08
3.60498e-09	5.72205e-16	4.19056e-25	2.76214e-08	4.1432e-08	1.96316e-08	3.49954e-08
5.76327e-09	1.71661e-15	5.05092e-24	3.90625e-08	5.69429e-08	3.84096e-08	5.20664e-08
4.73e-09	1.33514e-15	3.17068e-24	3.90625e-08	4.88281e-08	3.84096e-08	4.5238e-08
5.75939e-09	2.38419e-15	5.95832e-24	4.88281e-08	6.55098e-08	4.95057e-08	6.31625e-08
3.78307e-09	1.23978e-15	2.4988e-24	3.90625e-08	4.88281e-08	3.15812e-08	4.5238e-08
4.45488e-09	1.81198e-15	4.36569e-24	3.90625e-08	6.25305e-08	3.84096e-08	6.14554e-08
3.59048e-09	7.62939e-16	1.59008e-24	2.92969e-08	4.1432e-08	2.8167e-08	4.18238e-08
4.75274e-09	7.62939e-16	1.87647e-24	2.92969e-08	4.02647e-08	2.30458e-08	4.01167e-08
3.516e-09	8.58307e-16	1.4498e-24	2.92969e-08	4.36732e-08	2.38993e-08	4.01167e-08
5.81103e-09	1.81198e-15	5.17073e-24	4.88281e-08	5.69429e-08	3.92632e-08	5.37735e-08
5.06684e-09	1.23978e-15	3.32754e-24	3.90625e-08	4.88281e-08	2.98741e-08	4.69451e-08
4.75563e-09	1.71661e-15	4.12052e-24	3.90625e-08	6.17632e-08	3.92632e-08	6.06018e-08
4.44669e-09	1.14441e-15	6.14245e-25	3.45267e-08	5.69429e-08	2.8167e-08	5.29199e-08
5.52522e-09	1.43051e-15	4.15842e-24	3.90625e-08	5.52427e-08	3.92632e-08	5.54805e-08
4.89481e-09	1.62125e-15	3.49033e-24	4.83374e-08	5.25895e-08	3.75561e-08	5.03593e-08
4.2974e-09	1.43051e-15	3.71304e-24	3.90625e-08	5.52427e-08	3.92632e-08	5.54805e-08
6.23991e-09	1.90735e-15	4.3886e-24	4.88281e-08	5.69429e-08	4.09703e-08	5.54805e-08
4.14558e-09	1.33514e-15	2.66458e-24	3.90625e-08	5.25895e-08	3.41419e-08	5.12128e-08
5.27673e-09	2.00272e-15	5.35423e-24	4.88281e-08	5.69429e-08	4.18238e-08	5.71876e-08
3.81812e-09	1.52588e-15	3.96568e-24	3.90625e-08	5.25895e-08	3.67025e-08	5.03593e-08
5.3163e-09	2.09808e-15	6.13906e-24	4.88281e-08	6.55098e-08	3.92632e-08	6.14554e-08
4.95511e-09	1.81198e-15	4.46481e-24	4.88281e-08	5.69429e-08	4.26773e-08	5.37735e-08
4.31841e-09	1.52588e-15	3.58695e-24	3.90625e-08	5.25895e-08	3.67025e-08	5.03593e-08
5.58947e-09	2.00272e-15	5.36874e-24	4.88281e-08	5.69429e-08	4.18238e-08	5.71876e-08
5.56165e-09	1.71661e-15	4.97937e-24	4.80405e-08	5.69429e-08	3.92632e-08	5.29199e-08
1.43452e-09	9.53674e-17	-2.8585e-26	9.76562e-09	1.38107e-08	9.38902e-09	1.45103e-08
4.77604e-09	2.47955e-15	6.09987e-24	5.85937e-08	6.55098e-08	4.95057e-08	6.14554e-08
4.52963e-09	9.53674e-16	2.81177e-24	2.92969e-08	4.36732e-08	2.98741e-08	4.09703e-08
4.88203e-09	1.33514e-15	3.51231e-24	3.90625e-08	4.88281e-08	3.84096e-08	4.5238e-08
6.31885e-09	1.62125e-15	4.1314e-24	3.90625e-08	5.69429e-08	3.75561e-08	5.29199e-08
3.95083e-09	1.04904e-15	2.14649e-24	3.90625e-08	4.36732e-08	3.15812e-08	4.18238e-08
4.08715e-09	1.14441e-15	2.53627e-24	3.90625e-08	4.88281e-08	3.07277e-08	4.5238e-08
5.49162e-09	1.90735e-15	5.14937e-24	4.88281e-08	5.69429e-08	4.5238e-08	5.54805e-08
5.04303e-09	2.38419e-15	6.55728e-24	4.88281e-08	6.55098e-08	4.86522e-08	6.31625e-08
6.19004e-09	9.53674e-16	2.72593e-24	2.92969e-08	4.36732e-08	2.90206e-08	4.01167e-08
4.31405e-09	9.53674e-17	4.27629e-26	9.76562e-09	1.38107e-08	9.38902e-09	1.45103e-08
4.51219e-09	8.58307e-16	1.46142e-24	2.92969e-08	4.88281e-08	2.47529e-08	4.43844e-08
4.96538e-09	2.38419e-15	4.82523e-24	4.88281e-08	7.43728e-08	3.84096e-08	6.82838e-08
5.98983e-09	2.09808e-15	5.63544e-24	4.88281e-08	6.25305e-08	4.18238e-08	5.71876e-08
3.99603e-09	6.67572e-16	1.23356e-24	2.76214e-08	4.36732e-08	1.96316e-08	4.26773e-08
5.2834e-09	1.90735e-15	5.11185e-24	4.88281e-08	6.25305e-08	4.01167e-08	6.14554e-08
5.21073e-09	1.90735e-15	4.56654e-24	4.88281e-08	5.69429e-08	4.5238e-08	5.54805e-08
3.23431e-09	3.8147e-16	7.51141e-25	1.95312e-08	2.76214e-08	1.96316e-08	2.8167e-08
4.08316e-09	7.62939e-16	1.92331e-24	2.92969e-08	4.1432e-08	2.8167e-08	4.18238e-08
9.41594e-10	9.53674e-17	-4.49517e-26	9.76562e-09	1.38107e-08	9.38902e-09	1.45103e-08
4.64975e-09	9.53674e-16	2.24843e-24	3.45267e-08	4.36732e-08	2.73135e-08	4.09703e-08
5.40823e-09	1.43051e-15	4.09123e-24	3.90625e-08	5.25895e-08	3.75561e-08	5.03593e-08
4.52671e-09	1.14441e-15	2.20733e-24	3.90625e-08	4.88281e-08	2.98741e-08	4.5238e-08
5.35461e-09	1.52588e-15	4.45168e-24	3.90625e-08	5.69429e-08	3.32883e-08	5.63341e-08
3.66609e-09	6.67572e-16	1.2793e-24	2.92969e-08	3.52105e-08	2.47529e-08	3.41419e-08
5.03672e-09	1.52588e-15	3.57515e-24	3.90625e-08	6.17632e-08	2.90206e-08	5.97483e-08
4.14627e-09	1.04904e-15	2.04427e-24	3.45267e-08	4.88281e-08	2.47529e-08	4.60915e-08
5.37122e-09	1.71661e-15	4.65616e-24	3.90625e-08	6.17632e-08	3.92632e-08	6.06018e-08
3.93923e-09	1.23978e-15	2.60529e-24	3.90625e-08	4.88281e-08	3.15812e-08	4.5238e-08
4.89771e-09	1.04904e-15	2.8033e-24	2.92969e-08	4.88281e-08	2.98741e-08	4.69451e-08
4.92832e-09	1.62125e-15	4.82348e-24	3.90625e-08	5.69429e-08	3.92632e-08	5.29199e-08
3.86767e-09	9.53674e-16	1.83592e-24	2.92969e-08	4.36732e-08	2.90206e-08	4.01167e-08
4.55441e-09	9.53674e-16	2.27558e-24	2.92969e-08	4.36732e-08	2.90206e-08	4.01167e-08
3.7707e-09	9.53674e-16	2.3862e-24	2.92969e-08	4.36732e-08	2.98741e-08	4.09703e-08
3.92765e-09	1.04904e-15	2.6298e-24	2.92969e-08	5.25895e-08	2.38993e-08	5.03593e-08
4.41953e-09	1.04904e-15	3.12417e-24	2.92969e-08	4.88281e-08	2.98741e-08	4.69451e-08
4.5191e-09	9.53674e-16	2.13923e-24	2.92969e-08	5.25895e-08	2.30458e-08	5.12128e-08
5.04933e-09	1.23978e-15	3.85127e-24	2.92969e-08	6.17632e-08	2.38993e-08	6.06018e-08
3.89662e-09	6.67572e-16	1.3703e-24	1.95312e-08	4.36732e-08	1.96316e-08	4.26773e-08
3.94711e-09	4.76837e-16	1.00425e-24	1.95312e-08	3.52105e-08	1.96316e-08	3.32883e-08
4.53087e-09	5.72205e-16	1.5639e-24	1.95312e-08	4.02647e-08	1.96316e-08	3.84096e-08
4.71472e-09	8.58307e-16	2.49756e-24	1.95312e-08	5.25895e-08	1.96316e-08	5.03593e-08
3.58841e-09	5.72205e-16	1.31232e-24	1.95312e-08	4.02647e-08	1.96316e-08	3.84096e-08
5.01536e-09	7.62939e-16	1.87559e-24	1.95312e-08	4.97951e-08	1.96316e-08	4.86522e-08
4.32217e-09	5.72205e-16	1.1684e-24	1.95312e-08	4.02647e-08	1.96316e-08	3.84096e-08
3.74e-09	7.62939e-16	2.00547e-24	1.95312e-08	4.36732e-08	1.96316e-08	4.18238e-08
4.64135e-09	5.72205e-16	1.24679e-24	1.95312e-08	4.02647e-08	1.96316e-08	3.84096e-08
4.72004e-09	8.58307e-16	2.11158e-24	1.95312e-08	5.25895e-08	1.96316e-08	5.03593e-08
2.04389e-09	9.53674e-17	1.55338e-25	9.76562e-09	1.38107e-08	9.38902e-09	1.45103e-08
3.21055e-09	1.90735e-16	3.48784e-25	9.76562e-09	2.18366e-08	9.38902e-09	2.13387e-08
3.43368e-09	3.8147e-16	9.1365e-25	9.76562e-09	4.02647e-08	9.38902e-09	4.01167e-08
3.98032e-09	2.86102e-16	6.97983e-25	9.76562e-09	3.08816e-08	9.38902e-09	2.98741e-08
2.57888e-09	1.90735e-16	2.91081e-25	9.76562e-09	2.18366e-08	9.38902e-09	2.13387e-08
3.94564e-09	3.8147e-16	8.47999e-25	9.76562e-09	4.02647e-08	9.38902e-09	4.01167e-08
4.53387e-09	2.86102e-16	8.36383e-25	9.76562e-09	3.08816e-08	9.38902e-09	2.98741e-08
3.83052e-09	2.86102e-16	6.80792e-25	9.76562e-09	3.08816e-08	9.38902e-09	2.98741e-08
2.34092e-09	1.90735e-16	3.26475e-25	9.76562e-09	2.18366e-08	9.38902e-09	2.13387e-08
