5.014096e+002,-9.806854e-002
5.052666e+002,-5.829180e-002
5.091236e+002,2.027304e-001
5.129806e+002,6.170238e-001
5.168376e+002,1.066019e+000
5.206946e+002,1.416421e+000
5.245516e+002,1.562510e+000
5.284086e+002,1.460055e+000
5.322656e+002,1.136458e+000
5.361226e+002,6.721022e-001
5.399796e+002,1.710593e-001
5.438365e+002,-2.750808e-001
5.476936e+002,-6.142721e-001
5.515505e+002,-8.430486e-001
5.554076e+002,-9.965787e-001
5.592646e+002,-1.124999e+000
5.631216e+002,-1.272095e+000
5.669786e+002,-1.454381e+000
5.708356e+002,-1.657127e+000
5.746926e+002,-1.840067e+000
5.785496e+002,-1.950001e+000
5.824066e+002,-1.934898e+000
5.862635e+002,-1.755610e+000
5.901205e+002,-1.390227e+000
5.939775e+002,-8.473619e-001
5.978345e+002,-1.620267e-001
6.016915e+002,6.045694e-001
6.055485e+002,1.371004e+000
6.094055e+002,2.047247e+000
6.132625e+002,2.551219e+000
6.171195e+002,2.826817e+000
6.209765e+002,2.846065e+000
6.248335e+002,2.636760e+000
6.286905e+002,2.267883e+000
6.325475e+002,1.826641e+000
6.364045e+002,1.392920e+000
6.402615e+002,1.018211e+000
6.441185e+002,7.167765e-001
6.479755e+002,4.718717e-001
6.518325e+002,2.293955e-001
6.556895e+002,-3.205195e-003
6.595465e+002,-2.240441e-001
6.634035e+002,-4.067902e-001
6.672605e+002,-5.135555e-001
6.711175e+002,-5.158007e-001
6.749745e+002,-4.130303e-001
6.788315e+002,-2.398966e-001
6.826885e+002,-5.306243e-002
6.865455e+002,7.766478e-002
6.904025e+002,1.053974e-001
6.942595e+002,2.541151e-002
6.981165e+002,-1.215838e-001
7.019734e+002,-2.650811e-001
7.058304e+002,-3.337194e-001
7.096874e+002,-2.862078e-001
7.135444e+002,-1.281389e-001
7.174014e+002,7.533398e-002
7.212584e+002,2.298630e-001
7.251154e+002,2.439752e-001
7.289724e+002,6.543119e-002
7.328294e+002,-2.951411e-001
7.366864e+002,-7.629372e-001
7.405435e+002,-1.221160e+000
7.444004e+002,-1.548827e+000
7.482574e+002,-1.658313e+000
7.521144e+002,-1.523025e+000
7.559714e+002,-1.178802e+000
7.598284e+002,-7.024994e-001
7.636854e+002,-1.767497e-001
7.675424e+002,3.435691e-001
7.713994e+002,8.484737e-001
7.752564e+002,1.362741e+000
7.791134e+002,1.929361e+000
7.829704e+002,2.565017e+000
7.868274e+002,3.238391e+000
7.906844e+002,3.867147e+000
7.945414e+002,4.340165e+000
7.983984e+002,4.556780e+000
8.022554e+002,4.466798e+000
8.061124e+002,4.098314e+000
8.099694e+002,3.544179e+000
8.138264e+002,2.937629e+000
8.176833e+002,2.409176e+000
8.215403e+002,2.045784e+000
8.253973e+002,1.867521e+000
8.292544e+002,1.828962e+000
8.331113e+002,1.842542e+000
8.369684e+002,1.816971e+000
8.408253e+002,1.677786e+000
8.446824e+002,1.396194e+000
8.485393e+002,9.863515e-001
8.523964e+002,4.935966e-001
8.562533e+002,-2.318713e-002
8.601104e+002,-5.076050e-001
8.639673e+002,-9.156454e-001
8.678243e+002,-1.218234e+000
8.716813e+002,-1.405869e+000
8.755383e+002,-1.477039e+000
8.793953e+002,-1.440688e+000
8.832523e+002,-1.315479e+000
8.871093e+002,-1.128529e+000
8.909663e+002,-9.125263e-001
8.948233e+002,-7.011673e-001
8.986803e+002,-5.296217e-001
9.025373e+002,-4.123155e-001
9.063943e+002,-3.596159e-001
9.102513e+002,-3.711830e-001
9.141083e+002,-4.363941e-001
9.179653e+002,-5.351187e-001
9.218223e+002,-6.390295e-001
9.256793e+002,-7.143107e-001
9.295363e+002,-7.288434e-001
9.333933e+002,-6.531130e-001
9.372502e+002,-4.720985e-001
9.411073e+002,-1.876237e-001
9.449642e+002,1.823879e-001
9.488213e+002,6.097643e-001
9.526782e+002,1.064645e+000
9.565353e+002,1.522543e+000
9.603922e+002,1.965605e+000
9.642493e+002,2.379303e+000
9.681062e+002,2.741478e+000
9.719633e+002,3.015800e+000
9.758203e+002,3.152291e+000
9.796772e+002,3.098651e+000
9.835342e+002,2.820050e+000
9.873912e+002,2.319829e+000
9.912482e+002,1.644664e+000
9.951052e+002,9.006801e-001
9.989622e+002,2.120600e-001
1.002819e+003,-3.074152e-001
1.006676e+003,-5.872657e-001
1.010533e+003,-6.193949e-001
1.014390e+003,-4.557371e-001
1.018247e+003,-1.855945e-001
1.022104e+003,1.005002e-001
1.025961e+003,3.325211e-001
1.029818e+003,4.832654e-001
1.033675e+003,5.627491e-001
1.037532e+003,5.977309e-001
1.041389e+003,6.071280e-001
1.045246e+003,5.861490e-001
1.049103e+003,5.069391e-001
1.052960e+003,3.379693e-001
1.056817e+003,5.914015e-002
1.060674e+003,-3.157969e-001
1.064531e+003,-7.388295e-001
1.068388e+003,-1.143041e+000
1.072245e+003,-1.468341e+000
1.076102e+003,-1.685403e+000
1.079959e+003,-1.806042e+000
1.083816e+003,-1.839010e+000
1.087673e+003,-1.889718e+000
1.091530e+003,-1.990162e+000
1.095387e+003,-2.134152e+000
1.099244e+003,-2.273929e+000
1.103101e+003,-2.334047e+000
1.106958e+003,-2.237862e+000
1.110815e+003,-1.936838e+000
1.114672e+003,-1.535069e+000
1.118529e+003,-1.004450e+000
1.122386e+003,-4.121207e-001
1.126243e+003,1.588707e-001
1.130100e+003,6.304679e-001
1.133957e+003,9.476895e-001
1.137814e+003,1.088742e+000
1.141671e+003,1.065014e+000
1.145528e+003,9.351461e-001
1.149385e+003,7.041615e-001
1.153242e+003,4.276928e-001
1.157099e+003,1.446224e-001
1.160956e+003,-1.264218e-001
1.164813e+003,-3.814909e-001
1.168670e+003,-6.208946e-001
1.172527e+003,-8.394910e-001
1.176384e+003,-1.003244e+000
1.180241e+003,-1.098199e+000
1.184098e+003,-1.101614e+000
1.187955e+003,-1.004204e+000
1.191812e+003,-8.178600e-001
1.195669e+003,-5.761813e-001
1.199526e+003,-3.275459e-001
1.203383e+003,-1.235831e-001
1.207240e+003,-3.466457e-003
1.211097e+003,-3.455149e-003
1.214954e+003,-1.292021e-001
1.218811e+003,-3.659628e-001
1.222668e+003,-6.827127e-001
1.226525e+003,-1.036965e+000
1.230382e+003,-1.379494e+000
1.234239e+003,-1.659532e+000
1.238096e+003,-1.831971e+000
1.241953e+003,-1.862460e+000
1.245810e+003,-1.739406e+000
1.249667e+003,-1.476827e+000
1.253524e+003,-1.112216e+000
1.257381e+003,-6.971458e-001
1.261238e+003,-2.829731e-001
1.265095e+003,9.332875e-002
1.268952e+003,4.176268e-001
1.272809e+003,6.975610e-001
1.276666e+003,9.531946e-001
1.280523e+003,1.202802e+000
1.284380e+003,1.450987e+000
1.288237e+003,1.684487e+000
1.292094e+003,1.877445e+000
1.295951e+003,2.003299e+000
1.299808e+003,2.047767e+000
1.303665e+003,2.014744e+000
1.307522e+003,1.925891e+000
1.311379e+003,1.811608e+000
1.315236e+003,1.699944e+000
1.319093e+003,1.608841e+000
1.322950e+003,1.545159e+000
1.326807e+003,1.509868e+000
1.330664e+003,1.505853e+000
1.334521e+003,1.539658e+000
1.338378e+003,1.621029e+000
1.342235e+003,1.753783e+000
1.346092e+003,1.926533e+000
1.349949e+003,2.108509e+000
1.353806e+003,2.254560e+000
1.357663e+003,2.319009e+000
1.361520e+003,2.274920e+000
1.365377e+003,2.123734e+000
1.369234e+003,1.902960e+000
1.373091e+003,1.676780e+000
1.376948e+003,1.518200e+000
1.380805e+003,1.488157e+000
1.384662e+003,1.618875e+000
1.388519e+003,1.906480e+000
1.392376e+003,2.313764e+000
1.396233e+003,2.781061e+000
1.400090e+003,3.241308e+000
1.403947e+003,3.632879e+000
1.407804e+003,3.910387e+000
1.411661e+003,4.052142e+000
1.415518e+003,4.064092e+000
1.419375e+003,3.979664e+000
1.423232e+003,3.854136e+000
1.427089e+003,3.752645e+000
1.430946e+003,3.734004e+000
1.434803e+003,3.832839e+000
1.438660e+003,4.046289e+000
1.442517e+003,4.330934e+000
1.446374e+003,4.612820e+000
1.450231e+003,4.808687e+000
1.454088e+003,4.850370e+000
1.457945e+003,4.711480e+000
1.461802e+003,4.411052e+000
1.465659e+003,4.010119e+000
1.469516e+003,3.593763e+000
1.473373e+003,3.247461e+000
1.477230e+003,3.035969e+000
1.481087e+003,2.990941e+000
1.484944e+003,3.106818e+000
1.488801e+003,3.354602e+000
1.492658e+003,3.686826e+000
1.496515e+003,4.049540e+000
1.500372e+003,4.390190e+000
1.504229e+003,4.663357e+000
1.508086e+003,4.835831e+000
1.511943e+003,4.891912e+000
1.515800e+003,4.837712e+000
1.519657e+003,4.703725e+000
1.523514e+003,4.537738e+000
1.527371e+003,4.394785e+000
1.531228e+003,4.321952e+000
1.535085e+003,4.344212e+000
1.538942e+003,4.457124e+000
1.542799e+003,4.630153e+000
1.546656e+003,4.820334e+000
1.550513e+003,4.991860e+000
1.554370e+003,5.134069e+000
1.558227e+003,5.270490e+000
1.562084e+003,5.454967e+000
1.565941e+003,5.755296e+000
1.569798e+003,6.229534e+000
1.573655e+003,6.902917e+000
1.577512e+003,7.752001e+000
1.581369e+003,8.707687e+000
1.585226e+003,9.665579e+000
1.589083e+003,1.051116e+001
1.592940e+003,1.114762e+001
1.596797e+003,1.151907e+001
1.600654e+003,1.162262e+001
1.604511e+003,1.150618e+001
1.608368e+003,1.125324e+001
1.612225e+003,1.096047e+001
1.616082e+003,1.071441e+001
1.619939e+003,1.057565e+001
1.623796e+003,1.057352e+001
1.627653e+003,1.071106e+001
1.631510e+003,1.097583e+001
1.635367e+003,1.135041e+001
1.639224e+003,1.181724e+001
1.643081e+003,1.235584e+001
1.646938e+003,1.293626e+001
1.650795e+003,1.351342e+001
1.654652e+003,1.402875e+001
1.658509e+003,1.442087e+001
1.662366e+003,1.464236e+001
1.666223e+003,1.467558e+001
1.670080e+003,1.453937e+001
1.673937e+003,1.428233e+001
1.677794e+003,1.396509e+001
1.681651e+003,1.363864e+001
1.685508e+003,1.332968e+001
1.689365e+003,1.304042e+001
1.693222e+003,1.276301e+001
1.697079e+003,1.250089e+001
1.700936e+003,1.228466e+001
1.704793e+003,1.217248e+001
1.708650e+003,1.223018e+001
1.712507e+003,1.249996e+001
1.716364e+003,1.297168e+001
1.720221e+003,1.357213e+001
1.724078e+003,1.418121e+001
1.727935e+003,1.467108e+001
1.731792e+003,1.495335e+001
1.735649e+003,1.501414e+001
1.739506e+003,1.492163e+001
1.743363e+003,1.480061e+001
1.747220e+003,1.478488e+001
1.751077e+003,1.496729e+001
1.754934e+003,1.536831e+001
1.758791e+003,1.593546e+001
1.762648e+003,1.657240e+001
1.766505e+003,1.718147e+001
1.770362e+003,1.770328e+001
1.774219e+003,1.813389e+001
1.778076e+003,1.851516e+001
1.781933e+003,1.890546e+001
1.785790e+003,1.934577e+001
1.789647e+003,1.983691e+001
1.793504e+003,2.033672e+001
1.797361e+003,2.077493e+001
1.801218e+003,2.107876e+001
1.805075e+003,2.119524e+001
1.808932e+003,2.110333e+001
1.812789e+003,2.081472e+001
1.816646e+003,2.036749e+001
1.820503e+003,1.981901e+001
1.824360e+003,1.924073e+001
1.828217e+003,1.871613e+001
1.832073e+003,1.833169e+001
1.835931e+003,1.816268e+001
1.839788e+003,1.825224e+001
1.843645e+003,1.859116e+001
1.847501e+003,1.910856e+001
1.851359e+003,1.968112e+001
1.855216e+003,2.016190e+001
1.859073e+003,2.041975e+001
1.862929e+003,2.037681e+001
1.866787e+003,2.002835e+001
1.870644e+003,1.943837e+001
1.874500e+003,1.871381e+001
1.878357e+003,1.796901e+001
1.882215e+003,1.729521e+001
1.886072e+003,1.674602e+001
1.889928e+003,1.634225e+001
1.893786e+003,1.608663e+001
1.897643e+003,1.597989e+001
1.901500e+003,1.602681e+001
1.905356e+003,1.622949e+001
1.909214e+003,1.657285e+001
1.913071e+003,1.701252e+001
1.916927e+003,1.747459e+001
1.920784e+003,1.786982e+001
1.924642e+003,1.811894e+001
1.928499e+003,1.817728e+001
1.932355e+003,1.804824e+001
1.936212e+003,1.777928e+001
1.940070e+003,1.744205e+001
1.943927e+003,1.710538e+001
1.947783e+003,1.681215e+001
1.951640e+003,1.656885e+001
1.955498e+003,1.635074e+001
1.959354e+003,1.611830e+001
1.963211e+003,1.583720e+001
1.967068e+003,1.549334e+001
1.970926e+003,1.509795e+001
1.974782e+003,1.468254e+001
1.978639e+003,1.428706e+001
1.982497e+003,1.394652e+001
1.986354e+003,1.368054e+001
1.990210e+003,1.348859e+001
1.994067e+003,1.335123e+001
1.997925e+003,1.323665e+001
2.001781e+003,1.311050e+001
2.005638e+003,1.294665e+001
2.009495e+003,1.273590e+001
2.013353e+003,1.248944e+001
2.017209e+003,1.223548e+001
2.021066e+003,1.200872e+001
2.024923e+003,1.183618e+001
2.028781e+003,1.172455e+001
2.032637e+003,1.165521e+001
2.036494e+003,1.158993e+001
2.040351e+003,1.148614e+001
2.044208e+003,1.131578e+001
2.048065e+003,1.107902e+001
2.051922e+003,1.080620e+001
2.055779e+003,1.054598e+001
2.059636e+003,1.034430e+001
2.063493e+003,1.022372e+001
2.067350e+003,1.017257e+001
2.071207e+003,1.014928e+001
2.075064e+003,1.009992e+001
2.078921e+003,9.980512e+000
2.082778e+003,9.773516e+000
2.086635e+003,9.490868e+000
2.090492e+003,9.162944e+000
2.094349e+003,8.820035e+000
2.098206e+003,8.476667e+000
2.102063e+003,8.127418e+000
2.105920e+003,7.756259e+000
2.109777e+003,7.354219e+000
2.113634e+003,6.934780e+000
2.117491e+003,6.537474e+000
2.121348e+003,6.215943e+000
2.125205e+003,6.015027e+000
2.129062e+003,5.947652e+000
2.132919e+003,5.983253e+000
2.136776e+003,6.054313e+000
2.140633e+003,6.079212e+000
2.144490e+003,5.991666e+000
2.148347e+003,5.764011e+000
2.152204e+003,5.414572e+000
2.156061e+003,4.996898e+000
2.159918e+003,4.577005e+000
2.163775e+003,4.209640e+000
2.167632e+003,3.924197e+000
2.171489e+003,3.724783e+000
2.175346e+003,3.602208e+000
2.179203e+003,3.549551e+000
2.183060e+003,3.572151e+000
2.186917e+003,3.686587e+000
2.190774e+003,3.909362e+000
2.194631e+003,4.241500e+000
2.198488e+003,4.656955e+000
2.202345e+003,5.101050e+000
2.206202e+003,5.499805e+000
2.210059e+003,5.776455e+000
2.213916e+003,5.868859e+000
2.217773e+003,5.742130e+000
2.221630e+003,5.393803e+000
2.225487e+003,4.852258e+000
2.229344e+003,4.170980e+000
2.233201e+003,3.421205e+000
2.237058e+003,2.683867e+000
2.240915e+003,2.040365e+000
2.244772e+003,1.561511e+000
2.248629e+003,1.295453e+000
2.252486e+003,1.257332e+000
2.256343e+003,1.424429e+000
2.260200e+003,1.740229e+000
2.264057e+003,2.126759e+000
2.267914e+003,2.502318e+000
2.271771e+003,2.798908e+000
2.275628e+003,2.973795e+000
2.279485e+003,3.012290e+000
2.283342e+003,2.922557e+000
2.287199e+003,2.726654e+000
2.291056e+003,2.451421e+000
2.294913e+003,2.124110e+000
2.298770e+003,1.771579e+000
2.302627e+003,1.420802e+000
2.306484e+003,1.097538e+000
2.310341e+003,8.216963e-001
2.314198e+003,6.008673e-001
2.318055e+003,4.261736e-001
2.321912e+003,2.730906e-001
2.325769e+003,1.119944e-001
2.329626e+003,-7.774828e-002
2.333483e+003,-2.938535e-001
2.337340e+003,-5.048023e-001
2.341197e+003,-6.557128e-001
2.345054e+003,-6.860651e-001
2.348911e+003,-5.546327e-001
2.352768e+003,-2.573009e-001
2.356625e+003,1.628377e-001
2.360482e+003,6.239537e-001
2.364339e+003,1.028693e+000
2.368196e+003,1.294901e+000
2.372053e+003,1.383013e+000
2.375910e+003,1.309995e+000
2.379767e+003,1.144331e+000
2.383624e+003,9.823491e-001
2.387481e+003,9.149375e-001
2.391338e+003,9.958090e-001
2.395195e+003,1.221021e+000
2.399052e+003,1.527615e+000
2.402909e+003,1.812515e+000
2.406766e+003,1.966049e+000
2.410623e+003,1.909506e+000
2.414480e+003,1.625581e+000
2.418337e+003,1.165022e+000
2.422194e+003,6.363600e-001
2.426051e+003,1.751463e-001
2.429908e+003,-9.616422e-002
2.433765e+003,-1.046029e-001
2.437622e+003,1.526333e-001
2.441479e+003,6.082105e-001
2.445336e+003,1.152209e+000
2.449193e+003,1.663444e+000
2.453050e+003,2.044564e+000
2.456907e+003,2.244426e+000
2.460764e+003,2.262097e+000
2.464621e+003,2.133787e+000
2.468478e+003,1.910681e+000
2.472335e+003,1.637979e+000
2.476192e+003,1.345907e+000
2.480049e+003,1.051119e+000
2.483906e+003,7.679925e-001
2.487763e+003,5.194154e-001
2.491620e+003,3.389515e-001
2.495477e+003,2.609720e-001
2.499334e+003,3.024988e-001
2.503191e+003,4.443294e-001
2.507048e+003,6.304173e-001
2.510905e+003,7.748535e-001
2.514762e+003,7.926344e-001
2.518619e+003,6.336778e-001
2.522476e+003,3.077116e-001
2.526333e+003,-1.119953e-001
2.530190e+003,-5.097612e-001
2.534047e+003,-7.719926e-001
2.537904e+003,-8.070772e-001
2.541761e+003,-6.010590e-001
2.545618e+003,-2.115268e-001
2.549475e+003,2.564946e-001
2.553332e+003,6.908860e-001
2.557189e+003,1.011852e+000
2.561046e+003,1.194446e+000
2.564903e+003,1.271894e+000
2.568760e+003,1.295645e+000
2.572617e+003,1.319169e+000
2.576474e+003,1.365415e+000
2.580331e+003,1.418342e+000
2.584188e+003,1.435052e+000
2.588045e+003,1.370853e+000
2.591902e+003,1.204130e+000
2.595759e+003,9.495912e-001
2.599616e+003,6.498201e-001
2.603473e+003,3.626606e-001
2.607330e+003,1.339552e-001
2.611187e+003,-1.960464e-002
2.615044e+003,-1.135646e-001
2.618901e+003,-1.849320e-001
2.622758e+003,-2.740543e-001
2.626615e+003,-4.128996e-001
2.630472e+003,-6.041692e-001
2.634329e+003,-8.323811e-001
2.638186e+003,-1.069012e+000
2.642043e+003,-1.281184e+000
2.645900e+003,-1.436931e+000
2.649757e+003,-1.506649e+000
2.653614e+003,-1.463665e+000
2.657471e+003,-1.289020e+000
2.661328e+003,-9.708441e-001
2.665185e+003,-5.254701e-001
2.669042e+003,3.299788e-003
2.672899e+003,5.497456e-001
2.676756e+003,1.042340e+000
2.680613e+003,1.425259e+000
2.684470e+003,1.676092e+000
2.688327e+003,1.813588e+000
2.692184e+003,1.878062e+000
2.696041e+003,1.918612e+000
2.699898e+003,1.964087e+000
2.703755e+003,2.009531e+000
2.707612e+003,2.021278e+000
2.711469e+003,1.958571e+000
2.715326e+003,1.800738e+000
2.719183e+003,1.564134e+000
2.723040e+003,1.304771e+000
2.726897e+003,1.095150e+000
2.730754e+003,9.890683e-001
2.734611e+003,9.930037e-001
2.738468e+003,1.058374e+000
2.742325e+003,1.099957e+000
2.746182e+003,1.033013e+000
2.750039e+003,8.031868e-001
2.753896e+003,4.321849e-001
2.757753e+003,1.249254e-003
2.761610e+003,-3.773769e-001
2.765467e+003,-6.038975e-001
2.769324e+003,-6.273335e-001
2.773181e+003,-4.601268e-001
2.777038e+003,-1.675575e-001
2.780895e+003,1.578789e-001
2.784752e+003,4.277772e-001
2.788609e+003,5.777192e-001
2.792466e+003,5.742646e-001
2.796323e+003,4.089746e-001
2.800180e+003,9.087282e-002
2.804037e+003,-3.546163e-001
2.807894e+003,-8.792793e-001
2.811751e+003,-1.402073e+000
2.815608e+003,-1.820716e+000
2.819465e+003,-2.018416e+000
2.823322e+003,-1.896722e+000
2.827179e+003,-1.407978e+000
2.831036e+003,-5.765889e-001
2.834893e+003,5.012523e-001
2.838750e+003,1.680795e+000
2.842607e+003,2.790596e+000
2.846464e+003,3.723163e+000
2.850321e+003,4.402974e+000
2.854178e+003,4.805190e+000
2.858035e+003,4.942668e+000
2.861892e+003,4.846326e+000
2.865749e+003,4.549713e+000
2.869606e+003,4.084508e+000
2.873463e+003,3.495940e+000
2.877320e+003,2.825081e+000
2.881177e+003,2.138056e+000
2.885034e+003,1.513658e+000
2.888891e+003,1.025958e+000
2.892748e+003,7.216308e-001
2.896605e+003,6.018343e-001
2.900462e+003,6.177891e-001
2.904319e+003,6.845531e-001
2.908176e+003,7.084668e-001
2.912033e+003,6.215677e-001
2.915890e+003,4.080552e-001
2.919747e+003,1.128927e-001
2.923604e+003,-1.720069e-001
2.927461e+003,-3.401042e-001
2.931318e+003,-3.098454e-001
2.935175e+003,-4.200049e-002
2.939032e+003,4.056189e-001
2.942889e+003,9.247771e-001
2.946746e+003,1.382240e+000
2.950603e+003,1.663656e+000
2.954460e+003,1.709724e+000
2.958317e+003,1.531196e+000
2.962174e+003,1.197932e+000
2.966031e+003,8.113862e-001
2.969888e+003,4.558603e-001
2.973745e+003,1.832917e-001
2.977602e+003,-3.300980e-003
2.981459e+003,-1.360482e-001
2.985316e+003,-2.543472e-001
2.989173e+003,-3.773230e-001
2.993030e+003,-4.898321e-001
2.996887e+003,-5.484609e-001
3.000744e+003,-5.015662e-001
3.004601e+003,-3.168115e-001
3.008458e+003,1.609921e-004
3.012315e+003,4.021513e-001
3.016172e+003,8.128344e-001
3.020029e+003,1.148675e+000
3.023886e+003,1.340621e+000
3.027743e+003,1.343517e+000
3.031600e+003,1.161188e+000
3.035457e+003,8.053188e-001
3.039314e+003,3.014277e-001
3.043171e+003,-3.160246e-001
3.047028e+003,-1.003544e+000
3.050885e+003,-1.705633e+000
3.054742e+003,-2.353564e+000
3.058599e+003,-2.864625e+000
3.062456e+003,-3.180922e+000
3.066313e+003,-3.253573e+000
3.070170e+003,-3.070473e+000
3.074027e+003,-2.666079e+000
3.077884e+003,-2.119348e+000
3.081741e+003,-1.538328e+000
3.085598e+003,-1.034446e+000
3.089455e+003,-6.906397e-001
3.093312e+003,-5.485629e-001
3.097169e+003,-5.825937e-001
3.101026e+003,-7.116829e-001
3.104883e+003,-8.228216e-001
3.108740e+003,-8.046410e-001
3.112597e+003,-5.810316e-001
3.116454e+003,-1.343683e-001
3.120311e+003,5.289846e-001
3.124168e+003,1.269167e+000
3.128025e+003,1.941134e+000
3.131882e+003,2.417794e+000
3.135739e+003,2.626059e+000
3.139596e+003,2.562865e+000
3.143453e+003,2.287705e+000
3.147310e+003,1.896866e+000
3.151167e+003,1.410190e+000
3.155024e+003,9.878507e-001
3.158881e+003,6.777595e-001
3.162738e+003,4.780767e-001
3.166594e+003,3.547765e-001
3.170452e+003,2.648161e-001
3.174309e+003,1.736069e-001
3.178166e+003,6.068498e-002
3.182023e+003,-9.493262e-003
3.185880e+003,-1.238776e-001
3.189737e+003,-2.959300e-001
3.193594e+003,-5.411283e-001
3.197451e+003,-8.667115e-001
3.201308e+003,-1.258711e+000
3.205165e+003,-1.673016e+000
3.209021e+003,-2.036863e+000
3.212879e+003,-2.272911e+000
3.216736e+003,-2.348528e+000
3.220593e+003,-2.225028e+000
3.224449e+003,-1.902542e+000
3.228307e+003,-1.422943e+000
3.232164e+003,-8.594607e-001
3.236021e+003,-2.959886e-001
3.239877e+003,1.965485e-001
3.243735e+003,5.442183e-001
3.247592e+003,7.857144e-001
3.251448e+003,9.435626e-001
3.255305e+003,1.048994e+000
3.259163e+003,1.125737e+000
3.263020e+003,1.180546e+000
3.266876e+003,1.204536e+000
3.270734e+003,1.184097e+000
3.274591e+003,1.112116e+000
3.278448e+003,1.009589e+000
3.282304e+003,9.118748e-001
3.286162e+003,8.643824e-001
3.290019e+003,9.056969e-001
3.293875e+003,1.051061e+000
3.297732e+003,1.283465e+000
3.301590e+003,1.556307e+000
3.305447e+003,1.803452e+000
3.309303e+003,1.969160e+000
3.313160e+003,2.011105e+000
3.317018e+003,1.911998e+000
3.320875e+003,1.677925e+000
3.324731e+003,1.329891e+000
3.328588e+003,8.938920e-001
3.332446e+003,3.947091e-001
3.336302e+003,-1.426013e-001
3.340159e+003,-6.923077e-001
3.344016e+003,-1.217256e+000
3.347874e+003,-1.667894e+000
3.351730e+003,-1.986537e+000
3.355587e+003,-2.117896e+000
3.359444e+003,-2.022384e+000
3.363302e+003,-1.687392e+000
3.367158e+003,-1.130863e+000
3.371015e+003,-4.038658e-001
3.374873e+003,4.216076e-001
3.378729e+003,1.262689e+000
3.382586e+003,2.036369e+000
3.386443e+003,2.668006e+000
3.390301e+003,3.097680e+000
3.394157e+003,3.285513e+000
3.398014e+003,3.216834e+000
3.401871e+003,2.904209e+000
3.405729e+003,2.396072e+000
3.409585e+003,1.770495e+000
3.413442e+003,1.125431e+000
3.417299e+003,5.630254e-001
3.421156e+003,1.713296e-001
3.425013e+003,8.196289e-003
3.428870e+003,9.237501e-002
3.432727e+003,4.040254e-001
3.436584e+003,8.875111e-001
3.440441e+003,1.467161e+000
3.444298e+003,2.061610e+000
3.448155e+003,2.595741e+000
3.452012e+003,3.008634e+000
3.455869e+003,3.257937e+000
3.459726e+003,3.321371e+000
3.463583e+003,3.197449e+000
3.467440e+003,2.909938e+000
3.471297e+003,2.504311e+000
3.475154e+003,2.043089e+000
3.479011e+003,1.597518e+000
3.482868e+003,1.236546e+000
3.486725e+003,1.015312e+000
3.490582e+003,9.655901e-001
3.494439e+003,1.094008e+000
3.498296e+003,1.375566e+000
3.502153e+003,1.761279e+000
3.506010e+003,2.186496e+000
3.509867e+003,2.581163e+000
3.513724e+003,2.880791e+000
3.517581e+003,3.036885e+000
3.521438e+003,3.022467e+000
3.525295e+003,2.842088e+000
3.529152e+003,2.528955e+000
3.533009e+003,2.136311e+000
3.536866e+003,1.723621e+000
3.540723e+003,1.340964e+000
3.544580e+003,1.016712e+000
3.548437e+003,7.529836e-001
3.552294e+003,5.229421e-001
3.556151e+003,3.064760e-001
3.560008e+003,8.124641e-002
3.563865e+003,-1.585021e-001
3.567722e+003,-3.995617e-001
3.571579e+003,-6.159880e-001
3.575436e+003,-7.799541e-001
3.579293e+003,-8.713319e-001
3.583150e+003,-8.840069e-001
3.587007e+003,-8.119497e-001
3.590864e+003,-6.568480e-001
3.594721e+003,-4.186240e-001
3.598578e+003,-9.805052e-002
3.602435e+003,2.940779e-001
3.606292e+003,7.263472e-001
3.610149e+003,1.142328e+000
3.614006e+003,1.470590e+000
3.617863e+003,1.633880e+000
3.621720e+003,1.587991e+000
3.625577e+003,1.337768e+000
3.629434e+003,9.408289e-001
3.633291e+003,4.911252e-001
3.637148e+003,8.785589e-002
3.641005e+003,-1.975741e-001
3.644862e+003,-3.418227e-001
3.648719e+003,-3.682553e-001
3.652576e+003,-3.325956e-001
3.656433e+003,-2.894214e-001
3.660290e+003,-2.665441e-001
3.664147e+003,-2.563689e-001
3.668004e+003,-2.269992e-001
3.671861e+003,-1.456943e-001
3.675718e+003,4.377670e-003
3.679575e+003,1.976166e-001
3.683432e+003,3.902200e-001
3.687289e+003,5.365890e-001
3.691146e+003,6.112571e-001
3.695003e+003,6.193551e-001
3.698860e+003,5.903504e-001
3.702717e+003,5.592832e-001
3.706574e+003,5.476417e-001
3.710431e+003,5.498118e-001
3.714288e+003,5.420606e-001
3.718145e+003,4.987688e-001
3.722002e+003,4.114490e-001
3.725859e+003,2.977294e-001
3.729716e+003,1.948294e-001
3.733573e+003,1.412047e-001
3.737430e+003,1.571864e-001
3.741287e+003,2.358985e-001
3.745144e+003,3.506429e-001
3.749001e+003,4.744568e-001
3.752858e+003,6.005296e-001
3.756715e+003,7.505934e-001
3.760572e+003,9.644827e-001
3.764429e+003,1.274349e+000
3.768286e+003,1.674896e+000
3.772143e+003,2.112662e+000
3.776000e+003,2.488886e+000
3.779857e+003,2.690735e+000
3.783714e+003,2.632108e+000
3.787571e+003,2.288132e+000
3.791428e+003,1.708144e+000
3.795285e+003,1.001127e+000
3.799142e+003,3.071184e-001
3.802999e+003,-2.708061e-001
3.806856e+003,-6.735428e-001
3.810713e+003,-9.034891e-001
3.814570e+003,-1.010772e+000
3.818427e+003,-1.063287e+000
3.822284e+003,-1.114004e+000
3.826141e+003,-1.178802e+000
3.829998e+003,-1.232658e+000
3.833855e+003,-1.225339e+000
3.837712e+003,-1.102924e+000
3.841569e+003,-8.335719e-001
3.845426e+003,-4.226286e-001
3.849283e+003,8.656979e-002
3.853140e+003,6.255037e-001
3.856997e+003,1.121342e+000
3.860854e+003,1.515456e+000
3.864711e+003,1.785524e+000
3.868568e+003,1.936640e+000
3.872425e+003,1.994570e+000
3.876282e+003,1.988432e+000
3.880139e+003,1.933503e+000
3.883996e+003,1.821608e+000
3.887853e+003,1.623832e+000
3.891710e+003,1.307645e+000
3.895567e+003,8.532054e-001
3.899424e+003,2.782472e-001
3.903281e+003,-3.539522e-001
3.907138e+003,-9.419719e-001
3.910995e+003,-1.370111e+000
3.914852e+003,-1.541933e+000
3.918709e+003,-1.412192e+000
3.922566e+003,-1.009077e+000
3.926423e+003,-4.219550e-001
3.930280e+003,2.151563e-001
3.934137e+003,7.624870e-001
3.937994e+003,1.113658e+000
3.941851e+003,1.223599e+000
3.945708e+003,1.116222e+000
3.949565e+003,8.700081e-001
3.953422e+003,5.870010e-001
3.957279e+003,3.582513e-001
3.961136e+003,2.336487e-001
3.964993e+003,2.117789e-001
3.968850e+003,2.479597e-001
3.972707e+003,2.776831e-001
3.976564e+003,2.460593e-001
3.980421e+003,1.320336e-001
3.984278e+003,-4.105458e-002
3.988135e+003,-2.153050e-001
3.991992e+003,-3.186437e-001
3.995849e+003,-2.930925e-001
3.999706e+003,-1.179820e-001
4.003563e+003,1.802974e-001
4.007420e+003,5.355852e-001
4.011277e+003,8.633252e-001
4.015134e+003,1.087010e+000
4.018991e+003,1.164464e+000
4.022848e+003,1.092583e+000
4.026705e+003,9.038801e-001
4.030562e+003,6.500187e-001
4.034419e+003,3.819570e-001
4.038276e+003,1.352903e-001
4.042133e+003,-7.393378e-002
4.045990e+003,-2.414769e-001
4.049847e+003,-3.691960e-001
4.053704e+003,-4.509304e-001
4.057561e+003,-4.733500e-001
4.061418e+003,-4.232904e-001
4.065275e+003,-2.988853e-001
4.069132e+003,-1.173958e-001
4.072989e+003,8.601378e-002
4.076846e+003,2.692514e-001
4.080703e+003,4.004410e-001
4.084560e+003,4.707493e-001
4.088417e+003,4.972502e-001
4.092274e+003,5.122114e-001
4.096131e+003,5.433965e-001
4.099988e+003,5.950677e-001
4.103845e+003,6.399955e-001
4.107702e+003,6.268002e-001
4.111559e+003,5.061930e-001
4.115416e+003,2.548488e-001
4.119273e+003,-1.052081e-001
4.123130e+003,-5.074755e-001
4.126987e+003,-8.622874e-001
4.130844e+003,-1.090232e+000
4.134701e+003,-1.153134e+000
4.138558e+003,-1.067417e+000
4.142415e+003,-8.985044e-001
4.146271e+003,-7.302274e-001
4.150129e+003,-6.298653e-001
4.153986e+003,-6.218415e-001
4.157843e+003,-6.819755e-001
4.161700e+003,-7.540363e-001
4.165557e+003,-7.799484e-001
4.169414e+003,-7.292757e-001
4.173271e+003,-6.121386e-001
4.177128e+003,-4.736411e-001
4.180985e+003,-3.694799e-001
4.184842e+003,-3.369344e-001
4.188699e+003,-3.748194e-001
4.192556e+003,-4.419225e-001
4.196413e+003,-4.745594e-001
4.200270e+003,-4.147693e-001
4.204126e+003,-2.377715e-001
4.207984e+003,3.764314e-002
4.211841e+003,3.548138e-001
4.215698e+003,6.406054e-001
4.219555e+003,8.319881e-001
4.223412e+003,8.962471e-001
4.227269e+003,8.368977e-001
4.231125e+003,6.855813e-001
4.234982e+003,4.797018e-001
4.238840e+003,2.472106e-001
4.242697e+003,-2.930380e-003
4.246554e+003,-2.763578e-001
4.250411e+003,-5.782111e-001
4.254268e+003,-8.951570e-001
4.258125e+003,-1.184170e+000
4.261981e+003,-1.376283e+000
4.265839e+003,-1.393464e+000
4.269696e+003,-1.175645e+000
4.273553e+003,-7.086093e-001
4.277410e+003,-4.006797e-002
4.281267e+003,7.236236e-001
4.285124e+003,1.441559e+000
4.288980e+003,1.977047e+000
4.292837e+003,2.237804e+000
4.296695e+003,2.212450e+000
4.300552e+003,1.966661e+000
4.304409e+003,1.629191e+000
4.308266e+003,1.352769e+000
4.312123e+003,1.266517e+000
4.315979e+003,1.435423e+000
4.319836e+003,1.840325e+000
4.323693e+003,2.381947e+000
4.327551e+003,2.921261e+000
4.331408e+003,3.316374e+000
4.335265e+003,3.464549e+000
4.339122e+003,3.328291e+000
4.342979e+003,2.939339e+000
4.346835e+003,2.381570e+000
4.350692e+003,1.761008e+000
4.354550e+003,1.180059e+000
4.358407e+003,6.954901e-001
4.362264e+003,3.336709e-001
4.366121e+003,9.039051e-002
4.369978e+003,-5.516563e-002
4.373834e+003,-1.260740e-001
4.377691e+003,-1.387481e-001
4.381548e+003,-1.016126e-001
4.385406e+003,-3.095913e-002
4.389263e+003,7.733405e-002
4.393120e+003,2.107587e-001
4.396977e+003,3.495302e-001
4.400833e+003,4.702723e-001
4.404690e+003,5.515612e-001
4.408547e+003,5.787657e-001
4.412404e+003,5.463721e-001
4.416262e+003,4.925642e-001
4.420119e+003,4.074184e-001
4.423976e+003,2.964320e-001
4.427833e+003,1.640152e-001
4.431689e+003,1.313758e-002
4.435546e+003,-1.539495e-001
4.439403e+003,-3.343573e-001
4.443260e+003,-5.229492e-001
4.447118e+003,-6.675125e-001
4.450975e+003,-8.253477e-001
4.454832e+003,-9.831063e-001
4.458688e+003,-1.119193e+000
4.462545e+003,-1.205023e+000
4.466402e+003,-1.208726e+000
4.470259e+003,-1.101394e+000
4.474117e+003,-8.649838e-001
4.477974e+003,-4.552490e-001
4.481831e+003,6.300539e-002
4.485688e+003,6.303138e-001
4.489544e+003,1.170166e+000
4.493401e+003,1.604351e+000
4.497258e+003,1.871205e+000
4.501115e+003,1.941573e+000
4.504973e+003,1.827253e+000
4.508830e+003,1.547975e+000
4.512687e+003,1.190462e+000
4.516543e+003,8.530928e-001
4.520400e+003,6.089895e-001
4.524257e+003,4.854605e-001
4.528114e+003,4.600114e-001
4.531971e+003,4.741895e-001
4.535829e+003,4.599628e-001
4.539686e+003,3.480447e-001
4.543542e+003,1.487894e-001
4.547399e+003,-9.701020e-002
4.551256e+003,-3.154489e-001
4.555113e+003,-4.284419e-001
4.558970e+003,-3.843693e-001
4.562828e+003,-1.780816e-001
4.566685e+003,1.474437e-001
4.570542e+003,5.210992e-001
4.574398e+003,8.612149e-001
4.578255e+003,1.110221e+000
4.582112e+003,1.249776e+000
4.585969e+003,1.298285e+000
4.589826e+003,1.292828e+000
4.593684e+003,1.264784e+000
4.597541e+003,1.220967e+000
4.601397e+003,1.139219e+000
4.605254e+003,9.802551e-001
4.609111e+003,7.126160e-001
4.612968e+003,3.367722e-001
4.616826e+003,-1.017788e-001
4.620683e+003,-5.178478e-001
4.624540e+003,-8.096719e-001
4.628396e+003,-8.916985e-001
4.632253e+003,-7.229464e-001
4.636110e+003,-3.279999e-001
4.639967e+003,2.095940e-001
4.643824e+003,7.693478e-001
4.647682e+003,1.227254e+000
4.651539e+003,1.488854e+000
4.655396e+003,1.511964e+000
4.659252e+003,1.313519e+000
4.663109e+003,9.607434e-001
4.666966e+003,5.511884e-001
4.670823e+003,1.886530e-001
4.674681e+003,-3.910753e-002
4.678538e+003,-7.686944e-002
4.682395e+003,8.901574e-002
4.686251e+003,4.292229e-001
4.690108e+003,8.774567e-001
4.693965e+003,1.342182e+000
4.697822e+003,1.729925e+000
4.701679e+003,1.963107e+000
4.705537e+003,2.001281e+000
4.709394e+003,1.854092e+000
4.713250e+003,1.581631e+000
4.717107e+003,1.279979e+000
4.720964e+003,1.054558e+000
4.724821e+003,9.864807e-001
4.728678e+003,1.109566e+000
4.732535e+003,1.400297e+000
4.736393e+003,1.782906e+000
4.740250e+003,2.151218e+000
4.744106e+003,2.398904e+000
4.747963e+003,2.447868e+000
4.751820e+003,2.265708e+000
4.755677e+003,1.887747e+000
4.759534e+003,1.355992e+000
4.763392e+003,7.316407e-001
4.767249e+003,7.354844e-002
4.771105e+003,-5.712785e-001
4.774962e+003,-1.168307e+000
4.778819e+003,-1.689556e+000
4.782676e+003,-2.106229e+000
4.786533e+003,-2.373717e+000
4.790390e+003,-2.506417e+000
4.794248e+003,-2.479537e+000
4.798104e+003,-2.280688e+000
4.801961e+003,-1.917234e+000
4.805818e+003,-1.418417e+000
4.809675e+003,-8.310939e-001
4.813532e+003,-2.105336e-001
4.817389e+003,3.297068e-001
4.821246e+003,8.222845e-001
4.825104e+003,1.246802e+000
4.828960e+003,1.592068e+000
4.832817e+003,1.851564e+000
4.836674e+003,2.018790e+000
4.840531e+003,2.085030e+000
4.844388e+003,2.040995e+000
4.848245e+003,1.865993e+000
4.852103e+003,1.569626e+000
4.855959e+003,1.184241e+000
4.859816e+003,7.623185e-001
4.863673e+003,3.697347e-001
4.867530e+003,7.279968e-002
4.871387e+003,-7.761700e-002
4.875244e+003,-6.001137e-002
4.879101e+003,1.133633e-001
4.882958e+003,3.984842e-001
4.886815e+003,7.105817e-001
4.890672e+003,9.627374e-001
4.894529e+003,1.090317e+000
4.898386e+003,1.068048e+000
4.902243e+003,9.143684e-001
4.906100e+003,6.821158e-001
4.909957e+003,4.334843e-001
4.913814e+003,2.425787e-001
4.917671e+003,1.491286e-001
4.921528e+003,1.585764e-001
4.925385e+003,2.479474e-001
4.929242e+003,3.810573e-001
4.933099e+003,5.256362e-001
4.936956e+003,6.648583e-001
4.940813e+003,8.031231e-001
4.944670e+003,9.435293e-001
4.948527e+003,1.091900e+000
4.952384e+003,1.241862e+000
4.956241e+003,1.373595e+000
4.960098e+003,1.461920e+000
4.963955e+003,1.489545e+000
4.967812e+003,1.458167e+000
4.971669e+003,1.385402e+000
4.975526e+003,1.310936e+000
4.979383e+003,1.265569e+000
4.983240e+003,1.257195e+000
4.987097e+003,1.262197e+000
4.990954e+003,1.231353e+000
4.994811e+003,1.109004e+000
4.998668e+003,8.577528e-001
5.002525e+003,4.736545e-001
5.006382e+003,4.041851e-003
5.010239e+003,-4.770065e-001
5.014096e+003,-8.895974e-001
5.017953e+003,-1.174581e+000
5.021810e+003,-1.310477e+000
5.025667e+003,-1.314006e+000
5.029524e+003,-1.225142e+000
5.033381e+003,-1.083141e+000
5.037238e+003,-9.111984e-001
5.041095e+003,-7.068180e-001
5.044952e+003,-4.501637e-001
5.048809e+003,-1.220448e-001
5.052666e+003,2.775910e-001
5.056523e+003,7.200632e-001
5.060380e+003,1.152072e+000
5.064237e+003,1.513862e+000
5.068094e+003,1.751637e+000
5.071951e+003,1.844134e+000
5.075808e+003,1.805196e+000
5.079665e+003,1.677429e+000
5.083522e+003,1.517289e+000
5.087379e+003,1.378108e+000
5.091236e+003,1.297092e+000
5.095093e+003,1.288730e+000
5.098950e+003,1.349238e+000
5.102807e+003,1.456709e+000
5.106664e+003,1.580260e+000
5.110521e+003,1.687082e+000
5.114378e+003,1.748651e+000
5.118235e+003,1.745908e+000
5.122092e+003,1.672868e+000
5.125949e+003,1.538920e+000
5.129806e+003,1.363494e+000
5.133663e+003,1.173179e+000
5.137520e+003,9.927875e-001
5.141377e+003,8.404363e-001
5.145234e+003,7.278292e-001
5.149091e+003,6.654779e-001
5.152948e+003,6.691580e-001
5.156805e+003,8.065625e-001
5.160662e+003,1.069348e+000
5.164519e+003,1.462572e+000
5.168376e+003,1.955771e+000
5.172233e+003,2.473508e+000
5.176090e+003,2.903031e+000
5.179947e+003,3.120220e+000
5.183804e+003,3.025970e+000
5.187661e+003,2.536573e+000
5.191518e+003,1.678251e+000
5.195375e+003,5.773977e-001
5.199232e+003,-5.930382e-001
5.203089e+003,-1.660185e+000
5.206946e+003,-2.490237e+000
5.210803e+003,-3.008398e+000
5.214660e+003,-3.199143e+000
5.218517e+003,-3.096516e+000
5.222374e+003,-2.776588e+000
5.226231e+003,-2.320638e+000
5.230088e+003,-1.820847e+000
5.233945e+003,-1.368814e+000
5.237802e+003,-1.039450e+000
5.241659e+003,-8.740327e-001
5.245516e+003,-8.701866e-001
5.249373e+003,-9.950999e-001
5.253230e+003,-1.172472e+000
5.257087e+003,-1.348984e+000
5.260944e+003,-1.485778e+000
5.264801e+003,-1.561267e+000
5.268658e+003,-1.563112e+000
5.272515e+003,-1.476248e+000
5.276372e+003,-1.276877e+000
5.280229e+003,-9.796458e-001
5.284086e+003,-5.449871e-001
5.287943e+003,8.855015e-003
5.291800e+003,6.243697e-001
5.295657e+003,1.214015e+000
5.299514e+003,1.686857e+000
5.303371e+003,1.982684e+000
5.307228e+003,2.098195e+000
5.311085e+003,2.082974e+000
5.314942e+003,2.047256e+000
5.318799e+003,2.088918e+000
5.322656e+003,2.269919e+000
5.326513e+003,2.592443e+000
5.330370e+003,2.999439e+000
5.334227e+003,3.398585e+000
5.338084e+003,3.698395e+000
5.341941e+003,3.840534e+000
5.345798e+003,3.818440e+000
5.349655e+003,3.662093e+000
5.353512e+003,3.419796e+000
5.357369e+003,3.133112e+000
5.361226e+003,2.820789e+000
5.365083e+003,2.478344e+000
5.368940e+003,2.091659e+000
5.372797e+003,1.661118e+000
5.376654e+003,1.201343e+000
5.380511e+003,7.578728e-001
5.384368e+003,3.923572e-001
5.388225e+003,1.641091e-001
5.392082e+003,1.112183e-001
5.395939e+003,2.379897e-001
5.399796e+003,5.119436e-001
5.403653e+003,8.695488e-001
5.407510e+003,1.228830e+000
5.411367e+003,1.503092e+000
5.415224e+003,1.615317e+000
5.419081e+003,1.512586e+000
5.422938e+003,1.178954e+000
5.426795e+003,6.440349e-001
5.430652e+003,-1.665837e-002
5.434509e+003,-6.904557e-001
5.438366e+003,-1.259033e+000
5.442223e+003,-1.619483e+000
5.446080e+003,-1.714702e+000
5.449937e+003,-1.549395e+000
5.453794e+003,-1.187499e+000
5.457651e+003,-7.309188e-001
5.461508e+003,-2.867196e-001
5.465365e+003,6.452052e-002
5.469222e+003,2.915043e-001
5.473079e+003,4.113735e-001
5.476936e+003,4.748196e-001
5.480793e+003,5.411849e-001
5.484650e+003,6.551129e-001
5.488507e+003,8.334234e-001
5.492364e+003,1.065173e+000
5.496221e+003,1.322053e+000
5.500078e+003,1.569525e+000
5.503935e+003,1.777378e+000
5.507792e+003,1.921355e+000
5.511649e+003,1.980360e+000
5.515506e+003,1.933546e+000
5.519363e+003,1.761783e+000
5.523220e+003,1.454745e+000
5.527077e+003,1.013908e+000
5.530934e+003,4.783351e-001
5.534791e+003,-9.108616e-002
5.538648e+003,-6.181895e-001
5.542505e+003,-1.028464e+000
5.546362e+003,-1.266613e+000
5.550219e+003,-1.308743e+000
5.554076e+003,-1.165924e+000
5.557933e+003,-8.805429e-001
5.561790e+003,-5.122090e-001
5.565647e+003,-1.432559e-001
5.569504e+003,1.435885e-001
5.573361e+003,2.769946e-001
5.577218e+003,2.099181e-001
5.581075e+003,-6.693311e-002
5.584932e+003,-5.149122e-001
5.588789e+003,-1.083871e+000
5.592646e+003,-1.591682e+000
5.596503e+003,-1.891973e+000
5.600360e+003,-1.883553e+000
5.604217e+003,-1.548405e+000
5.608074e+003,-9.640431e-001
5.611931e+003,-2.823954e-001
5.615788e+003,3.187063e-001
5.619645e+003,6.733158e-001
5.623501e+003,7.472943e-001
5.627359e+003,5.580517e-001
5.631216e+003,1.876561e-001
5.635073e+003,-2.527891e-001
5.638930e+003,-6.617347e-001
5.642787e+003,-9.736744e-001
5.646644e+003,-1.166279e+000
5.650500e+003,-1.257945e+000
5.654358e+003,-1.277315e+000
5.658215e+003,-1.251546e+000
5.662072e+003,-1.203316e+000
5.665929e+003,-1.151077e+000
5.669786e+003,-1.110294e+000
5.673643e+003,-1.091591e+000
5.677500e+003,-1.095104e+000
5.681356e+003,-1.110734e+000
5.685214e+003,-1.100751e+000
5.689071e+003,-1.021416e+000
5.692928e+003,-8.325193e-001
5.696785e+003,-5.140049e-001
5.700642e+003,-7.752687e-002
5.704499e+003,4.330565e-001
5.708355e+003,9.535464e-001
5.712212e+003,1.421622e+000
5.716070e+003,1.788276e+000
5.719927e+003,2.038469e+000
5.723784e+003,2.187280e+000
5.727641e+003,2.268113e+000
5.731498e+003,2.316243e+000
5.735354e+003,2.355267e+000
5.739211e+003,2.391658e+000
5.743069e+003,2.415306e+000
5.746926e+003,2.414569e+000
5.750783e+003,2.378407e+000
5.754640e+003,2.301208e+000
5.758497e+003,2.181487e+000
5.762354e+003,2.018736e+000
5.766210e+003,1.812329e+000
5.770067e+003,1.564497e+000
5.773925e+003,1.281873e+000
5.777782e+003,9.928875e-001
5.781639e+003,7.323067e-001
5.785496e+003,5.364929e-001
5.789353e+003,4.297619e-001
5.793209e+003,4.127735e-001
5.797066e+003,4.594783e-001
5.800923e+003,5.255547e-001
5.804781e+003,5.662435e-001
5.808638e+003,5.523873e-001
5.812495e+003,4.836524e-001
5.816352e+003,3.859015e-001
5.820208e+003,2.965769e-001
5.824065e+003,2.447466e-001
5.827922e+003,2.356094e-001
5.831779e+003,2.470680e-001
5.835637e+003,2.389054e-001
5.839494e+003,1.733935e-001
5.843351e+003,3.202757e-002
5.847208e+003,-1.759031e-001
5.851064e+003,-4.181261e-001
5.854921e+003,-6.540185e-001
5.858778e+003,-8.509557e-001
5.862636e+003,-9.938811e-001
5.866493e+003,-1.084772e+000
5.870350e+003,-1.127651e+000
5.874207e+003,-1.119995e+000
5.878063e+003,-1.043467e+000
5.881920e+003,-8.671013e-001
5.885777e+003,-5.604117e-001
5.889634e+003,-1.103188e-001
5.893492e+003,4.661839e-001
5.897349e+003,1.121105e+000
5.901206e+003,1.779753e+000
5.905063e+003,2.361478e+000
5.908919e+003,2.795861e+000
5.912776e+003,3.035210e+000
5.916633e+003,3.059598e+000
5.920490e+003,2.875566e+000
5.924348e+003,2.511684e+000
5.928205e+003,2.013658e+000
5.932062e+003,1.440218e+000
5.935918e+003,8.578299e-001
5.939775e+003,3.335359e-001
5.943632e+003,-7.428163e-002
5.947489e+003,-3.247216e-001
5.951347e+003,-3.991241e-001
5.955204e+003,-2.991666e-001
5.959061e+003,-3.947517e-002
5.962917e+003,3.631871e-001
5.966774e+003,8.951886e-001
5.970631e+003,1.542864e+000
5.974488e+003,2.281104e+000
5.978345e+003,3.059214e+000
5.982203e+003,3.792952e+000
5.986060e+003,4.370600e+000
5.989917e+003,4.674711e+000
5.993773e+003,4.618946e+000
5.997630e+003,4.174798e+000
6.001487e+003,3.391633e+000
6.005344e+003,2.391852e+000
6.009201e+003,1.342888e+000
6.013059e+003,4.148172e-001
6.016916e+003,-2.619312e-001
6.020772e+003,-6.239350e-001
6.024629e+003,-6.839315e-001
6.028486e+003,-5.092111e-001
6.032343e+003,-1.948862e-001
6.036200e+003,1.657786e-001
6.040058e+003,5.015482e-001
6.043915e+003,7.694409e-001
6.047771e+003,9.492722e-001
6.051628e+003,1.032740e+000
6.055485e+003,1.018202e+000
6.059342e+003,9.067481e-001
6.063199e+003,7.087626e-001
6.067056e+003,4.509497e-001
6.070914e+003,1.791038e-001
6.074771e+003,-4.730535e-002
6.078627e+003,-1.686502e-001
6.082484e+003,-1.433203e-001
6.086341e+003,3.901356e-002
6.090198e+003,3.504699e-001
6.094055e+003,7.303094e-001
6.097912e+003,1.100657e+000
6.101770e+003,1.387913e+000
6.105626e+003,1.543138e+000
6.109483e+003,1.554995e+000
6.113340e+003,1.451350e+000
6.117197e+003,1.289421e+000
6.121054e+003,1.136313e+000
6.124911e+003,1.048919e+000
6.128768e+003,1.057382e+000
6.132625e+003,1.157790e+000
6.136482e+003,1.316135e+000
6.140339e+003,1.481768e+000
6.144196e+003,1.606397e+000
6.148053e+003,1.657660e+000
6.151910e+003,1.629805e+000
6.155767e+003,1.541880e+000
6.159625e+003,1.427828e+000
6.163481e+003,1.322305e+000
6.167338e+003,1.247918e+000
6.171195e+003,1.208561e+000
6.175052e+003,1.193188e+000
6.178909e+003,1.174353e+000
6.182766e+003,1.128364e+000
6.186623e+003,1.038487e+000
6.190480e+003,8.976594e-001
6.194337e+003,7.067568e-001
6.198194e+003,4.707776e-001
6.202051e+003,1.959951e-001
6.205908e+003,8.029982e-003
6.209765e+003,-1.414725e-001
6.213622e+003,-1.773526e-001
6.217479e+003,-6.345910e-002
6.221336e+003,1.903372e-001
6.225193e+003,5.348873e-001
6.229050e+003,8.981218e-001
6.232907e+003,1.204860e+000
6.236764e+003,1.033210e+000
6.240621e+003,8.264852e-001
6.244478e+003,6.192813e-001
6.248335e+003,4.388533e-001
6.252192e+003,3.012109e-001
6.256049e+003,2.119076e-001
6.259906e+003,1.699547e-001
6.263763e+003,1.720428e-001
6.267620e+003,2.169313e-001
6.271477e+003,3.030199e-001
6.275334e+003,4.212311e-001
6.279191e+003,5.569558e-001
6.283048e+003,6.919261e-001
6.286905e+003,8.097482e-001
6.290762e+003,9.029651e-001
6.294619e+003,9.780774e-001
6.298476e+003,1.059656e+000
6.302333e+003,1.171417e+000
6.306190e+003,1.337033e+000
6.310047e+003,1.565053e+000
6.313904e+003,1.842011e+000
6.317761e+003,2.132797e+000
6.321618e+003,2.388199e+000
6.325475e+003,2.556845e+000
6.329332e+003,2.597537e+000
6.333189e+003,2.482280e+000
6.337046e+003,2.215115e+000
6.340903e+003,1.826602e+000
6.344760e+003,1.370486e+000
6.348617e+003,9.172667e-001
6.352474e+003,5.444597e-001
6.356331e+003,3.230986e-001
6.360188e+003,2.880425e-001
6.364045e+003,4.784805e-001
6.367902e+003,8.410387e-001
6.371759e+003,1.264998e+000
6.375616e+003,1.605414e+000
6.379473e+003,1.722272e+000
6.383330e+003,1.524855e+000
6.387187e+003,1.006120e+000
6.391044e+003,-7.329464e-002
6.394901e+003,-1.145524e+000
6.398758e+003,-1.823457e+000
6.402615e+003,-1.860976e+000
6.406472e+003,-1.261248e+000
6.410329e+003,-2.731442e-001
6.414186e+003,7.188597e-001
6.418043e+003,1.354782e+000
6.421900e+003,1.456423e+000
6.425757e+003,1.145606e+000
6.429614e+003,5.320651e-001
6.433471e+003,-2.200242e-001
6.437328e+003,-9.414949e-001
6.441185e+003,-1.493840e+000
6.445042e+003,-1.785282e+000
6.448899e+003,-1.771811e+000
6.452756e+003,-1.557609e+000
6.456613e+003,-1.160771e+000
6.460470e+003,-6.147391e-001
6.464327e+003,3.119316e-002
6.468184e+003,7.141609e-001
6.472041e+003,1.365472e+000
6.475898e+003,1.922860e+000
6.479755e+003,2.343574e+000
6.483612e+003,2.594033e+000
6.487469e+003,2.718251e+000
6.491326e+003,2.753180e+000
6.495183e+003,2.744708e+000
6.499040e+003,2.733910e+000
6.502897e+003,2.746073e+000
6.506754e+003,2.785686e+000
6.510611e+003,2.838130e+000
6.514468e+003,2.876953e+000
6.518325e+003,2.873068e+000
6.522182e+003,2.799097e+000
6.526039e+003,2.634447e+000
6.529896e+003,2.366707e+000
6.533753e+003,1.992447e+000
6.537610e+003,1.519321e+000
6.541467e+003,9.699045e-001
6.545324e+003,3.892422e-001
6.549181e+003,-1.666676e-001
6.553038e+003,-6.257186e-001
6.556895e+003,-9.173126e-001
6.560752e+003,-9.915498e-001
6.564609e+003,-8.373771e-001
6.568466e+003,-4.921648e-001
6.572323e+003,-3.707355e-002
6.576180e+003,4.220114e-001
6.580037e+003,7.851337e-001
6.583894e+003,9.853375e-001
6.587751e+003,1.006239e+000
6.591608e+003,8.814726e-001
6.595465e+003,6.766199e-001
6.599322e+003,4.613748e-001
6.603179e+003,2.839203e-001
6.607036e+003,1.584712e-001
6.610893e+003,7.056851e-002
6.614750e+003,-3.150255e-003
6.618607e+003,-7.197246e-002
6.622464e+003,-1.171791e-001
6.626321e+003,-9.556168e-002
6.630178e+003,3.989908e-002
6.634035e+003,3.114544e-001
6.637892e+003,6.942081e-001
6.641749e+003,1.112823e+000
6.645606e+003,1.460831e+000
6.649463e+003,1.637115e+000
6.653320e+003,1.584577e+000
6.657177e+003,1.314415e+000
6.661034e+003,9.049340e-001
6.664891e+003,4.745953e-001
6.668748e+003,1.401571e-001
6.672605e+003,-2.290935e-002
6.676462e+003,-1.661833e-003
6.680319e+003,1.588467e-001
6.684176e+003,3.820480e-001
6.688033e+003,5.950202e-001
6.691890e+003,7.561705e-001
6.695747e+003,8.638290e-001
6.699604e+003,9.438550e-001
6.703461e+003,1.024439e+000
6.707318e+003,1.111781e+000
6.711175e+003,1.179397e+000
6.715032e+003,1.176357e+000
6.718889e+003,1.050405e+000
6.722746e+003,7.747449e-001
6.726603e+003,3.658003e-001
6.730460e+003,-1.158989e-001
6.734317e+003,-5.828984e-001
6.738174e+003,-9.458024e-001
6.742031e+003,-1.137427e+000
6.745888e+003,-1.125868e+000
6.749745e+003,-9.137564e-001
6.753602e+003,-5.275651e-001
6.757459e+003,-4.968688e-003
6.761316e+003,6.115054e-001
6.765173e+003,1.276094e+000
6.769030e+003,1.931349e+000
6.772887e+003,2.504728e+000
6.776744e+003,2.913289e+000
6.780601e+003,3.079473e+000
6.784458e+003,2.953919e+000
6.788315e+003,2.536282e+000
6.792172e+003,1.885126e+000
6.796029e+003,1.105823e+000
6.799886e+003,3.264889e-001
6.803743e+003,-3.372105e-001
6.807600e+003,-8.133286e-001
6.811457e+003,-1.090100e+000
6.815314e+003,-1.211856e+000
6.819171e+003,-1.256470e+000
6.823028e+003,-1.302795e+000
6.826885e+003,-1.402079e+000
6.830742e+003,-1.559801e+000
6.834599e+003,-1.736980e+000
6.838456e+003,-1.867011e+000
6.842313e+003,-1.881166e+000
6.846170e+003,-1.733136e+000
6.850027e+003,-1.414267e+000
6.853884e+003,-9.551951e-001
6.857741e+003,-4.155125e-001
6.861598e+003,1.348459e-001
6.865455e+003,6.345214e-001
6.869312e+003,1.044134e+000
6.873169e+003,1.350569e+000
6.877026e+003,1.562081e+000
6.880883e+003,1.697224e+000
6.884740e+003,1.772743e+000
6.888597e+003,1.793008e+000
6.892454e+003,1.749021e+000
6.896311e+003,1.622284e+000
6.900167e+003,1.394530e+000
6.904025e+003,1.058818e+000
6.907882e+003,6.276742e-001
6.911739e+003,1.350533e-001
6.915596e+003,-3.697914e-001
6.919453e+003,-8.301299e-001
6.923310e+003,-1.197994e+000
6.927167e+003,-1.444245e+000
6.931024e+003,-1.563971e+000
6.934881e+003,-1.574893e+000
6.938738e+003,-1.509836e+000
6.942595e+003,-1.406054e+000
6.946452e+003,-1.293792e+000
6.950309e+003,-1.192632e+000
6.954166e+003,-1.105132e+000
6.958022e+003,-1.019520e+000
6.961880e+003,-9.144436e-001
6.965737e+003,-7.652580e-001
6.969594e+003,-5.505939e-001
6.973451e+003,-2.583074e-001
6.977308e+003,1.126770e-001
6.981165e+003,5.419844e-001
6.985021e+003,9.957597e-001
6.988878e+003,1.429645e+000
6.992736e+003,1.797679e+000
6.996593e+003,2.063159e+000
7.000450e+003,2.208294e+000
7.004307e+003,2.239145e+000
7.008164e+003,2.180711e+000
7.012021e+003,2.074325e+000
7.015877e+003,1.961002e+000
7.019735e+003,1.867561e+000
7.023592e+003,1.799018e+000
7.027449e+003,1.739769e+000
7.031306e+003,1.663057e+000
7.035163e+003,1.544791e+000
7.039020e+003,1.348336e+000
7.042876e+003,1.113505e+000
7.046733e+003,8.785671e-001
7.050591e+003,6.901866e-001
7.054448e+003,5.863649e-001
7.058305e+003,5.822300e-001
7.062162e+003,6.637319e-001
7.066019e+003,7.907884e-001
7.069875e+003,8.526499e-001
7.073732e+003,7.696406e-001
7.077589e+003,4.843837e-001
7.081447e+003,2.328241e-002
7.085304e+003,-5.048434e-001
7.089161e+003,-9.433410e-001
7.093018e+003,-1.144849e+000
7.096875e+003,-1.030990e+000
7.100731e+003,-7.471688e-001
7.104588e+003,-3.577878e-001
7.108445e+003,4.544806e-002
7.112303e+003,3.701650e-001
7.116160e+003,5.546315e-001
7.120017e+003,5.897403e-001
7.123874e+003,5.215243e-001
7.127730e+003,4.315231e-001
7.131587e+003,3.655885e-001
7.135444e+003,3.904517e-001
7.139302e+003,5.073736e-001
7.143159e+003,6.814995e-001
7.147016e+003,8.564698e-001
7.150873e+003,9.767357e-001
7.154729e+003,1.008638e+000
7.158586e+003,9.520202e-001
7.162443e+003,8.339954e-001
7.166300e+003,7.088441e-001
7.170158e+003,6.225883e-001
7.174015e+003,6.041050e-001
7.177872e+003,6.571176e-001
7.181729e+003,7.618551e-001
7.185585e+003,8.842074e-001
7.189442e+003,9.876185e-001
7.193299e+003,1.044905e+000
7.197156e+003,1.039710e+000
7.201014e+003,9.666729e-001
7.204871e+003,8.289484e-001
7.208728e+003,6.356789e-001
7.212584e+003,4.014396e-001
7.216441e+003,1.473502e-001
7.220298e+003,-9.808069e-002
7.224155e+003,-2.959243e-001
7.228013e+003,-4.179258e-001
7.231870e+003,-4.378609e-001
7.235727e+003,-3.448362e-001
7.239583e+003,-1.479761e-001
7.243440e+003,1.244398e-001
7.247297e+003,4.316953e-001
7.251154e+003,7.312030e-001
7.255011e+003,9.876214e-001
7.258869e+003,1.185471e+000
7.262726e+003,1.327077e+000
7.266583e+003,1.429974e+000
7.270439e+003,1.519436e+000
7.274296e+003,1.619721e+000
7.278153e+003,1.746785e+000
7.282010e+003,1.904311e+000
7.285867e+003,2.077670e+000
7.289725e+003,2.255419e+000
7.293582e+003,2.416858e+000
7.297438e+003,2.542931e+000
7.301295e+003,2.620694e+000
7.305152e+003,2.645803e+000
7.309009e+003,2.622482e+000
7.312866e+003,2.560940e+000
7.316724e+003,2.472862e+000
7.320581e+003,2.369242e+000
7.324438e+003,2.250788e+000
7.328294e+003,2.110078e+000
7.332151e+003,1.934219e+000
7.336008e+003,1.710783e+000
7.339865e+003,1.435336e+000
7.343722e+003,1.117840e+000
7.347580e+003,7.920007e-001
7.351437e+003,4.848856e-001
7.355293e+003,2.379466e-001
7.359150e+003,8.626406e-002
7.363007e+003,4.720390e-002
7.366864e+003,1.128125e-001
7.370721e+003,2.488910e-001
7.374578e+003,4.017774e-001
7.378436e+003,4.887245e-001
7.382292e+003,4.904860e-001
7.386149e+003,3.834326e-001
7.390006e+003,1.708307e-001
7.393863e+003,-1.169292e-001
7.397720e+003,-4.290748e-001
7.401577e+003,-7.063895e-001
7.405434e+003,-8.951402e-001
7.409292e+003,-9.630869e-001
7.413148e+003,-8.991408e-001
7.417005e+003,-7.172253e-001
7.420862e+003,-4.500624e-001
7.424719e+003,-1.400710e-001
7.428576e+003,1.710532e-001
7.432433e+003,4.511931e-001
7.436291e+003,6.828586e-001
7.440147e+003,8.650203e-001
7.444004e+003,9.979074e-001
7.447861e+003,1.094272e+000
7.451718e+003,1.164743e+000
7.455575e+003,1.213406e+000
7.459432e+003,1.237662e+000
7.463289e+003,1.232286e+000
7.467146e+003,1.195961e+000
7.471003e+003,1.115388e+000
7.474860e+003,1.040917e+000
7.478717e+003,1.014627e+000
7.482574e+003,1.082383e+000
7.486431e+003,1.280931e+000
7.490288e+003,1.625011e+000
7.494145e+003,2.098675e+000
7.498002e+003,2.653858e+000
7.501859e+003,3.233030e+000
7.505716e+003,3.728628e+000
7.509573e+003,4.052165e+000
7.513430e+003,4.139505e+000
7.517287e+003,3.963896e+000
7.521144e+003,3.540662e+000
7.525001e+003,2.922953e+000
7.528858e+003,2.190049e+000
7.532715e+003,1.411402e+000
7.536572e+003,6.907251e-001
7.540429e+003,9.334767e-002
7.544286e+003,-3.463074e-001
7.548143e+003,-6.254405e-001
7.552000e+003,-7.657096e-001
7.555857e+003,-8.005629e-001
7.559714e+003,-7.611066e-001
7.563571e+003,-6.655032e-001
7.567428e+003,-5.116625e-001
7.571285e+003,-2.893179e-001
7.575142e+003,1.090336e-002
7.578999e+003,3.828577e-001
7.582856e+003,7.949156e-001
7.586713e+003,1.190144e+000
7.590570e+003,1.498363e+000
7.594427e+003,1.655397e+000
7.598284e+003,1.624804e+000
7.602141e+003,1.416482e+000
7.605998e+003,1.084287e+000
7.609855e+003,7.098155e-001
7.613712e+003,3.759544e-001
7.617569e+003,1.402230e-001
7.621426e+003,1.833028e-002
7.625283e+003,-1.924568e-002
7.629140e+003,-2.054530e-002
7.632997e+003,-3.872830e-002
7.636854e+003,-1.048696e-001
7.640711e+003,-2.159956e-001
7.644568e+003,-3.382480e-001
7.648425e+003,-4.222228e-001
7.652282e+003,-4.225799e-001
7.656139e+003,-3.129914e-001
7.659996e+003,-9.157270e-002
7.663853e+003,2.229768e-001
7.667710e+003,6.006762e-001
7.671567e+003,1.007721e+000
7.675424e+003,1.408582e+000
7.679281e+003,1.763672e+000
7.683138e+003,2.027514e+000
7.686995e+003,2.151834e+000
7.690852e+003,2.102604e+000
7.694709e+003,1.872523e+000
7.698566e+003,1.497248e+000
7.702423e+003,1.057610e+000
7.706280e+003,6.646065e-001
7.710137e+003,4.296468e-001
7.713994e+003,4.300426e-001
7.717851e+003,6.785276e-001
7.721708e+003,1.129292e+000
7.725565e+003,1.684612e+000
7.729422e+003,2.228719e+000
7.733279e+003,2.661913e+000
7.737136e+003,2.923849e+000
7.740993e+003,2.998186e+000
7.744850e+003,2.899960e+000
7.748707e+003,2.654939e+000
7.752564e+003,2.286342e+000
7.756421e+003,1.806441e+000
7.760278e+003,1.229786e+000
7.764135e+003,5.893556e-001
7.767992e+003,-5.343235e-002
7.771849e+003,-6.140683e-001
7.775706e+003,-1.006895e+000
7.779563e+003,-1.174921e+000
7.783420e+003,-1.117701e+000
7.787277e+003,-8.925533e-001
7.791134e+003,-5.989320e-001
7.794991e+003,-3.427091e-001
7.798848e+003,-1.966364e-001
7.802705e+003,-1.739722e-001
7.806562e+003,-2.269965e-001
7.810419e+003,-2.711789e-001
7.814276e+003,-2.255352e-001
7.818133e+003,-4.979837e-002
7.821990e+003,2.358448e-001
7.825847e+003,5.574353e-001
7.829704e+003,8.168476e-001
7.833561e+003,9.312977e-001
7.837418e+003,8.661579e-001
7.841275e+003,6.452045e-001
7.845132e+003,3.494685e-001
7.848989e+003,8.109739e-002
7.852846e+003,-6.850251e-002
7.856703e+003,-4.491199e-002
7.860560e+003,1.590104e-001
7.864417e+003,5.093766e-001
7.868274e+003,9.481074e-001
7.872131e+003,1.421198e+000
7.875988e+003,1.863066e+000
7.879845e+003,2.228316e+000
7.883702e+003,2.484249e+000
7.887559e+003,2.607548e+000
7.891416e+003,2.582643e+000
7.895273e+003,2.403309e+000
7.899130e+003,2.076334e+000
7.902987e+003,1.609946e+000
7.906844e+003,1.052361e+000
7.910701e+003,4.617743e-001
7.914558e+003,-9.788941e-002
7.918415e+003,-5.663357e-001
7.922272e+003,-8.956060e-001
7.926129e+003,-1.057076e+000
7.929986e+003,-1.046146e+000
7.933843e+003,-8.638369e-001
7.937700e+003,-5.669532e-001
7.941557e+003,-2.285580e-001
7.945414e+003,7.512504e-002
7.949271e+003,2.816006e-001
7.953128e+003,3.544940e-001
7.956985e+003,2.868473e-001
7.960842e+003,9.469995e-002
7.964699e+003,-2.016213e-001
7.968556e+003,-5.691315e-001
7.972413e+003,-9.784245e-001
7.976270e+003,-1.394736e+000
7.980127e+003,-1.769113e+000
7.983984e+003,-2.036235e+000
7.987841e+003,-2.125624e+000
7.991698e+003,-1.985018e+000
7.995555e+003,-1.638725e+000
7.999412e+003,-1.121742e+000
8.003269e+003,-5.143224e-001
8.007126e+003,8.704238e-002
8.010983e+003,6.026258e-001
8.014840e+003,9.959557e-001
8.018697e+003,1.280844e+000
8.022554e+003,1.505105e+000
8.026411e+003,1.703853e+000
8.030268e+003,1.923217e+000
8.034125e+003,2.144726e+000
8.037982e+003,2.316929e+000
8.041839e+003,2.379517e+000
8.045696e+003,2.292430e+000
8.049553e+003,2.055586e+000
8.053410e+003,1.709723e+000
8.057267e+003,1.339179e+000
8.061124e+003,9.824657e-001
8.064981e+003,6.688998e-001
8.068838e+003,3.954594e-001
8.072695e+003,1.368405e-001
8.076552e+003,-1.336472e-001
8.080409e+003,-4.235938e-001
8.084266e+003,-7.120697e-001
8.088123e+003,-9.518257e-001
8.091980e+003,-1.105271e+000
8.095837e+003,-1.142509e+000
8.099694e+003,-1.061394e+000
8.103551e+003,-8.859290e-001
8.107408e+003,-6.524559e-001
8.111265e+003,-3.911721e-001
8.115122e+003,-1.126994e-001
8.118979e+003,1.842229e-001
8.122836e+003,5.281513e-001
8.126693e+003,9.329742e-001
8.130550e+003,1.390678e+000
8.134407e+003,1.866263e+000
8.138264e+003,2.304955e+000
8.142121e+003,2.648365e+000
8.145978e+003,2.852358e+000
8.149835e+003,2.898452e+000
8.153692e+003,2.802352e+000
8.157549e+003,2.594537e+000
8.161406e+003,2.314503e+000
8.165263e+003,2.000725e+000
8.169120e+003,1.685412e+000
8.172977e+003,1.394198e+000
8.176833e+003,1.147924e+000
8.180691e+003,9.665614e-001
8.184548e+003,8.523653e-001
8.188405e+003,8.011739e-001
8.192262e+003,7.926433e-001
8.196118e+003,7.912994e-001
8.199976e+003,7.544506e-001
8.203832e+003,6.453504e-001
8.207689e+003,4.469286e-001
8.211547e+003,1.675239e-001
8.215403e+003,-1.529042e-001
8.219261e+003,-4.597526e-001
8.223117e+003,-6.969057e-001
8.226975e+003,-8.221304e-001
8.230831e+003,-8.169641e-001
8.234688e+003,-6.880546e-001
8.238546e+003,-4.604913e-001
8.242402e+003,-1.803559e-001
8.246260e+003,1.372368e-001
8.250116e+003,4.740294e-001
8.253974e+003,8.211616e-001
8.257830e+003,1.174737e+000
8.261688e+003,1.529427e+000
8.265544e+003,1.873057e+000
8.269401e+003,2.184264e+000
8.273259e+003,2.432858e+000
8.277115e+003,2.592524e+000
8.280973e+003,2.634398e+000
8.284829e+003,2.539243e+000
8.288687e+003,2.303844e+000
8.292543e+003,1.945725e+000
8.296400e+003,1.504691e+000
8.300258e+003,1.039732e+000
8.304114e+003,6.262334e-001
8.307972e+003,3.233869e-001
8.311828e+003,1.789635e-001
8.315686e+003,2.098821e-001
8.319542e+003,3.956908e-001
8.323399e+003,6.817979e-001
8.327257e+003,9.926184e-001
8.331113e+003,1.251223e+000
8.334971e+003,1.400735e+000
8.338827e+003,1.414985e+000
8.342685e+003,1.303601e+000
8.346541e+003,1.102969e+000
8.350398e+003,8.603351e-001
8.354255e+003,6.168402e-001
8.358112e+003,3.961180e-001
8.361970e+003,2.024597e-001
8.365826e+003,3.204322e-002
8.369684e+003,-1.273509e-001
8.373540e+003,-2.715790e-001
8.377397e+003,-3.804715e-001
8.381254e+003,-4.224086e-001
8.385111e+003,-3.659835e-001
8.388969e+003,-1.937357e-001
8.392825e+003,8.791587e-002
8.396683e+003,4.377200e-001
8.400539e+003,8.121281e-001
8.404396e+003,1.155680e+000
8.408253e+003,1.419490e+000
8.412110e+003,1.570509e+000
8.415968e+003,1.594766e+000
8.419824e+003,1.495054e+000
8.423682e+003,1.285724e+000
8.427538e+003,9.886482e-001
8.431396e+003,6.300486e-001
8.435252e+003,2.393446e-001
8.439109e+003,-1.488867e-001
8.442966e+003,-4.959852e-001
8.446823e+003,-7.636783e-001
8.450681e+003,-9.213976e-001
8.454537e+003,-9.538753e-001
8.458395e+003,-8.669915e-001
8.462251e+003,-6.789527e-001
8.466108e+003,-4.249814e-001
8.469965e+003,-1.410758e-001
8.473822e+003,1.465395e-001
8.477680e+003,4.269456e-001
8.481536e+003,7.028164e-001
8.485394e+003,9.824065e-001
8.489250e+003,1.279153e+000
8.493107e+003,1.570841e+000
8.496964e+003,1.828614e+000
8.500821e+003,2.013134e+000
8.504679e+003,2.086074e+000
8.508535e+003,2.022432e+000
8.512393e+003,1.818792e+000
8.516249e+003,1.494733e+000
8.520106e+003,1.068049e+000
8.523963e+003,6.005132e-001
8.527820e+003,1.428671e-001
8.531677e+003,-2.604059e-001
8.535534e+003,-5.744132e-001
8.539392e+003,-7.752938e-001
8.543248e+003,-8.520168e-001
8.547105e+003,-8.095193e-001
8.550962e+003,-6.784976e-001
8.554819e+003,-4.926919e-001
8.558676e+003,-3.095100e-001
8.562533e+003,-1.845111e-001
8.566391e+003,-1.526175e-001
8.570247e+003,-2.120842e-001
8.574104e+003,-3.187250e-001
8.577961e+003,-3.949929e-001
8.581818e+003,-3.486708e-001
8.585675e+003,-1.092449e-001
8.589532e+003,3.446643e-001
8.593389e+003,9.730196e-001
8.597246e+003,1.681007e+000
8.601104e+003,2.343459e+000
8.604960e+003,2.838511e+000
8.608817e+003,3.078959e+000
8.612674e+003,3.029481e+000
8.616531e+003,2.709815e+000
8.620388e+003,2.188515e+000
8.624245e+003,1.557882e+000
8.628103e+003,9.118470e-001
8.631959e+003,3.293673e-001
8.635816e+003,-1.344630e-001
8.639673e+003,-4.508409e-001
8.643530e+003,-6.174461e-001
8.647387e+003,-6.499073e-001
8.651244e+003,-5.840582e-001
8.655102e+003,-4.663059e-001
8.658958e+003,-3.433365e-001
8.662815e+003,-2.500622e-001
8.666672e+003,-1.994750e-001
8.670529e+003,-1.789519e-001
8.674386e+003,-1.567070e-001
8.678243e+003,-9.465998e-002
8.682100e+003,3.186226e-002
8.685957e+003,2.195958e-001
8.689814e+003,4.326676e-001
8.693671e+003,6.111624e-001
8.697528e+003,6.905459e-001
8.701385e+003,6.248935e-001
8.705242e+003,4.053614e-001
8.709099e+003,6.687087e-002
8.712956e+003,-3.232255e-001
8.716813e+003,-6.808841e-001
8.720670e+003,-9.266339e-001
8.724526e+003,-1.003098e+000
8.728384e+003,-8.839954e-001
8.732241e+003,-5.738997e-001
8.736098e+003,-1.168871e-001
8.739955e+003,4.540515e-001
8.743812e+003,1.088526e+000
8.747669e+003,1.731396e+000
8.751525e+003,2.324811e+000
8.755383e+003,2.811347e+000
8.759240e+003,3.139894e+000
8.763097e+003,3.273870e+000
8.766954e+003,3.199224e+000
8.770811e+003,2.938863e+000
8.774668e+003,2.527241e+000
8.778524e+003,2.013968e+000
8.782382e+003,1.452967e+000
8.786238e+003,8.921819e-001
8.790096e+003,3.675039e-001
8.793953e+003,-9.747859e-002
8.797810e+003,-4.803076e-001
8.801667e+003,-7.783255e-001
8.805523e+003,-9.772916e-001
8.809381e+003,-1.062619e+000
8.813237e+003,-1.025410e+000
8.817095e+003,-8.702824e-001
8.820952e+003,-6.209185e-001
8.824809e+003,-3.198120e-001
8.828666e+003,-2.025034e-002
8.832522e+003,2.225956e-001
8.836380e+003,3.685510e-001
8.840236e+003,4.005125e-001
8.844094e+003,3.261417e-001
8.847951e+003,1.717789e-001
8.851808e+003,-2.855131e-002
8.855665e+003,-2.442871e-001
8.859521e+003,-4.705929e-001
8.863379e+003,-6.817271e-001
8.867235e+003,-8.702884e-001
8.871093e+003,-1.026123e+000
8.874949e+003,-1.131553e+000
8.878807e+003,-1.162891e+000
8.882664e+003,-1.098334e+000
8.886521e+003,-9.288130e-001
8.890378e+003,-6.643879e-001
8.894234e+003,-3.364811e-001
8.898092e+003,3.646478e-003
8.901948e+003,3.061895e-001
8.905806e+003,5.399824e-001
8.909663e+003,7.031421e-001
8.913520e+003,8.220686e-001
8.917377e+003,9.385092e-001
8.921233e+003,1.094448e+000
8.925091e+003,1.298790e+000
8.928947e+003,1.530086e+000
8.932805e+003,1.736513e+000
8.936662e+003,1.853451e+000
8.940519e+003,1.827515e+000
8.944376e+003,1.637607e+000
8.948232e+003,1.304819e+000
8.952090e+003,8.833793e-001
8.955946e+003,4.571885e-001
8.959804e+003,1.046010e-001
8.963660e+003,-1.197654e-001
8.967518e+003,-1.961521e-001
8.971375e+003,-1.387956e-001
8.975231e+003,1.436284e-002
8.979089e+003,2.157810e-001
8.982945e+003,4.222177e-001
8.986803e+003,5.952031e-001
8.990659e+003,7.091361e-001
8.994517e+003,7.481441e-001
8.998374e+003,7.053036e-001
9.002230e+003,5.843899e-001
9.006088e+003,4.035601e-001
9.009944e+003,1.980938e-001
9.013802e+003,1.783961e-002
9.017658e+003,-7.770522e-002
9.021516e+003,-3.703154e-002
9.025373e+003,1.682060e-001
9.029229e+003,5.304664e-001
9.033087e+003,1.002140e+000
9.036943e+003,1.502514e+000
9.040801e+003,1.934857e+000
9.044657e+003,2.209286e+000
9.048515e+003,2.264908e+000
9.052371e+003,2.084934e+000
9.056229e+003,1.700989e+000
9.060086e+003,1.185425e+000
9.063942e+003,6.341289e-001
9.067800e+003,1.447081e-001
9.071656e+003,-2.041276e-001
9.075514e+003,-3.653581e-001
9.079370e+003,-3.353275e-001
9.083228e+003,-1.411700e-001
9.087085e+003,1.673672e-001
9.090941e+003,5.322162e-001
9.094799e+003,9.000456e-001
9.098655e+003,1.230703e+000
9.102513e+003,1.499506e+000
9.106369e+003,1.691921e+000
9.110227e+003,1.804328e+000
9.114084e+003,1.831034e+000
9.117940e+003,1.764129e+000
9.121798e+003,1.595790e+000
9.125654e+003,1.324748e+000
9.129512e+003,9.643972e-001
9.133368e+003,5.488773e-001
9.137226e+003,1.326327e-001
9.141082e+003,-2.154045e-001
9.144939e+003,-4.261424e-001
9.148797e+003,-4.474268e-001
9.152653e+003,-2.603575e-001
9.156511e+003,1.109554e-001
9.160367e+003,6.002626e-001
9.164225e+003,1.111758e+000
9.168081e+003,1.536729e+000
9.171938e+003,1.797448e+000
9.175796e+003,1.845906e+000
9.179652e+003,1.681303e+000
9.183510e+003,1.347469e+000
9.187366e+003,9.185395e-001
9.191224e+003,4.779256e-001
9.195080e+003,9.765295e-002
9.198938e+003,-1.733541e-001
9.202795e+003,-3.220027e-001
9.206651e+003,-3.541423e-001
9.210509e+003,-2.877397e-001
9.214365e+003,-1.429531e-001
9.218223e+003,6.296347e-002
9.222079e+003,3.147377e-001
9.225937e+003,5.943313e-001
9.229793e+003,8.722801e-001
9.233650e+003,1.121965e+000
9.237508e+003,1.311021e+000
9.241364e+003,1.414929e+000
9.245222e+003,1.425686e+000
9.249078e+003,1.355289e+000
9.252936e+003,1.231633e+000
9.256792e+003,1.088074e+000
9.260649e+003,9.530677e-001
9.264507e+003,8.361173e-001
9.268363e+003,7.331743e-001
9.272221e+003,6.332620e-001
9.276077e+003,5.306056e-001
9.279935e+003,4.346559e-001
9.283791e+003,3.722470e-001
9.287648e+003,3.795644e-001
9.291506e+003,4.822565e-001
9.295362e+003,6.895805e-001
9.299220e+003,9.783654e-001
9.303076e+003,1.297182e+000
9.306934e+003,1.581257e+000
9.310790e+003,1.774492e+000
9.314647e+003,1.849949e+000
9.318504e+003,1.820178e+000
9.322361e+003,1.733151e+000
9.326219e+003,1.652891e+000
9.330075e+003,1.633012e+000
9.333933e+003,1.696441e+000
9.337789e+003,1.824757e+000
9.341646e+003,1.962893e+000
9.345503e+003,2.037531e+000
9.349360e+003,1.982322e+000
9.353218e+003,1.762825e+000
9.357074e+003,1.383529e+000
9.360932e+003,8.904509e-001
9.364788e+003,3.559896e-001
9.368646e+003,-1.419324e-001
9.372502e+003,-5.401674e-001
9.376359e+003,-8.037879e-001
9.380216e+003,-9.295827e-001
9.384073e+003,-9.407934e-001
9.387931e+003,-8.732372e-001
9.391787e+003,-7.676111e-001
9.395645e+003,-6.567943e-001
9.399501e+003,-5.605401e-001
9.403358e+003,-4.847140e-001
9.407215e+003,-4.235155e-001
9.411072e+003,-3.629866e-001
9.414930e+003,-2.910968e-001
9.418786e+003,-1.836573e-001
9.422644e+003,-2.546707e-002
9.426500e+003,1.883684e-001
9.430357e+003,4.473472e-001
9.434214e+003,7.231599e-001
9.438071e+003,9.721169e-001
9.441929e+003,1.143457e+000
9.445785e+003,1.178663e+000
9.449643e+003,1.063893e+000
9.453499e+003,8.095840e-001
9.457356e+003,4.628254e-001
9.461213e+003,9.775931e-002
9.465070e+003,-2.046624e-001
9.468927e+003,-3.818577e-001
9.472784e+003,-4.112965e-001
9.476642e+003,-3.160573e-001
9.480498e+003,-1.675803e-001
9.484355e+003,-6.161329e-002
9.488212e+003,-7.909130e-002
9.492069e+003,-2.527829e-001
9.495926e+003,-5.488465e-001
9.499783e+003,-8.715345e-001
9.503641e+003,-1.091299e+000
9.507497e+003,-1.080370e+000
9.511354e+003,-7.734144e-001
9.515211e+003,-1.880136e-001
9.519068e+003,5.701913e-001
9.522925e+003,1.334161e+000
9.526782e+003,1.922660e+000
9.530640e+003,2.192087e+000
9.534496e+003,2.075813e+000
9.538354e+003,1.596962e+000
9.542210e+003,8.609849e-001
9.546067e+003,1.956534e-002
9.549924e+003,-7.701696e-001
9.553781e+003,-1.380931e+000
9.557638e+003,-1.735631e+000
9.561495e+003,-1.810897e+000
9.565353e+003,-1.628172e+000
9.569209e+003,-1.241607e+000
9.573066e+003,-7.225081e-001
9.576923e+003,-1.487379e-001
9.580780e+003,3.997104e-001
9.584637e+003,8.484844e-001
9.588494e+003,1.139804e+000
9.592352e+003,1.245133e+000
9.596208e+003,1.174915e+000
9.600065e+003,9.792690e-001
9.603922e+003,7.386807e-001
9.607779e+003,5.390927e-001
9.611636e+003,4.491799e-001
9.615493e+003,5.000013e-001
9.619351e+003,6.769683e-001
9.623207e+003,9.274400e-001
9.627064e+003,1.181170e+000
9.630921e+003,1.374987e+000
9.634778e+003,1.477521e+000
9.638635e+003,1.492226e+000
9.642492e+003,1.453382e+000
9.646349e+003,1.409253e+000
9.650206e+003,1.401492e+000
9.654063e+003,1.448916e+000
9.657920e+003,1.541445e+000
9.661777e+003,1.645945e+000
9.665634e+003,1.719545e+000
9.669491e+003,1.727268e+000
9.673348e+003,1.654751e+000
9.677205e+003,1.513603e+000
9.681063e+003,1.337712e+000
9.684919e+003,1.172255e+000
9.688776e+003,1.059194e+000
9.692633e+003,1.023718e+000
9.696490e+003,1.065551e+000
9.700347e+003,1.157644e+000
9.704204e+003,1.252771e+000
9.708062e+003,1.296757e+000
9.711918e+003,1.245049e+000
9.715775e+003,1.078144e+000
9.719632e+003,8.110507e-001
9.723489e+003,4.925339e-001
9.727346e+003,1.964792e-001
9.731203e+003,1.241565e-004
9.735060e+003,-3.820968e-002
9.738917e+003,1.024230e-001
9.742774e+003,3.978746e-001
9.746631e+003,7.849977e-001
9.750488e+003,1.179761e+000
9.754345e+003,1.505157e+000
9.758202e+003,1.697929e+000
9.762059e+003,1.736578e+000
9.765916e+003,1.634793e+000
9.769773e+003,1.428781e+000
9.773630e+003,1.160064e+000
9.777487e+003,8.615891e-001
9.781344e+003,5.525782e-001
9.785201e+003,2.339331e-001
9.789058e+003,-7.684636e-002
9.792915e+003,-3.617171e-001
9.796772e+003,-5.950356e-001
9.800629e+003,-7.516766e-001
9.804486e+003,-8.191756e-001
9.808343e+003,-8.063931e-001
9.812200e+003,-7.422695e-001
9.816057e+003,-6.635327e-001
9.819914e+003,-5.906411e-001
9.823771e+003,-5.212108e-001
9.827628e+003,-4.224534e-001
9.831485e+003,-2.469074e-001
9.835342e+003,3.899264e-002
9.839199e+003,4.265852e-001
9.843056e+003,8.518831e-001
9.846913e+003,1.217902e+000
9.850770e+003,1.378591e+000
9.854627e+003,1.249911e+000
9.858484e+003,8.307052e-001
9.862341e+003,2.126298e-001
9.866198e+003,-4.463498e-001
9.870055e+003,-9.749390e-001
9.873912e+003,-1.246059e+000
9.877769e+003,-1.214106e+000
9.881626e+003,-9.082891e-001
9.885483e+003,-4.386428e-001
9.889340e+003,7.054637e-002
9.893197e+003,5.268464e-001
9.897054e+003,8.915488e-001
9.900911e+003,1.172116e+000
9.904768e+003,1.395188e+000
9.908625e+003,1.577742e+000
9.912481e+003,1.715701e+000
9.916339e+003,1.787027e+000
9.920196e+003,1.771562e+000
9.924053e+003,1.668932e+000
9.927910e+003,1.503944e+000
9.931767e+003,1.316211e+000
9.935624e+003,1.140536e+000
9.939480e+003,9.995130e-001
9.943338e+003,8.707914e-001
9.947195e+003,7.260838e-001
9.951052e+003,5.390728e-001
9.954909e+003,3.012216e-001
9.958766e+003,2.809650e-002
9.962623e+003,-2.461589e-001
9.966479e+003,-4.822060e-001
9.970337e+003,-6.442016e-001
9.974193e+003,-7.282076e-001
9.978051e+003,-7.344855e-001
9.981908e+003,-6.708434e-001
9.985765e+003,-5.463336e-001
9.989622e+003,-3.689749e-001
9.993479e+003,-1.483576e-001
9.997336e+003,9.950657e-002
1.000119e+004,3.415278e-001
1.000505e+004,5.547448e-001
1.000891e+004,7.093698e-001
1.001276e+004,7.852253e-001
1.001662e+004,7.788637e-001
1.002048e+004,7.053373e-001
1.002433e+004,5.938380e-001
1.002819e+004,4.791569e-001
1.003205e+004,3.898616e-001
1.003591e+004,3.478453e-001
1.003976e+004,3.607843e-001
1.004362e+004,4.250766e-001
1.004748e+004,5.288734e-001
1.005133e+004,6.555772e-001
1.005519e+004,7.869556e-001
1.005905e+004,9.057459e-001
1.006290e+004,9.960402e-001
1.006676e+004,1.053040e+000
1.007062e+004,1.073345e+000
1.007448e+004,1.057794e+000
1.007833e+004,1.009193e+000
1.008219e+004,9.296924e-001
1.008605e+004,8.194585e-001
1.008990e+004,6.779588e-001
1.009376e+004,5.146626e-001
1.009762e+004,3.343343e-001
1.010147e+004,1.583766e-001
1.010533e+004,1.851790e-002
1.010919e+004,-4.955907e-002
1.011305e+004,-1.676968e-002
1.011690e+004,1.281227e-001
1.012076e+004,3.709764e-001
1.012462e+004,6.722559e-001
1.012847e+004,9.749911e-001
1.013233e+004,1.220604e+000
1.013619e+004,1.362951e+000
1.014004e+004,1.380805e+000
1.014390e+004,1.283195e+000
1.014776e+004,1.105967e+000
1.015162e+004,9.006776e-001
1.015547e+004,7.216262e-001
1.015933e+004,6.011536e-001
1.016319e+004,5.520804e-001
1.016704e+004,5.613960e-001
1.017090e+004,5.956047e-001
1.017476e+004,6.121668e-001
1.017861e+004,5.736772e-001
1.018247e+004,4.605758e-001
1.018633e+004,2.731538e-001
1.019019e+004,4.602540e-002
1.019404e+004,-1.740469e-001
1.019790e+004,-3.364255e-001
1.020176e+004,-4.003491e-001
1.020561e+004,-3.453252e-001
1.020947e+004,-1.750285e-001
1.021333e+004,8.597460e-002
1.021718e+004,3.925402e-001
1.022104e+004,7.147096e-001
1.022490e+004,1.018169e+000
1.022876e+004,1.274690e+000
1.023261e+004,1.459832e+000
1.023647e+004,1.549273e+000
1.024033e+004,1.517584e+000
1.024418e+004,1.342135e+000
1.024804e+004,1.015076e+000
1.025190e+004,5.462782e-001
1.025575e+004,-2.417244e-002
1.025961e+004,-6.272850e-001
1.026347e+004,-1.175406e+000
1.026733e+004,-1.580277e+000
1.027118e+004,-1.773449e+000
1.027504e+004,-1.722253e+000
1.027890e+004,-1.436898e+000
1.028275e+004,-9.626325e-001
1.028661e+004,-3.662551e-001
1.029047e+004,2.816395e-001
1.029432e+004,9.212756e-001
1.029818e+004,1.510768e+000
1.030204e+004,2.024894e+000
1.030590e+004,2.448429e+000
1.030975e+004,2.769213e+000
1.031361e+004,2.972926e+000
1.031747e+004,3.047704e+000
1.032132e+004,2.989694e+000
1.032518e+004,2.810120e+000
1.032904e+004,2.538550e+000
1.033289e+004,2.219617e+000
1.033675e+004,1.903373e+000
1.034061e+004,1.629199e+000
1.034447e+004,1.423932e+000
1.034832e+004,1.285882e+000
1.035218e+004,1.190322e+000
1.035604e+004,1.099535e+000
1.035989e+004,9.773111e-001
1.036375e+004,8.030842e-001
1.036761e+004,5.810410e-001
1.037146e+004,3.390491e-001
1.037532e+004,1.282964e-001
1.037918e+004,1.323193e-003
1.038304e+004,-1.846344e-003
1.038689e+004,1.327569e-001
1.039075e+004,3.869307e-001
1.039461e+004,7.138724e-001
1.039846e+004,1.050631e+000
1.040232e+004,1.337093e+000
1.040618e+004,1.527627e+000
1.041003e+004,1.607213e+000
1.041389e+004,1.590167e+000
1.041775e+004,1.510408e+000
1.042161e+004,1.405620e+000
1.042546e+004,1.301796e+000
1.042932e+004,1.204484e+000
1.043318e+004,1.099550e+000
1.043703e+004,9.651237e-001
1.044089e+004,7.851816e-001
1.044475e+004,5.616930e-001
1.044860e+004,3.178228e-001
1.045246e+004,9.090756e-002
1.045632e+004,-8.152312e-002
1.046018e+004,-1.760492e-001
1.046403e+004,-1.916793e-001
1.046789e+004,-1.462510e-001
1.047175e+004,-6.835262e-002
1.047560e+004,1.669364e-002
1.047946e+004,9.533593e-002
1.048332e+004,1.650937e-001
1.048717e+004,2.251809e-001
1.049103e+004,2.641316e-001
1.049489e+004,2.514025e-001
1.049875e+004,1.435662e-001
1.050260e+004,-1.010361e-001
1.050646e+004,-4.992212e-001
1.051032e+004,-1.024150e+000
1.051417e+004,-1.600244e+000
1.051803e+004,-2.116656e+000
1.052189e+004,-2.456391e+000
1.052574e+004,-2.529480e+000
1.052960e+004,-2.302838e+000
1.053346e+004,-1.814938e+000
1.053732e+004,-1.163777e+000
1.054117e+004,-4.796264e-001
1.054503e+004,1.091930e-001
1.054889e+004,5.061070e-001
1.055274e+004,6.634283e-001
1.055660e+004,5.820329e-001
1.056046e+004,3.045856e-001
1.056431e+004,-9.631854e-002
1.056817e+004,-5.379081e-001
1.057203e+004,-9.406264e-001
1.057589e+004,-1.237816e+000
1.057974e+004,-1.382720e+000
1.058360e+004,-1.353498e+000
1.058746e+004,-1.152207e+000
1.059131e+004,-8.080175e-001
1.059517e+004,-3.727233e-001
1.059903e+004,9.411573e-002
1.060288e+004,5.381471e-001
1.060674e+004,9.198625e-001
1.061060e+004,1.217847e+000
1.061446e+004,1.425672e+000
1.061831e+004,1.551317e+000
1.062217e+004,1.591389e+000
1.062603e+004,1.556302e+000
1.062988e+004,1.464817e+000
1.063374e+004,1.348476e+000
1.063760e+004,1.251037e+000
1.064145e+004,1.219614e+000
1.064531e+004,1.288899e+000
1.064917e+004,1.466105e+000
1.065303e+004,1.715248e+000
1.065688e+004,1.965113e+000
1.066074e+004,2.128312e+000
1.066460e+004,2.128855e+000
1.066845e+004,1.926672e+000
1.067231e+004,1.529362e+000
1.067617e+004,9.873656e-001
1.068002e+004,3.454797e-001
1.068388e+004,-2.826649e-001
1.068774e+004,-8.230919e-001
1.069160e+004,-1.221791e+000
1.069545e+004,-1.441624e+000
1.069931e+004,-1.456761e+000
1.070317e+004,-1.252620e+000
1.070702e+004,-8.347406e-001
1.071088e+004,-2.240235e-001
1.071474e+004,4.773857e-001
1.071859e+004,1.128785e+000
1.072245e+004,1.569945e+000
1.072631e+004,1.662719e+000
1.073017e+004,1.335838e+000
1.073402e+004,6.162397e-001
1.073788e+004,-3.664777e-001
1.074174e+004,-1.424334e+000
1.074559e+004,-2.298272e+000
1.074945e+004,-2.789596e+000
1.075331e+004,-2.799695e+000
1.075716e+004,-2.356300e+000
1.076102e+004,-1.599797e+000
1.076488e+004,-7.335854e-001
1.076874e+004,4.466170e-002
1.077259e+004,5.960811e-001
1.077645e+004,9.098268e-001
1.078031e+004,1.055813e+000
1.078416e+004,1.153140e+000
1.078802e+004,1.307732e+000
1.079188e+004,1.559320e+000
1.079573e+004,1.861803e+000
1.079959e+004,2.106401e+000
1.080345e+004,2.186686e+000
1.080731e+004,2.048472e+000
1.081116e+004,1.712232e+000
1.081502e+004,1.274989e+000
1.081888e+004,8.686240e-001
1.082273e+004,6.008976e-001
1.082659e+004,5.073976e-001
1.083045e+004,5.377517e-001
1.083430e+004,6.052322e-001
1.083816e+004,5.786164e-001
1.084202e+004,3.974490e-001
1.084588e+004,7.695335e-002
1.084973e+004,-2.990834e-001
1.085359e+004,-6.161231e-001
1.085745e+004,-7.787697e-001
1.086130e+004,-7.494742e-001
1.086516e+004,-5.575435e-001
1.086902e+004,-2.895082e-001
1.087287e+004,-3.366614e-002
1.087673e+004,1.440701e-001
1.088059e+004,2.182659e-001
1.088445e+004,2.006471e-001
1.088830e+004,1.208769e-001
1.089216e+004,3.988773e-003
1.089602e+004,-1.378476e-001
1.089987e+004,-3.183161e-001
1.090373e+004,-5.500035e-001
1.090759e+004,-8.314793e-001
1.091144e+004,-1.136845e+000
1.091530e+004,-1.416992e+000
1.091916e+004,-1.611683e+000
1.092301e+004,-1.666578e+000
1.092687e+004,-1.554752e+000
1.093073e+004,-1.269766e+000
1.093459e+004,-8.322639e-001
1.093844e+004,-2.838014e-001
1.094230e+004,3.201414e-001
1.094616e+004,9.168865e-001
1.095001e+004,1.443393e+000
1.095387e+004,1.844584e+000
1.095773e+004,2.074567e+000
1.096158e+004,2.136930e+000
1.096544e+004,2.055078e+000
1.096930e+004,1.881143e+000
1.097316e+004,1.683061e+000
1.097701e+004,1.524916e+000
1.098087e+004,1.447327e+000
1.098473e+004,1.455656e+000
1.098858e+004,1.517808e+000
1.099244e+004,1.589710e+000
1.099630e+004,1.624771e+000
1.100016e+004,1.596423e+000
1.100401e+004,1.507615e+000
1.100787e+004,1.387240e+000
1.101173e+004,1.275553e+000
1.101558e+004,1.205228e+000
1.101944e+004,1.187361e+000
1.102330e+004,1.203893e+000
1.102715e+004,1.217078e+000
1.103101e+004,1.183573e+000
1.103487e+004,1.071651e+000
1.103872e+004,8.742718e-001
1.104258e+004,6.134374e-001
1.104644e+004,3.345143e-001
1.105030e+004,9.764901e-002
1.105415e+004,-5.678472e-002
1.105801e+004,-1.054640e-001
1.106187e+004,-5.704433e-002
1.106572e+004,4.767536e-002
1.106958e+004,1.456404e-001
1.107344e+004,1.697686e-001
1.107729e+004,7.105187e-002
1.108115e+004,-1.558554e-001
1.108501e+004,-4.803586e-001
1.108887e+004,-8.257846e-001
1.109272e+004,-1.091791e+000
1.109658e+004,-1.182969e+000
1.110044e+004,-1.039266e+000
1.110429e+004,-6.580138e-001
1.110815e+004,-9.930712e-002
1.111201e+004,5.247264e-001
1.111587e+004,1.092214e+000
1.111972e+004,1.495325e+000
1.112358e+004,1.671574e+000
1.112744e+004,1.617423e+000
1.113129e+004,1.382933e+000
1.113515e+004,1.050755e+000
1.113901e+004,7.081037e-001
1.114286e+004,4.230337e-001
1.114672e+004,2.277285e-001
1.115058e+004,1.230493e-001
1.115443e+004,8.841468e-002
1.115829e+004,9.661683e-002
1.116215e+004,1.252988e-001
1.116601e+004,1.610173e-001
1.116986e+004,1.961653e-001
1.117372e+004,2.240497e-001
1.117758e+004,2.301037e-001
1.118143e+004,1.969938e-001
1.118529e+004,1.098129e-001
1.118915e+004,-3.517587e-002
1.119300e+004,-2.242360e-001
1.119686e+004,-4.260655e-001
1.120072e+004,-5.988382e-001
1.120458e+004,-6.998390e-001
1.120843e+004,-7.022047e-001
1.121229e+004,-5.993910e-001
1.121615e+004,-4.069659e-001
1.122000e+004,-1.565834e-001
1.122386e+004,1.137701e-001
1.122772e+004,3.692762e-001
1.123158e+004,5.843655e-001
1.123543e+004,7.466318e-001
1.123929e+004,8.453630e-001
1.124315e+004,8.793480e-001
1.124700e+004,8.499705e-001
1.125086e+004,7.605033e-001
1.125472e+004,6.174874e-001
1.125857e+004,4.332004e-001
1.126243e+004,2.278250e-001
1.126629e+004,2.828541e-002
1.127014e+004,-1.262765e-001
1.127400e+004,-1.960902e-001
1.127786e+004,-1.452764e-001
1.128172e+004,4.977752e-002
1.128557e+004,3.919794e-001
1.128943e+004,8.574029e-001
1.129329e+004,1.394096e+000
1.129714e+004,1.930386e+000
1.130100e+004,2.378232e+000
1.130486e+004,2.660944e+000
1.130871e+004,2.728645e+000
1.131257e+004,2.571481e+000
1.131643e+004,2.223309e+000
1.132029e+004,1.754391e+000
1.132414e+004,1.255172e+000
1.132800e+004,8.134754e-001
1.133186e+004,5.042264e-001
1.133571e+004,3.686968e-001
1.133957e+004,4.126840e-001
1.134343e+004,6.094037e-001
1.134729e+004,9.069252e-001
1.135114e+004,1.237540e+000
1.135500e+004,1.527665e+000
1.135886e+004,1.707627e+000
1.136271e+004,1.723988e+000
1.136657e+004,1.549487e+000
1.137043e+004,1.191892e+000
1.137428e+004,6.965913e-001
1.137814e+004,1.405385e-001
1.138200e+004,-3.826523e-001
1.138585e+004,-7.831568e-001
1.138971e+004,-9.949027e-001
1.139357e+004,-9.885474e-001
1.139743e+004,-7.737148e-001
1.140128e+004,-3.905296e-001
1.140514e+004,1.046947e-001
1.140900e+004,6.529378e-001
1.141285e+004,1.199693e+000
1.141671e+004,1.694491e+000
1.142057e+004,2.085581e+000
1.142442e+004,2.318793e+000
1.142828e+004,2.340288e+000
1.143214e+004,2.111180e+000
1.143600e+004,1.626771e+000
1.143985e+004,9.325616e-001
1.144371e+004,1.278452e-001
1.144757e+004,-6.486385e-001
1.145142e+004,-1.249595e+000
1.145528e+004,-1.558633e+000
1.145914e+004,-1.523013e+000
1.146300e+004,-1.170930e+000
1.146685e+004,-6.048602e-001
1.147071e+004,2.714646e-002
1.147457e+004,5.730527e-001
1.147842e+004,9.179137e-001
1.148228e+004,1.011501e+000
1.148614e+004,8.770030e-001
1.148999e+004,5.946478e-001
1.149385e+004,2.741907e-001
1.149771e+004,2.193733e-002
1.150156e+004,-8.653723e-002
1.150542e+004,-2.099440e-002
1.150928e+004,2.035542e-001
1.151314e+004,5.387777e-001
1.151699e+004,9.216305e-001
1.152085e+004,1.292057e+000
1.152471e+004,1.605017e+000
1.152856e+004,1.834684e+000
1.153242e+004,1.971439e+000
1.153628e+004,2.014782e+000
1.154013e+004,1.966304e+000
1.154399e+004,1.827197e+000
1.154785e+004,1.597552e+000
1.155171e+004,1.284318e+000
1.155556e+004,9.078676e-001
1.155942e+004,5.061628e-001
1.156328e+004,1.327837e-001
1.156713e+004,-1.520841e-001
1.157099e+004,-2.956349e-001
1.157485e+004,-2.667593e-001
1.157871e+004,-6.753004e-002
1.158256e+004,2.684681e-001
1.158642e+004,6.826158e-001
1.159028e+004,1.105715e+000
1.159413e+004,1.474303e+000
1.159799e+004,1.743623e+000
1.160185e+004,1.893696e+000
1.160570e+004,1.927643e+000
1.160956e+004,1.865859e+000
1.161342e+004,1.734855e+000
1.161727e+004,1.560867e+000
1.162113e+004,1.365487e+000
1.162499e+004,1.164231e+000
1.162885e+004,9.668086e-001
1.163270e+004,7.778222e-001
1.163656e+004,5.973464e-001
1.164042e+004,4.226208e-001
1.164427e+004,2.511158e-001
1.164813e+004,8.438125e-002
1.165199e+004,-6.786992e-002
1.165584e+004,-1.860815e-001
1.165970e+004,-2.437212e-001
1.166356e+004,-2.151504e-001
1.166742e+004,-9.130311e-002
1.167127e+004,1.246048e-001
1.167513e+004,4.022565e-001
1.167899e+004,6.920764e-001
1.168284e+004,9.377341e-001
1.168670e+004,1.092662e+000
1.169056e+004,1.134709e+000
1.169441e+004,1.073354e+000
1.169827e+004,9.496582e-001
1.170213e+004,8.137990e-001
1.170599e+004,7.161974e-001
1.170984e+004,6.932759e-001
1.171370e+004,7.596350e-001
1.171756e+004,9.079951e-001
1.172141e+004,1.115439e+000
1.172527e+004,1.352240e+000
1.172913e+004,1.576834e+000
1.173298e+004,1.778404e+000
1.173684e+004,1.938869e+000
1.174070e+004,2.041228e+000
1.174456e+004,2.068165e+000
1.174841e+004,2.003548e+000
1.175227e+004,1.836809e+000
1.175613e+004,1.568260e+000
1.175998e+004,1.217818e+000
1.176384e+004,8.107353e-001
1.176770e+004,3.828114e-001
1.177155e+004,-2.973151e-002
1.177541e+004,-3.979390e-001
1.177927e+004,-7.047452e-001
1.178313e+004,-9.448612e-001
1.178698e+004,-1.120355e+000
1.179084e+004,-1.244109e+000
1.179470e+004,-1.298484e+000
1.179855e+004,-1.275387e+000
1.180241e+004,-1.163885e+000
1.180627e+004,-9.565635e-001
1.181012e+004,-6.564299e-001
1.181398e+004,-2.813153e-001
1.181784e+004,1.361775e-001
1.182170e+004,5.581266e-001
1.182555e+004,9.251950e-001
1.182941e+004,1.192931e+000
1.183327e+004,1.331156e+000
1.183712e+004,1.327869e+000
1.184098e+004,1.189740e+000
1.184484e+004,9.401803e-001
1.184869e+004,6.160681e-001
1.185255e+004,2.379583e-001
1.185641e+004,-1.135724e-001
1.186027e+004,-3.835036e-001
1.186412e+004,-5.264504e-001
1.186798e+004,-5.142776e-001
1.187184e+004,-3.417423e-001
1.187569e+004,-2.850997e-002
1.187955e+004,3.833078e-001
1.188341e+004,8.408112e-001
1.188726e+004,1.274558e+000
1.189112e+004,1.619965e+000
1.189498e+004,1.826267e+000
1.189883e+004,1.864417e+000
1.190269e+004,1.732041e+000
1.190655e+004,1.454773e+000
1.191041e+004,1.083132e+000
1.191426e+004,6.825060e-001
1.191812e+004,3.281803e-001
1.192198e+004,8.045759e-002
1.192583e+004,-2.844873e-002
1.192969e+004,-3.172712e-003
1.193355e+004,1.164139e-001
1.193741e+004,2.678196e-001
1.194126e+004,3.859330e-001
1.194512e+004,4.265200e-001
1.194898e+004,3.681370e-001
1.195283e+004,2.266478e-001
1.195669e+004,3.940961e-002
1.196055e+004,-1.529106e-001
1.196440e+004,-3.226151e-001
1.196826e+004,-4.618202e-001
1.197212e+004,-5.772191e-001
1.197598e+004,-6.760190e-001
1.197983e+004,-7.519168e-001
1.198369e+004,-7.792031e-001
1.198755e+004,-7.194418e-001
1.199140e+004,-5.385891e-001
1.199526e+004,-2.262701e-001
1.199912e+004,1.927671e-001
1.200297e+004,6.616238e-001
1.200683e+004,1.114382e+000
1.201069e+004,1.479465e+000
1.201454e+004,1.720909e+000
1.201840e+004,1.838931e+000
1.202226e+004,1.861094e+000
1.202612e+004,1.823059e+000
1.202997e+004,1.749316e+000
1.203383e+004,1.643739e+000
1.203769e+004,1.489263e+000
1.204154e+004,1.275152e+000
1.204540e+004,1.004999e+000
1.204926e+004,7.064192e-001
1.205312e+004,4.243799e-001
1.205697e+004,2.029523e-001
1.206083e+004,6.499717e-002
1.206469e+004,8.836985e-004
1.206854e+004,-3.589511e-002
1.207240e+004,-8.382550e-002
1.207626e+004,-1.765021e-001
1.208011e+004,-3.143803e-001
1.208397e+004,-4.633521e-001
1.208783e+004,-5.704022e-001
1.209169e+004,-5.881209e-001
1.209554e+004,-4.956246e-001
1.209940e+004,-3.006454e-001
1.210326e+004,-4.261649e-002
1.210711e+004,2.295391e-001
1.211097e+004,4.777285e-001
1.211483e+004,6.818268e-001
1.211868e+004,8.327618e-001
1.212254e+004,9.180739e-001
1.212640e+004,9.115474e-001
1.213025e+004,7.743992e-001
1.213411e+004,4.774647e-001
1.213797e+004,2.609831e-002
1.214183e+004,-5.220340e-001
1.214568e+004,-1.059225e+000
1.214954e+004,-1.454171e+000
1.215340e+004,-1.594542e+000
1.215725e+004,-1.428823e+000
1.216111e+004,-1.003739e+000
1.216497e+004,-4.193063e-001
1.216883e+004,1.813051e-001
1.217268e+004,6.599126e-001
1.217654e+004,9.260936e-001
1.218040e+004,9.620771e-001
1.218425e+004,8.219399e-001
1.218811e+004,6.070791e-001
1.219197e+004,4.322982e-001
1.219582e+004,3.716033e-001
1.219968e+004,4.531078e-001
1.220354e+004,6.513454e-001
1.220740e+004,8.988610e-001
1.221125e+004,1.109604e+000
1.221511e+004,1.206332e+000
1.221897e+004,1.143909e+000
1.222282e+004,9.353154e-001
1.222668e+004,6.158009e-001
1.223054e+004,2.555544e-001
1.223439e+004,-6.554288e-002
1.223825e+004,-2.792474e-001
1.224211e+004,-3.461394e-001
1.224596e+004,-2.638075e-001
1.224982e+004,-6.393636e-002
1.225368e+004,1.989966e-001
1.225754e+004,4.682782e-001
1.226139e+004,7.019227e-001
1.226525e+004,8.802047e-001
1.226911e+004,1.006432e+000
1.227296e+004,1.099389e+000
1.227682e+004,1.181089e+000
1.228068e+004,1.265049e+000
1.228454e+004,1.348303e+000
1.228839e+004,1.417271e+000
1.229225e+004,1.450569e+000
1.229611e+004,1.430391e+000
1.229996e+004,1.350914e+000
1.230382e+004,1.221660e+000
1.230768e+004,1.064614e+000
1.231153e+004,9.066384e-001
1.231539e+004,7.703006e-001
1.231925e+004,6.666365e-001
1.232311e+004,5.955390e-001
1.232696e+004,5.482504e-001
1.233082e+004,5.133264e-001
1.233468e+004,4.824293e-001
1.233853e+004,4.532711e-001
1.234239e+004,4.285701e-001
1.234625e+004,4.053168e-001
1.235010e+004,3.884494e-001
1.235396e+004,3.713616e-001
1.235782e+004,3.424575e-001
1.236167e+004,2.904225e-001
1.236553e+004,2.114967e-001
1.236939e+004,1.155544e-001
1.237325e+004,2.780509e-002
1.237710e+004,-3.174520e-002
1.238096e+004,-1.505560e-002
1.238482e+004,1.024165e-001
1.238867e+004,3.234377e-001
1.239253e+004,6.234253e-001
1.239639e+004,9.528401e-001
1.240025e+004,1.247841e+000
1.240410e+004,1.446763e+000
1.240796e+004,1.499979e+000
1.241182e+004,1.416390e+000
1.241567e+004,1.222583e+000
1.241953e+004,9.744514e-001
1.242339e+004,7.431297e-001
1.242724e+004,5.960190e-001
1.243110e+004,5.783291e-001
1.243496e+004,7.005928e-001
1.243881e+004,9.362625e-001
1.244267e+004,1.228713e+000
1.244653e+004,1.508486e+000
1.245039e+004,1.711660e+000
1.245424e+004,1.796301e+000
1.245810e+004,1.751630e+000
1.246196e+004,1.597607e+000
1.246581e+004,1.375822e+000
1.246967e+004,1.124029e+000
1.247353e+004,8.981979e-001
1.247738e+004,7.249771e-001
1.248124e+004,6.100385e-001
1.248510e+004,5.426928e-001
1.248896e+004,5.051326e-001
1.249281e+004,4.819320e-001
1.249667e+004,4.658691e-001
1.250053e+004,4.555493e-001
1.250438e+004,4.579869e-001
1.250824e+004,4.733546e-001
1.251210e+004,4.930001e-001
1.251596e+004,4.990053e-001
1.251981e+004,4.694487e-001
1.252367e+004,3.874123e-001
1.252753e+004,2.499206e-001
1.253138e+004,6.197524e-002
1.253524e+004,-1.326067e-001
1.253910e+004,-2.890780e-001
1.254295e+004,-3.663483e-001
1.254681e+004,-3.395827e-001
1.255067e+004,-2.079441e-001
1.255452e+004,5.070731e-003
1.255838e+004,2.585967e-001
1.256224e+004,5.049974e-001
1.256610e+004,7.050455e-001
1.256995e+004,8.348968e-001
1.257381e+004,8.920919e-001
1.257767e+004,8.934376e-001
1.258152e+004,8.679562e-001
1.258538e+004,8.475760e-001
1.258924e+004,8.584687e-001
1.259309e+004,9.152311e-001
1.259695e+004,1.020469e+000
1.260081e+004,1.163876e+000
1.260467e+004,1.328095e+000
1.260852e+004,1.494037e+000
1.261238e+004,1.645051e+000
1.261624e+004,1.768760e+000
1.262009e+004,1.856455e+000
1.262395e+004,1.900767e+000
1.262781e+004,1.893591e+000
1.263167e+004,1.826835e+000
1.263552e+004,1.694172e+000
1.263938e+004,1.494995e+000
1.264324e+004,1.238219e+000
1.264709e+004,9.436385e-001
1.265095e+004,6.392941e-001
1.265481e+004,3.538581e-001
1.265866e+004,1.125347e-001
1.266252e+004,-7.401673e-002
1.266638e+004,-2.102164e-001
1.267023e+004,-3.116120e-001
1.267409e+004,-3.963564e-001
1.267795e+004,-4.757125e-001
1.268181e+004,-5.478262e-001
1.268566e+004,-5.972244e-001
1.268952e+004,-6.024163e-001
1.269338e+004,-5.449713e-001
1.269723e+004,-4.189341e-001
1.270109e+004,-2.349926e-001
1.270495e+004,-1.788837e-002
1.270880e+004,2.015616e-001
1.271266e+004,3.960932e-001
1.271652e+004,5.491780e-001
1.272038e+004,6.567332e-001
1.272423e+004,7.245163e-001
1.272809e+004,7.627323e-001
1.273195e+004,7.816936e-001
1.273580e+004,7.905258e-001
1.273966e+004,7.986634e-001
1.274352e+004,8.178115e-001
1.274738e+004,8.613510e-001
1.275123e+004,9.408287e-001
1.275509e+004,1.058894e+000
1.275895e+004,1.203993e+000
1.276280e+004,1.349674e+000
1.276666e+004,1.460546e+000
1.277052e+004,1.503380e+000
1.277437e+004,1.458762e+000
1.277823e+004,1.328327e+000
1.278209e+004,1.132048e+000
1.278594e+004,8.993932e-001
1.278980e+004,6.566170e-001
1.279366e+004,4.174921e-001
1.279752e+004,1.825309e-001
1.280137e+004,-5.255195e-002
1.280523e+004,-2.835188e-001
1.280909e+004,-4.865375e-001
1.281294e+004,-6.200672e-001
1.281680e+004,-6.346004e-001
1.282066e+004,-4.948632e-001
1.282451e+004,-2.012431e-001
1.282837e+004,1.991618e-001
1.283223e+004,6.188851e-001
1.283609e+004,9.537482e-001
1.283994e+004,1.116011e+000
1.284380e+004,1.065030e+000
1.284766e+004,8.205188e-001
1.285151e+004,4.561253e-001
1.285537e+004,7.313943e-002
1.285923e+004,-2.350921e-001
1.286308e+004,-4.142646e-001
1.286694e+004,-4.638544e-001
1.287080e+004,-4.303241e-001
1.287466e+004,-3.828811e-001
1.287851e+004,-3.810006e-001
1.288237e+004,-4.485891e-001
1.288623e+004,-5.635037e-001
1.289008e+004,-6.662135e-001
1.289394e+004,-6.834481e-001
1.289780e+004,-5.571630e-001
1.290165e+004,-2.683862e-001
1.290551e+004,1.551904e-001
1.290937e+004,6.451937e-001
1.291323e+004,1.112707e+000
1.291708e+004,1.473361e+000
1.292094e+004,1.669203e+000
1.292480e+004,1.681090e+000
1.292865e+004,1.529348e+000
1.293251e+004,1.264986e+000
1.293637e+004,9.530383e-001
1.294022e+004,6.580582e-001
1.294408e+004,4.313549e-001
1.294794e+004,3.032961e-001
1.295180e+004,2.806171e-001
1.295565e+004,3.479322e-001
1.295951e+004,4.725341e-001
1.296337e+004,6.113407e-001
1.296722e+004,7.215332e-001
1.297108e+004,7.693581e-001
1.297494e+004,7.389160e-001
1.297879e+004,6.368437e-001
1.298265e+004,4.909411e-001
1.298651e+004,3.421313e-001
1.299037e+004,2.315881e-001
1.299422e+004,1.866684e-001
1.299808e+004,2.127341e-001
1.300194e+004,2.913309e-001
1.300579e+004,3.886751e-001
1.300965e+004,4.702979e-001
1.301351e+004,5.162507e-001
1.301736e+004,5.302134e-001
1.302122e+004,5.380090e-001
1.302508e+004,5.754997e-001
1.302894e+004,6.699016e-001
1.303279e+004,8.236817e-001
1.303665e+004,1.007462e+000
1.304051e+004,1.166229e+000
1.304436e+004,1.237391e+000
1.304822e+004,1.173961e+000
1.305208e+004,9.636414e-001
1.305593e+004,6.385424e-001
1.305979e+004,2.590681e-001
1.306365e+004,-9.883389e-002
1.306751e+004,-3.694690e-001
1.307136e+004,-5.161962e-001
1.307522e+004,-5.384771e-001
1.307908e+004,-4.656323e-001
1.308293e+004,-3.412517e-001
1.308679e+004,-2.077262e-001
1.309065e+004,-8.834861e-002
1.309450e+004,1.031348e-002
1.309836e+004,9.329551e-002
1.310222e+004,1.669022e-001
1.310608e+004,2.301136e-001
1.310993e+004,2.720851e-001
1.311379e+004,2.766215e-001
1.311765e+004,2.295171e-001
1.312150e+004,1.318562e-001
1.312536e+004,-2.978507e-003
1.312922e+004,-1.496840e-001
1.313307e+004,-2.786453e-001
1.313693e+004,-3.647760e-001
1.314079e+004,-3.937143e-001
1.314465e+004,-3.630894e-001
1.314850e+004,-2.817818e-001
1.315236e+004,-1.572554e-001
1.315622e+004,2.758890e-003
1.316007e+004,1.927541e-001
1.316393e+004,4.066367e-001
1.316779e+004,6.330894e-001
1.317164e+004,8.520604e-001
1.317550e+004,1.035093e+000
1.317936e+004,1.150084e+000
1.318322e+004,1.175156e+000
1.318707e+004,1.100373e+000
1.319093e+004,9.379206e-001
1.319479e+004,7.235298e-001
1.319864e+004,5.108510e-001
1.320250e+004,3.594752e-001
1.320636e+004,3.194092e-001
1.321021e+004,4.162211e-001
1.321407e+004,6.358061e-001
1.321793e+004,9.421238e-001
1.322179e+004,1.275069e+000
1.322564e+004,1.563674e+000
1.322950e+004,1.742966e+000
1.323336e+004,1.769915e+000
1.323721e+004,1.633785e+000
1.324107e+004,1.836918e+000
1.324493e+004,1.927004e+000
1.324878e+004,1.904629e+000
1.325264e+004,1.796221e+000
1.325650e+004,1.644770e+000
1.326036e+004,1.493042e+000
1.326421e+004,1.365879e+000
1.326807e+004,1.259303e+000
1.327193e+004,1.411220e+000
1.327578e+004,1.556540e+000
1.327964e+004,1.666410e+000
1.328350e+004,1.705788e+000
1.328735e+004,1.650160e+000
1.329121e+004,1.498474e+000
1.329507e+004,1.276544e+000
1.329892e+004,1.029304e+000
1.330278e+004,8.035209e-001
1.330664e+004,6.396398e-001
1.331050e+004,5.465595e-001
1.331435e+004,5.045263e-001
1.331821e+004,4.749001e-001
1.332207e+004,4.160333e-001
1.332592e+004,2.982525e-001
1.332978e+004,1.121122e-001
1.333364e+004,-1.341794e-001
1.333750e+004,-4.170027e-001
1.334135e+004,-7.073948e-001
1.334521e+004,-9.768281e-001
1.334907e+004,-1.197343e+000
1.335292e+004,-1.338326e+000
1.335678e+004,-1.364528e+000
1.336064e+004,-1.239646e+000
1.336449e+004,-9.299707e-001
1.336835e+004,-4.344931e-001
1.337221e+004,2.138621e-001
1.337607e+004,9.440846e-001
1.337992e+004,1.657781e+000
1.338378e+004,2.250267e+000
1.338764e+004,2.635044e+000
1.339149e+004,2.763056e+000
1.339535e+004,2.624766e+000
1.339921e+004,2.255737e+000
1.340306e+004,1.719355e+000
1.340692e+004,1.088756e+000
1.341078e+004,4.340848e-001
1.341463e+004,-1.831739e-001
1.341849e+004,-7.104850e-001
1.342235e+004,-1.103694e+000
1.342621e+004,-1.336611e+000
1.343006e+004,-1.383958e+000
1.343392e+004,-1.257009e+000
1.343778e+004,-9.976982e-001
1.344163e+004,-6.730195e-001
1.344549e+004,-3.594267e-001
1.344935e+004,-1.216183e-001
1.345321e+004,6.411314e-003
1.345706e+004,3.088651e-002
1.346092e+004,-7.763930e-003
1.346478e+004,-5.176622e-002
1.346863e+004,-4.900490e-002
1.347249e+004,2.791122e-002
1.347635e+004,1.735840e-001
1.348020e+004,3.548492e-001
1.348406e+004,5.254915e-001
1.348792e+004,6.479259e-001
1.349178e+004,6.929522e-001
1.349563e+004,6.594306e-001
1.349949e+004,5.661106e-001
1.350335e+004,4.425774e-001
1.350720e+004,3.192128e-001
1.351106e+004,2.197485e-001
1.351492e+004,1.578733e-001
1.351877e+004,1.380340e-001
1.352263e+004,1.555332e-001
1.352649e+004,2.022076e-001
1.353034e+004,2.688280e-001
1.353420e+004,3.485577e-001
1.353806e+004,4.398189e-001
1.354192e+004,5.475119e-001
1.354577e+004,6.814263e-001
1.354963e+004,8.535023e-001
1.355349e+004,1.065824e+000
1.355734e+004,1.308349e+000
1.356120e+004,1.555623e+000
1.356506e+004,1.770651e+000
1.356892e+004,1.914287e+000
1.357277e+004,1.956929e+000
1.357663e+004,1.887995e+000
1.358049e+004,1.707209e+000
1.358434e+004,1.451625e+000
1.358820e+004,1.162055e+000
1.359206e+004,8.750547e-001
1.359591e+004,6.128415e-001
1.359977e+004,3.797576e-001
1.360363e+004,1.659855e-001
1.360749e+004,-4.348755e-002
1.361134e+004,-2.844824e-001
1.361520e+004,-5.215678e-001
1.361906e+004,-7.286377e-001
1.362291e+004,-8.651520e-001
1.362677e+004,-8.881818e-001
1.363063e+004,-7.689503e-001
1.363448e+004,-5.086056e-001
1.363834e+004,-1.468014e-001
1.364220e+004,2.498783e-001
1.364605e+004,5.787992e-001
1.364991e+004,7.578933e-001
1.365377e+004,7.534621e-001
1.365763e+004,5.982746e-001
1.366148e+004,3.848319e-001
1.366534e+004,2.334106e-001
1.366920e+004,2.462083e-001
1.367305e+004,4.592380e-001
1.367691e+004,8.410374e-001
1.368077e+004,1.302940e+000
1.368463e+004,1.732164e+000
1.368848e+004,2.032827e+000
1.369234e+004,2.155368e+000
1.369620e+004,2.102745e+000
1.370005e+004,1.913954e+000
1.370391e+004,1.659594e+000
1.370777e+004,1.358081e+000
1.371162e+004,1.019420e+000
1.371548e+004,6.448112e-001
1.371934e+004,2.435929e-001
1.372320e+004,-1.546529e-001
1.372705e+004,-5.013068e-001
1.373091e+004,-7.437784e-001
1.373477e+004,-8.476282e-001
1.373862e+004,-8.214028e-001
1.374248e+004,-6.947774e-001
1.374634e+004,-5.169980e-001
1.375019e+004,-3.366376e-001
1.375405e+004,-1.831107e-001
1.375791e+004,-5.842143e-002
1.376176e+004,5.793869e-002
1.376562e+004,1.813309e-001
1.376948e+004,3.446060e-001
1.377334e+004,5.530282e-001
1.377719e+004,7.957226e-001
1.378105e+004,1.052452e+000
1.378491e+004,1.301818e+000
1.378876e+004,1.525803e+000
1.379262e+004,1.708930e+000
1.379648e+004,1.829477e+000
1.380033e+004,1.876372e+000
1.380419e+004,1.831531e+000
1.380805e+004,1.687045e+000
1.381191e+004,1.455799e+000
1.381576e+004,1.176779e+000
1.381962e+004,9.100467e-001
1.382348e+004,7.210213e-001
1.382733e+004,6.595927e-001
1.383119e+004,7.397172e-001
1.383505e+004,9.367697e-001
1.383891e+004,1.193614e+000
1.384276e+004,1.439626e+000
1.384662e+004,1.613651e+000
1.385048e+004,1.681754e+000
1.385433e+004,1.643225e+000
1.385819e+004,1.526751e+000
1.386205e+004,1.366723e+000
1.386590e+004,1.193395e+000
1.386976e+004,1.020862e+000
1.387362e+004,8.457061e-001
1.387747e+004,6.538699e-001
1.388133e+004,4.313823e-001
1.388519e+004,1.737430e-001
1.388905e+004,-1.060113e-001
1.389290e+004,-3.911748e-001
1.389676e+004,-6.549158e-001
1.390062e+004,-8.715173e-001
1.390447e+004,-1.022218e+000
1.390833e+004,-1.098381e+000
1.391219e+004,-1.101940e+000
1.391604e+004,-1.043795e+000
1.391990e+004,-9.428536e-001
1.392376e+004,-8.171774e-001
1.392762e+004,-6.839696e-001
1.393147e+004,-5.553950e-001
1.393533e+004,-4.366302e-001
1.393919e+004,-3.264336e-001
1.394304e+004,-2.205507e-001
1.394690e+004,-1.169734e-001
1.395076e+004,-2.202864e-002
1.395462e+004,5.229498e-002
1.395847e+004,8.618088e-002
1.396233e+004,6.107558e-002
1.396619e+004,-3.103551e-002
1.397004e+004,-1.802126e-001
1.397390e+004,-3.566598e-001
1.397776e+004,-5.160246e-001
1.398161e+004,-6.105045e-001
1.398547e+004,-6.038650e-001
1.398933e+004,-4.803881e-001
1.399318e+004,-2.499199e-001
1.399704e+004,5.557868e-002
1.400090e+004,3.917992e-001
1.400476e+004,7.144322e-001
1.400861e+004,9.896476e-001
1.401247e+004,1.199384e+000
1.401633e+004,1.341002e+000
1.402018e+004,1.421490e+000
1.402404e+004,1.450481e+000
1.402790e+004,1.434582e+000
1.403175e+004,1.375306e+000
1.403561e+004,1.271082e+000
1.403947e+004,1.122170e+000
1.404333e+004,9.361438e-001
1.404718e+004,7.317011e-001
1.405104e+004,5.384455e-001
1.405490e+004,3.921610e-001
1.405875e+004,3.264171e-001
1.406261e+004,3.626541e-001
1.406647e+004,5.018533e-001
1.407032e+004,7.208568e-001
1.407418e+004,9.760849e-001
1.407804e+004,1.210473e+000
1.408190e+004,1.370449e+000
1.408575e+004,1.419574e+000
1.408961e+004,1.348352e+000
1.409347e+004,1.175796e+000
1.409732e+004,9.418432e-001
1.410118e+004,6.931205e-001
1.410504e+004,4.660897e-001
1.410889e+004,2.789713e-001
1.411275e+004,1.254259e-001
1.411661e+004,-1.754689e-002
1.412047e+004,-1.759647e-001
1.412432e+004,-3.639897e-001
1.412818e+004,-5.738615e-001
1.413204e+004,-7.746803e-001
1.413589e+004,-9.207817e-001
1.413975e+004,-9.651464e-001
1.414361e+004,-8.764396e-001
1.414746e+004,-6.498616e-001
1.415132e+004,-3.106613e-001
1.415518e+004,9.089684e-002
1.415904e+004,4.910817e-001
1.416289e+004,8.271810e-001
1.416675e+004,1.051162e+000
1.417061e+004,1.138754e+000
1.417446e+004,1.094075e+000
1.417832e+004,9.473019e-001
1.418218e+004,7.472765e-001
1.418603e+004,5.504494e-001
1.418989e+004,4.084902e-001
1.419375e+004,3.573034e-001
1.419761e+004,4.099907e-001
1.420146e+004,5.558102e-001
1.420532e+004,7.648070e-001
1.420918e+004,9.968326e-001
1.421303e+004,1.211851e+000
1.421689e+004,1.378337e+000
1.422075e+004,1.477570e+000
1.422460e+004,1.503482e+000
1.422846e+004,1.459455e+000
1.423232e+004,1.355043e+000
1.423618e+004,1.202702e+000
1.424003e+004,1.017305e+000
1.424389e+004,8.160416e-001
1.424775e+004,6.174265e-001
1.425160e+004,4.384724e-001
1.425546e+004,2.906354e-001
1.425932e+004,1.773773e-001
1.426317e+004,9.171841e-002
1.426703e+004,2.244842e-002
1.427089e+004,-3.968707e-002
1.427475e+004,-9.545416e-002
1.427860e+004,-1.346151e-001
1.428246e+004,-1.394655e-001
1.428632e+004,-9.337404e-002
1.429017e+004,1.030590e-002
1.429403e+004,1.602407e-001
1.429789e+004,3.320439e-001
1.430174e+004,4.962266e-001
1.430560e+004,6.301947e-001
1.430946e+004,7.270048e-001
1.431332e+004,7.959390e-001
1.431717e+004,8.540429e-001
1.432103e+004,9.117417e-001
1.432489e+004,9.647878e-001
1.432874e+004,9.900705e-001
1.433260e+004,9.559674e-001
1.433646e+004,8.398941e-001
1.434031e+004,6.452593e-001
1.434417e+004,4.086182e-001
1.434803e+004,1.917177e-001
1.435189e+004,5.943146e-002
1.435574e+004,5.565223e-002
1.435960e+004,1.826959e-001
1.436346e+004,3.986166e-001
1.436731e+004,6.319056e-001
1.437117e+004,8.081052e-001
1.437503e+004,8.767780e-001
1.437888e+004,8.271064e-001
1.438274e+004,6.864005e-001
1.438660e+004,5.009867e-001
1.439046e+004,3.130116e-001
1.439431e+004,1.422471e-001
1.439817e+004,-1.811016e-002
1.440203e+004,-1.903259e-001
1.440588e+004,-3.921705e-001
1.440974e+004,-6.189492e-001
1.441360e+004,-8.370238e-001
1.441745e+004,-9.936391e-001
1.442131e+004,-1.035988e+000
1.442517e+004,-9.333970e-001
1.442903e+004,-6.905290e-001
1.443288e+004,-3.460153e-001
1.443674e+004,4.242558e-002
1.444060e+004,4.190336e-001
1.444445e+004,7.473003e-001
1.444831e+004,1.016796e+000
1.445217e+004,1.236431e+000
1.445602e+004,1.420341e+000
1.445988e+004,1.573692e+000
1.446374e+004,1.686018e+000
1.446760e+004,1.735242e+000
1.447145e+004,1.700055e+000
1.447531e+004,1.573909e+000
1.447917e+004,1.375536e+000
1.448302e+004,1.148093e+000
1.448688e+004,9.498755e-001
1.449074e+004,8.392763e-001
1.449459e+004,8.596833e-001
1.449845e+004,1.028893e+000
1.450231e+004,1.335126e+000
1.450617e+004,1.742214e+000
1.451002e+004,2.187562e+000
1.451388e+004,2.599399e+000
1.451774e+004,2.906421e+000
1.452159e+004,3.050495e+000
1.452545e+004,2.998776e+000
1.452931e+004,2.752400e+000
1.453316e+004,2.348239e+000
1.453702e+004,1.848844e+000
1.454088e+004,1.332599e+000
1.454474e+004,8.682553e-001
1.454859e+004,4.970876e-001
1.455245e+004,2.242365e-001
1.455631e+004,2.346283e-002
1.456016e+004,-1.465433e-001
1.456402e+004,-3.211862e-001
1.456788e+004,-5.166904e-001
1.457173e+004,-7.138751e-001
1.457559e+004,-8.765694e-001
1.457945e+004,-9.646913e-001
1.458331e+004,-9.514983e-001
1.458716e+004,-8.335367e-001
1.459102e+004,-6.295106e-001
1.459488e+004,-3.701106e-001
1.459873e+004,-8.246027e-002
1.460259e+004,2.114550e-001
1.460645e+004,5.016256e-001
1.461030e+004,7.828573e-001
1.461416e+004,1.047472e+000
1.461802e+004,1.282366e+000
1.462188e+004,1.473090e+000
1.462573e+004,1.612660e+000
1.462959e+004,1.709978e+000
1.463345e+004,1.786321e+000
1.463730e+004,1.871110e+000
1.464116e+004,1.984187e+000
1.464502e+004,2.122329e+000
1.464887e+004,2.256016e+000
1.465273e+004,2.339947e+000
1.465659e+004,2.333552e+000
1.466045e+004,2.217111e+000
1.466430e+004,2.015653e+000
1.466816e+004,1.782113e+000
1.467202e+004,1.579038e+000
1.467587e+004,1.452287e+000
1.467973e+004,1.412499e+000
1.468359e+004,1.433476e+000
1.468744e+004,1.468166e+000
1.469130e+004,1.471481e+000
1.469516e+004,1.429830e+000
1.469902e+004,1.359615e+000
1.470287e+004,1.299067e+000
1.470673e+004,1.284851e+000
1.471059e+004,1.329642e+000
1.471444e+004,1.412894e+000
1.471830e+004,1.489846e+000
1.472216e+004,1.514562e+000
1.472601e+004,1.460824e+000
1.472987e+004,1.339399e+000
1.473373e+004,1.191148e+000
1.473758e+004,1.065430e+000
1.474144e+004,9.940553e-001
1.474530e+004,9.743964e-001
1.474916e+004,9.703038e-001
1.475301e+004,9.269876e-001
1.475687e+004,8.040374e-001
1.476073e+004,5.929085e-001
1.476458e+004,3.244464e-001
1.476844e+004,5.703253e-002
1.477230e+004,-1.469096e-001
1.477616e+004,-2.448704e-001
1.478001e+004,-2.286211e-001
1.478387e+004,-1.260025e-001
1.478773e+004,1.582114e-002
1.479158e+004,1.392563e-001
1.479544e+004,1.969139e-001
1.479930e+004,1.631183e-001
1.480315e+004,3.951423e-002
1.480701e+004,-1.443097e-001
1.481087e+004,-3.348829e-001
1.481472e+004,-4.633490e-001
1.481858e+004,-4.619550e-001
1.482244e+004,-2.880267e-001
1.482630e+004,5.729121e-002
1.483015e+004,5.200965e-001
1.483401e+004,1.002733e+000
1.483787e+004,1.391170e+000
1.484172e+004,1.592329e+000
1.484558e+004,1.566531e+000
1.484944e+004,1.341691e+000
1.485329e+004,9.996358e-001
1.485715e+004,6.433188e-001
1.486101e+004,3.575582e-001
1.486487e+004,1.815535e-001
1.486872e+004,1.049800e-001
1.487258e+004,8.753824e-002
1.487644e+004,8.734579e-002
1.488029e+004,9.373689e-002
1.488415e+004,1.275761e-001
1.488801e+004,2.281869e-001
1.489187e+004,4.264525e-001
1.489572e+004,7.206626e-001
1.489958e+004,1.068409e+000
1.490344e+004,1.399133e+000
1.490729e+004,1.636952e+000
1.491115e+004,1.745164e+000
1.491501e+004,1.719867e+000
1.491886e+004,1.593765e+000
1.492272e+004,1.417919e+000
1.492658e+004,1.238766e+000
1.493043e+004,1.081812e+000
1.493429e+004,9.487650e-001
1.493815e+004,8.319871e-001
1.494201e+004,7.156200e-001
1.494586e+004,6.009567e-001
1.494972e+004,5.043081e-001
1.495358e+004,4.498435e-001
1.495743e+004,4.576942e-001
1.496129e+004,5.337860e-001
1.496515e+004,6.660416e-001
1.496900e+004,8.277867e-001
1.497286e+004,9.848590e-001
1.497672e+004,1.104293e+000
1.498058e+004,1.158188e+000
1.498443e+004,1.126204e+000
1.498829e+004,9.977396e-001
1.499215e+004,7.756096e-001
1.499600e+004,4.808898e-001
1.499986e+004,1.580861e-001
