5.014096e+002,1.657668e+000
5.052666e+002,2.215492e+000
5.091236e+002,2.555725e+000
5.129806e+002,2.551840e+000
5.168376e+002,2.169870e+000
5.206946e+002,1.480492e+000
5.245516e+002,6.378152e-001
5.284086e+002,-1.863120e-001
5.322656e+002,-7.875264e-001
5.361226e+002,-1.048229e+000
5.399796e+002,-9.439847e-001
5.438365e+002,-5.451751e-001
5.476936e+002,5.401157e-003
5.515505e+002,5.319207e-001
5.554076e+002,8.722304e-001
5.592646e+002,9.133542e-001
5.631216e+002,6.400635e-001
5.669786e+002,1.348578e-001
5.708356e+002,-4.390213e-001
5.746926e+002,-8.817895e-001
5.785496e+002,-1.015406e+000
5.824066e+002,-7.391481e-001
5.862635e+002,-6.456310e-002
5.901205e+002,8.957449e-001
5.939775e+002,1.923362e+000
5.978345e+002,2.784191e+000
6.016915e+002,3.291186e+000
6.055485e+002,3.356914e+000
6.094055e+002,3.013509e+000
6.132625e+002,2.395282e+000
6.171195e+002,1.692198e+000
6.209765e+002,1.091333e+000
6.248335e+002,7.295705e-001
6.286905e+002,6.599153e-001
6.325475e+002,8.521279e-001
6.364045e+002,1.216109e+000
6.402615e+002,1.637444e+000
6.441185e+002,2.011467e+000
6.479755e+002,2.265252e+000
6.518325e+002,2.362032e+000
6.556895e+002,2.298208e+000
6.595465e+002,2.081999e+000
6.634035e+002,1.724449e+000
6.672605e+002,1.236990e+000
6.711175e+002,6.390212e-001
6.749745e+002,-2.951955e-002
6.788315e+002,-6.994430e-001
6.826885e+002,-1.270934e+000
6.865455e+002,-1.652416e+000
6.904025e+002,-1.767633e+000
6.942595e+002,-1.591889e+000
6.981165e+002,-1.167896e+000
7.019734e+002,-5.989598e-001
7.058304e+002,-1.936399e-002
7.096874e+002,4.476964e-001
7.135444e+002,7.236151e-001
7.174014e+002,8.076959e-001
7.212584e+002,7.442065e-001
7.251154e+002,5.982700e-001
7.289724e+002,4.191045e-001
7.328294e+002,2.169287e-001
7.366864e+002,-3.421108e-002
7.405435e+002,-3.686670e-001
7.444004e+002,-7.855986e-001
7.482574e+002,-1.239782e+000
7.521144e+002,-1.625330e+000
7.559714e+002,-1.811666e+000
7.598284e+002,-1.694441e+000
7.636854e+002,-1.244194e+000
7.675424e+002,-5.299820e-001
7.713994e+002,2.946792e-001
7.752564e+002,1.028600e+000
7.791134e+002,1.523966e+000
7.829704e+002,1.697836e+000
7.868274e+002,1.565118e+000
7.906844e+002,1.224340e+000
7.945414e+002,8.162933e-001
7.983984e+002,4.742306e-001
8.022554e+002,2.852737e-001
8.061124e+002,2.720200e-001
8.099694e+002,4.082547e-001
8.138264e+002,6.356521e-001
8.176833e+002,8.870816e-001
8.215403e+002,1.100575e+000
8.253973e+002,1.223933e+000
8.292544e+002,1.215196e+000
8.331113e+002,1.046016e+000
8.369684e+002,7.121499e-001
8.408253e+002,2.439484e-001
8.446824e+002,-2.856545e-001
8.485393e+002,-7.674896e-001
8.523964e+002,-1.079892e+000
8.562533e+002,-1.124535e+000
8.601104e+002,-8.619841e-001
8.639673e+002,-3.325084e-001
8.678243e+002,3.493115e-001
8.716813e+002,1.018530e+000
8.755383e+002,1.510118e+000
8.793953e+002,1.703826e+000
8.832523e+002,1.555733e+000
8.871093e+002,1.106189e+000
8.909663e+002,4.642679e-001
8.948233e+002,-2.234244e-001
8.986803e+002,-8.153130e-001
9.025373e+002,-1.180303e+000
9.063943e+002,-1.242022e+000
9.102513e+002,-9.793209e-001
9.141083e+002,-4.251816e-001
9.179653e+002,3.401479e-001
9.218223e+002,1.200359e+000
9.256793e+002,2.018868e+000
9.295363e+002,2.658995e+000
9.333933e+002,3.003769e+000
9.372502e+002,2.988076e+000
9.411073e+002,2.613216e+000
9.449642e+002,1.950505e+000
9.488213e+002,1.128731e+000
9.526782e+002,3.071235e-001
9.565353e+002,-3.601543e-001
9.603922e+002,-7.694941e-001
9.642493e+002,-8.546020e-001
9.681062e+002,-6.480704e-001
9.719633e+002,-2.544239e-001
9.758203e+002,1.781565e-001
9.796772e+002,4.987394e-001
9.835342e+002,5.970322e-001
9.873912e+002,4.371903e-001
9.912482e+002,5.483574e-002
9.951052e+002,-3.989897e-001
9.989622e+002,-7.417601e-001
1.002819e+003,-8.168121e-001
1.006676e+003,-5.522987e-001
1.010533e+003,8.369923e-003
1.014390e+003,7.181445e-001
1.018247e+003,1.377479e+000
1.022104e+003,2.021686e+000
1.025961e+003,2.019235e+000
1.029818e+003,1.489018e+000
1.033675e+003,7.885277e-001
1.037532e+003,2.736450e-001
1.041389e+003,9.311968e-002
1.045246e+003,1.473817e-001
1.049103e+003,2.180331e-001
1.052960e+003,2.126912e-001
1.056817e+003,9.365919e-002
1.060674e+003,-4.991920e-002
1.064531e+003,-1.077678e-001
1.068388e+003,-1.003613e-002
1.072245e+003,2.370038e-001
1.076102e+003,5.558274e-001
1.079959e+003,8.354885e-001
1.083816e+003,9.769025e-001
1.087673e+003,9.793063e-001
1.091530e+003,8.470296e-001
1.095387e+003,6.097505e-001
1.099244e+003,3.052849e-001
1.103101e+003,-3.429876e-002
1.106958e+003,-3.880535e-001
1.110815e+003,-7.432551e-001
1.114672e+003,-1.076090e+000
1.118529e+003,-1.384374e+000
1.122386e+003,-1.647665e+000
1.126243e+003,-1.841673e+000
1.130100e+003,-1.943045e+000
1.133957e+003,-1.934756e+000
1.137814e+003,-1.811019e+000
1.141671e+003,-1.581283e+000
1.145528e+003,-1.273377e+000
1.149385e+003,-9.309221e-001
1.153242e+003,-6.080965e-001
1.157099e+003,-3.585951e-001
1.160956e+003,-2.200853e-001
1.164813e+003,-1.995380e-001
1.168670e+003,-2.660551e-001
1.172527e+003,-3.563318e-001
1.176384e+003,-3.930039e-001
1.180241e+003,-3.124540e-001
1.184098e+003,-8.651441e-002
1.187955e+003,2.656257e-001
1.191812e+003,6.840646e-001
1.195669e+003,1.090919e+000
1.199526e+003,1.420101e+000
1.203383e+003,1.641867e+000
1.207240e+003,1.771623e+000
1.211097e+003,1.862207e+000
1.214954e+003,1.980084e+000
1.218811e+003,2.180866e+000
1.222668e+003,2.492073e+000
1.226525e+003,2.909653e+000
1.230382e+003,3.407062e+000
1.234239e+003,3.949881e+000
1.238096e+003,4.505790e+000
1.241953e+003,5.052181e+000
1.245810e+003,5.565949e+000
1.249667e+003,6.016613e+000
1.253524e+003,6.362532e+000
1.257381e+003,6.556486e+000
1.261238e+003,6.560015e+000
1.265095e+003,6.360667e+000
1.268952e+003,5.984602e+000
1.272809e+003,5.495122e+000
1.276666e+003,4.981047e+000
1.280523e+003,4.535276e+000
1.284380e+003,4.232426e+000
1.288237e+003,4.112991e+000
1.292094e+003,4.178267e+000
1.295951e+003,4.395844e+000
1.299808e+003,4.711644e+000
1.303665e+003,5.065222e+000
1.307522e+003,5.402180e+000
1.311379e+003,5.684051e+000
1.315236e+003,5.895002e+000
1.319093e+003,6.045276e+000
1.322950e+003,6.170311e+000
1.326807e+003,6.323884e+000
1.330664e+003,6.563969e+000
1.334521e+003,6.935497e+000
1.338378e+003,7.450889e+000
1.342235e+003,8.078874e+000
1.346092e+003,8.745815e+000
1.349949e+003,9.351892e+000
1.353806e+003,9.798435e+000
1.357663e+003,1.001800e+001
1.361520e+003,9.996737e+000
1.365377e+003,9.782062e+000
1.369234e+003,9.470777e+000
1.373091e+003,9.184820e+000
1.376948e+003,9.041079e+000
1.380805e+003,9.125010e+000
1.384662e+003,9.474730e+000
1.388519e+003,1.007753e+001
1.392376e+003,1.087570e+001
1.396233e+003,1.178098e+001
1.400090e+003,1.268592e+001
1.403947e+003,1.347720e+001
1.407804e+003,1.404770e+001
1.411661e+003,1.430913e+001
1.415518e+003,1.420489e+001
1.419375e+003,1.372147e+001
1.423232e+003,1.289534e+001
1.427089e+003,1.180946e+001
1.430946e+003,1.058270e+001
1.434803e+003,9.350155e+000
1.438660e+003,8.240436e+000
1.442517e+003,7.355446e+000
1.446374e+003,6.757347e+000
1.450231e+003,6.464852e+000
1.454088e+003,6.458013e+000
1.457945e+003,6.688381e+000
1.461802e+003,7.091645e+000
1.465659e+003,7.599030e+000
1.469516e+003,8.146734e+000
1.473373e+003,8.682973e+000
1.477230e+003,9.172638e+000
1.481087e+003,9.599353e+000
1.484944e+003,9.964375e+000
1.488801e+003,1.028209e+001
1.492658e+003,1.057261e+001
1.496515e+003,1.085340e+001
1.500372e+003,1.113240e+001
1.504229e+003,1.140504e+001
1.508086e+003,1.165604e+001
1.511943e+003,1.186529e+001
1.515800e+003,1.201511e+001
1.519657e+003,1.209572e+001
1.523514e+003,1.210775e+001
1.527371e+003,1.206021e+001
1.531228e+003,1.196636e+001
1.535085e+003,1.183978e+001
1.538942e+003,1.169290e+001
1.542799e+003,1.153898e+001
1.546656e+003,1.139590e+001
1.550513e+003,1.129025e+001
1.554370e+003,1.125725e+001
1.558227e+003,1.133644e+001
1.562084e+003,1.156284e+001
1.565941e+003,1.195632e+001
1.569798e+003,1.251247e+001
1.573655e+003,1.319870e+001
1.577512e+003,1.395715e+001
1.581369e+003,1.471344e+001
1.585226e+003,1.539038e+001
1.589083e+003,1.592136e+001
1.592940e+003,1.626071e+001
1.596797e+003,1.638844e+001
1.600654e+003,1.630927e+001
1.604511e+003,1.604733e+001
1.608368e+003,1.563909e+001
1.612225e+003,1.512793e+001
1.616082e+003,1.456042e+001
1.619939e+003,1.398540e+001
1.623796e+003,1.345382e+001
1.627653e+003,1.301731e+001
1.631510e+003,1.272367e+001
1.635367e+003,1.260918e+001
1.639224e+003,1.268934e+001
1.643081e+003,1.295053e+001
1.646938e+003,1.334647e+001
1.650795e+003,1.380136e+001
1.654652e+003,1.422028e+001
1.658509e+003,1.450501e+001
1.662366e+003,1.457187e+001
1.666223e+003,1.436769e+001
1.670080e+003,1.388015e+001
1.673937e+003,1.314104e+001
1.677794e+003,1.222106e+001
1.681651e+003,1.121806e+001
1.685508e+003,1.024085e+001
1.689365e+003,9.391669e+000
1.693222e+003,8.750340e+000
1.697079e+003,8.363120e+000
1.700936e+003,8.238216e+000
1.704793e+003,8.348394e+000
1.708650e+003,8.640374e+000
1.712507e+003,9.047688e+000
1.716364e+003,9.503882e+000
1.720221e+003,9.952662e+000
1.724078e+003,1.035286e+001
1.727935e+003,1.067826e+001
1.731792e+003,1.091422e+001
1.735649e+003,1.105356e+001
1.739506e+003,1.109470e+001
1.743363e+003,1.104225e+001
1.747220e+003,1.090902e+001
1.751077e+003,1.071711e+001
1.754934e+003,1.049596e+001
1.758791e+003,1.027722e+001
1.762648e+003,1.008788e+001
1.766505e+003,9.945463e+000
1.770362e+003,9.856851e+000
1.774219e+003,9.821557e+000
1.778076e+003,9.837181e+000
1.781933e+003,9.903060e+000
1.785790e+003,1.001867e+001
1.789647e+003,1.017619e+001
1.793504e+003,1.034928e+001
1.797361e+003,1.049026e+001
1.801218e+003,1.052920e+001
1.805075e+003,1.039033e+001
1.808932e+003,1.001647e+001
1.812789e+003,9.394539e+000
1.816646e+003,8.571554e+000
1.820503e+003,7.652657e+000
1.824360e+003,6.779987e+000
1.828217e+003,6.093379e+000
1.832073e+003,5.694587e+000
1.835931e+003,5.618767e+000
1.839788e+003,5.827044e+000
1.843645e+003,6.221374e+000
1.847501e+003,6.675390e+000
1.851359e+003,7.069602e+000
1.855216e+003,7.318870e+000
1.859073e+003,7.384970e+000
1.862929e+003,7.271562e+000
1.866787e+003,7.009986e+000
1.870644e+003,6.642809e+000
1.874500e+003,6.212704e+000
1.878357e+003,5.759554e+000
1.882215e+003,5.323548e+000
1.886072e+003,4.949730e+000
1.889928e+003,4.684009e+000
1.893786e+003,4.568579e+000
1.897643e+003,4.628297e+000
1.901500e+003,4.858928e+000
1.905356e+003,5.222289e+000
1.909214e+003,5.652076e+000
1.913071e+003,6.069761e+000
1.916927e+003,6.405316e+000
1.920784e+003,6.617610e+000
1.924642e+003,6.702631e+000
1.928499e+003,6.691273e+000
1.932355e+003,6.634779e+000
1.936212e+003,6.583356e+000
1.940070e+003,6.565341e+000
1.943927e+003,6.574147e+000
1.947783e+003,6.568162e+000
1.951640e+003,6.482051e+000
1.955498e+003,6.249594e+000
1.959354e+003,5.828027e+000
1.963211e+003,5.217769e+000
1.967068e+003,4.470820e+000
1.970926e+003,3.684518e+000
1.974782e+003,2.981574e+000
1.978639e+003,2.481698e+000
1.982497e+003,2.269798e+000
1.986354e+003,2.375356e+000
1.990210e+003,2.761640e+000
1.994067e+003,3.331703e+000
1.997925e+003,3.948951e+000
2.001781e+003,4.467277e+000
2.005638e+003,4.763486e+000
2.009495e+003,4.764663e+000
2.013353e+003,4.463553e+000
2.017209e+003,3.919323e+000
2.021066e+003,3.243540e+000
2.024923e+003,2.574164e+000
2.028781e+003,2.043396e+000
2.032637e+003,1.746662e+000
2.036494e+003,1.720135e+000
2.040351e+003,1.932495e+000
2.044208e+003,2.293955e+000
2.048065e+003,2.679446e+000
2.051922e+003,2.961609e+000
2.055779e+003,3.043603e+000
2.059636e+003,2.882844e+000
2.063493e+003,2.499221e+000
2.067350e+003,1.966240e+000
2.071207e+003,1.387929e+000
2.075064e+003,8.741876e-001
2.078921e+003,5.123993e-001
2.082778e+003,3.522418e-001
2.086635e+003,4.008786e-001
2.090492e+003,6.275287e-001
2.094349e+003,9.732074e-001
2.098206e+003,1.361748e+000
2.102063e+003,1.711381e+000
2.105920e+003,1.941300e+000
2.109777e+003,1.988461e+000
2.113634e+003,1.820046e+000
2.117491e+003,1.445625e+000
2.121348e+003,9.223918e-001
2.125205e+003,3.482758e-001
2.129062e+003,-1.588190e-001
2.132919e+003,-4.935775e-001
2.136776e+003,-5.876447e-001
2.140633e+003,-4.394499e-001
2.144490e+003,-1.127981e-001
2.148347e+003,2.832943e-001
2.152204e+003,6.297271e-001
2.156061e+003,8.347263e-001
2.159918e+003,8.599586e-001
2.163775e+003,7.245579e-001
2.167632e+003,4.965862e-001
2.171489e+003,2.612378e-001
2.175346e+003,9.268825e-002
2.179203e+003,3.453446e-002
2.183060e+003,9.464810e-002
2.186917e+003,2.523796e-001
2.190774e+003,4.713387e-001
2.194631e+003,7.113915e-001
2.198488e+003,9.315540e-001
2.202345e+003,1.093727e+000
2.206202e+003,1.163148e+000
2.210059e+003,1.112666e+000
2.213916e+003,9.307597e-001
2.217773e+003,6.297069e-001
2.221630e+003,2.484026e-001
2.225487e+003,-1.543469e-001
2.229344e+003,-5.132074e-001
2.233201e+003,-7.749341e-001
2.237058e+003,-9.105279e-001
2.240915e+003,-9.171757e-001
2.244772e+003,-8.094982e-001
2.248629e+003,-6.057412e-001
2.252486e+003,-3.173166e-001
2.256343e+003,5.072516e-002
2.260200e+003,4.931258e-001
2.264057e+003,9.885367e-001
2.267914e+003,1.491534e+000
2.271771e+003,1.936856e+000
2.275628e+003,2.257283e+000
2.279485e+003,2.408328e+000
2.283342e+003,2.388104e+000
2.287199e+003,2.241294e+000
2.291056e+003,2.046223e+000
2.294913e+003,1.884012e+000
2.298770e+003,1.810563e+000
2.302627e+003,1.838604e+000
2.306484e+003,1.938660e+000
2.310341e+003,2.057339e+000
2.314198e+003,2.143117e+000
2.318055e+003,2.166467e+000
2.321912e+003,2.127604e+000
2.325769e+003,2.043172e+000
2.329626e+003,1.928861e+000
2.333483e+003,1.783633e+000
2.337340e+003,1.586302e+000
2.341197e+003,1.307109e+000
2.345054e+003,9.287947e-001
2.348911e+003,4.673091e-001
2.352768e+003,-2.462548e-002
2.356625e+003,-4.615883e-001
2.360482e+003,-7.490472e-001
2.364339e+003,-8.103220e-001
2.368196e+003,-6.079055e-001
2.372053e+003,-1.520085e-001
2.375910e+003,5.047984e-001
2.379767e+003,1.276288e+000
2.383624e+003,2.078444e+000
2.387481e+003,2.826085e+000
2.391338e+003,3.446972e+000
2.395195e+003,3.887225e+000
2.399052e+003,4.115730e+000
2.402909e+003,4.128613e+000
2.406766e+003,3.952061e+000
2.410623e+003,3.640671e+000
2.414480e+003,3.266299e+000
2.418337e+003,2.901179e+000
2.422194e+003,2.599291e+000
2.426051e+003,2.382366e+000
2.429908e+003,2.237117e+000
2.433765e+003,2.125447e+000
2.437622e+003,2.003637e+000
2.441479e+003,1.841961e+000
2.445336e+003,1.637556e+000
2.449193e+003,1.412620e+000
2.453050e+003,1.201911e+000
2.456907e+003,1.034668e+000
2.460764e+003,9.199705e-001
2.464621e+003,8.421072e-001
2.468478e+003,7.675202e-001
2.472335e+003,6.575289e-001
2.476192e+003,4.889073e-001
2.480049e+003,2.579697e-001
2.483906e+003,-1.699048e-002
2.487763e+003,-3.023782e-001
2.491620e+003,-5.589546e-001
2.495477e+003,-7.501625e-001
2.499334e+003,-8.471125e-001
2.503191e+003,-8.313009e-001
2.507048e+003,-6.949134e-001
2.510905e+003,-4.483313e-001
2.514762e+003,-1.220974e-001
2.518619e+003,2.328277e-001
2.522476e+003,5.518650e-001
2.526333e+003,7.716551e-001
2.530190e+003,8.496050e-001
2.534047e+003,7.820268e-001
2.537904e+003,6.080804e-001
2.541761e+003,4.068157e-001
2.545618e+003,2.734649e-001
2.549475e+003,2.909279e-001
2.553332e+003,5.048742e-001
2.557189e+003,9.114285e-001
2.561046e+003,1.461174e+000
2.564903e+003,2.082142e+000
2.568760e+003,2.685618e+000
2.572617e+003,3.202748e+000
2.576474e+003,3.590748e+000
2.580331e+003,3.833419e+000
2.584188e+003,3.934631e+000
2.588045e+003,3.910079e+000
2.591902e+003,3.781323e+000
2.595759e+003,3.571985e+000
2.599616e+003,3.308963e+000
2.603473e+003,3.019717e+000
2.607330e+003,2.727782e+000
2.611187e+003,2.448231e+000
2.615044e+003,2.185401e+000
2.618901e+003,1.935068e+000
2.622758e+003,1.690756e+000
2.626615e+003,1.448910e+000
2.630472e+003,1.219851e+000
2.634329e+003,1.019486e+000
2.638186e+003,8.642447e-001
2.642043e+003,7.623565e-001
2.645900e+003,7.089115e-001
2.649757e+003,6.880616e-001
2.653614e+003,6.815397e-001
2.657471e+003,6.770306e-001
2.661328e+003,6.775978e-001
2.665185e+003,6.932294e-001
2.669042e+003,7.300921e-001
2.672899e+003,7.768344e-001
2.676756e+003,7.980505e-001
2.680613e+003,7.410639e-001
2.684470e+003,5.558308e-001
2.688327e+003,2.188545e-001
2.692184e+003,-2.415628e-001
2.696041e+003,-7.461112e-001
2.699898e+003,-1.179562e+000
2.703755e+003,-1.422960e+000
2.707612e+003,-1.390002e+000
2.711469e+003,-1.054203e+000
2.715326e+003,-4.573099e-001
2.719183e+003,3.032222e-001
2.723040e+003,1.100487e+000
2.726897e+003,1.810408e+000
2.730754e+003,2.337527e+000
2.734611e+003,2.629292e+000
2.738468e+003,2.678118e+000
2.742325e+003,2.514635e+000
2.746182e+003,2.196761e+000
2.750039e+003,1.798676e+000
2.753896e+003,1.396547e+000
2.757753e+003,1.059226e+000
2.761610e+003,8.365965e-001
2.765467e+003,7.504960e-001
2.769324e+003,7.906628e-001
2.773181e+003,9.181342e-001
2.777038e+003,1.076280e+000
2.780895e+003,1.205630e+000
2.784752e+003,1.262421e+000
2.788609e+003,1.225873e+000
2.792466e+003,1.101079e+000
2.796323e+003,9.138291e-001
2.800180e+003,7.012326e-001
2.804037e+003,5.021502e-001
2.807894e+003,3.501974e-001
2.811751e+003,2.679327e-001
2.815608e+003,2.698201e-001
2.819465e+003,3.569223e-001
2.823322e+003,5.169949e-001
2.827179e+003,7.250928e-001
2.831036e+003,9.477756e-001
2.834893e+003,1.151631e+000
2.838750e+003,1.314322e+000
2.842607e+003,1.431142e+000
2.846464e+003,1.526441e+000
2.850321e+003,1.637421e+000
2.854178e+003,1.802053e+000
2.858035e+003,2.040375e+000
2.861892e+003,2.339929e+000
2.865749e+003,2.652061e+000
2.869606e+003,2.901961e+000
2.873463e+003,3.010299e+000
2.877320e+003,2.919081e+000
2.881177e+003,2.610178e+000
2.885034e+003,2.114874e+000
2.888891e+003,1.507687e+000
2.892748e+003,8.875049e-001
2.896605e+003,3.521233e-001
2.900462e+003,-2.607410e-002
2.904319e+003,-2.168445e-001
2.908176e+003,-2.353930e-001
2.912033e+003,-1.367469e-001
2.915890e+003,2.055284e-003
2.919747e+003,1.033909e-001
2.923604e+003,1.090658e-001
2.927461e+003,-6.277580e-003
2.931318e+003,-2.316069e-001
2.935175e+003,-5.306750e-001
2.939032e+003,-8.439259e-001
2.942889e+003,-1.115522e+000
2.946746e+003,-1.305751e+000
2.950603e+003,-1.397813e+000
2.954460e+003,-1.395763e+000
2.958317e+003,-1.316357e+000
2.962174e+003,-1.180031e+000
2.966031e+003,-1.010820e+000
2.969888e+003,-8.237869e-001
2.973745e+003,-6.460931e-001
2.977602e+003,-5.141836e-001
2.981459e+003,-4.696754e-001
2.985316e+003,-5.458350e-001
2.989173e+003,-7.491219e-001
2.993030e+003,-1.045128e+000
2.996887e+003,-1.369271e+000
3.000744e+003,-1.600693e+000
3.004601e+003,-1.646342e+000
3.008458e+003,-1.463667e+000
3.012315e+003,-1.081896e+000
3.016172e+003,-5.955085e-001
3.020029e+003,-1.306611e-001
3.023886e+003,2.018650e-001
3.027743e+003,3.421679e-001
3.031600e+003,3.143715e-001
3.035457e+003,1.891652e-001
3.039314e+003,5.629657e-002
3.043171e+003,-1.520598e-002
3.047028e+003,-3.096312e-003
3.050885e+003,6.607173e-002
3.054742e+003,1.373120e-001
3.058599e+003,1.619723e-001
3.062456e+003,1.176582e-001
3.066313e+003,1.527449e-002
3.070170e+003,-1.070774e-001
3.074027e+003,-2.018427e-001
3.077884e+003,-2.307563e-001
3.081741e+003,-1.767000e-001
3.085598e+003,-4.572574e-002
3.089455e+003,1.382903e-001
3.093312e+003,3.416214e-001
3.097169e+003,5.305041e-001
3.101026e+003,6.725881e-001
3.104883e+003,7.398224e-001
3.108740e+003,7.128651e-001
3.112597e+003,5.875102e-001
3.116454e+003,3.808485e-001
3.120311e+003,1.349081e-001
3.124168e+003,-9.538493e-002
3.128025e+003,-2.491001e-001
3.131882e+003,-2.771986e-001
3.135739e+003,-1.562062e-001
3.139596e+003,1.061812e-001
3.143453e+003,4.755865e-001
3.147310e+003,9.030662e-001
3.151167e+003,1.338213e+000
3.155024e+003,1.742647e+000
3.158881e+003,2.089785e+000
3.162738e+003,2.363059e+000
3.166594e+003,2.551179e+000
3.170452e+003,2.645766e+000
3.174309e+003,2.643252e+000
3.178166e+003,2.549367e+000
3.182023e+003,2.382156e+000
3.185880e+003,2.169556e+000
3.189737e+003,1.941038e+000
3.193594e+003,1.716229e+000
3.197451e+003,1.496392e+000
3.201308e+003,1.263884e+000
3.205165e+003,9.910976e-001
3.209021e+003,6.555104e-001
3.212879e+003,2.534380e-001
3.216736e+003,-1.911728e-001
3.220593e+003,-6.323433e-001
3.224449e+003,-1.013809e+000
3.228307e+003,-1.283763e+000
3.232164e+003,-1.405183e+000
3.236021e+003,-1.358131e+000
3.239877e+003,-1.135540e+000
3.243735e+003,-7.363490e-001
3.247592e+003,-1.701609e-001
3.251448e+003,5.387987e-001
3.255305e+003,1.338988e+000
3.259163e+003,2.143785e+000
3.263020e+003,2.836350e+000
3.266876e+003,3.291084e+000
3.270734e+003,3.407648e+000
3.274591e+003,3.145045e+000
3.278448e+003,2.544919e+000
3.282304e+003,1.730155e+000
3.286162e+003,8.747745e-001
3.290019e+003,1.566674e-001
3.293875e+003,-2.918220e-001
3.297732e+003,-4.183795e-001
3.301590e+003,-2.589297e-001
3.305447e+003,8.178224e-002
3.309303e+003,4.691939e-001
3.313160e+003,7.805468e-001
3.317018e+003,9.399486e-001
3.320875e+003,9.332634e-001
3.324731e+003,8.024232e-001
3.328588e+003,6.242948e-001
3.332446e+003,4.828178e-001
3.336302e+003,4.440699e-001
3.340159e+003,5.365527e-001
3.344016e+003,7.459868e-001
3.347874e+003,1.020678e+000
3.351730e+003,1.287106e+000
3.355587e+003,1.471781e+000
3.359444e+003,1.523947e+000
3.363302e+003,1.432606e+000
3.367158e+003,1.230509e+000
3.371015e+003,9.876648e-001
3.374873e+003,7.864365e-001
3.378729e+003,6.920784e-001
3.382586e+003,7.283902e-001
3.386443e+003,8.688868e-001
3.390301e+003,1.048326e+000
3.394157e+003,1.190906e+000
3.398014e+003,1.243122e+000
3.401871e+003,1.199213e+000
3.405729e+003,1.102820e+000
3.409585e+003,1.026749e+000
3.413442e+003,1.037074e+000
3.417299e+003,1.158165e+000
3.421156e+003,1.354926e+000
3.425013e+003,1.541193e+000
3.428870e+003,1.611884e+000
3.432727e+003,1.480442e+000
3.436584e+003,1.120744e+000
3.440441e+003,5.771911e-001
3.444298e+003,-4.992765e-002
3.448155e+003,-6.384388e-001
3.452012e+003,-1.082376e+000
3.455869e+003,-1.318787e+000
3.459726e+003,-1.333971e+000
3.463583e+003,-1.150099e+000
3.467440e+003,-8.154817e-001
3.471297e+003,-3.831515e-001
3.475154e+003,9.514493e-002
3.479011e+003,5.651520e-001
3.482868e+003,9.644114e-001
3.486725e+003,1.224143e+000
3.490582e+003,1.280943e+000
3.494439e+003,1.095918e+000
3.498296e+003,6.965628e-001
3.502153e+003,1.748658e-001
3.506010e+003,-3.297487e-001
3.509867e+003,-6.684213e-001
3.513724e+003,-7.288188e-001
3.517581e+003,-4.716633e-001
3.521438e+003,7.857303e-002
3.525295e+003,7.826235e-001
3.529152e+003,1.459594e+000
3.533009e+003,1.940828e+000
3.536866e+003,2.114160e+000
3.540723e+003,1.946403e+000
3.544580e+003,1.482256e+000
3.548437e+003,8.259124e-001
3.552294e+003,3.554714e-002
3.556151e+003,-6.462945e-001
3.560008e+003,-1.072378e+000
3.563865e+003,-1.152642e+000
3.567722e+003,-8.740893e-001
3.571579e+003,-3.054639e-001
3.575436e+003,4.176438e-001
3.579293e+003,1.126607e+000
3.583150e+003,1.662524e+000
3.587007e+003,1.938842e+000
3.590864e+003,1.927359e+000
3.594721e+003,1.667461e+000
3.598578e+003,1.247271e+000
3.602435e+003,7.755198e-001
3.606292e+003,3.549564e-001
3.610149e+003,6.433895e-002
3.614006e+003,-3.480798e-002
3.617863e+003,2.473309e-002
3.621720e+003,2.268171e-001
3.625577e+003,5.311061e-001
3.629434e+003,8.778102e-001
3.633291e+003,1.198999e+000
3.637148e+003,1.436047e+000
3.641005e+003,1.557802e+000
3.644862e+003,1.569829e+000
3.648719e+003,1.519074e+000
3.652576e+003,1.456785e+000
3.656433e+003,1.421956e+000
3.660290e+003,1.420866e+000
3.664147e+003,1.421805e+000
3.668004e+003,1.369456e+000
3.671861e+003,1.213869e+000
3.675718e+003,9.488006e-001
3.679575e+003,6.051815e-001
3.683432e+003,2.642898e-001
3.687289e+003,2.530858e-002
3.691146e+003,-3.224478e-002
3.695003e+003,1.194416e-001
3.698860e+003,4.438629e-001
3.702717e+003,8.523453e-001
3.706574e+003,1.233627e+000
3.710431e+003,1.497251e+000
3.714288e+003,1.594608e+000
3.718145e+003,1.529257e+000
3.722002e+003,1.346825e+000
3.725859e+003,1.113555e+000
3.729716e+003,8.944015e-001
3.733573e+003,7.392604e-001
3.737430e+003,6.797875e-001
3.741287e+003,7.331281e-001
3.745144e+003,9.058795e-001
3.749001e+003,1.193226e+000
3.752858e+003,1.573080e+000
3.756715e+003,1.999860e+000
3.760572e+003,2.404432e+000
3.764429e+003,2.704530e+000
3.768286e+003,2.823953e+000
3.772143e+003,2.716383e+000
3.776000e+003,2.385217e+000
3.779857e+003,1.887185e+000
3.783714e+003,1.320890e+000
3.787571e+003,8.026236e-001
3.791428e+003,4.371610e-001
3.795285e+003,2.923482e-001
3.799142e+003,3.878772e-001
3.802999e+003,6.879236e-001
3.806856e+003,1.110933e+000
3.810713e+003,1.553099e+000
3.814570e+003,1.913675e+000
3.818427e+003,2.118638e+000
3.822284e+003,2.137172e+000
3.826141e+003,1.986479e+000
3.829998e+003,1.726358e+000
3.833855e+003,1.425445e+000
3.837712e+003,1.151552e+000
3.841569e+003,9.395559e-001
3.845426e+003,7.812932e-001
3.849283e+003,6.346356e-001
3.853140e+003,4.487864e-001
3.856997e+003,1.949881e-001
3.860854e+003,-1.158343e-001
3.864711e+003,-4.179131e-001
3.868568e+003,-6.228001e-001
3.872425e+003,-6.550017e-001
3.876282e+003,-4.875584e-001
3.880139e+003,-1.587299e-001
3.883996e+003,2.381921e-001
3.887853e+003,5.871497e-001
3.891710e+003,7.882864e-001
3.895567e+003,7.853116e-001
3.899424e+003,5.792754e-001
3.903281e+003,2.144260e-001
3.907138e+003,-2.440302e-001
3.910995e+003,-7.281339e-001
3.914852e+003,-1.172971e+000
3.918709e+003,-1.512084e+000
3.922566e+003,-1.676725e+000
3.926423e+003,-1.603899e+000
3.930280e+003,-1.244718e+000
3.934137e+003,-5.993302e-001
3.937994e+003,2.612064e-001
3.941851e+003,1.195367e+000
3.945708e+003,2.020454e+000
3.949565e+003,2.563639e+000
3.953422e+003,2.709607e+000
3.957279e+003,2.481733e+000
3.961136e+003,1.960304e+000
3.964993e+003,1.286975e+000
3.968850e+003,6.181853e-001
3.972707e+003,7.877007e-002
3.976564e+003,-2.671748e-001
3.980421e+003,-4.197121e-001
3.984278e+003,-4.241553e-001
3.988135e+003,-3.506854e-001
3.991992e+003,-2.426672e-001
3.995849e+003,-1.174206e-001
3.999706e+003,3.158519e-002
4.003563e+003,2.216377e-001
4.007420e+003,4.641771e-001
4.011277e+003,7.520576e-001
4.015134e+003,1.015171e+000
4.018991e+003,1.247449e+000
4.022848e+003,1.401677e+000
4.026705e+003,1.436823e+000
4.030562e+003,1.329631e+000
4.034419e+003,1.082966e+000
4.038276e+003,7.289758e-001
4.042133e+003,3.258710e-001
4.045990e+003,-7.230483e-002
4.049847e+003,-3.770868e-001
4.053704e+003,-5.339502e-001
4.057561e+003,-5.126151e-001
4.061418e+003,-3.138877e-001
4.065275e+003,3.072414e-002
4.069132e+003,4.667556e-001
4.072989e+003,9.296313e-001
4.076846e+003,1.324467e+000
4.080703e+003,1.655125e+000
4.084560e+003,1.900492e+000
4.088417e+003,2.055821e+000
4.092274e+003,2.128100e+000
4.096131e+003,2.130345e+000
4.099988e+003,2.077130e+000
4.103845e+003,1.982467e+000
4.107702e+003,1.855306e+000
4.111559e+003,1.711769e+000
4.115416e+003,1.565049e+000
4.119273e+003,1.426053e+000
4.123130e+003,1.301007e+000
4.126987e+003,1.190162e+000
4.130844e+003,1.089105e+000
4.134701e+003,9.929845e-001
4.138558e+003,8.862636e-001
4.142415e+003,8.072988e-001
4.146271e+003,7.765964e-001
4.150129e+003,8.160869e-001
4.153986e+003,9.379876e-001
4.157843e+003,1.133594e+000
4.161700e+003,1.367417e+000
4.165557e+003,1.580676e+000
4.169414e+003,1.705030e+000
4.173271e+003,1.668771e+000
4.177128e+003,1.439988e+000
4.180985e+003,1.031749e+000
4.184842e+003,5.013026e-001
4.188699e+003,-6.392016e-002
4.192556e+003,-5.684024e-001
4.196413e+003,-9.309807e-001
4.200270e+003,-1.104379e+000
4.204126e+003,-1.065273e+000
4.207984e+003,-8.297194e-001
4.211841e+003,-4.369209e-001
4.215698e+003,6.066713e-002
4.219555e+003,6.043671e-001
4.223412e+003,1.133226e+000
4.227269e+003,1.587146e+000
4.231125e+003,1.909238e+000
4.234982e+003,2.063561e+000
4.238840e+003,2.032939e+000
4.242697e+003,1.828780e+000
4.246554e+003,1.491069e+000
4.250411e+003,1.080599e+000
4.254268e+003,6.652855e-001
4.258125e+003,3.051964e-001
4.261981e+003,3.772686e-002
4.265839e+003,-1.217991e-001
4.269696e+003,-1.740161e-001
4.273553e+003,-1.303446e-001
4.277410e+003,-7.093191e-003
4.281267e+003,1.766356e-001
4.285124e+003,3.970845e-001
4.288980e+003,6.228211e-001
4.292837e+003,7.862204e-001
4.296695e+003,8.882540e-001
4.300552e+003,9.008045e-001
4.304409e+003,8.129252e-001
4.308266e+003,6.388785e-001
4.312123e+003,4.188377e-001
4.315979e+003,2.103617e-001
4.319836e+003,7.249980e-002
4.323693e+003,4.993330e-002
4.327551e+003,1.474732e-001
4.331408e+003,3.442781e-001
4.335265e+003,5.954065e-001
4.339122e+003,8.462366e-001
4.342979e+003,1.049596e+000
4.346835e+003,1.179553e+000
4.350692e+003,1.237157e+000
4.354550e+003,1.256342e+000
4.358407e+003,1.266527e+000
4.362264e+003,1.300486e+000
4.366121e+003,1.372049e+000
4.369978e+003,1.470266e+000
4.373834e+003,1.563312e+000
4.377691e+003,1.609939e+000
4.381548e+003,1.573801e+000
4.385406e+003,1.432460e+000
4.389263e+003,1.181297e+000
4.393120e+003,8.556623e-001
4.396977e+003,5.117222e-001
4.400833e+003,2.143371e-001
4.404690e+003,2.410663e-002
4.408547e+003,-1.421471e-002
4.412404e+003,1.191835e-001
4.416262e+003,4.315242e-001
4.420119e+003,8.672854e-001
4.423976e+003,1.346511e+000
4.427833e+003,1.772771e+000
4.431689e+003,2.054957e+000
4.435546e+003,2.131610e+000
4.439403e+003,1.990411e+000
4.443260e+003,1.675267e+000
4.447118e+003,1.268284e+000
4.450975e+003,8.892148e-001
4.454832e+003,6.401638e-001
4.458688e+003,5.747875e-001
4.462545e+003,6.805316e-001
4.466402e+003,8.838935e-001
4.470259e+003,1.077467e+000
4.474117e+003,1.159415e+000
4.477974e+003,1.065439e+000
4.481831e+003,8.073403e-001
4.485688e+003,4.643751e-001
4.489544e+003,1.607795e-001
4.493401e+003,2.491385e-002
4.497258e+003,1.456463e-001
4.501115e+003,5.397968e-001
4.504973e+003,1.140679e+000
4.508830e+003,1.816327e+000
4.512687e+003,2.382437e+000
4.516543e+003,2.673439e+000
4.520400e+003,2.587218e+000
4.524257e+003,2.119559e+000
4.528114e+003,1.372036e+000
4.531971e+003,5.288987e-001
4.535829e+003,-1.924732e-001
4.539686e+003,-6.168426e-001
4.543542e+003,-6.218500e-001
4.547399e+003,-2.267311e-001
4.551256e+003,4.299321e-001
4.555113e+003,1.132689e+000
4.558970e+003,1.655969e+000
4.562828e+003,1.832553e+000
4.566685e+003,1.600737e+000
4.570542e+003,1.003925e+000
4.574398e+003,1.982844e-001
4.578255e+003,-6.263685e-001
4.582112e+003,-1.296696e+000
4.585969e+003,-1.698387e+000
4.589826e+003,-1.792625e+000
4.593684e+003,-1.606828e+000
4.597541e+003,-1.209414e+000
4.601397e+003,-6.813972e-001
4.605254e+003,-9.634042e-002
4.609111e+003,4.896879e-001
4.612968e+003,1.038628e+000
4.616826e+003,1.526666e+000
4.620683e+003,1.939988e+000
4.624540e+003,2.271111e+000
4.628396e+003,2.514943e+000
4.632253e+003,2.663684e+000
4.636110e+003,2.706848e+000
4.639967e+003,2.626144e+000
4.643824e+003,2.405625e+000
4.647682e+003,2.045191e+000
4.651539e+003,1.574404e+000
4.655396e+003,1.058428e+000
4.659252e+003,5.896199e-001
4.663109e+003,2.649589e-001
4.666966e+003,1.474875e-001
4.670823e+003,2.544892e-001
4.674681e+003,5.436117e-001
4.678538e+003,9.252062e-001
4.682395e+003,1.292063e+000
4.686251e+003,1.554784e+000
4.690108e+003,1.668555e+000
4.693965e+003,1.633536e+000
4.697822e+003,1.507249e+000
4.701679e+003,1.354484e+000
4.705537e+003,1.233342e+000
4.709394e+003,1.181251e+000
4.713250e+003,1.213595e+000
4.717107e+003,1.331136e+000
4.720964e+003,1.528441e+000
4.724821e+003,1.782603e+000
4.728678e+003,2.090877e+000
4.732535e+003,2.423290e+000
4.736393e+003,2.732141e+000
4.740250e+003,2.958439e+000
4.744106e+003,3.047705e+000
4.747963e+003,2.969009e+000
4.751820e+003,2.728168e+000
4.755677e+003,2.370394e+000
4.759534e+003,1.962627e+000
4.763392e+003,1.570075e+000
4.767249e+003,1.240179e+000
4.771105e+003,9.933904e-001
4.774962e+003,8.268715e-001
4.778819e+003,7.273381e-001
4.782676e+003,6.847512e-001
4.786533e+003,6.990355e-001
4.790390e+003,7.725371e-001
4.794248e+003,9.043880e-001
4.798104e+003,1.076661e+000
4.801961e+003,1.251351e+000
4.805818e+003,1.379152e+000
4.809675e+003,1.417110e+000
4.813532e+003,1.346860e+000
4.817389e+003,1.187861e+000
4.821246e+003,9.826695e-001
4.825104e+003,7.848475e-001
4.828960e+003,6.364555e-001
4.832817e+003,5.514861e-001
4.836674e+003,5.123645e-001
4.840531e+003,4.809951e-001
4.844388e+003,4.187694e-001
4.848245e+003,3.143961e-001
4.852103e+003,1.678859e-001
4.855959e+003,5.953491e-003
4.859816e+003,-1.409580e-001
4.863673e+003,-2.573453e-001
4.867530e+003,-3.535465e-001
4.871387e+003,-4.624562e-001
4.875244e+003,-6.224794e-001
4.879101e+003,-8.492500e-001
4.882958e+003,-1.131929e+000
4.886815e+003,-1.414733e+000
4.890672e+003,-1.615092e+000
4.894529e+003,-1.651030e+000
4.898386e+003,-1.472107e+000
4.902243e+003,-1.081594e+000
4.906100e+003,-5.406909e-001
4.909957e+003,5.125681e-002
4.913814e+003,5.746805e-001
4.917671e+003,9.354024e-001
4.921528e+003,1.088226e+000
4.925385e+003,1.044885e+000
4.929242e+003,8.627038e-001
4.933099e+003,6.198816e-001
4.936956e+003,3.878348e-001
4.940813e+003,2.087962e-001
4.944670e+003,9.917857e-002
4.948527e+003,4.513208e-002
4.952384e+003,2.385243e-002
4.956241e+003,2.120080e-002
4.960098e+003,4.130797e-002
4.963955e+003,1.044347e-001
4.967812e+003,2.350036e-001
4.971669e+003,4.548093e-001
4.975526e+003,7.467343e-001
4.979383e+003,1.073187e+000
4.983240e+003,1.379855e+000
4.987097e+003,1.612851e+000
4.990954e+003,1.736385e+000
4.994811e+003,1.743912e+000
4.998668e+003,1.658665e+000
5.002525e+003,1.521847e+000
5.006382e+003,1.382824e+000
5.010239e+003,1.280064e+000
5.014096e+003,1.229758e+000
5.017953e+003,1.223845e+000
5.021810e+003,1.235816e+000
5.025667e+003,1.230926e+000
5.029524e+003,1.176948e+000
5.033381e+003,1.047522e+000
5.037238e+003,8.414468e-001
5.041095e+003,5.752972e-001
5.044952e+003,2.859776e-001
5.048809e+003,2.646463e-002
5.052666e+003,-1.436318e-001
5.056523e+003,-1.729216e-001
5.060380e+003,-3.608231e-002
5.064237e+003,2.540858e-001
5.068094e+003,6.316217e-001
5.071951e+003,9.918829e-001
5.075808e+003,1.218478e+000
5.079665e+003,1.219658e+000
5.083522e+003,9.615356e-001
5.087379e+003,4.845966e-001
5.091236e+003,-1.047761e-001
5.095093e+003,-6.699063e-001
5.098950e+003,-1.074734e+000
5.102807e+003,-1.237443e+000
5.106664e+003,-1.145683e+000
5.110521e+003,-8.482280e-001
5.114378e+003,-4.248309e-001
5.118235e+003,5.049497e-002
5.122092e+003,5.352323e-001
5.125949e+003,1.020852e+000
5.129806e+003,1.517519e+000
5.133663e+003,2.021816e+000
5.137520e+003,2.494720e+000
5.141377e+003,2.857841e+000
5.145234e+003,3.012452e+000
5.149091e+003,2.873541e+000
5.152948e+003,2.403882e+000
5.156805e+003,1.642964e+000
5.160662e+003,6.773038e-001
5.164519e+003,-3.601044e-001
5.168376e+003,-1.326337e+000
5.172233e+003,-2.097328e+000
5.176090e+003,-2.586520e+000
5.179947e+003,-2.752128e+000
5.183804e+003,-2.596914e+000
5.187661e+003,-2.170990e+000
5.191518e+003,-1.554466e+000
5.195375e+003,-8.573259e-001
5.199232e+003,-2.047299e-001
5.203089e+003,2.875560e-001
5.206946e+003,5.436893e-001
5.210803e+003,5.540876e-001
5.214660e+003,3.851363e-001
5.218517e+003,1.618325e-001
5.222374e+003,3.455761e-002
5.226231e+003,1.230593e-001
5.230088e+003,4.759710e-001
5.233945e+003,1.052072e+000
5.237802e+003,1.734110e+000
5.241659e+003,2.370456e+000
5.245516e+003,2.828375e+000
5.249373e+003,3.038681e+000
5.253230e+003,3.010214e+000
5.257087e+003,2.821921e+000
5.260944e+003,2.582407e+000
5.264801e+003,2.383924e+000
5.268658e+003,2.267188e+000
5.272515e+003,2.209947e+000
5.276372e+003,2.141896e+000
5.280229e+003,1.965137e+000
5.284086e+003,1.628365e+000
5.287943e+003,1.125537e+000
5.291800e+003,5.149260e-001
5.295657e+003,-9.454092e-002
5.299514e+003,-5.747337e-001
5.303371e+003,-8.170787e-001
5.307228e+003,-7.664226e-001
5.311085e+003,-4.252901e-001
5.314942e+003,1.230274e-001
5.318799e+003,7.319126e-001
5.322656e+003,1.249191e+000
5.326513e+003,1.564417e+000
5.330370e+003,1.641953e+000
5.334227e+003,1.527501e+000
5.338084e+003,1.325034e+000
5.341941e+003,1.165040e+000
5.345798e+003,1.123565e+000
5.349655e+003,1.213108e+000
5.353512e+003,1.363742e+000
5.357369e+003,1.460745e+000
5.361226e+003,1.402376e+000
5.365083e+003,1.149127e+000
5.368940e+003,7.407451e-001
5.372797e+003,2.633712e-001
5.376654e+003,-1.663227e-001
5.380511e+003,-4.803838e-001
5.384368e+003,-6.784118e-001
5.388225e+003,-8.173788e-001
5.392082e+003,-9.739295e-001
5.395939e+003,-1.201126e+000
5.399796e+003,-1.501819e+000
5.403653e+003,-1.794035e+000
5.407510e+003,-2.060213e+000
5.411367e+003,-2.242491e+000
5.415224e+003,-2.300009e+000
5.419081e+003,-2.212810e+000
5.422938e+003,-1.977303e+000
5.426795e+003,-1.600696e+000
5.430652e+003,-1.100295e+000
5.434509e+003,-5.582904e-001
5.438366e+003,2.057630e-002
5.442223e+003,5.820470e-001
5.446080e+003,1.069399e+000
5.449937e+003,1.440536e+000
5.453794e+003,1.683874e+000
5.457651e+003,1.824735e+000
5.461508e+003,1.917793e+000
5.465365e+003,2.013318e+000
5.469222e+003,2.176033e+000
5.473079e+003,2.426563e+000
5.476936e+003,2.752075e+000
5.480793e+003,3.114143e+000
5.484650e+003,3.464001e+000
5.488507e+003,3.757522e+000
5.492364e+003,3.963625e+000
5.496221e+003,4.064261e+000
5.500078e+003,4.052892e+000
5.503935e+003,3.922114e+000
5.507792e+003,3.667138e+000
5.511649e+003,3.291737e+000
5.515506e+003,2.816462e+000
5.519363e+003,2.283207e+000
5.523220e+003,1.751244e+000
5.527077e+003,1.286090e+000
5.530934e+003,9.342554e-001
5.534791e+003,7.150907e-001
5.538648e+003,6.130277e-001
5.542505e+003,5.857929e-001
5.546362e+003,5.837921e-001
5.550219e+003,5.728194e-001
5.554076e+003,5.499898e-001
5.557933e+003,5.446999e-001
5.561790e+003,6.039540e-001
5.565647e+003,7.641377e-001
5.569504e+003,1.023780e+000
5.573361e+003,1.328263e+000
5.577218e+003,1.575974e+000
5.581075e+003,1.647146e+000
5.584932e+003,1.447241e+000
5.588789e+003,9.461016e-001
5.592646e+003,2.128606e-001
5.596503e+003,-5.966024e-001
5.600360e+003,-1.276081e+000
5.604217e+003,-1.629486e+000
5.608074e+003,-1.533592e+000
5.611931e+003,-9.806740e-001
5.615788e+003,-8.473825e-002
5.619645e+003,9.607689e-001
5.623501e+003,1.916811e+000
5.627359e+003,2.593565e+000
5.631216e+003,2.895541e+000
5.635073e+003,2.836968e+000
5.638930e+003,2.518793e+000
5.642787e+003,2.080061e+000
5.646644e+003,1.645569e+000
5.650500e+003,1.287640e+000
5.654358e+003,1.029842e+000
5.658215e+003,8.542536e-001
5.662072e+003,7.343612e-001
5.665929e+003,6.580715e-001
5.669786e+003,6.317504e-001
5.673643e+003,6.655769e-001
5.677500e+003,7.518814e-001
5.681356e+003,8.517691e-001
5.685214e+003,9.021002e-001
5.689071e+003,8.423630e-001
5.692928e+003,6.480551e-001
5.696785e+003,3.513562e-001
5.700642e+003,3.562215e-002
5.704499e+003,-1.970149e-001
5.708355e+003,-2.712344e-001
5.712212e+003,-1.760736e-001
5.716070e+003,2.767048e-002
5.719927e+003,2.259800e-001
5.723784e+003,3.031913e-001
5.727641e+003,1.927679e-001
5.731498e+003,-9.352411e-002
5.735354e+003,-4.709963e-001
5.739211e+003,-8.183656e-001
5.743069e+003,-1.026981e+000
5.746926e+003,-1.039925e+000
5.750783e+003,-8.672010e-001
5.754640e+003,-5.687163e-001
5.758497e+003,-2.193524e-001
5.762354e+003,1.258894e-001
5.766210e+003,4.503030e-001
5.770067e+003,7.710910e-001
5.773925e+003,1.114130e+000
5.777782e+003,1.499511e+000
5.781639e+003,1.914705e+000
5.785496e+003,2.318586e+000
5.789353e+003,2.656003e+000
5.793209e+003,2.877836e+000
5.797066e+003,2.956578e+000
5.800923e+003,2.891365e+000
5.804781e+003,2.705611e+000
5.808638e+003,2.428853e+000
5.812495e+003,2.091043e+000
5.816352e+003,1.717833e+000
5.820208e+003,1.331318e+000
5.824065e+003,9.532498e-001
5.827922e+003,6.070764e-001
5.831779e+003,3.166811e-001
5.835637e+003,1.031920e-001
5.839494e+003,-2.532653e-002
5.843351e+003,-6.968215e-002
5.847208e+003,-4.298265e-002
5.851064e+003,3.175798e-002
5.854921e+003,1.257445e-001
5.858778e+003,2.090653e-001
5.862636e+003,2.552066e-001
5.866493e+003,2.448336e-001
5.870350e+003,1.714553e-001
5.874207e+003,4.066817e-002
5.878063e+003,-1.283990e-001
5.881920e+003,-3.056112e-001
5.885777e+003,-4.551499e-001
5.889634e+003,-5.425814e-001
5.893492e+003,-5.418947e-001
5.897349e+003,-4.405312e-001
5.901206e+003,-2.429876e-001
5.905063e+003,3.098025e-002
5.908919e+003,3.484897e-001
5.912776e+003,6.679408e-001
5.916633e+003,9.448547e-001
5.920490e+003,1.138830e+000
5.924348e+003,1.220868e+000
5.928205e+003,1.179671e+000
5.932062e+003,1.024363e+000
5.935918e+003,7.832455e-001
5.939775e+003,4.978389e-001
5.943632e+003,2.144754e-001
5.947489e+003,-2.350471e-002
5.951347e+003,-1.803720e-001
5.955204e+003,-2.289415e-001
5.959061e+003,-1.497670e-001
5.962917e+003,6.750852e-002
5.966774e+003,4.190899e-001
5.970631e+003,8.784935e-001
5.974488e+003,1.389431e+000
5.978345e+003,1.866596e+000
5.982203e+003,2.209038e+000
5.986060e+003,2.325453e+000
5.989917e+003,2.163896e+000
5.993773e+003,1.735063e+000
5.997630e+003,1.117750e+000
6.001487e+003,4.410112e-001
6.005344e+003,-1.515806e-001
6.009201e+003,-5.431473e-001
6.013059e+003,-6.747712e-001
6.016916e+003,-5.554109e-001
6.020772e+003,-2.480073e-001
6.024629e+003,1.593940e-001
6.028486e+003,5.852439e-001
6.032343e+003,9.758278e-001
6.036200e+003,1.309442e+000
6.040058e+003,1.586322e+000
6.043915e+003,1.813223e+000
6.047771e+003,1.992340e+000
6.051628e+003,2.119694e+000
6.055485e+003,2.190373e+000
6.059342e+003,2.206490e+000
6.063199e+003,2.178097e+000
6.067056e+003,2.116751e+000
6.070914e+003,2.025221e+000
6.074771e+003,1.890875e+000
6.078627e+003,1.689019e+000
6.082484e+003,1.395593e+000
6.086341e+003,1.009139e+000
6.090198e+003,5.607578e-001
6.094055e+003,1.144614e-001
6.097912e+003,-2.487769e-001
6.101770e+003,-4.562120e-001
6.105626e+003,-4.668493e-001
6.109483e+003,-2.833115e-001
6.113340e+003,5.226761e-002
6.117197e+003,4.726432e-001
6.121054e+003,9.045825e-001
6.124911e+003,1.281711e+000
6.128768e+003,1.548440e+000
6.132625e+003,1.658199e+000
6.136482e+003,1.573093e+000
6.140339e+003,1.270784e+000
6.144196e+003,7.602972e-001
6.148053e+003,9.145653e-002
6.151910e+003,-6.366224e-001
6.155767e+003,-1.288673e+000
6.159625e+003,-1.722644e+000
6.163481e+003,-1.827718e+000
6.167338e+003,-1.557511e+000
6.171195e+003,-9.460912e-001
6.175052e+003,-1.108294e-001
6.178909e+003,8.018062e-001
6.182766e+003,1.630019e+000
6.186623e+003,2.234502e+000
6.190480e+003,2.522667e+000
6.194337e+003,2.461335e+000
6.198194e+003,2.079253e+000
6.202051e+003,1.461574e+000
6.205908e+003,7.402952e-001
6.209765e+003,5.576909e-002
6.213622e+003,-4.576600e-001
6.217479e+003,-7.033310e-001
6.221336e+003,-6.494197e-001
6.225193e+003,-3.414664e-001
6.229050e+003,1.078495e-001
6.232907e+003,5.520865e-001
6.236764e+003,8.085572e-001
6.240621e+003,8.673704e-001
6.244478e+003,7.313138e-001
6.248335e+003,4.673696e-001
6.252192e+003,1.786065e-001
6.256049e+003,-3.566396e-002
6.259906e+003,-1.152472e-001
6.263763e+003,-5.587423e-002
6.267620e+003,5.682218e-002
6.271477e+003,2.065403e-001
6.275334e+003,3.440245e-001
6.279191e+003,4.466615e-001
6.283048e+003,5.225380e-001
6.286905e+003,5.993566e-001
6.290762e+003,7.043985e-001
6.294619e+003,8.455324e-001
6.298476e+003,1.003026e+000
6.302333e+003,1.134783e+000
6.306190e+003,1.192958e+000
6.310047e+003,1.144989e+000
6.313904e+003,9.883136e-001
6.317761e+003,7.524173e-001
6.321618e+003,4.873255e-001
6.325475e+003,2.437757e-001
6.329332e+003,2.005881e-002
6.333189e+003,-1.346794e-001
6.337046e+003,-2.422755e-001
6.340903e+003,-3.358096e-001
6.344760e+003,-4.364676e-001
6.348617e+003,-5.372890e-001
6.352474e+003,-6.021071e-001
6.356331e+003,-5.805734e-001
6.360188e+003,-4.242726e-001
6.364045e+003,-1.284845e-001
6.367902e+003,2.642188e-001
6.371759e+003,6.742563e-001
6.375616e+003,1.010765e+000
6.379473e+003,1.202282e+000
6.383330e+003,1.219552e+000
6.387187e+003,1.081795e+000
6.391044e+003,8.312899e-001
6.394901e+003,5.527152e-001
6.398758e+003,3.151612e-001
6.402615e+003,1.655584e-001
6.406472e+003,1.261359e-001
6.410329e+003,2.015198e-001
6.414186e+003,3.881943e-001
6.418043e+003,6.791610e-001
6.421900e+003,1.061619e+000
6.425757e+003,1.507088e+000
6.429614e+003,1.962325e+000
6.433471e+003,2.351853e+000
6.437328e+003,2.591036e+000
6.441185e+003,2.608901e+000
6.445042e+003,2.373228e+000
6.448899e+003,1.908144e+000
6.452756e+003,1.294955e+000
6.456613e+003,6.597282e-001
6.460470e+003,1.387744e-001
6.464327e+003,-1.578531e-001
6.468184e+003,-1.779517e-001
6.472041e+003,5.697109e-002
6.475898e+003,4.568848e-001
6.479755e+003,8.882926e-001
6.483612e+003,1.211769e+000
6.487469e+003,1.321098e+000
6.491326e+003,1.171384e+000
6.495183e+003,7.892408e-001
6.499040e+003,2.621871e-001
6.502897e+003,-2.882369e-001
6.506754e+003,-7.402562e-001
6.510611e+003,-1.001592e+000
6.514468e+003,-1.027413e+000
6.518325e+003,-8.203416e-001
6.522182e+003,-4.180443e-001
6.526039e+003,1.238623e-001
6.529896e+003,7.471344e-001
6.533753e+003,1.398541e+000
6.537610e+003,2.029230e+000
6.541467e+003,2.589781e+000
6.545324e+003,3.023572e+000
6.549181e+003,3.282574e+000
6.553038e+003,3.324231e+000
6.556895e+003,3.130658e+000
6.560752e+003,2.720400e+000
6.564609e+003,2.151194e+000
6.568466e+003,1.510767e+000
6.572323e+003,8.974848e-001
6.576180e+003,3.988850e-001
6.580037e+003,6.464263e-002
6.583894e+003,-9.461537e-002
6.587751e+003,-1.065282e-001
6.591608e+003,-2.285300e-002
6.595465e+003,1.003986e-001
6.599322e+003,2.218545e-001
6.603179e+003,3.267597e-001
6.607036e+003,4.276338e-001
6.610893e+003,5.577500e-001
6.614750e+003,7.526619e-001
6.618607e+003,1.033050e+000
6.622464e+003,1.390913e+000
6.626321e+003,1.785199e+000
6.630178e+003,2.149626e+000
6.634035e+003,2.411474e+000
6.637892e+003,2.516537e+000
6.641749e+003,2.450737e+000
6.645606e+003,2.245484e+000
6.649463e+003,1.972469e+000
6.653320e+003,1.720747e+000
6.657177e+003,1.565096e+000
6.661034e+003,1.537333e+000
6.664891e+003,1.612447e+000
6.668748e+003,1.712533e+000
6.672605e+003,1.747639e+000
6.676462e+003,1.642787e+000
6.680319e+003,1.371640e+000
6.684176e+003,9.709858e-001
6.688033e+003,5.311480e-001
6.691890e+003,1.653693e-001
6.695747e+003,-3.015205e-002
6.699604e+003,-2.529669e-002
6.703461e+003,1.709141e-001
6.707318e+003,4.913048e-001
6.711175e+003,8.435501e-001
6.715032e+003,1.142523e+000
6.718889e+003,1.336379e+000
6.722746e+003,1.417102e+000
6.726603e+003,1.413264e+000
6.730460e+003,1.395852e+000
6.734317e+003,1.390416e+000
6.738174e+003,1.408836e+000
6.742031e+003,1.440811e+000
6.745888e+003,1.461220e+000
6.749745e+003,1.442874e+000
6.753602e+003,1.368668e+000
6.757459e+003,1.238207e+000
6.761316e+003,1.112069e+000
6.765173e+003,9.606612e-001
6.769030e+003,8.060592e-001
6.772887e+003,6.661803e-001
6.776744e+003,5.521688e-001
6.780601e+003,4.692990e-001
6.784458e+003,4.199693e-001
6.788315e+003,4.066079e-001
6.792172e+003,4.246442e-001
6.796029e+003,4.864706e-001
6.799886e+003,5.913683e-001
6.803743e+003,7.318406e-001
6.807600e+003,8.924735e-001
6.811457e+003,1.052225e+000
6.815314e+003,1.189599e+000
6.819171e+003,1.288718e+000
6.823028e+003,1.334836e+000
6.826885e+003,1.344833e+000
6.830742e+003,1.334220e+000
6.834599e+003,1.319232e+000
6.838456e+003,1.309472e+000
6.842313e+003,1.303804e+000
6.846170e+003,1.291055e+000
6.850027e+003,1.254969e+000
6.853884e+003,1.173096e+000
6.857741e+003,1.040068e+000
6.861598e+003,8.594124e-001
6.865455e+003,6.457918e-001
6.869312e+003,4.209695e-001
6.873169e+003,2.087687e-001
6.877026e+003,3.088629e-002
6.880883e+003,-9.558943e-002
6.884740e+003,-1.696637e-001
6.888597e+003,-1.730467e-001
6.892454e+003,-1.060411e-001
6.896311e+003,2.426790e-002
6.900167e+003,2.047653e-001
6.904025e+003,4.181207e-001
6.907882e+003,6.452624e-001
6.911739e+003,8.675049e-001
6.915596e+003,1.063432e+000
6.919453e+003,1.218941e+000
6.923310e+003,1.315463e+000
6.927167e+003,1.334533e+000
6.931024e+003,1.261565e+000
6.934881e+003,1.092524e+000
6.938738e+003,8.408875e-001
6.942595e+003,5.408663e-001
6.946452e+003,2.364926e-001
6.950309e+003,1.502528e-003
6.954166e+003,-1.172821e-001
6.958022e+003,-1.038588e-001
6.961880e+003,2.023015e-002
6.965737e+003,2.029524e-001
6.969594e+003,3.805501e-001
6.973451e+003,5.004510e-001
6.977308e+003,5.588366e-001
6.981165e+003,5.299166e-001
6.985021e+003,4.494072e-001
6.988878e+003,3.596122e-001
6.992736e+003,2.874554e-001
6.996593e+003,2.341533e-001
7.000450e+003,1.803979e-001
7.004307e+003,1.024829e-001
7.008164e+003,-2.679685e-002
7.012021e+003,-1.841117e-001
7.015877e+003,-3.354731e-001
7.019735e+003,-4.416275e-001
7.023592e+003,-4.754081e-001
7.027449e+003,-4.330592e-001
7.031306e+003,-3.356869e-001
7.035163e+003,-2.222527e-001
7.039020e+003,-1.200280e-001
7.042876e+003,-8.343077e-002
7.046733e+003,-1.372655e-001
7.050591e+003,-2.862237e-001
7.054448e+003,-5.081811e-001
7.058305e+003,-7.520328e-001
7.062162e+003,-9.442759e-001
7.066019e+003,-1.006375e+000
7.069875e+003,-9.120733e-001
7.073732e+003,-6.427709e-001
7.077589e+003,-2.296645e-001
7.081447e+003,2.536092e-001
7.085304e+003,7.109916e-001
7.089161e+003,1.053408e+000
7.093018e+003,1.226330e+000
7.096875e+003,1.224413e+000
7.100731e+003,1.073804e+000
7.104588e+003,8.572634e-001
7.108445e+003,6.352428e-001
7.112303e+003,4.457617e-001
7.116160e+003,2.966540e-001
7.120017e+003,1.719314e-001
7.123874e+003,4.733219e-002
7.127730e+003,-9.341337e-002
7.131587e+003,-2.501425e-001
7.135444e+003,-4.033163e-001
7.139302e+003,-5.267350e-001
7.143159e+003,-5.949269e-001
7.147016e+003,-5.890316e-001
7.150873e+003,-4.971570e-001
7.154729e+003,-3.112780e-001
7.158586e+003,-2.499522e-002
7.162443e+003,3.626850e-001
7.166300e+003,8.453019e-001
7.170158e+003,1.397708e+000
7.174015e+003,1.974104e+000
7.177872e+003,2.513072e+000
7.181729e+003,2.950258e+000
7.185585e+003,3.233923e+000
7.189442e+003,3.336595e+000
7.193299e+003,3.257546e+000
7.197156e+003,3.016288e+000
7.201014e+003,2.640824e+000
7.204871e+003,2.158273e+000
7.208728e+003,1.593562e+000
7.212584e+003,9.768349e-001
7.216441e+003,3.544383e-001
7.220298e+003,-2.048888e-001
7.224155e+003,-6.167741e-001
7.228013e+003,-7.951435e-001
7.231870e+003,-6.847750e-001
7.235727e+003,-2.819378e-001
7.239583e+003,3.572263e-001
7.243440e+003,1.128074e+000
7.247297e+003,1.905436e+000
7.251154e+003,2.577730e+000
7.255011e+003,3.077313e+000
7.258869e+003,3.380386e+000
7.262726e+003,3.511138e+000
7.266583e+003,3.517128e+000
7.270439e+003,3.446521e+000
7.274296e+003,3.333080e+000
7.278153e+003,3.193212e+000
7.282010e+003,3.032545e+000
7.285867e+003,2.852654e+000
7.289725e+003,2.661243e+000
7.293582e+003,2.464960e+000
7.297438e+003,2.262799e+000
7.301295e+003,2.040446e+000
7.305152e+003,1.772416e+000
7.309009e+003,1.433409e+000
7.312866e+003,1.014378e+000
7.316724e+003,5.278262e-001
7.320581e+003,3.223431e-002
7.324438e+003,-4.025400e-001
7.328294e+003,-7.102331e-001
7.332151e+003,-8.504543e-001
7.336008e+003,-8.214133e-001
7.339865e+003,-6.577207e-001
7.343722e+003,-4.149204e-001
7.347580e+003,-1.464713e-001
7.351437e+003,1.087687e-001
7.355293e+003,3.354556e-001
7.359150e+003,5.367350e-001
7.363007e+003,7.220663e-001
7.366864e+003,8.959935e-001
7.370721e+003,1.053811e+000
7.374578e+003,1.185220e+000
7.378436e+003,1.285220e+000
7.382292e+003,1.348571e+000
7.386149e+003,1.381694e+000
7.390006e+003,1.390547e+000
7.393863e+003,1.370716e+000
7.397720e+003,1.301837e+000
7.401577e+003,1.150940e+000
7.405434e+003,8.846718e-001
7.409292e+003,4.720637e-001
7.413148e+003,-6.567817e-002
7.417005e+003,-6.810158e-001
7.420862e+003,-1.300176e+000
7.424719e+003,-1.839347e+000
7.428576e+003,-2.222767e+000
7.432433e+003,-2.396789e+000
7.436291e+003,-2.337137e+000
7.440147e+003,-2.025816e+000
7.444004e+003,-1.503380e+000
7.447861e+003,-8.380373e-001
7.451718e+003,-1.199526e-001
7.455575e+003,5.496312e-001
7.459432e+003,1.074433e+000
7.463289e+003,1.382562e+000
7.467146e+003,1.444035e+000
7.471003e+003,1.305911e+000
7.474860e+003,9.859152e-001
7.478717e+003,5.966244e-001
7.482574e+003,2.509741e-001
7.486431e+003,3.127803e-002
7.490288e+003,-2.759922e-002
7.494145e+003,6.275216e-002
7.498002e+003,2.585529e-001
7.501859e+003,5.381840e-001
7.505716e+003,7.953669e-001
7.509573e+003,9.695528e-001
7.513430e+003,1.019139e+000
7.517287e+003,9.287406e-001
7.521144e+003,7.168425e-001
7.525001e+003,4.383893e-001
7.528858e+003,1.744455e-001
7.532715e+003,1.749127e-002
7.536572e+003,-4.002340e-003
7.540429e+003,9.934463e-002
7.544286e+003,2.591154e-001
7.548143e+003,3.703563e-001
7.552000e+003,3.319301e-001
7.555857e+003,8.912575e-002
7.559714e+003,-3.404889e-001
7.563571e+003,-8.339305e-001
7.567428e+003,-1.316540e+000
7.571285e+003,-1.680763e+000
7.575142e+003,-1.848718e+000
7.578999e+003,-1.789032e+000
7.582856e+003,-1.517895e+000
7.586713e+003,-1.088314e+000
7.590570e+003,-5.746032e-001
7.594427e+003,-7.752824e-002
7.598284e+003,3.508605e-001
7.602141e+003,6.543182e-001
7.605998e+003,7.988490e-001
7.609855e+003,7.804218e-001
7.613712e+003,6.283492e-001
7.617569e+003,4.003651e-001
7.621426e+003,1.680634e-001
7.625283e+003,-3.779560e-003
7.629140e+003,-7.731099e-002
7.632997e+003,-5.046786e-002
7.636854e+003,4.756064e-002
7.640711e+003,1.733035e-001
7.644568e+003,2.907883e-001
7.648425e+003,3.878921e-001
7.652282e+003,4.794683e-001
7.656139e+003,5.959059e-001
7.659996e+003,7.626522e-001
7.663853e+003,9.813622e-001
7.667710e+003,1.221787e+000
7.671567e+003,1.428972e+000
7.675424e+003,1.542887e+000
7.679281e+003,1.521927e+000
7.683138e+003,1.360077e+000
7.686995e+003,1.091604e+000
7.690852e+003,7.771288e-001
7.694709e+003,4.859253e-001
7.698566e+003,2.736755e-001
7.702423e+003,1.678401e-001
7.706280e+003,1.641891e-001
7.710137e+003,2.338823e-001
7.713994e+003,3.366313e-001
7.717851e+003,4.344782e-001
7.721708e+003,4.998257e-001
7.725565e+003,5.198841e-001
7.729422e+003,4.942842e-001
7.733279e+003,4.311025e-001
7.737136e+003,3.430888e-001
7.740993e+003,2.452533e-001
7.744850e+003,1.535157e-001
7.748707e+003,8.317441e-002
7.752564e+003,4.704598e-002
7.756421e+003,5.311000e-002
7.760278e+003,1.022280e-001
7.764135e+003,1.875586e-001
7.767992e+003,2.959470e-001
7.771849e+003,4.105998e-001
7.775706e+003,5.136340e-001
7.779563e+003,5.870556e-001
7.783420e+003,6.134741e-001
7.787277e+003,5.750322e-001
7.791134e+003,4.557687e-001
7.794991e+003,2.471965e-001
7.798848e+003,-4.336623e-002
7.802705e+003,-3.850561e-001
7.806562e+003,-7.211800e-001
7.810419e+003,-9.764810e-001
7.814276e+003,-1.073593e+000
7.818133e+003,-9.578434e-001
7.821990e+003,-6.187880e-001
7.825847e+003,-1.014419e-001
7.829704e+003,4.992676e-001
7.833561e+003,1.061084e+000
7.837418e+003,1.467728e+000
7.841275e+003,1.642300e+000
7.845132e+003,1.568114e+000
7.848989e+003,1.294603e+000
7.852846e+003,9.205237e-001
7.856703e+003,5.643600e-001
7.860560e+003,3.307915e-001
7.864417e+003,2.832977e-001
7.868274e+003,4.300651e-001
7.872131e+003,7.252924e-001
7.875988e+003,1.086432e+000
7.879845e+003,1.418166e+000
7.883702e+003,1.638756e+000
7.887559e+003,1.701853e+000
7.891416e+003,1.607777e+000
7.895273e+003,1.400731e+000
7.899130e+003,1.152029e+000
7.902987e+003,9.388479e-001
7.906844e+003,8.011363e-001
7.910701e+003,7.421104e-001
7.914558e+003,7.233234e-001
7.918415e+003,6.829429e-001
7.922272e+003,5.661703e-001
7.926129e+003,3.554293e-001
7.929986e+003,8.647685e-002
7.933843e+003,-1.594943e-001
7.937700e+003,-2.908821e-001
7.941557e+003,-2.342466e-001
7.945414e+003,2.812570e-002
7.949271e+003,4.432475e-001
7.953128e+003,8.984635e-001
7.956985e+003,1.254895e+000
7.960842e+003,1.390513e+000
7.964699e+003,1.242112e+000
7.968556e+003,8.214695e-001
7.972413e+003,1.870750e-001
7.976270e+003,-5.659183e-001
7.980127e+003,-1.332097e+000
7.983984e+003,-2.017445e+000
7.987841e+003,-2.550788e+000
7.991698e+003,-2.885703e+000
7.995555e+003,-3.008588e+000
7.999412e+003,-2.925307e+000
8.003269e+003,-2.651049e+000
8.007126e+003,-2.222664e+000
8.010983e+003,-1.699063e+000
8.014840e+003,-1.154597e+000
8.018697e+003,-6.648018e-001
8.022554e+003,-2.883461e-001
8.026411e+003,-7.634377e-002
8.030268e+003,1.348701e-002
8.034125e+003,2.024239e-002
8.037982e+003,-3.915399e-003
8.041839e+003,-1.141247e-002
8.045696e+003,2.721626e-002
8.049553e+003,1.185665e-001
8.053410e+003,2.506758e-001
8.057267e+003,3.996620e-001
8.061124e+003,5.483282e-001
8.064981e+003,6.815646e-001
8.068838e+003,7.887338e-001
8.072695e+003,8.602152e-001
8.076552e+003,8.855084e-001
8.080409e+003,8.560054e-001
8.084266e+003,7.721611e-001
8.088123e+003,6.542685e-001
8.091980e+003,5.362142e-001
8.095837e+003,4.695529e-001
8.099694e+003,5.041548e-001
8.103551e+003,6.694661e-001
8.107408e+003,9.606732e-001
8.111265e+003,1.336857e+000
8.115122e+003,1.733201e+000
8.118979e+003,2.081983e+000
8.122836e+003,2.328250e+000
8.126693e+003,2.456798e+000
8.130550e+003,2.483896e+000
8.134407e+003,2.440207e+000
8.138264e+003,2.348812e+000
8.142121e+003,2.210212e+000
8.145978e+003,2.002802e+000
8.149835e+003,1.676415e+000
8.153692e+003,1.244183e+000
8.157549e+003,7.392771e-001
8.161406e+003,2.367719e-001
8.165263e+003,-1.655591e-001
8.169120e+003,-3.814745e-001
8.172977e+003,-3.711147e-001
8.176833e+003,-1.608317e-001
8.180691e+003,1.596898e-001
8.184548e+003,4.716338e-001
8.188405e+003,6.571853e-001
8.192262e+003,6.435282e-001
8.196118e+003,4.217579e-001
8.199976e+003,4.149240e-002
8.203832e+003,-4.136441e-001
8.207689e+003,-8.571324e-001
8.211547e+003,-1.226300e+000
8.215403e+003,-1.480338e+000
8.219261e+003,-1.609783e+000
8.223117e+003,-1.618460e+000
8.226975e+003,-1.512131e+000
8.230831e+003,-1.295427e+000
8.234688e+003,-9.773105e-001
8.238546e+003,-5.797353e-001
8.242402e+003,-1.289449e-001
8.246260e+003,3.084684e-001
8.250116e+003,6.765043e-001
8.253974e+003,9.344579e-001
8.257830e+003,1.068522e+000
8.261688e+003,1.093853e+000
8.265544e+003,1.046874e+000
8.269401e+003,9.721180e-001
8.273259e+003,9.152470e-001
8.277115e+003,8.975499e-001
8.280973e+003,9.345407e-001
8.284829e+003,1.029388e+000
8.288687e+003,1.173900e+000
8.292543e+003,1.347084e+000
8.296400e+003,1.512911e+000
8.300258e+003,1.621460e+000
8.304114e+003,1.604669e+000
8.307972e+003,1.419347e+000
8.311828e+003,1.050702e+000
8.315686e+003,5.294297e-001
8.319542e+003,-6.823304e-002
8.323399e+003,-6.371412e-001
8.327257e+003,-1.072120e+000
8.331113e+003,-1.298772e+000
8.334971e+003,-1.300196e+000
8.338827e+003,-1.089855e+000
8.342685e+003,-7.458017e-001
8.346541e+003,-3.608411e-001
8.350398e+003,-1.281734e-002
8.354255e+003,2.543542e-001
8.358112e+003,4.335352e-001
8.361970e+003,5.431992e-001
8.365826e+003,6.124405e-001
8.369684e+003,6.579661e-001
8.373540e+003,6.856256e-001
8.377397e+003,6.905360e-001
8.381254e+003,6.660838e-001
8.385111e+003,6.130576e-001
8.388969e+003,5.440380e-001
8.392825e+003,4.812325e-001
8.396683e+003,4.434506e-001
8.400539e+003,4.541579e-001
8.404396e+003,5.191325e-001
8.408253e+003,6.289692e-001
8.412110e+003,7.600028e-001
8.415968e+003,8.782094e-001
8.419824e+003,9.449672e-001
8.423682e+003,9.238646e-001
8.427538e+003,8.035772e-001
8.431396e+003,5.691331e-001
8.435252e+003,2.292701e-001
8.439109e+003,-1.843707e-001
8.442966e+003,-6.185127e-001
8.446823e+003,-1.005498e+000
8.450681e+003,-1.276431e+000
8.454537e+003,-1.377798e+000
8.458395e+003,-1.289442e+000
8.462251e+003,-1.037810e+000
8.466108e+003,-6.740947e-001
8.469965e+003,-2.732240e-001
8.473822e+003,8.541940e-002
8.477680e+003,3.394876e-001
8.481536e+003,4.602831e-001
8.485394e+003,4.586262e-001
8.489250e+003,3.745585e-001
8.493107e+003,2.706003e-001
8.496964e+003,1.967166e-001
8.500821e+003,1.800508e-001
8.504679e+003,2.181090e-001
8.508535e+003,2.834587e-001
8.512393e+003,3.373048e-001
8.516249e+003,3.459637e-001
8.520106e+003,2.942989e-001
8.523963e+003,1.885255e-001
8.527820e+003,5.147444e-002
8.531677e+003,-8.632427e-002
8.535534e+003,-1.965697e-001
8.539392e+003,-2.593012e-001
8.543248e+003,-2.635469e-001
8.547105e+003,-2.039652e-001
8.550962e+003,-8.298570e-002
8.554819e+003,1.059552e-001
8.558676e+003,3.626730e-001
8.562533e+003,6.777899e-001
8.566391e+003,1.027631e+000
8.570247e+003,1.373311e+000
8.574104e+003,1.665782e+000
8.577961e+003,1.855770e+000
8.581818e+003,1.903451e+000
8.585675e+003,1.796520e+000
8.589532e+003,1.540548e+000
8.593389e+003,1.162220e+000
8.597246e+003,7.040920e-001
8.601104e+003,2.188824e-001
8.604960e+003,-2.347037e-001
8.608817e+003,-5.947015e-001
8.612674e+003,-7.984750e-001
8.616531e+003,-7.953988e-001
8.620388e+003,-5.481134e-001
8.624245e+003,-4.898685e-002
8.628103e+003,6.686271e-001
8.631959e+003,1.526570e+000
8.635816e+003,2.409643e+000
8.639673e+003,3.185319e+000
8.643530e+003,3.727983e+000
8.647387e+003,3.962066e+000
8.651244e+003,3.858519e+000
8.655102e+003,3.446497e+000
8.658958e+003,2.802702e+000
8.662815e+003,2.030049e+000
8.666672e+003,1.233094e+000
8.670529e+003,4.980024e-001
8.674386e+003,-1.060398e-001
8.678243e+003,-5.663219e-001
8.682100e+003,-8.757869e-001
8.685957e+003,-1.037882e+000
8.689814e+003,-1.059970e+000
8.693671e+003,-9.517161e-001
8.697528e+003,-7.276820e-001
8.701385e+003,-4.111122e-001
8.705242e+003,-4.348144e-002
8.709099e+003,3.406380e-001
8.712956e+003,7.014157e-001
8.716813e+003,1.005337e+000
8.720670e+003,1.231280e+000
8.724526e+003,1.372874e+000
8.728384e+003,1.436525e+000
8.732241e+003,1.436273e+000
8.736098e+003,1.387769e+000
8.739955e+003,1.306764e+000
8.743812e+003,1.200728e+000
8.747669e+003,1.072592e+000
8.751525e+003,9.224657e-001
8.755383e+003,7.494857e-001
8.759240e+003,5.531086e-001
8.763097e+003,3.339645e-001
8.766954e+003,9.742668e-002
8.770811e+003,-1.521234e-001
8.774668e+003,-4.024961e-001
8.778524e+003,-6.343185e-001
8.782382e+003,-8.217425e-001
8.786238e+003,-9.363083e-001
8.790096e+003,-9.537589e-001
8.793953e+003,-8.620291e-001
8.797810e+003,-6.700482e-001
8.801667e+003,-3.985263e-001
8.805523e+003,-9.175697e-002
8.809381e+003,2.012778e-001
8.813237e+003,4.410308e-001
8.817095e+003,6.091380e-001
8.820952e+003,7.131845e-001
8.824809e+003,7.822679e-001
8.828666e+003,8.464794e-001
8.832522e+003,9.452149e-001
8.836380e+003,1.089142e+000
8.840236e+003,1.260565e+000
8.844094e+003,1.418702e+000
8.847951e+003,1.514256e+000
8.851808e+003,1.507356e+000
8.855665e+003,1.381680e+000
8.859521e+003,1.126847e+000
8.863379e+003,7.970060e-001
8.867235e+003,4.387391e-001
8.871093e+003,9.050500e-002
8.874949e+003,-2.288159e-001
8.878807e+003,-5.209993e-001
8.882664e+003,-7.993425e-001
8.886521e+003,-1.074093e+000
8.890378e+003,-1.345350e+000
8.894234e+003,-1.574472e+000
8.898092e+003,-1.718709e+000
8.901948e+003,-1.736618e+000
8.905806e+003,-1.607136e+000
8.909663e+003,-1.343817e+000
8.913520e+003,-9.980932e-001
8.917377e+003,-6.495072e-001
8.921233e+003,-3.793690e-001
8.925091e+003,-2.673846e-001
8.928947e+003,-3.471226e-001
8.932805e+003,-6.008869e-001
8.936662e+003,-9.610376e-001
8.940519e+003,-1.324463e+000
8.944376e+003,-1.576587e+000
8.948232e+003,-1.619094e+000
8.952090e+003,-1.394772e+000
8.955946e+003,-9.033071e-001
8.959804e+003,-2.041873e-001
8.963660e+003,5.947702e-001
8.967518e+003,1.360934e+000
8.971375e+003,1.966980e+000
8.975231e+003,2.320089e+000
8.979089e+003,2.382565e+000
8.982945e+003,2.180535e+000
8.986803e+003,1.791988e+000
8.990659e+003,1.323227e+000
8.994517e+003,8.855264e-001
8.998374e+003,5.710303e-001
9.002230e+003,4.365471e-001
9.006088e+003,4.978896e-001
9.009944e+003,7.337164e-001
9.013802e+003,1.094234e+000
9.017658e+003,1.514909e+000
9.021516e+003,1.927186e+000
9.025373e+003,2.264321e+000
9.029229e+003,2.467941e+000
9.033087e+003,2.494950e+000
9.036943e+003,2.324815e+000
9.040801e+003,1.965571e+000
9.044657e+003,1.468224e+000
9.048515e+003,8.854857e-001
9.052371e+003,2.918475e-001
9.056229e+003,-2.405071e-001
9.060086e+003,-6.572632e-001
9.063942e+003,-9.326108e-001
9.067800e+003,-1.071503e+000
9.071656e+003,-1.103052e+000
9.075514e+003,-1.067892e+000
9.079370e+003,-1.007399e+000
9.083228e+003,-9.453146e-001
9.087085e+003,-8.891747e-001
9.090941e+003,-8.331822e-001
9.094799e+003,-7.651567e-001
9.098655e+003,-6.740499e-001
9.102513e+003,-5.549360e-001
9.106369e+003,-4.184699e-001
9.110227e+003,-2.624301e-001
9.114084e+003,-9.398678e-002
9.117940e+003,8.117619e-002
9.121798e+003,2.592405e-001
9.125654e+003,4.362551e-001
9.129512e+003,6.049029e-001
9.133368e+003,7.518631e-001
9.137226e+003,8.552199e-001
9.141082e+003,8.978813e-001
9.144939e+003,8.583517e-001
9.148797e+003,7.227570e-001
9.152653e+003,4.906004e-001
9.156511e+003,1.781763e-001
9.160367e+003,-1.817200e-001
9.164225e+003,-5.442486e-001
9.168081e+003,-8.693719e-001
9.171938e+003,-1.118268e+000
9.175796e+003,-1.262759e+000
9.179652e+003,-1.291219e+000
9.183510e+003,-1.209407e+000
9.187366e+003,-1.036957e+000
9.191224e+003,-8.006694e-001
9.195080e+003,-5.268018e-001
9.198938e+003,-2.412365e-001
9.202795e+003,5.187431e-002
9.206651e+003,3.494219e-001
9.210509e+003,6.504967e-001
9.214365e+003,9.508800e-001
9.218223e+003,1.239650e+000
9.222079e+003,1.499804e+000
9.225937e+003,1.712978e+000
9.229793e+003,1.885482e+000
9.233650e+003,1.987907e+000
9.237508e+003,2.034475e+000
9.241364e+003,2.050199e+000
9.245222e+003,2.061112e+000
9.249078e+003,2.082980e+000
9.252936e+003,2.113425e+000
9.256792e+003,2.131284e+000
9.260649e+003,2.092620e+000
9.264507e+003,1.967724e+000
9.268363e+003,1.741190e+000
9.272221e+003,1.423233e+000
9.276077e+003,1.048409e+000
9.279935e+003,6.652750e-001
9.283791e+003,3.219934e-001
9.287648e+003,5.451429e-002
9.291506e+003,-1.288691e-001
9.295362e+003,-2.031681e-001
9.299220e+003,-1.655338e-001
9.303076e+003,-1.217021e-002
9.306934e+003,2.603889e-001
9.310790e+003,6.455695e-001
9.314647e+003,1.113732e+000
9.318504e+003,1.604482e+000
9.322361e+003,2.032702e+000
9.326219e+003,2.299753e+000
9.330075e+003,2.336840e+000
9.333933e+003,2.128959e+000
9.337789e+003,1.726042e+000
9.341646e+003,1.230108e+000
9.345503e+003,7.613840e-001
9.349360e+003,4.162689e-001
9.353218e+003,2.294392e-001
9.357074e+003,1.829033e-001
9.360932e+003,2.003070e-001
9.364788e+003,1.941364e-001
9.368646e+003,1.065566e-001
9.372502e+003,-6.606704e-002
9.376359e+003,-2.755586e-001
9.380216e+003,-4.489821e-001
9.384073e+003,-5.258787e-001
9.387931e+003,-4.885843e-001
9.391787e+003,-3.730945e-001
9.395645e+003,-2.498232e-001
9.399501e+003,-1.886103e-001
9.403358e+003,-2.240099e-001
9.407215e+003,-3.373070e-001
9.411072e+003,-4.631482e-001
9.414930e+003,-5.154542e-001
9.418786e+003,-4.244111e-001
9.422644e+003,-1.632820e-001
9.426500e+003,2.424607e-001
9.430357e+003,7.265450e-001
9.434214e+003,1.205597e+000
9.438071e+003,1.603474e+000
9.441929e+003,1.867017e+000
9.445785e+003,1.968818e+000
9.449643e+003,1.905772e+000
9.453499e+003,1.696613e+000
9.457356e+003,1.378153e+000
9.461213e+003,1.005294e+000
9.465070e+003,6.484892e-001
9.468927e+003,3.836869e-001
9.472784e+003,2.738547e-001
9.476642e+003,3.471771e-001
9.480498e+003,5.844638e-001
9.484355e+003,9.119129e-001
9.488212e+003,1.223666e+000
9.492069e+003,1.415054e+000
9.495926e+003,1.417477e+000
9.499783e+003,1.221072e+000
9.503641e+003,8.761314e-001
9.507497e+003,4.715851e-001
9.511354e+003,1.081315e-001
9.515211e+003,-1.397224e-001
9.519068e+003,-2.431107e-001
9.522925e+003,-2.211297e-001
9.526782e+003,-1.272406e-001
9.530640e+003,-2.750123e-002
9.534496e+003,2.050290e-002
9.538354e+003,-1.785504e-002
9.542210e+003,-1.501277e-001
9.546067e+003,-3.547837e-001
9.549924e+003,-5.881772e-001
9.553781e+003,-7.932160e-001
9.557638e+003,-9.103345e-001
9.561495e+003,-8.901953e-001
9.565353e+003,-7.061340e-001
9.569209e+003,-3.598653e-001
9.573066e+003,1.099869e-001
9.576923e+003,6.420298e-001
9.580780e+003,1.166534e+000
9.584637e+003,1.622550e+000
9.588494e+003,1.969516e+000
9.592352e+003,2.189016e+000
9.596208e+003,2.277326e+000
9.600065e+003,2.233933e+000
9.603922e+003,2.053637e+000
9.607779e+003,1.728181e+000
9.611636e+003,1.255579e+000
9.615493e+003,6.536330e-001
9.619351e+003,-3.044578e-002
9.623207e+003,-7.205114e-001
9.627064e+003,-1.323510e+000
9.630921e+003,-1.748427e+000
9.634778e+003,-1.930590e+000
9.638635e+003,-1.840416e+000
9.642492e+003,-1.490053e+000
9.646349e+003,-9.292587e-001
9.650206e+003,-2.356146e-001
9.654063e+003,4.976484e-001
9.657920e+003,1.174410e+000
9.661777e+003,1.703920e+000
9.665634e+003,2.031959e+000
9.669491e+003,2.130932e+000
9.673348e+003,2.012763e+000
9.677205e+003,1.726035e+000
9.681063e+003,1.342936e+000
9.684919e+003,9.387935e-001
9.688776e+003,5.709793e-001
9.692633e+003,2.712759e-001
9.696490e+003,2.663302e-002
9.700347e+003,-1.893313e-001
9.704204e+003,-4.038055e-001
9.708062e+003,-6.280838e-001
9.711918e+003,-8.502027e-001
9.715775e+003,-1.039660e+000
9.719632e+003,-1.161077e+000
9.723489e+003,-1.189082e+000
9.727346e+003,-1.124939e+000
9.731203e+003,-9.850888e-001
9.735060e+003,-7.994329e-001
9.738917e+003,-6.012971e-001
9.742774e+003,-4.190891e-001
9.746631e+003,-2.722945e-001
9.750488e+003,-1.712400e-001
9.754345e+003,-1.295108e-001
9.758202e+003,-1.293677e-001
9.762059e+003,-1.554897e-001
9.765916e+003,-1.826050e-001
9.769773e+003,-1.789142e-001
9.773630e+003,-1.150065e-001
9.777487e+003,2.374071e-002
9.781344e+003,2.264884e-001
9.785201e+003,4.224659e-001
9.789058e+003,5.970366e-001
9.792915e+003,6.983324e-001
9.796772e+003,6.892576e-001
9.800629e+003,5.616719e-001
9.804486e+003,3.409930e-001
9.808343e+003,7.878846e-002
9.812200e+003,-1.641194e-001
9.816057e+003,-3.281191e-001
9.819914e+003,-4.043311e-001
9.823771e+003,-3.983931e-001
9.827628e+003,-3.357548e-001
9.831485e+003,-2.494646e-001
9.835342e+003,-1.670679e-001
9.839199e+003,-1.020285e-001
9.843056e+003,-5.268314e-002
9.846913e+003,-4.405035e-003
9.850770e+003,5.073347e-002
9.854627e+003,1.150250e-001
9.858484e+003,1.804483e-001
9.862341e+003,2.339137e-001
9.866198e+003,2.665837e-001
9.870055e+003,2.818179e-001
9.873912e+003,2.968739e-001
9.877769e+003,3.389123e-001
9.881626e+003,4.288802e-001
9.885483e+003,5.709300e-001
9.889340e+003,7.445568e-001
9.893197e+003,9.097389e-001
9.897054e+003,1.021680e+000
9.900911e+003,1.048522e+000
9.904768e+003,9.837893e-001
9.908625e+003,8.439706e-001
9.912481e+003,6.705803e-001
9.916339e+003,5.035924e-001
9.920196e+003,3.679753e-001
9.924053e+003,2.674582e-001
9.927910e+003,1.898805e-001
9.931767e+003,1.203452e-001
9.935624e+003,5.450545e-002
9.939480e+003,5.197704e-003
9.943338e+003,-3.950626e-003
9.947195e+003,4.979348e-002
9.951052e+003,1.732289e-001
9.954909e+003,3.486165e-001
9.958766e+003,5.357168e-001
9.962623e+003,6.838424e-001
9.966479e+003,7.486517e-001
9.970337e+003,7.076357e-001
9.974193e+003,5.643988e-001
9.978051e+003,3.468318e-001
9.981908e+003,9.723350e-002
9.985765e+003,-1.398410e-001
9.989622e+003,-3.277687e-001
9.993479e+003,-4.438003e-001
9.997336e+003,-4.808350e-001
1.000119e+004,-4.456659e-001
1.000505e+004,-3.594032e-001
1.000891e+004,-2.491269e-001
1.001276e+004,-1.440774e-001
1.001662e+004,-6.852444e-002
1.002048e+004,-3.466162e-002
1.002433e+004,-3.838879e-002
1.002819e+004,-6.081153e-002
1.003205e+004,-7.695715e-002
1.003591e+004,-6.641164e-002
1.003976e+004,-2.644372e-002
1.004362e+004,2.356841e-002
1.004748e+004,4.727958e-002
1.005133e+004,5.725821e-003
1.005519e+004,-1.245835e-001
1.005905e+004,-3.377616e-001
1.006290e+004,-5.951138e-001
1.006676e+004,-8.369242e-001
1.007062e+004,-1.000718e+000
1.007448e+004,-1.042739e+000
1.007833e+004,-9.521279e-001
1.008219e+004,-7.526360e-001
1.008605e+004,-4.919884e-001
1.008990e+004,-2.243118e-001
1.009376e+004,5.606115e-003
1.009762e+004,1.742355e-001
1.010147e+004,2.756897e-001
1.010533e+004,3.149958e-001
1.010919e+004,2.992317e-001
1.011305e+004,2.328389e-001
1.011690e+004,1.193769e-001
1.012076e+004,-3.223790e-002
1.012462e+004,-2.015290e-001
1.012847e+004,-3.565174e-001
1.013233e+004,-4.592309e-001
1.013619e+004,-4.770268e-001
1.014004e+004,-3.938204e-001
1.014390e+004,-2.159717e-001
1.014776e+004,3.015143e-002
1.015162e+004,3.079196e-001
1.015547e+004,5.819792e-001
1.015933e+004,8.313752e-001
1.016319e+004,1.049347e+000
1.016704e+004,1.239770e+000
1.017090e+004,1.408171e+000
1.017476e+004,1.553071e+000
1.017861e+004,1.662081e+000
1.018247e+004,1.714689e+000
1.018633e+004,1.689819e+000
1.019019e+004,1.579163e+000
1.019404e+004,1.391762e+000
1.019790e+004,1.158145e+000
1.020176e+004,9.265676e-001
1.020561e+004,7.533253e-001
1.020947e+004,6.892992e-001
1.021333e+004,7.657325e-001
1.021718e+004,9.783764e-001
1.022104e+004,1.294437e+000
1.022490e+004,1.645359e+000
1.022876e+004,1.942306e+000
1.023261e+004,2.097274e+000
1.023647e+004,2.048130e+000
1.024033e+004,1.780370e+000
1.024418e+004,1.337595e+000
1.024804e+004,8.225589e-001
1.025190e+004,3.495255e-001
1.025575e+004,3.031871e-002
1.025961e+004,-6.427660e-002
1.026347e+004,7.313275e-002
1.026733e+004,3.845301e-001
1.027118e+004,7.664278e-001
1.027504e+004,1.105018e+000
1.027890e+004,1.317187e+000
1.028275e+004,1.370776e+000
1.028661e+004,1.288205e+000
1.029047e+004,1.130889e+000
1.029432e+004,9.704410e-001
1.029818e+004,8.588042e-001
1.030204e+004,8.094089e-001
1.030590e+004,7.963156e-001
1.030975e+004,7.726713e-001
1.031361e+004,6.887960e-001
1.031747e+004,5.245095e-001
1.032132e+004,2.938612e-001
1.032518e+004,4.068671e-002
1.032904e+004,-1.780746e-001
1.033289e+004,-3.139538e-001
1.033675e+004,-3.445370e-001
1.034061e+004,-2.862168e-001
1.034447e+004,-1.689690e-001
1.034832e+004,-3.831153e-002
1.035218e+004,6.554715e-002
1.035604e+004,1.208071e-001
1.035989e+004,1.293803e-001
1.036375e+004,1.136465e-001
1.036761e+004,1.070635e-001
1.037146e+004,1.394659e-001
1.037532e+004,2.386388e-001
1.037918e+004,4.129682e-001
1.038304e+004,6.532756e-001
1.038689e+004,9.347994e-001
1.039075e+004,1.221087e+000
1.039461e+004,1.469026e+000
1.039846e+004,1.635042e+000
1.040232e+004,1.675864e+000
1.040618e+004,1.569939e+000
1.041003e+004,1.320962e+000
1.041389e+004,9.624943e-001
1.041775e+004,5.535758e-001
1.042161e+004,1.656830e-001
1.042546e+004,-1.361500e-001
1.042932e+004,-3.121010e-001
1.043318e+004,-3.617164e-001
1.043703e+004,-3.108380e-001
1.044089e+004,-2.191146e-001
1.044475e+004,-1.459100e-001
1.044860e+004,-1.261478e-001
1.045246e+004,-1.565620e-001
1.045632e+004,-1.983231e-001
1.046018e+004,-1.951881e-001
1.046403e+004,-9.376968e-002
1.046789e+004,1.193347e-001
1.047175e+004,4.152224e-001
1.047560e+004,7.283446e-001
1.047946e+004,9.796188e-001
1.048332e+004,1.105053e+000
1.048717e+004,1.078153e+000
1.049103e+004,9.176157e-001
1.049489e+004,6.774096e-001
1.049875e+004,4.295759e-001
1.050260e+004,2.401650e-001
1.050646e+004,1.512630e-001
1.051032e+004,1.759492e-001
1.051417e+004,3.041154e-001
1.051803e+004,5.135202e-001
1.052189e+004,7.792927e-001
1.052574e+004,1.079545e+000
1.052960e+004,1.385907e+000
1.053346e+004,1.666577e+000
1.053732e+004,1.882901e+000
1.054117e+004,1.994362e+000
1.054503e+004,1.969158e+000
1.054889e+004,1.796098e+000
1.055274e+004,1.492145e+000
1.055660e+004,1.096611e+000
1.056046e+004,6.755609e-001
1.056431e+004,2.927764e-001
1.056817e+004,-2.630472e-003
1.057203e+004,-1.867037e-001
1.057589e+004,-2.625711e-001
1.057974e+004,-2.543521e-001
1.058360e+004,-1.963459e-001
1.058746e+004,-1.221184e-001
1.059131e+004,-5.516954e-002
1.059517e+004,-6.781127e-003
1.059903e+004,2.414577e-002
1.060288e+004,4.774156e-002
1.060674e+004,7.847565e-002
1.061060e+004,1.300898e-001
1.061446e+004,2.107303e-001
1.061831e+004,3.187295e-001
1.062217e+004,4.410149e-001
1.062603e+004,5.536813e-001
1.062988e+004,6.271572e-001
1.063374e+004,6.348917e-001
1.063760e+004,5.636651e-001
1.064145e+004,4.222065e-001
1.064531e+004,2.445898e-001
1.064917e+004,8.505629e-002
1.065303e+004,8.199245e-003
1.065688e+004,7.110536e-002
1.066074e+004,3.070066e-001
1.066460e+004,7.130899e-001
1.066845e+004,1.246956e+000
1.067231e+004,1.833385e+000
1.067617e+004,2.380112e+000
1.068002e+004,2.794698e+000
1.068388e+004,3.020173e+000
1.068774e+004,3.030917e+000
1.069160e+004,2.843008e+000
1.069545e+004,2.507632e+000
1.069931e+004,2.095733e+000
1.070317e+004,1.678599e+000
1.070702e+004,1.310304e+000
1.071088e+004,1.021232e+000
1.071474e+004,8.048615e-001
1.071859e+004,6.394241e-001
1.072245e+004,4.967069e-001
1.072631e+004,3.545560e-001
1.073017e+004,2.040926e-001
1.073402e+004,4.946941e-002
1.073788e+004,-9.861478e-002
1.074174e+004,-2.294365e-001
1.074559e+004,-3.457041e-001
1.074945e+004,-4.563838e-001
1.075331e+004,-5.741323e-001
1.075716e+004,-7.071094e-001
1.076102e+004,-8.522463e-001
1.076488e+004,-9.936775e-001
1.076874e+004,-1.107391e+000
1.077259e+004,-1.170459e+000
1.077645e+004,-1.168792e+000
1.078031e+004,-1.100555e+000
1.078416e+004,-9.738045e-001
1.078802e+004,-7.989924e-001
1.079188e+004,-5.808904e-001
1.079573e+004,-3.148022e-001
1.079959e+004,1.011103e-002
1.080345e+004,4.019974e-001
1.080731e+004,8.526407e-001
1.081116e+004,1.332104e+000
1.081502e+004,1.789279e+000
1.081888e+004,2.162493e+000
1.082273e+004,2.396008e+000
1.082659e+004,2.456062e+000
1.083045e+004,2.340168e+000
1.083430e+004,2.074445e+000
1.083816e+004,1.708140e+000
1.084202e+004,1.298261e+000
1.084588e+004,8.964125e-001
1.084973e+004,5.422192e-001
1.085359e+004,2.632754e-001
1.085745e+004,7.861459e-002
1.086130e+004,1.200944e-003
1.086516e+004,3.609924e-002
1.086902e+004,1.777609e-001
1.087287e+004,3.984544e-001
1.087673e+004,6.504673e-001
1.088059e+004,8.740066e-001
1.088445e+004,1.012696e+000
1.088830e+004,1.031358e+000
1.089216e+004,9.285513e-001
1.089602e+004,7.333624e-001
1.089987e+004,5.066394e-001
1.090373e+004,3.105056e-001
1.090759e+004,1.893462e-001
1.091144e+004,1.575758e-001
1.091530e+004,2.009681e-001
1.091916e+004,2.897986e-001
1.092301e+004,3.965707e-001
1.092687e+004,5.090541e-001
1.093073e+004,6.339760e-001
1.093459e+004,7.872545e-001
1.093844e+004,9.800054e-001
1.094230e+004,1.206305e+000
1.094616e+004,1.440347e+000
1.095001e+004,1.644397e+000
1.095387e+004,1.782924e+000
1.095773e+004,1.824732e+000
1.096158e+004,1.773013e+000
1.096544e+004,1.640878e+000
1.096930e+004,1.444548e+000
1.097316e+004,1.193974e+000
1.097701e+004,8.923180e-001
1.098087e+004,5.452338e-001
1.098473e+004,1.742109e-001
1.098858e+004,-1.905518e-001
1.099244e+004,-4.608403e-001
1.099630e+004,-5.698617e-001
1.100016e+004,-4.802824e-001
1.100401e+004,-2.058305e-001
1.100787e+004,1.853294e-001
1.101173e+004,5.895215e-001
1.101558e+004,9.021910e-001
1.101944e+004,1.053725e+000
1.102330e+004,1.027153e+000
1.102715e+004,8.665265e-001
1.103101e+004,6.496682e-001
1.103487e+004,4.538418e-001
1.103872e+004,3.267390e-001
1.104258e+004,2.744805e-001
1.104644e+004,2.689974e-001
1.105030e+004,2.695556e-001
1.105415e+004,2.382706e-001
1.105801e+004,1.572362e-001
1.106187e+004,2.707251e-002
1.106572e+004,-1.397435e-001
1.106958e+004,-3.255694e-001
1.107344e+004,-5.091814e-001
1.107729e+004,-6.625401e-001
1.108115e+004,-7.575541e-001
1.108501e+004,-7.512864e-001
1.108887e+004,-6.083219e-001
1.109272e+004,-3.164003e-001
1.109658e+004,9.970614e-002
1.110044e+004,5.767412e-001
1.110429e+004,1.028203e+000
1.110815e+004,1.372536e+000
1.111201e+004,1.537210e+000
1.111587e+004,1.560424e+000
1.111972e+004,1.500024e+000
1.112358e+004,1.441900e+000
1.112744e+004,1.466580e+000
1.113129e+004,1.617037e+000
1.113515e+004,1.880614e+000
1.113901e+004,2.192034e+000
1.114286e+004,2.446628e+000
1.114672e+004,2.571154e+000
1.115058e+004,2.507848e+000
1.115443e+004,2.247317e+000
1.115829e+004,1.829450e+000
1.116215e+004,1.329811e+000
1.116601e+004,8.377709e-001
1.116986e+004,4.340106e-001
1.117372e+004,1.839104e-001
1.117758e+004,9.450841e-002
1.118143e+004,1.526878e-001
1.118529e+004,3.191878e-001
1.118915e+004,5.384595e-001
1.119300e+004,7.501554e-001
1.119686e+004,9.004478e-001
1.120072e+004,9.513434e-001
1.120458e+004,8.966120e-001
1.120843e+004,7.336345e-001
1.121229e+004,4.832082e-001
1.121615e+004,1.745465e-001
1.122000e+004,-1.623896e-001
1.122386e+004,-5.016758e-001
1.122772e+004,-8.216542e-001
1.123158e+004,-1.101367e+000
1.123543e+004,-1.304212e+000
1.123929e+004,-1.422071e+000
1.124315e+004,-1.426638e+000
1.124700e+004,-1.297276e+000
1.125086e+004,-1.031813e+000
1.125472e+004,-6.543416e-001
1.125857e+004,-2.155398e-001
1.126243e+004,2.162833e-001
1.126629e+004,5.538754e-001
1.127014e+004,7.752314e-001
1.127400e+004,8.573828e-001
1.127786e+004,8.034703e-001
1.128172e+004,6.378362e-001
1.128557e+004,3.955032e-001
1.128943e+004,1.106834e-001
1.129329e+004,-1.908511e-001
1.129714e+004,-4.891980e-001
1.130100e+004,-7.851419e-001
1.130486e+004,-1.064980e+000
1.130871e+004,-1.304858e+000
1.131257e+004,-1.469856e+000
1.131643e+004,-1.519153e+000
1.132029e+004,-1.416215e+000
1.132414e+004,-1.140758e+000
1.132800e+004,-6.568335e-001
1.133186e+004,-3.575420e-002
1.133571e+004,6.516464e-001
1.133957e+004,1.320638e+000
1.134343e+004,1.890748e+000
1.134729e+004,2.301861e+000
1.135114e+004,2.523377e+000
1.135500e+004,2.554396e+000
1.135886e+004,2.367212e+000
1.136271e+004,2.009531e+000
1.136657e+004,1.528827e+000
1.137043e+004,9.714131e-001
1.137428e+004,3.822143e-001
1.137814e+004,-1.919141e-001
1.138200e+004,-7.003402e-001
1.138585e+004,-1.092226e+000
1.138971e+004,-1.346724e+000
1.139357e+004,-1.405545e+000
1.139743e+004,-1.279716e+000
1.140128e+004,-1.013784e+000
1.140514e+004,-6.735371e-001
1.140900e+004,-3.258865e-001
1.141285e+004,-1.894625e-002
1.141671e+004,2.291744e-001
1.142057e+004,4.340948e-001
1.142442e+004,6.125946e-001
1.142828e+004,7.800174e-001
1.143214e+004,9.293571e-001
1.143600e+004,1.028813e+000
1.143985e+004,1.034208e+000
1.144371e+004,9.108486e-001
1.144757e+004,6.545595e-001
1.145142e+004,3.014128e-001
1.145528e+004,-7.829671e-002
1.145914e+004,-4.010960e-001
1.146300e+004,-5.986922e-001
1.146685e+004,-6.403971e-001
1.147071e+004,-5.412077e-001
1.147457e+004,-3.529421e-001
1.147842e+004,-1.430853e-001
1.148228e+004,2.936174e-002
1.148614e+004,1.306530e-001
1.148999e+004,1.574796e-001
1.149385e+004,1.294003e-001
1.149771e+004,7.498792e-002
1.150156e+004,1.916443e-002
1.150542e+004,-2.258974e-002
1.150928e+004,-4.196550e-002
1.151314e+004,-3.092343e-002
1.151699e+004,2.377842e-002
1.152085e+004,1.407453e-001
1.152471e+004,3.364752e-001
1.152856e+004,6.139765e-001
1.153242e+004,9.531994e-001
1.153628e+004,1.308956e+000
1.154013e+004,1.618968e+000
1.154399e+004,1.820033e+000
1.154785e+004,1.868629e+000
1.155171e+004,1.753136e+000
1.155556e+004,1.499535e+000
1.155942e+004,1.164727e+000
1.156328e+004,8.207400e-001
1.156713e+004,5.353690e-001
1.157099e+004,3.556243e-001
1.157485e+004,2.986578e-001
1.157871e+004,3.521239e-001
1.158256e+004,4.838466e-001
1.158642e+004,6.533443e-001
1.159028e+004,8.233699e-001
1.159413e+004,9.673241e-001
1.159799e+004,1.071067e+000
1.160185e+004,1.129898e+000
1.160570e+004,1.142864e+000
1.160956e+004,1.108709e+000
1.161342e+004,1.022229e+000
1.161727e+004,8.761872e-001
1.162113e+004,6.657155e-001
1.162499e+004,3.938314e-001
1.162885e+004,7.571593e-002
1.163270e+004,-2.601919e-001
1.163656e+004,-5.748857e-001
1.164042e+004,-8.256139e-001
1.164427e+004,-9.730151e-001
1.164813e+004,-9.885054e-001
1.165199e+004,-8.591217e-001
1.165584e+004,-5.892390e-001
1.165970e+004,-1.994600e-001
1.166356e+004,2.763340e-001
1.166742e+004,7.955726e-001
1.167127e+004,1.308551e+000
1.167513e+004,1.765415e+000
1.167899e+004,2.120940e+000
1.168284e+004,2.340809e+000
1.168670e+004,2.407762e+000
1.169056e+004,2.325793e+000
1.169441e+004,2.120360e+000
1.169827e+004,1.832462e+000
1.170213e+004,1.511887e+000
1.170599e+004,1.203179e+000
1.170984e+004,9.360324e-001
1.171370e+004,7.204801e-001
1.171756e+004,5.489845e-001
1.172141e+004,4.043620e-001
1.172527e+004,2.700949e-001
1.172913e+004,1.386973e-001
1.173298e+004,1.491797e-002
1.173684e+004,-8.740648e-002
1.174070e+004,-1.521952e-001
1.174456e+004,-1.683652e-001
1.174841e+004,-1.337117e-001
1.175227e+004,-5.389687e-002
1.175613e+004,6.213393e-002
1.175998e+004,2.073005e-001
1.176384e+004,3.767000e-001
1.176770e+004,5.658498e-001
1.177155e+004,7.637392e-001
1.177541e+004,9.470979e-001
1.177927e+004,1.079944e+000
1.178313e+004,1.120920e+000
1.178698e+004,1.037150e+000
1.179084e+004,8.164918e-001
1.179470e+004,4.871122e-001
1.179855e+004,1.095479e-001
1.180241e+004,-2.341047e-001
1.180627e+004,-4.622774e-001
1.181012e+004,-5.179819e-001
1.181398e+004,-3.865060e-001
1.181784e+004,-1.006579e-001
1.182170e+004,2.692299e-001
1.182555e+004,6.313211e-001
1.182941e+004,8.986889e-001
1.183327e+004,1.010196e+000
1.183712e+004,9.429125e-001
1.184098e+004,7.139334e-001
1.184484e+004,3.730063e-001
1.184869e+004,-1.050052e-002
1.185255e+004,-3.634731e-001
1.185641e+004,-6.180042e-001
1.186027e+004,-7.259793e-001
1.186412e+004,-6.637909e-001
1.186798e+004,-4.339954e-001
1.187184e+004,-6.285772e-002
1.187569e+004,4.056243e-001
1.187955e+004,9.180317e-001
1.188341e+004,1.422391e+000
1.188726e+004,1.869499e+000
1.189112e+004,2.224369e+000
1.189498e+004,2.466468e+000
1.189883e+004,2.589722e+000
1.190269e+004,2.601688e+000
1.190655e+004,2.522752e+000
1.191041e+004,2.384974e+000
1.191426e+004,2.229631e+000
1.191812e+004,2.100149e+000
1.192198e+004,2.032478e+000
1.192583e+004,2.043158e+000
1.192969e+004,2.120480e+000
1.193355e+004,2.223128e+000
1.193741e+004,2.289083e+000
1.194126e+004,2.253564e+000
1.194512e+004,2.069673e+000
1.194898e+004,1.724802e+000
1.195283e+004,1.251205e+000
1.195669e+004,7.140973e-001
1.196055e+004,1.899582e-001
1.196440e+004,-2.586578e-001
1.196826e+004,-6.014270e-001
1.197212e+004,-8.441009e-001
1.197598e+004,-1.022428e+000
1.197983e+004,-1.160637e+000
1.198369e+004,-1.271854e+000
1.198755e+004,-1.338501e+000
1.199140e+004,-1.318567e+000
1.199526e+004,-1.166718e+000
1.199912e+004,-8.607556e-001
1.200297e+004,-4.213034e-001
1.200683e+004,1.007288e-001
1.201069e+004,5.777506e-001
1.201454e+004,8.949390e-001
1.201840e+004,9.722112e-001
1.202226e+004,7.894490e-001
1.202612e+004,3.920972e-001
1.202997e+004,-1.229490e-001
1.203383e+004,-6.343129e-001
1.203769e+004,-1.049970e+000
1.204154e+004,-1.213396e+000
1.204540e+004,-1.081631e+000
1.204926e+004,-6.822940e-001
1.205312e+004,-1.062887e-001
1.205697e+004,5.120415e-001
1.206083e+004,1.025076e+000
1.206469e+004,1.308354e+000
1.206854e+004,1.287891e+000
1.207240e+004,9.986174e-001
1.207626e+004,5.284990e-001
1.208011e+004,1.810435e-002
1.208397e+004,-3.802431e-001
1.208783e+004,-5.497850e-001
1.209169e+004,-4.464396e-001
1.209554e+004,-1.118029e-001
1.209940e+004,2.865826e-001
1.210326e+004,6.782674e-001
1.210711e+004,9.581410e-001
1.211097e+004,1.057838e+000
1.211483e+004,9.587124e-001
1.211868e+004,6.892059e-001
1.212254e+004,3.107460e-001
1.212640e+004,-1.006923e-001
1.213025e+004,-4.599114e-001
1.213411e+004,-7.251648e-001
1.213797e+004,-8.576000e-001
1.214183e+004,-8.356462e-001
1.214568e+004,-6.577060e-001
1.214954e+004,-3.452137e-001
1.215340e+004,5.615979e-002
1.215725e+004,4.801574e-001
1.216111e+004,8.465150e-001
1.216497e+004,1.093678e+000
1.216883e+004,1.174150e+000
1.217268e+004,1.073114e+000
1.217654e+004,8.124701e-001
1.218040e+004,4.453082e-001
1.218425e+004,4.270044e-002
1.218811e+004,-3.227320e-001
1.219197e+004,-5.892686e-001
1.219582e+004,-7.234926e-001
1.219968e+004,-7.141677e-001
1.220354e+004,-5.735346e-001
1.220740e+004,-3.331921e-001
1.221125e+004,-3.907718e-002
1.221511e+004,2.544297e-001
1.221897e+004,4.923564e-001
1.222282e+004,6.304824e-001
1.222668e+004,6.447845e-001
1.223054e+004,5.446628e-001
1.223439e+004,3.754579e-001
1.223825e+004,2.110628e-001
1.224211e+004,1.353058e-001
1.224596e+004,2.164187e-001
1.224982e+004,4.828207e-001
1.225368e+004,9.148111e-001
1.225754e+004,1.430607e+000
1.226139e+004,1.921851e+000
1.226525e+004,2.281325e+000
1.226911e+004,2.434754e+000
1.227296e+004,2.361030e+000
1.227682e+004,2.093871e+000
1.228068e+004,1.705224e+000
1.228454e+004,1.267509e+000
1.228839e+004,8.559260e-001
1.229225e+004,5.044861e-001
1.229611e+004,2.114849e-001
1.229996e+004,-4.717468e-002
1.230382e+004,-2.974467e-001
1.230768e+004,-5.489316e-001
1.231153e+004,-7.864092e-001
1.231539e+004,-9.808762e-001
1.231925e+004,-1.076150e+000
1.232311e+004,-1.036351e+000
1.232696e+004,-8.494795e-001
1.233082e+004,-5.338459e-001
1.233468e+004,-1.356599e-001
1.233853e+004,2.804203e-001
1.234239e+004,6.445990e-001
1.234625e+004,8.984801e-001
1.235010e+004,9.973160e-001
1.235396e+004,9.322350e-001
1.235782e+004,7.298107e-001
1.236167e+004,4.482059e-001
1.236553e+004,1.653292e-001
1.236939e+004,-3.935999e-002
1.237325e+004,-1.051420e-001
1.237710e+004,-3.718555e-003
1.238096e+004,2.474155e-001
1.238482e+004,5.936470e-001
1.238867e+004,9.593333e-001
1.239253e+004,1.269570e+000
1.239639e+004,1.469598e+000
1.240025e+004,1.535718e+000
1.240410e+004,1.475526e+000
1.240796e+004,1.319708e+000
1.241182e+004,1.110316e+000
1.241567e+004,8.905479e-001
1.241953e+004,6.984687e-001
1.242339e+004,5.640264e-001
1.242724e+004,5.069478e-001
1.243110e+004,5.336430e-001
1.243496e+004,6.335280e-001
1.243881e+004,7.781971e-001
1.244267e+004,9.237114e-001
1.244653e+004,1.023291e+000
1.245039e+004,1.041022e+000
1.245424e+004,9.652511e-001
1.245810e+004,8.144093e-001
1.246196e+004,6.315237e-001
1.246581e+004,4.685427e-001
1.246967e+004,3.681233e-001
1.247353e+004,3.413277e-001
1.247738e+004,3.706797e-001
1.248124e+004,4.148246e-001
1.248510e+004,4.251224e-001
1.248896e+004,3.644695e-001
1.249281e+004,2.210066e-001
1.249667e+004,1.211239e-002
1.250053e+004,-2.209564e-001
1.250438e+004,-4.286886e-001
1.250824e+004,-5.637475e-001
1.251210e+004,-5.928532e-001
1.251596e+004,-5.032271e-001
1.251981e+004,-3.044422e-001
1.252367e+004,-2.635759e-002
1.252753e+004,2.864382e-001
1.253138e+004,5.798725e-001
1.253524e+004,8.141793e-001
1.253910e+004,9.638687e-001
1.254295e+004,1.030570e+000
1.254681e+004,1.044698e+000
1.255067e+004,1.057024e+000
1.255452e+004,1.121265e+000
1.255838e+004,1.273132e+000
1.256224e+004,1.512082e+000
1.256610e+004,1.802760e+000
1.256995e+004,2.079653e+000
1.257381e+004,2.269995e+000
1.257767e+004,2.318031e+000
1.258152e+004,2.202600e+000
1.258538e+004,1.941352e+000
1.258924e+004,1.580930e+000
1.259309e+004,1.181551e+000
1.259695e+004,7.909263e-001
1.260081e+004,4.430112e-001
1.260467e+004,1.574901e-001
1.260852e+004,-5.133057e-002
1.261238e+004,-1.658547e-001
1.261624e+004,-1.638141e-001
1.262009e+004,-2.669580e-002
1.262395e+004,2.444495e-001
1.262781e+004,6.199142e-001
1.263167e+004,1.037629e+000
1.263552e+004,1.416128e+000
1.263938e+004,1.678579e+000
1.264324e+004,1.778888e+000
1.264709e+004,1.718575e+000
1.265095e+004,1.546388e+000
1.265481e+004,1.339798e+000
1.265866e+004,1.175596e+000
1.266252e+004,1.101240e+000
1.266638e+004,1.119088e+000
1.267023e+004,1.189209e+000
1.267409e+004,1.249166e+000
1.267795e+004,1.242136e+000
1.268181e+004,1.141634e+000
1.268566e+004,9.621552e-001
1.268952e+004,7.562050e-001
1.269338e+004,5.920272e-001
1.269723e+004,5.275818e-001
1.270109e+004,5.876629e-001
1.270495e+004,7.526308e-001
1.270880e+004,9.621841e-001
1.271266e+004,1.132434e+000
1.271652e+004,1.178174e+000
1.272038e+004,1.042719e+000
1.272423e+004,7.136124e-001
1.272809e+004,2.297685e-001
1.273195e+004,-3.262531e-001
1.273580e+004,-8.478510e-001
1.273966e+004,-1.230716e+000
1.274352e+004,-1.398881e+000
1.274738e+004,-1.309633e+000
1.275123e+004,-9.897497e-001
1.275509e+004,-5.160667e-001
1.275895e+004,6.559551e-003
1.276280e+004,4.725040e-001
1.276666e+004,7.999409e-001
1.277052e+004,9.459278e-001
1.277437e+004,9.091682e-001
1.277823e+004,7.247977e-001
1.278209e+004,4.282700e-001
1.278594e+004,8.999453e-002
1.278980e+004,-2.230685e-001
1.279366e+004,-4.556946e-001
1.279752e+004,-5.693594e-001
1.280137e+004,-5.460658e-001
1.280523e+004,-3.915227e-001
1.280909e+004,-1.228991e-001
1.281294e+004,1.983337e-001
1.281680e+004,5.054070e-001
1.282066e+004,7.388715e-001
1.282451e+004,8.622061e-001
1.282837e+004,8.686248e-001
1.283223e+004,7.761787e-001
1.283609e+004,6.141872e-001
1.283994e+004,4.248005e-001
1.284380e+004,2.101858e-001
1.284766e+004,-2.656741e-002
1.285151e+004,-2.821762e-001
1.285537e+004,-5.446024e-001
1.285923e+004,-7.909840e-001
1.286308e+004,-9.943959e-001
1.286694e+004,-1.136049e+000
1.287080e+004,-1.208623e+000
1.287466e+004,-1.244624e+000
1.287851e+004,-1.269896e+000
1.288237e+004,-1.305114e+000
1.288623e+004,-1.352827e+000
1.289008e+004,-1.392703e+000
1.289394e+004,-1.388436e+000
1.289780e+004,-1.303928e+000
1.290165e+004,-1.134271e+000
1.290551e+004,-8.839059e-001
1.290937e+004,-5.880101e-001
1.291323e+004,-2.937463e-001
1.291708e+004,-4.173511e-002
1.292094e+004,1.495739e-001
1.292480e+004,2.893268e-001
1.292865e+004,4.069460e-001
1.293251e+004,5.253361e-001
1.293637e+004,6.730937e-001
1.294022e+004,8.464820e-001
1.294408e+004,1.020874e+000
1.294794e+004,1.163646e+000
1.295180e+004,1.251643e+000
1.295565e+004,1.284568e+000
1.295951e+004,1.287450e+000
1.296337e+004,1.296600e+000
1.296722e+004,1.352797e+000
1.297108e+004,1.471558e+000
1.297494e+004,1.638478e+000
1.297879e+004,1.813718e+000
1.298265e+004,1.948425e+000
1.298651e+004,2.005962e+000
1.299037e+004,1.978343e+000
1.299422e+004,1.890243e+000
1.299808e+004,1.788374e+000
1.300194e+004,1.720094e+000
1.300579e+004,1.712669e+000
1.300965e+004,1.760903e+000
1.301351e+004,1.829520e+000
1.301736e+004,1.869553e+000
1.302122e+004,1.841498e+000
1.302508e+004,1.735232e+000
1.302894e+004,1.575405e+000
1.303279e+004,1.412807e+000
1.303665e+004,1.302247e+000
1.304051e+004,1.277744e+000
1.304436e+004,1.335754e+000
1.304822e+004,1.433999e+000
1.305208e+004,1.506671e+000
1.305593e+004,1.489887e+000
1.305979e+004,1.345714e+000
1.306365e+004,1.076378e+000
1.306751e+004,7.216678e-001
1.307136e+004,3.421603e-001
1.307522e+004,-4.016608e-003
1.307908e+004,-2.806776e-001
1.308293e+004,-4.814945e-001
1.308679e+004,-6.240061e-001
1.309065e+004,-7.352349e-001
1.309450e+004,-8.341777e-001
1.309836e+004,-9.223204e-001
1.310222e+004,-9.843004e-001
1.310608e+004,-9.974519e-001
1.310993e+004,-9.442207e-001
1.311379e+004,-8.205712e-001
1.311765e+004,-6.381336e-001
1.312150e+004,-4.121677e-001
1.312536e+004,-1.570134e-001
1.312922e+004,1.198983e-001
1.313307e+004,4.148685e-001
1.313693e+004,7.180043e-001
1.314079e+004,1.002499e+000
1.314465e+004,1.220816e+000
1.314850e+004,1.312171e+000
1.315236e+004,1.229757e+000
1.315622e+004,9.515485e-001
1.316007e+004,5.026257e-001
1.316393e+004,-4.262316e-002
1.316779e+004,-5.767121e-001
1.317164e+004,-9.890577e-001
1.317550e+004,-1.198697e+000
1.317936e+004,-1.175094e+000
1.318322e+004,-9.619960e-001
1.318707e+004,-6.184779e-001
1.319093e+004,-2.113220e-001
1.319479e+004,2.107013e-001
1.319864e+004,6.314937e-001
1.320250e+004,1.065132e+000
1.320636e+004,1.537586e+000
1.321021e+004,1.946409e+000
1.321407e+004,2.390357e+000
1.321793e+004,2.842118e+000
1.322179e+004,3.253512e+000
1.322564e+004,3.566089e+000
1.322950e+004,3.725836e+000
1.323336e+004,3.697546e+000
1.323721e+004,3.474489e+000
1.324107e+004,3.096540e+000
1.324493e+004,2.609068e+000
1.324878e+004,2.070958e+000
1.325264e+004,1.539926e+000
1.325650e+004,1.061154e+000
1.326036e+004,6.602036e-001
1.326421e+004,3.415303e-001
1.326807e+004,9.223568e-002
1.327193e+004,-3.938248e-001
1.327578e+004,-8.310158e-001
1.327964e+004,-1.215807e+000
1.328350e+004,-1.534380e+000
1.328735e+004,-1.764897e+000
1.329121e+004,-1.884640e+000
1.329507e+004,-1.878397e+000
1.329892e+004,-1.744699e+000
1.330278e+004,-1.482341e+000
1.330664e+004,-1.117467e+000
1.331050e+004,-6.977868e-001
1.331435e+004,-2.754527e-001
1.331821e+004,1.013508e-001
1.332207e+004,3.963365e-001
1.332592e+004,5.916890e-001
1.332978e+004,6.920153e-001
1.333364e+004,7.292200e-001
1.333750e+004,7.398485e-001
1.334135e+004,7.724778e-001
1.334521e+004,8.655065e-001
1.334907e+004,1.033692e+000
1.335292e+004,1.261518e+000
1.335678e+004,1.506830e+000
1.336064e+004,1.714455e+000
1.336449e+004,1.835388e+000
1.336835e+004,1.844152e+000
1.337221e+004,1.748398e+000
1.337607e+004,1.585048e+000
1.337992e+004,1.405228e+000
1.338378e+004,1.253692e+000
1.338764e+004,1.151102e+000
1.339149e+004,1.086474e+000
1.339535e+004,1.025923e+000
1.339921e+004,9.209378e-001
1.340306e+004,7.372912e-001
1.340692e+004,4.685565e-001
1.341078e+004,1.419923e-001
1.341463e+004,-1.882313e-001
1.341849e+004,-4.577408e-001
1.342235e+004,-6.123146e-001
1.342621e+004,-6.243939e-001
1.343006e+004,-5.061085e-001
1.343392e+004,-2.936019e-001
1.343778e+004,-4.134837e-002
1.344163e+004,1.931172e-001
1.344549e+004,3.634690e-001
1.344935e+004,4.439086e-001
1.345321e+004,4.317272e-001
1.345706e+004,3.461000e-001
1.346092e+004,2.149585e-001
1.346478e+004,6.588948e-002
1.346863e+004,-7.744867e-002
1.347249e+004,-1.987392e-001
1.347635e+004,-2.894821e-001
1.348020e+004,-3.471792e-001
1.348406e+004,-3.724469e-001
1.348792e+004,-3.866720e-001
1.349178e+004,-3.775288e-001
1.349563e+004,-3.417463e-001
1.349949e+004,-2.764582e-001
1.350335e+004,-1.819618e-001
1.350720e+004,-6.429733e-002
1.351106e+004,6.329905e-002
1.351492e+004,1.807711e-001
1.351877e+004,2.622595e-001
1.352263e+004,2.954602e-001
1.352649e+004,2.607584e-001
1.353034e+004,1.454431e-001
1.353420e+004,-5.304068e-002
1.353806e+004,-3.253199e-001
1.354192e+004,-6.501278e-001
1.354577e+004,-9.961916e-001
1.354963e+004,-1.354779e+000
1.355349e+004,-1.641270e+000
1.355734e+004,-1.812697e+000
1.356120e+004,-1.839528e+000
1.356506e+004,-1.711377e+000
1.356892e+004,-1.439868e+000
1.357277e+004,-1.057611e+000
1.357663e+004,-6.129343e-001
1.358049e+004,-1.163648e-001
1.358434e+004,3.375947e-001
1.358820e+004,7.055540e-001
1.359206e+004,9.685454e-001
1.359591e+004,1.133376e+000
1.359977e+004,1.226838e+000
1.360363e+004,1.284679e+000
1.360749e+004,1.339006e+000
1.361134e+004,1.419769e+000
1.361520e+004,1.514655e+000
1.361906e+004,1.609232e+000
1.362291e+004,1.682731e+000
1.362677e+004,1.718481e+000
1.363063e+004,1.711465e+000
1.363448e+004,1.669793e+000
1.363834e+004,1.609589e+000
1.364220e+004,1.545593e+000
1.364605e+004,1.481741e+000
1.364991e+004,1.407120e+000
1.365377e+004,1.297666e+000
1.365763e+004,1.124975e+000
1.366148e+004,8.684338e-001
1.366534e+004,5.259531e-001
1.366920e+004,1.190491e-001
1.367305e+004,-3.095866e-001
1.367691e+004,-7.059123e-001
1.368077e+004,-1.016590e+000
1.368463e+004,-1.200649e+000
1.368848e+004,-1.236373e+000
1.369234e+004,-1.122167e+000
1.369620e+004,-8.725281e-001
1.370005e+004,-5.119202e-001
1.370391e+004,-6.942803e-002
1.370777e+004,4.230109e-001
1.371162e+004,9.306291e-001
1.371548e+004,1.414348e+000
1.371934e+004,1.831092e+000
1.372320e+004,2.137621e+000
1.372705e+004,2.297940e+000
1.373091e+004,2.292277e+000
1.373477e+004,2.124166e+000
1.373862e+004,1.821897e+000
1.374248e+004,1.436663e+000
1.374634e+004,1.030565e+000
1.375019e+004,6.630666e-001
1.375405e+004,3.788725e-001
1.375791e+004,2.010896e-001
1.376176e+004,1.315209e-001
1.376562e+004,1.559422e-001
1.376948e+004,2.578326e-001
1.377334e+004,4.206325e-001
1.377719e+004,6.328458e-001
1.378105e+004,8.850081e-001
1.378491e+004,1.162804e+000
1.378876e+004,1.440632e+000
1.379262e+004,1.680124e+000
1.379648e+004,1.835284e+000
1.380033e+004,1.866224e+000
1.380419e+004,1.754726e+000
1.380805e+004,1.515116e+000
1.381191e+004,1.195407e+000
1.381576e+004,8.663378e-001
1.381962e+004,6.009700e-001
1.382348e+004,4.517720e-001
1.382733e+004,4.345530e-001
1.383119e+004,5.236006e-001
1.383505e+004,6.608386e-001
1.383891e+004,7.799179e-001
1.384276e+004,8.315080e-001
1.384662e+004,8.011116e-001
1.385048e+004,7.123402e-001
1.385433e+004,6.145898e-001
1.385819e+004,5.598591e-001
1.386205e+004,5.817789e-001
1.386590e+004,6.792848e-001
1.386976e+004,8.179286e-001
1.387362e+004,9.450139e-001
1.387747e+004,1.011924e+000
1.388133e+004,9.937180e-001
1.388519e+004,8.976711e-001
1.388905e+004,7.561200e-001
1.389290e+004,6.150711e-001
1.389676e+004,5.103410e-001
1.390062e+004,4.557702e-001
1.390447e+004,4.418809e-001
1.390833e+004,4.460441e-001
1.391219e+004,4.483565e-001
1.391604e+004,4.449082e-001
1.391990e+004,4.515399e-001
1.392376e+004,4.960536e-001
1.392762e+004,6.029877e-001
1.393147e+004,7.773603e-001
1.393533e+004,9.957680e-001
1.393919e+004,1.209186e+000
1.394304e+004,1.356845e+000
1.394690e+004,1.385875e+000
1.395076e+004,1.283662e+000
1.395462e+004,1.054919e+000
1.395847e+004,7.348038e-001
1.396233e+004,3.784076e-001
1.396619e+004,4.724455e-002
1.397004e+004,-2.042970e-001
1.397390e+004,-3.391020e-001
1.397776e+004,-3.425045e-001
1.398161e+004,-2.193176e-001
1.398547e+004,-8.579205e-002
1.398933e+004,5.700856e-002
1.399318e+004,2.025278e-001
1.399704e+004,3.381994e-001
1.400090e+004,4.470817e-001
1.400476e+004,5.114140e-001
1.400861e+004,5.171510e-001
1.401247e+004,8.101295e-001
1.401633e+004,1.058808e+000
1.402018e+004,1.242293e+000
1.402404e+004,1.357754e+000
1.402790e+004,1.417007e+000
1.403175e+004,1.438234e+000
1.403561e+004,1.436322e+000
1.403947e+004,1.416030e+000
1.404333e+004,1.362500e+000
1.404718e+004,1.254587e+000
1.405104e+004,1.086387e+000
1.405490e+004,8.689114e-001
1.405875e+004,6.327590e-001
1.406261e+004,4.207609e-001
1.406647e+004,2.729740e-001
1.407032e+004,2.106027e-001
1.407418e+004,2.194215e-001
1.407804e+004,2.732747e-001
1.408190e+004,3.250592e-001
1.408575e+004,3.347435e-001
1.408961e+004,2.864726e-001
1.409347e+004,1.948465e-001
1.409732e+004,9.758956e-002
1.410118e+004,3.820363e-002
1.410504e+004,4.417489e-002
1.410889e+004,1.239767e-001
1.411275e+004,2.559625e-001
1.411661e+004,4.040786e-001
1.412047e+004,5.351449e-001
1.412432e+004,6.330336e-001
1.412818e+004,7.031726e-001
1.413204e+004,7.659034e-001
1.413589e+004,8.423799e-001
1.413975e+004,9.421222e-001
1.414361e+004,1.054828e+000
1.414746e+004,1.153853e+000
1.415132e+004,1.206848e+000
1.415518e+004,1.188353e+000
1.415904e+004,1.088297e+000
1.416289e+004,9.132138e-001
1.416675e+004,6.785647e-001
1.417061e+004,4.086821e-001
1.417446e+004,1.251221e-001
1.417832e+004,-1.516314e-001
1.418218e+004,-3.986286e-001
1.418603e+004,-5.871019e-001
1.418989e+004,-6.834964e-001
1.419375e+004,-6.565927e-001
1.419761e+004,-4.876645e-001
1.420146e+004,-1.823065e-001
1.420532e+004,2.267840e-001
1.420918e+004,6.864749e-001
1.421303e+004,1.137835e+000
1.421689e+004,1.533162e+000
1.422075e+004,1.848137e+000
1.422460e+004,2.083747e+000
1.422846e+004,2.257658e+000
1.423232e+004,2.387831e+000
1.423618e+004,2.479467e+000
1.424003e+004,2.518899e+000
1.424389e+004,2.479543e+000
1.424775e+004,2.337158e+000
1.425160e+004,2.087388e+000
1.425546e+004,1.756917e+000
1.425932e+004,1.402214e+000
1.426317e+004,1.093657e+000
1.426703e+004,8.925704e-001
1.427089e+004,8.283083e-001
1.427475e+004,8.852875e-001
1.427860e+004,1.005766e+000
1.428246e+004,1.108185e+000
1.428632e+004,1.114872e+000
1.429017e+004,9.811371e-001
1.429403e+004,7.073121e-001
1.429789e+004,3.418366e-001
1.430174e+004,-3.495413e-002
1.430560e+004,-3.367735e-001
1.430946e+004,-4.984970e-001
1.431332e+004,-4.952814e-001
1.431717e+004,-3.478197e-001
1.432103e+004,-1.113288e-001
1.432489e+004,1.388267e-001
1.432874e+004,3.358490e-001
1.433260e+004,4.360265e-001
1.433646e+004,4.267003e-001
1.434031e+004,3.238528e-001
1.434417e+004,1.620437e-001
1.434803e+004,-1.846258e-002
1.435189e+004,-1.817902e-001
1.435574e+004,-3.073555e-001
1.435960e+004,-3.822904e-001
1.436346e+004,-4.008464e-001
1.436731e+004,-3.601711e-001
1.437117e+004,-2.576303e-001
1.437503e+004,-9.066945e-002
1.437888e+004,1.412206e-001
1.438274e+004,4.174272e-001
1.438660e+004,7.419869e-001
1.439046e+004,1.098694e+000
1.439431e+004,1.465380e+000
1.439817e+004,1.815786e+000
1.440203e+004,2.121831e+000
1.440588e+004,2.356040e+000
1.440974e+004,2.494138e+000
1.441360e+004,2.510273e+000
1.441745e+004,2.412686e+000
1.442131e+004,2.202656e+000
1.442517e+004,1.892712e+000
1.442903e+004,1.505789e+000
1.443288e+004,1.072230e+000
1.443674e+004,6.252667e-001
1.444060e+004,1.961991e-001
1.444445e+004,-1.776074e-001
1.444831e+004,-4.955784e-001
1.445217e+004,-7.474986e-001
1.445602e+004,-9.266528e-001
1.445988e+004,-1.027905e+000
1.446374e+004,-1.046771e+000
1.446760e+004,-9.800479e-001
1.447145e+004,-8.278768e-001
1.447531e+004,-6.115410e-001
1.447917e+004,-3.318482e-001
1.448302e+004,-7.763099e-003
1.448688e+004,3.347289e-001
1.449074e+004,6.651467e-001
1.449459e+004,9.523649e-001
1.449845e+004,1.169199e+000
1.450231e+004,1.296993e+000
1.450617e+004,1.329793e+000
1.451002e+004,1.275776e+000
1.451388e+004,1.157616e+000
1.451774e+004,1.009706e+000
1.452159e+004,8.726096e-001
1.452545e+004,7.854006e-001
1.452931e+004,7.772924e-001
1.453316e+004,8.605142e-001
1.453702e+004,1.028950e+000
1.454088e+004,1.255336e+000
1.454474e+004,1.491659e+000
1.454859e+004,1.685343e+000
1.455245e+004,1.791998e+000
1.455631e+004,1.785945e+000
1.456016e+004,1.665575e+000
1.456402e+004,1.452264e+000
1.456788e+004,1.174334e+000
1.457173e+004,8.854637e-001
1.457559e+004,6.293706e-001
1.457945e+004,4.379570e-001
1.458331e+004,3.276342e-001
1.458716e+004,2.996919e-001
1.459102e+004,3.430934e-001
1.459488e+004,4.379452e-001
1.459873e+004,5.591756e-001
1.460259e+004,6.778014e-001
1.460645e+004,7.659827e-001
1.461030e+004,8.018851e-001
1.461416e+004,7.749199e-001
1.461802e+004,6.893588e-001
1.462188e+004,5.639427e-001
1.462573e+004,4.261494e-001
1.462959e+004,3.034903e-001
1.463345e+004,2.078834e-001
1.463730e+004,1.333086e-001
1.464116e+004,5.532162e-002
1.464502e+004,-5.881285e-002
1.464887e+004,-2.335938e-001
1.465273e+004,-4.687332e-001
1.465659e+004,-7.301460e-001
1.466045e+004,-9.518522e-001
1.466430e+004,-1.065439e+000
1.466816e+004,-1.010516e+000
1.467202e+004,-7.633357e-001
1.467587e+004,-3.506647e-001
1.467973e+004,1.527626e-001
1.468359e+004,6.436509e-001
1.468744e+004,1.020450e+000
1.469130e+004,1.211341e+000
1.469516e+004,1.208971e+000
1.469902e+004,1.049620e+000
1.470287e+004,8.079197e-001
1.470673e+004,5.715477e-001
1.471059e+004,4.138120e-001
1.471444e+004,3.735633e-001
1.471830e+004,4.485549e-001
1.472216e+004,6.018448e-001
1.472601e+004,7.817693e-001
1.472987e+004,9.384355e-001
1.473373e+004,1.037803e+000
1.473758e+004,1.066124e+000
1.474144e+004,1.025808e+000
1.474530e+004,9.268640e-001
1.474916e+004,7.793437e-001
1.475301e+004,5.867379e-001
1.475687e+004,3.570936e-001
1.476073e+004,1.061359e-001
1.476458e+004,-1.395071e-001
1.476844e+004,-3.443729e-001
1.477230e+004,-4.730151e-001
1.477616e+004,-5.024943e-001
1.478001e+004,-4.327281e-001
1.478387e+004,-2.924810e-001
1.478773e+004,-1.201835e-001
1.479158e+004,3.769274e-002
1.479544e+004,1.520586e-001
1.479930e+004,2.237881e-001
1.480315e+004,2.834441e-001
1.480701e+004,3.772278e-001
1.481087e+004,5.444097e-001
1.481472e+004,7.973707e-001
1.481858e+004,1.105092e+000
1.482244e+004,1.399943e+000
1.482630e+004,1.598526e+000
1.483015e+004,1.630643e+000
1.483401e+004,1.465248e+000
1.483787e+004,1.123400e+000
1.484172e+004,6.735303e-001
1.484558e+004,2.097821e-001
1.484944e+004,-1.705288e-001
1.485329e+004,-3.981155e-001
1.485715e+004,-4.451355e-001
1.486101e+004,-3.260725e-001
1.486487e+004,-8.663103e-002
1.486872e+004,2.134315e-001
1.487258e+004,5.168576e-001
1.487644e+004,7.748322e-001
1.488029e+004,9.695630e-001
1.488415e+004,1.093499e+000
1.488801e+004,1.151926e+000
1.489187e+004,1.159023e+000
1.489572e+004,1.134153e+000
1.489958e+004,1.097988e+000
1.490344e+004,1.067988e+000
1.490729e+004,1.060738e+000
1.491115e+004,1.066452e+000
1.491501e+004,1.072181e+000
1.491886e+004,1.059939e+000
1.492272e+004,1.013928e+000
1.492658e+004,9.284034e-001
1.493043e+004,8.128084e-001
1.493429e+004,6.913444e-001
1.493815e+004,5.687768e-001
1.494201e+004,4.828150e-001
1.494586e+004,4.570302e-001
1.494972e+004,5.011763e-001
1.495358e+004,6.082512e-001
1.495743e+004,7.563676e-001
1.496129e+004,9.147620e-001
1.496515e+004,1.051896e+000
1.496900e+004,1.133591e+000
1.497286e+004,1.142368e+000
1.497672e+004,1.079270e+000
1.498058e+004,9.552251e-001
1.498443e+004,7.841543e-001
1.498829e+004,5.768836e-001
1.499215e+004,3.384229e-001
1.499600e+004,6.962234e-002
1.499986e+004,-3.139091e-001
