5.014096e+002,1.759513e-001
5.052666e+002,2.077774e-001
5.091236e+002,2.008434e-001
5.129806e+002,1.354166e-001
5.168376e+002,6.765127e-003
5.206946e+002,-1.674736e-001
5.245516e+002,-3.488477e-001
5.284086e+002,-4.892478e-001
5.322656e+002,-5.479500e-001
5.361226e+002,-5.061926e-001
5.399796e+002,-3.735116e-001
5.438365e+002,-1.823378e-001
5.476936e+002,2.642030e-002
5.515505e+002,2.198766e-001
5.554076e+002,3.839063e-001
5.592646e+002,5.229985e-001
5.631216e+002,6.515065e-001
5.669786e+002,7.785866e-001
5.708356e+002,8.979324e-001
5.746926e+002,9.864927e-001
5.785496e+002,1.013526e+000
5.824066e+002,9.557431e-001
5.862635e+002,8.110988e-001
5.901205e+002,6.048321e-001
5.939775e+002,3.826598e-001
5.978345e+002,1.972570e-001
6.016915e+002,9.114458e-002
6.055485e+002,8.402999e-002
6.094055e+002,1.691164e-001
6.132625e+002,3.187805e-001
6.171195e+002,4.960217e-001
6.209765e+002,6.655844e-001
6.248335e+002,8.038223e-001
6.286905e+002,8.979187e-001
6.325475e+002,9.435148e-001
6.364045e+002,9.402773e-001
6.402615e+002,8.889976e-001
6.441185e+002,7.915438e-001
6.479755e+002,6.529047e-001
6.518325e+002,4.840350e-001
6.556895e+002,3.000527e-001
6.595465e+002,1.204451e-001
6.634035e+002,-3.480524e-002
6.672605e+002,-1.486415e-001
6.711175e+002,-2.092030e-001
6.749745e+002,-2.106612e-001
6.788315e+002,-1.532708e-001
6.826885e+002,-4.899068e-002
6.865455e+002,9.466061e-002
6.904025e+002,2.591195e-001
6.942595e+002,4.197596e-001
6.981165e+002,5.490642e-001
7.019734e+002,6.221811e-001
7.058304e+002,6.235067e-001
7.096874e+002,5.519214e-001
7.135444e+002,4.815791e-001
7.174014e+002,3.918277e-001
7.212584e+002,2.983372e-001
7.251154e+002,2.165570e-001
7.289724e+002,1.582706e-001
7.328294e+002,1.295134e-001
7.366864e+002,1.304028e-001
7.405435e+002,1.566586e-001
7.444004e+002,1.875918e-001
7.482574e+002,1.848910e-001
7.521144e+002,1.510999e-001
7.559714e+002,9.421243e-002
7.598284e+002,2.665135e-002
7.636854e+002,-3.664646e-002
7.675424e+002,-8.083940e-002
7.713994e+002,-9.408596e-002
7.752564e+002,8.184800e-002
7.791134e+002,2.630441e-001
7.829704e+002,4.245943e-001
7.868274e+002,5.463204e-001
7.906844e+002,6.178494e-001
7.945414e+002,6.409334e-001
7.983984e+002,6.282936e-001
8.022554e+002,5.995232e-001
8.061124e+002,5.700769e-001
8.099694e+002,5.639464e-001
8.138264e+002,5.921911e-001
8.176833e+002,6.551605e-001
8.215403e+002,7.434380e-001
8.253973e+002,8.407578e-001
8.292544e+002,9.279156e-001
8.331113e+002,9.868228e-001
8.369684e+002,1.003520e+000
8.408253e+002,9.707431e-001
8.446824e+002,8.899316e-001
8.485393e+002,7.699795e-001
8.523964e+002,6.245188e-001
8.562533e+002,4.682054e-001
8.601104e+002,3.131917e-001
8.639673e+002,1.670232e-001
8.678243e+002,2.982507e-002
8.716813e+002,-9.435409e-002
8.755383e+002,-2.044492e-001
8.793953e+002,-2.966349e-001
8.832523e+002,-3.637890e-001
8.871093e+002,-3.971074e-001
8.909663e+002,-3.890799e-001
8.948233e+002,-3.363662e-001
8.986803e+002,-2.346371e-001
9.025373e+002,-9.566861e-002
9.063943e+002,6.788933e-002
9.102513e+002,2.412993e-001
9.141083e+002,4.092668e-001
9.179653e+002,5.567347e-001
9.218223e+002,6.696124e-001
9.256793e+002,7.362942e-001
9.295363e+002,7.525930e-001
9.333933e+002,7.134709e-001
9.372502e+002,6.286315e-001
9.411073e+002,5.144235e-001
9.449642e+002,3.882644e-001
9.488213e+002,2.620707e-001
9.526782e+002,1.380368e-001
9.565353e+002,9.545326e-003
9.603922e+002,-1.353430e-001
9.642493e+002,-2.962664e-001
9.681062e+002,-4.610015e-001
9.719633e+002,-6.028061e-001
9.758203e+002,-6.885493e-001
9.796772e+002,-6.924934e-001
9.835342e+002,-6.094769e-001
9.873912e+002,-4.607376e-001
9.912482e+002,-2.886540e-001
9.951052e+002,-1.419124e-001
9.989622e+002,-5.743999e-002
1.002819e+003,-4.733209e-002
1.006676e+003,-9.683624e-002
1.010533e+003,-1.742149e-001
1.014390e+003,-2.475746e-001
1.018247e+003,-3.003783e-001
1.022104e+003,-3.378340e-001
1.025961e+003,-3.825183e-001
1.029818e+003,-4.592256e-001
1.033675e+003,-5.791789e-001
1.037532e+003,-7.300530e-001
1.041389e+003,-8.769994e-001
1.045246e+003,-9.742254e-001
1.049103e+003,-9.818476e-001
1.052960e+003,-8.795942e-001
1.056817e+003,-6.754298e-001
1.060674e+003,-4.012859e-001
1.064531e+003,-1.015269e-001
1.068388e+003,1.807647e-001
1.072245e+003,4.141694e-001
1.076102e+003,5.827609e-001
1.079959e+003,6.836471e-001
1.083816e+003,7.223359e-001
1.087673e+003,7.022859e-001
1.091530e+003,6.306647e-001
1.095387e+003,5.169642e-001
1.099244e+003,3.764566e-001
1.103101e+003,2.322748e-001
1.106958e+003,1.136881e-001
1.110815e+003,5.008782e-002
1.114672e+003,6.121526e-002
1.118529e+003,1.543711e-001
1.122386e+003,3.144369e-001
1.126243e+003,5.094909e-001
1.130100e+003,7.002538e-001
1.133957e+003,8.524399e-001
1.137814e+003,9.472578e-001
1.141671e+003,9.857040e-001
1.145528e+003,9.831237e-001
1.149385e+003,9.628481e-001
1.153242e+003,9.397188e-001
1.157099e+003,9.120251e-001
1.160956e+003,8.609134e-001
1.164813e+003,7.591578e-001
1.168670e+003,5.858029e-001
1.172527e+003,3.401218e-001
1.176384e+003,5.179256e-002
1.180241e+003,-2.354733e-001
1.184098e+003,-4.659142e-001
1.187955e+003,-5.933685e-001
1.191812e+003,-5.958440e-001
1.195669e+003,-4.810878e-001
1.199526e+003,-2.815543e-001
1.203383e+003,-4.179171e-002
1.207240e+003,1.924154e-001
1.211097e+003,3.948203e-001
1.214954e+003,5.513589e-001
1.218811e+003,6.591578e-001
1.222668e+003,7.198778e-001
1.226525e+003,7.340098e-001
1.230382e+003,6.986639e-001
1.234239e+003,6.090825e-001
1.238096e+003,4.628214e-001
1.241953e+003,2.625620e-001
1.245810e+003,1.958615e-002
1.249667e+003,-2.448199e-001
1.253524e+003,-4.992903e-001
1.257381e+003,-7.042199e-001
1.261238e+003,-8.166196e-001
1.265095e+003,-7.988021e-001
1.268952e+003,-6.287181e-001
1.272809e+003,-3.131134e-001
1.276666e+003,1.054902e-001
1.280523e+003,5.549630e-001
1.284380e+003,9.504722e-001
1.288237e+003,1.219092e+000
1.292094e+003,1.323358e+000
1.295951e+003,1.273866e+000
1.299808e+003,1.120571e+000
1.303665e+003,9.430885e-001
1.307522e+003,8.124068e-001
1.311379e+003,7.650554e-001
1.315236e+003,7.923682e-001
1.319093e+003,8.499458e-001
1.322950e+003,8.821989e-001
1.326807e+003,8.499948e-001
1.330664e+003,7.470704e-001
1.334521e+003,6.047009e-001
1.338378e+003,4.718052e-001
1.342235e+003,3.921090e-001
1.346092e+003,3.848644e-001
1.349949e+003,4.392236e-001
1.353806e+003,5.237378e-001
1.357663e+003,6.047796e-001
1.361520e+003,6.626120e-001
1.365377e+003,7.026960e-001
1.369234e+003,7.455976e-001
1.373091e+003,8.142010e-001
1.376948e+003,9.182519e-001
1.380805e+003,1.045116e+000
1.384662e+003,1.160870e+000
1.388519e+003,1.220957e+000
1.392376e+003,1.195867e+000
1.396233e+003,1.061555e+000
1.400090e+003,8.229654e-001
1.403947e+003,5.107582e-001
1.407804e+003,1.751172e-001
1.411661e+003,-1.250684e-001
1.415518e+003,-3.349978e-001
1.419375e+003,-4.161457e-001
1.423232e+003,-3.535920e-001
1.427089e+003,-1.720055e-001
1.430946e+003,8.789115e-002
1.434803e+003,3.676359e-001
1.438660e+003,6.034588e-001
1.442517e+003,7.408771e-001
1.446374e+003,7.478209e-001
1.450231e+003,6.226536e-001
1.454088e+003,3.987050e-001
1.457945e+003,1.251599e-001
1.461802e+003,-1.375728e-001
1.465659e+003,-3.338459e-001
1.469516e+003,-4.256353e-001
1.473373e+003,-4.003710e-001
1.477230e+003,-2.717793e-001
1.481087e+003,-7.368739e-002
1.484944e+003,1.467557e-001
1.488801e+003,3.552958e-001
1.492658e+003,5.297474e-001
1.496515e+003,6.679099e-001
1.500372e+003,7.852756e-001
1.504229e+003,9.060177e-001
1.508086e+003,1.050338e+000
1.511943e+003,1.222898e+000
1.515800e+003,1.403695e+000
1.519657e+003,1.562303e+000
1.523514e+003,1.657377e+000
1.527371e+003,1.655602e+000
1.531228e+003,1.545581e+000
1.535085e+003,1.344879e+000
1.538942e+003,1.097284e+000
1.542799e+003,8.611073e-001
1.546656e+003,6.930527e-001
1.550513e+003,6.317078e-001
1.554370e+003,6.913227e-001
1.558227e+003,8.615850e-001
1.562084e+003,1.115225e+000
1.565941e+003,1.418996e+000
1.569798e+003,1.743465e+000
1.573655e+003,2.068420e+000
1.577512e+003,2.381805e+000
1.581369e+003,2.680493e+000
1.585226e+003,2.961815e+000
1.589083e+003,3.221594e+000
1.592940e+003,3.452847e+000
1.596797e+003,3.646102e+000
1.600654e+003,3.790579e+000
1.604511e+003,3.875832e+000
1.608368e+003,3.894042e+000
1.612225e+003,3.843841e+000
1.616082e+003,3.733788e+000
1.619939e+003,3.586108e+000
1.623796e+003,3.436907e+000
1.627653e+003,3.331148e+000
1.631510e+003,3.312233e+000
1.635367e+003,3.408785e+000
1.639224e+003,3.623020e+000
1.643081e+003,3.927713e+000
1.646938e+003,4.271337e+000
1.650795e+003,4.593101e+000
1.654652e+003,4.841765e+000
1.658509e+003,4.991296e+000
1.662366e+003,5.047284e+000
1.666223e+003,5.041824e+000
1.670080e+003,5.019494e+000
1.673937e+003,5.020744e+000
1.677794e+003,5.069587e+000
1.681651e+003,5.170270e+000
1.685508e+003,5.312670e+000
1.689365e+003,5.482245e+000
1.693222e+003,5.668649e+000
1.697079e+003,5.868467e+000
1.700936e+003,6.081357e+000
1.704793e+003,6.302800e+000
1.708650e+003,6.518645e+000
1.712507e+003,6.705770e+000
1.716364e+003,6.839750e+000
1.720221e+003,6.906429e+000
1.724078e+003,6.911898e+000
1.727935e+003,6.885753e+000
1.731792e+003,6.875536e+000
1.735649e+003,6.934255e+000
1.739506e+003,7.105975e+000
1.743363e+003,7.414927e+000
1.747220e+003,7.861602e+000
1.751077e+003,8.425950e+000
1.754934e+003,9.074972e+000
1.758791e+003,9.770941e+000
1.762648e+003,1.047770e+001
1.766505e+003,1.116378e+001
1.770362e+003,1.180495e+001
1.774219e+003,1.238630e+001
1.778076e+003,1.290467e+001
1.781933e+003,1.336992e+001
1.785790e+003,1.380268e+001
1.789647e+003,1.422738e+001
1.793504e+003,1.466183e+001
1.797361e+003,1.510691e+001
1.801218e+003,1.554247e+001
1.805075e+003,1.593189e+001
1.808932e+003,1.623558e+001
1.812789e+003,1.642858e+001
1.816646e+003,1.651474e+001
1.820503e+003,1.653074e+001
1.824360e+003,1.653695e+001
1.828217e+003,1.659775e+001
1.832073e+003,1.675936e+001
1.835931e+003,1.703386e+001
1.839788e+003,1.739632e+001
1.843645e+003,1.779594e+001
1.847501e+003,1.817661e+001
1.851359e+003,1.849793e+001
1.855216e+003,1.874861e+001
1.859073e+003,1.894689e+001
1.862929e+003,1.912980e+001
1.866787e+003,1.933584e+001
1.870644e+003,1.958918e+001
1.874500e+003,1.989124e+001
1.878357e+003,2.022202e+001
1.882215e+003,2.054921e+001
1.886072e+003,2.084063e+001
1.889928e+003,2.107480e+001
1.893786e+003,2.124699e+001
1.897643e+003,2.136954e+001
1.901500e+003,2.146814e+001
1.905356e+003,2.157594e+001
1.909214e+003,2.172730e+001
1.913071e+003,2.195184e+001
1.916927e+003,2.226905e+001
1.920784e+003,2.268373e+001
1.924642e+003,2.318342e+001
1.928499e+003,2.373887e+001
1.932355e+003,2.430833e+001
1.936212e+003,2.484538e+001
1.940070e+003,2.530836e+001
1.943927e+003,2.566865e+001
1.947783e+003,2.591554e+001
1.951640e+003,2.605601e+001
1.955498e+003,2.611080e+001
1.959354e+003,2.610799e+001
1.963211e+003,2.607686e+001
1.967068e+003,2.604343e+001
1.970926e+003,2.602800e+001
1.974782e+003,2.604381e+001
1.978639e+003,2.609596e+001
1.982497e+003,2.618024e+001
1.986354e+003,2.628257e+001
1.990210e+003,2.638039e+001
1.994067e+003,2.644698e+001
1.997925e+003,2.645819e+001
2.001781e+003,2.639973e+001
2.005638e+003,2.627220e+001
2.009495e+003,2.609146e+001
2.013353e+003,2.588385e+001
2.017209e+003,2.567740e+001
2.021066e+003,2.549260e+001
2.024923e+003,2.533630e+001
2.028781e+003,2.520119e+001
2.032637e+003,2.507085e+001
2.036494e+003,2.492830e+001
2.040351e+003,2.476443e+001
2.044208e+003,2.458298e+001
2.048065e+003,2.439996e+001
2.051922e+003,2.423801e+001
2.055779e+003,2.411788e+001
2.059636e+003,2.405021e+001
2.063493e+003,2.403064e+001
2.067350e+003,2.403996e+001
2.071207e+003,2.404924e+001
2.075064e+003,2.402839e+001
2.078921e+003,2.395536e+001
2.082778e+003,2.382305e+001
2.086635e+003,2.364154e+001
2.090492e+003,2.343473e+001
2.094349e+003,2.323196e+001
2.098206e+003,2.305749e+001
2.102063e+003,2.292099e+001
2.105920e+003,2.281318e+001
2.109777e+003,2.270776e+001
2.113634e+003,2.257015e+001
2.117491e+003,2.236988e+001
2.121348e+003,2.209200e+001
2.125205e+003,2.174326e+001
2.129062e+003,2.135056e+001
2.132919e+003,2.095183e+001
2.136776e+003,2.058459e+001
2.140633e+003,2.027384e+001
2.144490e+003,2.002666e+001
2.148347e+003,1.983359e+001
2.152204e+003,1.967566e+001
2.156061e+003,1.953307e+001
2.159918e+003,1.939153e+001
2.163775e+003,1.924357e+001
2.167632e+003,1.908678e+001
2.171489e+003,1.891885e+001
2.175346e+003,1.873577e+001
2.179203e+003,1.853345e+001
2.183060e+003,1.831244e+001
2.186917e+003,1.808221e+001
2.190774e+003,1.786161e+001
2.194631e+003,1.767302e+001
2.198488e+003,1.753328e+001
2.202345e+003,1.744251e+001
2.206202e+003,1.737950e+001
2.210059e+003,1.730589e+001
2.213916e+003,1.717887e+001
2.217773e+003,1.696811e+001
2.221630e+003,1.666939e+001
2.225487e+003,1.630823e+001
2.229344e+003,1.593318e+001
2.233201e+003,1.559638e+001
2.237058e+003,1.533317e+001
2.240915e+003,1.514707e+001
2.244772e+003,1.500671e+001
2.248629e+003,1.485635e+001
2.252486e+003,1.463592e+001
2.256343e+003,1.430237e+001
2.260200e+003,1.384728e+001
2.264057e+003,1.329906e+001
2.267914e+003,1.271459e+001
2.271771e+003,1.216097e+001
2.275628e+003,1.169427e+001
2.279485e+003,1.134213e+001
2.283342e+003,1.109496e+001
2.287199e+003,1.090735e+001
2.291056e+003,1.071104e+001
2.294913e+003,1.043115e+001
2.298770e+003,1.000639e+001
2.302627e+003,9.405635e+000
2.306484e+003,8.637451e+000
2.310341e+003,7.749959e+000
2.314198e+003,6.820639e+000
2.318055e+003,5.937657e+000
2.321912e+003,5.181283e+000
2.325769e+003,4.602821e+000
2.329626e+003,4.215642e+000
2.333483e+003,3.996797e+000
2.337340e+003,3.899339e+000
2.341197e+003,3.870788e+000
2.345054e+003,3.870899e+000
2.348911e+003,3.882865e+000
2.352768e+003,3.911873e+000
2.356625e+003,3.976823e+000
2.360482e+003,4.095161e+000
2.364339e+003,4.269588e+000
2.368196e+003,4.481758e+000
2.372053e+003,4.695240e+000
2.375910e+003,4.866043e+000
2.379767e+003,4.956305e+000
2.383624e+003,4.944455e+000
2.387481e+003,4.831326e+000
2.391338e+003,4.637774e+000
2.395195e+003,4.397652e+000
2.399052e+003,4.149048e+000
2.402909e+003,3.926753e+000
2.406766e+003,3.757436e+000
2.410623e+003,3.657330e+000
2.414480e+003,3.631521e+000
2.418337e+003,3.673684e+000
2.422194e+003,3.766793e+000
2.426051e+003,3.885412e+000
2.429908e+003,4.000333e+000
2.433765e+003,4.085313e+000
2.437622e+003,4.124159e+000
2.441479e+003,4.115494e+000
2.445336e+003,4.072826e+000
2.449193e+003,4.019133e+000
2.453050e+003,3.977470e+000
2.456907e+003,3.961023e+000
2.460764e+003,3.966588e+000
2.464621e+003,3.974285e+000
2.468478e+003,3.953851e+000
2.472335e+003,3.875285e+000
2.476192e+003,3.719492e+000
2.480049e+003,3.485361e+000
2.483906e+003,3.190387e+000
2.487763e+003,2.865123e+000
2.491620e+003,2.543854e+000
2.495477e+003,2.255116e+000
2.499334e+003,2.015426e+000
2.503191e+003,1.827959e+000
2.507048e+003,1.685729e+000
2.510905e+003,1.577683e+000
2.514762e+003,1.494256e+000
2.518619e+003,1.430628e+000
2.522476e+003,1.386642e+000
2.526333e+003,1.364021e+000
2.530190e+003,1.362635e+000
2.534047e+003,1.377812e+000
2.537904e+003,1.400559e+000
2.541761e+003,1.419815e+000
2.545618e+003,1.426770e+000
2.549475e+003,1.418669e+000
2.553332e+003,1.400271e+000
2.557189e+003,1.381929e+000
2.561046e+003,1.374762e+000
2.564903e+003,1.385141e+000
2.568760e+003,1.409425e+000
2.572617e+003,1.434501e+000
2.576474e+003,1.441460e+000
2.580331e+003,1.412812e+000
2.584188e+003,1.340014e+000
2.588045e+003,1.227909e+000
2.591902e+003,1.093707e+000
2.595759e+003,9.618061e-001
2.599616e+003,8.495082e-001
2.603473e+003,7.628498e-001
2.607330e+003,6.914048e-001
2.611187e+003,6.116486e-001
2.615044e+003,4.966274e-001
2.618901e+003,3.283003e-001
2.622758e+003,1.074637e-001
2.626615e+003,-1.410031e-001
2.630472e+003,-3.812667e-001
2.634329e+003,-5.700916e-001
2.638186e+003,-6.732664e-001
2.642043e+003,-6.763410e-001
2.645900e+003,-5.884446e-001
2.649757e+003,-4.381109e-001
2.653614e+003,-2.632068e-001
2.657471e+003,-1.091480e-001
2.661328e+003,1.477662e-002
2.665185e+003,1.004072e-001
2.669042e+003,1.498680e-001
2.672899e+003,1.698944e-001
2.676756e+003,1.658308e-001
2.680613e+003,1.379206e-001
2.684470e+003,8.113595e-002
2.688327e+003,3.712548e-002
2.692184e+003,-3.180531e-002
2.696041e+003,-1.286303e-001
2.699898e+003,-2.502794e-001
2.703755e+003,-3.881799e-001
2.707612e+003,-5.301312e-001
2.711469e+003,-6.628280e-001
2.715326e+003,-7.742505e-001
2.719183e+003,-8.262007e-001
2.723040e+003,-8.392880e-001
2.726897e+003,-8.136814e-001
2.730754e+003,-7.533383e-001
2.734611e+003,-6.649434e-001
2.738468e+003,-5.568045e-001
2.742325e+003,-4.379332e-001
2.746182e+003,-3.173848e-001
2.750039e+003,-2.818445e-001
2.753896e+003,-2.064360e-001
2.757753e+003,-1.041568e-001
2.761610e+003,7.327825e-003
2.765467e+003,1.097993e-001
2.769324e+003,1.888954e-001
2.773181e+003,2.374412e-001
2.777038e+003,2.567070e-001
2.780895e+003,2.640291e-001
2.784752e+003,2.656645e-001
2.788609e+003,2.747272e-001
2.792466e+003,3.001195e-001
2.796323e+003,3.437465e-001
2.800180e+003,4.002489e-001
2.804037e+003,4.591464e-001
2.807894e+003,5.085237e-001
2.811751e+003,5.420871e-001
2.815608e+003,5.512232e-001
2.819465e+003,5.380918e-001
2.823322e+003,5.101540e-001
2.827179e+003,4.773429e-001
2.831036e+003,4.488868e-001
2.834893e+003,4.309850e-001
2.838750e+003,4.261093e-001
2.842607e+003,4.343418e-001
2.846464e+003,4.539903e-001
2.850321e+003,4.844168e-001
2.854178e+003,5.262156e-001
2.858035e+003,5.802939e-001
2.861892e+003,6.458896e-001
2.865749e+003,7.184860e-001
2.869606e+003,7.887483e-001
2.873463e+003,8.433087e-001
2.877320e+003,8.665527e-001
2.881177e+003,8.450199e-001
2.885034e+003,7.707387e-001
2.888891e+003,6.437739e-001
2.892748e+003,4.730316e-001
2.896605e+003,2.751746e-001
2.900462e+003,7.199701e-002
2.904319e+003,-1.132106e-001
2.908176e+003,-2.594393e-001
2.912033e+003,-3.518072e-001
2.915890e+003,-3.844038e-001
2.919747e+003,-3.618455e-001
2.923604e+003,-2.989331e-001
2.927461e+003,-2.180400e-001
2.931318e+003,-1.443075e-001
2.935175e+003,-9.943245e-002
2.939032e+003,-9.524827e-002
2.942889e+003,-1.296830e-001
2.946746e+003,-1.858500e-001
2.950603e+003,-2.356671e-001
2.954460e+003,-2.474481e-001
2.958317e+003,-1.955958e-001
2.962174e+003,-6.951360e-002
2.966031e+003,1.218579e-001
2.969888e+003,3.491011e-001
2.973745e+003,5.705060e-001
2.977602e+003,7.430967e-001
2.981459e+003,8.349165e-001
2.985316e+003,8.342749e-001
2.989173e+003,7.528391e-001
2.993030e+003,6.215279e-001
2.996887e+003,4.841652e-001
3.000744e+003,3.764088e-001
3.004601e+003,3.237060e-001
3.008458e+003,3.319594e-001
3.012315e+003,3.890114e-001
3.016172e+003,4.715240e-001
3.020029e+003,5.537408e-001
3.023886e+003,6.144415e-001
3.027743e+003,6.651395e-001
3.031600e+003,6.259940e-001
3.035457e+003,4.952268e-001
3.039314e+003,2.841726e-001
3.043171e+003,1.799089e-002
3.047028e+003,-2.637040e-001
3.050885e+003,-5.114237e-001
3.054742e+003,-6.784033e-001
3.058599e+003,-7.369250e-001
3.062456e+003,-6.889271e-001
3.066313e+003,-5.751760e-001
3.070170e+003,-4.519701e-001
3.074027e+003,-3.625377e-001
3.077884e+003,-3.142041e-001
3.081741e+003,-2.751745e-001
3.085598e+003,-1.941701e-001
3.089455e+003,-1.507213e-001
3.093312e+003,-4.297620e-002
3.097169e+003,1.162273e-001
3.101026e+003,2.963079e-001
3.104883e+003,4.588147e-001
3.108740e+003,5.688921e-001
3.112597e+003,6.041341e-001
3.116454e+003,5.584337e-001
3.120311e+003,4.455842e-001
3.124168e+003,2.881282e-001
3.128025e+003,1.089684e-001
3.131882e+003,-6.603621e-002
3.135739e+003,-2.101079e-001
3.139596e+003,-2.982619e-001
3.143453e+003,-3.115287e-001
3.147310e+003,-2.421971e-001
3.151167e+003,-1.006137e-001
3.155024e+003,8.983938e-002
3.158881e+003,2.949690e-001
3.162738e+003,4.782023e-001
3.166594e+003,6.111091e-001
3.170452e+003,6.816635e-001
3.174309e+003,6.966113e-001
3.178166e+003,6.765688e-001
3.182023e+003,6.449506e-001
3.185880e+003,6.187096e-001
3.189737e+003,5.990278e-001
3.193594e+003,5.724037e-001
3.197451e+003,5.185439e-001
3.201308e+003,4.224059e-001
3.205165e+003,2.848317e-001
3.209021e+003,1.265763e-001
3.212879e+003,-1.657151e-002
3.216736e+003,-1.062573e-001
3.220593e+003,-1.165817e-001
3.224449e+003,-4.534543e-002
3.228307e+003,8.348769e-002
3.232164e+003,2.272699e-001
3.236021e+003,3.392208e-001
3.239877e+003,3.843392e-001
3.243735e+003,3.498758e-001
3.247592e+003,2.492844e-001
3.251448e+003,1.162782e-001
3.255305e+003,-8.073598e-003
3.259163e+003,-8.856474e-002
3.263020e+003,-1.051371e-001
3.266876e+003,-5.575053e-002
3.270734e+003,4.674149e-002
3.274591e+003,1.813570e-001
3.278448e+003,3.247940e-001
3.282304e+003,4.562449e-001
3.286162e+003,5.593464e-001
3.290019e+003,6.220083e-001
3.293875e+003,6.360197e-001
3.297732e+003,5.976551e-001
3.301590e+003,5.093712e-001
3.305447e+003,3.794441e-001
3.309303e+003,2.288832e-001
3.313160e+003,8.379005e-002
3.317018e+003,-2.728795e-002
3.320875e+003,-7.891971e-002
3.324731e+003,-5.412165e-002
3.328588e+003,5.189663e-002
3.332446e+003,2.302800e-001
3.336302e+003,4.602990e-001
3.340159e+003,7.095837e-001
3.344016e+003,9.405044e-001
3.347874e+003,1.115574e+000
3.351730e+003,1.203953e+000
3.355587e+003,1.187874e+000
3.359444e+003,1.067631e+000
3.363302e+003,8.634900e-001
3.367158e+003,6.125671e-001
3.371015e+003,3.638141e-001
3.374873e+003,1.657164e-001
3.378729e+003,5.557359e-002
3.382586e+003,5.087519e-002
3.386443e+003,1.458635e-001
3.390301e+003,3.142886e-001
3.394157e+003,5.173176e-001
3.398014e+003,7.138426e-001
3.401871e+003,8.703155e-001
3.405729e+003,9.665361e-001
3.409585e+003,9.970868e-001
3.413442e+003,9.685624e-001
3.417299e+003,8.944776e-001
3.421156e+003,7.900519e-001
3.425013e+003,6.685804e-001
3.428870e+003,5.403072e-001
3.432727e+003,4.122476e-001
3.436584e+003,2.903943e-001
3.440441e+003,1.808371e-001
3.444298e+003,9.017644e-002
3.448155e+003,2.488680e-002
3.452012e+003,-1.003212e-002
3.455869e+003,-1.250844e-002
3.459726e+003,1.470432e-002
3.463583e+003,6.664103e-002
3.467440e+003,1.350080e-001
3.471297e+003,2.105381e-001
3.475154e+003,2.851358e-001
3.479011e+003,3.537233e-001
3.482868e+003,4.151912e-001
3.486725e+003,4.720773e-001
3.490582e+003,5.276204e-001
3.494439e+003,5.878267e-001
3.498296e+003,6.546326e-001
3.502153e+003,7.262297e-001
3.506010e+003,7.971491e-001
3.509867e+003,8.597610e-001
3.513724e+003,9.066322e-001
3.517581e+003,9.327974e-001
3.521438e+003,9.383221e-001
3.525295e+003,9.251091e-001
3.529152e+003,8.966594e-001
3.533009e+003,8.555540e-001
3.536866e+003,8.012722e-001
3.540723e+003,7.291917e-001
3.544580e+003,6.313552e-001
3.548437e+003,4.990005e-001
3.552294e+003,3.299926e-001
3.556151e+003,1.207109e-001
3.560008e+003,-1.196196e-001
3.563865e+003,-3.718741e-001
3.567722e+003,-6.087010e-001
3.571579e+003,-7.987852e-001
3.575436e+003,-9.130962e-001
3.579293e+003,-9.318334e-001
3.583150e+003,-8.567795e-001
3.587007e+003,-6.963531e-001
3.590864e+003,-4.785600e-001
3.594721e+003,-2.419538e-001
3.598578e+003,-2.688107e-002
3.602435e+003,1.344116e-001
3.606292e+003,2.259731e-001
3.610149e+003,2.520138e-001
3.614006e+003,2.347688e-001
3.617863e+003,2.067822e-001
3.621720e+003,2.027825e-001
3.625577e+003,2.469528e-001
3.629434e+003,3.457312e-001
3.633291e+003,4.866121e-001
3.637148e+003,6.431368e-001
3.641005e+003,7.840649e-001
3.644862e+003,8.780020e-001
3.648719e+003,9.137048e-001
3.652576e+003,8.934385e-001
3.656433e+003,8.329608e-001
3.660290e+003,7.547851e-001
3.664147e+003,6.806587e-001
3.668004e+003,6.261559e-001
3.671861e+003,5.988318e-001
3.675718e+003,5.905349e-001
3.679575e+003,6.086274e-001
3.683432e+003,6.481005e-001
3.687289e+003,7.024625e-001
3.691146e+003,7.624254e-001
3.695003e+003,8.143117e-001
3.698860e+003,8.401319e-001
3.702717e+003,8.204715e-001
3.706574e+003,7.265267e-001
3.710431e+003,5.631329e-001
3.714288e+003,3.403144e-001
3.718145e+003,8.302265e-002
3.722002e+003,-1.739482e-001
3.725859e+003,-3.942871e-001
3.729716e+003,-5.488517e-001
3.733573e+003,-6.218660e-001
3.737430e+003,-6.128678e-001
3.741287e+003,-5.293955e-001
3.745144e+003,-3.948896e-001
3.749001e+003,-2.361040e-001
3.752858e+003,-7.792157e-002
3.756715e+003,5.998367e-002
3.760572e+003,1.647739e-001
3.764429e+003,2.309349e-001
3.768286e+003,2.623487e-001
3.772143e+003,2.630790e-001
3.776000e+003,2.453690e-001
3.779857e+003,2.225867e-001
3.783714e+003,2.054220e-001
3.787571e+003,1.988213e-001
3.791428e+003,2.009530e-001
3.795285e+003,2.048538e-001
3.799142e+003,2.023987e-001
3.802999e+003,1.885682e-001
3.806856e+003,1.651756e-001
3.810713e+003,1.413256e-001
3.814570e+003,1.308245e-001
3.818427e+003,1.473519e-001
3.822284e+003,1.992312e-001
3.826141e+003,2.857608e-001
3.829998e+003,3.943920e-001
3.833855e+003,5.092623e-001
3.837712e+003,6.101632e-001
3.841569e+003,6.794239e-001
3.845426e+003,7.064984e-001
3.849283e+003,6.906040e-001
3.853140e+003,6.407446e-001
3.856997e+003,5.731109e-001
3.860854e+003,5.060905e-001
3.864711e+003,4.556972e-001
3.868568e+003,4.304345e-001
3.872425e+003,4.294544e-001
3.876282e+003,4.429742e-001
3.880139e+003,4.555281e-001
3.883996e+003,4.511431e-001
3.887853e+003,4.188034e-001
3.891710e+003,3.552896e-001
3.895567e+003,2.695858e-001
3.899424e+003,1.764229e-001
3.903281e+003,9.321845e-002
3.907138e+003,3.466359e-002
3.910995e+003,8.277871e-003
3.914852e+003,1.234008e-002
3.918709e+003,3.675839e-002
3.922566e+003,6.520046e-002
3.926423e+003,8.490282e-002
3.930280e+003,8.516918e-002
3.934137e+003,6.218190e-002
3.937994e+003,1.990342e-002
3.941851e+003,-3.115647e-002
3.945708e+003,-7.687737e-002
3.949565e+003,-1.033362e-001
3.953422e+003,-9.917842e-002
3.957279e+003,-6.381540e-002
3.961136e+003,-9.947838e-004
3.964993e+003,7.986392e-002
3.968850e+003,1.661956e-001
3.972707e+003,2.455478e-001
3.976564e+003,3.085601e-001
3.980421e+003,3.507014e-001
3.984278e+003,3.695077e-001
3.988135e+003,3.715655e-001
3.991992e+003,3.608676e-001
3.995849e+003,3.394502e-001
3.999706e+003,3.062934e-001
4.003563e+003,2.579973e-001
4.007420e+003,1.910612e-001
4.011277e+003,1.048994e-001
4.015134e+003,8.686092e-003
4.018991e+003,-9.006691e-002
4.022848e+003,-1.781037e-001
4.026705e+003,-2.419585e-001
4.030562e+003,-2.722812e-001
4.034419e+003,-2.675630e-001
4.038276e+003,-2.357897e-001
4.042133e+003,-1.930679e-001
4.045990e+003,-1.588612e-001
4.049847e+003,-1.508394e-001
4.053704e+003,-1.776237e-001
4.057561e+003,-2.351009e-001
4.061418e+003,-3.060865e-001
4.065275e+003,-3.642880e-001
4.069132e+003,-3.817610e-001
4.072989e+003,-3.377727e-001
4.076846e+003,-2.196347e-001
4.080703e+003,-4.414661e-002
4.084560e+003,1.558189e-001
4.088417e+003,3.374131e-001
4.092274e+003,4.598193e-001
4.096131e+003,4.962520e-001
4.099988e+003,4.420242e-001
4.103845e+003,3.159057e-001
4.107702e+003,1.464404e-001
4.111559e+003,-1.757613e-002
4.115416e+003,-1.387226e-001
4.119273e+003,-1.995828e-001
4.123130e+003,-2.076608e-001
4.126987e+003,-1.916230e-001
4.130844e+003,-1.902083e-001
4.134701e+003,-2.376396e-001
4.138558e+003,-3.551712e-001
4.142415e+003,-5.284817e-001
4.146271e+003,-7.215061e-001
4.150129e+003,-8.812456e-001
4.153986e+003,-9.522408e-001
4.157843e+003,-8.920783e-001
4.161700e+003,-6.834882e-001
4.165557e+003,-3.398918e-001
4.169414e+003,1.038467e-001
4.173271e+003,5.790979e-001
4.177128e+003,1.015422e+000
4.180985e+003,1.350441e+000
4.184842e+003,1.542115e+000
4.188699e+003,1.575957e+000
4.192556e+003,1.465921e+000
4.196413e+003,1.249174e+000
4.200270e+003,9.750149e-001
4.204126e+003,6.968215e-001
4.207984e+003,4.585544e-001
4.211841e+003,2.871288e-001
4.215698e+003,1.895228e-001
4.219555e+003,1.549060e-001
4.223412e+003,1.606773e-001
4.227269e+003,1.804582e-001
4.231125e+003,1.912937e-001
4.234982e+003,1.810572e-001
4.238840e+003,1.496998e-001
4.242697e+003,1.089660e-001
4.246554e+003,7.847007e-002
4.250411e+003,7.960018e-002
4.254268e+003,1.286608e-001
4.258125e+003,2.309449e-001
4.261981e+003,3.772697e-001
4.265839e+003,5.454106e-001
4.269696e+003,7.043369e-001
4.273553e+003,8.231649e-001
4.277410e+003,8.806074e-001
4.281267e+003,8.720452e-001
4.285124e+003,8.113439e-001
4.288980e+003,7.262022e-001
4.292837e+003,6.477448e-001
4.296695e+003,6.007702e-001
4.300552e+003,5.925582e-001
4.304409e+003,6.110139e-001
4.308266e+003,6.298093e-001
4.312123e+003,6.192569e-001
4.315979e+003,5.585312e-001
4.319836e+003,4.443028e-001
4.323693e+003,2.924812e-001
4.327551e+003,1.328983e-001
4.331408e+003,-1.095328e-003
4.335265e+003,-8.317362e-002
4.339122e+003,-1.006855e-001
4.342979e+003,-5.559350e-002
4.346835e+003,3.931630e-002
4.350692e+003,1.660378e-001
4.354550e+003,3.111643e-001
4.358407e+003,4.496023e-001
4.362264e+003,5.616411e-001
4.366121e+003,6.269395e-001
4.369978e+003,6.262228e-001
4.373834e+003,5.459041e-001
4.377691e+003,3.840353e-001
4.381548e+003,1.545447e-001
4.385406e+003,-1.310896e-001
4.389263e+003,-4.122456e-001
4.393120e+003,-6.393741e-001
4.396977e+003,-7.750097e-001
4.400833e+003,-8.013316e-001
4.404690e+003,-7.208261e-001
4.408547e+003,-5.513580e-001
4.412404e+003,-3.192710e-001
4.416262e+003,5.510983e-002
4.420119e+003,4.088178e-001
4.423976e+003,6.629205e-001
4.427833e+003,7.600157e-001
4.431689e+003,6.805614e-001
4.435546e+003,4.524023e-001
4.439403e+003,1.447790e-001
4.443260e+003,-1.553680e-001
4.447118e+003,-3.153581e-001
4.450975e+003,-3.985884e-001
4.454832e+003,-4.115841e-001
4.458688e+003,-3.742351e-001
4.462545e+003,-3.074175e-001
4.466402e+003,-2.238645e-001
4.470259e+003,-1.272475e-001
4.474117e+003,-1.885795e-002
4.477974e+003,9.458249e-002
4.481831e+003,2.012127e-001
4.485688e+003,2.841651e-001
4.489544e+003,3.292281e-001
4.493401e+003,3.328483e-001
4.497258e+003,3.056158e-001
4.501115e+003,2.686699e-001
4.504973e+003,2.443255e-001
4.508830e+003,2.463212e-001
4.512687e+003,2.696604e-001
4.516543e+003,2.987536e-001
4.520400e+003,3.128872e-001
4.524257e+003,2.966972e-001
4.528114e+003,2.478636e-001
4.531971e+003,1.781666e-001
4.535829e+003,1.075377e-001
4.539686e+003,5.347249e-002
4.543542e+003,2.514454e-002
4.547399e+003,1.936049e-002
4.551256e+003,2.525559e-002
4.555113e+003,3.255621e-002
4.558970e+003,3.915190e-002
4.562828e+003,5.365094e-002
4.566685e+003,9.137111e-002
4.570542e+003,1.650105e-001
4.574398e+003,2.786551e-001
4.578255e+003,4.218701e-001
4.582112e+003,5.734466e-001
4.585969e+003,7.096707e-001
4.589826e+003,8.135422e-001
4.593684e+003,8.801526e-001
4.597541e+003,9.155372e-001
4.601397e+003,9.299513e-001
4.605254e+003,9.294138e-001
4.609111e+003,9.107645e-001
4.612968e+003,8.634824e-001
4.616826e+003,7.777686e-001
4.620683e+003,6.549016e-001
4.624540e+003,5.141032e-001
4.628396e+003,3.913113e-001
4.632253e+003,3.288807e-001
4.636110e+003,3.599889e-001
4.639967e+003,4.930564e-001
4.643824e+003,7.043785e-001
4.647682e+003,9.419788e-001
4.651539e+003,1.140126e+000
4.655396e+003,1.239457e+000
4.659252e+003,1.205459e+000
4.663109e+003,1.037707e+000
4.666966e+003,7.716981e-001
4.670823e+003,4.660769e-001
4.674681e+003,1.855433e-001
4.678538e+003,-1.623356e-002
4.682395e+003,-1.084430e-001
4.686251e+003,-8.717521e-002
4.690108e+003,2.792836e-002
4.693965e+003,2.029396e-001
4.697822e+003,3.966983e-001
4.701679e+003,5.710995e-001
4.705537e+003,6.974695e-001
4.709394e+003,7.595435e-001
4.713250e+003,7.535907e-001
4.717107e+003,6.864002e-001
4.720964e+003,5.719328e-001
4.724821e+003,4.253719e-001
4.728678e+003,2.657714e-001
4.732535e+003,1.086358e-001
4.736393e+003,-3.356729e-002
4.740250e+003,-1.504706e-001
4.744106e+003,-2.322796e-001
4.747963e+003,-2.690576e-001
4.751820e+003,-2.519523e-001
4.755677e+003,-1.734789e-001
4.759534e+003,-3.933410e-002
4.763392e+003,1.330056e-001
4.767249e+003,3.140592e-001
4.771105e+003,4.676247e-001
4.774962e+003,5.599219e-001
4.778819e+003,5.697051e-001
4.782676e+003,4.955512e-001
4.786533e+003,3.557256e-001
4.790390e+003,1.865391e-001
4.794248e+003,2.926046e-002
4.798104e+003,-8.308297e-002
4.801961e+003,-1.353678e-001
4.805818e+003,-1.332999e-001
4.809675e+003,-9.888317e-002
4.813532e+003,-6.062438e-002
4.817389e+003,-4.284374e-002
4.821246e+003,-5.697282e-002
4.825104e+003,-1.001212e-001
4.828960e+003,-1.581712e-001
4.832817e+003,-2.125134e-001
4.836674e+003,-2.469842e-001
4.840531e+003,-2.522805e-001
4.844388e+003,-2.267141e-001
4.848245e+003,-1.783501e-001
4.852103e+003,-1.095092e-001
4.855959e+003,-2.547410e-002
4.859816e+003,6.892265e-002
4.863673e+003,1.678964e-001
4.867530e+003,2.629865e-001
4.871387e+003,3.424962e-001
4.875244e+003,3.929933e-001
4.879101e+003,4.018413e-001
4.882958e+003,3.660835e-001
4.886815e+003,2.873487e-001
4.890672e+003,1.756756e-001
4.894529e+003,4.765081e-002
4.898386e+003,-7.731842e-002
4.902243e+003,-1.813168e-001
4.906100e+003,-2.514229e-001
4.909957e+003,-2.807784e-001
4.913814e+003,-2.714724e-001
4.917671e+003,-2.282711e-001
4.921528e+003,-1.579147e-001
4.925385e+003,-6.704500e-002
4.929242e+003,3.897596e-002
4.933099e+003,1.561627e-001
4.936956e+003,2.811359e-001
4.940813e+003,4.089940e-001
4.944670e+003,5.354455e-001
4.948527e+003,6.531593e-001
4.952384e+003,7.531568e-001
4.956241e+003,8.260367e-001
4.960098e+003,8.637883e-001
4.963955e+003,8.616957e-001
4.967812e+003,8.197674e-001
4.971669e+003,7.441272e-001
4.975526e+003,6.438597e-001
4.979383e+003,5.314214e-001
4.983240e+003,4.199741e-001
4.987097e+003,3.213737e-001
4.990954e+003,2.447732e-001
4.994811e+003,1.960041e-001
4.998668e+003,1.775789e-001
5.002525e+003,1.889693e-001
5.006382e+003,2.266192e-001
5.010239e+003,2.842230e-001
5.014096e+003,3.529339e-001
5.017953e+003,4.222599e-001
5.021810e+003,4.818332e-001
5.025667e+003,5.238183e-001
5.029524e+003,5.452123e-001
5.033381e+003,5.491064e-001
5.037238e+003,5.436854e-001
5.041095e+003,5.396125e-001
5.044952e+003,5.458701e-001
5.048809e+003,5.659211e-001
5.052666e+003,5.958302e-001
5.056523e+003,6.254101e-001
5.060380e+003,6.423249e-001
5.064237e+003,6.378648e-001
5.068094e+003,6.115043e-001
5.071951e+003,5.735830e-001
5.075808e+003,5.429434e-001
5.079665e+003,5.407709e-001
5.083522e+003,5.823108e-001
5.087379e+003,6.693350e-001
5.091236e+003,7.863034e-001
5.095093e+003,9.023346e-001
5.098950e+003,9.774869e-001
5.102807e+003,9.752454e-001
5.106664e+003,8.740043e-001
5.110521e+003,6.756120e-001
5.114378e+003,4.076708e-001
5.118235e+003,1.184312e-001
5.122092e+003,-1.345529e-001
5.125949e+003,-2.988386e-001
5.129806e+003,-3.391626e-001
5.133663e+003,-2.480294e-001
5.137520e+003,-4.558966e-002
5.141377e+003,2.270182e-001
5.145234e+003,5.191745e-001
5.149091e+003,7.831101e-001
5.152948e+003,9.831686e-001
5.156805e+003,1.101267e+000
5.160662e+003,1.129346e+000
5.164519e+003,1.072103e+000
5.168376e+003,9.397549e-001
5.172233e+003,7.459670e-001
5.176090e+003,5.089252e-001
5.179947e+003,2.538301e-001
5.183804e+003,1.377042e-002
5.187661e+003,-1.744598e-001
5.191518e+003,-2.752110e-001
5.195375e+003,-2.695003e-001
5.199232e+003,-1.630635e-001
5.203089e+003,1.084492e-002
5.206946e+003,1.979161e-001
5.210803e+003,3.375126e-001
5.214660e+003,3.810326e-001
5.218517e+003,3.049810e-001
5.222374e+003,1.233160e-001
5.226231e+003,-1.195798e-001
5.230088e+003,-3.633188e-001
5.233945e+003,-5.506222e-001
5.237802e+003,-6.440043e-001
5.241659e+003,-6.345444e-001
5.245516e+003,-5.406232e-001
5.249373e+003,-3.978532e-001
5.253230e+003,-2.466278e-001
5.257087e+003,-1.193769e-001
5.260944e+003,-3.227889e-002
5.264801e+003,1.618417e-002
5.268658e+003,4.108667e-002
5.272515e+003,6.357116e-002
5.276372e+003,1.026414e-001
5.280229e+003,1.676567e-001
5.284086e+003,2.572501e-001
5.287943e+003,3.575373e-001
5.291800e+003,4.469353e-001
5.295657e+003,5.030988e-001
5.299514e+003,5.106017e-001
5.303371e+003,4.666187e-001
5.307228e+003,3.820876e-001
5.311085e+003,2.795401e-001
5.314942e+003,1.773564e-001
5.318799e+003,8.667326e-002
5.322656e+003,4.479334e-003
5.326513e+003,-8.540861e-002
5.330370e+003,-2.042369e-001
5.334227e+003,-3.659173e-001
5.338084e+003,-5.656753e-001
5.341941e+003,-7.761384e-001
5.345798e+003,-9.553484e-001
5.349655e+003,-1.054885e+000
5.353512e+003,-1.037668e+000
5.357369e+003,-8.914967e-001
5.361226e+003,-6.345649e-001
5.365083e+003,-3.106927e-001
5.368940e+003,2.378750e-002
5.372797e+003,3.050608e-001
5.376654e+003,5.131082e-001
5.380511e+003,6.359922e-001
5.384368e+003,6.807641e-001
5.388225e+003,6.659452e-001
5.392082e+003,6.129858e-001
5.395939e+003,5.404931e-001
5.399796e+003,4.628911e-001
5.403653e+003,3.927976e-001
5.407510e+003,3.422234e-001
5.411367e+003,3.236876e-001
5.415224e+003,3.467524e-001
5.419081e+003,4.123430e-001
5.422938e+003,5.080014e-001
5.426795e+003,6.074879e-001
5.430652e+003,6.764942e-001
5.434509e+003,6.837654e-001
5.438366e+003,6.126760e-001
5.442223e+003,4.700390e-001
5.446080e+003,2.872692e-001
5.449937e+003,1.127837e-001
5.453794e+003,-2.317414e-003
5.457651e+003,-2.057853e-002
5.461508e+003,6.911343e-002
5.465365e+003,2.469920e-001
5.469222e+003,4.671082e-001
5.473079e+003,6.711150e-001
5.476936e+003,8.044736e-001
5.480793e+003,8.316798e-001
5.484650e+003,7.455977e-001
5.488507e+003,5.684433e-001
5.492364e+003,3.445270e-001
5.496221e+003,1.343158e-001
5.500078e+003,-2.476746e-002
5.503935e+003,-1.050184e-001
5.507792e+003,-1.026867e-001
5.511649e+003,-3.765394e-002
5.515506e+003,5.355786e-002
5.519363e+003,1.294143e-001
5.523220e+003,1.562587e-001
5.527077e+003,1.209085e-001
5.530934e+003,3.016735e-002
5.534791e+003,-9.537069e-002
5.538648e+003,-2.262098e-001
5.542505e+003,-3.319797e-001
5.546362e+003,-3.896732e-001
5.550219e+003,-3.897469e-001
5.554076e+003,-3.383408e-001
5.557933e+003,-3.154854e-001
5.561790e+003,-2.839652e-001
5.565647e+003,-2.536545e-001
5.569504e+003,-2.320760e-001
5.573361e+003,-2.230373e-001
5.577218e+003,-2.264484e-001
5.581075e+003,-2.392613e-001
5.584932e+003,-2.571827e-001
5.588789e+003,-3.210462e-001
5.592646e+003,-3.956693e-001
5.596503e+003,-4.654157e-001
5.600360e+003,-5.179468e-001
5.604217e+003,-5.444672e-001
5.608074e+003,-5.385622e-001
5.611931e+003,-4.948967e-001
5.615788e+003,-4.089187e-001
5.619645e+003,-2.539400e-001
5.623501e+003,-4.350087e-002
5.627359e+003,2.084816e-001
5.631216e+003,4.782155e-001
5.635073e+003,7.346371e-001
5.638930e+003,9.446307e-001
5.642787e+003,1.079554e+000
5.646644e+003,1.121246e+000
5.650500e+003,1.064552e+000
5.654358e+003,9.183532e-001
5.658215e+003,7.098305e-001
5.662072e+003,4.758454e-001
5.665929e+003,2.561397e-001
5.669786e+003,8.579068e-002
5.673643e+003,-1.185095e-002
5.677500e+003,-3.029417e-002
5.681356e+003,1.843408e-002
5.685214e+003,1.074605e-001
5.689071e+003,2.007663e-001
5.692928e+003,2.657615e-001
5.696785e+003,2.847571e-001
5.700642e+003,2.623704e-001
5.704499e+003,2.254664e-001
5.708355e+003,2.145335e-001
5.712212e+003,2.696330e-001
5.716070e+003,4.116927e-001
5.719927e+003,6.323381e-001
5.723784e+003,8.917822e-001
5.727641e+003,1.128658e+000
5.731498e+003,1.278502e+000
5.735354e+003,1.294541e+000
5.739211e+003,1.163335e+000
5.743069e+003,9.082637e-001
5.746926e+003,5.858427e-001
5.750783e+003,2.660990e-001
5.754640e+003,1.252273e-002
5.758497e+003,-1.346645e-001
5.762354e+003,-1.663859e-001
5.766210e+003,-1.023016e-001
5.770067e+003,1.960517e-002
5.773925e+003,1.569712e-001
5.777782e+003,2.744898e-001
5.781639e+003,3.513306e-001
5.785496e+003,3.823866e-001
5.789353e+003,3.745189e-001
5.793209e+003,3.405168e-001
5.797066e+003,2.932485e-001
5.800923e+003,2.416449e-001
5.804781e+003,1.889590e-001
5.808638e+003,1.336586e-001
5.812495e+003,7.100846e-002
5.816352e+003,-3.760573e-003
5.820208e+003,-9.230097e-002
5.824065e+003,-1.907525e-001
5.827922e+003,-2.890145e-001
5.831779e+003,-3.723063e-001
5.835637e+003,-4.222356e-001
5.839494e+003,-4.272494e-001
5.843351e+003,-3.848351e-001
5.847208e+003,-3.038233e-001
5.851064e+003,-2.020008e-001
5.854921e+003,-1.001038e-001
5.858778e+003,-1.450118e-002
5.862636e+003,4.828089e-002
5.866493e+003,1.184341e-001
5.870350e+003,1.643242e-001
5.874207e+003,2.018196e-001
5.878063e+003,2.324474e-001
5.881920e+003,2.403352e-001
5.885777e+003,2.032097e-001
5.889634e+003,1.094515e-001
5.893492e+003,-3.054069e-002
5.897349e+003,-1.662989e-001
5.901206e+003,-2.884941e-001
5.905063e+003,-3.723774e-001
5.908919e+003,-4.014931e-001
5.912776e+003,-3.657912e-001
5.916633e+003,-2.573431e-001
5.920490e+003,-6.987253e-002
5.924348e+003,1.945170e-001
5.928205e+003,4.254527e-001
5.932062e+003,6.765832e-001
5.935918e+003,9.157007e-001
5.939775e+003,1.099587e+000
5.943632e+003,1.183539e+000
5.947489e+003,1.133635e+000
5.951347e+003,9.376726e-001
5.955204e+003,6.110687e-001
5.959061e+003,2.085084e-001
5.962917e+003,-2.223129e-001
5.966774e+003,-6.207803e-001
5.970631e+003,-9.316844e-001
5.974488e+003,-1.114766e+000
5.978345e+003,-1.150803e+000
5.982203e+003,-1.043627e+000
5.986060e+003,-8.183780e-001
5.989917e+003,-5.224921e-001
5.993773e+003,-2.014539e-001
5.997630e+003,9.465751e-002
6.001487e+003,3.225358e-001
6.005344e+003,4.529883e-001
6.009201e+003,4.761671e-001
6.013059e+003,4.033008e-001
6.016916e+003,2.640206e-001
6.020772e+003,1.012421e-001
6.024629e+003,-4.472009e-002
6.028486e+003,-1.405791e-001
6.032343e+003,-1.683297e-001
6.036200e+003,-1.280797e-001
6.040058e+003,-3.555222e-002
6.043915e+003,8.493222e-002
6.047771e+003,2.095904e-001
6.051628e+003,3.206886e-001
6.055485e+003,4.183926e-001
6.059342e+003,5.117795e-001
6.063199e+003,6.151708e-001
6.067056e+003,7.395747e-001
6.070914e+003,8.847975e-001
6.074771e+003,1.035416e+000
6.078627e+003,1.162607e+000
6.082484e+003,1.230388e+000
6.086341e+003,1.213640e+000
6.090198e+003,1.099936e+000
6.094055e+003,8.995080e-001
6.097912e+003,6.455441e-001
6.101770e+003,3.871914e-001
6.105626e+003,1.768982e-001
6.109483e+003,5.571387e-002
6.113340e+003,3.960530e-002
6.117197e+003,1.163600e-001
6.121054e+003,2.497141e-001
6.124911e+003,3.876189e-001
6.128768e+003,4.764286e-001
6.132625e+003,4.756054e-001
6.136482e+003,3.686742e-001
6.140339e+003,1.673324e-001
6.144196e+003,-8.012211e-002
6.148053e+003,-3.353465e-001
6.151910e+003,-5.513374e-001
6.155767e+003,-6.916326e-001
6.159625e+003,-7.379636e-001
6.163481e+003,-6.924688e-001
6.167338e+003,-5.744153e-001
6.171195e+003,-4.129167e-001
6.175052e+003,-2.405376e-001
6.178909e+003,-7.983854e-002
6.182766e+003,5.765956e-002
6.186623e+003,1.711014e-001
6.190480e+003,2.677891e-001
6.194337e+003,3.588366e-001
6.198194e+003,4.544703e-001
6.202051e+003,5.603009e-001
6.205908e+003,6.750359e-001
6.209765e+003,7.916353e-001
6.213622e+003,8.979117e-001
6.217479e+003,9.794480e-001
6.221336e+003,1.022436e+000
6.225193e+003,1.016232e+000
6.229050e+003,9.552823e-001
6.232907e+003,8.402685e-001
6.236764e+003,6.677476e-001
6.240621e+003,4.585072e-001
6.244478e+003,2.327093e-001
6.248335e+003,1.222852e-002
6.252192e+003,-1.831256e-001
6.256049e+003,-3.392285e-001
6.259906e+003,-4.501647e-001
6.263763e+003,-5.188475e-001
6.267620e+003,-5.574398e-001
6.271477e+003,-5.742468e-001
6.275334e+003,-5.830572e-001
6.279191e+003,-5.919310e-001
6.283048e+003,-6.007335e-001
6.286905e+003,-6.017961e-001
6.290762e+003,-5.834533e-001
6.294619e+003,-5.350869e-001
6.298476e+003,-4.450054e-001
6.302333e+003,-3.214059e-001
6.306190e+003,-1.761360e-001
6.310047e+003,-2.546370e-002
6.313904e+003,1.148877e-001
6.317761e+003,2.338937e-001
6.321618e+003,3.269464e-001
6.325475e+003,3.946957e-001
6.329332e+003,4.417984e-001
6.333189e+003,4.664465e-001
6.337046e+003,4.675314e-001
6.340903e+003,4.422039e-001
6.344760e+003,3.889928e-001
6.348617e+003,3.113690e-001
6.352474e+003,2.196665e-001
6.356331e+003,1.299333e-001
6.360188e+003,5.841400e-002
6.364045e+003,2.015628e-002
6.367902e+003,1.923168e-002
6.371759e+003,4.823825e-002
6.375616e+003,9.064260e-002
6.379473e+003,1.266933e-001
6.383330e+003,1.407371e-001
6.387187e+003,1.271893e-001
6.391044e+003,9.210954e-002
6.394901e+003,5.393056e-002
6.398758e+003,3.547954e-002
6.402615e+003,5.735667e-002
6.406472e+003,1.314695e-001
6.410329e+003,2.573302e-001
6.414186e+003,4.219904e-001
6.418043e+003,6.033323e-001
6.421900e+003,7.760525e-001
6.425757e+003,9.163524e-001
6.429614e+003,1.009174e+000
6.433471e+003,1.051398e+000
6.437328e+003,1.052646e+000
6.441185e+003,1.032894e+000
6.445042e+003,1.017230e+000
6.448899e+003,1.028822e+000
6.452756e+003,1.082203e+000
6.456613e+003,1.177571e+000
6.460470e+003,1.300218e+000
6.464327e+003,1.424106e+000
6.468184e+003,1.519401e+000
6.472041e+003,1.561507e+000
6.475898e+003,1.538552e+000
6.479755e+003,1.454654e+000
6.483612e+003,1.327576e+000
6.487469e+003,1.182845e+000
6.491326e+003,1.044790e+000
6.495183e+003,9.295857e-001
6.499040e+003,8.421450e-001
6.502897e+003,7.777169e-001
6.506754e+003,7.269447e-001
6.510611e+003,6.817472e-001
6.514468e+003,6.393307e-001
6.518325e+003,6.024429e-001
6.522182e+003,5.766336e-001
6.526039e+003,5.656019e-001
6.529896e+003,5.673631e-001
6.533753e+003,5.730138e-001
6.537610e+003,5.686211e-001
6.541467e+003,5.393060e-001
6.545324e+003,4.739144e-001
6.549181e+003,3.678029e-001
6.553038e+003,2.239398e-001
6.556895e+003,5.185826e-002
6.560752e+003,-1.343280e-001
6.564609e+003,-3.178728e-001
6.568466e+003,-4.808404e-001
6.572323e+003,-6.053559e-001
6.576180e+003,-6.753798e-001
6.580037e+003,-6.801437e-001
6.583894e+003,-6.163505e-001
6.587751e+003,-4.917444e-001
6.591608e+003,-3.260697e-001
6.595465e+003,-1.486582e-001
6.599322e+003,7.562384e-003
6.603179e+003,1.143509e-001
6.607036e+003,1.554753e-001
6.610893e+003,1.349061e-001
6.614750e+003,7.335730e-002
6.618607e+003,4.708111e-003
6.622464e+003,-3.295140e-002
6.626321e+003,-7.734120e-003
6.630178e+003,9.722134e-002
6.634035e+003,2.790074e-001
6.637892e+003,5.126464e-001
6.641749e+003,7.652178e-001
6.645606e+003,9.966211e-001
6.649463e+003,1.170824e+000
6.653320e+003,1.263222e+000
6.657177e+003,1.264571e+000
6.661034e+003,1.180898e+000
6.664891e+003,1.029926e+000
6.668748e+003,8.364598e-001
6.672605e+003,6.241308e-001
6.676462e+003,4.130841e-001
6.680319e+003,2.185335e-001
6.684176e+003,5.179106e-002
6.688033e+003,-7.735829e-002
6.691890e+003,-1.585249e-001
6.695747e+003,-1.803038e-001
6.699604e+003,-1.339683e-001
6.703461e+003,-1.329862e-002
6.707318e+003,1.785053e-001
6.711175e+003,4.266637e-001
6.715032e+003,7.051759e-001
6.718889e+003,9.806938e-001
6.722746e+003,1.218989e+000
6.726603e+003,1.391988e+000
6.730460e+003,1.482992e+000
6.734317e+003,1.489884e+000
6.738174e+003,1.420582e+000
6.742031e+003,1.289756e+000
6.745888e+003,1.113882e+000
6.749745e+003,9.077374e-001
6.753602e+003,6.834711e-001
6.757459e+003,4.519545e-001
6.761316e+003,2.252990e-001
6.765173e+003,1.718339e-002
6.769030e+003,-1.571604e-001
6.772887e+003,-2.844297e-001
6.776744e+003,-3.573757e-001
6.780601e+003,-3.778682e-001
6.784458e+003,-3.571422e-001
6.788315e+003,-3.126357e-001
6.792172e+003,-2.625222e-001
6.796029e+003,-2.190374e-001
6.799886e+003,-1.854199e-001
6.803743e+003,-1.553365e-001
6.807600e+003,-1.166503e-001
6.811457e+003,-5.759399e-002
6.815314e+003,2.721318e-002
6.819171e+003,1.333798e-001
6.823028e+003,2.477367e-001
6.826885e+003,3.514798e-001
6.830742e+003,4.280848e-001
6.834599e+003,4.690652e-001
6.838456e+003,4.772329e-001
6.842313e+003,4.659062e-001
6.846170e+003,4.544173e-001
6.850027e+003,4.615641e-001
6.853884e+003,4.987544e-001
6.857741e+003,5.677898e-001
6.861598e+003,6.577922e-001
6.865455e+003,7.488832e-001
6.869312e+003,8.175744e-001
6.873169e+003,8.429680e-001
6.877026e+003,8.120347e-001
6.880883e+003,7.226444e-001
6.884740e+003,5.809367e-001
6.888597e+003,4.070256e-001
6.892454e+003,2.233461e-001
6.896311e+003,5.137099e-002
6.900167e+003,-9.291850e-002
6.904025e+003,-2.017406e-001
6.907882e+003,-2.758827e-001
6.911739e+003,-3.229238e-001
6.915596e+003,-3.536982e-001
6.919453e+003,-3.790912e-001
6.923310e+003,-4.083297e-001
6.927167e+003,-4.459055e-001
6.931024e+003,-4.911662e-001
6.934881e+003,-5.390037e-001
6.938738e+003,-5.811682e-001
6.942595e+003,-6.079140e-001
6.946452e+003,-5.976737e-001
6.950309e+003,-5.498959e-001
6.954166e+003,-4.636905e-001
6.958022e+003,-3.465224e-001
6.961880e+003,-2.137899e-001
6.965737e+003,-8.543290e-002
6.969594e+003,1.995834e-002
6.973451e+003,9.158820e-002
6.977308e+003,1.571160e-001
6.981165e+003,1.911834e-001
6.985021e+003,2.127392e-001
6.988878e+003,2.329268e-001
6.992736e+003,2.443085e-001
6.996593e+003,2.206812e-001
7.000450e+003,1.297088e-001
7.004307e+003,-4.671299e-002
7.008164e+003,-2.743067e-001
7.012021e+003,-5.262451e-001
7.015877e+003,-7.438697e-001
7.019735e+003,-8.686737e-001
7.023592e+003,-8.644447e-001
7.027449e+003,-7.317823e-001
7.031306e+003,-5.083559e-001
7.035163e+003,-2.547589e-001
7.039020e+003,-4.483183e-002
7.042876e+003,1.096344e-001
7.046733e+003,1.984976e-001
7.050591e+003,2.302685e-001
7.054448e+003,2.234983e-001
7.058305e+003,1.963669e-001
7.062162e+003,1.593516e-001
7.066019e+003,1.138186e-001
7.069875e+003,6.763627e-002
7.073732e+003,7.606730e-003
7.077589e+003,-6.307520e-002
7.081447e+003,-1.341750e-001
7.085304e+003,-1.918799e-001
7.089161e+003,-2.245719e-001
7.093018e+003,-2.278418e-001
7.096875e+003,-2.061072e-001
7.100731e+003,-1.703066e-001
7.104588e+003,-1.327142e-001
7.108445e+003,-9.919591e-002
7.112303e+003,-6.757323e-002
7.116160e+003,-2.878365e-002
7.120017e+003,2.828883e-002
7.123874e+003,1.104755e-001
7.127730e+003,2.153638e-001
7.131587e+003,3.278635e-001
7.135444e+003,4.296567e-001
7.139302e+003,4.989437e-001
7.143159e+003,5.188462e-001
7.147016e+003,4.821237e-001
7.150873e+003,3.925708e-001
7.154729e+003,2.630748e-001
7.158586e+003,1.116484e-001
7.162443e+003,-4.268036e-002
7.166300e+003,-1.827185e-001
7.170158e+003,-2.941267e-001
7.174015e+003,-3.650596e-001
7.177872e+003,-3.858806e-001
7.181729e+003,-3.499086e-001
7.185585e+003,-2.554565e-001
7.189442e+003,-1.083905e-001
7.193299e+003,7.624607e-002
7.197156e+003,2.748352e-001
7.201014e+003,4.589389e-001
7.204871e+003,6.014195e-001
7.208728e+003,6.833715e-001
7.212584e+003,6.996420e-001
7.216441e+003,6.609782e-001
7.220298e+003,5.918701e-001
7.224155e+003,5.245363e-001
7.228013e+003,4.905652e-001
7.231870e+003,5.127380e-001
7.235727e+003,5.991576e-001
7.239583e+003,7.412800e-001
7.243440e+003,9.161719e-001
7.247297e+003,1.092154e+000
7.251154e+003,1.236201e+000
7.255011e+003,1.321291e+000
7.258869e+003,1.331195e+000
7.262726e+003,1.263819e+000
7.266583e+003,1.130308e+000
7.270439e+003,9.517557e-001
7.274296e+003,7.542283e-001
7.278153e+003,5.632432e-001
7.282010e+003,3.988857e-001
7.285867e+003,2.719415e-001
7.289725e+003,1.842333e-001
7.293582e+003,1.279855e-001
7.297438e+003,8.943173e-002
7.301295e+003,5.320701e-002
7.305152e+003,7.057816e-003
7.309009e+003,-5.434738e-002
7.312866e+003,-1.275663e-001
7.316724e+003,-2.018111e-001
7.320581e+003,-2.601351e-001
7.324438e+003,-2.869610e-001
7.328294e+003,-2.727972e-001
7.332151e+003,-2.182027e-001
7.336008e+003,-1.347087e-001
7.339865e+003,-4.210064e-002
7.343722e+003,3.740968e-002
7.347580e+003,8.686565e-002
7.351437e+003,9.931169e-002
7.355293e+003,8.262437e-002
7.359150e+003,5.757241e-002
7.363007e+003,5.189595e-002
7.366864e+003,9.163004e-002
7.370721e+003,1.923487e-001
7.374578e+003,3.531776e-001
7.378436e+003,5.571620e-001
7.382292e+003,7.696621e-001
7.386149e+003,9.516900e-001
7.390006e+003,1.068197e+000
7.393863e+003,1.096455e+000
7.397720e+003,1.030684e+000
7.401577e+003,8.818357e-001
7.405434e+003,6.731808e-001
7.409292e+003,4.286788e-001
7.413148e+003,1.808238e-001
7.417005e+003,-4.767752e-002
7.420862e+003,-2.417166e-001
7.424719e+003,-3.924667e-001
7.428576e+003,-4.945732e-001
7.432433e+003,-5.438095e-001
7.436291e+003,-5.366659e-001
7.440147e+003,-4.717122e-001
7.444004e+003,-3.533677e-001
7.447861e+003,-1.970037e-001
7.451718e+003,-2.783674e-002
7.455575e+003,1.227555e-001
7.459432e+003,2.246327e-001
7.463289e+003,2.578504e-001
7.467146e+003,2.199449e-001
7.471003e+003,1.273485e-001
7.474860e+003,1.397609e-002
7.478717e+003,-8.038196e-002
7.482574e+003,-1.233771e-001
7.486431e+003,-1.012405e-001
7.490288e+003,-2.340346e-002
7.494145e+003,8.144470e-002
7.498002e+003,1.766108e-001
7.501859e+003,2.316868e-001
7.505716e+003,2.331867e-001
7.509573e+003,1.901038e-001
7.513430e+003,1.282210e-001
7.517287e+003,7.786313e-002
7.521144e+003,6.009736e-002
7.525001e+003,7.746857e-002
7.528858e+003,1.134175e-001
7.532715e+003,1.406301e-001
7.536572e+003,1.341327e-001
7.540429e+003,8.397890e-002
7.544286e+003,9.136060e-004
7.548143e+003,-8.720343e-002
7.552000e+003,-1.465757e-001
7.555857e+003,-1.511523e-001
7.559714e+003,-9.262158e-002
7.563571e+003,1.704079e-002
7.567428e+003,1.536780e-001
7.571285e+003,2.912894e-001
7.575142e+003,4.133588e-001
7.578999e+003,5.180728e-001
7.582856e+003,6.155130e-001
7.586713e+003,7.184561e-001
7.590570e+003,8.315732e-001
7.594427e+003,9.439656e-001
7.598284e+003,1.032186e+000
7.602141e+003,1.066146e+000
7.605998e+003,1.022502e+000
7.609855e+003,8.957856e-001
7.613712e+003,7.031004e-001
7.617569e+003,4.800357e-001
7.621426e+003,2.692157e-001
7.625283e+003,1.067542e-001
7.629140e+003,8.171856e-003
7.632997e+003,-3.289394e-002
7.636854e+003,-4.110026e-002
7.640711e+003,-4.834659e-002
7.644568e+003,-8.072172e-002
7.648425e+003,-1.486299e-001
7.652282e+003,-2.437457e-001
7.656139e+003,-3.435051e-001
7.659996e+003,-4.212806e-001
7.663853e+003,-4.570192e-001
7.667710e+003,-4.448591e-001
7.671567e+003,-3.944674e-001
7.675424e+003,-3.260638e-001
7.679281e+003,-2.616281e-001
7.683138e+003,-2.162092e-001
7.686995e+003,-1.929032e-001
7.690852e+003,-1.836162e-001
7.694709e+003,-1.742288e-001
7.698566e+003,-1.521751e-001
7.702423e+003,-1.122892e-001
7.706280e+003,-5.826844e-002
7.710137e+003,7.423609e-004
7.713994e+003,5.653095e-002
7.717851e+003,1.104274e-001
7.721708e+003,1.686831e-001
7.725565e+003,2.463038e-001
7.729422e+003,3.577559e-001
7.733279e+003,5.088758e-001
7.737136e+003,6.918039e-001
7.740993e+003,8.854215e-001
7.744850e+003,1.061131e+000
7.748707e+003,1.201785e+000
7.752564e+003,1.259584e+000
7.756421e+003,1.225378e+000
7.760278e+003,1.104323e+000
7.764135e+003,9.102154e-001
7.767992e+003,6.602091e-001
7.771849e+003,3.731685e-001
7.775706e+003,7.165322e-002
7.779563e+003,-2.772753e-001
7.783420e+003,-5.342349e-001
7.787277e+003,-6.478589e-001
7.791134e+003,-5.984461e-001
7.794991e+003,-4.092616e-001
7.798848e+003,-1.408331e-001
7.802705e+003,1.313682e-001
7.806562e+003,3.449304e-001
7.810419e+003,4.307008e-001
7.814276e+003,4.596378e-001
7.818133e+003,4.471072e-001
7.821990e+003,4.049527e-001
7.825847e+003,3.355400e-001
7.829704e+003,2.346404e-001
7.833561e+003,1.012553e-001
7.837418e+003,-5.202039e-002
7.841275e+003,-1.879463e-001
7.845132e+003,-2.857968e-001
7.848989e+003,-3.152823e-001
7.852846e+003,-2.591532e-001
7.856703e+003,-1.214465e-001
7.860560e+003,7.180735e-002
7.864417e+003,2.799144e-001
7.868274e+003,4.599095e-001
7.872131e+003,5.744238e-001
7.875988e+003,6.175364e-001
7.879845e+003,5.944054e-001
7.883702e+003,5.242658e-001
7.887559e+003,4.332331e-001
7.891416e+003,3.470011e-001
7.895273e+003,2.855696e-001
7.899130e+003,2.607016e-001
7.902987e+003,2.740003e-001
7.906844e+003,3.219087e-001
7.910701e+003,3.944745e-001
7.914558e+003,4.776977e-001
7.918415e+003,5.558183e-001
7.922272e+003,6.141965e-001
7.926129e+003,6.423455e-001
7.929986e+003,6.362031e-001
7.933843e+003,5.986663e-001
7.937700e+003,5.390965e-001
7.941557e+003,4.688102e-001
7.945414e+003,3.990976e-001
7.949271e+003,3.391489e-001
7.953128e+003,2.953198e-001
7.956985e+003,2.714296e-001
7.960842e+003,2.692052e-001
7.964699e+003,2.876866e-001
7.968556e+003,3.234977e-001
7.972413e+003,3.686311e-001
7.976270e+003,4.103965e-001
7.980127e+003,4.330849e-001
7.983984e+003,4.215213e-001
7.987841e+003,3.653641e-001
7.991698e+003,2.623323e-001
7.995555e+003,1.255145e-001
7.999412e+003,-3.781524e-002
8.003269e+003,-2.141246e-001
8.007126e+003,-3.918988e-001
8.010983e+003,-5.631864e-001
8.014840e+003,-7.221349e-001
8.018697e+003,-8.614446e-001
8.022554e+003,-9.690753e-001
8.026411e+003,-1.026107e+000
8.030268e+003,-1.019172e+000
8.034125e+003,-9.354259e-001
8.037982e+003,-7.749029e-001
8.041839e+003,-5.553755e-001
8.045696e+003,-3.115273e-001
8.049553e+003,-8.767941e-002
8.053410e+003,7.397723e-002
8.057267e+003,1.449531e-001
8.061124e+003,1.215479e-001
8.064981e+003,2.202892e-002
8.068838e+003,-1.181895e-001
8.072695e+003,-2.576941e-001
8.076552e+003,-3.610135e-001
8.080409e+003,-4.072451e-001
8.084266e+003,-3.928755e-001
8.088123e+003,-3.283943e-001
8.091980e+003,-2.326527e-001
8.095837e+003,-1.254426e-001
8.099694e+003,-2.233454e-002
8.103551e+003,6.694013e-002
8.107408e+003,1.373596e-001
8.111265e+003,1.865129e-001
8.115122e+003,2.132566e-001
8.118979e+003,2.176962e-001
8.122836e+003,2.029339e-001
8.126693e+003,1.755670e-001
8.130550e+003,1.447618e-001
8.134407e+003,1.196584e-001
8.138264e+003,1.060561e-001
8.142121e+003,1.040912e-001
8.145978e+003,1.083067e-001
8.149835e+003,1.129545e-001
8.153692e+003,1.088397e-001
8.157549e+003,9.358782e-002
8.161406e+003,7.107016e-002
8.165263e+003,4.959953e-002
8.169120e+003,3.804177e-002
8.172977e+003,4.196894e-002
8.176833e+003,6.193852e-002
8.180691e+003,9.705752e-002
8.184548e+003,1.417256e-001
8.188405e+003,1.960219e-001
8.192262e+003,2.648757e-001
8.196118e+003,3.558027e-001
8.199976e+003,4.736963e-001
8.203832e+003,6.150671e-001
8.207689e+003,7.647570e-001
8.211547e+003,8.973285e-001
8.215403e+003,9.830608e-001
8.219261e+003,9.974537e-001
8.223117e+003,9.298249e-001
8.226975e+003,7.882942e-001
8.230831e+003,5.990598e-001
8.234688e+003,4.001275e-001
8.238546e+003,2.315366e-001
8.242402e+003,1.274893e-001
8.246260e+003,1.006348e-001
8.250116e+003,1.478050e-001
8.253974e+003,2.484623e-001
8.257830e+003,3.700738e-001
8.261688e+003,4.759847e-001
8.265544e+003,5.340203e-001
8.269401e+003,5.240285e-001
8.273259e+003,4.474319e-001
8.277115e+003,3.145978e-001
8.280973e+003,1.529310e-001
8.284829e+003,-3.104031e-003
8.288687e+003,-1.206478e-001
8.292543e+003,-1.768538e-001
8.296400e+003,-1.645476e-001
8.300258e+003,-9.336482e-002
8.304114e+003,4.373312e-003
8.307972e+003,1.075632e-001
8.311828e+003,1.935102e-001
8.315686e+003,2.468662e-001
8.319542e+003,2.616305e-001
8.323399e+003,2.398007e-001
8.327257e+003,1.878556e-001
8.331113e+003,1.130081e-001
8.334971e+003,2.705279e-002
8.338827e+003,-6.245598e-002
8.342685e+003,-1.517818e-001
8.346541e+003,-2.356002e-001
8.350398e+003,-3.058156e-001
8.354255e+003,-3.521826e-001
8.358112e+003,-3.647863e-001
8.361970e+003,-3.375245e-001
8.365826e+003,-2.704490e-001
8.369684e+003,-1.736394e-001
8.373540e+003,-6.318253e-002
8.377397e+003,4.109166e-002
8.381254e+003,1.199748e-001
8.385111e+003,1.589048e-001
8.388969e+003,1.504434e-001
8.392825e+003,9.469151e-002
8.396683e+003,-9.418532e-003
8.400539e+003,-1.449218e-001
8.404396e+003,-2.977233e-001
8.408253e+003,-4.522349e-001
8.412110e+003,-5.921276e-001
8.415968e+003,-7.010376e-001
8.419824e+003,-7.640699e-001
8.423682e+003,-7.703769e-001
8.427538e+003,-7.073790e-001
8.431396e+003,-5.844972e-001
8.435252e+003,-4.190875e-001
8.439109e+003,-2.355561e-001
8.442966e+003,-5.907568e-002
8.446823e+003,9.108962e-002
8.450681e+003,2.059218e-001
8.454537e+003,2.867708e-001
8.458395e+003,3.439259e-001
8.462251e+003,3.803456e-001
8.466108e+003,3.976665e-001
8.469965e+003,3.901068e-001
8.473822e+003,3.480573e-001
8.477680e+003,2.654894e-001
8.481536e+003,1.476504e-001
8.485394e+003,1.500640e-002
8.489250e+003,-9.962700e-002
8.493107e+003,-1.572657e-001
8.496964e+003,-1.281152e-001
8.500821e+003,-1.793773e-003
8.504679e+003,2.072482e-001
8.508535e+003,4.622304e-001
8.512393e+003,7.136408e-001
8.516249e+003,9.125260e-001
8.520106e+003,1.023261e+000
8.523963e+003,1.030277e+000
8.527820e+003,9.411973e-001
8.531677e+003,7.820635e-001
8.535534e+003,5.895007e-001
8.539392e+003,4.020142e-001
8.543248e+003,2.525434e-001
8.547105e+003,1.633473e-001
8.550962e+003,1.433417e-001
8.554819e+003,1.876195e-001
8.558676e+003,2.795799e-001
8.562533e+003,3.943901e-001
8.566391e+003,5.044207e-001
8.570247e+003,5.856499e-001
8.574104e+003,6.235172e-001
8.577961e+003,6.163695e-001
8.581818e+003,5.759655e-001
8.585675e+003,5.204144e-001
8.589532e+003,4.691654e-001
8.593389e+003,4.356455e-001
8.597246e+003,4.228868e-001
8.601104e+003,4.235357e-001
8.604960e+003,4.242460e-001
8.608817e+003,4.125828e-001
8.612674e+003,3.832605e-001
8.616531e+003,3.413291e-001
8.620388e+003,3.005607e-001
8.624245e+003,2.778640e-001
8.628103e+003,2.861186e-001
8.631959e+003,3.280924e-001
8.635816e+003,3.938908e-001
8.639673e+003,4.630103e-001
8.643530e+003,5.080947e-001
8.647387e+003,5.171016e-001
8.651244e+003,4.791451e-001
8.655102e+003,3.942467e-001
8.658958e+003,2.734192e-001
8.662815e+003,1.358450e-001
8.666672e+003,4.157901e-003
8.670529e+003,-1.007405e-001
8.674386e+003,-1.377152e-001
8.678243e+003,-1.354637e-001
8.682100e+003,-9.546397e-002
8.685957e+003,-2.358067e-002
8.689814e+003,7.129557e-002
8.693671e+003,1.788395e-001
8.697528e+003,2.887977e-001
8.701385e+003,3.921791e-001
8.705242e+003,4.774668e-001
8.709099e+003,5.431222e-001
8.712956e+003,5.862154e-001
8.716813e+003,6.061097e-001
8.720670e+003,6.040720e-001
8.724526e+003,5.829892e-001
8.728384e+003,5.472190e-001
8.732241e+003,5.024849e-001
8.736098e+003,4.369283e-001
8.739955e+003,3.800101e-001
8.743812e+003,3.418055e-001
8.747669e+003,3.289481e-001
8.751525e+003,3.424619e-001
8.755383e+003,3.766646e-001
8.759240e+003,4.198053e-001
8.763097e+003,4.566263e-001
8.766954e+003,4.693687e-001
8.770811e+003,4.495679e-001
8.774668e+003,3.957018e-001
8.778524e+003,3.163606e-001
8.782382e+003,2.279076e-001
8.786238e+003,1.494326e-001
8.790096e+003,9.659745e-002
8.793953e+003,7.643630e-002
8.797810e+003,8.509403e-002
8.801667e+003,1.085568e-001
8.805523e+003,1.262233e-001
8.809381e+003,1.183246e-001
8.813237e+003,7.222705e-002
8.817095e+003,-1.362080e-002
8.820952e+003,-1.292626e-001
8.824809e+003,-2.562356e-001
8.828666e+003,-3.741108e-001
8.832522e+003,-4.615017e-001
8.836380e+003,-5.057038e-001
8.840236e+003,-5.032712e-001
8.844094e+003,-4.592856e-001
8.847951e+003,-3.845590e-001
8.851808e+003,-2.920843e-001
8.855665e+003,-1.940302e-001
8.859521e+003,-9.944794e-002
8.863379e+003,-1.686017e-002
8.867235e+003,4.841287e-002
8.871093e+003,9.266166e-002
8.874949e+003,1.139964e-001
8.878807e+003,1.134261e-001
8.882664e+003,9.614503e-002
8.886521e+003,7.197139e-002
8.890378e+003,5.153961e-002
8.894234e+003,5.098747e-002
8.898092e+003,7.914156e-002
8.901948e+003,1.358625e-001
8.905806e+003,2.105144e-001
8.909663e+003,2.841488e-001
8.913520e+003,3.350379e-001
8.917377e+003,3.457041e-001
8.921233e+003,3.050967e-001
8.925091e+003,2.210515e-001
8.928947e+003,1.101603e-001
8.932805e+003,-6.039195e-003
8.936662e+003,-1.081760e-001
8.940519e+003,-1.840558e-001
8.944376e+003,-2.297064e-001
8.948232e+003,-2.466573e-001
8.952090e+003,-2.309280e-001
8.955946e+003,-1.843121e-001
8.959804e+003,-1.062329e-001
8.963660e+003,2.412051e-003
8.967518e+003,1.348657e-001
8.971375e+003,2.763017e-001
8.975231e+003,4.058572e-001
8.979089e+003,5.024583e-001
8.982945e+003,5.574986e-001
8.986803e+003,5.465961e-001
8.990659e+003,4.792197e-001
8.994517e+003,3.731405e-001
8.998374e+003,2.465317e-001
9.002230e+003,1.133204e-001
9.006088e+003,-1.612405e-002
9.009944e+003,-1.309282e-001
9.013802e+003,-2.138255e-001
9.017658e+003,-2.543401e-001
9.021516e+003,-2.421972e-001
9.025373e+003,-1.792120e-001
9.029229e+003,-8.273184e-002
9.033087e+003,1.810706e-002
9.036943e+003,9.233893e-002
9.040801e+003,1.185811e-001
9.044657e+003,1.042701e-001
9.048515e+003,5.620119e-002
9.052371e+003,-9.001493e-003
9.056229e+003,-7.421377e-002
9.060086e+003,-1.262938e-001
9.063942e+003,-1.570174e-001
9.067800e+003,-1.614092e-001
9.071656e+003,-1.360758e-001
9.075514e+003,-7.631995e-002
9.079370e+003,8.515552e-003
9.083228e+003,1.080302e-001
9.087085e+003,2.041680e-001
9.090941e+003,2.751402e-001
9.094799e+003,3.031053e-001
9.098655e+003,2.823877e-001
9.102513e+003,2.238998e-001
9.106369e+003,1.544241e-001
9.110227e+003,1.005333e-001
9.114084e+003,8.433830e-002
9.117940e+003,1.121910e-001
9.121798e+003,1.722290e-001
9.125654e+003,2.400078e-001
9.129512e+003,2.897626e-001
9.133368e+003,3.060295e-001
9.137226e+003,2.885076e-001
9.141082e+003,2.550042e-001
9.144939e+003,2.278707e-001
9.148797e+003,2.245906e-001
9.152653e+003,2.496096e-001
9.156511e+003,2.929929e-001
9.160367e+003,3.364165e-001
9.164225e+003,3.633293e-001
9.168081e+003,3.663860e-001
9.171938e+003,3.562600e-001
9.175796e+003,3.517941e-001
9.179652e+003,3.725737e-001
9.183510e+003,4.284214e-001
9.187366e+003,5.127567e-001
9.191224e+003,6.030250e-001
9.195080e+003,6.682347e-001
9.198938e+003,6.806998e-001
9.202795e+003,6.277341e-001
9.206651e+003,5.156584e-001
9.210509e+003,3.697814e-001
9.214365e+003,2.271328e-001
9.218223e+003,1.254939e-001
9.222079e+003,9.242477e-002
9.225937e+003,1.375784e-001
9.229793e+003,2.493711e-001
9.233650e+003,4.003048e-001
9.237508e+003,5.529740e-001
9.241364e+003,6.691882e-001
9.245222e+003,7.188375e-001
9.249078e+003,6.864864e-001
9.252936e+003,5.742677e-001
9.256792e+003,4.005293e-001
9.260649e+003,1.959635e-001
9.264507e+003,-7.598564e-003
9.268363e+003,-1.813433e-001
9.272221e+003,-3.057899e-001
9.276077e+003,-3.730699e-001
9.279935e+003,-3.857676e-001
9.283791e+003,-3.533506e-001
9.287648e+003,-2.879993e-001
9.291506e+003,-2.022528e-001
9.295362e+003,-1.061293e-001
9.299220e+003,-9.457618e-003
9.303076e+003,7.722840e-002
9.306934e+003,1.425037e-001
9.310790e+003,1.757879e-001
9.314647e+003,1.706773e-001
9.318504e+003,1.284578e-001
9.322361e+003,6.011235e-002
9.326219e+003,-1.535590e-002
9.330075e+003,-7.501989e-002
9.333933e+003,-9.810943e-002
9.337789e+003,-7.188340e-002
9.341646e+003,4.780188e-003
9.345503e+003,1.211806e-001
9.349360e+003,2.577704e-001
9.353218e+003,3.910310e-001
9.357074e+003,4.987253e-001
9.360932e+003,5.636435e-001
9.364788e+003,5.760542e-001
9.368646e+003,5.347123e-001
9.372502e+003,4.469775e-001
9.376359e+003,3.282565e-001
9.380216e+003,2.005333e-001
9.384073e+003,8.967285e-002
9.387931e+003,2.018289e-002
9.391787e+003,1.031586e-002
9.395645e+003,6.652299e-002
9.399501e+003,1.803629e-001
9.403358e+003,3.292046e-001
9.407215e+003,4.811151e-001
9.411072e+003,6.028076e-001
9.414930e+003,6.682509e-001
9.418786e+003,6.653189e-001
9.422644e+003,5.978402e-001
9.426500e+003,4.833544e-001
9.430357e+003,3.472120e-001
9.434214e+003,2.153483e-001
9.438071e+003,1.081045e-001
9.441929e+003,3.671824e-002
9.445785e+003,2.776585e-003
9.449643e+003,-9.917840e-005
9.453499e+003,1.673726e-002
9.457356e+003,3.909412e-002
9.461213e+003,5.163746e-002
9.465070e+003,3.923500e-002
9.468927e+003,-1.142242e-002
9.472784e+003,-1.094978e-001
9.476642e+003,-2.561782e-001
9.480498e+003,-4.448907e-001
9.484355e+003,-6.583078e-001
9.488212e+003,-8.700989e-001
9.492069e+003,-1.048835e+000
9.495926e+003,-1.163863e+000
9.499783e+003,-1.191806e+000
9.503641e+003,-1.121982e+000
9.507497e+003,-9.615999e-001
9.511354e+003,-7.290757e-001
9.515211e+003,-4.546839e-001
9.519068e+003,-1.734594e-001
9.522925e+003,8.179512e-002
9.526782e+003,2.866958e-001
9.530640e+003,4.291801e-001
9.534496e+003,5.102751e-001
9.538354e+003,5.414959e-001
9.542210e+003,5.411504e-001
9.546067e+003,5.274331e-001
9.549924e+003,5.143836e-001
9.553781e+003,5.091770e-001
9.557638e+003,5.118569e-001
9.561495e+003,5.171005e-001
9.565353e+003,5.170356e-001
9.569209e+003,5.035318e-001
9.573066e+003,4.712324e-001
9.576923e+003,4.173813e-001
9.580780e+003,3.423709e-001
9.584637e+003,2.499002e-001
9.588494e+003,1.473105e-001
9.592352e+003,4.576244e-002
9.596208e+003,-4.049038e-002
9.600065e+003,-9.607605e-002
9.603922e+003,-1.081292e-001
9.607779e+003,-7.235777e-002
9.611636e+003,4.457787e-003
9.615493e+003,1.045117e-001
9.619351e+003,2.031916e-001
9.623207e+003,2.766224e-001
9.627064e+003,3.100008e-001
9.630921e+003,3.052424e-001
9.634778e+003,2.752739e-001
9.638635e+003,2.458292e-001
9.642492e+003,2.427692e-001
9.646349e+003,2.816674e-001
9.650206e+003,3.613382e-001
9.654063e+003,4.640815e-001
9.657920e+003,5.625611e-001
9.661777e+003,6.296467e-001
9.665634e+003,6.484299e-001
9.669491e+003,6.188378e-001
9.673348e+003,5.548450e-001
9.677205e+003,4.769316e-001
9.681063e+003,4.027920e-001
9.684919e+003,3.406247e-001
9.688776e+003,2.877991e-001
9.692633e+003,2.308382e-001
9.696490e+003,1.648142e-001
9.700347e+003,8.671659e-002
9.704204e+003,2.068594e-003
9.708062e+003,-7.748082e-002
9.711918e+003,-1.395402e-001
9.715775e+003,-1.762466e-001
9.719632e+003,-1.867612e-001
9.723489e+003,-1.760068e-001
9.727346e+003,-1.497636e-001
9.731203e+003,-1.143506e-001
9.735060e+003,-7.274587e-002
9.738917e+003,-2.549508e-002
9.742774e+003,2.676024e-002
9.746631e+003,8.121952e-002
9.750488e+003,1.328361e-001
9.754345e+003,1.798218e-001
9.758202e+003,2.130991e-001
9.762059e+003,2.313880e-001
9.765916e+003,2.348533e-001
9.769773e+003,2.220549e-001
9.773630e+003,1.881415e-001
9.777487e+003,1.265871e-001
9.781344e+003,3.454141e-002
9.785201e+003,-8.891555e-002
9.789058e+003,-2.134438e-001
9.792915e+003,-3.048058e-001
9.796772e+003,-3.317365e-001
9.800629e+003,-2.808356e-001
9.804486e+003,-1.654769e-001
9.808343e+003,-2.290437e-002
9.812200e+003,1.003946e-001
9.816057e+003,1.684129e-001
9.819914e+003,1.704407e-001
9.823771e+003,1.238777e-001
9.827628e+003,6.295431e-002
9.831485e+003,1.998059e-002
9.835342e+003,9.107746e-003
9.839199e+003,2.097366e-002
9.843056e+003,3.038785e-002
9.846913e+003,2.213168e-002
9.850770e+003,-2.202006e-002
9.854627e+003,-9.533677e-002
9.858484e+003,-1.775583e-001
9.862341e+003,-2.448289e-001
9.866198e+003,-2.797491e-001
9.870055e+003,-2.764001e-001
9.873912e+003,-2.386150e-001
9.877769e+003,-1.759714e-001
9.881626e+003,-9.461184e-002
9.885483e+003,5.806729e-003
9.889340e+003,1.275517e-001
9.893197e+003,2.693862e-001
9.897054e+003,4.220279e-001
9.900911e+003,5.674793e-001
9.904768e+003,6.830941e-001
9.908625e+003,7.473935e-001
9.912481e+003,7.525606e-001
9.916339e+003,6.996776e-001
9.920196e+003,6.007444e-001
9.924053e+003,4.744657e-001
9.927910e+003,3.409149e-001
9.931767e+003,2.172595e-001
9.935624e+003,1.157292e-001
9.939480e+003,4.351950e-002
9.943338e+003,3.284915e-003
9.947195e+003,-4.796510e-003
9.951052e+003,1.676535e-002
9.954909e+003,6.287840e-002
9.958766e+003,1.264035e-001
9.962623e+003,1.993708e-001
9.966479e+003,2.745294e-001
9.970337e+003,3.458897e-001
9.974193e+003,4.105430e-001
9.978051e+003,4.657554e-001
9.981908e+003,5.082833e-001
9.985765e+003,5.338388e-001
9.989622e+003,5.379515e-001
9.993479e+003,5.179129e-001
9.997336e+003,4.747159e-001
1.000119e+004,4.138193e-001
1.000505e+004,3.436660e-001
1.000891e+004,2.733689e-001
1.001276e+004,2.102652e-001
1.001662e+004,1.590614e-001
1.002048e+004,1.230069e-001
1.002433e+004,1.061578e-001
1.002819e+004,1.148143e-001
1.003205e+004,1.563854e-001
1.003591e+004,2.352872e-001
1.003976e+004,3.476713e-001
1.004362e+004,4.778263e-001
1.004748e+004,5.991966e-001
1.005133e+004,6.810237e-001
1.005519e+004,6.988075e-001
1.005905e+004,6.445153e-001
1.006290e+004,5.319835e-001
1.006676e+004,3.941486e-001
1.007062e+004,2.732579e-001
1.007448e+004,2.069106e-001
1.007833e+004,2.156827e-001
1.008219e+004,2.970502e-001
1.008605e+004,4.276476e-001
1.008990e+004,5.724022e-001
1.009376e+004,6.963103e-001
1.009762e+004,7.747890e-001
1.010147e+004,7.981152e-001
1.010533e+004,7.705506e-001
1.010919e+004,7.055337e-001
1.011305e+004,6.199448e-001
1.011690e+004,5.298243e-001
1.012076e+004,4.483549e-001
1.012462e+004,3.851295e-001
1.012847e+004,3.467906e-001
1.013233e+004,3.354899e-001
1.013619e+004,3.480844e-001
1.014004e+004,3.758208e-001
1.014390e+004,4.057707e-001
1.014776e+004,4.240933e-001
1.015162e+004,4.200334e-001
1.015547e+004,3.890166e-001
1.015933e+004,3.332177e-001
1.016319e+004,2.595658e-001
1.016704e+004,1.768547e-001
1.017090e+004,9.328500e-002
1.017476e+004,1.591785e-002
1.017861e+004,-4.798222e-002
1.018247e+004,-8.912846e-002
1.018633e+004,-9.623402e-002
1.019019e+004,-5.767620e-002
1.019404e+004,3.378923e-002
1.019790e+004,1.761807e-001
1.020176e+004,3.558004e-001
1.020561e+004,5.488126e-001
1.020947e+004,7.267475e-001
1.021333e+004,8.638643e-001
1.021718e+004,9.426875e-001
1.022104e+004,9.594080e-001
1.022490e+004,9.191753e-001
1.022876e+004,8.333833e-001
1.023261e+004,7.156247e-001
1.023647e+004,5.795279e-001
1.024033e+004,4.388546e-001
1.024418e+004,3.084993e-001
1.024804e+004,2.046986e-001
1.025190e+004,1.406216e-001
1.025575e+004,1.232670e-001
1.025961e+004,1.483729e-001
1.026347e+004,1.992034e-001
1.026733e+004,2.505102e-001
1.027118e+004,2.769715e-001
1.027504e+004,2.628245e-001
1.027890e+004,2.084256e-001
1.028275e+004,1.293890e-001
1.028661e+004,4.961416e-002
1.029047e+004,-1.010136e-002
1.029432e+004,-4.211699e-002
1.029818e+004,-5.584650e-002
1.030204e+004,-7.334961e-002
1.030590e+004,-1.184115e-001
1.030975e+004,-2.045984e-001
1.031361e+004,-3.255064e-001
1.031747e+004,-4.560542e-001
1.032132e+004,-5.605075e-001
1.032518e+004,-6.056951e-001
1.032904e+004,-5.733829e-001
1.033289e+004,-4.668020e-001
1.033675e+004,-3.091462e-001
1.034061e+004,-1.343301e-001
1.034447e+004,2.055806e-002
1.034832e+004,1.281186e-001
1.035218e+004,1.753963e-001
1.035604e+004,1.642440e-001
1.035989e+004,1.081902e-001
1.036375e+004,2.799075e-002
1.036761e+004,-5.263194e-002
1.037146e+004,-1.114372e-001
1.037532e+004,-1.288870e-001
1.037918e+004,-9.569378e-002
1.038304e+004,-1.556168e-002
1.038689e+004,9.364159e-002
1.039075e+004,2.029868e-001
1.039461e+004,2.801269e-001
1.039846e+004,2.994783e-001
1.040232e+004,2.504132e-001
1.040618e+004,1.429809e-001
1.041003e+004,3.757134e-003
1.041389e+004,-1.334453e-001
1.041775e+004,-2.391128e-001
1.042161e+004,-2.967460e-001
1.042546e+004,-3.052602e-001
1.042932e+004,-2.747695e-001
1.043318e+004,-2.188090e-001
1.043703e+004,-1.470216e-001
1.044089e+004,-6.267811e-002
1.044475e+004,3.456494e-002
1.044860e+004,1.429703e-001
1.045246e+004,2.540516e-001
1.045632e+004,3.522938e-001
1.046018e+004,4.199912e-001
1.046403e+004,4.443949e-001
1.046789e+004,4.255987e-001
1.047175e+004,3.755603e-001
1.047560e+004,3.143336e-001
1.047946e+004,2.618490e-001
1.048332e+004,2.302204e-001
1.048717e+004,2.204698e-001
1.049103e+004,2.251350e-001
1.049489e+004,2.342938e-001
1.049875e+004,2.444504e-001
1.050260e+004,2.595461e-001
1.050646e+004,2.887623e-001
1.051032e+004,3.395720e-001
1.051417e+004,4.104663e-001
1.051803e+004,4.876645e-001
1.052189e+004,5.481710e-001
1.052574e+004,5.684218e-001
1.052960e+004,5.347121e-001
1.053346e+004,4.491850e-001
1.053732e+004,3.306693e-001
1.054117e+004,2.082482e-001
1.054503e+004,1.107806e-001
1.054889e+004,5.697283e-002
1.055274e+004,5.015855e-002
1.055660e+004,7.993313e-002
1.056046e+004,1.277602e-001
1.056431e+004,1.766565e-001
1.056817e+004,2.171276e-001
1.057203e+004,2.489711e-001
1.057589e+004,2.782977e-001
1.057974e+004,3.117796e-001
1.058360e+004,3.511690e-001
1.058746e+004,3.907259e-001
1.059131e+004,4.184297e-001
1.059517e+004,4.206553e-001
1.059903e+004,3.878708e-001
1.060288e+004,3.193274e-001
1.060674e+004,2.249832e-001
1.061060e+004,1.240244e-001
1.061446e+004,4.042240e-002
1.061831e+004,-3.125131e-003
1.062217e+004,8.184597e-003
1.062603e+004,7.652847e-002
1.062988e+004,1.895043e-001
1.063374e+004,3.219520e-001
1.063760e+004,4.414906e-001
1.064145e+004,5.166377e-001
1.064531e+004,5.253845e-001
1.064917e+004,4.615385e-001
1.065303e+004,3.366784e-001
1.065688e+004,1.777093e-001
1.066074e+004,1.882145e-002
1.066460e+004,-1.080560e-001
1.066845e+004,-1.814713e-001
1.067231e+004,-1.946823e-001
1.067617e+004,-1.548822e-001
1.068002e+004,-7.811033e-002
1.068388e+004,1.660398e-002
1.068774e+004,1.129033e-001
1.069160e+004,1.999169e-001
1.069545e+004,2.720107e-001
1.069931e+004,3.268397e-001
1.070317e+004,3.635268e-001
1.070702e+004,3.822381e-001
1.071088e+004,3.852863e-001
1.071474e+004,3.782051e-001
1.071859e+004,3.706898e-001
1.072245e+004,3.745434e-001
1.072631e+004,4.000897e-001
1.073017e+004,4.521708e-001
1.073402e+004,5.275198e-001
1.073788e+004,6.147702e-001
1.074174e+004,6.969213e-001
1.074559e+004,7.558542e-001
1.074945e+004,7.765784e-001
1.075331e+004,7.501308e-001
1.075716e+004,6.746591e-001
1.076102e+004,5.552057e-001
1.076488e+004,4.030344e-001
1.076874e+004,2.348993e-001
1.077259e+004,7.043183e-002
1.077645e+004,-6.539324e-002
1.078031e+004,-1.519139e-001
1.078416e+004,-1.770398e-001
1.078802e+004,-1.426412e-001
1.079188e+004,-6.673797e-002
1.079573e+004,1.963415e-002
1.079959e+004,8.109365e-002
1.080345e+004,8.913732e-002
1.080731e+004,3.449754e-002
1.081116e+004,-6.795259e-002
1.081502e+004,-1.821699e-001
1.081888e+004,-2.621640e-001
1.082273e+004,-2.675648e-001
1.082659e+004,-1.778273e-001
1.083045e+004,1.948625e-004
1.083430e+004,2.356277e-001
1.083816e+004,4.788828e-001
1.084202e+004,6.802530e-001
1.084588e+004,8.032467e-001
1.084973e+004,8.331762e-001
1.085359e+004,7.782549e-001
1.085745e+004,6.641746e-001
1.086130e+004,5.251305e-001
1.086516e+004,3.943194e-001
1.086902e+004,2.990269e-001
1.087287e+004,2.546005e-001
1.087673e+004,2.638962e-001
1.088059e+004,3.181512e-001
1.088445e+004,3.992575e-001
1.088830e+004,4.834891e-001
1.089216e+004,5.467941e-001
1.089602e+004,5.718158e-001
1.089987e+004,5.509887e-001
1.090373e+004,4.933877e-001
1.090759e+004,4.217060e-001
1.091144e+004,3.651644e-001
1.091530e+004,3.489428e-001
1.091916e+004,3.838848e-001
1.092301e+004,4.606787e-001
1.092687e+004,5.514395e-001
1.093073e+004,6.172320e-001
1.093459e+004,6.227283e-001
1.093844e+004,5.485606e-001
1.094230e+004,3.983893e-001
1.094616e+004,1.977764e-001
1.095001e+004,-1.435173e-002
1.095387e+004,-1.980034e-001
1.095773e+004,-3.241448e-001
1.096158e+004,-3.774985e-001
1.096544e+004,-3.618221e-001
1.096930e+004,-2.934069e-001
1.097316e+004,-1.943378e-001
1.097701e+004,-8.674285e-002
1.098087e+004,1.046489e-002
1.098473e+004,8.266944e-002
1.098858e+004,1.213134e-001
1.099244e+004,1.201179e-001
1.099630e+004,8.178875e-002
1.100016e+004,1.717824e-002
1.100401e+004,-5.619590e-002
1.100787e+004,-1.186865e-001
1.101173e+004,-1.549773e-001
1.101558e+004,-1.597268e-001
1.101944e+004,-1.382130e-001
1.102330e+004,-1.065689e-001
1.102715e+004,-8.009428e-002
1.103101e+004,-6.563848e-002
1.103487e+004,-5.682921e-002
1.103872e+004,-3.629700e-002
1.104258e+004,1.556332e-002
1.104644e+004,1.092800e-001
1.105030e+004,2.405376e-001
1.105415e+004,3.817511e-001
1.105801e+004,4.976664e-001
1.106187e+004,5.590175e-001
1.106572e+004,5.564765e-001
1.106958e+004,5.062442e-001
1.107344e+004,4.441457e-001
1.107729e+004,4.105837e-001
1.108115e+004,4.317628e-001
1.108501e+004,5.145578e-001
1.108887e+004,6.314753e-001
1.109272e+004,7.370155e-001
1.109658e+004,7.868128e-001
1.110044e+004,7.555482e-001
1.110429e+004,6.462086e-001
1.110815e+004,4.876133e-001
1.111201e+004,3.243560e-001
1.111587e+004,1.932945e-001
1.111972e+004,1.164138e-001
1.112358e+004,9.144117e-002
1.112744e+004,9.305633e-002
1.113129e+004,8.225710e-002
1.113515e+004,2.129302e-002
1.113901e+004,-1.100387e-001
1.114286e+004,-2.944975e-001
1.114672e+004,-5.043552e-001
1.115058e+004,-6.816530e-001
1.115443e+004,-7.615321e-001
1.115829e+004,-6.932737e-001
1.116215e+004,-4.603275e-001
1.116601e+004,-9.155297e-002
1.116986e+004,3.420280e-001
1.117372e+004,7.194892e-001
1.117758e+004,9.877352e-001
1.118143e+004,1.094271e+000
1.118529e+004,1.030808e+000
1.118915e+004,8.349515e-001
1.119300e+004,5.768989e-001
1.119686e+004,3.360050e-001
1.120072e+004,1.756826e-001
1.120458e+004,1.219393e-001
1.120843e+004,1.664064e-001
1.121229e+004,2.700972e-001
1.121615e+004,3.803074e-001
1.122000e+004,4.485882e-001
1.122386e+004,4.447799e-001
1.122772e+004,3.633261e-001
1.123158e+004,2.213203e-001
1.123543e+004,5.111306e-002
1.123929e+004,-1.120007e-001
1.124315e+004,-2.375265e-001
1.124700e+004,-3.054581e-001
1.125086e+004,-3.080702e-001
1.125472e+004,-2.485948e-001
1.125857e+004,-1.382193e-001
1.126243e+004,7.112369e-003
1.126629e+004,1.690393e-001
1.127014e+004,3.278650e-001
1.127400e+004,4.628648e-001
1.127786e+004,5.526835e-001
1.128172e+004,5.769852e-001
1.128557e+004,5.200353e-001
1.128943e+004,3.758939e-001
1.129329e+004,1.536626e-001
1.129714e+004,-1.218061e-001
1.130100e+004,-4.054556e-001
1.130486e+004,-6.457025e-001
1.130871e+004,-7.956250e-001
1.131257e+004,-8.266845e-001
1.131643e+004,-7.384459e-001
1.132029e+004,-5.600336e-001
1.132414e+004,-3.418197e-001
1.132800e+004,-1.398863e-001
1.133186e+004,1.604252e-003
1.133571e+004,6.413262e-002
1.133957e+004,5.844502e-002
1.134343e+004,1.699199e-002
1.134729e+004,-2.111168e-002
1.135114e+004,-2.608581e-002
1.135500e+004,1.219973e-002
1.135886e+004,8.206305e-002
1.136271e+004,1.620491e-001
1.136657e+004,2.291611e-001
1.137043e+004,2.714451e-001
1.137428e+004,2.924406e-001
1.137814e+004,3.077124e-001
1.138200e+004,3.359263e-001
1.138585e+004,3.892202e-001
1.138971e+004,4.670929e-001
1.139357e+004,5.577408e-001
1.139743e+004,6.420417e-001
1.140128e+004,7.016760e-001
1.140514e+004,7.252337e-001
1.140900e+004,7.107335e-001
1.141285e+004,6.645132e-001
1.141671e+004,5.981543e-001
1.142057e+004,5.254375e-001
1.142442e+004,4.602746e-001
1.142828e+004,4.160261e-001
1.143214e+004,4.043660e-001
1.143600e+004,4.331935e-001
1.143985e+004,5.036126e-001
1.144371e+004,6.072133e-001
1.144757e+004,7.253976e-001
1.145142e+004,8.306843e-001
1.145528e+004,8.969301e-001
1.145914e+004,9.015404e-001
1.146300e+004,8.333994e-001
1.146685e+004,6.965346e-001
1.147071e+004,5.100169e-001
1.147457e+004,3.042054e-001
1.147842e+004,1.144224e-001
1.148228e+004,-2.650134e-002
1.148614e+004,-9.690078e-002
1.148999e+004,-8.860129e-002
1.149385e+004,-1.032624e-002
1.149771e+004,1.136237e-001
1.150156e+004,2.488953e-001
1.150542e+004,3.601038e-001
1.150928e+004,4.212178e-001
1.151314e+004,4.218662e-001
1.151699e+004,3.774750e-001
1.152085e+004,3.166570e-001
1.152471e+004,2.738119e-001
1.152856e+004,2.757861e-001
1.153242e+004,3.306984e-001
1.153628e+004,4.236166e-001
1.154013e+004,5.212978e-001
1.154399e+004,5.842289e-001
1.154785e+004,5.845347e-001
1.155171e+004,5.116380e-001
1.155556e+004,3.772842e-001
1.155942e+004,2.097722e-001
1.156328e+004,4.208204e-002
1.156713e+004,-1.007645e-001
1.157099e+004,-2.095728e-001
1.157485e+004,-2.868388e-001
1.157871e+004,-3.539298e-001
1.158256e+004,-4.238415e-001
1.158642e+004,-4.990763e-001
1.159028e+004,-5.690351e-001
1.159413e+004,-6.141507e-001
1.159799e+004,-6.147845e-001
1.160185e+004,-5.607417e-001
1.160570e+004,-4.797451e-001
1.160956e+004,-3.732304e-001
1.161342e+004,-2.637652e-001
1.161727e+004,-1.734576e-001
1.162113e+004,-1.167454e-001
1.162499e+004,-9.615703e-002
1.162885e+004,-1.023583e-001
1.163270e+004,-1.180372e-001
1.163656e+004,-1.372799e-001
1.164042e+004,-1.267181e-001
1.164427e+004,-8.007500e-002
1.164813e+004,1.670019e-003
1.165199e+004,1.113553e-001
1.165584e+004,2.377287e-001
1.165970e+004,3.677066e-001
1.166356e+004,4.882588e-001
1.166742e+004,5.860311e-001
1.167127e+004,6.489694e-001
1.167513e+004,6.704568e-001
1.167899e+004,6.483521e-001
1.168284e+004,5.859160e-001
1.168670e+004,4.922491e-001
1.169056e+004,3.816880e-001
1.169441e+004,2.718520e-001
1.169827e+004,1.659831e-001
1.170213e+004,9.824020e-002
1.170599e+004,7.508970e-002
1.170984e+004,9.080699e-002
1.171370e+004,1.290060e-001
1.171756e+004,1.675942e-001
1.172141e+004,1.857260e-001
1.172527e+004,1.705725e-001
1.172913e+004,1.134399e-001
1.173298e+004,3.303863e-002
1.173684e+004,-4.784463e-002
1.174070e+004,-1.054067e-001
1.174456e+004,-1.236426e-001
1.174841e+004,-1.003096e-001
1.175227e+004,-4.768448e-002
1.175613e+004,1.234790e-002
1.175998e+004,5.593864e-002
1.176384e+004,6.963594e-002
1.176770e+004,5.349370e-002
1.177155e+004,2.211678e-002
1.177541e+004,-1.774035e-003
1.177927e+004,2.471730e-003
1.178313e+004,4.377527e-002
1.178698e+004,1.145325e-001
1.179084e+004,1.929175e-001
1.179470e+004,2.520299e-001
1.179855e+004,2.712931e-001
1.180241e+004,2.457567e-001
1.180627e+004,1.890960e-001
1.181012e+004,1.287274e-001
1.181398e+004,9.485000e-002
1.181784e+004,1.079661e-001
1.182170e+004,1.688867e-001
1.182555e+004,2.605998e-001
1.182941e+004,3.528163e-001
1.183327e+004,4.137055e-001
1.183712e+004,4.216612e-001
1.184098e+004,3.728196e-001
1.184484e+004,2.815658e-001
1.184869e+004,1.742929e-001
1.185255e+004,7.911248e-002
1.185641e+004,1.579414e-002
1.186027e+004,-9.140584e-003
1.186412e+004,-2.446597e-003
1.186798e+004,2.075057e-002
1.187184e+004,4.439653e-002
1.187569e+004,5.835985e-002
1.187955e+004,6.227410e-002
1.188341e+004,6.357988e-002
1.188726e+004,7.830454e-002
1.189112e+004,1.210237e-001
1.189498e+004,2.010149e-001
1.189883e+004,3.186069e-001
1.190269e+004,4.641379e-001
1.190655e+004,6.195540e-001
1.191041e+004,7.621343e-001
1.191426e+004,8.676796e-001
1.191812e+004,9.222150e-001
1.192198e+004,9.174867e-001
1.192583e+004,8.557380e-001
1.192969e+004,7.492756e-001
1.193355e+004,6.177197e-001
1.193741e+004,4.834432e-001
1.194126e+004,3.663235e-001
1.194512e+004,2.809364e-001
1.194898e+004,2.278601e-001
1.195283e+004,2.005683e-001
1.195669e+004,1.856656e-001
1.196055e+004,1.671676e-001
1.196440e+004,1.314103e-001
1.196826e+004,7.119469e-002
1.197212e+004,-1.190001e-002
1.197598e+004,-1.048559e-001
1.197983e+004,-1.948998e-001
1.198369e+004,-2.646981e-001
1.198755e+004,-2.994449e-001
1.199140e+004,-2.908670e-001
1.199526e+004,-2.397883e-001
1.199912e+004,-1.566146e-001
1.200297e+004,-5.944064e-002
1.200683e+004,2.809687e-002
1.201069e+004,8.894173e-002
1.201454e+004,1.100391e-001
1.201840e+004,8.776563e-002
1.202226e+004,2.916175e-002
1.202612e+004,-4.961281e-002
1.202997e+004,-1.274677e-001
1.203383e+004,-1.841864e-001
1.203769e+004,-2.063112e-001
1.204154e+004,-1.928332e-001
1.204540e+004,-1.521750e-001
1.204926e+004,-1.012341e-001
1.205312e+004,-6.019974e-002
1.205697e+004,-4.602072e-002
1.206083e+004,-6.655712e-002
1.206469e+004,-1.173169e-001
1.206854e+004,-1.821978e-001
1.207240e+004,-2.377338e-001
1.207626e+004,-2.604466e-001
1.208011e+004,-2.341796e-001
1.208397e+004,-1.557222e-001
1.208783e+004,-3.663124e-002
1.209169e+004,9.945495e-002
1.209554e+004,2.233198e-001
1.209940e+004,3.104073e-001
1.210326e+004,3.408200e-001
1.210711e+004,3.132553e-001
1.211097e+004,2.415558e-001
1.211483e+004,1.497658e-001
1.211868e+004,6.438227e-002
1.212254e+004,6.517097e-003
1.212640e+004,-1.337227e-002
1.213025e+004,6.627597e-003
1.213411e+004,5.464952e-002
1.213797e+004,1.166878e-001
1.214183e+004,1.816162e-001
1.214568e+004,2.451025e-001
1.214954e+004,3.097348e-001
1.215340e+004,3.815981e-001
1.215725e+004,4.650750e-001
1.216111e+004,5.611150e-001
1.216497e+004,6.559773e-001
1.216883e+004,7.328788e-001
1.217268e+004,7.737369e-001
1.217654e+004,7.652500e-001
1.218040e+004,7.036175e-001
1.218425e+004,5.961233e-001
1.218811e+004,4.591913e-001
1.219197e+004,3.126996e-001
1.219582e+004,1.790605e-001
1.219968e+004,7.471902e-002
1.220354e+004,9.430835e-003
1.220740e+004,-1.326067e-002
1.221125e+004,5.857198e-003
1.221511e+004,6.364498e-002
1.221897e+004,1.557244e-001
1.222282e+004,2.781530e-001
1.222668e+004,4.215980e-001
1.223054e+004,5.755246e-001
1.223439e+004,7.269540e-001
1.223825e+004,8.614009e-001
1.224211e+004,9.642888e-001
1.224596e+004,1.022367e+000
1.224982e+004,1.024886e+000
1.225368e+004,9.626064e-001
1.225754e+004,8.341192e-001
1.226139e+004,6.440842e-001
1.226525e+004,4.057916e-001
1.226911e+004,1.420292e-001
1.227296e+004,-1.161745e-001
1.227682e+004,-3.336987e-001
1.228068e+004,-4.780587e-001
1.228454e+004,-5.282844e-001
1.228839e+004,-4.764533e-001
1.229225e+004,-3.366855e-001
1.229611e+004,-1.399258e-001
1.229996e+004,7.362752e-002
1.230382e+004,2.646634e-001
1.230768e+004,4.042663e-001
1.231153e+004,4.798742e-001
1.231539e+004,4.960851e-001
1.231925e+004,4.706036e-001
1.232311e+004,4.281619e-001
1.232696e+004,3.926904e-001
1.233082e+004,3.817054e-001
1.233468e+004,4.034919e-001
1.233853e+004,4.568585e-001
1.234239e+004,5.325464e-001
1.234625e+004,6.162740e-001
1.235010e+004,6.884449e-001
1.235396e+004,7.300671e-001
1.235782e+004,7.261350e-001
1.236167e+004,6.701164e-001
1.236553e+004,5.675924e-001
1.236939e+004,4.373203e-001
1.237325e+004,3.083456e-001
1.237710e+004,2.130661e-001
1.238096e+004,1.791274e-001
1.238482e+004,2.184391e-001
1.238867e+004,3.229980e-001
1.239253e+004,4.663987e-001
1.239639e+004,6.114700e-001
1.240025e+004,7.214126e-001
1.240410e+004,7.704391e-001
1.240796e+004,7.497239e-001
1.241182e+004,6.676193e-001
1.241567e+004,5.466468e-001
1.241953e+004,4.136402e-001
1.242339e+004,2.918214e-001
1.242724e+004,1.962693e-001
1.243110e+004,1.335116e-001
1.243496e+004,1.039727e-001
1.243881e+004,1.064769e-001
1.244267e+004,1.364181e-001
1.244653e+004,1.870724e-001
1.245039e+004,2.483517e-001
1.245424e+004,3.064672e-001
1.245810e+004,3.457964e-001
1.246196e+004,3.528365e-001
1.246581e+004,3.206597e-001
1.246967e+004,2.511051e-001
1.247353e+004,1.548093e-001
1.247738e+004,4.823931e-002
1.248124e+004,-5.273201e-002
1.248510e+004,-1.376162e-001
1.248896e+004,-2.031653e-001
1.249281e+004,-2.518833e-001
1.249667e+004,-2.885166e-001
1.250053e+004,-3.167218e-001
1.250438e+004,-3.378947e-001
1.250824e+004,-3.521104e-001
1.251210e+004,-3.603459e-001
1.251596e+004,-3.658029e-001
1.251981e+004,-3.729535e-001
1.252367e+004,-3.844364e-001
1.252753e+004,-3.975214e-001
1.253138e+004,-4.031354e-001
1.253524e+004,-3.872918e-001
1.253910e+004,-3.361152e-001
1.254295e+004,-2.426242e-001
1.254681e+004,-1.116161e-001
1.255067e+004,3.954664e-002
1.255452e+004,1.849756e-001
1.255838e+004,2.977449e-001
1.256224e+004,3.563383e-001
1.256610e+004,3.573104e-001
1.256995e+004,3.075734e-001
1.257381e+004,2.254436e-001
1.257767e+004,1.358613e-001
1.258152e+004,6.490882e-002
1.258538e+004,3.499432e-002
1.258924e+004,6.124030e-002
1.259309e+004,1.467382e-001
1.259695e+004,2.866301e-001
1.260081e+004,4.646151e-001
1.260467e+004,6.555007e-001
1.260852e+004,8.296837e-001
1.261238e+004,9.599340e-001
1.261624e+004,1.028784e+000
1.262009e+004,1.033837e+000
1.262395e+004,9.890783e-001
1.262781e+004,9.184299e-001
1.263167e+004,8.462499e-001
1.263552e+004,7.878449e-001
1.263938e+004,7.429417e-001
1.264324e+004,6.959330e-001
1.264709e+004,6.234204e-001
1.265095e+004,5.062771e-001
1.265481e+004,3.429435e-001
1.265866e+004,1.493957e-001
1.266252e+004,-3.920954e-002
1.266638e+004,-1.812465e-001
1.267023e+004,-2.436139e-001
1.267409e+004,-2.144238e-001
1.267795e+004,-1.080719e-001
1.268181e+004,3.952900e-002
1.268566e+004,1.828846e-001
1.268952e+004,2.852840e-001
1.269338e+004,3.281439e-001
1.269723e+004,3.158906e-001
1.270109e+004,2.712817e-001
1.270495e+004,2.243389e-001
1.270880e+004,1.997992e-001
1.271266e+004,2.081796e-001
1.271652e+004,2.431873e-001
1.272038e+004,2.875596e-001
1.272423e+004,3.206810e-001
1.272809e+004,3.273689e-001
1.273195e+004,3.030377e-001
1.273580e+004,2.539886e-001
1.273966e+004,1.935726e-001
1.274352e+004,1.365442e-001
1.274738e+004,9.453064e-002
1.275123e+004,7.260107e-002
1.275509e+004,7.078412e-002
1.275895e+004,8.568107e-002
1.276280e+004,1.125411e-001
1.276666e+004,1.464230e-001
1.277052e+004,1.823123e-001
1.277437e+004,2.148499e-001
1.277823e+004,2.388608e-001
1.278209e+004,2.499078e-001
1.278594e+004,2.468029e-001
1.278980e+004,2.330878e-001
1.279366e+004,2.172305e-001
1.279752e+004,2.106779e-001
1.280137e+004,2.240286e-001
1.280523e+004,2.625559e-001
1.280909e+004,3.208098e-001
1.281294e+004,3.876433e-001
1.281680e+004,4.442432e-001
1.282066e+004,4.703657e-001
1.282451e+004,4.506229e-001
1.282837e+004,3.799285e-001
1.283223e+004,2.662931e-001
1.283609e+004,1.299585e-001
1.283994e+004,-2.449036e-003
1.284380e+004,-1.017276e-001
1.284766e+004,-1.450992e-001
1.285151e+004,-1.204629e-001
1.285537e+004,-2.886119e-002
1.285923e+004,1.162521e-001
1.286308e+004,2.924450e-001
1.286694e+004,4.732713e-001
1.287080e+004,6.311451e-001
1.287466e+004,7.494005e-001
1.287851e+004,8.148550e-001
1.288237e+004,8.212851e-001
1.288623e+004,7.688006e-001
1.289008e+004,6.630586e-001
1.289394e+004,5.148445e-001
1.289780e+004,3.399635e-001
1.290165e+004,1.567656e-001
1.290551e+004,-9.026498e-003
1.290937e+004,-1.335886e-001
1.291323e+004,-1.980312e-001
1.291708e+004,-1.935088e-001
1.292094e+004,-1.248832e-001
1.292480e+004,-1.119254e-002
1.292865e+004,1.179698e-001
1.293251e+004,2.276209e-001
1.293637e+004,2.916648e-001
1.294022e+004,2.953005e-001
1.294408e+004,2.412816e-001
1.294794e+004,1.481859e-001
1.295180e+004,4.369980e-002
1.295565e+004,-4.458340e-002
1.295951e+004,-9.744371e-002
1.296337e+004,-1.079364e-001
1.296722e+004,-8.012081e-002
1.297108e+004,-2.739711e-002
1.297494e+004,3.625077e-002
1.297879e+004,1.016329e-001
1.298265e+004,1.658394e-001
1.298651e+004,2.296189e-001
1.299037e+004,2.925524e-001
1.299422e+004,3.510963e-001
1.299808e+004,3.905841e-001
1.300194e+004,3.969480e-001
1.300579e+004,3.607284e-001
1.300965e+004,2.833928e-001
1.301351e+004,1.799010e-001
1.301736e+004,7.572231e-002
1.302122e+004,-9.908457e-004
1.302508e+004,-2.886852e-002
1.302894e+004,-2.113522e-004
1.303279e+004,7.504622e-002
1.303665e+004,1.743179e-001
1.304051e+004,2.712031e-001
1.304436e+004,3.449336e-001
1.304822e+004,3.864445e-001
1.305208e+004,3.987565e-001
1.305593e+004,3.915599e-001
1.305979e+004,3.747183e-001
1.306365e+004,3.514498e-001
1.306751e+004,3.161834e-001
1.307136e+004,2.578731e-001
1.307522e+004,1.670906e-001
1.307908e+004,4.356746e-002
1.308293e+004,-9.937589e-002
1.308679e+004,-2.365346e-001
1.309065e+004,-3.337029e-001
1.309450e+004,-3.611883e-001
1.309836e+004,-3.022042e-001
1.310222e+004,-1.589443e-001
1.310608e+004,4.696850e-002
1.310993e+004,2.798269e-001
1.311379e+004,4.992835e-001
1.311765e+004,6.719055e-001
1.312150e+004,7.763306e-001
1.312536e+004,8.118057e-001
1.312922e+004,7.952256e-001
1.313307e+004,7.542650e-001
1.313693e+004,7.173408e-001
1.314079e+004,7.035826e-001
1.314465e+004,7.161179e-001
1.314850e+004,7.405121e-001
1.315236e+004,7.512589e-001
1.315622e+004,7.203934e-001
1.316007e+004,6.290721e-001
1.316393e+004,4.758825e-001
1.316779e+004,2.790948e-001
1.317164e+004,7.181251e-002
1.317550e+004,-1.083555e-001
1.317936e+004,-2.319721e-001
1.318322e+004,-2.847790e-001
1.318707e+004,-2.737352e-001
1.319093e+004,-2.219656e-001
1.319479e+004,-1.591532e-001
1.319864e+004,-1.102046e-001
1.320250e+004,-8.649880e-002
1.320636e+004,-8.287050e-002
1.321021e+004,-8.116570e-002
1.321407e+004,-5.855227e-002
1.321793e+004,2.165493e-003
1.322179e+004,1.046841e-001
1.322564e+004,2.363431e-001
1.322950e+004,3.712895e-001
1.323336e+004,4.785419e-001
1.323721e+004,5.322504e-001
1.324107e+004,5.207092e-001
1.324493e+004,4.511819e-001
1.324878e+004,3.490440e-001
1.325264e+004,2.503660e-001
1.325650e+004,1.906960e-001
1.326036e+004,1.933705e-001
1.326421e+004,2.612841e-001
1.326807e+004,3.751922e-001
1.327193e+004,5.000700e-001
1.327578e+004,5.951056e-001
1.327964e+004,6.290078e-001
1.328350e+004,5.903104e-001
1.328735e+004,4.910474e-001
1.329121e+004,3.619630e-001
1.329507e+004,2.411206e-001
1.329892e+004,1.604086e-001
1.330278e+004,1.353868e-001
1.330664e+004,1.614660e-001
1.331050e+004,2.186411e-001
1.331435e+004,2.810500e-001
1.331821e+004,3.273401e-001
1.332207e+004,3.473549e-001
1.332592e+004,3.428737e-001
1.332978e+004,3.231420e-001
1.333364e+004,2.982633e-001
1.333750e+004,2.742725e-001
1.334135e+004,2.516776e-001
1.334521e+004,2.281820e-001
1.334907e+004,2.027938e-001
1.335292e+004,1.785564e-001
1.335678e+004,1.620039e-001
1.336064e+004,1.595580e-001
1.336449e+004,1.734310e-001
1.336835e+004,1.977264e-001
1.337221e+004,2.211161e-001
1.337607e+004,2.308614e-001
1.337992e+004,2.185377e-001
1.338378e+004,1.839573e-001
1.338764e+004,1.351679e-001
1.339149e+004,8.442988e-002
1.339535e+004,4.228684e-002
1.339921e+004,1.196175e-002
1.340306e+004,-1.143902e-002
1.340692e+004,-3.886131e-002
1.341078e+004,-8.217708e-002
1.341463e+004,-1.487646e-001
1.341849e+004,-2.381319e-001
1.342235e+004,-3.416536e-001
1.342621e+004,-4.435801e-001
1.343006e+004,-5.288326e-001
1.343392e+004,-5.822775e-001
1.343778e+004,-5.920081e-001
1.344163e+004,-5.508665e-001
1.344549e+004,-4.579114e-001
1.344935e+004,-3.199904e-001
1.345321e+004,-1.526459e-001
1.345706e+004,2.078747e-002
1.346092e+004,1.742891e-001
1.346478e+004,2.850755e-001
1.346863e+004,3.410486e-001
1.347249e+004,3.457173e-001
1.347635e+004,3.179324e-001
1.348020e+004,2.855808e-001
1.348406e+004,2.751059e-001
1.348792e+004,3.006063e-001
1.349178e+004,3.584660e-001
1.349563e+004,4.292361e-001
1.349949e+004,4.860613e-001
1.350335e+004,5.069178e-001
1.350720e+004,4.851031e-001
1.351106e+004,4.332485e-001
1.351492e+004,3.789285e-001
1.351877e+004,3.525810e-001
1.352263e+004,3.774640e-001
1.352649e+004,4.584279e-001
1.353034e+004,5.809903e-001
1.353420e+004,7.174129e-001
1.353806e+004,8.374979e-001
1.354192e+004,9.192370e-001
1.354577e+004,9.549598e-001
1.354963e+004,9.505723e-001
1.355349e+004,9.212604e-001
1.355734e+004,8.822738e-001
1.356120e+004,8.436758e-001
1.356506e+004,8.086839e-001
1.356892e+004,7.760448e-001
1.357277e+004,7.442507e-001
1.357663e+004,7.146567e-001
1.358049e+004,6.913472e-001
1.358434e+004,6.780631e-001
1.358820e+004,6.736928e-001
1.359206e+004,6.691434e-001
1.359591e+004,6.479226e-001
1.359977e+004,5.907933e-001
1.360363e+004,4.828888e-001
1.360749e+004,3.204278e-001
1.361134e+004,1.101387e-001
1.361520e+004,-1.197705e-001
1.361906e+004,-3.365975e-001
1.362291e+004,-5.081227e-001
1.362677e+004,-6.106704e-001
1.363063e+004,-6.345341e-001
1.363448e+004,-5.855327e-001
1.363834e+004,-4.828070e-001
1.364220e+004,-3.545334e-001
1.364605e+004,-2.293376e-001
1.364991e+004,-1.348123e-001
1.365377e+004,-8.960412e-002
1.365763e+004,-1.002219e-001
1.366148e+004,-1.601987e-001
1.366534e+004,-2.516933e-001
1.366920e+004,-3.492958e-001
1.367305e+004,-4.236953e-001
1.367691e+004,-4.466677e-001
1.368077e+004,-4.021986e-001
1.368463e+004,-2.884209e-001
1.368848e+004,-1.185032e-001
1.369234e+004,8.152789e-002
1.369620e+004,2.775489e-001
1.370005e+004,4.338696e-001
1.370391e+004,5.311886e-001
1.370777e+004,5.239106e-001
1.371162e+004,4.147340e-001
1.371548e+004,2.313371e-001
1.371934e+004,2.016526e-002
1.372320e+004,-1.663106e-001
1.372705e+004,-2.856919e-001
1.373091e+004,-3.196575e-001
1.373477e+004,-2.795058e-001
1.373862e+004,-2.013032e-001
1.374248e+004,-1.350816e-001
1.374634e+004,-1.174443e-001
1.375019e+004,-1.532149e-001
1.375405e+004,-2.112256e-001
1.375791e+004,-2.373934e-001
1.376176e+004,-1.801774e-001
1.376562e+004,-3.001313e-002
1.376948e+004,2.013236e-001
1.377334e+004,4.635251e-001
1.377719e+004,6.866600e-001
1.378105e+004,8.039716e-001
1.378491e+004,7.740002e-001
1.378876e+004,5.939574e-001
1.379262e+004,3.000744e-001
1.379648e+004,-1.562184e-002
1.380033e+004,-3.155523e-001
1.380419e+004,-5.486907e-001
1.380805e+004,-6.840381e-001
1.381191e+004,-7.142507e-001
1.381576e+004,-6.524295e-001
1.381962e+004,-5.242305e-001
1.382348e+004,-3.585091e-001
1.382733e+004,-1.845517e-001
1.383119e+004,-1.410224e-002
1.383505e+004,1.474388e-001
1.383891e+004,3.000462e-001
1.384276e+004,4.443899e-001
1.384662e+004,5.776144e-001
1.385048e+004,6.912891e-001
1.385433e+004,7.724614e-001
1.385819e+004,8.067226e-001
1.386205e+004,7.872918e-001
1.386590e+004,7.141963e-001
1.386976e+004,5.981976e-001
1.387362e+004,4.592471e-001
1.387747e+004,3.218625e-001
1.388133e+004,2.090378e-001
1.388519e+004,1.368198e-001
1.388905e+004,1.114282e-001
1.389290e+004,1.286600e-001
1.389676e+004,1.778850e-001
1.390062e+004,2.451301e-001
1.390447e+004,3.163189e-001
1.390833e+004,3.792626e-001
1.391219e+004,4.244729e-001
1.391604e+004,4.454756e-001
1.391990e+004,4.394491e-001
1.392376e+004,4.074990e-001
1.392762e+004,3.549694e-001
1.393147e+004,2.909315e-001
1.393533e+004,2.261474e-001
1.393919e+004,1.701114e-001
1.394304e+004,1.283703e-001
1.394690e+004,1.015049e-001
1.395076e+004,8.643822e-002
1.395462e+004,7.912838e-002
1.395847e+004,7.869451e-002
1.396233e+004,8.815254e-002
1.396619e+004,1.126900e-001
1.397004e+004,1.553765e-001
1.397390e+004,2.124176e-001
1.397776e+004,2.706434e-001
1.398161e+004,3.085776e-001
1.398547e+004,3.087225e-001
1.398933e+004,2.565090e-001
1.399318e+004,1.496634e-001
1.399704e+004,6.675273e-004
1.400090e+004,-1.662199e-001
1.400476e+004,-3.225409e-001
1.400861e+004,-4.449420e-001
1.401247e+004,-5.035443e-001
1.401633e+004,-5.332311e-001
1.402018e+004,-5.445998e-001
1.402404e+004,-5.510222e-001
1.402790e+004,-5.641136e-001
1.403175e+004,-5.900979e-001
1.403561e+004,-6.281957e-001
1.403947e+004,-6.714323e-001
1.404333e+004,-7.026390e-001
1.404718e+004,-7.217315e-001
1.405104e+004,-7.238693e-001
1.405490e+004,-7.080249e-001
1.405875e+004,-6.768358e-001
1.406261e+004,-6.353882e-001
1.406647e+004,-5.894138e-001
1.407032e+004,-5.435540e-001
1.407418e+004,-4.689161e-001
1.407804e+004,-3.752109e-001
1.408190e+004,-2.631763e-001
1.408575e+004,-1.351464e-001
1.408961e+004,3.501549e-003
1.409347e+004,1.442926e-001
1.409732e+004,2.769943e-001
1.410118e+004,3.915891e-001
1.410504e+004,4.877162e-001
1.410889e+004,5.460737e-001
1.411275e+004,5.621515e-001
1.411661e+004,5.338569e-001
1.412047e+004,4.618112e-001
1.412432e+004,3.508022e-001
1.412818e+004,2.117403e-001
1.413204e+004,6.263901e-002
1.413589e+004,-7.345961e-002
1.413975e+004,-1.700273e-001
1.414361e+004,-2.068933e-001
1.414746e+004,-1.753983e-001
1.415132e+004,-8.154698e-002
1.415518e+004,5.550550e-002
1.415904e+004,2.093144e-001
1.416289e+004,3.541408e-001
1.416675e+004,4.716783e-001
1.417061e+004,5.548031e-001
1.417446e+004,6.053711e-001
1.417832e+004,6.294728e-001
1.418218e+004,6.318455e-001
1.418603e+004,6.125151e-001
1.418989e+004,5.672257e-001
1.419375e+004,4.911488e-001
1.419761e+004,3.839828e-001
1.420146e+004,2.522429e-001
1.420532e+004,1.095241e-001
1.420918e+004,-2.733254e-002
1.421303e+004,-1.435764e-001
1.421689e+004,-2.309212e-001
1.422075e+004,-2.889493e-001
1.422460e+004,-3.230852e-001
1.422846e+004,-3.404254e-001
1.423232e+004,-3.458484e-001
1.423618e+004,-3.400170e-001
1.424003e+004,-3.205826e-001
1.424389e+004,-2.853194e-001
1.424775e+004,-2.353382e-001
1.425160e+004,-1.764417e-001
1.425546e+004,-1.177690e-001
1.425932e+004,-6.836206e-002
1.426317e+004,-3.348231e-002
1.426703e+004,-1.246648e-002
1.427089e+004,6.551386e-004
1.427475e+004,1.421787e-002
1.427860e+004,3.514576e-002
1.428246e+004,6.618877e-002
1.428632e+004,1.053910e-001
1.429017e+004,1.480075e-001
1.429403e+004,1.887115e-001
1.429789e+004,2.244602e-001
1.430174e+004,2.551427e-001
1.430560e+004,2.826247e-001
1.430946e+004,3.088762e-001
1.431332e+004,3.344201e-001
1.431717e+004,3.579836e-001
1.432103e+004,3.776585e-001
1.432489e+004,3.913128e-001
1.432874e+004,3.986526e-001
1.433260e+004,4.005956e-001
1.433646e+004,3.981518e-001
1.434031e+004,3.912941e-001
1.434417e+004,3.788160e-001
1.434803e+004,3.595680e-001
1.435189e+004,3.339270e-001
1.435574e+004,3.071840e-001
1.435960e+004,2.877392e-001
1.436346e+004,2.851464e-001
1.436731e+004,3.062796e-001
1.437117e+004,3.518988e-001
1.437503e+004,4.155239e-001
1.437888e+004,4.855420e-001
1.438274e+004,5.503656e-001
1.438660e+004,6.022034e-001
1.439046e+004,6.412807e-001
1.439431e+004,6.747144e-001
1.439817e+004,7.117704e-001
1.440203e+004,7.573074e-001
1.440588e+004,8.065388e-001
1.440974e+004,8.438421e-001
1.441360e+004,8.467529e-001
1.441745e+004,7.913541e-001
1.442131e+004,6.650512e-001
1.442517e+004,4.715586e-001
1.442903e+004,2.320278e-001
1.443288e+004,-1.943672e-002
1.443674e+004,-2.441378e-001
1.444060e+004,-4.080966e-001
1.444445e+004,-4.891699e-001
1.444831e+004,-4.737348e-001
1.445217e+004,-3.740884e-001
1.445602e+004,-2.167993e-001
1.445988e+004,-3.593756e-002
1.446374e+004,1.343326e-001
1.446760e+004,2.663847e-001
1.447145e+004,3.438642e-001
1.447531e+004,3.331507e-001
1.447917e+004,2.314846e-001
1.448302e+004,7.037765e-002
1.448688e+004,-1.160116e-001
1.449074e+004,-3.031983e-001
1.449459e+004,-4.792547e-001
1.449845e+004,-6.373731e-001
1.450231e+004,-7.639565e-001
1.450617e+004,-8.304704e-001
1.451002e+004,-8.182971e-001
1.451388e+004,-7.010688e-001
1.451774e+004,-4.748685e-001
1.452159e+004,-1.689273e-001
1.452545e+004,1.577529e-001
1.452931e+004,4.341561e-001
1.453316e+004,6.019982e-001
1.453702e+004,6.192514e-001
1.454088e+004,5.524018e-001
1.454474e+004,4.281645e-001
1.454859e+004,2.818189e-001
1.455245e+004,1.476770e-001
1.455631e+004,5.195627e-002
1.456016e+004,9.566817e-003
1.456402e+004,2.431405e-002
1.456788e+004,8.519720e-002
1.457173e+004,1.835730e-001
1.457559e+004,3.041585e-001
1.457945e+004,4.288297e-001
1.458331e+004,5.390117e-001
1.458716e+004,6.191043e-001
1.459102e+004,6.600667e-001
1.459488e+004,6.615797e-001
1.459873e+004,6.318990e-001
1.460259e+004,5.835233e-001
1.460645e+004,5.275599e-001
1.461030e+004,4.697785e-001
1.461416e+004,4.089631e-001
1.461802e+004,3.389246e-001
1.462188e+004,2.531666e-001
1.462573e+004,1.498276e-001
1.462959e+004,3.540966e-002
1.463345e+004,-7.943681e-002
1.463730e+004,-1.809510e-001
1.464116e+004,-2.580261e-001
1.464502e+004,-3.053158e-001
1.464887e+004,-3.230177e-001
1.465273e+004,-3.137465e-001
1.465659e+004,-2.786094e-001
1.466045e+004,-2.151264e-001
1.466430e+004,-1.191441e-001
1.466816e+004,1.102658e-002
1.467202e+004,1.691124e-001
1.467587e+004,3.382288e-001
1.467973e+004,4.931870e-001
1.468359e+004,6.076745e-001
1.468744e+004,6.636447e-001
1.469130e+004,6.587119e-001
1.469516e+004,6.080763e-001
1.469902e+004,5.392951e-001
1.470287e+004,4.821599e-001
1.470673e+004,4.576136e-001
1.471059e+004,4.704634e-001
1.471444e+004,5.089213e-001
1.471830e+004,5.509821e-001
1.472216e+004,5.746528e-001
1.472601e+004,5.676619e-001
1.472987e+004,5.323613e-001
1.473373e+004,4.844116e-001
1.473758e+004,4.462035e-001
1.474144e+004,4.382291e-001
1.474530e+004,4.720689e-001
1.474916e+004,5.474492e-001
1.475301e+004,6.536656e-001
1.475687e+004,7.740679e-001
1.476073e+004,8.907295e-001
1.476458e+004,9.878210e-001
1.476844e+004,1.052864e+000
1.477230e+004,1.076606e+000
1.477616e+004,1.052858e+000
1.478001e+004,9.792612e-001
1.478387e+004,8.590828e-001
1.478773e+004,7.024153e-001
1.479158e+004,5.264618e-001
1.479544e+004,3.531061e-001
1.479930e+004,2.043963e-001
1.480315e+004,9.723893e-002
1.480701e+004,3.923927e-002
1.481087e+004,2.726165e-002
1.481472e+004,4.923994e-002
1.481858e+004,8.847153e-002
1.482244e+004,1.289950e-001
1.482630e+004,1.597464e-001
1.483015e+004,1.766125e-001
1.483401e+004,1.819533e-001
1.483787e+004,1.822079e-001
1.484172e+004,1.847007e-001
1.484558e+004,1.946492e-001
1.484944e+004,2.137845e-001
1.485329e+004,2.395835e-001
1.485715e+004,2.661524e-001
1.486101e+004,2.857580e-001
1.486487e+004,2.906645e-001
1.486872e+004,2.748485e-001
1.487258e+004,2.352473e-001
1.487644e+004,1.724653e-001
1.488029e+004,9.017898e-002
1.488415e+004,-5.391777e-003
1.488801e+004,-1.065373e-001
1.489187e+004,-2.048898e-001
1.489572e+004,-2.918540e-001
1.489958e+004,-3.587274e-001
1.490344e+004,-3.969429e-001
1.490729e+004,-3.989161e-001
1.491115e+004,-3.601258e-001
1.491501e+004,-2.812866e-001
1.491886e+004,-1.706567e-001
1.492272e+004,-4.467973e-002
1.492658e+004,7.396030e-002
1.493043e+004,1.610539e-001
1.493429e+004,1.973482e-001
1.493815e+004,1.746683e-001
1.494201e+004,1.000090e-001
1.494586e+004,-5.219981e-003
1.494972e+004,-1.102413e-001
1.495358e+004,-1.832251e-001
1.495743e+004,-2.002244e-001
1.496129e+004,-1.518127e-001
1.496515e+004,-4.530889e-002
1.496900e+004,9.887433e-002
1.497286e+004,2.511587e-001
1.497672e+004,3.829349e-001
1.498058e+004,4.730169e-001
1.498443e+004,5.114998e-001
1.498829e+004,4.999675e-001
1.499215e+004,4.488183e-001
1.499600e+004,3.732305e-001
1.499986e+004,2.896150e-001
