5.014096e+002,2.573248e-001
5.052666e+002,2.063968e-001
5.091236e+002,1.307588e-001
5.129806e+002,3.652799e-002
5.168376e+002,-6.293240e-002
5.206946e+002,-1.498860e-001
5.245516e+002,-2.069488e-001
5.284086e+002,-2.207282e-001
5.322656e+002,-1.911423e-001
5.361226e+002,-1.249642e-001
5.399796e+002,-3.642669e-002
5.438365e+002,5.692204e-002
5.476936e+002,1.389748e-001
5.515505e+002,1.987740e-001
5.554076e+002,2.320279e-001
5.592646e+002,2.401453e-001
5.631216e+002,2.284918e-001
5.669786e+002,2.023195e-001
5.708356e+002,1.656918e-001
5.746926e+002,1.213018e-001
5.785496e+002,7.152581e-002
5.824066e+002,1.980058e-002
5.862635e+002,-2.869638e-002
5.901205e+002,-6.809909e-002
5.939775e+002,-9.383555e-002
5.978345e+002,-1.034889e-001
6.016915e+002,-9.872448e-002
6.055485e+002,-8.519090e-002
6.094055e+002,-7.072925e-002
6.132625e+002,-6.242640e-002
6.171195e+002,-6.364299e-002
6.209765e+002,-7.541367e-002
6.248335e+002,-8.762743e-002
6.286905e+002,-9.103626e-002
6.325475e+002,-7.701344e-002
6.364045e+002,-4.079396e-002
6.402615e+002,1.634736e-002
6.441185e+002,8.679110e-002
6.479755e+002,1.583041e-001
6.518325e+002,2.169403e-001
6.556895e+002,2.522386e-001
6.595465e+002,2.585524e-001
6.634035e+002,2.370970e-001
6.672605e+002,1.954558e-001
6.711175e+002,1.453332e-001
6.749745e+002,9.930612e-002
6.788315e+002,6.754015e-002
6.826885e+002,5.692351e-002
6.865455e+002,6.810395e-002
6.904025e+002,9.482034e-002
6.942595e+002,1.273493e-001
6.981165e+002,1.557514e-001
7.019734e+002,1.727920e-001
7.058304e+002,1.757305e-001
7.096874e+002,1.665695e-001
7.135444e+002,1.529223e-001
7.174014e+002,1.399973e-001
7.212584e+002,1.346264e-001
7.251154e+002,1.404819e-001
7.289724e+002,1.570719e-001
7.328294e+002,1.800864e-001
7.366864e+002,2.028734e-001
7.405435e+002,2.184890e-001
7.444004e+002,2.225174e-001
7.482574e+002,2.114028e-001
7.521144e+002,1.868494e-001
7.559714e+002,1.538931e-001
7.598284e+002,1.194731e-001
7.636854e+002,9.054904e-002
7.675424e+002,7.230636e-002
7.713994e+002,6.691518e-002
7.752564e+002,7.325141e-002
7.791134e+002,8.726138e-002
7.829704e+002,1.034890e-001
7.868274e+002,1.167636e-001
7.906844e+002,1.237301e-001
7.945414e+002,1.237065e-001
7.983984e+002,1.186249e-001
8.022554e+002,1.121160e-001
8.061124e+002,1.081975e-001
8.099694e+002,1.095976e-001
8.138264e+002,1.173482e-001
8.176833e+002,1.306668e-001
8.215403e+002,1.476276e-001
8.253973e+002,1.661655e-001
8.292544e+002,1.849684e-001
8.331113e+002,2.038871e-001
8.369684e+002,2.235842e-001
8.408253e+002,2.454501e-001
8.446824e+002,2.702306e-001
8.485393e+002,2.976228e-001
8.523964e+002,3.260394e-001
8.562533e+002,3.527352e-001
8.601104e+002,3.742024e-001
8.639673e+002,3.866903e-001
8.678243e+002,3.879071e-001
8.716813e+002,3.748343e-001
8.755383e+002,3.466759e-001
8.793953e+002,3.049984e-001
8.832523e+002,2.542580e-001
8.871093e+002,2.017871e-001
8.909663e+002,1.569725e-001
8.948233e+002,1.295597e-001
8.986803e+002,1.270371e-001
9.025373e+002,1.524850e-001
9.063943e+002,2.043158e-001
9.102513e+002,2.754771e-001
9.141083e+002,3.546903e-001
9.179653e+002,4.287949e-001
9.218223e+002,4.855488e-001
9.256793e+002,5.161012e-001
9.295363e+002,5.165535e-001
9.333933e+002,4.888811e-001
9.372502e+002,4.388756e-001
9.411073e+002,3.753609e-001
9.449642e+002,3.085333e-001
9.488213e+002,2.482672e-001
9.526782e+002,2.025259e-001
9.565353e+002,1.759451e-001
9.603922e+002,1.690387e-001
9.642493e+002,1.769788e-001
9.681062e+002,1.911405e-001
9.719633e+002,2.006738e-001
9.758203e+002,1.954353e-001
9.796772e+002,1.692675e-001
9.835342e+002,1.225669e-001
9.873912e+002,6.306446e-002
9.912482e+002,4.563779e-003
9.951052e+002,-3.795971e-002
9.989622e+002,-5.184544e-002
1.002819e+003,-3.130293e-002
1.006676e+003,2.052623e-002
1.010533e+003,9.240061e-002
1.014390e+003,1.684572e-001
1.018247e+003,2.330526e-001
1.022104e+003,2.732855e-001
1.025961e+003,2.877487e-001
1.029818e+003,2.793218e-001
1.033675e+003,2.548728e-001
1.037532e+003,2.219161e-001
1.041389e+003,1.857492e-001
1.045246e+003,1.481839e-001
1.049103e+003,1.081805e-001
1.052960e+003,5.563638e-002
1.056817e+003,2.049702e-003
1.060674e+003,-4.939469e-002
1.064531e+003,-9.454248e-002
1.068388e+003,-1.289974e-001
1.072245e+003,-1.491334e-001
1.076102e+003,-1.530630e-001
1.079959e+003,-1.412601e-001
1.083816e+003,-1.161543e-001
1.087673e+003,-8.288540e-002
1.091530e+003,-4.709595e-002
1.095387e+003,-1.405670e-002
1.099244e+003,1.238573e-002
1.103101e+003,3.043467e-002
1.106958e+003,4.038090e-002
1.110815e+003,4.408052e-002
1.114672e+003,5.314887e-002
1.118529e+003,7.410348e-002
1.122386e+003,1.054933e-001
1.126243e+003,1.419424e-001
1.130100e+003,1.759718e-001
1.133957e+003,2.007835e-001
1.137814e+003,2.128403e-001
1.141671e+003,2.132134e-001
1.145528e+003,2.100924e-001
1.149385e+003,2.082970e-001
1.153242e+003,2.147721e-001
1.157099e+003,2.326231e-001
1.160956e+003,2.597380e-001
1.164813e+003,2.894630e-001
1.168670e+003,3.130151e-001
1.172527e+003,3.227291e-001
1.176384e+003,3.156890e-001
1.180241e+003,2.924786e-001
1.184098e+003,2.603707e-001
1.187955e+003,2.298283e-001
1.191812e+003,2.112447e-001
1.195669e+003,2.117069e-001
1.199526e+003,2.327635e-001
1.203383e+003,2.698892e-001
1.207240e+003,3.139960e-001
1.211097e+003,3.528366e-001
1.214954e+003,3.755449e-001
1.218811e+003,3.751117e-001
1.222668e+003,3.500283e-001
1.226525e+003,3.043752e-001
1.230382e+003,2.464736e-001
1.234239e+003,1.866852e-001
1.238096e+003,1.346888e-001
1.241953e+003,9.900187e-002
1.245810e+003,8.428731e-002
1.249667e+003,9.152161e-002
1.253524e+003,1.181756e-001
1.257381e+003,1.586833e-001
1.261238e+003,2.050561e-001
1.265095e+003,2.477771e-001
1.268952e+003,2.770342e-001
1.272809e+003,2.847933e-001
1.276666e+003,2.664540e-001
1.280523e+003,2.226287e-001
1.284380e+003,1.598226e-001
1.288237e+003,8.965816e-002
1.292094e+003,2.654988e-002
1.295951e+003,-1.566362e-002
1.299808e+003,-2.756923e-002
1.303665e+003,-6.685536e-003
1.307522e+003,4.241894e-002
1.311379e+003,1.086222e-001
1.315236e+003,1.767605e-001
1.319093e+003,2.311576e-001
1.322950e+003,2.592864e-001
1.326807e+003,2.547373e-001
1.330664e+003,2.199073e-001
1.334521e+003,1.638589e-001
1.338378e+003,9.888509e-002
1.342235e+003,3.915668e-002
1.346092e+003,-2.688184e-003
1.349949e+003,-1.873569e-002
1.353806e+003,-7.907898e-003
1.357663e+003,2.374943e-002
1.361520e+003,5.876308e-002
1.365377e+003,9.470904e-002
1.369234e+003,1.244768e-001
1.373091e+003,1.419981e-001
1.376948e+003,1.433932e-001
1.380805e+003,1.276452e-001
1.384662e+003,9.661927e-002
1.388519e+003,5.447281e-002
1.392376e+003,7.393491e-003
1.396233e+003,-3.891147e-002
1.400090e+003,-7.984826e-002
1.403947e+003,-1.125688e-001
1.407804e+003,-1.359518e-001
1.411661e+003,-1.500815e-001
1.415518e+003,-1.555150e-001
1.419375e+003,-1.526431e-001
1.423232e+003,-1.050821e-001
1.427089e+003,-5.266163e-002
1.430946e+003,2.180297e-003
1.434803e+003,5.680131e-002
1.438660e+003,1.076500e-001
1.442517e+003,1.504756e-001
1.446374e+003,1.814893e-001
1.450231e+003,1.989726e-001
1.454088e+003,2.049592e-001
1.457945e+003,2.031788e-001
1.461802e+003,2.010550e-001
1.465659e+003,2.053561e-001
1.469516e+003,2.195426e-001
1.473373e+003,2.422624e-001
1.477230e+003,2.677218e-001
1.481087e+003,2.878723e-001
1.484944e+003,2.955244e-001
1.488801e+003,2.873144e-001
1.492658e+003,2.654445e-001
1.496515e+003,2.372578e-001
1.500372e+003,2.130798e-001
1.504229e+003,2.030912e-001
1.508086e+003,2.143143e-001
1.511943e+003,2.486094e-001
1.515800e+003,3.022948e-001
1.519657e+003,3.667062e-001
1.523514e+003,4.304578e-001
1.527371e+003,4.819516e-001
1.531228e+003,5.118914e-001
1.535085e+003,5.153019e-001
1.538942e+003,4.926874e-001
1.542799e+003,4.500380e-001
1.546656e+003,3.973961e-001
1.550513e+003,3.470984e-001
1.554370e+003,3.100895e-001
1.558227e+003,2.932056e-001
1.562084e+003,2.974464e-001
1.565941e+003,3.180479e-001
1.569798e+003,3.464487e-001
1.573655e+003,3.734888e-001
1.577512e+003,3.932821e-001
1.581369e+003,4.034730e-001
1.585226e+003,4.073078e-001
1.589083e+003,4.111605e-001
1.592940e+003,4.214902e-001
1.596797e+003,4.419643e-001
1.600654e+003,4.719464e-001
1.604511e+003,5.068991e-001
1.608368e+003,5.405628e-001
1.612225e+003,5.665483e-001
1.616082e+003,5.815015e-001
1.619939e+003,5.852051e-001
1.623796e+003,5.797054e-001
1.627653e+003,5.677289e-001
1.631510e+003,5.514207e-001
1.635367e+003,5.321249e-001
1.639224e+003,5.105789e-001
1.643081e+003,4.905694e-001
1.646938e+003,4.774984e-001
1.650795e+003,4.785240e-001
1.654652e+003,5.004971e-001
1.658509e+003,5.470895e-001
1.662366e+003,6.163250e-001
1.666223e+003,6.997019e-001
1.670080e+003,7.840005e-001
1.673937e+003,8.525501e-001
1.677794e+003,8.912116e-001
1.681651e+003,8.915849e-001
1.685508e+003,8.530062e-001
1.689365e+003,7.823906e-001
1.693222e+003,6.922033e-001
1.697079e+003,5.973577e-001
1.700936e+003,5.110052e-001
1.704793e+003,4.457191e-001
1.708650e+003,4.077032e-001
1.712507e+003,3.977311e-001
1.716364e+003,4.118856e-001
1.720221e+003,4.431046e-001
1.724078e+003,4.831691e-001
1.727935e+003,5.246491e-001
1.731792e+003,5.631847e-001
1.735649e+003,5.941767e-001
1.739506e+003,6.165336e-001
1.743363e+003,6.296838e-001
1.747220e+003,6.320100e-001
1.751077e+003,6.202170e-001
1.754934e+003,5.902169e-001
1.758791e+003,5.393370e-001
1.762648e+003,4.558659e-001
1.766505e+003,3.583916e-001
1.770362e+003,2.618912e-001
1.774219e+003,1.828953e-001
1.778076e+003,1.339494e-001
1.781933e+003,1.190401e-001
1.785790e+003,1.322012e-001
1.789647e+003,1.601029e-001
1.793504e+003,1.804002e-001
1.797361e+003,1.878721e-001
1.801218e+003,1.779128e-001
1.805075e+003,1.554487e-001
1.808932e+003,1.296051e-001
1.812789e+003,1.071203e-001
1.816646e+003,8.847524e-002
1.820503e+003,6.873852e-002
1.824360e+003,4.839878e-002
1.828217e+003,1.908850e-002
1.832073e+003,-1.578542e-002
1.835931e+003,-4.852105e-002
1.839788e+003,-7.056592e-002
1.843645e+003,-7.625479e-002
1.847501e+003,-6.494181e-002
1.851359e+003,-4.070517e-002
1.855216e+003,-1.323056e-002
1.859073e+003,1.315671e-002
1.862929e+003,3.496887e-002
1.866787e+003,5.033933e-002
1.870644e+003,5.862788e-002
1.874500e+003,5.998220e-002
1.878357e+003,5.522353e-002
1.882215e+003,4.604536e-002
1.886072e+003,3.491569e-002
1.889928e+003,2.543475e-002
1.893786e+003,2.085671e-002
1.897643e+003,2.378086e-002
1.901500e+003,3.572052e-002
1.905356e+003,5.725837e-002
1.909214e+003,8.867910e-002
1.913071e+003,1.306033e-001
1.916927e+003,1.828887e-001
1.920784e+003,2.469553e-001
1.924642e+003,3.217559e-001
1.928499e+003,4.033937e-001
1.932355e+003,4.849686e-001
1.936212e+003,5.579441e-001
1.940070e+003,6.147969e-001
1.943927e+003,6.520066e-001
1.947783e+003,6.714789e-001
1.951640e+003,6.821181e-001
1.955498e+003,6.958407e-001
1.959354e+003,7.244747e-001
1.963211e+003,7.759794e-001
1.967068e+003,8.520980e-001
1.970926e+003,9.483413e-001
1.974782e+003,1.056183e+000
1.978639e+003,1.165608e+000
1.982497e+003,1.270549e+000
1.986354e+003,1.367871e+000
1.990210e+003,1.457520e+000
1.994067e+003,1.540485e+000
1.997925e+003,1.616557e+000
2.001781e+003,1.683125e+000
2.005638e+003,1.735712e+000
2.009495e+003,1.769893e+000
2.013353e+003,1.784385e+000
2.017209e+003,1.782354e+000
2.021066e+003,1.771868e+000
2.024923e+003,1.764300e+000
2.028781e+003,1.771497e+000
2.032637e+003,1.802848e+000
2.036494e+003,1.863320e+000
2.040351e+003,1.952892e+000
2.044208e+003,2.067983e+000
2.048065e+003,2.202844e+000
2.051922e+003,2.351239e+000
2.055779e+003,2.507263e+000
2.059636e+003,2.665340e+000
2.063493e+003,2.819810e+000
2.067350e+003,2.964771e+000
2.071207e+003,3.094485e+000
2.075064e+003,3.205112e+000
2.078921e+003,3.295767e+000
2.082778e+003,3.369689e+000
2.086635e+003,3.434058e+000
2.090492e+003,3.498426e+000
2.094349e+003,3.572162e+000
2.098206e+003,3.661752e+000
2.102063e+003,3.768836e+000
2.105920e+003,3.890382e+000
2.109777e+003,4.019723e+000
2.113634e+003,4.149302e+000
2.117491e+003,4.273484e+000
2.121348e+003,4.390611e+000
2.125205e+003,4.503598e+000
2.129062e+003,4.619003e+000
2.132919e+003,4.744754e+000
2.136776e+003,4.888521e+000
2.140633e+003,5.055170e+000
2.144490e+003,5.246048e+000
2.148347e+003,5.459054e+000
2.152204e+003,5.689442e+000
2.156061e+003,5.930939e+000
2.159918e+003,6.176798e+000
2.163775e+003,6.420210e+000
2.167632e+003,6.656218e+000
2.171489e+003,6.880946e+000
2.175346e+003,7.092446e+000
2.179203e+003,7.290989e+000
2.183060e+003,7.479022e+000
2.186917e+003,7.660705e+000
2.190774e+003,7.841054e+000
2.194631e+003,8.024591e+000
2.198488e+003,8.215517e+000
2.202345e+003,8.416315e+000
2.206202e+003,8.628181e+000
2.210059e+003,8.851402e+000
2.213916e+003,9.085615e+000
2.217773e+003,9.329719e+000
2.221630e+003,9.581388e+000
2.225487e+003,9.836319e+000
2.229344e+003,1.008897e+001
2.233201e+003,1.033268e+001
2.237058e+003,1.056168e+001
2.240915e+003,1.077318e+001
2.244772e+003,1.096878e+001
2.248629e+003,1.115443e+001
2.252486e+003,1.133855e+001
2.256343e+003,1.152877e+001
2.260200e+003,1.172864e+001
2.264057e+003,1.193537e+001
2.267914e+003,1.213987e+001
2.271771e+003,1.232894e+001
2.275628e+003,1.248858e+001
2.279485e+003,1.260690e+001
2.283342e+003,1.267525e+001
2.287199e+003,1.268744e+001
2.291056e+003,1.263740e+001
2.294913e+003,1.251808e+001
2.298770e+003,1.232231e+001
2.302627e+003,1.204649e+001
2.306484e+003,1.169596e+001
2.310341e+003,1.128939e+001
2.314198e+003,1.085928e+001
2.318055e+003,1.044720e+001
2.321912e+003,1.009363e+001
2.325769e+003,9.827043e+000
2.329626e+003,9.655812e+000
2.333483e+003,9.567574e+000
2.337340e+003,9.537550e+000
2.341197e+003,9.543671e+000
2.345054e+003,9.582954e+000
2.348911e+003,9.683383e+000
2.352768e+003,9.900879e+000
2.356625e+003,1.030907e+001
2.360482e+003,1.097613e+001
2.364339e+003,1.194028e+001
2.368196e+003,1.319185e+001
2.372053e+003,1.466841e+001
2.375910e+003,1.626542e+001
2.379767e+003,1.786137e+001
2.383624e+003,1.933794e+001
2.387481e+003,2.061172e+001
2.391338e+003,2.164487e+001
2.395195e+003,2.244493e+001
2.399052e+003,2.305305e+001
2.402909e+003,2.352629e+001
2.406766e+003,2.392054e+001
2.410623e+003,2.427940e+001
2.414480e+003,2.462889e+001
2.418337e+003,2.498121e+001
2.422194e+003,2.533940e+001
2.426051e+003,2.570205e+001
2.429908e+003,2.606561e+001
2.433765e+003,2.642422e+001
2.437622e+003,2.676870e+001
2.441479e+003,2.708669e+001
2.445336e+003,2.736434e+001
2.449193e+003,2.759098e+001
2.453050e+003,2.776296e+001
2.456907e+003,2.788581e+001
2.460764e+003,2.797302e+001
2.464621e+003,2.804165e+001
2.468478e+003,2.810640e+001
2.472335e+003,2.817405e+001
2.476192e+003,2.824247e+001
2.480049e+003,2.830093e+001
2.483906e+003,2.833510e+001
2.487763e+003,2.833282e+001
2.491620e+003,2.828876e+001
2.495477e+003,2.820622e+001
2.499334e+003,2.809558e+001
2.503191e+003,2.796937e+001
2.507048e+003,2.784016e+001
2.510905e+003,2.771434e+001
2.514762e+003,2.759183e+001
2.518619e+003,2.746752e+001
2.522476e+003,2.733465e+001
2.526333e+003,2.718852e+001
2.530190e+003,2.702910e+001
2.534047e+003,2.686041e+001
2.537904e+003,2.669225e+001
2.541761e+003,2.653366e+001
2.545618e+003,2.639063e+001
2.549475e+003,2.626362e+001
2.553332e+003,2.614695e+001
2.557189e+003,2.603016e+001
2.561046e+003,2.590077e+001
2.564903e+003,2.574583e+001
2.568760e+003,2.555884e+001
2.572617e+003,2.533625e+001
2.576474e+003,2.507796e+001
2.580331e+003,2.478544e+001
2.584188e+003,2.445941e+001
2.588045e+003,2.409832e+001
2.591902e+003,2.369801e+001
2.595759e+003,2.324979e+001
2.599616e+003,2.275040e+001
2.603473e+003,2.219526e+001
2.607330e+003,2.158183e+001
2.611187e+003,2.090945e+001
2.615044e+003,2.017854e+001
2.618901e+003,1.939001e+001
2.622758e+003,1.854535e+001
2.626615e+003,1.764377e+001
2.630472e+003,1.669535e+001
2.634329e+003,1.571047e+001
2.638186e+003,1.470383e+001
2.642043e+003,1.369292e+001
2.645900e+003,1.269545e+001
2.649757e+003,1.172650e+001
2.653614e+003,1.079648e+001
2.657471e+003,9.908077e+000
2.661328e+003,9.066722e+000
2.665185e+003,8.273123e+000
2.669042e+003,7.529020e+000
2.672899e+003,6.838081e+000
2.676756e+003,6.205067e+000
2.680613e+003,5.633671e+000
2.684470e+003,5.124188e+000
2.688327e+003,4.672664e+000
2.692184e+003,4.271170e+000
2.696041e+003,3.909629e+000
2.699898e+003,3.579566e+000
2.703755e+003,3.276639e+000
2.707612e+003,3.001322e+000
2.711469e+003,2.757388e+000
2.715326e+003,2.548886e+000
2.719183e+003,2.380778e+000
2.723040e+003,2.246314e+000
2.726897e+003,2.137547e+000
2.730754e+003,2.044620e+000
2.734611e+003,1.959058e+000
2.738468e+003,1.876376e+000
2.742325e+003,1.796797e+000
2.746182e+003,1.723795e+000
2.750039e+003,1.667104e+000
2.753896e+003,1.622145e+000
2.757753e+003,1.586220e+000
2.761610e+003,1.553283e+000
2.765467e+003,1.516376e+000
2.769324e+003,1.470598e+000
2.773181e+003,1.415115e+000
2.777038e+003,1.353205e+000
2.780895e+003,1.296229e+000
2.784752e+003,1.242668e+000
2.788609e+003,1.194011e+000
2.792466e+003,1.147923e+000
2.796323e+003,1.099951e+000
2.800180e+003,1.046769e+000
2.804037e+003,9.893257e-001
2.807894e+003,9.342474e-001
2.811751e+003,8.978742e-001
2.815608e+003,8.866367e-001
2.819465e+003,9.080986e-001
2.823322e+003,9.619583e-001
2.827179e+003,1.039201e+000
2.831036e+003,1.124595e+000
2.834893e+003,1.201597e+000
2.838750e+003,1.257704e+000
2.842607e+003,1.290749e+000
2.846464e+003,1.300925e+000
2.850321e+003,1.297196e+000
2.854178e+003,1.289627e+000
2.858035e+003,1.285072e+000
2.861892e+003,1.284906e+000
2.865749e+003,1.285576e+000
2.869606e+003,1.281398e+000
2.873463e+003,1.267421e+000
2.877320e+003,1.243721e+000
2.881177e+003,1.213436e+000
2.885034e+003,1.181501e+000
2.888891e+003,1.151639e+000
2.892748e+003,1.124015e+000
2.896605e+003,1.094811e+000
2.900462e+003,1.058047e+000
2.904319e+003,1.008043e+000
2.908176e+003,9.453161e-001
2.912033e+003,8.742721e-001
2.915890e+003,8.035668e-001
2.919747e+003,7.430534e-001
2.923604e+003,6.999774e-001
2.927461e+003,6.760262e-001
2.931318e+003,6.664741e-001
2.935175e+003,6.616628e-001
2.939032e+003,6.514373e-001
2.942889e+003,6.274354e-001
2.946746e+003,5.860907e-001
2.950603e+003,5.295324e-001
2.954460e+003,4.646028e-001
2.958317e+003,4.005141e-001
2.962174e+003,3.460506e-001
2.966031e+003,3.088800e-001
2.969888e+003,2.878460e-001
2.973745e+003,2.810455e-001
2.977602e+003,2.835873e-001
2.981459e+003,2.886826e-001
2.985316e+003,2.889171e-001
2.989173e+003,2.775323e-001
2.993030e+003,2.496042e-001
2.996887e+003,2.137416e-001
3.000744e+003,1.667617e-001
3.004601e+003,1.124461e-001
3.008458e+003,5.628651e-002
3.012315e+003,4.788458e-003
3.016172e+003,-3.550722e-002
3.020029e+003,-5.911568e-002
3.023886e+003,-6.256302e-002
3.027743e+003,-2.409524e-002
3.031600e+003,3.275152e-002
3.035457e+003,1.031996e-001
3.039314e+003,1.811536e-001
3.043171e+003,2.600585e-001
3.047028e+003,3.337619e-001
3.050885e+003,3.972248e-001
3.054742e+003,4.469914e-001
3.058599e+003,4.714036e-001
3.062456e+003,4.863285e-001
3.066313e+003,4.929547e-001
3.070170e+003,4.929425e-001
3.074027e+003,4.879403e-001
3.077884e+003,4.793124e-001
3.081741e+003,4.681138e-001
3.085598e+003,4.553095e-001
3.089455e+003,4.422513e-001
3.093312e+003,4.317574e-001
3.097169e+003,4.271007e-001
3.101026e+003,4.322857e-001
3.104883e+003,4.511900e-001
3.108740e+003,4.863375e-001
3.112597e+003,5.376673e-001
3.116454e+003,6.017725e-001
3.120311e+003,6.735572e-001
3.124168e+003,7.424953e-001
3.128025e+003,7.995560e-001
3.131882e+003,8.383968e-001
3.135739e+003,8.573925e-001
3.139596e+003,8.603022e-001
3.143453e+003,8.551590e-001
3.147310e+003,8.515921e-001
3.151167e+003,8.573251e-001
3.155024e+003,8.753464e-001
3.158881e+003,9.020106e-001
3.162738e+003,9.278626e-001
3.166594e+003,9.405556e-001
3.170452e+003,9.290541e-001
3.174309e+003,8.877545e-001
3.178166e+003,8.191137e-001
3.182023e+003,7.334002e-001
3.185880e+003,6.477919e-001
3.189737e+003,5.807115e-001
3.193594e+003,5.472235e-001
3.197451e+003,5.549154e-001
3.201308e+003,6.018285e-001
3.205165e+003,6.769921e-001
3.209021e+003,7.633464e-001
3.212879e+003,8.422818e-001
3.216736e+003,8.978152e-001
3.220593e+003,9.206944e-001
3.224449e+003,9.098957e-001
3.228307e+003,8.719514e-001
3.232164e+003,8.183172e-001
3.236021e+003,7.616596e-001
3.239877e+003,7.122234e-001
3.243735e+003,6.753066e-001
3.247592e+003,6.506184e-001
3.251448e+003,6.333583e-001
3.255305e+003,6.167151e-001
3.259163e+003,5.947503e-001
3.263020e+003,5.647084e-001
3.266876e+003,5.280298e-001
3.270734e+003,4.898484e-001
3.274591e+003,4.573409e-001
3.278448e+003,4.372361e-001
3.282304e+003,4.340158e-001
3.286162e+003,4.485542e-001
3.290019e+003,4.778530e-001
3.293875e+003,5.156689e-001
3.297732e+003,5.537359e-001
3.301590e+003,5.832328e-001
3.305447e+003,5.963962e-001
3.309303e+003,5.875171e-001
3.313160e+003,5.541037e-001
3.317018e+003,4.974555e-001
3.320875e+003,4.226637e-001
3.324731e+003,3.378595e-001
3.328588e+003,2.526992e-001
3.332446e+003,1.763795e-001
3.336302e+003,1.164405e-001
3.340159e+003,7.497010e-002
3.344016e+003,5.131888e-002
3.347874e+003,4.218476e-002
3.351730e+003,4.341713e-002
3.355587e+003,5.182811e-002
3.359444e+003,6.627110e-002
3.363302e+003,8.753780e-002
3.367158e+003,1.157154e-001
3.371015e+003,1.522644e-001
3.374873e+003,1.957094e-001
3.378729e+003,2.419371e-001
3.382586e+003,2.849070e-001
3.386443e+003,3.182026e-001
3.390301e+003,3.367551e-001
3.394157e+003,3.380516e-001
3.398014e+003,3.197106e-001
3.401871e+003,2.898057e-001
3.405729e+003,2.515598e-001
3.409585e+003,2.081532e-001
3.413442e+003,1.624187e-001
3.417299e+003,1.169896e-001
3.421156e+003,7.465135e-002
3.425013e+003,3.849072e-002
3.428870e+003,1.804019e-002
3.432727e+003,3.046952e-003
3.436584e+003,-5.843937e-003
3.440441e+003,-8.159690e-003
3.444298e+003,-3.814731e-003
3.448155e+003,6.711389e-003
3.452012e+003,2.231693e-002
3.455869e+003,4.136223e-002
3.459726e+003,6.089586e-002
3.463583e+003,7.716056e-002
3.467440e+003,8.971372e-002
3.471297e+003,9.990768e-002
3.475154e+003,1.101872e-001
3.479011e+003,1.229929e-001
3.482868e+003,1.396767e-001
3.486725e+003,1.598083e-001
3.490582e+003,1.819756e-001
3.494439e+003,2.030880e-001
3.498296e+003,2.180823e-001
3.502153e+003,2.233174e-001
3.506010e+003,2.179615e-001
3.509867e+003,2.043324e-001
3.513724e+003,1.872040e-001
3.517581e+003,1.724905e-001
3.521438e+003,1.662442e-001
3.525295e+003,1.733194e-001
3.529152e+003,1.963870e-001
3.533009e+003,2.358949e-001
3.536866e+003,2.900168e-001
3.540723e+003,3.546265e-001
3.544580e+003,4.233848e-001
3.548437e+003,4.882142e-001
3.552294e+003,5.407645e-001
3.556151e+003,5.726797e-001
3.560008e+003,5.794486e-001
3.563865e+003,5.613652e-001
3.567722e+003,5.239720e-001
3.571579e+003,4.769790e-001
3.575436e+003,4.318535e-001
3.579293e+003,3.987755e-001
3.583150e+003,3.840193e-001
3.587007e+003,3.883809e-001
3.590864e+003,4.071812e-001
3.594721e+003,4.320077e-001
3.598578e+003,4.532555e-001
3.602435e+003,4.627239e-001
3.606292e+003,4.555456e-001
3.610149e+003,4.310648e-001
3.614006e+003,3.926595e-001
3.617863e+003,3.467412e-001
3.621720e+003,3.013578e-001
3.625577e+003,2.645654e-001
3.629434e+003,2.429369e-001
3.633291e+003,2.403673e-001
3.637148e+003,2.573602e-001
3.641005e+003,2.909656e-001
3.644862e+003,3.353960e-001
3.648719e+003,3.834662e-001
3.652576e+003,4.280954e-001
3.656433e+003,4.638461e-001
3.660290e+003,4.878579e-001
3.664147e+003,4.999460e-001
3.668004e+003,5.019029e-001
3.671861e+003,4.963345e-001
3.675718e+003,4.855419e-001
3.679575e+003,4.708482e-001
3.683432e+003,4.525793e-001
3.687289e+003,4.307015e-001
3.691146e+003,4.056949e-001
3.695003e+003,3.792774e-001
3.698860e+003,3.546538e-001
3.702717e+003,3.361574e-001
3.706574e+003,3.284155e-001
3.710431e+003,3.349631e-001
3.714288e+003,3.574184e-001
3.718145e+003,3.945594e-001
3.722002e+003,4.420651e-001
3.725859e+003,4.929602e-001
3.729716e+003,5.387926e-001
3.733573e+003,5.713883e-001
3.737430e+003,5.848250e-001
3.741287e+003,5.772461e-001
3.745144e+003,5.512947e-001
3.749001e+003,5.137359e-001
3.752858e+003,4.736490e-001
3.756715e+003,4.397472e-001
3.760572e+003,4.176544e-001
3.764429e+003,4.080758e-001
3.768286e+003,4.067380e-001
3.772143e+003,4.055352e-001
3.776000e+003,3.957654e-001
3.779857e+003,3.710391e-001
3.783714e+003,3.296099e-001
3.787571e+003,2.751659e-001
3.791428e+003,2.158750e-001
3.795285e+003,1.621010e-001
3.799142e+003,1.241520e-001
3.802999e+003,1.078772e-001
3.806856e+003,1.155944e-001
3.810713e+003,1.451050e-001
3.814570e+003,1.904202e-001
3.818427e+003,2.430462e-001
3.822284e+003,2.934951e-001
3.826141e+003,3.328151e-001
3.829998e+003,3.544296e-001
3.833855e+003,3.548921e-001
3.837712e+003,3.347840e-001
3.841569e+003,2.990971e-001
3.845426e+003,2.565814e-001
3.849283e+003,2.179953e-001
3.853140e+003,1.935103e-001
3.856997e+003,1.899192e-001
3.860854e+003,2.064735e-001
3.864711e+003,2.389632e-001
3.868568e+003,2.786112e-001
3.872425e+003,3.144113e-001
3.876282e+003,3.360094e-001
3.880139e+003,3.363130e-001
3.883996e+003,3.130445e-001
3.887853e+003,2.688628e-001
3.891710e+003,2.106900e-001
3.895567e+003,1.483760e-001
3.899424e+003,8.890343e-002
3.903281e+003,3.777705e-002
3.907138e+003,-1.447305e-003
3.910995e+003,-2.709655e-002
3.914852e+003,-3.903873e-002
3.918709e+003,-3.831777e-002
3.922566e+003,-2.546943e-002
3.926423e+003,-5.142185e-003
3.930280e+003,1.932347e-002
3.934137e+003,4.435122e-002
3.937994e+003,6.664381e-002
3.941851e+003,8.384815e-002
3.945708e+003,9.516481e-002
3.949565e+003,1.016814e-001
3.953422e+003,1.052622e-001
3.957279e+003,1.115905e-001
3.961136e+003,1.250582e-001
3.964993e+003,1.486564e-001
3.968850e+003,1.829133e-001
3.972707e+003,2.255019e-001
3.976564e+003,2.716055e-001
3.980421e+003,3.149140e-001
3.984278e+003,3.470259e-001
3.988135e+003,3.614712e-001
3.991992e+003,3.546980e-001
3.995849e+003,3.264937e-001
3.999706e+003,2.800047e-001
4.003563e+003,2.212879e-001
4.007420e+003,1.585015e-001
4.011277e+003,1.008187e-001
4.015134e+003,5.470081e-002
4.018991e+003,3.141275e-002
4.022848e+003,3.491691e-002
4.026705e+003,6.444845e-002
4.030562e+003,1.144798e-001
4.034419e+003,1.758776e-001
4.038276e+003,2.380722e-001
4.042133e+003,2.916713e-001
4.045990e+003,3.309188e-001
4.049847e+003,3.537489e-001
4.053704e+003,3.630667e-001
4.057561e+003,3.644182e-001
4.061418e+003,3.635388e-001
4.065275e+003,3.641969e-001
4.069132e+003,3.671145e-001
4.072989e+003,3.702880e-001
4.076846e+003,3.703863e-001
4.080703e+003,3.646838e-001
4.084560e+003,3.522734e-001
4.088417e+003,3.345363e-001
4.092274e+003,3.144332e-001
4.096131e+003,2.951332e-001
4.099988e+003,2.786461e-001
4.103845e+003,2.650886e-001
4.107702e+003,2.529185e-001
4.111559e+003,2.395579e-001
4.115416e+003,2.228716e-001
4.119273e+003,2.020611e-001
4.123130e+003,1.780366e-001
4.126987e+003,1.531525e-001
4.130844e+003,1.305274e-001
4.134701e+003,1.133076e-001
4.138558e+003,1.041168e-001
4.142415e+003,1.048790e-001
4.146271e+003,1.166751e-001
4.150129e+003,1.396691e-001
4.153986e+003,1.728641e-001
4.157843e+003,2.137676e-001
4.161700e+003,2.581828e-001
4.165557e+003,3.004324e-001
4.169414e+003,3.341766e-001
4.173271e+003,3.537695e-001
4.177128e+003,3.558215e-001
4.180985e+003,3.404250e-001
4.184842e+003,3.115380e-001
4.188699e+003,2.762747e-001
4.192556e+003,2.432002e-001
4.196413e+003,2.201424e-001
4.200270e+003,2.121888e-001
4.204126e+003,2.206079e-001
4.207984e+003,2.429811e-001
4.211841e+003,2.744654e-001
4.215698e+003,3.096645e-001
4.219555e+003,3.443863e-001
4.223412e+003,3.766042e-001
4.227269e+003,4.063322e-001
4.231125e+003,4.345303e-001
4.234982e+003,4.618232e-001
4.238840e+003,4.872567e-001
4.242697e+003,5.081412e-001
4.246554e+003,5.207933e-001
4.250411e+003,5.219069e-001
4.254268e+003,5.099033e-001
4.258125e+003,4.856609e-001
4.261981e+003,4.524579e-001
4.265839e+003,4.144566e-001
4.269696e+003,3.758372e-001
4.273553e+003,3.396678e-001
4.277410e+003,3.076027e-001
4.281267e+003,2.802956e-001
4.285124e+003,2.581155e-001
4.288980e+003,2.416411e-001
4.292837e+003,2.315532e-001
4.296695e+003,2.276542e-001
4.300552e+003,2.282253e-001
4.304409e+003,2.293796e-001
4.308266e+003,2.255284e-001
4.312123e+003,2.109448e-001
4.315979e+003,1.819500e-001
4.319836e+003,1.388801e-001
4.323693e+003,8.724266e-002
4.327551e+003,3.590726e-002
4.331408e+003,-4.449892e-003
4.335265e+003,-2.466340e-002
4.339122e+003,-2.000178e-002
4.342979e+003,8.127812e-003
4.346835e+003,5.224717e-002
4.350692e+003,1.006280e-001
4.354550e+003,1.401108e-001
4.358407e+003,1.605306e-001
4.362264e+003,1.555494e-001
4.366121e+003,1.244080e-001
4.369978e+003,7.191227e-002
4.373834e+003,7.196475e-003
4.377691e+003,-5.841846e-002
4.381548e+003,-1.139694e-001
4.385406e+003,-1.551498e-001
4.389263e+003,-1.802449e-001
4.393120e+003,-1.890150e-001
4.396977e+003,-1.843767e-001
4.400833e+003,-1.715245e-001
4.404690e+003,-1.564690e-001
4.408547e+003,-1.443567e-001
4.412404e+003,-1.380218e-001
4.416262e+003,-1.450819e-001
4.420119e+003,-1.463917e-001
4.423976e+003,-1.416369e-001
4.427833e+003,-1.309728e-001
4.431689e+003,-1.149348e-001
4.435546e+003,-9.434783e-002
4.439403e+003,-7.025221e-002
4.443260e+003,-4.384605e-002
4.447118e+003,-1.376540e-002
4.450975e+003,1.575517e-002
4.454832e+003,3.874458e-002
4.458688e+003,5.053450e-002
4.462545e+003,4.909446e-002
4.466402e+003,3.549617e-002
4.470259e+003,1.345922e-002
4.474117e+003,-1.176493e-002
4.477974e+003,-3.814106e-002
4.481831e+003,-5.572843e-002
4.485688e+003,-6.089117e-002
4.489544e+003,-5.300380e-002
4.493401e+003,-3.426030e-002
4.497258e+003,-8.903213e-003
4.501115e+003,1.794973e-002
4.504973e+003,4.164409e-002
4.508830e+003,6.061061e-002
4.512687e+003,7.343575e-002
4.516543e+003,8.261193e-002
4.520400e+003,9.273386e-002
4.524257e+003,1.089093e-001
4.528114e+003,1.347737e-001
4.531971e+003,1.708564e-001
4.535829e+003,2.139578e-001
4.539686e+003,2.583051e-001
4.543542e+003,2.962785e-001
4.547399e+003,3.220968e-001
4.551256e+003,3.332806e-001
4.555113e+003,3.311698e-001
4.558970e+003,3.198661e-001
4.562828e+003,3.041291e-001
4.566685e+003,2.872344e-001
4.570542e+003,2.698846e-001
4.574398e+003,2.506653e-001
4.578255e+003,2.279045e-001
4.582112e+003,2.019478e-001
4.585969e+003,1.766636e-001
4.589826e+003,1.592646e-001
4.593684e+003,1.583387e-001
4.597541e+003,1.807791e-001
4.601397e+003,2.286024e-001
4.605254e+003,2.981595e-001
4.609111e+003,3.800555e-001
4.612968e+003,4.614945e-001
4.616826e+003,5.293857e-001
4.620683e+003,5.731983e-001
4.624540e+003,5.867248e-001
4.628396e+003,5.684865e-001
4.632253e+003,5.213075e-001
4.636110e+003,4.510094e-001
4.639967e+003,3.656394e-001
4.643824e+003,2.750112e-001
4.647682e+003,1.901469e-001
4.651539e+003,1.222344e-001
4.655396e+003,8.091532e-002
4.659252e+003,7.213661e-002
4.663109e+003,9.592308e-002
4.666966e+003,1.465757e-001
4.670823e+003,2.131315e-001
4.674681e+003,2.819609e-001
4.678538e+003,3.401899e-001
4.682395e+003,3.788739e-001
4.686251e+003,3.948786e-001
4.690108e+003,3.909097e-001
4.693965e+003,3.737889e-001
4.697822e+003,3.521959e-001
4.701679e+003,3.336347e-001
4.705537e+003,3.230870e-001
4.709394e+003,3.225290e-001
4.713250e+003,3.313616e-001
4.717107e+003,3.472672e-001
4.720964e+003,3.669894e-001
4.724821e+003,3.867338e-001
4.728678e+003,4.027928e-001
4.732535e+003,4.113675e-001
4.736393e+003,4.091738e-001
4.740250e+003,3.941683e-001
4.744106e+003,3.662826e-001
4.747963e+003,3.278322e-001
4.751820e+003,2.833401e-001
4.755677e+003,2.397892e-001
4.759534e+003,2.022690e-001
4.763392e+003,1.759364e-001
4.767249e+003,1.643123e-001
4.771105e+003,1.689489e-001
4.774962e+003,1.894683e-001
4.778819e+003,2.238023e-001
4.782676e+003,2.684587e-001
4.786533e+003,3.188432e-001
4.790390e+003,3.694929e-001
4.794248e+003,4.152077e-001
4.798104e+003,4.514521e-001
4.801961e+003,4.752049e-001
4.805818e+003,4.855493e-001
4.809675e+003,4.837100e-001
4.813532e+003,4.723989e-001
4.817389e+003,4.559466e-001
4.821246e+003,4.351835e-001
4.825104e+003,4.106480e-001
4.828960e+003,3.814239e-001
4.832817e+003,3.458875e-001
4.836674e+003,3.028815e-001
4.840531e+003,2.528199e-001
4.844388e+003,1.982202e-001
4.848245e+003,1.456294e-001
4.852103e+003,9.768259e-002
4.855959e+003,5.865626e-002
4.859816e+003,3.129217e-002
4.863673e+003,1.631652e-002
4.867530e+003,1.261079e-002
4.871387e+003,1.789975e-002
4.875244e+003,2.961711e-002
4.879101e+003,4.553707e-002
4.882958e+003,6.413756e-002
4.886815e+003,8.426829e-002
4.890672e+003,1.047422e-001
4.894529e+003,1.239846e-001
4.898386e+003,1.400481e-001
4.902243e+003,1.510609e-001
4.906100e+003,1.559222e-001
4.909957e+003,1.523523e-001
4.913814e+003,1.449781e-001
4.917671e+003,1.369554e-001
4.921528e+003,1.313080e-001
4.925385e+003,1.296330e-001
4.929242e+003,1.313564e-001
4.933099e+003,1.339809e-001
4.936956e+003,1.343410e-001
4.940813e+003,1.297355e-001
4.944670e+003,1.219291e-001
4.948527e+003,1.154041e-001
4.952384e+003,1.170103e-001
4.956241e+003,1.334172e-001
4.960098e+003,1.681599e-001
4.963955e+003,2.195372e-001
4.967812e+003,2.803347e-001
4.971669e+003,3.412061e-001
4.975526e+003,3.886268e-001
4.979383e+003,4.142442e-001
4.983240e+003,4.160141e-001
4.987097e+003,3.986614e-001
4.990954e+003,3.717416e-001
4.994811e+003,3.461191e-001
4.998668e+003,3.302445e-001
5.002525e+003,3.275064e-001
5.006382e+003,3.360744e-001
5.010239e+003,3.496644e-001
5.014096e+003,3.605761e-001
5.017953e+003,3.626131e-001
5.021810e+003,3.530472e-001
5.025667e+003,3.331088e-001
5.029524e+003,3.071090e-001
5.033381e+003,2.803993e-001
5.037238e+003,2.589885e-001
5.041095e+003,2.471349e-001
5.044952e+003,2.472496e-001
5.048809e+003,2.599737e-001
5.052666e+003,2.844234e-001
5.056523e+003,3.183174e-001
5.060380e+003,3.579199e-001
5.064237e+003,3.979352e-001
5.068094e+003,4.317977e-001
5.071951e+003,4.524529e-001
5.075808e+003,4.537089e-001
5.079665e+003,4.318269e-001
5.083522e+003,3.868621e-001
5.087379e+003,3.232632e-001
5.091236e+003,2.493929e-001
5.095093e+003,1.758200e-001
5.098950e+003,1.135634e-001
5.102807e+003,7.116581e-002
5.106664e+003,5.301370e-002
5.110521e+003,5.857027e-002
5.114378e+003,8.287299e-002
5.118235e+003,1.181026e-001
5.122092e+003,1.557119e-001
5.125949e+003,1.884477e-001
5.129806e+003,2.118185e-001
5.133663e+003,2.244857e-001
5.137520e+003,2.278281e-001
5.141377e+003,2.249179e-001
5.145234e+003,2.193419e-001
5.149091e+003,2.142524e-001
5.152948e+003,2.118202e-001
5.156805e+003,2.129436e-001
5.160662e+003,2.176417e-001
5.164519e+003,2.248725e-001
5.168376e+003,2.327769e-001
5.172233e+003,2.389497e-001
5.176090e+003,2.409295e-001
5.179947e+003,2.369408e-001
5.183804e+003,2.267128e-001
5.187661e+003,2.119787e-001
5.191518e+003,1.967041e-001
5.195375e+003,1.859927e-001
5.199232e+003,1.847877e-001
5.203089e+003,1.962536e-001
5.206946e+003,2.205665e-001
5.210803e+003,2.546315e-001
5.214660e+003,2.929125e-001
5.218517e+003,3.288367e-001
5.222374e+003,3.575019e-001
5.226231e+003,3.762091e-001
5.230088e+003,3.850631e-001
5.233945e+003,3.862445e-001
5.237802e+003,3.825822e-001
5.241659e+003,3.761011e-001
5.245516e+003,3.671810e-001
5.249373e+003,3.545870e-001
5.253230e+003,3.367901e-001
5.257087e+003,3.128925e-001
5.260944e+003,2.838473e-001
5.264801e+003,2.527930e-001
5.268658e+003,2.244738e-001
5.272515e+003,2.039717e-001
5.276372e+003,1.952166e-001
5.280229e+003,1.996568e-001
5.284086e+003,2.160643e-001
5.287943e+003,2.405874e-001
5.291800e+003,2.676218e-001
5.295657e+003,2.909842e-001
5.299514e+003,3.051097e-001
5.303371e+003,3.060712e-001
5.307228e+003,2.922830e-001
5.311085e+003,2.652527e-001
5.314942e+003,2.284031e-001
5.318799e+003,1.874249e-001
5.322656e+003,1.492712e-001
5.326513e+003,1.210076e-001
5.330370e+003,1.084826e-001
5.334227e+003,1.150984e-001
5.338084e+003,1.409353e-001
5.341941e+003,1.818146e-001
5.345798e+003,2.317922e-001
5.349655e+003,2.828897e-001
5.353512e+003,3.268851e-001
5.357369e+003,3.569749e-001
5.361226e+003,3.691811e-001
5.365083e+003,3.631464e-001
5.368940e+003,3.421077e-001
5.372797e+003,3.136775e-001
5.376654e+003,2.834221e-001
5.380511e+003,2.571991e-001
5.384368e+003,2.387493e-001
5.388225e+003,2.288699e-001
5.392082e+003,2.254679e-001
5.395939e+003,2.245111e-001
5.399796e+003,2.215568e-001
5.403653e+003,2.139160e-001
5.407510e+003,1.997885e-001
5.411367e+003,1.806979e-001
5.415224e+003,1.598551e-001
5.419081e+003,1.409077e-001
5.422938e+003,1.265884e-001
5.426795e+003,1.178142e-001
5.430652e+003,1.135781e-001
5.434509e+003,1.117985e-001
5.438366e+003,1.105688e-001
5.442223e+003,1.090183e-001
5.446080e+003,1.079561e-001
5.449937e+003,1.096112e-001
5.453794e+003,1.165991e-001
5.457651e+003,1.305650e-001
5.461508e+003,1.510544e-001
5.465365e+003,1.734987e-001
5.469222e+003,1.944811e-001
5.473079e+003,2.085574e-001
5.476936e+003,2.115214e-001
5.480793e+003,2.017443e-001
5.484650e+003,1.805522e-001
5.488507e+003,1.515362e-001
5.492364e+003,1.191445e-001
5.496221e+003,8.375327e-002
5.500078e+003,5.159712e-002
5.503935e+003,2.350980e-002
5.507792e+003,-5.095117e-004
5.511649e+003,-2.006097e-002
5.515506e+003,-3.350816e-002
5.519363e+003,-3.803241e-002
5.523220e+003,-3.063851e-002
5.527077e+003,-9.344680e-003
5.530934e+003,2.540859e-002
5.534791e+003,6.937753e-002
5.538648e+003,1.159519e-001
5.542505e+003,1.579039e-001
5.546362e+003,1.893332e-001
5.550219e+003,2.070500e-001
5.554076e+003,2.109421e-001
5.557933e+003,2.030968e-001
5.561790e+003,1.873578e-001
5.565647e+003,1.681116e-001
5.569504e+003,1.496388e-001
5.573361e+003,1.360393e-001
5.577218e+003,1.312800e-001
5.581075e+003,1.389286e-001
5.584932e+003,1.613789e-001
5.588789e+003,1.991337e-001
5.592646e+003,2.490865e-001
5.596503e+003,3.050968e-001
5.600360e+003,3.590460e-001
5.604217e+003,4.027920e-001
5.608074e+003,4.301842e-001
5.611931e+003,4.383135e-001
5.615788e+003,4.275170e-001
5.619645e+003,3.997820e-001
5.623501e+003,3.584610e-001
5.627359e+003,3.062680e-001
5.631216e+003,2.453964e-001
5.635073e+003,1.784056e-001
5.638930e+003,1.093948e-001
5.642787e+003,4.451867e-002
5.646644e+003,-8.774355e-003
5.650500e+003,-4.395678e-002
5.654358e+003,-5.671971e-002
5.658215e+003,-4.789650e-002
5.662072e+003,-2.279878e-002
5.665929e+003,1.082042e-002
5.669786e+003,4.584244e-002
5.673643e+003,7.848158e-002
5.677500e+003,1.092901e-001
5.681356e+003,1.422932e-001
5.685214e+003,1.810788e-001
5.689071e+003,2.266001e-001
5.692928e+003,2.751088e-001
5.696785e+003,3.187850e-001
5.700642e+003,3.486241e-001
5.704499e+003,3.582966e-001
5.708355e+003,3.471998e-001
5.712212e+003,3.211458e-001
5.716070e+003,2.905515e-001
5.719927e+003,2.665551e-001
5.723784e+003,2.567090e-001
5.727641e+003,2.623124e-001
5.731498e+003,2.783528e-001
5.735354e+003,2.959379e-001
5.739211e+003,3.060440e-001
5.743069e+003,3.027931e-001
5.746926e+003,2.854106e-001
5.750783e+003,2.576387e-001
5.754640e+003,2.254870e-001
5.758497e+003,1.944241e-001
5.762354e+003,1.672973e-001
5.766210e+003,1.437802e-001
5.770067e+003,1.213708e-001
5.773925e+003,9.705230e-002
5.777782e+003,6.997249e-002
5.781639e+003,4.177729e-002
5.785496e+003,1.680307e-002
5.789353e+003,9.296456e-004
5.793209e+003,-1.584683e-004
5.797066e+003,1.725212e-002
5.800923e+003,5.357076e-002
5.804781e+003,1.060439e-001
5.808638e+003,1.666733e-001
5.812495e+003,2.252533e-001
5.816352e+003,2.708393e-001
5.820208e+003,2.941122e-001
5.824065e+003,2.896424e-001
5.827922e+003,2.573991e-001
5.831779e+003,2.029601e-001
5.835637e+003,1.339858e-001
5.839494e+003,6.457274e-002
5.843351e+003,5.871087e-003
5.847208e+003,-3.501720e-002
5.851064e+003,-5.617901e-002
5.854921e+003,-6.018047e-002
5.858778e+003,-5.196198e-002
5.862636e+003,-3.634707e-002
5.866493e+003,-1.430085e-002
5.870350e+003,1.193267e-002
5.874207e+003,4.181501e-002
5.878063e+003,7.364141e-002
5.881920e+003,1.030304e-001
5.885777e+003,1.230394e-001
5.889634e+003,1.261571e-001
5.893492e+003,1.074213e-001
5.897349e+003,6.439741e-002
5.901206e+003,5.815729e-003
5.905063e+003,-5.377813e-002
5.908919e+003,-9.836010e-002
5.912776e+003,-1.158909e-001
5.916633e+003,-1.024542e-001
5.920490e+003,-6.333145e-002
5.924348e+003,-1.061878e-002
5.928205e+003,4.107564e-002
5.932062e+003,8.131992e-002
5.935918e+003,1.053375e-001
5.939775e+003,1.147167e-001
5.943632e+003,1.151031e-001
5.947489e+003,1.126499e-001
5.951347e+003,1.110540e-001
5.955204e+003,1.105015e-001
5.959061e+003,1.111572e-001
5.962917e+003,1.089278e-001
5.966774e+003,1.033734e-001
5.970631e+003,9.654079e-002
5.974488e+003,9.205899e-002
5.978345e+003,9.319867e-002
5.982203e+003,1.009864e-001
5.986060e+003,1.134057e-001
5.989917e+003,1.266811e-001
5.993773e+003,1.357979e-001
5.997630e+003,1.383006e-001
6.001487e+003,1.346180e-001
6.005344e+003,1.278067e-001
6.009201e+003,1.219919e-001
6.013059e+003,1.202656e-001
6.016916e+003,1.230786e-001
6.020772e+003,1.279514e-001
6.024629e+003,1.307548e-001
6.028486e+003,1.276492e-001
6.032343e+003,1.169313e-001
6.036200e+003,1.000086e-001
6.040058e+003,8.100449e-002
6.043915e+003,6.521123e-002
6.047771e+003,5.709100e-002
6.051628e+003,5.882065e-002
6.055485e+003,6.938193e-002
6.059342e+003,8.591577e-002
6.063199e+003,1.049202e-001
6.067056e+003,1.237578e-001
6.070914e+003,1.415706e-001
6.074771e+003,1.592810e-001
6.078627e+003,1.787621e-001
6.082484e+003,2.014854e-001
6.086341e+003,2.278388e-001
6.090198e+003,2.563877e-001
6.094055e+003,2.842509e-001
6.097912e+003,3.079869e-001
6.101770e+003,3.247100e-001
6.105626e+003,3.330190e-001
6.109483e+003,3.333750e-001
6.113340e+003,3.278145e-001
6.117197e+003,3.189713e-001
6.121054e+003,3.088927e-001
6.124911e+003,2.980661e-001
6.128768e+003,2.850651e-001
6.132625e+003,2.671080e-001
6.136482e+003,2.414735e-001
6.140339e+003,2.073052e-001
6.144196e+003,1.670402e-001
6.148053e+003,1.266683e-001
6.151910e+003,9.456107e-002
6.155767e+003,7.883322e-002
6.159625e+003,8.415961e-002
6.163481e+003,1.092664e-001
6.167338e+003,1.462901e-001
6.171195e+003,1.826038e-001
6.175052e+003,2.044300e-001
6.178909e+003,2.028357e-001
6.182766e+003,1.758437e-001
6.186623e+003,1.301122e-001
6.190480e+003,7.895144e-002
6.194337e+003,3.778178e-002
6.198194e+003,1.866068e-002
6.202051e+003,2.599134e-002
6.205908e+003,5.464735e-002
6.209765e+003,9.317785e-002
6.213622e+003,1.276186e-001
6.217479e+003,1.468281e-001
6.221336e+003,1.464475e-001
6.225193e+003,1.300935e-001
6.229050e+003,1.074264e-001
6.232907e+003,8.998404e-002
6.236764e+003,8.568177e-002
6.240621e+003,9.762996e-002
6.244478e+003,1.220111e-001
6.248335e+003,1.502021e-001
6.252192e+003,1.720675e-001
6.256049e+003,1.795705e-001
6.259906e+003,1.693687e-001
6.263763e+003,1.435967e-001
6.267620e+003,1.154196e-001
6.271477e+003,8.627853e-002
6.275334e+003,6.088518e-002
6.279191e+003,4.238044e-002
6.283048e+003,3.195841e-002
6.286905e+003,2.912814e-002
6.290762e+003,3.240470e-002
6.294619e+003,4.008273e-002
6.298476e+003,3.412046e-002
6.302333e+003,2.572349e-002
6.306190e+003,1.827645e-002
6.310047e+003,1.544443e-002
6.313904e+003,2.029934e-002
6.317761e+003,3.453405e-002
6.321618e+003,5.795224e-002
6.325475e+003,8.832063e-002
6.329332e+003,1.260974e-001
6.333189e+003,1.472761e-001
6.337046e+003,1.481590e-001
6.340903e+003,1.296909e-001
6.344760e+003,9.791321e-002
6.348617e+003,6.293915e-002
6.352474e+003,3.656483e-002
6.356331e+003,2.907399e-002
6.360188e+003,4.608780e-002
6.364045e+003,9.005562e-002
6.367902e+003,1.519499e-001
6.371759e+003,2.173063e-001
6.375616e+003,2.707274e-001
6.379473e+003,3.007099e-001
6.383330e+003,3.031040e-001
6.387187e+003,2.819476e-001
6.391044e+003,2.473171e-001
6.394901e+003,2.117437e-001
6.398758e+003,1.851668e-001
6.402615e+003,1.715494e-001
6.406472e+003,1.681856e-001
6.410329e+003,1.678279e-001
6.414186e+003,1.625945e-001
6.418043e+003,1.479177e-001
6.421900e+003,1.251228e-001
6.425757e+003,1.004441e-001
6.429614e+003,8.312937e-002
6.433471e+003,8.141061e-002
6.437328e+003,9.922535e-002
6.441185e+003,1.347914e-001
6.445042e+003,1.815048e-001
6.448899e+003,2.305592e-001
6.452756e+003,2.741449e-001
6.456613e+003,3.071551e-001
6.460470e+003,3.281605e-001
6.464327e+003,3.380872e-001
6.468184e+003,3.383075e-001
6.472041e+003,3.291319e-001
6.475898e+003,3.095314e-001
6.479755e+003,2.782268e-001
6.483612e+003,2.354179e-001
6.487469e+003,1.844940e-001
6.491326e+003,1.321058e-001
6.495183e+003,8.691536e-002
6.499040e+003,5.719611e-002
6.502897e+003,4.829866e-002
6.506754e+003,6.104419e-002
6.510611e+003,9.167163e-002
6.514468e+003,1.332636e-001
6.518325e+003,1.778999e-001
6.522182e+003,2.186773e-001
6.526039e+003,2.507908e-001
6.529896e+003,2.714638e-001
6.533753e+003,2.791461e-001
6.537610e+003,2.727086e-001
6.541467e+003,2.512983e-001
6.545324e+003,2.149640e-001
6.549181e+003,1.661877e-001
6.553038e+003,1.106359e-001
6.556895e+003,5.719906e-002
6.560752e+003,1.655376e-002
6.564609e+003,-1.427278e-003
6.568466e+003,9.385136e-003
6.572323e+003,4.916227e-002
6.576180e+003,1.115401e-001
6.580037e+003,1.847795e-001
6.583894e+003,2.546531e-001
6.587751e+003,3.079360e-001
6.591608e+003,3.354435e-001
6.595465e+003,3.337776e-001
6.599322e+003,3.054229e-001
6.603179e+003,2.574245e-001
6.607036e+003,1.992171e-001
6.610893e+003,1.405964e-001
6.614750e+003,8.995096e-002
6.618607e+003,5.341690e-002
6.622464e+003,3.467757e-002
6.626321e+003,3.513837e-002
6.630178e+003,5.417801e-002
6.634035e+003,8.931556e-002
6.637892e+003,1.363170e-001
6.641749e+003,1.894812e-001
6.645606e+003,2.421416e-001
6.649463e+003,2.875488e-001
6.653320e+003,3.199371e-001
6.657177e+003,3.355078e-001
6.661034e+003,3.330228e-001
6.664891e+003,3.138055e-001
6.668748e+003,2.811832e-001
6.672605e+003,2.395225e-001
6.676462e+003,1.932103e-001
6.680319e+003,1.460638e-001
6.684176e+003,1.011924e-001
6.688033e+003,6.130023e-002
6.691890e+003,2.918209e-002
6.695747e+003,8.044703e-003
6.699604e+003,1.322386e-003
6.703461e+003,1.190123e-002
6.707318e+003,4.126512e-002
6.711175e+003,8.825757e-002
6.715032e+003,1.483931e-001
6.718889e+003,2.139698e-001
6.722746e+003,2.751223e-001
6.726603e+003,3.216399e-001
6.730460e+003,3.455436e-001
6.734317e+003,3.425702e-001
6.738174e+003,3.127182e-001
6.742031e+003,2.607079e-001
6.745888e+003,1.950771e-001
6.749745e+003,1.264769e-001
6.753602e+003,6.559177e-002
6.757459e+003,2.115220e-002
6.761316e+003,-1.667936e-003
6.765173e+003,-4.183479e-003
6.769030e+003,1.136500e-002
6.772887e+003,4.019773e-002
6.776744e+003,7.615866e-002
6.780601e+003,1.130014e-001
6.784458e+003,1.455407e-001
6.788315e+003,1.704250e-001
6.792172e+003,1.781328e-001
6.796029e+003,1.800023e-001
6.799886e+003,1.782928e-001
6.803743e+003,1.753668e-001
6.807600e+003,1.730536e-001
6.811457e+003,1.721743e-001
6.815314e+003,1.723452e-001
6.819171e+003,1.720875e-001
6.823028e+003,1.713827e-001
6.826885e+003,1.678182e-001
6.830742e+003,1.594681e-001
6.834599e+003,1.451846e-001
6.838456e+003,1.249484e-001
6.842313e+003,1.000079e-001
6.846170e+003,7.279074e-002
6.850027e+003,4.657850e-002
6.853884e+003,1.436307e-002
6.857741e+003,-6.474935e-003
6.861598e+003,-1.260623e-002
6.865455e+003,-3.259052e-003
6.869312e+003,1.945385e-002
6.873169e+003,5.083303e-002
6.877026e+003,8.451571e-002
6.880883e+003,1.138514e-001
6.884740e+003,1.326146e-001
6.888597e+003,1.377463e-001
6.892454e+003,1.294085e-001
6.896311e+003,1.112772e-001
6.900167e+003,8.929840e-002
6.904025e+003,6.990860e-002
6.907882e+003,5.834233e-002
6.911739e+003,5.757211e-002
6.915596e+003,6.842709e-002
6.919453e+003,9.001946e-002
6.923310e+003,1.201955e-001
6.927167e+003,1.566990e-001
6.931024e+003,1.973205e-001
6.934881e+003,2.393741e-001
6.938738e+003,2.789235e-001
6.942595e+003,3.104082e-001
6.946452e+003,3.272027e-001
6.950309e+003,3.228509e-001
6.954166e+003,2.941083e-001
6.958022e+003,2.425887e-001
6.961880e+003,1.754067e-001
6.965737e+003,1.039683e-001
6.969594e+003,4.110359e-002
6.973451e+003,-2.531513e-003
6.977308e+003,-2.149509e-002
6.981165e+003,-1.659872e-002
6.985021e+003,5.622312e-003
6.988878e+003,3.585512e-002
6.992736e+003,6.542377e-002
6.996593e+003,8.894081e-002
7.000450e+003,1.051903e-001
7.004307e+003,1.160572e-001
7.008164e+003,1.242064e-001
7.012021e+003,1.307769e-001
7.015877e+003,1.342146e-001
7.019735e+003,1.308791e-001
7.023592e+003,1.170798e-001
7.027449e+003,9.153582e-002
7.031306e+003,5.702604e-002
7.035163e+003,2.035157e-002
7.039020e+003,-9.450249e-003
7.042876e+003,-2.423928e-002
7.046733e+003,-1.921446e-002
7.050591e+003,5.412411e-003
7.054448e+003,4.460432e-002
7.058305e+003,9.025706e-002
7.062162e+003,1.337426e-001
7.066019e+003,1.682355e-001
7.069875e+003,1.896283e-001
7.073732e+003,1.981236e-001
7.077589e+003,1.958243e-001
7.081447e+003,1.861622e-001
7.085304e+003,1.729590e-001
7.089161e+003,1.598885e-001
7.093018e+003,1.502407e-001
7.096875e+003,1.467013e-001
7.100731e+003,1.503439e-001
7.104588e+003,1.617787e-001
7.108445e+003,1.791469e-001
7.112303e+003,1.986374e-001
7.116160e+003,2.152046e-001
7.120017e+003,2.239114e-001
7.123874e+003,2.214853e-001
7.127730e+003,2.075098e-001
7.131587e+003,1.856703e-001
7.135444e+003,1.606864e-001
7.139302e+003,1.384189e-001
7.143159e+003,1.241298e-001
7.147016e+003,1.211862e-001
7.150873e+003,1.303783e-001
7.154729e+003,1.499281e-001
7.158586e+003,1.759947e-001
7.162443e+003,2.045163e-001
7.166300e+003,2.294690e-001
7.170158e+003,2.457720e-001
7.174015e+003,2.487002e-001
7.177872e+003,2.345059e-001
7.181729e+003,2.012582e-001
7.185585e+003,1.497458e-001
7.189442e+003,8.412008e-002
7.193299e+003,1.774400e-002
7.197156e+003,-4.739548e-002
7.201014e+003,-1.023216e-001
7.204871e+003,-1.389620e-001
7.208728e+003,-1.518841e-001
7.212584e+003,-1.395548e-001
7.216441e+003,-1.047253e-001
7.220298e+003,-5.379935e-002
7.224155e+003,6.863520e-003
7.228013e+003,6.574519e-002
7.231870e+003,1.150739e-001
7.235727e+003,1.504923e-001
7.239583e+003,1.714280e-001
7.243440e+003,1.803879e-001
7.247297e+003,1.815124e-001
7.251154e+003,1.789188e-001
7.255011e+003,1.720048e-001
7.258869e+003,1.640646e-001
7.262726e+003,1.541297e-001
7.266583e+003,1.400691e-001
7.270439e+003,1.199735e-001
7.274296e+003,9.336957e-002
7.278153e+003,6.186629e-002
7.282010e+003,2.906084e-002
7.285867e+003,-2.176456e-003
7.289725e+003,-2.357309e-002
7.293582e+003,-3.079557e-002
7.297438e+003,-2.184244e-002
7.301295e+003,2.420219e-003
7.305152e+003,3.836410e-002
7.309009e+003,8.030603e-002
7.312866e+003,1.216537e-001
7.316724e+003,1.571649e-001
7.320581e+003,1.810992e-001
7.324438e+003,1.912187e-001
7.328294e+003,1.880368e-001
7.332151e+003,1.742944e-001
7.336008e+003,1.538938e-001
7.339865e+003,1.306537e-001
7.343722e+003,1.072899e-001
7.347580e+003,8.477004e-002
7.351437e+003,6.297694e-002
7.355293e+003,4.111380e-002
7.359150e+003,1.874072e-002
7.363007e+003,-3.459838e-003
7.366864e+003,-2.342683e-002
7.370721e+003,-3.804862e-002
7.374578e+003,-4.393382e-002
7.378436e+003,-3.828831e-002
7.382292e+003,-1.961247e-002
7.386149e+003,1.163833e-002
7.390006e+003,5.312646e-002
7.393863e+003,1.009134e-001
7.397720e+003,1.499138e-001
7.401577e+003,1.944493e-001
7.405434e+003,2.288835e-001
7.409292e+003,2.484746e-001
7.413148e+003,2.497901e-001
7.417005e+003,2.320900e-001
7.420862e+003,1.977309e-001
7.424719e+003,1.522658e-001
7.428576e+003,1.038384e-001
7.432433e+003,6.188873e-002
7.436291e+003,3.535935e-002
7.440147e+003,3.092715e-002
7.444004e+003,5.134783e-002
7.447861e+003,9.478410e-002
7.451718e+003,1.551513e-001
7.455575e+003,2.234021e-001
7.459432e+003,2.894582e-001
7.463289e+003,3.442967e-001
7.467146e+003,3.816665e-001
7.471003e+003,3.990251e-001
7.474860e+003,3.972960e-001
7.478717e+003,3.802516e-001
7.482574e+003,3.528482e-001
7.486431e+003,3.197244e-001
7.490288e+003,2.842363e-001
7.494145e+003,2.483579e-001
7.498002e+003,2.133948e-001
7.501859e+003,1.808858e-001
7.505716e+003,1.542509e-001
7.509573e+003,1.380070e-001
7.513430e+003,1.369178e-001
7.517287e+003,1.539994e-001
7.521144e+003,1.884076e-001
7.525001e+003,2.341932e-001
7.528858e+003,2.807182e-001
7.532715e+003,3.149056e-001
7.536572e+003,3.246969e-001
7.540429e+003,3.031917e-001
7.544286e+003,2.511072e-001
7.548143e+003,1.770546e-001
7.552000e+003,9.532632e-002
7.555857e+003,2.192193e-002
7.559714e+003,-2.983340e-002
7.563571e+003,-5.285364e-002
7.567428e+003,-4.624756e-002
7.571285e+003,-1.637819e-002
7.575142e+003,2.651722e-002
7.578999e+003,7.144004e-002
7.582856e+003,1.091532e-001
7.586713e+003,1.335231e-001
7.590570e+003,1.417004e-001
7.594427e+003,1.336053e-001
7.598284e+003,1.109131e-001
7.602141e+003,7.753708e-002
7.605998e+003,3.875503e-002
7.609855e+003,6.236793e-004
7.613712e+003,-3.099292e-002
7.617569e+003,-5.167961e-002
7.621426e+003,-5.959882e-002
7.625283e+003,-5.507781e-002
7.629140e+003,-4.233244e-002
7.632997e+003,-2.674245e-002
7.636854e+003,-1.322369e-002
7.640711e+003,-4.979831e-003
7.644568e+003,-3.303922e-003
7.648425e+003,-8.309370e-003
7.652282e+003,-1.994027e-002
7.656139e+003,-3.962754e-002
7.659996e+003,-6.709349e-002
7.663853e+003,-1.001375e-001
7.667710e+003,-1.334692e-001
7.671567e+003,-1.589396e-001
7.675424e+003,-1.676869e-001
7.679281e+003,-1.535745e-001
7.683138e+003,-1.163831e-001
7.686995e+003,-6.227324e-002
7.690852e+003,-5.030445e-003
7.694709e+003,4.027748e-002
7.698566e+003,6.245672e-002
7.702423e+003,5.794225e-002
7.706280e+003,3.138066e-002
7.710137e+003,-6.919347e-003
7.713994e+003,-4.514289e-002
7.717851e+003,-7.202917e-002
7.721708e+003,-8.465511e-002
7.725565e+003,-8.099413e-002
7.729422e+003,-6.076758e-002
7.733279e+003,-2.453678e-002
7.737136e+003,2.599473e-002
7.740993e+003,8.677230e-002
7.744850e+003,1.504172e-001
7.748707e+003,2.043443e-001
7.752564e+003,2.417553e-001
7.756421e+003,2.556162e-001
7.760278e+003,2.441436e-001
7.764135e+003,2.118876e-001
7.767992e+003,1.684694e-001
7.771849e+003,1.254076e-001
7.775706e+003,9.233838e-002
7.779563e+003,7.468625e-002
7.783420e+003,7.116383e-002
7.787277e+003,7.716458e-002
7.791134e+003,8.638623e-002
7.794991e+003,9.318029e-002
7.798848e+003,9.400382e-002
7.802705e+003,8.770245e-002
7.806562e+003,7.496744e-002
7.810419e+003,5.795193e-002
7.814276e+003,3.891636e-002
7.818133e+003,2.115556e-002
7.821990e+003,8.774333e-003
7.825847e+003,6.258216e-003
7.829704e+003,1.733545e-002
7.833561e+003,4.340674e-002
7.837418e+003,8.221187e-002
7.841275e+003,1.275220e-001
7.845132e+003,1.701957e-001
7.848989e+003,2.005831e-001
7.852846e+003,2.113789e-001
7.856703e+003,1.999443e-001
7.860560e+003,1.692307e-001
7.864417e+003,1.269668e-001
7.868274e+003,8.341467e-002
7.872131e+003,4.840997e-002
7.875988e+003,2.900383e-002
7.879845e+003,2.756277e-002
7.883702e+003,4.161519e-002
7.887559e+003,6.486038e-002
7.891416e+003,8.902043e-002
7.895273e+003,1.059801e-001
7.899130e+003,1.097078e-001
7.902987e+003,9.758496e-002
7.906844e+003,7.088788e-002
7.910701e+003,3.447476e-002
7.914558e+003,-4.257206e-003
7.918415e+003,-3.687448e-002
7.922272e+003,-5.556638e-002
7.926129e+003,-5.464899e-002
7.929986e+003,-3.168773e-002
7.933843e+003,1.159950e-002
7.937700e+003,7.010528e-002
7.941557e+003,1.353640e-001
7.945414e+003,1.968009e-001
7.949271e+003,2.434510e-001
7.953128e+003,2.661034e-001
7.956985e+003,2.595075e-001
7.960842e+003,2.240731e-001
7.964699e+003,1.667683e-001
7.968556e+003,9.914166e-002
7.972413e+003,3.526666e-002
7.976270e+003,-1.175934e-002
7.980127e+003,-3.325780e-002
7.983984e+003,-2.722205e-002
7.987841e+003,1.426334e-003
7.991698e+003,4.270202e-002
7.995555e+003,8.452822e-002
7.999412e+003,1.176213e-001
8.003269e+003,1.367760e-001
8.007126e+003,1.419842e-001
8.010983e+003,1.373932e-001
8.014840e+003,1.290187e-001
8.018697e+003,1.221883e-001
8.022554e+003,1.196715e-001
8.026411e+003,1.210022e-001
8.030268e+003,1.232180e-001
8.034125e+003,1.222882e-001
8.037982e+003,1.147134e-001
8.041839e+003,9.881654e-002
8.045696e+003,7.539041e-002
8.049553e+003,4.762739e-002
8.053410e+003,2.040670e-002
8.057267e+003,-9.670870e-004
8.061124e+003,-1.209292e-002
8.064981e+003,-1.064723e-002
8.068838e+003,2.764622e-003
8.072695e+003,2.457675e-002
8.076552e+003,4.916578e-002
8.080409e+003,7.053876e-002
8.084266e+003,8.428332e-002
8.088123e+003,8.888195e-002
8.091980e+003,8.668912e-002
8.095837e+003,8.217121e-002
8.099694e+003,8.025179e-002
8.103551e+003,8.415490e-002
8.107408e+003,9.399968e-002
8.111265e+003,1.068231e-001
8.115122e+003,1.180794e-001
8.118979e+003,1.236928e-001
8.122836e+003,1.229832e-001
8.126693e+003,1.185662e-001
8.130550e+003,1.157434e-001
8.134407e+003,1.202396e-001
8.138264e+003,1.355152e-001
8.142121e+003,1.608373e-001
8.145978e+003,1.909716e-001
8.149835e+003,2.174229e-001
8.153692e+003,2.322401e-001
8.157549e+003,2.295476e-001
8.161406e+003,2.078604e-001
8.165263e+003,1.704888e-001
8.169120e+003,1.244444e-001
8.172977e+003,7.838884e-002
8.176833e+003,4.039870e-002
8.180691e+003,1.642927e-002
8.184548e+003,8.484650e-003
8.188405e+003,1.580875e-002
8.192262e+003,3.495692e-002
8.196118e+003,6.065575e-002
8.199976e+003,8.686511e-002
8.203832e+003,1.079655e-001
8.207689e+003,1.199441e-001
8.211547e+003,1.213368e-001
8.215403e+003,1.137958e-001
8.219261e+003,1.011177e-001
8.223117e+003,8.820140e-002
8.226975e+003,7.933389e-002
8.230831e+003,7.664873e-002
8.234688e+003,7.943258e-002
8.238546e+003,8.465569e-002
8.242402e+003,8.878376e-002
8.246260e+003,8.927098e-002
8.250116e+003,8.650219e-002
8.253974e+003,8.384901e-002
8.257830e+003,8.645458e-002
8.261688e+003,9.899887e-002
8.265544e+003,1.233988e-001
8.269401e+003,1.574620e-001
8.273259e+003,1.949731e-001
8.277115e+003,2.282507e-001
8.280973e+003,2.500181e-001
8.284829e+003,2.558332e-001
8.288687e+003,2.452041e-001
8.292543e+003,2.211738e-001
8.296400e+003,1.886819e-001
8.300258e+003,1.525351e-001
8.304114e+003,1.162258e-001
8.307972e+003,8.062460e-002
8.311828e+003,4.572205e-002
8.315686e+003,1.164827e-002
8.319542e+003,-2.027604e-002
8.323399e+003,-4.739275e-002
8.327257e+003,-6.659210e-002
8.331113e+003,-7.578886e-002
8.334971e+003,-7.508066e-002
8.338827e+003,-6.737209e-002
8.342685e+003,-5.744008e-002
8.346541e+003,-5.003972e-002
8.350398e+003,-4.792764e-002
8.354255e+003,-5.066773e-002
8.358112e+003,-5.480086e-002
8.361970e+003,-5.534752e-002
8.365826e+003,-4.765648e-002
8.369684e+003,-3.036150e-002
8.373540e+003,-5.317523e-003
8.377397e+003,2.275443e-002
8.381254e+003,4.811253e-002
8.385111e+003,6.615709e-002
8.388969e+003,7.494215e-002
8.392825e+003,7.544575e-002
8.396683e+003,6.919745e-002
8.400539e+003,6.055056e-002
8.404396e+003,5.188117e-002
8.408253e+003,4.382001e-002
8.412110e+003,3.575293e-002
8.415968e+003,2.704749e-002
8.419824e+003,1.824560e-002
8.423682e+003,1.147431e-002
8.427538e+003,8.979752e-003
8.431396e+003,1.458016e-002
8.435252e+003,2.840331e-002
8.439109e+003,4.729375e-002
8.442966e+003,6.530731e-002
8.446823e+003,7.555492e-002
8.450681e+003,7.273319e-002
8.454537e+003,5.534718e-002
8.458395e+003,2.648516e-002
8.462251e+003,-5.985377e-003
8.466108e+003,-3.222805e-002
8.469965e+003,-4.336447e-002
8.473822e+003,-3.417762e-002
8.477680e+003,-4.557273e-003
8.481536e+003,4.074191e-002
8.485394e+003,9.380367e-002
8.489250e+003,1.470876e-001
8.493107e+003,1.920662e-001
8.496964e+003,2.245787e-001
8.500821e+003,2.438674e-001
8.504679e+003,2.516311e-001
8.508535e+003,2.505315e-001
8.512393e+003,2.428531e-001
8.516249e+003,2.298511e-001
8.520106e+003,2.108871e-001
8.523963e+003,1.869102e-001
8.527820e+003,1.588262e-001
8.531677e+003,1.284335e-001
8.535534e+003,9.810714e-002
8.539392e+003,7.005695e-002
8.543248e+003,4.564290e-002
8.547105e+003,2.519224e-002
8.550962e+003,7.809190e-003
8.554819e+003,-5.429040e-003
8.558676e+003,-1.346954e-002
8.562533e+003,-1.441981e-002
8.566391e+003,-6.576204e-003
8.570247e+003,1.005556e-002
8.574104e+003,3.259973e-002
8.577961e+003,5.537756e-002
8.581818e+003,7.185625e-002
8.585675e+003,7.631323e-002
8.589532e+003,6.762189e-002
8.593389e+003,5.014789e-002
8.597246e+003,3.262162e-002
8.601104e+003,2.485884e-002
8.604960e+003,3.362083e-002
8.608817e+003,5.942603e-002
8.612674e+003,9.553688e-002
8.616531e+003,1.311460e-001
8.620388e+003,1.547147e-001
8.624245e+003,1.586814e-001
8.628103e+003,1.422336e-001
8.631959e+003,1.112545e-001
8.635816e+003,7.556790e-002
8.639673e+003,4.480341e-002
8.643530e+003,2.498994e-002
8.647387e+003,1.603733e-002
8.651244e+003,1.360282e-002
8.655102e+003,1.140771e-002
8.658958e+003,4.305874e-003
8.662815e+003,-9.546071e-003
8.666672e+003,-2.822443e-002
8.670529e+003,-4.724693e-002
8.674386e+003,-6.162246e-002
8.678243e+003,-6.836215e-002
8.682100e+003,-6.662378e-002
8.685957e+003,-5.782635e-002
8.689814e+003,-4.461628e-002
8.693671e+003,-2.957879e-002
8.697528e+003,-1.429574e-002
8.701385e+003,9.076055e-004
8.705242e+003,1.612821e-002
8.709099e+003,3.249586e-002
8.712956e+003,5.006130e-002
8.716813e+003,6.795657e-002
8.720670e+003,8.458041e-002
8.724526e+003,9.817214e-002
8.728384e+003,1.075017e-001
8.732241e+003,1.123573e-001
8.736098e+003,1.137167e-001
8.739955e+003,1.129049e-001
8.743812e+003,1.110375e-001
8.747669e+003,1.082322e-001
8.751525e+003,1.032959e-001
8.755383e+003,9.413655e-002
8.759240e+003,7.886682e-002
8.763097e+003,5.720366e-002
8.766954e+003,3.161046e-002
8.770811e+003,6.974006e-003
8.774668e+003,-1.016590e-002
8.778524e+003,-1.389035e-002
8.782382e+003,-1.237957e-003
8.786238e+003,2.627216e-002
8.790096e+003,6.271408e-002
8.793953e+003,9.958508e-002
8.797810e+003,1.286704e-001
8.801667e+003,1.453631e-001
8.805523e+003,1.497719e-001
8.809381e+003,1.465217e-001
8.813237e+003,1.425699e-001
8.817095e+003,1.441877e-001
8.820952e+003,1.544586e-001
8.824809e+003,1.723936e-001
8.828666e+003,1.939665e-001
8.832522e+003,2.144456e-001
8.836380e+003,2.307690e-001
8.840236e+003,2.427297e-001
8.844094e+003,2.524079e-001
8.847951e+003,2.622057e-001
8.851808e+003,2.725991e-001
8.855665e+003,2.809108e-001
8.859521e+003,2.819206e-001
8.863379e+003,2.701575e-001
8.867235e+003,2.428905e-001
8.871093e+003,2.023322e-001
8.874949e+003,1.559116e-001
8.878807e+003,1.143153e-001
8.882664e+003,8.800956e-002
8.886521e+003,8.366613e-002
8.890378e+003,1.019531e-001
8.894234e+003,1.374937e-001
8.898092e+003,1.809668e-001
8.901948e+003,2.223862e-001
8.905806e+003,2.542066e-001
8.909663e+003,2.731464e-001
8.913520e+003,2.802598e-001
8.917377e+003,2.795263e-001
8.921233e+003,2.757663e-001
8.925091e+003,2.726822e-001
8.928947e+003,2.718528e-001
8.932805e+003,2.726443e-001
8.936662e+003,2.729689e-001
8.940519e+003,2.704563e-001
8.944376e+003,2.636236e-001
8.948232e+003,2.527233e-001
8.952090e+003,2.400256e-001
8.955946e+003,2.296048e-001
8.959804e+003,2.262481e-001
8.963660e+003,2.339834e-001
8.967518e+003,2.544597e-001
8.971375e+003,2.857740e-001
8.975231e+003,3.223189e-001
8.979089e+003,3.559506e-001
8.982945e+003,3.782499e-001
8.986803e+003,3.832412e-001
8.990659e+003,3.694391e-001
8.994517e+003,3.403435e-001
8.998374e+003,3.030635e-001
9.002230e+003,2.655507e-001
9.006088e+003,2.335718e-001
9.009944e+003,2.087216e-001
9.013802e+003,1.882986e-001
9.017658e+003,1.672609e-001
9.021516e+003,1.409640e-001
9.025373e+003,1.077956e-001
9.029229e+003,7.024309e-002
9.033087e+003,3.399101e-002
9.036943e+003,5.516863e-003
9.040801e+003,-1.064833e-002
9.044657e+003,-1.370826e-002
9.048515e+003,-6.721230e-003
9.052371e+003,4.943933e-003
9.056229e+003,1.592694e-002
9.060086e+003,2.284114e-002
9.063942e+003,2.504591e-002
9.067800e+003,2.406079e-002
9.071656e+003,2.215648e-002
9.075514e+003,2.097704e-002
9.079370e+003,2.108770e-002
9.083228e+003,2.229310e-002
9.087085e+003,2.463820e-002
9.090941e+003,2.915539e-002
9.094799e+003,3.778109e-002
9.098655e+003,5.231440e-002
9.102513e+003,7.289897e-002
9.106369e+003,9.675537e-002
9.110227e+003,1.185770e-001
9.114084e+003,1.314440e-001
9.117940e+003,1.293002e-001
9.121798e+003,1.094060e-001
9.125654e+003,7.391293e-002
9.129512e+003,2.988102e-002
9.133368e+003,-1.233606e-002
9.137226e+003,-4.156398e-002
9.141082e+003,-4.984595e-002
9.144939e+003,-3.330811e-002
9.148797e+003,6.536670e-003
9.152653e+003,6.332469e-002
9.156511e+003,1.275456e-001
9.160367e+003,1.888785e-001
9.164225e+003,2.385105e-001
9.168081e+003,2.704271e-001
9.171938e+003,2.840993e-001
9.175796e+003,2.816564e-001
9.179652e+003,2.676690e-001
9.183510e+003,2.475456e-001
9.187366e+003,2.259183e-001
9.191224e+003,2.055165e-001
9.195080e+003,1.868612e-001
9.198938e+003,1.684375e-001
9.202795e+003,1.486713e-001
9.206651e+003,1.268560e-001
9.210509e+003,1.035916e-001
9.214365e+003,8.078879e-002
9.218223e+003,6.103854e-002
9.222079e+003,4.660402e-002
9.225937e+003,3.846182e-002
9.229793e+003,3.016371e-002
9.233650e+003,2.617398e-002
9.237508e+003,2.519058e-002
9.241364e+003,2.567627e-002
9.245222e+003,2.636601e-002
9.249078e+003,2.662746e-002
9.252936e+003,2.656565e-002
9.256792e+003,2.686957e-002
9.260649e+003,2.687334e-002
9.264507e+003,2.899820e-002
9.268363e+003,3.401803e-002
9.272221e+003,4.162174e-002
9.276077e+003,5.037475e-002
9.279935e+003,5.799917e-002
9.283791e+003,6.186713e-002
9.287648e+003,5.959303e-002
9.291506e+003,4.840891e-002
9.295362e+003,2.879862e-002
9.299220e+003,2.799096e-003
9.303076e+003,-2.539270e-002
9.306934e+003,-5.007882e-002
9.310790e+003,-6.519815e-002
9.314647e+003,-6.576315e-002
9.318504e+003,-4.919452e-002
9.322361e+003,-1.419033e-002
9.326219e+003,3.352079e-002
9.330075e+003,8.695106e-002
9.333933e+003,1.386279e-001
9.337789e+003,1.826652e-001
9.341646e+003,2.161566e-001
9.345503e+003,2.393263e-001
9.349360e+003,2.544183e-001
9.353218e+003,2.631391e-001
9.357074e+003,2.668536e-001
9.360932e+003,2.645823e-001
9.364788e+003,2.541172e-001
9.368646e+003,2.338936e-001
9.372502e+003,2.049167e-001
9.376359e+003,1.716329e-001
9.380216e+003,1.410878e-001
9.384073e+003,1.202370e-001
9.387931e+003,1.142711e-001
9.391787e+003,1.230474e-001
9.395645e+003,1.414322e-001
9.399501e+003,1.612532e-001
9.403358e+003,1.745770e-001
9.407215e+003,1.768474e-001
9.411072e+003,1.684917e-001
9.414930e+003,1.542496e-001
9.418786e+003,1.408167e-001
9.422644e+003,1.336448e-001
9.426500e+003,1.346972e-001
9.430357e+003,1.420537e-001
9.434214e+003,1.514109e-001
9.438071e+003,1.585965e-001
9.441929e+003,1.617584e-001
9.445785e+003,1.621476e-001
9.449643e+003,1.632416e-001
9.453499e+003,1.686969e-001
9.457356e+003,1.803304e-001
9.461213e+003,1.971132e-001
9.465070e+003,2.156184e-001
9.468927e+003,2.315651e-001
9.472784e+003,2.415935e-001
9.476642e+003,2.443633e-001
9.480498e+003,2.406110e-001
9.484355e+003,2.322268e-001
9.488212e+003,2.211357e-001
9.492069e+003,2.085914e-001
9.495926e+003,1.951983e-001
9.499783e+003,1.814720e-001
9.503641e+003,1.683964e-001
9.507497e+003,1.574342e-001
9.511354e+003,1.500830e-001
9.515211e+003,1.469025e-001
9.519068e+003,1.470091e-001
9.522925e+003,1.482855e-001
9.526782e+003,1.483684e-001
9.530640e+003,1.459248e-001
9.534496e+003,1.414852e-001
9.538354e+003,1.372147e-001
9.542210e+003,1.358837e-001
9.546067e+003,1.391030e-001
9.549924e+003,1.461981e-001
9.553781e+003,1.541678e-001
9.557638e+003,1.589410e-001
9.561495e+003,1.573964e-001
9.565353e+003,1.491530e-001
9.569209e+003,1.369257e-001
9.573066e+003,1.262091e-001
9.576923e+003,1.224172e-001
9.580780e+003,1.286830e-001
9.584637e+003,1.441993e-001
9.588494e+003,1.640882e-001
9.592352e+003,1.808704e-001
9.596208e+003,1.869325e-001
9.600065e+003,1.771630e-001
9.603922e+003,1.509302e-001
9.607779e+003,1.109251e-001
9.611636e+003,6.293411e-002
9.615493e+003,1.429457e-002
9.619351e+003,-2.778041e-002
9.623207e+003,-5.758089e-002
9.627064e+003,-7.178678e-002
9.630921e+003,-7.109383e-002
9.634778e+003,-5.813036e-002
9.638635e+003,-3.640222e-002
9.642492e+003,-1.059411e-002
9.646349e+003,1.430016e-002
9.650206e+003,3.403837e-002
9.654063e+003,4.613355e-002
9.657920e+003,5.045416e-002
9.661777e+003,4.996548e-002
9.665634e+003,4.973435e-002
9.669491e+003,5.208845e-002
9.673348e+003,5.844807e-002
9.677205e+003,6.878497e-002
9.681063e+003,8.150445e-002
9.684919e+003,9.381457e-002
9.688776e+003,1.025061e-001
9.692633e+003,1.038308e-001
9.696490e+003,9.726693e-002
9.700347e+003,8.345929e-002
9.704204e+003,6.490452e-002
9.708062e+003,4.523367e-002
9.711918e+003,2.816933e-002
9.715775e+003,1.652263e-002
9.719632e+003,1.155798e-002
9.723489e+003,1.361286e-002
9.727346e+003,2.235823e-002
9.731203e+003,3.550761e-002
9.735060e+003,5.128441e-002
9.738917e+003,6.901221e-002
9.742774e+003,8.904561e-002
9.746631e+003,1.121833e-001
9.750488e+003,1.389022e-001
9.754345e+003,1.709199e-001
9.758202e+003,2.047988e-001
9.762059e+003,2.378534e-001
9.765916e+003,2.669749e-001
9.769773e+003,2.891865e-001
9.773630e+003,3.020543e-001
9.777487e+003,3.039425e-001
9.781344e+003,2.941959e-001
9.785201e+003,2.730857e-001
9.789058e+003,2.422353e-001
9.792915e+003,2.046000e-001
9.796772e+003,1.637656e-001
9.800629e+003,1.230845e-001
9.804486e+003,8.474509e-002
9.808343e+003,4.921047e-002
9.812200e+003,1.538988e-002
9.816057e+003,-1.864000e-002
9.819914e+003,-5.335590e-002
9.823771e+003,-8.740698e-002
9.827628e+003,-1.169696e-001
9.831485e+003,-1.366698e-001
9.835342e+003,-1.415258e-001
9.839199e+003,-1.291232e-001
9.843056e+003,-1.010066e-001
9.846913e+003,-6.214109e-002
9.850770e+003,-2.040981e-002
9.854627e+003,1.723795e-002
9.858484e+003,4.706462e-002
9.862341e+003,6.974761e-002
9.866198e+003,8.966217e-002
9.870055e+003,1.125398e-001
9.873912e+003,1.425370e-001
9.877769e+003,1.801266e-001
9.881626e+003,2.210318e-001
9.885483e+003,2.579708e-001
9.889340e+003,2.830429e-001
9.893197e+003,2.903827e-001
9.897054e+003,2.778475e-001
9.900911e+003,2.472167e-001
9.904768e+003,2.031397e-001
9.908625e+003,1.507434e-001
9.912481e+003,9.703146e-002
9.916339e+003,4.787611e-002
9.920196e+003,8.882307e-003
9.924053e+003,-1.447715e-002
9.927910e+003,-1.734721e-002
9.931767e+003,3.180441e-003
9.935624e+003,4.632114e-002
9.939480e+003,1.068794e-001
9.943338e+003,1.737239e-001
9.947195e+003,2.332029e-001
9.951052e+003,2.725547e-001
9.954909e+003,2.838833e-001
9.958766e+003,2.669220e-001
9.962623e+003,2.293759e-001
9.966479e+003,1.845438e-001
9.970337e+003,1.463017e-001
9.974193e+003,1.265717e-001
9.978051e+003,1.292998e-001
9.981908e+003,1.501460e-001
9.985765e+003,1.784349e-001
9.989622e+003,2.012394e-001
9.993479e+003,2.080317e-001
9.997336e+003,1.941989e-001
1.000119e+004,1.616616e-001
1.000505e+004,1.190511e-001
1.000891e+004,7.696582e-002
1.001276e+004,4.426517e-002
1.001662e+004,2.500038e-002
1.002048e+004,1.745764e-002
1.002433e+004,1.555545e-002
1.002819e+004,1.192634e-002
1.003205e+004,1.155771e-003
1.003591e+004,-1.730363e-002
1.003976e+004,-3.931586e-002
1.004362e+004,-5.772261e-002
1.004748e+004,-6.549259e-002
1.005133e+004,-5.876339e-002
1.005519e+004,-3.842615e-002
1.005905e+004,-9.585945e-003
1.006290e+004,2.092331e-002
1.006676e+004,4.718939e-002
1.007062e+004,6.683847e-002
1.007448e+004,8.139122e-002
1.007833e+004,9.473682e-002
1.008219e+004,1.104896e-001
1.008605e+004,1.296230e-001
1.008990e+004,1.496287e-001
1.009376e+004,1.656686e-001
1.009762e+004,1.729951e-001
1.010147e+004,1.696360e-001
1.010533e+004,1.576480e-001
1.010919e+004,1.424122e-001
1.011305e+004,1.302761e-001
1.011690e+004,1.257499e-001
1.012076e+004,1.296895e-001
1.012462e+004,1.393925e-001
1.012847e+004,1.504794e-001
1.013233e+004,1.595749e-001
1.013619e+004,1.662876e-001
1.014004e+004,1.734123e-001
1.014390e+004,1.852157e-001
1.014776e+004,2.046471e-001
1.015162e+004,2.309254e-001
1.015547e+004,2.588026e-001
1.015933e+004,2.798007e-001
1.016319e+004,2.853044e-001
1.016704e+004,2.697941e-001
1.017090e+004,2.330423e-001
1.017476e+004,1.803724e-001
1.017861e+004,1.209789e-001
1.018247e+004,6.509097e-002
1.018633e+004,2.095274e-002
1.019019e+004,-6.610516e-003
1.019404e+004,-1.733478e-002
1.019790e+004,-1.461233e-002
1.020176e+004,-3.942220e-003
1.020561e+004,8.880168e-003
1.020947e+004,1.937461e-002
1.021333e+004,2.548217e-002
1.021718e+004,2.792598e-002
1.022104e+004,2.990748e-002
1.022490e+004,3.575795e-002
1.022876e+004,4.915939e-002
1.023261e+004,7.136084e-002
1.023647e+004,1.001352e-001
1.024033e+004,1.300832e-001
1.024418e+004,1.543719e-001
1.024804e+004,1.673369e-001
1.025190e+004,1.668967e-001
1.025575e+004,1.557197e-001
1.025961e+004,1.402299e-001
1.026347e+004,1.278924e-001
1.026733e+004,1.238798e-001
1.027118e+004,1.286394e-001
1.027504e+004,1.375345e-001
1.027890e+004,1.427763e-001
1.028275e+004,1.368460e-001
1.028661e+004,1.158906e-001
1.029047e+004,8.154657e-002
1.029432e+004,4.046789e-002
1.029818e+004,1.887338e-003
1.030204e+004,-2.559455e-002
1.030590e+004,-3.662445e-002
1.030975e+004,-3.016496e-002
1.031361e+004,-8.984667e-003
1.031747e+004,2.183114e-002
1.032132e+004,5.650383e-002
1.032518e+004,8.964372e-002
1.032904e+004,1.167332e-001
1.033289e+004,1.343637e-001
1.033675e+004,1.406541e-001
1.034061e+004,1.359005e-001
1.034447e+004,1.230505e-001
1.034832e+004,1.074498e-001
1.035218e+004,9.549095e-002
1.035604e+004,9.242111e-002
1.035989e+004,1.001598e-001
1.036375e+004,1.162325e-001
1.036761e+004,1.345110e-001
1.037146e+004,1.476443e-001
1.037532e+004,1.503054e-001
1.037918e+004,1.415754e-001
1.038304e+004,1.255574e-001
1.038689e+004,1.097981e-001
1.039075e+004,1.022158e-001
1.039461e+004,1.079212e-001
1.039846e+004,1.272970e-001
1.040232e+004,1.560611e-001
1.040618e+004,1.871610e-001
1.041003e+004,2.133728e-001
1.041389e+004,2.295406e-001
1.041775e+004,2.335694e-001
1.042161e+004,2.260385e-001
1.042546e+004,2.089841e-001
1.042932e+004,1.846219e-001
1.043318e+004,1.546054e-001
1.043703e+004,1.202788e-001
1.044089e+004,8.310178e-002
1.044475e+004,4.527587e-002
1.044860e+004,9.971522e-003
1.045246e+004,-1.894381e-002
1.045632e+004,-3.753763e-002
1.046018e+004,-4.259631e-002
1.046403e+004,-3.230324e-002
1.046789e+004,-6.927513e-003
1.047175e+004,3.073820e-002
1.047560e+004,7.538506e-002
1.047946e+004,1.197212e-001
1.048332e+004,1.556882e-001
1.048717e+004,1.762674e-001
1.049103e+004,1.774006e-001
1.049489e+004,1.593298e-001
1.049875e+004,1.267134e-001
1.050260e+004,8.756892e-002
1.050646e+004,5.076040e-002
1.051032e+004,2.340885e-002
1.051417e+004,9.090624e-003
1.051803e+004,7.469606e-003
1.052189e+004,1.532448e-002
1.052574e+004,2.838853e-002
1.052960e+004,4.285800e-002
1.053346e+004,5.622266e-002
1.053732e+004,6.712634e-002
1.054117e+004,7.470854e-002
1.054503e+004,7.814228e-002
1.054889e+004,7.683215e-002
1.055274e+004,7.116097e-002
1.055660e+004,6.338326e-002
1.056046e+004,5.717829e-002
1.056431e+004,5.690549e-002
1.056817e+004,6.562494e-002
1.057203e+004,8.343948e-002
1.057589e+004,1.069680e-001
1.057974e+004,1.304109e-001
1.058360e+004,1.478001e-001
1.058746e+004,1.557897e-001
1.059131e+004,1.533512e-001
1.059517e+004,1.435093e-001
1.059903e+004,1.306552e-001
1.060288e+004,1.181273e-001
1.060674e+004,1.065759e-001
1.061060e+004,9.392449e-002
1.061446e+004,7.683721e-002
1.061831e+004,5.184900e-002
1.062217e+004,1.971174e-002
1.062603e+004,-1.645485e-002
1.062988e+004,-5.146665e-002
1.063374e+004,-7.967490e-002
1.063760e+004,-9.636018e-002
1.064145e+004,-9.840766e-002
1.064531e+004,-8.435531e-002
1.064917e+004,-5.396923e-002
1.065303e+004,-9.292141e-003
1.065688e+004,4.519947e-002
1.066074e+004,1.023264e-001
1.066460e+004,1.528920e-001
1.066845e+004,1.875978e-001
1.067231e+004,1.997205e-001
1.067617e+004,1.874691e-001
1.068002e+004,1.555941e-001
1.068388e+004,1.123740e-001
1.068774e+004,6.800579e-002
1.069160e+004,3.147712e-002
1.069545e+004,8.296985e-003
1.069931e+004,-2.544373e-004
1.070317e+004,3.579220e-003
1.070702e+004,1.547674e-002
1.071088e+004,3.044880e-002
1.071474e+004,4.353822e-002
1.071859e+004,5.066022e-002
1.072245e+004,4.870051e-002
1.072631e+004,3.641098e-002
1.073017e+004,1.552849e-002
1.073402e+004,-8.608054e-003
1.073788e+004,-2.774204e-002
1.074174e+004,-3.349099e-002
1.074559e+004,-2.008491e-002
1.074945e+004,1.314284e-002
1.075331e+004,6.037510e-002
1.075716e+004,1.106388e-001
1.076102e+004,1.514253e-001
1.076488e+004,1.732655e-001
1.076874e+004,1.733592e-001
1.077259e+004,1.570441e-001
1.077645e+004,1.348123e-001
1.078031e+004,1.182280e-001
1.078416e+004,1.155765e-001
1.078802e+004,1.286938e-001
1.079188e+004,1.524627e-001
1.079573e+004,1.770783e-001
1.079959e+004,1.920577e-001
1.080345e+004,1.909117e-001
1.080731e+004,1.720983e-001
1.081116e+004,1.402933e-001
1.081502e+004,1.040453e-001
1.081888e+004,7.252835e-002
1.082273e+004,5.233366e-002
1.082659e+004,4.542187e-002
1.083045e+004,4.881948e-002
1.083430e+004,5.606566e-002
1.083816e+004,5.955973e-002
1.084202e+004,5.358665e-002
1.084588e+004,3.623018e-002
1.084973e+004,1.028128e-002
1.085359e+004,-1.732307e-002
1.085745e+004,-3.740102e-002
1.086130e+004,-4.124626e-002
1.086516e+004,-2.378203e-002
1.086902e+004,1.548219e-002
1.087287e+004,7.145922e-002
1.087673e+004,1.348918e-001
1.088059e+004,1.949662e-001
1.088445e+004,2.424292e-001
1.088830e+004,2.721567e-001
1.089216e+004,2.842938e-001
1.089602e+004,2.834061e-001
1.089987e+004,2.770743e-001
1.090373e+004,2.723116e-001
1.090759e+004,2.736647e-001
1.091144e+004,2.821462e-001
1.091530e+004,2.956094e-001
1.091916e+004,3.102210e-001
1.092301e+004,3.222965e-001
1.092687e+004,3.296632e-001
1.093073e+004,3.324023e-001
1.093459e+004,3.320707e-001
1.093844e+004,3.308136e-001
1.094230e+004,3.302776e-001
1.094616e+004,3.308898e-001
1.095001e+004,3.316943e-001
1.095387e+004,3.306695e-001
1.095773e+004,3.253937e-001
1.096158e+004,3.135202e-001
1.096544e+004,2.934644e-001
1.096930e+004,2.647805e-001
1.097316e+004,2.284295e-001
1.097701e+004,1.868345e-001
1.098087e+004,1.436232e-001
1.098473e+004,1.029963e-001
1.098858e+004,6.873582e-002
1.099244e+004,4.323285e-002
1.099630e+004,2.700520e-002
1.100016e+004,1.854881e-002
1.100401e+004,1.497738e-002
1.100787e+004,1.315208e-002
1.101173e+004,1.085708e-002
1.101558e+004,7.507816e-003
1.101944e+004,3.880452e-003
1.102330e+004,2.024499e-003
1.102715e+004,3.323927e-003
1.103101e+004,7.924404e-003
1.103487e+004,1.452714e-002
1.103872e+004,2.097025e-002
1.104258e+004,2.531096e-002
1.104644e+004,2.685289e-002
1.105030e+004,2.686870e-002
1.105415e+004,2.731432e-002
1.105801e+004,3.035696e-002
1.106187e+004,3.693207e-002
1.106572e+004,4.591941e-002
1.106958e+004,5.423759e-002
1.107344e+004,5.791511e-002
1.107729e+004,5.373169e-002
1.108115e+004,4.159973e-002
1.108501e+004,2.282647e-002
1.108887e+004,2.047092e-003
1.109272e+004,-1.475533e-002
1.109658e+004,-2.206650e-002
1.110044e+004,-1.654793e-002
1.110429e+004,1.948969e-003
1.110815e+004,3.035210e-002
1.111201e+004,6.243919e-002
1.111587e+004,9.279823e-002
1.111972e+004,1.162337e-001
1.112358e+004,1.292465e-001
1.112744e+004,1.305433e-001
1.113129e+004,1.209655e-001
1.113515e+004,1.029810e-001
1.113901e+004,7.994425e-002
1.114286e+004,5.588983e-002
1.114672e+004,3.322856e-002
1.115058e+004,1.387545e-002
1.115443e+004,-1.099039e-003
1.115829e+004,-1.132339e-002
1.116215e+004,-1.683043e-002
1.116601e+004,-1.769562e-002
1.116986e+004,-1.374132e-002
1.117372e+004,-6.885089e-003
1.117758e+004,4.696028e-003
1.118143e+004,2.165994e-002
1.118529e+004,4.426441e-002
1.118915e+004,7.196383e-002
1.119300e+004,1.031536e-001
1.119686e+004,1.351957e-001
1.120072e+004,1.647538e-001
1.120458e+004,1.857717e-001
1.120843e+004,1.984737e-001
1.121229e+004,2.014426e-001
1.121615e+004,1.946857e-001
1.122000e+004,1.796448e-001
1.122386e+004,1.588776e-001
1.122772e+004,1.355315e-001
1.123158e+004,1.127339e-001
1.123543e+004,9.622118e-002
1.123929e+004,8.477259e-002
1.124315e+004,7.935528e-002
1.124700e+004,8.008037e-002
1.125086e+004,8.661395e-002
1.125472e+004,9.859315e-002
1.125857e+004,1.158894e-001
1.126243e+004,1.386093e-001
1.126629e+004,1.694106e-001
1.127014e+004,2.043290e-001
1.127400e+004,2.413701e-001
1.127786e+004,2.770397e-001
1.128172e+004,3.064549e-001
1.128557e+004,3.239880e-001
1.128943e+004,3.243980e-001
1.129329e+004,3.041951e-001
1.129714e+004,2.592921e-001
1.130100e+004,1.957806e-001
1.130486e+004,1.214990e-001
1.130871e+004,4.688485e-002
1.131257e+004,-1.712707e-002
1.131643e+004,-6.145565e-002
1.132029e+004,-8.080937e-002
1.132414e+004,-7.464400e-002
1.132800e+004,-4.576395e-002
1.133186e+004,-1.559936e-003
1.133571e+004,4.921127e-002
1.133957e+004,9.858635e-002
1.134343e+004,1.408314e-001
1.134729e+004,1.729419e-001
1.135114e+004,1.943082e-001
1.135500e+004,2.059141e-001
1.135886e+004,2.097485e-001
1.136271e+004,2.072386e-001
1.136657e+004,2.005493e-001
1.137043e+004,1.919021e-001
1.137428e+004,1.833987e-001
1.137814e+004,1.765805e-001
1.138200e+004,1.718483e-001
1.138585e+004,1.680598e-001
1.138971e+004,1.622894e-001
1.139357e+004,1.517631e-001
1.139743e+004,1.342191e-001
1.140128e+004,1.096365e-001
1.140514e+004,8.100799e-002
1.140900e+004,5.401367e-002
1.141285e+004,3.554376e-002
1.141671e+004,3.152691e-002
1.142057e+004,4.492858e-002
1.142442e+004,7.448832e-002
1.142828e+004,1.148246e-001
1.143214e+004,1.581027e-001
1.143600e+004,1.964020e-001
1.143985e+004,2.240085e-001
1.144371e+004,2.388495e-001
1.144757e+004,2.426403e-001
1.145142e+004,2.398277e-001
1.145528e+004,2.357715e-001
1.145914e+004,2.349755e-001
1.146300e+004,2.397682e-001
1.146685e+004,2.498897e-001
1.147071e+004,2.629418e-001
1.147457e+004,2.754190e-001
1.147842e+004,2.839397e-001
1.148228e+004,2.863249e-001
1.148614e+004,2.821003e-001
1.148999e+004,2.725493e-001
1.149385e+004,2.601030e-001
1.149771e+004,2.473365e-001
1.150156e+004,2.358444e-001
1.150542e+004,2.253964e-001
1.150928e+004,2.137470e-001
1.151314e+004,1.975457e-001
1.151699e+004,1.731107e-001
1.152085e+004,1.387751e-001
1.152471e+004,9.604644e-002
1.152856e+004,4.995392e-002
1.153242e+004,8.023173e-003
1.153628e+004,-2.193865e-002
1.154013e+004,-3.453220e-002
1.154399e+004,-2.920012e-002
1.154785e+004,-1.031544e-002
1.155171e+004,1.412138e-002
1.155556e+004,3.489524e-002
1.155942e+004,4.474211e-002
1.156328e+004,4.084779e-002
1.156713e+004,2.570000e-002
1.157099e+004,5.943439e-003
1.157485e+004,-1.075272e-002
1.157871e+004,-1.786250e-002
1.158256e+004,-1.307930e-002
1.158642e+004,1.378139e-003
1.159028e+004,1.969142e-002
1.159413e+004,3.459685e-002
1.159799e+004,3.990745e-002
1.160185e+004,3.247438e-002
1.160570e+004,1.539572e-002
1.160956e+004,-8.693901e-003
1.161342e+004,-3.508099e-002
1.161727e+004,-5.892088e-002
1.162113e+004,-7.629737e-002
1.162499e+004,-8.475906e-002
1.162885e+004,-8.334790e-002
1.163270e+004,-7.232579e-002
1.163656e+004,-5.318958e-002
1.164042e+004,-2.834820e-002
1.164427e+004,-1.697112e-004
1.164813e+004,2.836254e-002
1.165199e+004,5.379938e-002
1.165584e+004,7.266240e-002
1.165970e+004,8.214351e-002
1.166356e+004,8.088012e-002
1.166742e+004,6.966969e-002
1.167127e+004,5.040481e-002
1.167513e+004,2.820841e-002
1.167899e+004,9.029169e-003
1.168284e+004,-1.827835e-003
1.168670e+004,-9.760940e-004
1.169056e+004,1.233990e-002
1.169441e+004,3.626288e-002
1.169827e+004,6.729661e-002
1.170213e+004,9.933783e-002
1.170599e+004,1.267636e-001
1.170984e+004,1.448952e-001
1.171370e+004,1.504765e-001
1.171756e+004,1.418270e-001
1.172141e+004,1.188838e-001
1.172527e+004,8.327764e-002
1.172913e+004,3.575517e-002
1.173298e+004,-1.555831e-002
1.173684e+004,-6.359182e-002
1.174070e+004,-1.011497e-001
1.174456e+004,-1.224727e-001
1.174841e+004,-1.247651e-001
1.175227e+004,-1.091354e-001
1.175613e+004,-8.050506e-002
1.175998e+004,-4.575101e-002
1.176384e+004,-1.345796e-002
1.176770e+004,9.939417e-003
1.177155e+004,2.166039e-002
1.177541e+004,2.315507e-002
1.177927e+004,1.928441e-002
1.178313e+004,1.643706e-002
1.178698e+004,2.027525e-002
1.179084e+004,3.414069e-002
1.179470e+004,5.764725e-002
1.179855e+004,8.764723e-002
1.180241e+004,1.194883e-001
1.180627e+004,1.487979e-001
1.181012e+004,1.729141e-001
1.181398e+004,1.914590e-001
1.181784e+004,2.059194e-001
1.182170e+004,2.185391e-001
1.182555e+004,2.309332e-001
1.182941e+004,2.433225e-001
1.183327e+004,2.543838e-001
1.183712e+004,2.619643e-001
1.184098e+004,2.642423e-001
1.184484e+004,2.607957e-001
1.184869e+004,2.530510e-001
1.185255e+004,2.438304e-001
1.185641e+004,2.363306e-001
1.186027e+004,2.325991e-001
1.186412e+004,2.325126e-001
1.186798e+004,2.335739e-001
1.187184e+004,2.317209e-001
1.187569e+004,2.228909e-001
1.187955e+004,2.047518e-001
1.188341e+004,1.779157e-001
1.188726e+004,1.461912e-001
1.189112e+004,1.156101e-001
1.189498e+004,9.266613e-002
1.189883e+004,8.231252e-002
1.190269e+004,8.641013e-002
1.190655e+004,1.031462e-001
1.191041e+004,1.275760e-001
1.191426e+004,1.530819e-001
1.191812e+004,1.732044e-001
1.192198e+004,1.833632e-001
1.192583e+004,1.818952e-001
1.192969e+004,1.702204e-001
1.193355e+004,1.521677e-001
1.193741e+004,1.327295e-001
1.194126e+004,1.166271e-001
1.194512e+004,1.071018e-001
1.194898e+004,1.051968e-001
1.195283e+004,1.097249e-001
1.195669e+004,1.178442e-001
1.196055e+004,1.260616e-001
1.196440e+004,1.313377e-001
1.196826e+004,1.319626e-001
1.197212e+004,1.279369e-001
1.197598e+004,1.207613e-001
1.197983e+004,1.127610e-001
1.198369e+004,1.061791e-001
1.198755e+004,1.023930e-001
1.199140e+004,1.015448e-001
1.199526e+004,1.026866e-001
1.199912e+004,1.043532e-001
1.200297e+004,1.052931e-001
1.200683e+004,1.050351e-001
1.201069e+004,1.041819e-001
1.201454e+004,1.041082e-001
1.201840e+004,1.063821e-001
1.202226e+004,1.120428e-001
1.202612e+004,1.209958e-001
1.202997e+004,1.317355e-001
1.203383e+004,1.414857e-001
1.203769e+004,1.465494e-001
1.204154e+004,1.436646e-001
1.204540e+004,1.305548e-001
1.204926e+004,1.069034e-001
1.205312e+004,7.482117e-002
1.205697e+004,3.871032e-002
1.206083e+004,4.450016e-003
1.206469e+004,-2.197151e-002
1.206854e+004,-3.610814e-002
1.207240e+004,-3.554731e-002
1.207626e+004,-2.159412e-002
1.208011e+004,1.850333e-003
1.208397e+004,2.982347e-002
1.208783e+004,5.814994e-002
1.209169e+004,8.482637e-002
1.209554e+004,1.103096e-001
1.209940e+004,1.382430e-001
1.210326e+004,1.683355e-001
1.210711e+004,1.996552e-001
1.211097e+004,2.280525e-001
1.211483e+004,2.468294e-001
1.211868e+004,2.488186e-001
1.212254e+004,2.290190e-001
1.212640e+004,1.866406e-001
1.213025e+004,1.219894e-001
1.213411e+004,4.536912e-002
1.213797e+004,-3.250123e-002
1.214183e+004,-1.018545e-001
1.214568e+004,-1.555381e-001
1.214954e+004,-1.892191e-001
1.215340e+004,-2.005774e-001
1.215725e+004,-1.884806e-001
1.216111e+004,-1.481771e-001
1.216497e+004,-8.310360e-002
1.216883e+004,-1.035569e-003
1.217268e+004,8.582023e-002
1.217654e+004,1.629477e-001
1.218040e+004,2.173567e-001
1.218425e+004,2.415058e-001
1.218811e+004,2.353131e-001
1.219197e+004,2.052984e-001
1.219582e+004,1.606216e-001
1.219968e+004,1.088166e-001
1.220354e+004,5.358076e-002
1.220740e+004,-4.572086e-003
1.221125e+004,-6.514649e-002
1.221511e+004,-1.241236e-001
1.221897e+004,-1.725738e-001
1.222282e+004,-1.992908e-001
1.222668e+004,-1.991379e-001
1.223054e+004,-1.692304e-001
1.223439e+004,-1.147558e-001
1.223825e+004,-4.808629e-002
1.224211e+004,1.525038e-002
1.224596e+004,6.203462e-002
1.224982e+004,8.583401e-002
1.225368e+004,8.683535e-002
1.225754e+004,7.595915e-002
1.226139e+004,6.290370e-002
1.226525e+004,5.552521e-002
1.226911e+004,5.744976e-002
1.227296e+004,6.795210e-002
1.227682e+004,8.375010e-002
1.228068e+004,1.015017e-001
1.228454e+004,1.184010e-001
1.228839e+004,1.359811e-001
1.229225e+004,1.554194e-001
1.229611e+004,1.768380e-001
1.229996e+004,1.980239e-001
1.230382e+004,2.144409e-001
1.230768e+004,2.205952e-001
1.231153e+004,2.121472e-001
1.231539e+004,1.881465e-001
1.231925e+004,1.510238e-001
1.232311e+004,1.061524e-001
1.232696e+004,6.019516e-002
1.233082e+004,1.903437e-002
1.233468e+004,-1.384511e-002
1.233853e+004,-3.799192e-002
1.234239e+004,-5.554410e-002
1.234625e+004,-6.970295e-002
1.235010e+004,-8.414522e-002
1.235396e+004,-1.007601e-001
1.235782e+004,-1.192213e-001
1.236167e+004,-1.368854e-001
1.236553e+004,-1.493363e-001
1.236939e+004,-1.514718e-001
1.237325e+004,-1.389206e-001
1.237710e+004,-1.096139e-001
1.238096e+004,-6.463625e-002
1.238482e+004,-8.702459e-003
1.238867e+004,5.053031e-002
1.239253e+004,1.041271e-001
1.239639e+004,1.441438e-001
1.240025e+004,1.658019e-001
1.240410e+004,1.688300e-001
1.240796e+004,1.574566e-001
1.241182e+004,1.390103e-001
1.241567e+004,1.215803e-001
1.241953e+004,1.116526e-001
1.242339e+004,1.124531e-001
1.242724e+004,1.235360e-001
1.243110e+004,1.415838e-001
1.243496e+004,1.619356e-001
1.243881e+004,1.801326e-001
1.244267e+004,1.929138e-001
1.244653e+004,1.984232e-001
1.245039e+004,1.958590e-001
1.245424e+004,1.850104e-001
1.245810e+004,1.661035e-001
1.246196e+004,1.401010e-001
1.246581e+004,1.092479e-001
1.246967e+004,7.738126e-002
1.247353e+004,4.963251e-002
1.247738e+004,3.130116e-002
1.248124e+004,2.624960e-002
1.248510e+004,3.538754e-002
1.248896e+004,5.592047e-002
1.249281e+004,8.179020e-002
1.249667e+004,1.052904e-001
1.250053e+004,1.193457e-001
1.250438e+004,1.196982e-001
1.250824e+004,1.062159e-001
1.251210e+004,8.289917e-002
1.251596e+004,5.658857e-002
1.251981e+004,3.484628e-002
1.252367e+004,2.370780e-002
1.252753e+004,2.600187e-002
1.253138e+004,4.067993e-002
1.253524e+004,6.322379e-002
1.253910e+004,8.700432e-002
1.254295e+004,1.050020e-001
1.254681e+004,1.115155e-001
1.255067e+004,1.034563e-001
1.255452e+004,8.099044e-002
1.255838e+004,4.746614e-002
1.256224e+004,8.773230e-003
1.256610e+004,-2.821598e-002
1.256995e+004,-5.678340e-002
1.257381e+004,-7.188324e-002
1.257767e+004,-7.123978e-002
1.258152e+004,-5.583054e-002
1.258538e+004,-2.959595e-002
1.258924e+004,1.623160e-003
1.259309e+004,3.098134e-002
1.259695e+004,5.447832e-002
1.260081e+004,7.013815e-002
1.260467e+004,7.908131e-002
1.260852e+004,8.496637e-002
1.261238e+004,9.254283e-002
1.261624e+004,1.057500e-001
1.262009e+004,1.260037e-001
1.262395e+004,1.492116e-001
1.262781e+004,1.730102e-001
1.263167e+004,1.911540e-001
1.263552e+004,1.977077e-001
1.263938e+004,1.890081e-001
1.264324e+004,1.650322e-001
1.264709e+004,1.296972e-001
1.265095e+004,8.998237e-002
1.265481e+004,6.229268e-002
1.265866e+004,4.123878e-002
1.266252e+004,2.908200e-002
1.266638e+004,2.657755e-002
1.267023e+004,3.293304e-002
1.267409e+004,4.606599e-002
1.267795e+004,6.306948e-002
1.268181e+004,8.076181e-002
1.268566e+004,9.430146e-002
1.268952e+004,1.034375e-001
1.269338e+004,1.071782e-001
1.269723e+004,1.053797e-001
1.270109e+004,9.865040e-002
1.270495e+004,8.818910e-002
1.270880e+004,7.559980e-002
1.271266e+004,6.268600e-002
1.271652e+004,3.957266e-002
1.272038e+004,1.354795e-002
1.272423e+004,-1.067455e-002
1.272809e+004,-2.930355e-002
1.273195e+004,-4.041835e-002
1.273580e+004,-4.433015e-002
1.273966e+004,-4.314878e-002
1.274352e+004,-3.965589e-002
1.274738e+004,-3.691220e-002
1.275123e+004,-3.290709e-002
1.275509e+004,-2.497085e-002
1.275895e+004,-8.825231e-003
1.276280e+004,1.960826e-002
1.276666e+004,6.209755e-002
1.277052e+004,1.165577e-001
1.277437e+004,1.767818e-001
1.277823e+004,2.343980e-001
1.278209e+004,2.787647e-001
1.278594e+004,3.023352e-001
1.278980e+004,3.020780e-001
1.279366e+004,2.802418e-001
1.279752e+004,2.434823e-001
1.280137e+004,2.007312e-001
1.280523e+004,1.605966e-001
1.280909e+004,1.290197e-001
1.281294e+004,1.087101e-001
1.281680e+004,9.869525e-002
1.282066e+004,9.565750e-002
1.282451e+004,9.555901e-002
1.282837e+004,9.512050e-002
1.283223e+004,9.272290e-002
1.283609e+004,8.857014e-002
1.283994e+004,8.421150e-002
1.284380e+004,8.183413e-002
1.284766e+004,8.328065e-002
1.285151e+004,8.940911e-002
1.285537e+004,9.974487e-002
1.285923e+004,1.125226e-001
1.286308e+004,1.250964e-001
1.286694e+004,1.346530e-001
1.287080e+004,1.390932e-001
1.287466e+004,1.377711e-001
1.287851e+004,1.320835e-001
1.288237e+004,1.253658e-001
1.288623e+004,1.221474e-001
1.289008e+004,1.268224e-001
1.289394e+004,1.420656e-001
1.289780e+004,1.674889e-001
1.290165e+004,1.991303e-001
1.290551e+004,2.297715e-001
1.290937e+004,2.508793e-001
1.291323e+004,2.550547e-001
1.291708e+004,2.385648e-001
1.292094e+004,2.030208e-001
1.292480e+004,1.555030e-001
1.292865e+004,1.068832e-001
1.293251e+004,6.844012e-002
1.293637e+004,4.938513e-002
1.294022e+004,5.256184e-002
1.294408e+004,7.377625e-002
1.294794e+004,1.030776e-001
1.295180e+004,1.280893e-001
1.295565e+004,1.382870e-001
1.295951e+004,1.286999e-001
1.296337e+004,1.015029e-001
1.296722e+004,6.568354e-002
1.297108e+004,3.372487e-002
1.297494e+004,1.700176e-002
1.297879e+004,2.183487e-002
1.298265e+004,4.755721e-002
1.298651e+004,8.720087e-002
1.299037e+004,1.303369e-001
1.299422e+004,1.683866e-001
1.299808e+004,1.918654e-001
1.300194e+004,1.983054e-001
1.300579e+004,1.896374e-001
1.300965e+004,1.700550e-001
1.301351e+004,1.436878e-001
1.301736e+004,1.132030e-001
1.302122e+004,7.976550e-002
1.302508e+004,4.033584e-002
1.302894e+004,-4.634932e-004
1.303279e+004,-3.962371e-002
1.303665e+004,-7.359949e-002
1.304051e+004,-9.951991e-002
1.304436e+004,-1.161204e-001
1.304822e+004,-1.237361e-001
1.305208e+004,-1.234018e-001
1.305593e+004,-1.150897e-001
1.305979e+004,-9.809314e-002
1.306365e+004,-7.240388e-002
1.306751e+004,-3.951968e-002
1.307136e+004,-3.460346e-003
1.307522e+004,2.974026e-002
1.307908e+004,5.417955e-002
1.308293e+004,6.679811e-002
1.308679e+004,6.885171e-002
1.309065e+004,6.638816e-002
1.309450e+004,6.496341e-002
1.309836e+004,6.794679e-002
1.310222e+004,7.448395e-002
1.310608e+004,7.970347e-002
1.310993e+004,7.722990e-002
1.311379e+004,6.278903e-002
1.311765e+004,3.929894e-002
1.312150e+004,1.039850e-002
1.312536e+004,-1.562088e-002
1.312922e+004,-3.040351e-002
1.313307e+004,-2.860690e-002
1.313693e+004,-9.712206e-003
1.314079e+004,2.209647e-002
1.314465e+004,5.974597e-002
1.314850e+004,9.477762e-002
1.315236e+004,1.230345e-001
1.315622e+004,1.422154e-001
1.316007e+004,1.526983e-001
1.316393e+004,1.566442e-001
1.316779e+004,1.568807e-001
1.317164e+004,1.560060e-001
1.317550e+004,1.558687e-001
1.317936e+004,1.572999e-001
1.318322e+004,1.604191e-001
1.318707e+004,1.645942e-001
1.319093e+004,1.688941e-001
1.319479e+004,1.726028e-001
1.319864e+004,1.757560e-001
1.320250e+004,1.793983e-001
1.320636e+004,1.852857e-001
1.321021e+004,1.949328e-001
1.321407e+004,2.084951e-001
1.321793e+004,2.237037e-001
1.322179e+004,2.358582e-001
1.322564e+004,2.389939e-001
1.322950e+004,2.280037e-001
1.323336e+004,2.008995e-001
1.323721e+004,1.601875e-001
1.324107e+004,1.125861e-001
1.324493e+004,6.728873e-002
1.324878e+004,3.300485e-002
1.325264e+004,1.537027e-002
1.325650e+004,1.559112e-002
1.326036e+004,3.077845e-002
1.326421e+004,5.555340e-002
1.326807e+004,8.400253e-002
1.327193e+004,1.109808e-001
1.327578e+004,1.322576e-001
1.327964e+004,1.439847e-001
1.328350e+004,1.420926e-001
1.328735e+004,1.225535e-001
1.329121e+004,8.280580e-002
1.329507e+004,2.374933e-002
1.329892e+004,-4.877285e-002
1.330278e+004,-1.241820e-001
1.330664e+004,-1.892918e-001
1.331050e+004,-2.321280e-001
1.331435e+004,-2.456504e-001
1.331821e+004,-2.299139e-001
1.332207e+004,-1.916467e-001
1.332592e+004,-1.413711e-001
1.332978e+004,-8.934084e-002
1.333364e+004,-4.212558e-002
1.333750e+004,-9.762235e-004
1.334135e+004,3.689091e-002
1.334521e+004,7.548449e-002
1.334907e+004,1.168959e-001
1.335292e+004,1.594220e-001
1.335678e+004,1.978018e-001
1.336064e+004,2.253024e-001
1.336449e+004,2.365674e-001
1.336835e+004,2.300671e-001
1.337221e+004,2.085547e-001
1.337607e+004,1.781030e-001
1.337992e+004,1.459485e-001
1.338378e+004,1.182330e-001
1.338764e+004,9.856763e-002
1.339149e+004,8.779515e-002
1.339535e+004,8.472045e-002
1.339921e+004,8.738758e-002
1.340306e+004,9.399981e-002
1.340692e+004,1.033922e-001
1.341078e+004,1.149782e-001
1.341463e+004,1.284204e-001
1.341849e+004,1.433206e-001
1.342235e+004,1.590548e-001
1.342621e+004,1.748457e-001
1.343006e+004,1.894650e-001
1.343392e+004,2.016008e-001
1.343778e+004,2.098215e-001
1.344163e+004,2.127777e-001
1.344549e+004,2.095245e-001
1.344935e+004,1.998591e-001
1.345321e+004,1.844689e-001
1.345706e+004,1.644578e-001
1.346092e+004,1.416706e-001
1.346478e+004,1.175626e-001
1.346863e+004,9.309085e-002
1.347249e+004,6.896012e-002
1.347635e+004,4.623886e-002
1.348020e+004,2.693855e-002
1.348406e+004,1.402883e-002
1.348792e+004,1.049967e-002
1.349178e+004,1.879211e-002
1.349563e+004,3.765036e-002
1.349949e+004,6.214335e-002
1.350335e+004,8.456820e-002
1.350720e+004,9.678368e-002
1.351106e+004,9.312943e-002
1.351492e+004,7.266083e-002
1.351877e+004,3.869089e-002
1.352263e+004,2.136249e-004
1.352649e+004,-3.308668e-002
1.353034e+004,-5.416997e-002
1.353420e+004,-6.066060e-002
1.353806e+004,-5.466218e-002
1.354192e+004,-4.078928e-002
1.354577e+004,-2.370449e-002
1.354963e+004,-5.277664e-003
1.355349e+004,1.077203e-002
1.355734e+004,2.244517e-002
1.356120e+004,2.665062e-002
1.356506e+004,1.911542e-002
1.356892e+004,-3.929207e-003
1.357277e+004,-4.307564e-002
1.357663e+004,-9.372187e-002
1.358049e+004,-1.453769e-001
1.358434e+004,-1.871919e-001
1.358820e+004,-2.088149e-001
1.359206e+004,-2.047489e-001
1.359591e+004,-1.759562e-001
1.359977e+004,-1.289853e-001
1.360363e+004,-7.320705e-002
1.360749e+004,-1.757965e-002
1.361134e+004,2.741231e-002
1.361520e+004,6.425136e-002
1.361906e+004,9.314322e-002
1.362291e+004,1.153117e-001
1.362677e+004,1.319923e-001
1.363063e+004,1.439647e-001
1.363448e+004,1.515042e-001
1.363834e+004,1.544763e-001
1.364220e+004,1.531605e-001
1.364605e+004,1.467955e-001
1.364991e+004,1.342944e-001
1.365377e+004,1.149857e-001
1.365763e+004,8.953082e-002
1.366148e+004,6.075171e-002
1.366534e+004,3.378601e-002
1.366920e+004,1.521979e-002
1.367305e+004,1.182100e-002
1.367691e+004,2.610191e-002
1.368077e+004,5.752147e-002
1.368463e+004,1.010726e-001
1.368848e+004,1.483313e-001
1.369234e+004,1.896752e-001
1.369620e+004,2.168795e-001
1.370005e+004,2.251930e-001
1.370391e+004,2.146974e-001
1.370777e+004,1.886485e-001
1.371162e+004,1.529060e-001
1.371548e+004,1.140044e-001
1.371934e+004,7.767735e-002
1.372320e+004,4.800695e-002
1.372705e+004,2.719278e-002
1.373091e+004,1.576264e-002
1.373477e+004,1.303026e-002
1.373862e+004,1.709126e-002
1.374248e+004,2.568918e-002
1.374634e+004,3.640198e-002
1.375019e+004,4.712516e-002
1.375405e+004,5.657563e-002
1.375791e+004,6.464112e-002
1.376176e+004,7.239455e-002
1.376562e+004,8.162865e-002
1.376948e+004,9.426413e-002
1.377334e+004,1.113528e-001
1.377719e+004,1.324674e-001
1.378105e+004,1.554772e-001
1.378491e+004,1.768499e-001
1.378876e+004,1.923958e-001
1.379262e+004,1.982523e-001
1.379648e+004,1.919278e-001
1.380033e+004,1.728597e-001
1.380419e+004,1.428303e-001
1.380805e+004,1.058223e-001
1.381191e+004,6.742658e-002
1.381576e+004,3.387897e-002
1.381962e+004,1.088616e-002
1.382348e+004,2.483566e-003
1.382733e+004,1.012438e-002
1.383119e+004,3.251456e-002
1.383505e+004,6.594535e-002
1.383891e+004,1.051990e-001
1.384276e+004,1.447858e-001
1.384662e+004,1.801311e-001
1.385048e+004,2.083557e-001
1.385433e+004,2.284542e-001
1.385819e+004,2.408141e-001
1.386205e+004,2.467596e-001
1.386590e+004,2.475139e-001
1.386976e+004,2.439275e-001
1.387362e+004,2.365685e-001
1.387747e+004,2.262108e-001
1.388133e+004,2.144393e-001
1.388519e+004,2.040217e-001
1.388905e+004,1.987315e-001
1.389290e+004,2.026034e-001
1.389676e+004,2.186600e-001
1.390062e+004,2.475773e-001
1.390447e+004,2.867222e-001
1.390833e+004,3.299943e-001
1.391219e+004,3.686749e-001
1.391604e+004,3.931888e-001
1.391990e+004,3.953689e-001
1.392376e+004,3.706116e-001
1.392762e+004,3.192774e-001
1.393147e+004,2.469440e-001
1.393533e+004,1.633825e-001
1.393919e+004,8.053288e-002
1.394304e+004,1.003403e-002
1.394690e+004,-3.904957e-002
1.395076e+004,-6.179129e-002
1.395462e+004,-5.789396e-002
1.395847e+004,-3.147628e-002
1.396233e+004,1.004426e-002
1.396619e+004,5.737916e-002
1.397004e+004,1.009225e-001
1.397390e+004,1.322584e-001
1.397776e+004,1.455339e-001
1.398161e+004,1.384657e-001
1.398547e+004,1.130058e-001
1.398933e+004,7.514253e-002
1.399318e+004,3.361233e-002
1.399704e+004,-2.202652e-003
1.400090e+004,-2.474739e-002
1.400476e+004,-3.038326e-002
1.400861e+004,-2.031788e-002
1.401247e+004,1.166193e-004
1.401633e+004,2.347813e-002
1.402018e+004,4.292716e-002
1.402404e+004,5.482198e-002
1.402790e+004,5.978709e-002
1.403175e+004,6.194587e-002
1.403561e+004,6.664691e-002
1.403947e+004,7.768636e-002
1.404333e+004,9.607025e-002
1.404718e+004,1.167648e-001
1.405104e+004,1.325506e-001
1.405490e+004,1.360471e-001
1.405875e+004,1.225598e-001
1.406261e+004,9.184567e-002
1.406647e+004,4.817136e-002
1.407032e+004,-1.182966e-003
1.407418e+004,-7.278059e-002
1.407804e+004,-1.157958e-001
1.408190e+004,-1.167566e-001
1.408575e+004,-7.806536e-002
1.408961e+004,-1.487371e-002
1.409347e+004,5.096138e-002
1.409732e+004,9.748602e-002
1.410118e+004,1.089960e-001
1.410504e+004,9.236003e-002
1.410889e+004,5.788345e-002
1.411275e+004,1.316480e-002
1.411661e+004,-3.146722e-002
1.412047e+004,-6.577481e-002
1.412432e+004,-8.262309e-002
1.412818e+004,-7.986311e-002
1.413204e+004,-6.029429e-002
1.413589e+004,-3.264705e-002
1.413975e+004,-1.552090e-003
1.414361e+004,3.021180e-002
1.414746e+004,6.121163e-002
1.415132e+004,9.096251e-002
1.415518e+004,1.192099e-001
1.415904e+004,1.453014e-001
1.416289e+004,1.679332e-001
1.416675e+004,1.857510e-001
1.417061e+004,1.967465e-001
1.417446e+004,1.992884e-001
1.417832e+004,1.922605e-001
1.418218e+004,1.752654e-001
1.418603e+004,1.488273e-001
1.418989e+004,1.146513e-001
1.419375e+004,7.581870e-002
1.419761e+004,3.716793e-002
1.420146e+004,3.306739e-003
1.420532e+004,-2.088441e-002
1.420918e+004,-3.195589e-002
1.421303e+004,-2.893243e-002
1.421689e+004,-1.374122e-002
1.422075e+004,9.220466e-003
1.422460e+004,3.428041e-002
1.422846e+004,5.602302e-002
1.423232e+004,7.078780e-002
1.423618e+004,7.734603e-002
1.424003e+004,7.687503e-002
1.424389e+004,7.226736e-002
1.424775e+004,6.708682e-002
1.425160e+004,6.455968e-002
1.425546e+004,6.682722e-002
1.425932e+004,7.450149e-002
1.426317e+004,8.684276e-002
1.426703e+004,1.018666e-001
1.427089e+004,1.169029e-001
1.427475e+004,1.293092e-001
1.427860e+004,1.373049e-001
1.428246e+004,1.406927e-001
1.428632e+004,1.411868e-001
1.429017e+004,1.420232e-001
1.429403e+004,1.470688e-001
1.429789e+004,1.592179e-001
1.430174e+004,1.790641e-001
1.430560e+004,2.042017e-001
1.430946e+004,2.295991e-001
1.431332e+004,2.490375e-001
1.431717e+004,2.571393e-001
1.432103e+004,2.512529e-001
1.432489e+004,2.323801e-001
1.432874e+004,2.048227e-001
1.433260e+004,1.748367e-001
1.433646e+004,1.487368e-001
1.434031e+004,1.312439e-001
1.434417e+004,1.246296e-001
1.434803e+004,1.288120e-001
1.435189e+004,1.420232e-001
1.435574e+004,1.619849e-001
1.435960e+004,1.862997e-001
1.436346e+004,2.125724e-001
1.436731e+004,2.381681e-001
1.437117e+004,2.600559e-001
1.437503e+004,2.750672e-001
1.437888e+004,2.806552e-001
1.438274e+004,2.758376e-001
1.438660e+004,2.621069e-001
1.439046e+004,2.432127e-001
1.439431e+004,2.243786e-001
1.439817e+004,2.107738e-001
1.440203e+004,2.058664e-001
1.440588e+004,2.102955e-001
1.440974e+004,2.216824e-001
1.441360e+004,2.354472e-001
1.441745e+004,2.463506e-001
1.442131e+004,2.500977e-001
1.442517e+004,2.445703e-001
1.442903e+004,2.302831e-001
1.443288e+004,2.100314e-001
1.443674e+004,1.879506e-001
1.444060e+004,1.683317e-001
1.444445e+004,1.545229e-001
1.444831e+004,1.482772e-001
1.445217e+004,1.493741e-001
1.445602e+004,1.557880e-001
1.445988e+004,1.642000e-001
1.446374e+004,1.707551e-001
1.446760e+004,1.719315e-001
1.447145e+004,1.653469e-001
1.447531e+004,1.502302e-001
1.447917e+004,1.279120e-001
1.448302e+004,1.013094e-001
1.448688e+004,7.437693e-002
1.449074e+004,5.125165e-002
1.449459e+004,3.537930e-002
1.449845e+004,2.881942e-002
1.450231e+004,3.184360e-002
1.450617e+004,4.298177e-002
1.451002e+004,5.894563e-002
1.451388e+004,7.531039e-002
1.451774e+004,8.720874e-002
1.452159e+004,9.017133e-002
1.452545e+004,8.099212e-002
1.452931e+004,5.844982e-002
1.453316e+004,2.370272e-002
1.453702e+004,-2.016734e-002
1.454088e+004,-6.759888e-002
1.454474e+004,-1.124388e-001
1.454859e+004,-1.488550e-001
1.455245e+004,-1.722988e-001
1.455631e+004,-1.801010e-001
1.456016e+004,-1.716626e-001
1.456402e+004,-1.483472e-001
1.456788e+004,-1.122768e-001
1.457173e+004,-6.862502e-002
1.457559e+004,-2.316329e-002
1.457945e+004,1.795238e-002
1.458331e+004,4.919830e-002
1.458716e+004,6.692161e-002
1.459102e+004,7.043060e-002
1.459488e+004,6.244199e-002
1.459873e+004,4.898227e-002
1.460259e+004,3.618729e-002
1.460645e+004,2.976320e-002
1.461030e+004,3.211414e-002
1.461416e+004,4.143017e-002
1.461802e+004,5.248810e-002
1.462188e+004,5.893754e-002
1.462573e+004,5.614315e-002
1.462959e+004,4.325987e-002
1.463345e+004,2.384227e-002
1.463730e+004,4.508860e-003
1.464116e+004,-8.016230e-003
1.464502e+004,-9.777501e-003
1.464887e+004,-1.153580e-003
1.465273e+004,1.357298e-002
1.465659e+004,2.840012e-002
1.466045e+004,3.844303e-002
1.466430e+004,4.212281e-002
1.466816e+004,4.146351e-002
1.467202e+004,4.076982e-002
1.467587e+004,4.423246e-002
1.467973e+004,5.371633e-002
1.468359e+004,6.778973e-002
1.468744e+004,8.239372e-002
1.469130e+004,9.286918e-002
1.469516e+004,9.590153e-002
1.469902e+004,9.063359e-002
1.470287e+004,7.859351e-002
1.470673e+004,6.246880e-002
1.471059e+004,4.449124e-002
1.471444e+004,2.531254e-002
1.471830e+004,3.956781e-003
1.472216e+004,-2.031462e-002
1.472601e+004,-4.900875e-002
1.472987e+004,-8.084420e-002
1.473373e+004,-1.122440e-001
1.473758e+004,-1.381335e-001
1.474144e+004,-1.534429e-001
1.474530e+004,-1.546744e-001
1.474916e+004,-1.408917e-001
1.475301e+004,-1.140988e-001
1.475687e+004,-7.785642e-002
1.476073e+004,-3.653038e-002
1.476458e+004,5.581616e-003
1.476844e+004,4.472566e-002
1.477230e+004,7.774997e-002
1.477616e+004,1.019935e-001
1.478001e+004,1.153276e-001
1.478387e+004,1.166852e-001
1.478773e+004,1.063287e-001
1.479158e+004,8.643026e-002
1.479544e+004,6.119530e-002
1.479930e+004,3.627799e-002
1.480315e+004,1.761300e-002
1.480701e+004,1.000772e-002
1.481087e+004,1.598782e-002
1.481472e+004,3.502258e-002
1.481858e+004,6.447725e-002
1.482244e+004,1.001468e-001
1.482630e+004,1.373847e-001
1.483015e+004,1.719541e-001
1.483401e+004,2.003995e-001
1.483787e+004,2.199582e-001
1.484172e+004,2.282904e-001
1.484558e+004,2.233225e-001
1.484944e+004,2.038931e-001
1.485329e+004,1.698585e-001
1.485715e+004,1.230919e-001
1.486101e+004,6.791195e-002
1.486487e+004,1.084360e-002
1.486872e+004,-4.038689e-002
1.487258e+004,-7.838526e-002
1.487644e+004,-9.777481e-002
1.488029e+004,-9.623615e-002
1.488415e+004,-7.461400e-002
1.488801e+004,-3.649772e-002
1.489187e+004,1.283256e-002
1.489572e+004,6.756103e-002
1.489958e+004,1.221885e-001
1.490344e+004,1.719247e-001
1.490729e+004,2.125473e-001
1.491115e+004,2.410851e-001
1.491501e+004,2.550892e-001
1.491886e+004,2.534523e-001
1.492272e+004,2.370429e-001
1.492658e+004,2.091281e-001
1.493043e+004,1.751998e-001
1.493429e+004,1.420395e-001
1.493815e+004,1.163588e-001
1.494201e+004,1.024271e-001
1.494586e+004,1.016336e-001
1.494972e+004,1.119324e-001
1.495358e+004,1.285817e-001
1.495743e+004,1.456687e-001
1.496129e+004,1.578669e-001
1.496515e+004,1.618211e-001
1.496900e+004,1.567531e-001
1.497286e+004,1.441332e-001
1.497672e+004,1.267692e-001
1.498058e+004,1.077793e-001
1.498443e+004,8.980194e-002
1.498829e+004,7.465557e-002
1.499215e+004,6.338891e-002
1.499600e+004,5.648831e-002
1.499986e+004,5.395187e-002
